ID,prob,log2(prob/prior),related_words
GSE37686,0.05331991930532013,3.4781775393515257,"epithelium,pigment,retinal,rpe"
GSE102875,0.048771248546023445,3.349533848206694,"epithelium,pigment,retinal,rpe"
GSE84930,0.04437099590063219,3.213119876910745,"eye,retinal"
GSE78740,0.026615797704873025,2.475785748382376,"pigment,retinal,rpe"
GSE103826,0.02447159673270939,2.3546111803481753,"agerelated,degeneration,macular,retinal"
GSE36695,0.024415777278953856,2.3513166493678486,"epithelium,pigment,retinal,rpe"
GSE90889,0.023049678443774688,2.2682495666784503,"amd,degeneration,hipscrpe,macular,rpe"
GSE91087,0.022811915436854117,2.253290532105317,"amd,ipscrpe,rpe"
GSE67898,0.02041338007613978,2.0930180279271697,"agerelated,amd,degeneration,macular,retinal,rpe"
GSE88848,0.019354961573358198,2.016206385664587,"pigment,retinal,rpe"
GSE40524,0.016090517795349188,1.749713695263895,"retinal,splicing"
GSE87167,0.010898122948840966,1.1875826144098174,"pigment,retinal,rpe"
GSE104827,0.010834211574491794,1.1790971119853464,retinal
GSE87042,0.0101911459013307,1.0908192208187975,retinal
GSE84639,0.009858217818170813,1.0429017052511473,retinal
GSE43126,0.008388353180745548,0.8099624529381122,retinal
GSE94437,0.007900857712634,0.7235841273660633,"eye,retinal"
GSE67645,0.007279639506792208,0.6054418562712891,"degeneration,retinal,retinalike"
GSE59599,0.006215311972553373,0.37740165542378434,rp
GSE89413,0.005949798672299484,0.3144156991353042,retinal
GSE94019,0.005887863371674333,0.29931904135195553,"membranes,retinal"
GSE85541,0.005259076664978656,0.13638437549397991,retinal
GSE70390,0.005217462634241917,0.12492321073166476,"amd,splicing"
GSE73362,0.005115497634086587,0.09644943916018182,amd
GSE52431,0.0050099894329303845,0.066382407910136,"agerelated,degeneration,fibroblasts"
GSE54409,0.004959227999449642,0.05169040189175151,degeneration
GSE97744,0.004956139365833046,0.05079160381766076,microglia
GSE85839,0.004926617711155288,0.04217237516424822,microglia
GSE96800,0.00492199660001033,0.040818508638287974,rpc4
GSE47997,0.00488204995632245,0.029061905210930175,splicing
GSE30290,0.004878208790679476,0.027926355210853716,splicing
GSE100268,0.004873750790468509,0.026607331030915407,degeneration
GSE108094,0.004872830185811093,0.026334794070302377,degeneration
GSE66719,0.0048715305296788474,0.025949954567185695,"degron,splicing"
GSE79666,0.0048587015131288,0.02214565284045065,splicing
GSE19373,0.004857761082770009,0.021866383671084604,splicing
GSE62483,0.00484681924669565,0.018613128239952717,retinitis
GSE86846,0.0048424677838332176,0.017317298258959394,splicing
GSE67785,0.004841118807235486,0.01691534763000438,degps
GSE83484,0.004836749849219838,0.015612772710886156,"degeneration,fibroblasts"
GSE96917,0.004831482343171187,0.014040736488556574,splicing
GSE83923,0.004824531986498337,0.011963845031334021,splicing
GSE79884,0.004816919051903864,0.009685527125681255,splicing
GSE44976,0.004811255832355166,0.007988362336130745,splicing
GSE52834,0.004807605091720499,0.006893241883994149,splicing
GSE57325,0.004805266275245641,0.0061912250010885935,splicing
GSE42485,0.004804900108757464,0.006081285889572531,splicing
GSE90519,0.004803766576230937,0.005740896985283213,splicing
GSE43603,0.004803617655065667,0.0056961714238894364,splicing
GSE52202,0.004803252602437252,0.0055865291360652,degeneration
GSE58594,0.004801912313661288,0.00518390658874145,splicing
GSE80338,0.004801110710641138,0.004943051453500914,microglia
GSE46486,0.004800491315594439,0.004756916231270038,agerelated
GSE72419,0.0047872971811554746,0.0007862144690522159,splicing
GSE73929,0.004786688405964292,0.0006027429268136858,"fibroblasts,rpc4"
GSE79157,0.00478501857821914,9.937352039766513e-05,splicing
GSE34491,0.004771592620597502,-0.003954275795296488,splicing
GSE89189,0.004771094448231984,-0.004104906492229212,microglia
GSE52745,0.004769584652463872,-0.00456151442602566,splicing
GSE36710,0.004769339278714058,-0.004635736527942688,splicing
GSE80136,0.004768955227970317,-0.004751914132514561,splicing
GSE63091,0.0047679771185673726,-0.005047840230917697,splicing
GSE73060,0.004765788670406037,-0.005710173129572995,"epithelium,eye,splicing"
GSE53327,0.004765488767278865,-0.005800962377350108,splicing
GSE97862,0.0047654112060981045,-0.00582444329335245,tem
GSE33013,0.004762731935908973,-0.006635801783528676,splicing
GSE106847,0.00476213898009698,-0.006815427191175056,rp22
GSE35871,0.0047617337363709275,-0.006938201430538788,splicing
GSE92939,0.004760720758357542,-0.007245142957591999,splicing
GSE97861,0.004758572069025988,-0.007896431567345123,tem
GSE94730,0.004757115324417087,-0.008338152307555545,splicing
GSE63816,0.004756469888805234,-0.008533907480183291,splicing
GSE58871,0.0047559538969634925,-0.008690422557458211,splicing
GSE75489,0.004754662761290479,-0.009082135337175262,splicing
GSE100530,0.004751934647802222,-0.009910157338983908,splicing
GSE107542,0.004751255430946932,-0.01011638341304188,splicing
GSE95352,0.0047498589473007466,-0.010540481043137687,splicing
GSE85908,0.004749651710701171,-0.0106034272780142,splicing
GSE95778,0.004747100476575599,-0.011378566575548829,splicing
GSE26463,0.004746710581118414,-0.011497064877114705,splicing
GSE70101,0.0047465546846988905,-0.011544448150427279,briggs
GSE73471,0.004744570689513091,-0.01214760108425497,splicing
GSE55215,0.004742188298225596,-0.012872203484847484,splicing
GSE62540,0.0047418257293113985,-0.012982510444164324,"fibroblasts,splicing"
GSE71569,0.004741541322833486,-0.013069043384025947,splicing
GSE16642,0.004740164208648438,-0.013488114786924917,splicing
GSE52463,0.004739665945047271,-0.013639772024547473,splicing
GSE89140,0.004739176458758084,-0.013788773223752479,splicing
GSE80372,0.004737811531627052,-0.01420434273143322,splicing
GSE55008,0.004736365282634218,-0.014644802373883183,splicing
GSE63375,0.004735052657025817,-0.015044683042221044,splicing
GSE101872,0.004732609993135318,-0.015789115810854223,splicing
GSE97262,0.004732282496051749,-0.01588895390602518,"eye,splicing"
GSE97317,0.00473227780752496,-0.0158903832623039,splicing
GSE80409,0.0047309154427172505,-0.01630577728704136,splicing
GSE108140,0.004729934719758709,-0.01660488024915204,splicing
GSE81460,0.004728614593860092,-0.017007592977394386,splicing
GSE54308,0.004726895011713391,-0.017532330990739458,splicing
GSE83712,0.004725010329191426,-0.018107669415333448,splicing
GSE30573,0.0047233397975272,-0.018617825736895875,splicing
GSE72055,0.004720795350961776,-0.019395209896026805,splicing
GSE70959,0.004720370444858838,-0.019525068843793042,splicing
GSE74085,0.004720246691635426,-0.019562892252822244,splicing
GSE48263,0.004719944813797329,-0.019655161071706825,splicing
GSE71299,0.00471742634271924,-0.02042516063217179,splicing
GSE93870,0.004716865174792028,-0.02059678860977834,microglia
GSE85854,0.0047142420624710244,-0.021399313942082443,splicing
GSE65644,0.004713884533961071,-0.021508732203124468,splicing
GSE68228,0.004713686522217104,-0.021569335418820248,splicing
GSE67770,0.004713303492105003,-0.021686572340192525,splicing
GSE75487,0.00471072293486813,-0.022476671402470658,splicing
GSE71560,0.004709393393512988,-0.02288391111493084,splicing
GSE95743,0.004708464284613608,-0.02316856625662906,splicing
GSE74850,0.004708446587807922,-0.023173988649205265,splicing
GSE90463,0.004706990724758801,-0.023620142417361358,agerelated
GSE81513,0.00470567856080117,-0.024022377402855774,splicing
GSE59376,0.004704457591868954,-0.024396757922944868,splicing
GSE34993,0.004703773697343483,-0.02460650005444549,splicing
GSE51518,0.004703355157753202,-0.024734876097978663,"agerelated,fibroblasts"
GSE70503,0.0047030652294023,-0.024823810714331332,splicing
GSE94528,0.004702771324528746,-0.02491397071259995,splicing
GSE94999,0.004701942130271528,-0.02516836962686169,splicing
GSE97323,0.004700834526143265,-0.025508255396542875,splicing
GSE94153,0.004700756594224296,-0.025532173048690657,splicing
GSE19323,0.004699807761913728,-0.025823405707046346,splicing
GSE75491,0.004699685770706448,-0.02586085370553135,splicing
GSE34995,0.004698822566374607,-0.02612586184675069,splicing
GSE63086,0.004694757850392715,-0.027374405148776447,splicing
GSE84285,0.004694600401513931,-0.027422789864865182,splicing
GSE72156,0.004693710627992529,-0.02769625158692575,splicing
GSE80043,0.004693020437399743,-0.02790840948094408,splicing
GSE93594,0.004692905146945653,-0.027943851689576638,splicing
GSE80045,0.004692310469287051,-0.028126679350703135,splicing
GSE70830,0.004692124649797535,-0.028183812433868652,splicing
GSE64590,0.004691874638871098,-0.028260685739743663,splicing
GSE90489,0.004688707152676822,-0.029234978571422526,eye
GSE51261,0.00468838593136418,-0.02933382037469878,splicing
GSE66741,0.004688218765779417,-0.02938526094790385,splicing
GSE31528,0.004686167976534205,-0.030016483789995652,splicing
GSE76389,0.004686032218064559,-0.03005827932719364,eye
GSE31486,0.004685485797880876,-0.030226516252907173,splicing
GSE61603,0.004685340596878828,-0.030271225386718316,splicing
GSE73893,0.004684553934521615,-0.030513472272309022,splicing
GSE76476,0.004682034981074709,-0.031289439226007375,splicing
GSE47488,0.004680946199857313,-0.031624968955198764,splicing
GSE63569,0.0046809186873878385,-0.03163344848438476,splicing
GSE74978,0.0046807414716165925,-0.03168806877822833,splicing
GSE89404,0.00468026574176951,-0.03183470536895739,tem
GSE106542,0.004679446239454906,-0.03208733962323124,tem
GSE71012,0.004679353684382983,-0.032115875064604615,splicing
GSE106540,0.004678942166860897,-0.03224275591944671,tem
GSE30995,0.0046780342411673875,-0.03252273095465331,splicing
GSE47095,0.004677769404922611,-0.03260440815771184,splicing
GSE86857,0.00467768103646003,-0.03263166258945509,splicing
GSE79782,0.0046770178894498665,-0.03283620554954882,membranes
GSE53635,0.0046761792755031645,-0.033094911565049547,splicing
GSE56826,0.004674377609390563,-0.03365086878345958,splicing
GSE50630,0.004672863651504673,-0.03411821085631783,splicing
GSE61071,0.004671682590577848,-0.03448289646160039,splicing
GSE101871,0.004670870957135137,-0.034733564448630544,splicing
GSE83611,0.004670262871796619,-0.03492139640128711,fibroblasts
GSE95245,0.0046699401040332595,-0.03502110632257004,fibroblasts
GSE90772,0.004669932677364285,-0.03502340066185068,fibroblasts
GSE35296,0.004668747267699651,-0.03538965899040145,splicing
GSE97395,0.004666622016567031,-0.03604653484164617,splicing
GSE106688,0.00466644943551659,-0.03609988958706501,splicing
GSE102864,0.004666215434642125,-0.03617223589027466,"fibroblasts,splicing"
GSE84013,0.004665597852482786,-0.03636319185831786,fibroblasts
GSE90068,0.0046655657285976275,-0.0363731252325235,fibroblasts
GSE19480,0.004665179953332648,-0.03649242032017729,splicing
GSE83314,0.0046649867740494585,-0.036552161759326844,fibroblasts
GSE81485,0.004664863134003422,-0.036590399219316144,splicing
GSE22260,0.00466465165618754,-0.03665580412045955,splicing
GSE53391,0.004664427235589106,-0.03672521514983371,splicing
GSE38100,0.004664383584140576,-0.036738716490902545,splicing
GSE59335,0.0046641996417881755,-0.03679561102959639,splicing
GSE85510,0.004664036500573404,-0.036846073521743274,splicing
GSE66622,0.004663810062301594,-0.03691611784969625,apportions
GSE67812,0.004663252340638457,-0.03708865283312438,splicing
GSE67945,0.004663071880567628,-0.03714448379999218,fibroblasts
GSE73719,0.004663062810499142,-0.03714728996637496,fibroblasts
GSE84722,0.004663042894541387,-0.03715345173515509,splicing
GSE57243,0.004662736871701268,-0.03724813499919596,splicing
GSE48889,0.0046626383322102135,-0.037278624375113464,splicing
GSE96634,0.004662536012952955,-0.037310283940838844,splicing
GSE53439,0.004662409643501374,-0.037349386062790715,agerelated
GSE77913,0.004662143227240404,-0.03743182592322069,splicing
GSE61600,0.004661510162857882,-0.037627740294640916,fibroblasts
GSE62920,0.0046614542976936985,-0.03764503015896872,splicing
GSE87563,0.004659597204987332,-0.03821990488691662,fibroblasts
GSE57723,0.004659585054056464,-0.03822366703840552,fibroblasts
GSE105064,0.004659562490485153,-0.03823065316074753,splicing
GSE38541,0.004659554610481528,-0.038233092971736014,splicing
GSE76947,0.004659266512149958,-0.03832229696629859,splicing
GSE54733,0.004658933544915556,-0.038425400607584044,fibroblasts
GSE37703,0.004658328082656285,-0.03861290149250932,"fibroblasts,splicing"
GSE80463,0.0046580656909130875,-0.038694167114375906,splicing
GSE81579,0.0046580120735939985,-0.038710773553762054,agerelated
GSE103547,0.00465793223581719,-0.03873550138829061,membranes
GSE71216,0.004657765687390768,-0.038787087129020466,splicing
GSE39872,0.004657484062158842,-0.03887432028680718,splicing
GSE53419,0.004657444718571928,-0.038886507346755424,splicing
GSE77131,0.004656976216206154,-0.0390316384386505,fibroblasts
GSE57254,0.004656457865252369,-0.03919222847336732,splicing
GSE82070,0.004656268144587532,-0.0392510102010941,splicing
GSE66553,0.0046561950319097085,-0.039273663562664596,splicing
GSE78213,0.004656179853608874,-0.03927836647886197,degron
GSE86791,0.004655142338017442,-0.039599871539903596,"fibroblasts,splicing"
GSE48678,0.004655118871037894,-0.03960714431007794,"fibroblasts,splicing"
GSE84712,0.004655107199710121,-0.039610761443877145,splicing
GSE42701,0.004654771117523741,-0.03971492265572341,"fibroblasts,splicing"
GSE56961,0.004654608196260972,-0.039765419190444684,splicing
GSE84320,0.0046543236073325455,-0.03985363017845572,degron
GSE29943,0.004654151209821226,-0.03990706901554898,splicing
GSE34914,0.004653524075212117,-0.04010148146853936,splicing
GSE97527,0.004653495557135164,-0.0401103227281093,degron
GSE20301,0.004653083729555033,-0.04023800478821784,splicing
GSE108495,0.004652926778068589,-0.04028666863423207,membranes
GSE80016,0.004652627549891993,-0.0403794508568493,splicing
GSE45176,0.004652338972995697,-0.040468936070216094,fibroblasts
GSE68800,0.004651597684412214,-0.04069882872853947,splicing
GSE89124,0.004651336881346849,-0.04077971918014692,fibroblasts
GSE31653,0.004651083213668313,-0.04085840087764263,splicing
GSE42608,0.004651042757097142,-0.04087094994326139,splicing
GSE46323,0.004650945525863137,-0.04090111016597008,splicing
GSE29040,0.004650702851020565,-0.040976388391467514,"fibroblasts,splicing"
GSE29038,0.004650467819706559,-0.04104929932348812,"fibroblasts,splicing"
GSE78705,0.004650281273153666,-0.04110717203548192,splicing
GSE58379,0.00465004741916734,-0.04117972430704091,splicing
GSE33772,0.004650031424127248,-0.041184686838092184,splicing
GSE78195,0.004649872476987719,-0.04123400181003667,l9
GSE55169,0.004649588195827822,-0.04132220714455187,"fibroblasts,ros"
GSE66304,0.004649454373368292,-0.04136373077395802,splicing
GSE81978,0.004649382179764406,-0.04138613214723015,splicing
GSE104288,0.004649254837415484,-0.04142564679329211,"fibroblasts,recessive"
GSE120891,0.00464885207411563,-0.041550632367505086,fibroblasts
GSE94053,0.004648706154066475,-0.04159591697366356,fibroblasts
GSE66182,0.0046486857310172915,-0.04160225514508641,splicing
GSE81662,0.00464802987711322,-0.04180581029647638,splicing
GSE93657,0.004647275932925237,-0.04203984488677903,recessive
GSE53949,0.0046472460938733464,-0.04204910811775822,splicing
GSE65473,0.004647210287060049,-0.04206022405824089,fibroblasts
GSE80282,0.004646955723216181,-0.04213925384850379,fibroblasts
GSE103270,0.004646822221889735,-0.042180701299210255,fibroblasts
GSE59233,0.004646820079076769,-0.04218136657672795,fibroblasts
GSE52946,0.004646466565582343,-0.042291125843829484,microglia
GSE76125,0.0046462032741261495,-0.042372878297066964,fibroblasts
GSE63953,0.004646049389654723,-0.04242066183715139,splicing
GSE87626,0.004645603361640039,-0.04255916946816173,"fes,ros"
GSE94655,0.004645443577029018,-0.04260879153281684,fibroblasts
GSE77682,0.004645363168026615,-0.04263376367403062,fibroblasts
GSE89478,0.0046453444332249854,-0.04263958209100436,fro
GSE103075,0.004645296111114101,-0.042654589467386345,hipscheps
GSE74279,0.00464521061102331,-0.04268114357485789,splicing
GSE61797,0.00464488356346271,-0.042782720563238286,fibroblasts
GSE87365,0.004644580983011005,-0.04287670473533257,tem
GSE75147,0.004644522034150888,-0.042895015486758385,splicing
GSE41180,0.004644262174995398,-0.04297573595708287,splicing
GSE71536,0.004644233616465261,-0.042984607415008716,"fibroblasts,recessive,splicing"
GSE72589,0.004643950399216177,-0.04307258933271937,fibroblasts
GSE55534,0.004643829040005585,-0.04311029141908831,"fibroblasts,splicing"
GSE67250,0.00464363483415377,-0.043170626473557995,fibroblasts
GSE86867,0.004643595644238052,-0.04318280213716205,fibroblasts
GSE64553,0.004643328669408942,-0.04326574956929307,fibroblasts
GSE69319,0.00464306312632878,-0.04334825689688,fibroblasts
GSE81345,0.004643005494505325,-0.04336616439881475,splicing
GSE103837,0.004642354301588883,-0.04356852011003861,splicing
GSE77370,0.004641825904532422,-0.04373273833865443,"fibroblasts,ros"
GSE42212,0.004641389752958053,-0.04386830207800867,fibroblasts
GSE94736,0.004641001966940208,-0.043988843632831724,agerelated
GSE38770,0.004640966822600629,-0.04399976859187342,splicing
GSE108905,0.004640851841051515,-0.04403551230045452,fibroblasts
GSE61390,0.004640851549215791,-0.04403560302301572,fibroblasts
GSE56293,0.004640435109816242,-0.04416506676635987,fibroblasts
GSE97038,0.004640025422897897,-0.04429244261882186,fibroblasts
GSE86244,0.004638925977133725,-0.04463432714666088,"agerelated,fibroblasts"
GSE93813,0.0046386635252687195,-0.044715951366856875,splicing
GSE97726,0.004638597531344444,-0.044736476628936324,"eye,fibroblasts"
GSE60883,0.004638588618834853,-0.04473924859732845,fibroblasts
GSE75906,0.004638082877500252,-0.044896552974531545,fibroblasts
GSE63577,0.0046378479353946945,-0.044969634548228776,fibroblasts
GSE52194,0.004637287625667254,-0.04514394058630285,"epithelium,splicing"
GSE67196,0.004636806802705548,-0.045293535979875114,splicing
GSE92839,0.004636334269939528,-0.045440567211999024,fibroblasts
GSE83668,0.00463627769959506,-0.04545817039774524,fibroblasts
GSE97358,0.004636262476406331,-0.04546290748563456,fibroblasts
GSE94150,0.004635659379180025,-0.04565058926128899,tem
GSE40740,0.0046353068022108,-0.045760321307620734,fibroblasts
GSE71613,0.004635250352187787,-0.04577789094597218,splicing
GSE49890,0.004635064525181806,-0.04583572969332318,splicing
GSE38201,0.004634852342844925,-0.04590177438597657,splicing
GSE46516,0.004634711083992159,-0.045945744837873545,splicing
GSE36242,0.004634612542026943,-0.04597641935314089,splicing
GSE57862,0.004634527578307389,-0.04600286770439432,splicing
GSE41716,0.0046343265711702875,-0.04606544113477704,fibroblasts
GSE32726,0.0046341597952195635,-0.046117360472533814,epithelium
GSE79928,0.004634125437242986,-0.04612805675154993,hipscencps
GSE66158,0.004633811144975236,-0.046225905478119104,ros
GSE48166,0.004633511510875674,-0.04631919685163052,splicing
GSE103997,0.004633350426113491,-0.04636935324527658,splicing
GSE77926,0.004633232918737265,-0.04640594220210119,splicing
GSE97266,0.004633168468015389,-0.04642601099320001,fibroblasts
GSE50792,0.004633085593261095,-0.046451817105626195,splicing
GSE89367,0.004633035833430599,-0.0464673118865356,splicing
GSE51684,0.004632727106405107,-0.046563450531938694,fibroblasts
GSE89365,0.00463261569301675,-0.04659814661309994,splicing
GSE69092,0.004632589436767549,-0.04660632339062089,splicing
GSE81405,0.0046323619974400565,-0.046677154973985634,fibroblasts
GSE79842,0.004632176387617814,-0.04673496214343033,fibroblasts
GSE76314,0.004631889510048203,-0.046824313158788974,"hipsccm,ros"
GSE93326,0.004631884705002474,-0.04682580978758892,epithelium
GSE102033,0.004631836508797271,-0.04684082155761791,fibroblasts
GSE89368,0.004631704609901065,-0.0468819051737059,splicing
GSE80333,0.0046316313738613895,-0.04690471710051966,fibroblasts
GSE44718,0.004631619996557404,-0.046908260992266027,epithelium
GSE79120,0.004631400750815598,-0.04697655507324155,recessive
GSE73678,0.004631361107897624,-0.04698890401236806,splicing
GSE38355,0.004631281633391161,-0.04701366098066669,splicing
GSE49831,0.004631171546121293,-0.04704795478064214,splicing
GSE120890,0.004631096284892812,-0.04707140022685127,fibroblasts
GSE56010,0.0046310298135039864,-0.04709210777110241,splicing
GSE93672,0.004630932492185688,-0.04712242639660605,splicing
GSE48933,0.0046307990114643665,-0.04716401083999916,fibroblasts
GSE64882,0.004630790594491046,-0.04716663309518126,fibroblasts
GSE69352,0.004630617658075438,-0.04722051140448617,splicing
GSE38356,0.004630586359975635,-0.047230262536906355,splicing
GSE76883,0.004630469756603257,-0.04726659167798301,fibroblasts
GSE67617,0.004630381907589661,-0.047293962667361224,splicing
GSE98856,0.004630124978891813,-0.0473740165484036,splicing
GSE87692,0.004630029911854607,-0.04740363867562554,fibroblasts
GSE102628,0.004630026892394885,-0.047404579525052136,splicing
GSE96049,0.004629983340003671,-0.04741815031325809,splicing
GSE55361,0.004629917490892942,-0.047438668931595755,splicing
GSE103559,0.004629488509170112,-0.047572347010858614,splicing
GSE89774,0.00462944710739396,-0.04758524917145498,splicing
GSE55362,0.004629283751929281,-0.047636157254301544,splicing
GSE94330,0.0046292779619486754,-0.04763796167631953,splicing
GSE60052,0.004628910940163348,-0.047752347009231956,splicing
GSE83547,0.004628604485936874,-0.04784786291660141,phospholipids
GSE69164,0.004628481660554364,-0.047886147008906255,splicing
GSE54066,0.004628145564340513,-0.04799091180701613,fibroblasts
GSE71009,0.0046279936373143,-0.048038271589002826,splicing
GSE94427,0.004627770302157236,-0.04810789404820178,splicing
GSE107680,0.004627684710420714,-0.04813457729038838,fibroblasts
GSE101665,0.004627106662865765,-0.04831479666181918,fibroblasts
GSE96975,0.00462672491065975,-0.04843382887250978,fibroblasts
GSE109843,0.004626621400418726,-0.04846610556602002,ros
GSE28115,0.004626547323371369,-0.048489204807384334,splicing
GSE55949,0.0046264648890601764,-0.04851491050607548,fibroblasts
GSE77742,0.004626442638260716,-0.048521849107362305,splicing
GSE78785,0.004625973550057926,-0.04866813548504148,splicing
GSE60196,0.00462592945590156,-0.04868188712525653,splicing
GSE106118,0.004625747222995941,-0.048738721473966,fibroblasts
GSE63755,0.004625220571808452,-0.04890298473250105,fibroblasts
GSE60514,0.004625214511657482,-0.048904875011103834,splicing
GSE68180,0.0046251399886390945,-0.04892812038814497,splicing
GSE38233,0.004624954477686687,-0.04898598698228179,splicing
GSE50676,0.00462487204796531,-0.04901170010239821,splicing
GSE77250,0.004624394765995655,-0.04916059240817511,fibroblasts
GSE48918,0.004624287648833705,-0.04919401065986005,recessive
GSE62772,0.0046238699374027805,-0.04932433504170756,fibroblasts
GSE54333,0.004623784518787057,-0.04935098677569921,fibroblasts
GSE62613,0.004623768811741202,-0.049355887634629704,ros
GSE76377,0.004623631429239155,-0.049398753964464644,"epithelium,recessive"
GSE101521,0.004623610607645904,-0.04940525086574753,splicing
GSE86550,0.004623306510851387,-0.04950014063969851,membranes
GSE76326,0.004623282299855696,-0.049507695660070565,epithelium
GSE77702,0.004623237865251126,-0.04952156154313004,splicing
GSE77704,0.004623237865251126,-0.04952156154313004,splicing
GSE62909,0.004623219235152125,-0.049527375132302064,epithelium
GSE59100,0.004623159957522988,-0.04954587308481098,ros
GSE102392,0.004623150672579404,-0.04954877053063541,epithelium
GSE57049,0.0046230715959754,-0.049573447295077344,fibroblasts
GSE83381,0.004623017425436507,-0.04959035207884983,splicing
GSE94064,0.004622432694019777,-0.04977283948733604,splicing
GSE79608,0.004622165885457995,-0.049856114793612794,fibroblasts
GSE60040,0.004622011324423568,-0.049904358013715615,fibroblasts
GSE43143,0.004621915038148397,-0.04993441271693416,fibroblasts
GSE64283,0.004621800433002284,-0.049970186270649086,splicing
GSE97084,0.004621567267816966,-0.050042970621012525,agerelated
GSE58740,0.00462132761100391,-0.05011778521109949,fibroblasts
GSE107894,0.004621215686471121,-0.05015272645253494,agerelated
GSE90813,0.004621129644495037,-0.050179588104585914,fibroblasts
GSE80249,0.004620870141686292,-0.05026060594142493,epithelium
GSE78918,0.004620841076069708,-0.05026968062898401,epithelium
GSE85020,0.004620355452840288,-0.05042130736330949,ros
GSE63797,0.004619944960646039,-0.05054948827233976,fibroblasts
GSE73853,0.004619773677464992,-0.05060297678331969,fibroblasts
GSE60989,0.004619702866867389,-0.050625090178492066,epithelium
GSE77523,0.004619656098999516,-0.05063969547119772,fibroblasts
GSE59781,0.004619263771443793,-0.05076222256902378,epithelium
GSE92661,0.004619128603596816,-0.050804439001194635,epithelium
GSE54846,0.00461900964985993,-0.05084159236729546,fibroblasts
GSE65999,0.00461886496399212,-0.05088678405753123,splicing
GSE77675,0.004618775864662309,-0.050914614358287265,fibroblasts
GSE73555,0.00461875423043717,-0.05092137191988646,fibroblasts
GSE65545,0.00461852388960293,-0.050993322027921346,fibroblasts
GSE65518,0.004618478733595019,-0.05100742754490292,fibroblasts
GSE36350,0.00461845444663278,-0.051015014192829417,splicing
GSE98624,0.004618427255663048,-0.05102350802840176,fibroblasts
GSE83549,0.004618405180871931,-0.051030403723845354,fibroblasts
GSE92447,0.00461815530560648,-0.05110846174271987,fibroblasts
GSE101467,0.004617850026757858,-0.05120383290488514,recessive
GSE73986,0.004617680429214092,-0.05125681904066409,fibroblasts
GSE76421,0.0046176547271457894,-0.05126484912205321,epithelium
GSE79968,0.004617144611073565,-0.05142423362007438,fibroblasts
GSE59535,0.004616902039652619,-0.05150003063505133,ros
GSE94518,0.004616846359040661,-0.051517429883823955,epithelium
GSE89647,0.004616691049337929,-0.05156596264608936,fibroblasts
GSE59717,0.004616619455727773,-0.05158833549844309,fibroblasts
GSE59966,0.004616411488968367,-0.05165332664042302,fibroblasts
GSE65885,0.004616369713807601,-0.05166638203856265,fibroblasts
GSE96106,0.004616282028492009,-0.05169378547010054,epithelium
GSE73579,0.004616015237341949,-0.051777166292483,epithelium
GSE102073,0.004615775200614252,-0.0518521896152254,epithelium
GSE76878,0.004615515174806379,-0.05193346491442268,fibroblasts
GSE65507,0.004615394674443051,-0.05197113081723136,fibroblasts
GSE43306,0.004615115169357359,-0.05205850206930258,fibroblasts
GSE95499,0.00461506340406234,-0.05207468410387991,fibroblasts
GSE26140,0.004615016896616694,-0.052089222668878964,epithelium
GSE97929,0.0046147044496241164,-0.052186899664747925,epithelium
GSE52249,0.004614697460215477,-0.05218908476520865,fibroblasts
GSE65949,0.004614342755187322,-0.05229998062727153,ros
GSE43296,0.004614331140330643,-0.052303612069084474,fibroblasts
GSE87668,0.004614156638563058,-0.05235817200149876,fibroblasts
GSE81087,0.004614095183475995,-0.052377387114188365,fibroblasts
GSE73211,0.00461406036159546,-0.052388274957185295,fibroblasts
GSE38265,0.004614053351227521,-0.05239046691610023,fibroblasts
GSE102025,0.004614002011489737,-0.0524065196124031,fibroblasts
GSE93263,0.004613854427840721,-0.052452666450505746,fibroblasts
GSE74324,0.004613696527028401,-0.052502040920508065,fibroblasts
GSE80988,0.004613590475177278,-0.052535203534755055,fibroblasts
GSE60997,0.004613510324634944,-0.052560267266573,fibroblasts
GSE32340,0.004613355416497323,-0.052608709545507164,fibroblasts
GSE81198,0.004613323453326839,-0.0526187051480853,epithelium
GSE81791,0.0046132756114125335,-0.05263366652053276,fibroblasts
GSE85402,0.004613164969799154,-0.052668267536068715,epithelium
GSE98136,0.00461295242172217,-0.05273474014716961,fibroblasts
GSE66627,0.004612889682428632,-0.05275436191538024,epithelium
GSE99088,0.004612858843810854,-0.05276400681753871,fibroblasts
GSE102283,0.004612709587825375,-0.052810688140578696,fibroblasts
GSE63734,0.0046126933804773425,-0.052815757243947305,fibroblasts
GSE42948,0.004612358440205357,-0.052920519077049734,fibroblasts
GSE63397,0.0046123018948732546,-0.05293820594404481,epithelium
GSE93530,0.004612271900854551,-0.05294758788905353,fibroblasts
GSE68919,0.004612238571615314,-0.05295801314214572,fibroblasts
GSE63452,0.004612136741041625,-0.0529898658061363,epithelium
GSE52036,0.004612123478798221,-0.05299401429551859,ros
GSE53094,0.0046118856695314394,-0.05306840412849067,fibroblasts
GSE87040,0.004611880039288899,-0.05307016538809956,fibroblasts
GSE63738,0.004611876547127654,-0.05307125781148754,fibroblasts
GSE75364,0.004611829927615291,-0.05308584148009838,fibroblasts
GSE102860,0.004611729937201507,-0.05311712130615742,fibroblasts
GSE76490,0.004611717241280072,-0.053121092997552,fibroblasts
GSE77312,0.004611689537999795,-0.0531297595100517,epithelium
GSE70668,0.004611680521763502,-0.053132580101506614,fibroblasts
GSE62448,0.004611656493106308,-0.05314009712588023,fibroblasts
GSE109313,0.00461159342221648,-0.053159828144949565,epithelium
GSE63055,0.004611570119142919,-0.0531671183178957,fibroblasts
GSE94304,0.004611528313575706,-0.05318019693457543,epithelium
GSE93748,0.004611495208629399,-0.05319055369919861,epithelium
GSE67070,0.004611437307447523,-0.053208668056602806,epithelium
GSE93783,0.0046112576328234105,-0.053264880625898764,fibroblasts
GSE74760,0.004611102972292643,-0.05331326910046286,hipsccm
GSE69110,0.004611069234446719,-0.053323824839808034,fibroblasts
GSE46030,0.004611049714800215,-0.05332993209072616,fibroblasts
GSE83930,0.004610937998433232,-0.05336488608408499,fibroblasts
GSE31310,0.0046108073345747505,-0.05340576947304432,epithelium
GSE71709,0.004610805005402512,-0.05340649825779791,fibroblasts
GSE79988,0.004610798623959971,-0.05340849497678028,fibroblasts
GSE93526,0.0046107544981575125,-0.0534223017782029,epithelium
GSE57182,0.004610736983173491,-0.05342778218896727,fibroblasts
GSE57353,0.004610732926268816,-0.05342905159098528,fibroblasts
GSE47718,0.0046106652327422845,-0.05345023300259886,epithelium
GSE65634,0.004610661274230934,-0.05345147163669123,fibroblasts
GSE49155,0.004610619408015931,-0.053464571808532466,epithelium
GSE37521,0.004610438796108621,-0.05352108764375785,fibroblasts
GSE76240,0.004610392707843899,-0.053535509620979645,epithelium
GSE65991,0.004610374368876808,-0.05354124830555059,"epithelium,fibroblasts"
GSE53532,0.004610209197366239,-0.05359293529857164,epithelium
GSE44064,0.004610175458166345,-0.053603493508058334,fibroblasts
GSE99621,0.004610143322459029,-0.0536135499988771,fibroblasts
GSE44461,0.004610036974544751,-0.053646830824978495,fibroblasts
GSE80082,0.0046096590911278495,-0.05376509297332253,epithelium
GSE81671,0.004609602808540048,-0.05378270796488999,fibroblasts
GSE47058,0.004609572513829041,-0.053792189513468286,epithelium
GSE75035,0.004609566200572089,-0.053794165425704414,epithelium
GSE97053,0.004609307815574072,-0.053875036637248165,epithelium
GSE55458,0.004609063953984265,-0.05395136636556787,epithelium
GSE73398,0.004608693823948329,-0.05406722637848622,epithelium
GSE69036,0.0046086280887857435,-0.054087804111145284,epithelium
GSE79210,0.004608324256344362,-0.05418291962008743,epithelium
GSE79209,0.0046080660509849915,-0.05426375638571271,epithelium
GSE62520,0.004607799119913163,-0.054347329686005696,epithelium
GSE74639,0.004604340985457842,-0.05543047293104952,
GSE81043,0.004604340985457842,-0.05543047293104952,
GSE74484,0.004604340985457842,-0.05543047293104952,
GSE81046,0.004604340985457842,-0.05543047293104952,
GSE81214,0.004604340985457842,-0.05543047293104952,
GSE74620,0.004604340985457842,-0.05543047293104952,
GSE81032,0.004604340985457842,-0.05543047293104952,
GSE81236,0.004604340985457842,-0.05543047293104952,
GSE81239,0.004604340985457842,-0.05543047293104952,
GSE74658,0.004604340985457842,-0.05543047293104952,
GSE73610,0.004604340985457842,-0.05543047293104952,
GSE74461,0.004604340985457842,-0.05543047293104952,
GSE80979,0.004604340985457842,-0.05543047293104952,
GSE80963,0.004604340985457842,-0.05543047293104952,
GSE80829,0.004604340985457842,-0.05543047293104952,
GSE80819,0.004604340985457842,-0.05543047293104952,
GSE81259,0.004604340985457842,-0.05543047293104952,
GSE80802,0.004604340985457842,-0.05543047293104952,
GSE81062,0.004604340985457842,-0.05543047293104952,
GSE74550,0.004604340985457842,-0.05543047293104952,
GSE81162,0.004604340985457842,-0.05543047293104952,
GSE81157,0.004604340985457842,-0.05543047293104952,
GSE83415,0.004604340985457842,-0.05543047293104952,
GSE81148,0.004604340985457842,-0.05543047293104952,
GSE81147,0.004604340985457842,-0.05543047293104952,
GSE81144,0.004604340985457842,-0.05543047293104952,
GSE74516,0.004604340985457842,-0.05543047293104952,
GSE74508,0.004604340985457842,-0.05543047293104952,
GSE81089,0.004604340985457842,-0.05543047293104952,
GSE73632,0.004604340985457842,-0.05543047293104952,
GSE83479,0.004604340985457842,-0.05543047293104952,
GSE83403,0.004604340985457842,-0.05543047293104952,
GSE80780,0.004604340985457842,-0.05543047293104952,
GSE73663,0.004604340985457842,-0.05543047293104952,
GSE81167,0.004604340985457842,-0.05543047293104952,
GSE81194,0.004604340985457842,-0.05543047293104952,
GSE81080,0.004604340985457842,-0.05543047293104952,
GSE74557,0.004604340985457842,-0.05543047293104952,
GSE83402,0.004604340985457842,-0.05543047293104952,
GSE83480,0.004604340985457842,-0.05543047293104952,
GSE81201,0.004604340985457842,-0.05543047293104952,
GSE83482,0.004604340985457842,-0.05543047293104952,
GSE73628,0.004604340985457842,-0.05543047293104952,
GSE81076,0.004604340985457842,-0.05543047293104952,
GSE81074,0.004604340985457842,-0.05543047293104952,
GSE74493,0.004604340985457842,-0.05543047293104952,
GSE81063,0.004604340985457842,-0.05543047293104952,
GSE81084,0.004604340985457842,-0.05543047293104952,
GSE80538,0.004604340985457842,-0.05543047293104952,
GSE83559,0.004604340985457842,-0.05543047293104952,
GSE74734,0.004604340985457842,-0.05543047293104952,
GSE74737,0.004604340985457842,-0.05543047293104952,
GSE83560,0.004604340985457842,-0.05543047293104952,
GSE83577,0.004604340985457842,-0.05543047293104952,
GSE80525,0.004604340985457842,-0.05543047293104952,
GSE73573,0.004604340985457842,-0.05543047293104952,
GSE80492,0.004604340985457842,-0.05543047293104952,
GSE80467,0.004604340985457842,-0.05543047293104952,
GSE83584,0.004604340985457842,-0.05543047293104952,
GSE80450,0.004604340985457842,-0.05543047293104952,
GSE74791,0.004604340985457842,-0.05543047293104952,
GSE83592,0.004604340985457842,-0.05543047293104952,
GSE80442,0.004604340985457842,-0.05543047293104952,
GSE81252,0.004604340985457842,-0.05543047293104952,
GSE80361,0.004604340985457842,-0.05543047293104952,
GSE74896,0.004604340985457842,-0.05543047293104952,
GSE74886,0.004604340985457842,-0.05543047293104952,
GSE74881,0.004604340985457842,-0.05543047293104952,
GSE80386,0.004604340985457842,-0.05543047293104952,
GSE80388,0.004604340985457842,-0.05543047293104952,
GSE74866,0.004604340985457842,-0.05543047293104952,
GSE83601,0.004604340985457842,-0.05543047293104952,
GSE74863,0.004604340985457842,-0.05543047293104952,
GSE80389,0.004604340985457842,-0.05543047293104952,
GSE80397,0.004604340985457842,-0.05543047293104952,
GSE73570,0.004604340985457842,-0.05543047293104952,
GSE74798,0.004604340985457842,-0.05543047293104952,
GSE74792,0.004604340985457842,-0.05543047293104952,
GSE80411,0.004604340985457842,-0.05543047293104952,
GSE80434,0.004604340985457842,-0.05543047293104952,
GSE73565,0.004604340985457842,-0.05543047293104952,
GSE74665,0.004604340985457842,-0.05543047293104952,
GSE80774,0.004604340985457842,-0.05543047293104952,
GSE80753,0.004604340985457842,-0.05543047293104952,
GSE74697,0.004604340985457842,-0.05543047293104952,
GSE73588,0.004604340985457842,-0.05543047293104952,
GSE80746,0.004604340985457842,-0.05543047293104952,
GSE80727,0.004604340985457842,-0.05543047293104952,
GSE80722,0.004604340985457842,-0.05543047293104952,
GSE80716,0.004604340985457842,-0.05543047293104952,
GSE80715,0.004604340985457842,-0.05543047293104952,
GSE80714,0.004604340985457842,-0.05543047293104952,
GSE80688,0.004604340985457842,-0.05543047293104952,
GSE83492,0.004604340985457842,-0.05543047293104952,
GSE80651,0.004604340985457842,-0.05543047293104952,
GSE73583,0.004604340985457842,-0.05543047293104952,
GSE83551,0.004604340985457842,-0.05543047293104952,
GSE80551,0.004604340985457842,-0.05543047293104952,
GSE74729,0.004604340985457842,-0.05543047293104952,
GSE80563,0.004604340985457842,-0.05543047293104952,
GSE80589,0.004604340985457842,-0.05543047293104952,
GSE80591,0.004604340985457842,-0.05543047293104952,
GSE83525,0.004604340985457842,-0.05543047293104952,
GSE80609,0.004604340985457842,-0.05543047293104952,
GSE83493,0.004604340985457842,-0.05543047293104952,
GSE74718,0.004604340985457842,-0.05543047293104952,
GSE80611,0.004604340985457842,-0.05543047293104952,
GSE80619,0.004604340985457842,-0.05543047293104952,
GSE74716,0.004604340985457842,-0.05543047293104952,
GSE74698,0.004604340985457842,-0.05543047293104952,
GSE83518,0.004604340985457842,-0.05543047293104952,
GSE83501,0.004604340985457842,-0.05543047293104952,
GSE80635,0.004604340985457842,-0.05543047293104952,
GSE83520,0.004604340985457842,-0.05543047293104952,
GSE81802,0.004604340985457842,-0.05543047293104952,
GSE74207,0.004604340985457842,-0.05543047293104952,
GSE81810,0.004604340985457842,-0.05543047293104952,
GSE73784,0.004604340985457842,-0.05543047293104952,
GSE82289,0.004604340985457842,-0.05543047293104952,
GSE74201,0.004604340985457842,-0.05543047293104952,
GSE81812,0.004604340985457842,-0.05543047293104952,
GSE81328,0.004604340985457842,-0.05543047293104952,
GSE81817,0.004604340985457842,-0.05543047293104952,
GSE81826,0.004604340985457842,-0.05543047293104952,
GSE81827,0.004604340985457842,-0.05543047293104952,
GSE74142,0.004604340985457842,-0.05543047293104952,
GSE81928,0.004604340985457842,-0.05543047293104952,
GSE81955,0.004604340985457842,-0.05543047293104952,
GSE82260,0.004604340985457842,-0.05543047293104952,
GSE74118,0.004604340985457842,-0.05543047293104952,
GSE81814,0.004604340985457842,-0.05543047293104952,
GSE83083,0.004604340985457842,-0.05543047293104952,
GSE81687,0.004604340985457842,-0.05543047293104952,
GSE81698,0.004604340985457842,-0.05543047293104952,
GSE82336,0.004604340985457842,-0.05543047293104952,
GSE74232,0.004604340985457842,-0.05543047293104952,
GSE81747,0.004604340985457842,-0.05543047293104952,
GSE82333,0.004604340985457842,-0.05543047293104952,
GSE82320,0.004604340985457842,-0.05543047293104952,
GSE81749,0.004604340985457842,-0.05543047293104952,
GSE81750,0.004604340985457842,-0.05543047293104952,
GSE74230,0.004604340985457842,-0.05543047293104952,
GSE81781,0.004604340985457842,-0.05543047293104952,
GSE73742,0.004604340985457842,-0.05543047293104952,
GSE82329,0.004604340985457842,-0.05543047293104952,
GSE81796,0.004604340985457842,-0.05543047293104952,
GSE74220,0.004604340985457842,-0.05543047293104952,
GSE81748,0.004604340985457842,-0.05543047293104952,
GSE82184,0.004604340985457842,-0.05543047293104952,
GSE82177,0.004604340985457842,-0.05543047293104952,
GSE82147,0.004604340985457842,-0.05543047293104952,
GSE82143,0.004604340985457842,-0.05543047293104952,
GSE73982,0.004604340985457842,-0.05543047293104952,
GSE82071,0.004604340985457842,-0.05543047293104952,
GSE82102,0.004604340985457842,-0.05543047293104952,
GSE81965,0.004604340985457842,-0.05543047293104952,
GSE73942,0.004604340985457842,-0.05543047293104952,
GSE82110,0.004604340985457842,-0.05543047293104952,
GSE73857,0.004604340985457842,-0.05543047293104952,
GSE73941,0.004604340985457842,-0.05543047293104952,
GSE82115,0.004604340985457842,-0.05543047293104952,
GSE73934,0.004604340985457842,-0.05543047293104952,
GSE82117,0.004604340985457842,-0.05543047293104952,
GSE73887,0.004604340985457842,-0.05543047293104952,
GSE82104,0.004604340985457842,-0.05543047293104952,
GSE82237,0.004604340985457842,-0.05543047293104952,
GSE74102,0.004604340985457842,-0.05543047293104952,
GSE81975,0.004604340985457842,-0.05543047293104952,
GSE74053,0.004604340985457842,-0.05543047293104952,
GSE81995,0.004604340985457842,-0.05543047293104952,
GSE82022,0.004604340985457842,-0.05543047293104952,
GSE82032,0.004604340985457842,-0.05543047293104952,
GSE74041,0.004604340985457842,-0.05543047293104952,
GSE82204,0.004604340985457842,-0.05543047293104952,
GSE74031,0.004604340985457842,-0.05543047293104952,
GSE74029,0.004604340985457842,-0.05543047293104952,
GSE74016,0.004604340985457842,-0.05543047293104952,
GSE82061,0.004604340985457842,-0.05543047293104952,
GSE82236,0.004604340985457842,-0.05543047293104952,
GSE82227,0.004604340985457842,-0.05543047293104952,
GSE82207,0.004604340985457842,-0.05543047293104952,
GSE74009,0.004604340985457842,-0.05543047293104952,
GSE82052,0.004604340985457842,-0.05543047293104952,
GSE74369,0.004604340985457842,-0.05543047293104952,
GSE81417,0.004604340985457842,-0.05543047293104952,
GSE83321,0.004604340985457842,-0.05543047293104952,
GSE73696,0.004604340985457842,-0.05543047293104952,
GSE81429,0.004604340985457842,-0.05543047293104952,
GSE81439,0.004604340985457842,-0.05543047293104952,
GSE73708,0.004604340985457842,-0.05543047293104952,
GSE81673,0.004604340985457842,-0.05543047293104952,
GSE81443,0.004604340985457842,-0.05543047293104952,
GSE74345,0.004604340985457842,-0.05543047293104952,
GSE83299,0.004604340985457842,-0.05543047293104952,
GSE81469,0.004604340985457842,-0.05543047293104952,
GSE74339,0.004604340985457842,-0.05543047293104952,
GSE83277,0.004604340985457842,-0.05543047293104952,
GSE81474,0.004604340985457842,-0.05543047293104952,
GSE81475,0.004604340985457842,-0.05543047293104952,
GSE74365,0.004604340985457842,-0.05543047293104952,
GSE83392,0.004604340985457842,-0.05543047293104952,
GSE81266,0.004604340985457842,-0.05543047293104952,
GSE81268,0.004604340985457842,-0.05543047293104952,
GSE74457,0.004604340985457842,-0.05543047293104952,
GSE81301,0.004604340985457842,-0.05543047293104952,
GSE74450,0.004604340985457842,-0.05543047293104952,
GSE74442,0.004604340985457842,-0.05543047293104952,
GSE81412,0.004604340985457842,-0.05543047293104952,
GSE74439,0.004604340985457842,-0.05543047293104952,
GSE74417,0.004604340985457842,-0.05543047293104952,
GSE83322,0.004604340985457842,-0.05543047293104952,
GSE81383,0.004604340985457842,-0.05543047293104952,
GSE81396,0.004604340985457842,-0.05543047293104952,
GSE81402,0.004604340985457842,-0.05543047293104952,
GSE74383,0.004604340985457842,-0.05543047293104952,
GSE74377,0.004604340985457842,-0.05543047293104952,
GSE81322,0.004604340985457842,-0.05543047293104952,
GSE73718,0.004604340985457842,-0.05543047293104952,
GSE74251,0.004604340985457842,-0.05543047293104952,
GSE81593,0.004604340985457842,-0.05543047293104952,
GSE73727,0.004604340985457842,-0.05543047293104952,
GSE81601,0.004604340985457842,-0.05543047293104952,
GSE81608,0.004604340985457842,-0.05543047293104952,
GSE83139,0.004604340985457842,-0.05543047293104952,
GSE74322,0.004604340985457842,-0.05543047293104952,
GSE81617,0.004604340985457842,-0.05543047293104952,
GSE74246,0.004604340985457842,-0.05543047293104952,
GSE74235,0.004604340985457842,-0.05543047293104952,
GSE81620,0.004604340985457842,-0.05543047293104952,
GSE81626,0.004604340985457842,-0.05543047293104952,
GSE83126,0.004604340985457842,-0.05543047293104952,
GSE83115,0.004604340985457842,-0.05543047293104952,
GSE83100,0.004604340985457842,-0.05543047293104952,
GSE73737,0.004604340985457842,-0.05543047293104952,
GSE74308,0.004604340985457842,-0.05543047293104952,
GSE74289,0.004604340985457842,-0.05543047293104952,
GSE83266,0.004604340985457842,-0.05543047293104952,
GSE74270,0.004604340985457842,-0.05543047293104952,
GSE81478,0.004604340985457842,-0.05543047293104952,
GSE74263,0.004604340985457842,-0.05543047293104952,
GSE81493,0.004604340985457842,-0.05543047293104952,
GSE81497,0.004604340985457842,-0.05543047293104952,
GSE81550,0.004604340985457842,-0.05543047293104952,
GSE81507,0.004604340985457842,-0.05543047293104952,
GSE83256,0.004604340985457842,-0.05543047293104952,
GSE83254,0.004604340985457842,-0.05543047293104952,
GSE83245,0.004604340985457842,-0.05543047293104952,
GSE81518,0.004604340985457842,-0.05543047293104952,
GSE81534,0.004604340985457842,-0.05543047293104952,
GSE81547,0.004604340985457842,-0.05543047293104952,
GSE83142,0.004604340985457842,-0.05543047293104952,
GSE81498,0.004604340985457842,-0.05543047293104952,
GSE76307,0.004604340985457842,-0.05543047293104952,
GSE77992,0.004604340985457842,-0.05543047293104952,
GSE78003,0.004604340985457842,-0.05543047293104952,
GSE78011,0.004604340985457842,-0.05543047293104952,
GSE76284,0.004604340985457842,-0.05543047293104952,
GSE78023,0.004604340985457842,-0.05543047293104952,
GSE78081,0.004604340985457842,-0.05543047293104952,
GSE78102,0.004604340985457842,-0.05543047293104952,
GSE80072,0.004604340985457842,-0.05543047293104952,
GSE76271,0.004604340985457842,-0.05543047293104952,
GSE78158,0.004604340985457842,-0.05543047293104952,
GSE78167,0.004604340985457842,-0.05543047293104952,
GSE78172,0.004604340985457842,-0.05543047293104952,
GSE76268,0.004604340985457842,-0.05543047293104952,
GSE78199,0.004604340985457842,-0.05543047293104952,
GSE76234,0.004604340985457842,-0.05543047293104952,
GSE78220,0.004604340985457842,-0.05543047293104952,
GSE78236,0.004604340985457842,-0.05543047293104952,
GSE78138,0.004604340985457842,-0.05543047293104952,
GSE76495,0.004604340985457842,-0.05543047293104952,
GSE77737,0.004604340985457842,-0.05543047293104952,
GSE76487,0.004604340985457842,-0.05543047293104952,
GSE77808,0.004604340985457842,-0.05543047293104952,
GSE77829,0.004604340985457842,-0.05543047293104952,
GSE76464,0.004604340985457842,-0.05543047293104952,
GSE77841,0.004604340985457842,-0.05543047293104952,
GSE77901,0.004604340985457842,-0.05543047293104952,
GSE76453,0.004604340985457842,-0.05543047293104952,
GSE77958,0.004604340985457842,-0.05543047293104952,
GSE76445,0.004604340985457842,-0.05543047293104952,
GSE76433,0.004604340985457842,-0.05543047293104952,
GSE77938,0.004604340985457842,-0.05543047293104952,
GSE76371,0.004604340985457842,-0.05543047293104952,
GSE76367,0.004604340985457842,-0.05543047293104952,
GSE77946,0.004604340985457842,-0.05543047293104952,
GSE76312,0.004604340985457842,-0.05543047293104952,
GSE77950,0.004604340985457842,-0.05543047293104952,
GSE76308,0.004604340985457842,-0.05543047293104952,
GSE77902,0.004604340985457842,-0.05543047293104952,
GSE75962,0.004604340985457842,-0.05543047293104952,
GSE75956,0.004604340985457842,-0.05543047293104952,
GSE78711,0.004604340985457842,-0.05543047293104952,
GSE78725,0.004604340985457842,-0.05543047293104952,
GSE75949,0.004604340985457842,-0.05543047293104952,
GSE75935,0.004604340985457842,-0.05543047293104952,
GSE83635,0.004604340985457842,-0.05543047293104952,
GSE78801,0.004604340985457842,-0.05543047293104952,
GSE75885,0.004604340985457842,-0.05543047293104952,
GSE78271,0.004604340985457842,-0.05543047293104952,
GSE78913,0.004604340985457842,-0.05543047293104952,
GSE78922,0.004604340985457842,-0.05543047293104952,
GSE78925,0.004604340985457842,-0.05543047293104952,
GSE78930,0.004604340985457842,-0.05543047293104952,
GSE75859,0.004604340985457842,-0.05543047293104952,
GSE75853,0.004604340985457842,-0.05543047293104952,
GSE78936,0.004604340985457842,-0.05543047293104952,
GSE78957,0.004604340985457842,-0.05543047293104952,
GSE78959,0.004604340985457842,-0.05543047293104952,
GSE78853,0.004604340985457842,-0.05543047293104952,
GSE76220,0.004604340985457842,-0.05543047293104952,
GSE76203,0.004604340985457842,-0.05543047293104952,
GSE76199,0.004604340985457842,-0.05543047293104952,
GSE76151,0.004604340985457842,-0.05543047293104952,
GSE76122,0.004604340985457842,-0.05543047293104952,
GSE78275,0.004604340985457842,-0.05543047293104952,
GSE76098,0.004604340985457842,-0.05543047293104952,
GSE78276,0.004604340985457842,-0.05543047293104952,
GSE78285,0.004604340985457842,-0.05543047293104952,
GSE75990,0.004604340985457842,-0.05543047293104952,
GSE78506,0.004604340985457842,-0.05543047293104952,
GSE78508,0.004604340985457842,-0.05543047293104952,
GSE78512,0.004604340985457842,-0.05543047293104952,
GSE78519,0.004604340985457842,-0.05543047293104952,
GSE78522,0.004604340985457842,-0.05543047293104952,
GSE78527,0.004604340985457842,-0.05543047293104952,
GSE76025,0.004604340985457842,-0.05543047293104952,
GSE76023,0.004604340985457842,-0.05543047293104952,
GSE76011,0.004604340985457842,-0.05543047293104952,
GSE78502,0.004604340985457842,-0.05543047293104952,
GSE77219,0.004604340985457842,-0.05543047293104952,
GSE77229,0.004604340985457842,-0.05543047293104952,
GSE76801,0.004604340985457842,-0.05543047293104952,
GSE77251,0.004604340985457842,-0.05543047293104952,
GSE77260,0.004604340985457842,-0.05543047293104952,
GSE77261,0.004604340985457842,-0.05543047293104952,
GSE76747,0.004604340985457842,-0.05543047293104952,
GSE76743,0.004604340985457842,-0.05543047293104952,
GSE76507,0.004604340985457842,-0.05543047293104952,
GSE77284,0.004604340985457842,-0.05543047293104952,
GSE76717,0.004604340985457842,-0.05543047293104952,
GSE77288,0.004604340985457842,-0.05543047293104952,
GSE77308,0.004604340985457842,-0.05543047293104952,
GSE77314,0.004604340985457842,-0.05543047293104952,
GSE76712,0.004604340985457842,-0.05543047293104952,
GSE77315,0.004604340985457842,-0.05543047293104952,
GSE76688,0.004604340985457842,-0.05543047293104952,
GSE77317,0.004604340985457842,-0.05543047293104952,
GSE77282,0.004604340985457842,-0.05543047293104952,
GSE76978,0.004604340985457842,-0.05543047293104952,
GSE76980,0.004604340985457842,-0.05543047293104952,
GSE76987,0.004604340985457842,-0.05543047293104952,
GSE76998,0.004604340985457842,-0.05543047293104952,
GSE76970,0.004604340985457842,-0.05543047293104952,
GSE77032,0.004604340985457842,-0.05543047293104952,
GSE77034,0.004604340985457842,-0.05543047293104952,
GSE76931,0.004604340985457842,-0.05543047293104952,
GSE77039,0.004604340985457842,-0.05543047293104952,
GSE76860,0.004604340985457842,-0.05543047293104952,
GSE77085,0.004604340985457842,-0.05543047293104952,
GSE77088,0.004604340985457842,-0.05543047293104952,
GSE77108,0.004604340985457842,-0.05543047293104952,
GSE77120,0.004604340985457842,-0.05543047293104952,
GSE77128,0.004604340985457842,-0.05543047293104952,
GSE76922,0.004604340985457842,-0.05543047293104952,
GSE76877,0.004604340985457842,-0.05543047293104952,
GSE77140,0.004604340985457842,-0.05543047293104952,
GSE77179,0.004604340985457842,-0.05543047293104952,
GSE77057,0.004604340985457842,-0.05543047293104952,
GSE77513,0.004604340985457842,-0.05543047293104952,
GSE76608,0.004604340985457842,-0.05543047293104952,
GSE77530,0.004604340985457842,-0.05543047293104952,
GSE77538,0.004604340985457842,-0.05543047293104952,
GSE77564,0.004604340985457842,-0.05543047293104952,
GSE76586,0.004604340985457842,-0.05543047293104952,
GSE77568,0.004604340985457842,-0.05543047293104952,
GSE77597,0.004604340985457842,-0.05543047293104952,
GSE77598,0.004604340985457842,-0.05543047293104952,
GSE77347,0.004604340985457842,-0.05543047293104952,
GSE77635,0.004604340985457842,-0.05543047293104952,
GSE76572,0.004604340985457842,-0.05543047293104952,
GSE77638,0.004604340985457842,-0.05543047293104952,
GSE77639,0.004604340985457842,-0.05543047293104952,
GSE77649,0.004604340985457842,-0.05543047293104952,
GSE76528,0.004604340985457842,-0.05543047293104952,
GSE76523,0.004604340985457842,-0.05543047293104952,
GSE76511,0.004604340985457842,-0.05543047293104952,
GSE77661,0.004604340985457842,-0.05543047293104952,
GSE77624,0.004604340985457842,-0.05543047293104952,
GSE77352,0.004604340985457842,-0.05543047293104952,
GSE76684,0.004604340985457842,-0.05543047293104952,
GSE76683,0.004604340985457842,-0.05543047293104952,
GSE76682,0.004604340985457842,-0.05543047293104952,
GSE77356,0.004604340985457842,-0.05543047293104952,
GSE76663,0.004604340985457842,-0.05543047293104952,
GSE76661,0.004604340985457842,-0.05543047293104952,
GSE77381,0.004604340985457842,-0.05543047293104952,
GSE76656,0.004604340985457842,-0.05543047293104952,
GSE76626,0.004604340985457842,-0.05543047293104952,
GSE76647,0.004604340985457842,-0.05543047293104952,
GSE77383,0.004604340985457842,-0.05543047293104952,
GSE76627,0.004604340985457842,-0.05543047293104952,
GSE77408,0.004604340985457842,-0.05543047293104952,
GSE77415,0.004604340985457842,-0.05543047293104952,
GSE77422,0.004604340985457842,-0.05543047293104952,
GSE77460,0.004604340985457842,-0.05543047293104952,
GSE77466,0.004604340985457842,-0.05543047293104952,
GSE77509,0.004604340985457842,-0.05543047293104952,
GSE77382,0.004604340985457842,-0.05543047293104952,
GSE79920,0.004604340985457842,-0.05543047293104952,
GSE79923,0.004604340985457842,-0.05543047293104952,
GSE75234,0.004604340985457842,-0.05543047293104952,
GSE75220,0.004604340985457842,-0.05543047293104952,
GSE75217,0.004604340985457842,-0.05543047293104952,
GSE75215,0.004604340985457842,-0.05543047293104952,
GSE79933,0.004604340985457842,-0.05543047293104952,
GSE79953,0.004604340985457842,-0.05543047293104952,
GSE75852,0.004604340985457842,-0.05543047293104952,
GSE79955,0.004604340985457842,-0.05543047293104952,
GSE75184,0.004604340985457842,-0.05543047293104952,
GSE79970,0.004604340985457842,-0.05543047293104952,
GSE79978,0.004604340985457842,-0.05543047293104952,
GSE79989,0.004604340985457842,-0.05543047293104952,
GSE75168,0.004604340985457842,-0.05543047293104952,
GSE75146,0.004604340985457842,-0.05543047293104952,
GSE75140,0.004604340985457842,-0.05543047293104952,
GSE75130,0.004604340985457842,-0.05543047293104952,
GSE75189,0.004604340985457842,-0.05543047293104952,
GSE79688,0.004604340985457842,-0.05543047293104952,
GSE75327,0.004604340985457842,-0.05543047293104952,
GSE79724,0.004604340985457842,-0.05543047293104952,
GSE75299,0.004604340985457842,-0.05543047293104952,
GSE79735,0.004604340985457842,-0.05543047293104952,
GSE79779,0.004604340985457842,-0.05543047293104952,
GSE75297,0.004604340985457842,-0.05543047293104952,
GSE75291,0.004604340985457842,-0.05543047293104952,
GSE79804,0.004604340985457842,-0.05543047293104952,
GSE79917,0.004604340985457842,-0.05543047293104952,
GSE79833,0.004604340985457842,-0.05543047293104952,
GSE79835,0.004604340985457842,-0.05543047293104952,
GSE79859,0.004604340985457842,-0.05543047293104952,
GSE79861,0.004604340985457842,-0.05543047293104952,
GSE79871,0.004604340985457842,-0.05543047293104952,
GSE79872,0.004604340985457842,-0.05543047293104952,
GSE75247,0.004604340985457842,-0.05543047293104952,
GSE79888,0.004604340985457842,-0.05543047293104952,
GSE79899,0.004604340985457842,-0.05543047293104952,
GSE79820,0.004604340985457842,-0.05543047293104952,
GSE74958,0.004604340985457842,-0.05543047293104952,
GSE80182,0.004604340985457842,-0.05543047293104952,
GSE80183,0.004604340985457842,-0.05543047293104952,
GSE80207,0.004604340985457842,-0.05543047293104952,
GSE80237,0.004604340985457842,-0.05543047293104952,
GSE80239,0.004604340985457842,-0.05543047293104952,
GSE80258,0.004604340985457842,-0.05543047293104952,
GSE80264,0.004604340985457842,-0.05543047293104952,
GSE74953,0.004604340985457842,-0.05543047293104952,
GSE75070,0.004604340985457842,-0.05543047293104952,
GSE80297,0.004604340985457842,-0.05543047293104952,
GSE80306,0.004604340985457842,-0.05543047293104952,
GSE74935,0.004604340985457842,-0.05543047293104952,
GSE80336,0.004604340985457842,-0.05543047293104952,
GSE74928,0.004604340985457842,-0.05543047293104952,
GSE80351,0.004604340985457842,-0.05543047293104952,
GSE74927,0.004604340985457842,-0.05543047293104952,
GSE74924,0.004604340985457842,-0.05543047293104952,
GSE80358,0.004604340985457842,-0.05543047293104952,
GSE74941,0.004604340985457842,-0.05543047293104952,
GSE80048,0.004604340985457842,-0.05543047293104952,
GSE80062,0.004604340985457842,-0.05543047293104952,
GSE75061,0.004604340985457842,-0.05543047293104952,
GSE80064,0.004604340985457842,-0.05543047293104952,
GSE75059,0.004604340985457842,-0.05543047293104952,
GSE75042,0.004604340985457842,-0.05543047293104952,
GSE80073,0.004604340985457842,-0.05543047293104952,
GSE80095,0.004604340985457842,-0.05543047293104952,
GSE80098,0.004604340985457842,-0.05543047293104952,
GSE80176,0.004604340985457842,-0.05543047293104952,
GSE80126,0.004604340985457842,-0.05543047293104952,
GSE75011,0.004604340985457842,-0.05543047293104952,
GSE80131,0.004604340985457842,-0.05543047293104952,
GSE80135,0.004604340985457842,-0.05543047293104952,
GSE74999,0.004604340985457842,-0.05543047293104952,
GSE74981,0.004604340985457842,-0.05543047293104952,
GSE80137,0.004604340985457842,-0.05543047293104952,
GSE80170,0.004604340985457842,-0.05543047293104952,
GSE74974,0.004604340985457842,-0.05543047293104952,
GSE80106,0.004604340985457842,-0.05543047293104952,
GSE79130,0.004604340985457842,-0.05543047293104952,
GSE75733,0.004604340985457842,-0.05543047293104952,
GSE79133,0.004604340985457842,-0.05543047293104952,
GSE79134,0.004604340985457842,-0.05543047293104952,
GSE79147,0.004604340985457842,-0.05543047293104952,
GSE75719,0.004604340985457842,-0.05543047293104952,
GSE79160,0.004604340985457842,-0.05543047293104952,
GSE79183,0.004604340985457842,-0.05543047293104952,
GSE79684,0.004604340985457842,-0.05543047293104952,
GSE79253,0.004604340985457842,-0.05543047293104952,
GSE79256,0.004604340985457842,-0.05543047293104952,
GSE79271,0.004604340985457842,-0.05543047293104952,
GSE79272,0.004604340985457842,-0.05543047293104952,
GSE75699,0.004604340985457842,-0.05543047293104952,
GSE79293,0.004604340985457842,-0.05543047293104952,
GSE79301,0.004604340985457842,-0.05543047293104952,
GSE79304,0.004604340985457842,-0.05543047293104952,
GSE75688,0.004604340985457842,-0.05543047293104952,
GSE79249,0.004604340985457842,-0.05543047293104952,
GSE75844,0.004604340985457842,-0.05543047293104952,
GSE78960,0.004604340985457842,-0.05543047293104952,
GSE75839,0.004604340985457842,-0.05543047293104952,
GSE75823,0.004604340985457842,-0.05543047293104952,
GSE78968,0.004604340985457842,-0.05543047293104952,
GSE79027,0.004604340985457842,-0.05543047293104952,
GSE75797,0.004604340985457842,-0.05543047293104952,
GSE75792,0.004604340985457842,-0.05543047293104952,
GSE79029,0.004604340985457842,-0.05543047293104952,
GSE79123,0.004604340985457842,-0.05543047293104952,
GSE75747,0.004604340985457842,-0.05543047293104952,
GSE79044,0.004604340985457842,-0.05543047293104952,
GSE79051,0.004604340985457842,-0.05543047293104952,
GSE79102,0.004604340985457842,-0.05543047293104952,
GSE75746,0.004604340985457842,-0.05543047293104952,
GSE75742,0.004604340985457842,-0.05543047293104952,
GSE79111,0.004604340985457842,-0.05543047293104952,
GSE79112,0.004604340985457842,-0.05543047293104952,
GSE75741,0.004604340985457842,-0.05543047293104952,
GSE75748,0.004604340985457842,-0.05543047293104952,
GSE75530,0.004604340985457842,-0.05543047293104952,
GSE79613,0.004604340985457842,-0.05543047293104952,
GSE75524,0.004604340985457842,-0.05543047293104952,
GSE75515,0.004604340985457842,-0.05543047293104952,
GSE75478,0.004604340985457842,-0.05543047293104952,
GSE75452,0.004604340985457842,-0.05543047293104952,
GSE75440,0.004604340985457842,-0.05543047293104952,
GSE79636,0.004604340985457842,-0.05543047293104952,
GSE75432,0.004604340985457842,-0.05543047293104952,
GSE79309,0.004604340985457842,-0.05543047293104952,
GSE75369,0.004604340985457842,-0.05543047293104952,
GSE79657,0.004604340985457842,-0.05543047293104952,
GSE79664,0.004604340985457842,-0.05543047293104952,
GSE75367,0.004604340985457842,-0.05543047293104952,
GSE79668,0.004604340985457842,-0.05543047293104952,
GSE79669,0.004604340985457842,-0.05543047293104952,
GSE79671,0.004604340985457842,-0.05543047293104952,
GSE75354,0.004604340985457842,-0.05543047293104952,
GSE79680,0.004604340985457842,-0.05543047293104952,
GSE75428,0.004604340985457842,-0.05543047293104952,
GSE75665,0.004604340985457842,-0.05543047293104952,
GSE75664,0.004604340985457842,-0.05543047293104952,
GSE79338,0.004604340985457842,-0.05543047293104952,
GSE79343,0.004604340985457842,-0.05543047293104952,
GSE79362,0.004604340985457842,-0.05543047293104952,
GSE79373,0.004604340985457842,-0.05543047293104952,
GSE79395,0.004604340985457842,-0.05543047293104952,
GSE79400,0.004604340985457842,-0.05543047293104952,
GSE75652,0.004604340985457842,-0.05543047293104952,
GSE75591,0.004604340985457842,-0.05543047293104952,
GSE79442,0.004604340985457842,-0.05543047293104952,
GSE79463,0.004604340985457842,-0.05543047293104952,
GSE79477,0.004604340985457842,-0.05543047293104952,
GSE79564,0.004604340985457842,-0.05543047293104952,
GSE79572,0.004604340985457842,-0.05543047293104952,
GSE75627,0.004604340985457842,-0.05543047293104952,
GSE79577,0.004604340985457842,-0.05543047293104952,
GSE75602,0.004604340985457842,-0.05543047293104952,
GSE79586,0.004604340985457842,-0.05543047293104952,
GSE79426,0.004604340985457842,-0.05543047293104952,
GSE94126,0.004604340985457842,-0.05543047293104952,
GSE94147,0.004604340985457842,-0.05543047293104952,
GSE94149,0.004604340985457842,-0.05543047293104952,
GSE94259,0.004604340985457842,-0.05543047293104952,
GSE94267,0.004604340985457842,-0.05543047293104952,
GSE94270,0.004604340985457842,-0.05543047293104952,
GSE94277,0.004604340985457842,-0.05543047293104952,
GSE94280,0.004604340985457842,-0.05543047293104952,
GSE94296,0.004604340985457842,-0.05543047293104952,
GSE94344,0.004604340985457842,-0.05543047293104952,
GSE94372,0.004604340985457842,-0.05543047293104952,
GSE85133,0.004604340985457842,-0.05543047293104952,
GSE94384,0.004604340985457842,-0.05543047293104952,
GSE94395,0.004604340985457842,-0.05543047293104952,
GSE94405,0.004604340985457842,-0.05543047293104952,
GSE94408,0.004604340985457842,-0.05543047293104952,
GSE94454,0.004604340985457842,-0.05543047293104952,
GSE94461,0.004604340985457842,-0.05543047293104952,
GSE94464,0.004604340985457842,-0.05543047293104952,
GSE94479,0.004604340985457842,-0.05543047293104952,
GSE94488,0.004604340985457842,-0.05543047293104952,
GSE94493,0.004604340985457842,-0.05543047293104952,
GSE94494,0.004604340985457842,-0.05543047293104952,
GSE94374,0.004604340985457842,-0.05543047293104952,
GSE93681,0.004604340985457842,-0.05543047293104952,
GSE93705,0.004604340985457842,-0.05543047293104952,
GSE93709,0.004604340985457842,-0.05543047293104952,
GSE93801,0.004604340985457842,-0.05543047293104952,
GSE93807,0.004604340985457842,-0.05543047293104952,
GSE93811,0.004604340985457842,-0.05543047293104952,
GSE93814,0.004604340985457842,-0.05543047293104952,
GSE93831,0.004604340985457842,-0.05543047293104952,
GSE93841,0.004604340985457842,-0.05543047293104952,
GSE93871,0.004604340985457842,-0.05543047293104952,
GSE93877,0.004604340985457842,-0.05543047293104952,
GSE94120,0.004604340985457842,-0.05543047293104952,
GSE93902,0.004604340985457842,-0.05543047293104952,
GSE93904,0.004604340985457842,-0.05543047293104952,
GSE93925,0.004604340985457842,-0.05543047293104952,
GSE93960,0.004604340985457842,-0.05543047293104952,
GSE93988,0.004604340985457842,-0.05543047293104952,
GSE93999,0.004604340985457842,-0.05543047293104952,
GSE94036,0.004604340985457842,-0.05543047293104952,
GSE94043,0.004604340985457842,-0.05543047293104952,
GSE94055,0.004604340985457842,-0.05543047293104952,
GSE94099,0.004604340985457842,-0.05543047293104952,
GSE94116,0.004604340985457842,-0.05543047293104952,
GSE93895,0.004604340985457842,-0.05543047293104952,
GSE94989,0.004604340985457842,-0.05543047293104952,
GSE94993,0.004604340985457842,-0.05543047293104952,
GSE95059,0.004604340985457842,-0.05543047293104952,
GSE95089,0.004604340985457842,-0.05543047293104952,
GSE95097,0.004604340985457842,-0.05543047293104952,
GSE95106,0.004604340985457842,-0.05543047293104952,
GSE95131,0.004604340985457842,-0.05543047293104952,
GSE95132,0.004604340985457842,-0.05543047293104952,
GSE95176,0.004604340985457842,-0.05543047293104952,
GSE95277,0.004604340985457842,-0.05543047293104952,
GSE95293,0.004604340985457842,-0.05543047293104952,
GSE94502,0.004604340985457842,-0.05543047293104952,
GSE95299,0.004604340985457842,-0.05543047293104952,
GSE95304,0.004604340985457842,-0.05543047293104952,
GSE95351,0.004604340985457842,-0.05543047293104952,
GSE95375,0.004604340985457842,-0.05543047293104952,
GSE95389,0.004604340985457842,-0.05543047293104952,
GSE95392,0.004604340985457842,-0.05543047293104952,
GSE95397,0.004604340985457842,-0.05543047293104952,
GSE95412,0.004604340985457842,-0.05543047293104952,
GSE95413,0.004604340985457842,-0.05543047293104952,
GSE95437,0.004604340985457842,-0.05543047293104952,
GSE95452,0.004604340985457842,-0.05543047293104952,
GSE95297,0.004604340985457842,-0.05543047293104952,
GSE94555,0.004604340985457842,-0.05543047293104952,
GSE94587,0.004604340985457842,-0.05543047293104952,
GSE94588,0.004604340985457842,-0.05543047293104952,
GSE94631,0.004604340985457842,-0.05543047293104952,
GSE94687,0.004604340985457842,-0.05543047293104952,
GSE94690,0.004604340985457842,-0.05543047293104952,
GSE94696,0.004604340985457842,-0.05543047293104952,
GSE94724,0.004604340985457842,-0.05543047293104952,
GSE94728,0.004604340985457842,-0.05543047293104952,
GSE94783,0.004604340985457842,-0.05543047293104952,
GSE94827,0.004604340985457842,-0.05543047293104952,
GSE94969,0.004604340985457842,-0.05543047293104952,
GSE94853,0.004604340985457842,-0.05543047293104952,
GSE94869,0.004604340985457842,-0.05543047293104952,
GSE94888,0.004604340985457842,-0.05543047293104952,
GSE94892,0.004604340985457842,-0.05543047293104952,
GSE94897,0.004604340985457842,-0.05543047293104952,
GSE94937,0.004604340985457842,-0.05543047293104952,
GSE94947,0.004604340985457842,-0.05543047293104952,
GSE94948,0.004604340985457842,-0.05543047293104952,
GSE94950,0.004604340985457842,-0.05543047293104952,
GSE94963,0.004604340985457842,-0.05543047293104952,
GSE94964,0.004604340985457842,-0.05543047293104952,
GSE94968,0.004604340985457842,-0.05543047293104952,
GSE94849,0.004604340985457842,-0.05543047293104952,
GSE92456,0.004604340985457842,-0.05543047293104952,
GSE92472,0.004604340985457842,-0.05543047293104952,
GSE92478,0.004604340985457842,-0.05543047293104952,
GSE92494,0.004604340985457842,-0.05543047293104952,
GSE92496,0.004604340985457842,-0.05543047293104952,
GSE92506,0.004604340985457842,-0.05543047293104952,
GSE92532,0.004604340985457842,-0.05543047293104952,
GSE92541,0.004604340985457842,-0.05543047293104952,
GSE92547,0.004604340985457842,-0.05543047293104952,
GSE92574,0.004604340985457842,-0.05543047293104952,
GSE92581,0.004604340985457842,-0.05543047293104952,
GSE93656,0.004604340985457842,-0.05543047293104952,
GSE92592,0.004604340985457842,-0.05543047293104952,
GSE92625,0.004604340985457842,-0.05543047293104952,
GSE92626,0.004604340985457842,-0.05543047293104952,
GSE92628,0.004604340985457842,-0.05543047293104952,
GSE92651,0.004604340985457842,-0.05543047293104952,
GSE92652,0.004604340985457842,-0.05543047293104952,
GSE92653,0.004604340985457842,-0.05543047293104952,
GSE92659,0.004604340985457842,-0.05543047293104952,
GSE92723,0.004604340985457842,-0.05543047293104952,
GSE92724,0.004604340985457842,-0.05543047293104952,
GSE92725,0.004604340985457842,-0.05543047293104952,
GSE92583,0.004604340985457842,-0.05543047293104952,
GSE90876,0.004604340985457842,-0.05543047293104952,
GSE90878,0.004604340985457842,-0.05543047293104952,
GSE90884,0.004604340985457842,-0.05543047293104952,
GSE90897,0.004604340985457842,-0.05543047293104952,
GSE90926,0.004604340985457842,-0.05543047293104952,
GSE90944,0.004604340985457842,-0.05543047293104952,
GSE90982,0.004604340985457842,-0.05543047293104952,
GSE91000,0.004604340985457842,-0.05543047293104952,
GSE91010,0.004604340985457842,-0.05543047293104952,
GSE91011,0.004604340985457842,-0.05543047293104952,
GSE91016,0.004604340985457842,-0.05543047293104952,
GSE92341,0.004604340985457842,-0.05543047293104952,
GSE91063,0.004604340985457842,-0.05543047293104952,
GSE91377,0.004604340985457842,-0.05543047293104952,
GSE91383,0.004604340985457842,-0.05543047293104952,
GSE92239,0.004604340985457842,-0.05543047293104952,
GSE92262,0.004604340985457842,-0.05543047293104952,
GSE92276,0.004604340985457842,-0.05543047293104952,
GSE92277,0.004604340985457842,-0.05543047293104952,
GSE92293,0.004604340985457842,-0.05543047293104952,
GSE92316,0.004604340985457842,-0.05543047293104952,
GSE92322,0.004604340985457842,-0.05543047293104952,
GSE92340,0.004604340985457842,-0.05543047293104952,
GSE91061,0.004604340985457842,-0.05543047293104952,
GSE93280,0.004604340985457842,-0.05543047293104952,
GSE93292,0.004604340985457842,-0.05543047293104952,
GSE93315,0.004604340985457842,-0.05543047293104952,
GSE93321,0.004604340985457842,-0.05543047293104952,
GSE93330,0.004604340985457842,-0.05543047293104952,
GSE93365,0.004604340985457842,-0.05543047293104952,
GSE93385,0.004604340985457842,-0.05543047293104952,
GSE93395,0.004604340985457842,-0.05543047293104952,
GSE93424,0.004604340985457842,-0.05543047293104952,
GSE93511,0.004604340985457842,-0.05543047293104952,
GSE93528,0.004604340985457842,-0.05543047293104952,
GSE92744,0.004604340985457842,-0.05543047293104952,
GSE93578,0.004604340985457842,-0.05543047293104952,
GSE93590,0.004604340985457842,-0.05543047293104952,
GSE93593,0.004604340985457842,-0.05543047293104952,
GSE93610,0.004604340985457842,-0.05543047293104952,
GSE93619,0.004604340985457842,-0.05543047293104952,
GSE93620,0.004604340985457842,-0.05543047293104952,
GSE93624,0.004604340985457842,-0.05543047293104952,
GSE93627,0.004604340985457842,-0.05543047293104952,
GSE93629,0.004604340985457842,-0.05543047293104952,
GSE93636,0.004604340985457842,-0.05543047293104952,
GSE93650,0.004604340985457842,-0.05543047293104952,
GSE93562,0.004604340985457842,-0.05543047293104952,
GSE92772,0.004604340985457842,-0.05543047293104952,
GSE92852,0.004604340985457842,-0.05543047293104952,
GSE92874,0.004604340985457842,-0.05543047293104952,
GSE92882,0.004604340985457842,-0.05543047293104952,
GSE92910,0.004604340985457842,-0.05543047293104952,
GSE92943,0.004604340985457842,-0.05543047293104952,
GSE92971,0.004604340985457842,-0.05543047293104952,
GSE92979,0.004604340985457842,-0.05543047293104952,
GSE93030,0.004604340985457842,-0.05543047293104952,
GSE93057,0.004604340985457842,-0.05543047293104952,
GSE93069,0.004604340985457842,-0.05543047293104952,
GSE93256,0.004604340985457842,-0.05543047293104952,
GSE93071,0.004604340985457842,-0.05543047293104952,
GSE93072,0.004604340985457842,-0.05543047293104952,
GSE93073,0.004604340985457842,-0.05543047293104952,
GSE93124,0.004604340985457842,-0.05543047293104952,
GSE93153,0.004604340985457842,-0.05543047293104952,
GSE93155,0.004604340985457842,-0.05543047293104952,
GSE93156,0.004604340985457842,-0.05543047293104952,
GSE93206,0.004604340985457842,-0.05543047293104952,
GSE93226,0.004604340985457842,-0.05543047293104952,
GSE93236,0.004604340985457842,-0.05543047293104952,
GSE93237,0.004604340985457842,-0.05543047293104952,
GSE93241,0.004604340985457842,-0.05543047293104952,
GSE93070,0.004604340985457842,-0.05543047293104952,
GSE98476,0.004604340985457842,-0.05543047293104952,
GSE98541,0.004604340985457842,-0.05543047293104952,
GSE98623,0.004604340985457842,-0.05543047293104952,
GSE98644,0.004604340985457842,-0.05543047293104952,
GSE98670,0.004604340985457842,-0.05543047293104952,
GSE98710,0.004604340985457842,-0.05543047293104952,
GSE98720,0.004604340985457842,-0.05543047293104952,
GSE98734,0.004604340985457842,-0.05543047293104952,
GSE98752,0.004604340985457842,-0.05543047293104952,
GSE98834,0.004604340985457842,-0.05543047293104952,
GSE98852,0.004604340985457842,-0.05543047293104952,
GSE95453,0.004604340985457842,-0.05543047293104952,
GSE99454,0.004604340985457842,-0.05543047293104952,
GSE99466,0.004604340985457842,-0.05543047293104952,
GSE99479,0.004604340985457842,-0.05543047293104952,
GSE99503,0.004604340985457842,-0.05543047293104952,
GSE99552,0.004604340985457842,-0.05543047293104952,
GSE99596,0.004604340985457842,-0.05543047293104952,
GSE99987,0.004604340985457842,-0.05543047293104952,
GSE99641,0.004604340985457842,-0.05543047293104952,
GSE99651,0.004604340985457842,-0.05543047293104952,
GSE99668,0.004604340985457842,-0.05543047293104952,
GSE99671,0.004604340985457842,-0.05543047293104952,
GSE98871,0.004604340985457842,-0.05543047293104952,
GSE97949,0.004604340985457842,-0.05543047293104952,
GSE97979,0.004604340985457842,-0.05543047293104952,
GSE97987,0.004604340985457842,-0.05543047293104952,
GSE98011,0.004604340985457842,-0.05543047293104952,
GSE98030,0.004604340985457842,-0.05543047293104952,
GSE98050,0.004604340985457842,-0.05543047293104952,
GSE98052,0.004604340985457842,-0.05543047293104952,
GSE98088,0.004604340985457842,-0.05543047293104952,
GSE98091,0.004604340985457842,-0.05543047293104952,
GSE98177,0.004604340985457842,-0.05543047293104952,
GSE98183,0.004604340985457842,-0.05543047293104952,
GSE98454,0.004604340985457842,-0.05543047293104952,
GSE98273,0.004604340985457842,-0.05543047293104952,
GSE98274,0.004604340985457842,-0.05543047293104952,
GSE98288,0.004604340985457842,-0.05543047293104952,
GSE98310,0.004604340985457842,-0.05543047293104952,
GSE98323,0.004604340985457842,-0.05543047293104952,
GSE98368,0.004604340985457842,-0.05543047293104952,
GSE98386,0.004604340985457842,-0.05543047293104952,
GSE98393,0.004604340985457842,-0.05543047293104952,
GSE98394,0.004604340985457842,-0.05543047293104952,
GSE98428,0.004604340985457842,-0.05543047293104952,
GSE98431,0.004604340985457842,-0.05543047293104952,
GSE98212,0.004604340985457842,-0.05543047293104952,
GSE100210,0.004604340985457842,-0.05543047293104952,
GSE100040,0.004604340985457842,-0.05543047293104952,
GSE100258,0.004604340985457842,-0.05543047293104952,
GSE100266,0.004604340985457842,-0.05543047293104952,
GSE100291,0.004604340985457842,-0.05543047293104952,
GSE100327,0.004604340985457842,-0.05543047293104952,
GSE100338,0.004604340985457842,-0.05543047293104952,
GSE100359,0.004604340985457842,-0.05543047293104952,
GSE100382,0.004604340985457842,-0.05543047293104952,
GSE100392,0.004604340985457842,-0.05543047293104952,
GSE100408,0.004604340985457842,-0.05543047293104952,
GSE99687,0.004604340985457842,-0.05543047293104952,
GSE100427,0.004604340985457842,-0.05543047293104952,
GSE100501,0.004604340985457842,-0.05543047293104952,
GSE100520,0.004604340985457842,-0.05543047293104952,
GSE100562,0.004604340985457842,-0.05543047293104952,
GSE100568,0.004604340985457842,-0.05543047293104952,
GSE100574,0.004604340985457842,-0.05543047293104952,
GSE100618,0.004604340985457842,-0.05543047293104952,
GSE100624,0.004604340985457842,-0.05543047293104952,
GSE100669,0.004604340985457842,-0.05543047293104952,
GSE100684,0.004604340985457842,-0.05543047293104952,
GSE100709,0.004604340985457842,-0.05543047293104952,
GSE100417,0.004604340985457842,-0.05543047293104952,
GSE99733,0.004604340985457842,-0.05543047293104952,
GSE99770,0.004604340985457842,-0.05543047293104952,
GSE99778,0.004604340985457842,-0.05543047293104952,
GSE99794,0.004604340985457842,-0.05543047293104952,
GSE99812,0.004604340985457842,-0.05543047293104952,
GSE99819,0.004604340985457842,-0.05543047293104952,
GSE99820,0.004604340985457842,-0.05543047293104952,
GSE99821,0.004604340985457842,-0.05543047293104952,
GSE99824,0.004604340985457842,-0.05543047293104952,
GSE99825,0.004604340985457842,-0.05543047293104952,
GSE99843,0.004604340985457842,-0.05543047293104952,
GSE100206,0.004604340985457842,-0.05543047293104952,
GSE99867,0.004604340985457842,-0.05543047293104952,
GSE99909,0.004604340985457842,-0.05543047293104952,
GSE99923,0.004604340985457842,-0.05543047293104952,
GSE99937,0.004604340985457842,-0.05543047293104952,
GSE99944,0.004604340985457842,-0.05543047293104952,
GSE99951,0.004604340985457842,-0.05543047293104952,
GSE100075,0.004604340985457842,-0.05543047293104952,
GSE100081,0.004604340985457842,-0.05543047293104952,
GSE100092,0.004604340985457842,-0.05543047293104952,
GSE100099,0.004604340985457842,-0.05543047293104952,
GSE100118,0.004604340985457842,-0.05543047293104952,
GSE100183,0.004604340985457842,-0.05543047293104952,
GSE99857,0.004604340985457842,-0.05543047293104952,
GSE96568,0.004604340985457842,-0.05543047293104952,
GSE96578,0.004604340985457842,-0.05543047293104952,
GSE96590,0.004604340985457842,-0.05543047293104952,
GSE96601,0.004604340985457842,-0.05543047293104952,
GSE96619,0.004604340985457842,-0.05543047293104952,
GSE96637,0.004604340985457842,-0.05543047293104952,
GSE96642,0.004604340985457842,-0.05543047293104952,
GSE96643,0.004604340985457842,-0.05543047293104952,
GSE96649,0.004604340985457842,-0.05543047293104952,
GSE96682,0.004604340985457842,-0.05543047293104952,
GSE96713,0.004604340985457842,-0.05543047293104952,
GSE97930,0.004604340985457842,-0.05543047293104952,
GSE96715,0.004604340985457842,-0.05543047293104952,
GSE96716,0.004604340985457842,-0.05543047293104952,
GSE96774,0.004604340985457842,-0.05543047293104952,
GSE96775,0.004604340985457842,-0.05543047293104952,
GSE96777,0.004604340985457842,-0.05543047293104952,
GSE96783,0.004604340985457842,-0.05543047293104952,
GSE96788,0.004604340985457842,-0.05543047293104952,
GSE96817,0.004604340985457842,-0.05543047293104952,
GSE96827,0.004604340985457842,-0.05543047293104952,
GSE96860,0.004604340985457842,-0.05543047293104952,
GSE96914,0.004604340985457842,-0.05543047293104952,
GSE96714,0.004604340985457842,-0.05543047293104952,
GSE95455,0.004604340985457842,-0.05543047293104952,
GSE95513,0.004604340985457842,-0.05543047293104952,
GSE95516,0.004604340985457842,-0.05543047293104952,
GSE95540,0.004604340985457842,-0.05543047293104952,
GSE95542,0.004604340985457842,-0.05543047293104952,
GSE95558,0.004604340985457842,-0.05543047293104952,
GSE95561,0.004604340985457842,-0.05543047293104952,
GSE95573,0.004604340985457842,-0.05543047293104952,
GSE95587,0.004604340985457842,-0.05543047293104952,
GSE95605,0.004604340985457842,-0.05543047293104952,
GSE95623,0.004604340985457842,-0.05543047293104952,
GSE96564,0.004604340985457842,-0.05543047293104952,
GSE95750,0.004604340985457842,-0.05543047293104952,
GSE95820,0.004604340985457842,-0.05543047293104952,
GSE95837,0.004604340985457842,-0.05543047293104952,
GSE95860,0.004604340985457842,-0.05543047293104952,
GSE96048,0.004604340985457842,-0.05543047293104952,
GSE96056,0.004604340985457842,-0.05543047293104952,
GSE96075,0.004604340985457842,-0.05543047293104952,
GSE96083,0.004604340985457842,-0.05543047293104952,
GSE96544,0.004604340985457842,-0.05543047293104952,
GSE96560,0.004604340985457842,-0.05543047293104952,
GSE96562,0.004604340985457842,-0.05543047293104952,
GSE96563,0.004604340985457842,-0.05543047293104952,
GSE95703,0.004604340985457842,-0.05543047293104952,
GSE97443,0.004604340985457842,-0.05543047293104952,
GSE97460,0.004604340985457842,-0.05543047293104952,
GSE97513,0.004604340985457842,-0.05543047293104952,
GSE97575,0.004604340985457842,-0.05543047293104952,
GSE97577,0.004604340985457842,-0.05543047293104952,
GSE97589,0.004604340985457842,-0.05543047293104952,
GSE97590,0.004604340985457842,-0.05543047293104952,
GSE97591,0.004604340985457842,-0.05543047293104952,
GSE97619,0.004604340985457842,-0.05543047293104952,
GSE97632,0.004604340985457842,-0.05543047293104952,
GSE97647,0.004604340985457842,-0.05543047293104952,
GSE96987,0.004604340985457842,-0.05543047293104952,
GSE97672,0.004604340985457842,-0.05543047293104952,
GSE97679,0.004604340985457842,-0.05543047293104952,
GSE97681,0.004604340985457842,-0.05543047293104952,
GSE97710,0.004604340985457842,-0.05543047293104952,
GSE97725,0.004604340985457842,-0.05543047293104952,
GSE97768,0.004604340985457842,-0.05543047293104952,
GSE97774,0.004604340985457842,-0.05543047293104952,
GSE97815,0.004604340985457842,-0.05543047293104952,
GSE97881,0.004604340985457842,-0.05543047293104952,
GSE97904,0.004604340985457842,-0.05543047293104952,
GSE97919,0.004604340985457842,-0.05543047293104952,
GSE97668,0.004604340985457842,-0.05543047293104952,
GSE96999,0.004604340985457842,-0.05543047293104952,
GSE97003,0.004604340985457842,-0.05543047293104952,
GSE97009,0.004604340985457842,-0.05543047293104952,
GSE97033,0.004604340985457842,-0.05543047293104952,
GSE97036,0.004604340985457842,-0.05543047293104952,
GSE97041,0.004604340985457842,-0.05543047293104952,
GSE97080,0.004604340985457842,-0.05543047293104952,
GSE97100,0.004604340985457842,-0.05543047293104952,
GSE97140,0.004604340985457842,-0.05543047293104952,
GSE97142,0.004604340985457842,-0.05543047293104952,
GSE97156,0.004604340985457842,-0.05543047293104952,
GSE97404,0.004604340985457842,-0.05543047293104952,
GSE97165,0.004604340985457842,-0.05543047293104952,
GSE97168,0.004604340985457842,-0.05543047293104952,
GSE97204,0.004604340985457842,-0.05543047293104952,
GSE97214,0.004604340985457842,-0.05543047293104952,
GSE97215,0.004604340985457842,-0.05543047293104952,
GSE97239,0.004604340985457842,-0.05543047293104952,
GSE97259,0.004604340985457842,-0.05543047293104952,
GSE97273,0.004604340985457842,-0.05543047293104952,
GSE97324,0.004604340985457842,-0.05543047293104952,
GSE97384,0.004604340985457842,-0.05543047293104952,
GSE97388,0.004604340985457842,-0.05543047293104952,
GSE97398,0.004604340985457842,-0.05543047293104952,
GSE97158,0.004604340985457842,-0.05543047293104952,
GSE85306,0.004604340985457842,-0.05543047293104952,
GSE85324,0.004604340985457842,-0.05543047293104952,
GSE85331,0.004604340985457842,-0.05543047293104952,
GSE85361,0.004604340985457842,-0.05543047293104952,
GSE85378,0.004604340985457842,-0.05543047293104952,
GSE85417,0.004604340985457842,-0.05543047293104952,
GSE85431,0.004604340985457842,-0.05543047293104952,
GSE85447,0.004604340985457842,-0.05543047293104952,
GSE85455,0.004604340985457842,-0.05543047293104952,
GSE85465,0.004604340985457842,-0.05543047293104952,
GSE85527,0.004604340985457842,-0.05543047293104952,
GSE90874,0.004604340985457842,-0.05543047293104952,
GSE85531,0.004604340985457842,-0.05543047293104952,
GSE85556,0.004604340985457842,-0.05543047293104952,
GSE85557,0.004604340985457842,-0.05543047293104952,
GSE85565,0.004604340985457842,-0.05543047293104952,
GSE85567,0.004604340985457842,-0.05543047293104952,
GSE85579,0.004604340985457842,-0.05543047293104952,
GSE85623,0.004604340985457842,-0.05543047293104952,
GSE85671,0.004604340985457842,-0.05543047293104952,
GSE85685,0.004604340985457842,-0.05543047293104952,
GSE85689,0.004604340985457842,-0.05543047293104952,
GSE85761,0.004604340985457842,-0.05543047293104952,
GSE85530,0.004604340985457842,-0.05543047293104952,
GSE85037,0.004604340985457842,-0.05543047293104952,
GSE85050,0.004604340985457842,-0.05543047293104952,
GSE85082,0.004604340985457842,-0.05543047293104952,
GSE85083,0.004604340985457842,-0.05543047293104952,
GSE85088,0.004604340985457842,-0.05543047293104952,
GSE85089,0.004604340985457842,-0.05543047293104952,
GSE85107,0.004604340985457842,-0.05543047293104952,
GSE85111,0.004604340985457842,-0.05543047293104952,
GSE85118,0.004604340985457842,-0.05543047293104952,
GSE73527,0.004604340985457842,-0.05543047293104952,
GSE85143,0.004604340985457842,-0.05543047293104952,
GSE85297,0.004604340985457842,-0.05543047293104952,
GSE85161,0.004604340985457842,-0.05543047293104952,
GSE85183,0.004604340985457842,-0.05543047293104952,
GSE85187,0.004604340985457842,-0.05543047293104952,
GSE85201,0.004604340985457842,-0.05543047293104952,
GSE85223,0.004604340985457842,-0.05543047293104952,
GSE85227,0.004604340985457842,-0.05543047293104952,
GSE85241,0.004604340985457842,-0.05543047293104952,
GSE85243,0.004604340985457842,-0.05543047293104952,
GSE85263,0.004604340985457842,-0.05543047293104952,
GSE85271,0.004604340985457842,-0.05543047293104952,
GSE85294,0.004604340985457842,-0.05543047293104952,
GSE85159,0.004604340985457842,-0.05543047293104952,
GSE86153,0.004604340985457842,-0.05543047293104952,
GSE86159,0.004604340985457842,-0.05543047293104952,
GSE86165,0.004604340985457842,-0.05543047293104952,
GSE86190,0.004604340985457842,-0.05543047293104952,
GSE86202,0.004604340985457842,-0.05543047293104952,
GSE86219,0.004604340985457842,-0.05543047293104952,
GSE86221,0.004604340985457842,-0.05543047293104952,
GSE86237,0.004604340985457842,-0.05543047293104952,
GSE86239,0.004604340985457842,-0.05543047293104952,
GSE86308,0.004604340985457842,-0.05543047293104952,
GSE86316,0.004604340985457842,-0.05543047293104952,
GSE85782,0.004604340985457842,-0.05543047293104952,
GSE86337,0.004604340985457842,-0.05543047293104952,
GSE86344,0.004604340985457842,-0.05543047293104952,
GSE86348,0.004604340985457842,-0.05543047293104952,
GSE86356,0.004604340985457842,-0.05543047293104952,
GSE86387,0.004604340985457842,-0.05543047293104952,
GSE86394,0.004604340985457842,-0.05543047293104952,
GSE86422,0.004604340985457842,-0.05543047293104952,
GSE86451,0.004604340985457842,-0.05543047293104952,
GSE86452,0.004604340985457842,-0.05543047293104952,
GSE86473,0.004604340985457842,-0.05543047293104952,
GSE86480,0.004604340985457842,-0.05543047293104952,
GSE86333,0.004604340985457842,-0.05543047293104952,
GSE85783,0.004604340985457842,-0.05543047293104952,
GSE85791,0.004604340985457842,-0.05543047293104952,
GSE85799,0.004604340985457842,-0.05543047293104952,
GSE85800,0.004604340985457842,-0.05543047293104952,
GSE85840,0.004604340985457842,-0.05543047293104952,
GSE85857,0.004604340985457842,-0.05543047293104952,
GSE85861,0.004604340985457842,-0.05543047293104952,
GSE85870,0.004604340985457842,-0.05543047293104952,
GSE85897,0.004604340985457842,-0.05543047293104952,
GSE85910,0.004604340985457842,-0.05543047293104952,
GSE85917,0.004604340985457842,-0.05543047293104952,
GSE86151,0.004604340985457842,-0.05543047293104952,
GSE85941,0.004604340985457842,-0.05543047293104952,
GSE85953,0.004604340985457842,-0.05543047293104952,
GSE85969,0.004604340985457842,-0.05543047293104952,
GSE85988,0.004604340985457842,-0.05543047293104952,
GSE86007,0.004604340985457842,-0.05543047293104952,
GSE86053,0.004604340985457842,-0.05543047293104952,
GSE86101,0.004604340985457842,-0.05543047293104952,
GSE86102,0.004604340985457842,-0.05543047293104952,
GSE86103,0.004604340985457842,-0.05543047293104952,
GSE86104,0.004604340985457842,-0.05543047293104952,
GSE86146,0.004604340985457842,-0.05543047293104952,
GSE86148,0.004604340985457842,-0.05543047293104952,
GSE85935,0.004604340985457842,-0.05543047293104952,
GSE84054,0.004604340985457842,-0.05543047293104952,
GSE84068,0.004604340985457842,-0.05543047293104952,
GSE84070,0.004604340985457842,-0.05543047293104952,
GSE84073,0.004604340985457842,-0.05543047293104952,
GSE84076,0.004604340985457842,-0.05543047293104952,
GSE84085,0.004604340985457842,-0.05543047293104952,
GSE84166,0.004604340985457842,-0.05543047293104952,
GSE84170,0.004604340985457842,-0.05543047293104952,
GSE84188,0.004604340985457842,-0.05543047293104952,
GSE84197,0.004604340985457842,-0.05543047293104952,
GSE84204,0.004604340985457842,-0.05543047293104952,
GSE85013,0.004604340985457842,-0.05543047293104952,
GSE84237,0.004604340985457842,-0.05543047293104952,
GSE84259,0.004604340985457842,-0.05543047293104952,
GSE84275,0.004604340985457842,-0.05543047293104952,
GSE84293,0.004604340985457842,-0.05543047293104952,
GSE84322,0.004604340985457842,-0.05543047293104952,
GSE84323,0.004604340985457842,-0.05543047293104952,
GSE84325,0.004604340985457842,-0.05543047293104952,
GSE84335,0.004604340985457842,-0.05543047293104952,
GSE84336,0.004604340985457842,-0.05543047293104952,
GSE84337,0.004604340985457842,-0.05543047293104952,
GSE84339,0.004604340985457842,-0.05543047293104952,
GSE84231,0.004604340985457842,-0.05543047293104952,
GSE83637,0.004604340985457842,-0.05543047293104952,
GSE83645,0.004604340985457842,-0.05543047293104952,
GSE83647,0.004604340985457842,-0.05543047293104952,
GSE83649,0.004604340985457842,-0.05543047293104952,
GSE83652,0.004604340985457842,-0.05543047293104952,
GSE83660,0.004604340985457842,-0.05543047293104952,
GSE83671,0.004604340985457842,-0.05543047293104952,
GSE83687,0.004604340985457842,-0.05543047293104952,
GSE83717,0.004604340985457842,-0.05543047293104952,
GSE83719,0.004604340985457842,-0.05543047293104952,
GSE83724,0.004604340985457842,-0.05543047293104952,
GSE84023,0.004604340985457842,-0.05543047293104952,
GSE83765,0.004604340985457842,-0.05543047293104952,
GSE83772,0.004604340985457842,-0.05543047293104952,
GSE83786,0.004604340985457842,-0.05543047293104952,
GSE83808,0.004604340985457842,-0.05543047293104952,
GSE83816,0.004604340985457842,-0.05543047293104952,
GSE83849,0.004604340985457842,-0.05543047293104952,
GSE83886,0.004604340985457842,-0.05543047293104952,
GSE83888,0.004604340985457842,-0.05543047293104952,
GSE83919,0.004604340985457842,-0.05543047293104952,
GSE83939,0.004604340985457842,-0.05543047293104952,
GSE84022,0.004604340985457842,-0.05543047293104952,
GSE83763,0.004604340985457842,-0.05543047293104952,
GSE84714,0.004604340985457842,-0.05543047293104952,
GSE84773,0.004604340985457842,-0.05543047293104952,
GSE84776,0.004604340985457842,-0.05543047293104952,
GSE84789,0.004604340985457842,-0.05543047293104952,
GSE84814,0.004604340985457842,-0.05543047293104952,
GSE84815,0.004604340985457842,-0.05543047293104952,
GSE84826,0.004604340985457842,-0.05543047293104952,
GSE84829,0.004604340985457842,-0.05543047293104952,
GSE84852,0.004604340985457842,-0.05543047293104952,
GSE84863,0.004604340985457842,-0.05543047293104952,
GSE84865,0.004604340985457842,-0.05543047293104952,
GSE84346,0.004604340985457842,-0.05543047293104952,
GSE84877,0.004604340985457842,-0.05543047293104952,
GSE84884,0.004604340985457842,-0.05543047293104952,
GSE84896,0.004604340985457842,-0.05543047293104952,
GSE84897,0.004604340985457842,-0.05543047293104952,
GSE84902,0.004604340985457842,-0.05543047293104952,
GSE84913,0.004604340985457842,-0.05543047293104952,
GSE84944,0.004604340985457842,-0.05543047293104952,
GSE84986,0.004604340985457842,-0.05543047293104952,
GSE85001,0.004604340985457842,-0.05543047293104952,
GSE85008,0.004604340985457842,-0.05543047293104952,
GSE85011,0.004604340985457842,-0.05543047293104952,
GSE84868,0.004604340985457842,-0.05543047293104952,
GSE84358,0.004604340985457842,-0.05543047293104952,
GSE84359,0.004604340985457842,-0.05543047293104952,
GSE84389,0.004604340985457842,-0.05543047293104952,
GSE84405,0.004604340985457842,-0.05543047293104952,
GSE84425,0.004604340985457842,-0.05543047293104952,
GSE84432,0.004604340985457842,-0.05543047293104952,
GSE84461,0.004604340985457842,-0.05543047293104952,
GSE84465,0.004604340985457842,-0.05543047293104952,
GSE84471,0.004604340985457842,-0.05543047293104952,
GSE84504,0.004604340985457842,-0.05543047293104952,
GSE84531,0.004604340985457842,-0.05543047293104952,
GSE84706,0.004604340985457842,-0.05543047293104952,
GSE84582,0.004604340985457842,-0.05543047293104952,
GSE84629,0.004604340985457842,-0.05543047293104952,
GSE84631,0.004604340985457842,-0.05543047293104952,
GSE84636,0.004604340985457842,-0.05543047293104952,
GSE84661,0.004604340985457842,-0.05543047293104952,
GSE84666,0.004604340985457842,-0.05543047293104952,
GSE84675,0.004604340985457842,-0.05543047293104952,
GSE84684,0.004604340985457842,-0.05543047293104952,
GSE84686,0.004604340985457842,-0.05543047293104952,
GSE84691,0.004604340985457842,-0.05543047293104952,
GSE84694,0.004604340985457842,-0.05543047293104952,
GSE84697,0.004604340985457842,-0.05543047293104952,
GSE84577,0.004604340985457842,-0.05543047293104952,
GSE89235,0.004604340985457842,-0.05543047293104952,
GSE89339,0.004604340985457842,-0.05543047293104952,
GSE89385,0.004604340985457842,-0.05543047293104952,
GSE89442,0.004604340985457842,-0.05543047293104952,
GSE89446,0.004604340985457842,-0.05543047293104952,
GSE89448,0.004604340985457842,-0.05543047293104952,
GSE89476,0.004604340985457842,-0.05543047293104952,
GSE89479,0.004604340985457842,-0.05543047293104952,
GSE89497,0.004604340985457842,-0.05543047293104952,
GSE89503,0.004604340985457842,-0.05543047293104952,
GSE89511,0.004604340985457842,-0.05543047293104952,
GSE86491,0.004604340985457842,-0.05543047293104952,
GSE89569,0.004604340985457842,-0.05543047293104952,
GSE89623,0.004604340985457842,-0.05543047293104952,
GSE89672,0.004604340985457842,-0.05543047293104952,
GSE89701,0.004604340985457842,-0.05543047293104952,
GSE89714,0.004604340985457842,-0.05543047293104952,
GSE89725,0.004604340985457842,-0.05543047293104952,
GSE89726,0.004604340985457842,-0.05543047293104952,
GSE89729,0.004604340985457842,-0.05543047293104952,
GSE89745,0.004604340985457842,-0.05543047293104952,
GSE89775,0.004604340985457842,-0.05543047293104952,
GSE89777,0.004604340985457842,-0.05543047293104952,
GSE89542,0.004604340985457842,-0.05543047293104952,
GSE88946,0.004604340985457842,-0.05543047293104952,
GSE88956,0.004604340985457842,-0.05543047293104952,
GSE88977,0.004604340985457842,-0.05543047293104952,
GSE88997,0.004604340985457842,-0.05543047293104952,
GSE89008,0.004604340985457842,-0.05543047293104952,
GSE89049,0.004604340985457842,-0.05543047293104952,
GSE89057,0.004604340985457842,-0.05543047293104952,
GSE89062,0.004604340985457842,-0.05543047293104952,
GSE89063,0.004604340985457842,-0.05543047293104952,
GSE89110,0.004604340985457842,-0.05543047293104952,
GSE89115,0.004604340985457842,-0.05543047293104952,
GSE89234,0.004604340985457842,-0.05543047293104952,
GSE89127,0.004604340985457842,-0.05543047293104952,
GSE89134,0.004604340985457842,-0.05543047293104952,
GSE89152,0.004604340985457842,-0.05543047293104952,
GSE89154,0.004604340985457842,-0.05543047293104952,
GSE89179,0.004604340985457842,-0.05543047293104952,
GSE89182,0.004604340985457842,-0.05543047293104952,
GSE89205,0.004604340985457842,-0.05543047293104952,
GSE89223,0.004604340985457842,-0.05543047293104952,
GSE89225,0.004604340985457842,-0.05543047293104952,
GSE89226,0.004604340985457842,-0.05543047293104952,
GSE89232,0.004604340985457842,-0.05543047293104952,
GSE89122,0.004604340985457842,-0.05543047293104952,
GSE90111,0.004604340985457842,-0.05543047293104952,
GSE90444,0.004604340985457842,-0.05543047293104952,
GSE90491,0.004604340985457842,-0.05543047293104952,
GSE90523,0.004604340985457842,-0.05543047293104952,
GSE90552,0.004604340985457842,-0.05543047293104952,
GSE90566,0.004604340985457842,-0.05543047293104952,
GSE90599,0.004604340985457842,-0.05543047293104952,
GSE90634,0.004604340985457842,-0.05543047293104952,
GSE90657,0.004604340985457842,-0.05543047293104952,
GSE90659,0.004604340985457842,-0.05543047293104952,
GSE90682,0.004604340985457842,-0.05543047293104952,
GSE89779,0.004604340985457842,-0.05543047293104952,
GSE90711,0.004604340985457842,-0.05543047293104952,
GSE90718,0.004604340985457842,-0.05543047293104952,
GSE90728,0.004604340985457842,-0.05543047293104952,
GSE90729,0.004604340985457842,-0.05543047293104952,
GSE90734,0.004604340985457842,-0.05543047293104952,
GSE90748,0.004604340985457842,-0.05543047293104952,
GSE90749,0.004604340985457842,-0.05543047293104952,
GSE90781,0.004604340985457842,-0.05543047293104952,
GSE90796,0.004604340985457842,-0.05543047293104952,
GSE90830,0.004604340985457842,-0.05543047293104952,
GSE90834,0.004604340985457842,-0.05543047293104952,
GSE90683,0.004604340985457842,-0.05543047293104952,
GSE89790,0.004604340985457842,-0.05543047293104952,
GSE89799,0.004604340985457842,-0.05543047293104952,
GSE89807,0.004604340985457842,-0.05543047293104952,
GSE89831,0.004604340985457842,-0.05543047293104952,
GSE89838,0.004604340985457842,-0.05543047293104952,
GSE89839,0.004604340985457842,-0.05543047293104952,
GSE89840,0.004604340985457842,-0.05543047293104952,
GSE89843,0.004604340985457842,-0.05543047293104952,
GSE89872,0.004604340985457842,-0.05543047293104952,
GSE89879,0.004604340985457842,-0.05543047293104952,
GSE89888,0.004604340985457842,-0.05543047293104952,
GSE90087,0.004604340985457842,-0.05543047293104952,
GSE89917,0.004604340985457842,-0.05543047293104952,
GSE89926,0.004604340985457842,-0.05543047293104952,
GSE89930,0.004604340985457842,-0.05543047293104952,
GSE89940,0.004604340985457842,-0.05543047293104952,
GSE89942,0.004604340985457842,-0.05543047293104952,
GSE89950,0.004604340985457842,-0.05543047293104952,
GSE89970,0.004604340985457842,-0.05543047293104952,
GSE89972,0.004604340985457842,-0.05543047293104952,
GSE89980,0.004604340985457842,-0.05543047293104952,
GSE89991,0.004604340985457842,-0.05543047293104952,
GSE90013,0.004604340985457842,-0.05543047293104952,
GSE90081,0.004604340985457842,-0.05543047293104952,
GSE89895,0.004604340985457842,-0.05543047293104952,
GSE86956,0.004604340985457842,-0.05543047293104952,
GSE86958,0.004604340985457842,-0.05543047293104952,
GSE86977,0.004604340985457842,-0.05543047293104952,
GSE86982,0.004604340985457842,-0.05543047293104952,
GSE86985,0.004604340985457842,-0.05543047293104952,
GSE86986,0.004604340985457842,-0.05543047293104952,
GSE87055,0.004604340985457842,-0.05543047293104952,
GSE87087,0.004604340985457842,-0.05543047293104952,
GSE87088,0.004604340985457842,-0.05543047293104952,
GSE87110,0.004604340985457842,-0.05543047293104952,
GSE87169,0.004604340985457842,-0.05543047293104952,
GSE88945,0.004604340985457842,-0.05543047293104952,
GSE87187,0.004604340985457842,-0.05543047293104952,
GSE87189,0.004604340985457842,-0.05543047293104952,
GSE87194,0.004604340985457842,-0.05543047293104952,
GSE87198,0.004604340985457842,-0.05543047293104952,
GSE87231,0.004604340985457842,-0.05543047293104952,
GSE87237,0.004604340985457842,-0.05543047293104952,
GSE87240,0.004604340985457842,-0.05543047293104952,
GSE87257,0.004604340985457842,-0.05543047293104952,
GSE87273,0.004604340985457842,-0.05543047293104952,
GSE87285,0.004604340985457842,-0.05543047293104952,
GSE87290,0.004604340985457842,-0.05543047293104952,
GSE87186,0.004604340985457842,-0.05543047293104952,
GSE86497,0.004604340985457842,-0.05543047293104952,
GSE86503,0.004604340985457842,-0.05543047293104952,
GSE86504,0.004604340985457842,-0.05543047293104952,
GSE86506,0.004604340985457842,-0.05543047293104952,
GSE86518,0.004604340985457842,-0.05543047293104952,
GSE86538,0.004604340985457842,-0.05543047293104952,
GSE86562,0.004604340985457842,-0.05543047293104952,
GSE86563,0.004604340985457842,-0.05543047293104952,
GSE86564,0.004604340985457842,-0.05543047293104952,
GSE86577,0.004604340985457842,-0.05543047293104952,
GSE86602,0.004604340985457842,-0.05543047293104952,
GSE86940,0.004604340985457842,-0.05543047293104952,
GSE86611,0.004604340985457842,-0.05543047293104952,
GSE86618,0.004604340985457842,-0.05543047293104952,
GSE86654,0.004604340985457842,-0.05543047293104952,
GSE86813,0.004604340985457842,-0.05543047293104952,
GSE86821,0.004604340985457842,-0.05543047293104952,
GSE86855,0.004604340985457842,-0.05543047293104952,
GSE86874,0.004604340985457842,-0.05543047293104952,
GSE86884,0.004604340985457842,-0.05543047293104952,
GSE86896,0.004604340985457842,-0.05543047293104952,
GSE86906,0.004604340985457842,-0.05543047293104952,
GSE86910,0.004604340985457842,-0.05543047293104952,
GSE86931,0.004604340985457842,-0.05543047293104952,
GSE86610,0.004604340985457842,-0.05543047293104952,
GSE87617,0.004604340985457842,-0.05543047293104952,
GSE87641,0.004604340985457842,-0.05543047293104952,
GSE87660,0.004604340985457842,-0.05543047293104952,
GSE87679,0.004604340985457842,-0.05543047293104952,
GSE87701,0.004604340985457842,-0.05543047293104952,
GSE87708,0.004604340985457842,-0.05543047293104952,
GSE87720,0.004604340985457842,-0.05543047293104952,
GSE87725,0.004604340985457842,-0.05543047293104952,
GSE87748,0.004604340985457842,-0.05543047293104952,
GSE87750,0.004604340985457842,-0.05543047293104952,
GSE87809,0.004604340985457842,-0.05543047293104952,
GSE87307,0.004604340985457842,-0.05543047293104952,
GSE87849,0.004604340985457842,-0.05543047293104952,
GSE87891,0.004604340985457842,-0.05543047293104952,
GSE88710,0.004604340985457842,-0.05543047293104952,
GSE88741,0.004604340985457842,-0.05543047293104952,
GSE88750,0.004604340985457842,-0.05543047293104952,
GSE88802,0.004604340985457842,-0.05543047293104952,
GSE88850,0.004604340985457842,-0.05543047293104952,
GSE88858,0.004604340985457842,-0.05543047293104952,
GSE88931,0.004604340985457842,-0.05543047293104952,
GSE88943,0.004604340985457842,-0.05543047293104952,
GSE88944,0.004604340985457842,-0.05543047293104952,
GSE87831,0.004604340985457842,-0.05543047293104952,
GSE87320,0.004604340985457842,-0.05543047293104952,
GSE87326,0.004604340985457842,-0.05543047293104952,
GSE87328,0.004604340985457842,-0.05543047293104952,
GSE87340,0.004604340985457842,-0.05543047293104952,
GSE87360,0.004604340985457842,-0.05543047293104952,
GSE87392,0.004604340985457842,-0.05543047293104952,
GSE87399,0.004604340985457842,-0.05543047293104952,
GSE87400,0.004604340985457842,-0.05543047293104952,
GSE87426,0.004604340985457842,-0.05543047293104952,
GSE87456,0.004604340985457842,-0.05543047293104952,
GSE87476,0.004604340985457842,-0.05543047293104952,
GSE87615,0.004604340985457842,-0.05543047293104952,
GSE87495,0.004604340985457842,-0.05543047293104952,
GSE87497,0.004604340985457842,-0.05543047293104952,
GSE87515,0.004604340985457842,-0.05543047293104952,
GSE87517,0.004604340985457842,-0.05543047293104952,
GSE87532,0.004604340985457842,-0.05543047293104952,
GSE87534,0.004604340985457842,-0.05543047293104952,
GSE87535,0.004604340985457842,-0.05543047293104952,
GSE87540,0.004604340985457842,-0.05543047293104952,
GSE87541,0.004604340985457842,-0.05543047293104952,
GSE87554,0.004604340985457842,-0.05543047293104952,
GSE87581,0.004604340985457842,-0.05543047293104952,
GSE87585,0.004604340985457842,-0.05543047293104952,
GSE87487,0.004604340985457842,-0.05543047293104952,
GSE40665,0.004604340985457842,-0.05543047293104952,
GSE40705,0.004604340985457842,-0.05543047293104952,
GSE40718,0.004604340985457842,-0.05543047293104952,
GSE40783,0.004604340985457842,-0.05543047293104952,
GSE40859,0.004604340985457842,-0.05543047293104952,
GSE40953,0.004604340985457842,-0.05543047293104952,
GSE40996,0.004604340985457842,-0.05543047293104952,
GSE41009,0.004604340985457842,-0.05543047293104952,
GSE41074,0.004604340985457842,-0.05543047293104952,
GSE41166,0.004604340985457842,-0.05543047293104952,
GSE41245,0.004604340985457842,-0.05543047293104952,
GSE100688,0.004604340985457842,-0.05543047293104952,
GSE41279,0.004604340985457842,-0.05543047293104952,
GSE41357,0.004604340985457842,-0.05543047293104952,
GSE41359,0.004604340985457842,-0.05543047293104952,
GSE41476,0.004604340985457842,-0.05543047293104952,
GSE41586,0.004604340985457842,-0.05543047293104952,
GSE41616,0.004604340985457842,-0.05543047293104952,
GSE41745,0.004604340985457842,-0.05543047293104952,
GSE41761,0.004604340985457842,-0.05543047293104952,
GSE41795,0.004604340985457842,-0.05543047293104952,
GSE42006,0.004604340985457842,-0.05543047293104952,
GSE42142,0.004604340985457842,-0.05543047293104952,
GSE41264,0.004604340985457842,-0.05543047293104952,
GSE39305,0.004604340985457842,-0.05543047293104952,
GSE39527,0.004604340985457842,-0.05543047293104952,
GSE39561,0.004604340985457842,-0.05543047293104952,
GSE39661,0.004604340985457842,-0.05543047293104952,
GSE39682,0.004604340985457842,-0.05543047293104952,
GSE39757,0.004604340985457842,-0.05543047293104952,
GSE39776,0.004604340985457842,-0.05543047293104952,
GSE39821,0.004604340985457842,-0.05543047293104952,
GSE39957,0.004604340985457842,-0.05543047293104952,
GSE40049,0.004604340985457842,-0.05543047293104952,
GSE40050,0.004604340985457842,-0.05543047293104952,
GSE40632,0.004604340985457842,-0.05543047293104952,
GSE40111,0.004604340985457842,-0.05543047293104952,
GSE40114,0.004604340985457842,-0.05543047293104952,
GSE40131,0.004604340985457842,-0.05543047293104952,
GSE40137,0.004604340985457842,-0.05543047293104952,
GSE40174,0.004604340985457842,-0.05543047293104952,
GSE40228,0.004604340985457842,-0.05543047293104952,
GSE40243,0.004604340985457842,-0.05543047293104952,
GSE40291,0.004604340985457842,-0.05543047293104952,
GSE40310,0.004604340985457842,-0.05543047293104952,
GSE40548,0.004604340985457842,-0.05543047293104952,
GSE40591,0.004604340985457842,-0.05543047293104952,
GSE40069,0.004604340985457842,-0.05543047293104952,
GSE44256,0.004604340985457842,-0.05543047293104952,
GSE44267,0.004604340985457842,-0.05543047293104952,
GSE44376,0.004604340985457842,-0.05543047293104952,
GSE44377,0.004604340985457842,-0.05543047293104952,
GSE44378,0.004604340985457842,-0.05543047293104952,
GSE44379,0.004604340985457842,-0.05543047293104952,
GSE44384,0.004604340985457842,-0.05543047293104952,
GSE44385,0.004604340985457842,-0.05543047293104952,
GSE44457,0.004604340985457842,-0.05543047293104952,
GSE44568,0.004604340985457842,-0.05543047293104952,
GSE44585,0.004604340985457842,-0.05543047293104952,
GSE42146,0.004604340985457842,-0.05543047293104952,
GSE44618,0.004604340985457842,-0.05543047293104952,
GSE44646,0.004604340985457842,-0.05543047293104952,
GSE44769,0.004604340985457842,-0.05543047293104952,
GSE44801,0.004604340985457842,-0.05543047293104952,
GSE44866,0.004604340985457842,-0.05543047293104952,
GSE44875,0.004604340985457842,-0.05543047293104952,
GSE44953,0.004604340985457842,-0.05543047293104952,
GSE45133,0.004604340985457842,-0.05543047293104952,
GSE45144,0.004604340985457842,-0.05543047293104952,
GSE45162,0.004604340985457842,-0.05543047293104952,
GSE45202,0.004604340985457842,-0.05543047293104952,
GSE44615,0.004604340985457842,-0.05543047293104952,
GSE42326,0.004604340985457842,-0.05543047293104952,
GSE42420,0.004604340985457842,-0.05543047293104952,
GSE42509,0.004604340985457842,-0.05543047293104952,
GSE42563,0.004604340985457842,-0.05543047293104952,
GSE42630,0.004604340985457842,-0.05543047293104952,
GSE42735,0.004604340985457842,-0.05543047293104952,
GSE42951,0.004604340985457842,-0.05543047293104952,
GSE42960,0.004604340985457842,-0.05543047293104952,
GSE43070,0.004604340985457842,-0.05543047293104952,
GSE43093,0.004604340985457842,-0.05543047293104952,
GSE43335,0.004604340985457842,-0.05543047293104952,
GSE44052,0.004604340985457842,-0.05543047293104952,
GSE43472,0.004604340985457842,-0.05543047293104952,
GSE43550,0.004604340985457842,-0.05543047293104952,
GSE43586,0.004604340985457842,-0.05543047293104952,
GSE43666,0.004604340985457842,-0.05543047293104952,
GSE43726,0.004604340985457842,-0.05543047293104952,
GSE43785,0.004604340985457842,-0.05543047293104952,
GSE43788,0.004604340985457842,-0.05543047293104952,
GSE43801,0.004604340985457842,-0.05543047293104952,
GSE43834,0.004604340985457842,-0.05543047293104952,
GSE43835,0.004604340985457842,-0.05543047293104952,
GSE43925,0.004604340985457842,-0.05543047293104952,
GSE43984,0.004604340985457842,-0.05543047293104952,
GSE43362,0.004604340985457842,-0.05543047293104952,
GSE32307,0.004604340985457842,-0.05543047293104952,
GSE32424,0.004604340985457842,-0.05543047293104952,
GSE32625,0.004604340985457842,-0.05543047293104952,
GSE32689,0.004604340985457842,-0.05543047293104952,
GSE32991,0.004604340985457842,-0.05543047293104952,
GSE33092,0.004604340985457842,-0.05543047293104952,
GSE33154,0.004604340985457842,-0.05543047293104952,
GSE33281,0.004604340985457842,-0.05543047293104952,
GSE33294,0.004604340985457842,-0.05543047293104952,
GSE33328,0.004604340985457842,-0.05543047293104952,
GSE33480,0.004604340985457842,-0.05543047293104952,
GSE39170,0.004604340985457842,-0.05543047293104952,
GSE33600,0.004604340985457842,-0.05543047293104952,
GSE33601,0.004604340985457842,-0.05543047293104952,
GSE33776,0.004604340985457842,-0.05543047293104952,
GSE33782,0.004604340985457842,-0.05543047293104952,
GSE33816,0.004604340985457842,-0.05543047293104952,
GSE34097,0.004604340985457842,-0.05543047293104952,
GSE34329,0.004604340985457842,-0.05543047293104952,
GSE34448,0.004604340985457842,-0.05543047293104952,
GSE34736,0.004604340985457842,-0.05543047293104952,
GSE34740,0.004604340985457842,-0.05543047293104952,
GSE34780,0.004604340985457842,-0.05543047293104952,
GSE33592,0.004604340985457842,-0.05543047293104952,
GSE28040,0.004604340985457842,-0.05543047293104952,
GSE28859,0.004604340985457842,-0.05543047293104952,
GSE28864,0.004604340985457842,-0.05543047293104952,
GSE28866,0.004604340985457842,-0.05543047293104952,
GSE29006,0.004604340985457842,-0.05543047293104952,
GSE29098,0.004604340985457842,-0.05543047293104952,
GSE29119,0.004604340985457842,-0.05543047293104952,
GSE29155,0.004604340985457842,-0.05543047293104952,
GSE29158,0.004604340985457842,-0.05543047293104952,
GSE29160,0.004604340985457842,-0.05543047293104952,
GSE29282,0.004604340985457842,-0.05543047293104952,
GSE32213,0.004604340985457842,-0.05543047293104952,
GSE29660,0.004604340985457842,-0.05543047293104952,
GSE29968,0.004604340985457842,-0.05543047293104952,
GSE30222,0.004604340985457842,-0.05543047293104952,
GSE30554,0.004604340985457842,-0.05543047293104952,
GSE30557,0.004604340985457842,-0.05543047293104952,
GSE30567,0.004604340985457842,-0.05543047293104952,
GSE30772,0.004604340985457842,-0.05543047293104952,
GSE30786,0.004604340985457842,-0.05543047293104952,
GSE31539,0.004604340985457842,-0.05543047293104952,
GSE31614,0.004604340985457842,-0.05543047293104952,
GSE32162,0.004604340985457842,-0.05543047293104952,
GSE29580,0.004604340985457842,-0.05543047293104952,
GSE37003,0.004604340985457842,-0.05543047293104952,
GSE37037,0.004604340985457842,-0.05543047293104952,
GSE37061,0.004604340985457842,-0.05543047293104952,
GSE37211,0.004604340985457842,-0.05543047293104952,
GSE37376,0.004604340985457842,-0.05543047293104952,
GSE37524,0.004604340985457842,-0.05543047293104952,
GSE37752,0.004604340985457842,-0.05543047293104952,
GSE37764,0.004604340985457842,-0.05543047293104952,
GSE37918,0.004604340985457842,-0.05543047293104952,
GSE38003,0.004604340985457842,-0.05543047293104952,
GSE38234,0.004604340985457842,-0.05543047293104952,
GSE35126,0.004604340985457842,-0.05543047293104952,
GSE38447,0.004604340985457842,-0.05543047293104952,
GSE38676,0.004604340985457842,-0.05543047293104952,
GSE38677,0.004604340985457842,-0.05543047293104952,
GSE38790,0.004604340985457842,-0.05543047293104952,
GSE38886,0.004604340985457842,-0.05543047293104952,
GSE38945,0.004604340985457842,-0.05543047293104952,
GSE38993,0.004604340985457842,-0.05543047293104952,
GSE38994,0.004604340985457842,-0.05543047293104952,
GSE39068,0.004604340985457842,-0.05543047293104952,
GSE39121,0.004604340985457842,-0.05543047293104952,
GSE39167,0.004604340985457842,-0.05543047293104952,
GSE38393,0.004604340985457842,-0.05543047293104952,
GSE35178,0.004604340985457842,-0.05543047293104952,
GSE35197,0.004604340985457842,-0.05543047293104952,
GSE35394,0.004604340985457842,-0.05543047293104952,
GSE35420,0.004604340985457842,-0.05543047293104952,
GSE35464,0.004604340985457842,-0.05543047293104952,
GSE35468,0.004604340985457842,-0.05543047293104952,
GSE35469,0.004604340985457842,-0.05543047293104952,
GSE35584,0.004604340985457842,-0.05543047293104952,
GSE35587,0.004604340985457842,-0.05543047293104952,
GSE35704,0.004604340985457842,-0.05543047293104952,
GSE35774,0.004604340985457842,-0.05543047293104952,
GSE37002,0.004604340985457842,-0.05543047293104952,
GSE36070,0.004604340985457842,-0.05543047293104952,
GSE36147,0.004604340985457842,-0.05543047293104952,
GSE36266,0.004604340985457842,-0.05543047293104952,
GSE36349,0.004604340985457842,-0.05543047293104952,
GSE36552,0.004604340985457842,-0.05543047293104952,
GSE36597,0.004604340985457842,-0.05543047293104952,
GSE36761,0.004604340985457842,-0.05543047293104952,
GSE36863,0.004604340985457842,-0.05543047293104952,
GSE36866,0.004604340985457842,-0.05543047293104952,
GSE36952,0.004604340985457842,-0.05543047293104952,
GSE36968,0.004604340985457842,-0.05543047293104952,
GSE37001,0.004604340985457842,-0.05543047293104952,
GSE36062,0.004604340985457842,-0.05543047293104952,
GSE51984,0.004604340985457842,-0.05543047293104952,
GSE52077,0.004604340985457842,-0.05543047293104952,
GSE52082,0.004604340985457842,-0.05543047293104952,
GSE52090,0.004604340985457842,-0.05543047293104952,
GSE52133,0.004604340985457842,-0.05543047293104952,
GSE52148,0.004604340985457842,-0.05543047293104952,
GSE52201,0.004604340985457842,-0.05543047293104952,
GSE52248,0.004604340985457842,-0.05543047293104952,
GSE52285,0.004604340985457842,-0.05543047293104952,
GSE52367,0.004604340985457842,-0.05543047293104952,
GSE52385,0.004604340985457842,-0.05543047293104952,
GSE45258,0.004604340985457842,-0.05543047293104952,
GSE52447,0.004604340985457842,-0.05543047293104952,
GSE52490,0.004604340985457842,-0.05543047293104952,
GSE52530,0.004604340985457842,-0.05543047293104952,
GSE52642,0.004604340985457842,-0.05543047293104952,
GSE52643,0.004604340985457842,-0.05543047293104952,
GSE52656,0.004604340985457842,-0.05543047293104952,
GSE52657,0.004604340985457842,-0.05543047293104952,
GSE52665,0.004604340985457842,-0.05543047293104952,
GSE52666,0.004604340985457842,-0.05543047293104952,
GSE52687,0.004604340985457842,-0.05543047293104952,
GSE52695,0.004604340985457842,-0.05543047293104952,
GSE52429,0.004604340985457842,-0.05543047293104952,
GSE50580,0.004604340985457842,-0.05543047293104952,
GSE50582,0.004604340985457842,-0.05543047293104952,
GSE50599,0.004604340985457842,-0.05543047293104952,
GSE50721,0.004604340985457842,-0.05543047293104952,
GSE50760,0.004604340985457842,-0.05543047293104952,
GSE50893,0.004604340985457842,-0.05543047293104952,
GSE50957,0.004604340985457842,-0.05543047293104952,
GSE50958,0.004604340985457842,-0.05543047293104952,
GSE51005,0.004604340985457842,-0.05543047293104952,
GSE51124,0.004604340985457842,-0.05543047293104952,
GSE51217,0.004604340985457842,-0.05543047293104952,
GSE51975,0.004604340985457842,-0.05543047293104952,
GSE51310,0.004604340985457842,-0.05543047293104952,
GSE51403,0.004604340985457842,-0.05543047293104952,
GSE51415,0.004604340985457842,-0.05543047293104952,
GSE51428,0.004604340985457842,-0.05543047293104952,
GSE51443,0.004604340985457842,-0.05543047293104952,
GSE51584,0.004604340985457842,-0.05543047293104952,
GSE51607,0.004604340985457842,-0.05543047293104952,
GSE51633,0.004604340985457842,-0.05543047293104952,
GSE51827,0.004604340985457842,-0.05543047293104952,
GSE51878,0.004604340985457842,-0.05543047293104952,
GSE51924,0.004604340985457842,-0.05543047293104952,
GSE51254,0.004604340985457842,-0.05543047293104952,
GSE53481,0.004604340985457842,-0.05543047293104952,
GSE53499,0.004604340985457842,-0.05543047293104952,
GSE53510,0.004604340985457842,-0.05543047293104952,
GSE53554,0.004604340985457842,-0.05543047293104952,
GSE53567,0.004604340985457842,-0.05543047293104952,
GSE53586,0.004604340985457842,-0.05543047293104952,
GSE53638,0.004604340985457842,-0.05543047293104952,
GSE53665,0.004604340985457842,-0.05543047293104952,
GSE53667,0.004604340985457842,-0.05543047293104952,
GSE53695,0.004604340985457842,-0.05543047293104952,
GSE53696,0.004604340985457842,-0.05543047293104952,
GSE52716,0.004604340985457842,-0.05543047293104952,
GSE53698,0.004604340985457842,-0.05543047293104952,
GSE53837,0.004604340985457842,-0.05543047293104952,
GSE53844,0.004604340985457842,-0.05543047293104952,
GSE54074,0.004604340985457842,-0.05543047293104952,
GSE54112,0.004604340985457842,-0.05543047293104952,
GSE54114,0.004604340985457842,-0.05543047293104952,
GSE54122,0.004604340985457842,-0.05543047293104952,
GSE54136,0.004604340985457842,-0.05543047293104952,
GSE54159,0.004604340985457842,-0.05543047293104952,
GSE54178,0.004604340985457842,-0.05543047293104952,
GSE54201,0.004604340985457842,-0.05543047293104952,
GSE53697,0.004604340985457842,-0.05543047293104952,
GSE52734,0.004604340985457842,-0.05543047293104952,
GSE52742,0.004604340985457842,-0.05543047293104952,
GSE52778,0.004604340985457842,-0.05543047293104952,
GSE52848,0.004604340985457842,-0.05543047293104952,
GSE52912,0.004604340985457842,-0.05543047293104952,
GSE52934,0.004604340985457842,-0.05543047293104952,
GSE52973,0.004604340985457842,-0.05543047293104952,
GSE52975,0.004604340985457842,-0.05543047293104952,
GSE53024,0.004604340985457842,-0.05543047293104952,
GSE53066,0.004604340985457842,-0.05543047293104952,
GSE53080,0.004604340985457842,-0.05543047293104952,
GSE53470,0.004604340985457842,-0.05543047293104952,
GSE53220,0.004604340985457842,-0.05543047293104952,
GSE53239,0.004604340985457842,-0.05543047293104952,
GSE53279,0.004604340985457842,-0.05543047293104952,
GSE53280,0.004604340985457842,-0.05543047293104952,
GSE53292,0.004604340985457842,-0.05543047293104952,
GSE53300,0.004604340985457842,-0.05543047293104952,
GSE53330,0.004604340985457842,-0.05543047293104952,
GSE53350,0.004604340985457842,-0.05543047293104952,
GSE53356,0.004604340985457842,-0.05543047293104952,
GSE53370,0.004604340985457842,-0.05543047293104952,
GSE53450,0.004604340985457842,-0.05543047293104952,
GSE53463,0.004604340985457842,-0.05543047293104952,
GSE53172,0.004604340985457842,-0.05543047293104952,
GSE46502,0.004604340985457842,-0.05543047293104952,
GSE46513,0.004604340985457842,-0.05543047293104952,
GSE46514,0.004604340985457842,-0.05543047293104952,
GSE46523,0.004604340985457842,-0.05543047293104952,
GSE46561,0.004604340985457842,-0.05543047293104952,
GSE46562,0.004604340985457842,-0.05543047293104952,
GSE46597,0.004604340985457842,-0.05543047293104952,
GSE46611,0.004604340985457842,-0.05543047293104952,
GSE46613,0.004604340985457842,-0.05543047293104952,
GSE46622,0.004604340985457842,-0.05543047293104952,
GSE46665,0.004604340985457842,-0.05543047293104952,
GSE50535,0.004604340985457842,-0.05543047293104952,
GSE46805,0.004604340985457842,-0.05543047293104952,
GSE46817,0.004604340985457842,-0.05543047293104952,
GSE46831,0.004604340985457842,-0.05543047293104952,
GSE46959,0.004604340985457842,-0.05543047293104952,
GSE46989,0.004604340985457842,-0.05543047293104952,
GSE47042,0.004604340985457842,-0.05543047293104952,
GSE47114,0.004604340985457842,-0.05543047293104952,
GSE47117,0.004604340985457842,-0.05543047293104952,
GSE47157,0.004604340985457842,-0.05543047293104952,
GSE47226,0.004604340985457842,-0.05543047293104952,
GSE47399,0.004604340985457842,-0.05543047293104952,
GSE46718,0.004604340985457842,-0.05543047293104952,
GSE45326,0.004604340985457842,-0.05543047293104952,
GSE45332,0.004604340985457842,-0.05543047293104952,
GSE45335,0.004604340985457842,-0.05543047293104952,
GSE45419,0.004604340985457842,-0.05543047293104952,
GSE45428,0.004604340985457842,-0.05543047293104952,
GSE45442,0.004604340985457842,-0.05543047293104952,
GSE45453,0.004604340985457842,-0.05543047293104952,
GSE45510,0.004604340985457842,-0.05543047293104952,
GSE45669,0.004604340985457842,-0.05543047293104952,
GSE45732,0.004604340985457842,-0.05543047293104952,
GSE45734,0.004604340985457842,-0.05543047293104952,
GSE46490,0.004604340985457842,-0.05543047293104952,
GSE45785,0.004604340985457842,-0.05543047293104952,
GSE45822,0.004604340985457842,-0.05543047293104952,
GSE45883,0.004604340985457842,-0.05543047293104952,
GSE45910,0.004604340985457842,-0.05543047293104952,
GSE46044,0.004604340985457842,-0.05543047293104952,
GSE46056,0.004604340985457842,-0.05543047293104952,
GSE46164,0.004604340985457842,-0.05543047293104952,
GSE46217,0.004604340985457842,-0.05543047293104952,
GSE46224,0.004604340985457842,-0.05543047293104952,
GSE46228,0.004604340985457842,-0.05543047293104952,
GSE46322,0.004604340985457842,-0.05543047293104952,
GSE45735,0.004604340985457842,-0.05543047293104952,
GSE49074,0.004604340985457842,-0.05543047293104952,
GSE49110,0.004604340985457842,-0.05543047293104952,
GSE49133,0.004604340985457842,-0.05543047293104952,
GSE49159,0.004604340985457842,-0.05543047293104952,
GSE49247,0.004604340985457842,-0.05543047293104952,
GSE49295,0.004604340985457842,-0.05543047293104952,
GSE49339,0.004604340985457842,-0.05543047293104952,
GSE49601,0.004604340985457842,-0.05543047293104952,
GSE49608,0.004604340985457842,-0.05543047293104952,
GSE49642,0.004604340985457842,-0.05543047293104952,
GSE49712,0.004604340985457842,-0.05543047293104952,
GSE47428,0.004604340985457842,-0.05543047293104952,
GSE49834,0.004604340985457842,-0.05543047293104952,
GSE49994,0.004604340985457842,-0.05543047293104952,
GSE50064,0.004604340985457842,-0.05543047293104952,
GSE50174,0.004604340985457842,-0.05543047293104952,
GSE50177,0.004604340985457842,-0.05543047293104952,
GSE50243,0.004604340985457842,-0.05543047293104952,
GSE50244,0.004604340985457842,-0.05543047293104952,
GSE50386,0.004604340985457842,-0.05543047293104952,
GSE50491,0.004604340985457842,-0.05543047293104952,
GSE50499,0.004604340985457842,-0.05543047293104952,
GSE50514,0.004604340985457842,-0.05543047293104952,
GSE49833,0.004604340985457842,-0.05543047293104952,
GSE47462,0.004604340985457842,-0.05543047293104952,
GSE47636,0.004604340985457842,-0.05543047293104952,
GSE47702,0.004604340985457842,-0.05543047293104952,
GSE47805,0.004604340985457842,-0.05543047293104952,
GSE47806,0.004604340985457842,-0.05543047293104952,
GSE47933,0.004604340985457842,-0.05543047293104952,
GSE47944,0.004604340985457842,-0.05543047293104952,
GSE48032,0.004604340985457842,-0.05543047293104952,
GSE48034,0.004604340985457842,-0.05543047293104952,
GSE48035,0.004604340985457842,-0.05543047293104952,
GSE48159,0.004604340985457842,-0.05543047293104952,
GSE48953,0.004604340985457842,-0.05543047293104952,
GSE48230,0.004604340985457842,-0.05543047293104952,
GSE48240,0.004604340985457842,-0.05543047293104952,
GSE48286,0.004604340985457842,-0.05543047293104952,
GSE48403,0.004604340985457842,-0.05543047293104952,
GSE48423,0.004604340985457842,-0.05543047293104952,
GSE48599,0.004604340985457842,-0.05543047293104952,
GSE48603,0.004604340985457842,-0.05543047293104952,
GSE48785,0.004604340985457842,-0.05543047293104952,
GSE48812,0.004604340985457842,-0.05543047293104952,
GSE48843,0.004604340985457842,-0.05543047293104952,
GSE48846,0.004604340985457842,-0.05543047293104952,
GSE48850,0.004604340985457842,-0.05543047293104952,
GSE48213,0.004604340985457842,-0.05543047293104952,
GSE102902,0.004604340985457842,-0.05543047293104952,
GSE102910,0.004604340985457842,-0.05543047293104952,
GSE102923,0.004604340985457842,-0.05543047293104952,
GSE102924,0.004604340985457842,-0.05543047293104952,
GSE102943,0.004604340985457842,-0.05543047293104952,
GSE103001,0.004604340985457842,-0.05543047293104952,
GSE103016,0.004604340985457842,-0.05543047293104952,
GSE103021,0.004604340985457842,-0.05543047293104952,
GSE103029,0.004604340985457842,-0.05543047293104952,
GSE103071,0.004604340985457842,-0.05543047293104952,
GSE103114,0.004604340985457842,-0.05543047293104952,
GSE27823,0.004604340985457842,-0.05543047293104952,
GSE103147,0.004604340985457842,-0.05543047293104952,
GSE103152,0.004604340985457842,-0.05543047293104952,
GSE103175,0.004604340985457842,-0.05543047293104952,
GSE103242,0.004604340985457842,-0.05543047293104952,
GSE103252,0.004604340985457842,-0.05543047293104952,
GSE103299,0.004604340985457842,-0.05543047293104952,
GSE103305,0.004604340985457842,-0.05543047293104952,
GSE103307,0.004604340985457842,-0.05543047293104952,
GSE103405,0.004604340985457842,-0.05543047293104952,
GSE103449,0.004604340985457842,-0.05543047293104952,
GSE103461,0.004604340985457842,-0.05543047293104952,
GSE103122,0.004604340985457842,-0.05543047293104952,
GSE102246,0.004604340985457842,-0.05543047293104952,
GSE102305,0.004604340985457842,-0.05543047293104952,
GSE102349,0.004604340985457842,-0.05543047293104952,
GSE102460,0.004604340985457842,-0.05543047293104952,
GSE102467,0.004604340985457842,-0.05543047293104952,
GSE102476,0.004604340985457842,-0.05543047293104952,
GSE102492,0.004604340985457842,-0.05543047293104952,
GSE102560,0.004604340985457842,-0.05543047293104952,
GSE102616,0.004604340985457842,-0.05543047293104952,
GSE102639,0.004604340985457842,-0.05543047293104952,
GSE102652,0.004604340985457842,-0.05543047293104952,
GSE102893,0.004604340985457842,-0.05543047293104952,
GSE102702,0.004604340985457842,-0.05543047293104952,
GSE102718,0.004604340985457842,-0.05543047293104952,
GSE102728,0.004604340985457842,-0.05543047293104952,
GSE102737,0.004604340985457842,-0.05543047293104952,
GSE102741,0.004604340985457842,-0.05543047293104952,
GSE102762,0.004604340985457842,-0.05543047293104952,
GSE102796,0.004604340985457842,-0.05543047293104952,
GSE102798,0.004604340985457842,-0.05543047293104952,
GSE102812,0.004604340985457842,-0.05543047293104952,
GSE102838,0.004604340985457842,-0.05543047293104952,
GSE102870,0.004604340985457842,-0.05543047293104952,
GSE102676,0.004604340985457842,-0.05543047293104952,
GSE104227,0.004604340985457842,-0.05543047293104952,
GSE104280,0.004604340985457842,-0.05543047293104952,
GSE104282,0.004604340985457842,-0.05543047293104952,
GSE104310,0.004604340985457842,-0.05543047293104952,
GSE104348,0.004604340985457842,-0.05543047293104952,
GSE104465,0.004604340985457842,-0.05543047293104952,
GSE104522,0.004604340985457842,-0.05543047293104952,
GSE104527,0.004604340985457842,-0.05543047293104952,
GSE104537,0.004604340985457842,-0.05543047293104952,
GSE104552,0.004604340985457842,-0.05543047293104952,
GSE104583,0.004604340985457842,-0.05543047293104952,
GSE103501,0.004604340985457842,-0.05543047293104952,
GSE104600,0.004604340985457842,-0.05543047293104952,
GSE104674,0.004604340985457842,-0.05543047293104952,
GSE104690,0.004604340985457842,-0.05543047293104952,
GSE104704,0.004604340985457842,-0.05543047293104952,
GSE104714,0.004604340985457842,-0.05543047293104952,
GSE104736,0.004604340985457842,-0.05543047293104952,
GSE104766,0.004604340985457842,-0.05543047293104952,
GSE104784,0.004604340985457842,-0.05543047293104952,
GSE104836,0.004604340985457842,-0.05543047293104952,
GSE104854,0.004604340985457842,-0.05543047293104952,
GSE104873,0.004604340985457842,-0.05543047293104952,
GSE104589,0.004604340985457842,-0.05543047293104952,
GSE103544,0.004604340985457842,-0.05543047293104952,
GSE103567,0.004604340985457842,-0.05543047293104952,
GSE103630,0.004604340985457842,-0.05543047293104952,
GSE103650,0.004604340985457842,-0.05543047293104952,
GSE103658,0.004604340985457842,-0.05543047293104952,
GSE103672,0.004604340985457842,-0.05543047293104952,
GSE103687,0.004604340985457842,-0.05543047293104952,
GSE103688,0.004604340985457842,-0.05543047293104952,
GSE103711,0.004604340985457842,-0.05543047293104952,
GSE103715,0.004604340985457842,-0.05543047293104952,
GSE103719,0.004604340985457842,-0.05543047293104952,
GSE104209,0.004604340985457842,-0.05543047293104952,
GSE103790,0.004604340985457842,-0.05543047293104952,
GSE103844,0.004604340985457842,-0.05543047293104952,
GSE103850,0.004604340985457842,-0.05543047293104952,
GSE103868,0.004604340985457842,-0.05543047293104952,
GSE103907,0.004604340985457842,-0.05543047293104952,
GSE103930,0.004604340985457842,-0.05543047293104952,
GSE103934,0.004604340985457842,-0.05543047293104952,
GSE104001,0.004604340985457842,-0.05543047293104952,
GSE104018,0.004604340985457842,-0.05543047293104952,
GSE104149,0.004604340985457842,-0.05543047293104952,
GSE104177,0.004604340985457842,-0.05543047293104952,
GSE104193,0.004604340985457842,-0.05543047293104952,
GSE103763,0.004604340985457842,-0.05543047293104952,
GSE99317,0.004604340985457842,-0.05543047293104952,
GSE99321,0.004604340985457842,-0.05543047293104952,
GSE99349,0.004604340985457842,-0.05543047293104952,
GSE99356,0.004604340985457842,-0.05543047293104952,
GSE99381,0.004604340985457842,-0.05543047293104952,
GSE99385,0.004604340985457842,-0.05543047293104952,
GSE99389,0.004604340985457842,-0.05543047293104952,
GSE99392,0.004604340985457842,-0.05543047293104952,
GSE99400,0.004604340985457842,-0.05543047293104952,
GSE100027,0.004604340985457842,-0.05543047293104952,
GSE100745,0.004604340985457842,-0.05543047293104952,
GSE102244,0.004604340985457842,-0.05543047293104952,
GSE100791,0.004604340985457842,-0.05543047293104952,
GSE100813,0.004604340985457842,-0.05543047293104952,
GSE100862,0.004604340985457842,-0.05543047293104952,
GSE100891,0.004604340985457842,-0.05543047293104952,
GSE100925,0.004604340985457842,-0.05543047293104952,
GSE100982,0.004604340985457842,-0.05543047293104952,
GSE101133,0.004604340985457842,-0.05543047293104952,
GSE101157,0.004604340985457842,-0.05543047293104952,
GSE101167,0.004604340985457842,-0.05543047293104952,
GSE101168,0.004604340985457842,-0.05543047293104952,
GSE101209,0.004604340985457842,-0.05543047293104952,
GSE100751,0.004604340985457842,-0.05543047293104952,
GSE99626,0.004604340985457842,-0.05543047293104952,
GSE99407,0.004604340985457842,-0.05543047293104952,
GSE100223,0.004604340985457842,-0.05543047293104952,
GSE98884,0.004604340985457842,-0.05543047293104952,
GSE98894,0.004604340985457842,-0.05543047293104952,
GSE98898,0.004604340985457842,-0.05543047293104952,
GSE98976,0.004604340985457842,-0.05543047293104952,
GSE99015,0.004604340985457842,-0.05543047293104952,
GSE99028,0.004604340985457842,-0.05543047293104952,
GSE99059,0.004604340985457842,-0.05543047293104952,
GSE99060,0.004604340985457842,-0.05543047293104952,
GSE99313,0.004604340985457842,-0.05543047293104952,
GSE99065,0.004604340985457842,-0.05543047293104952,
GSE99095,0.004604340985457842,-0.05543047293104952,
GSE99149,0.004604340985457842,-0.05543047293104952,
GSE99179,0.004604340985457842,-0.05543047293104952,
GSE99180,0.004604340985457842,-0.05543047293104952,
GSE99202,0.004604340985457842,-0.05543047293104952,
GSE99209,0.004604340985457842,-0.05543047293104952,
GSE99215,0.004604340985457842,-0.05543047293104952,
GSE99246,0.004604340985457842,-0.05543047293104952,
GSE99293,0.004604340985457842,-0.05543047293104952,
GSE99298,0.004604340985457842,-0.05543047293104952,
GSE99062,0.004604340985457842,-0.05543047293104952,
GSE101756,0.004604340985457842,-0.05543047293104952,
GSE101770,0.004604340985457842,-0.05543047293104952,
GSE101799,0.004604340985457842,-0.05543047293104952,
GSE101878,0.004604340985457842,-0.05543047293104952,
GSE101923,0.004604340985457842,-0.05543047293104952,
GSE101927,0.004604340985457842,-0.05543047293104952,
GSE101966,0.004604340985457842,-0.05543047293104952,
GSE101968,0.004604340985457842,-0.05543047293104952,
GSE101972,0.004604340985457842,-0.05543047293104952,
GSE101974,0.004604340985457842,-0.05543047293104952,
GSE102000,0.004604340985457842,-0.05543047293104952,
GSE101232,0.004604340985457842,-0.05543047293104952,
GSE102040,0.004604340985457842,-0.05543047293104952,
GSE102097,0.004604340985457842,-0.05543047293104952,
GSE102101,0.004604340985457842,-0.05543047293104952,
GSE102132,0.004604340985457842,-0.05543047293104952,
GSE102138,0.004604340985457842,-0.05543047293104952,
GSE102170,0.004604340985457842,-0.05543047293104952,
GSE102182,0.004604340985457842,-0.05543047293104952,
GSE102183,0.004604340985457842,-0.05543047293104952,
GSE102185,0.004604340985457842,-0.05543047293104952,
GSE102188,0.004604340985457842,-0.05543047293104952,
GSE102215,0.004604340985457842,-0.05543047293104952,
GSE102004,0.004604340985457842,-0.05543047293104952,
GSE101234,0.004604340985457842,-0.05543047293104952,
GSE101343,0.004604340985457842,-0.05543047293104952,
GSE101396,0.004604340985457842,-0.05543047293104952,
GSE101419,0.004604340985457842,-0.05543047293104952,
GSE101451,0.004604340985457842,-0.05543047293104952,
GSE101480,0.004604340985457842,-0.05543047293104952,
GSE101497,0.004604340985457842,-0.05543047293104952,
GSE101518,0.004604340985457842,-0.05543047293104952,
GSE101519,0.004604340985457842,-0.05543047293104952,
GSE101526,0.004604340985457842,-0.05543047293104952,
GSE101528,0.004604340985457842,-0.05543047293104952,
GSE101754,0.004604340985457842,-0.05543047293104952,
GSE101558,0.004604340985457842,-0.05543047293104952,
GSE101565,0.004604340985457842,-0.05543047293104952,
GSE101628,0.004604340985457842,-0.05543047293104952,
GSE101629,0.004604340985457842,-0.05543047293104952,
GSE101638,0.004604340985457842,-0.05543047293104952,
GSE101655,0.004604340985457842,-0.05543047293104952,
GSE101661,0.004604340985457842,-0.05543047293104952,
GSE101668,0.004604340985457842,-0.05543047293104952,
GSE101691,0.004604340985457842,-0.05543047293104952,
GSE101705,0.004604340985457842,-0.05543047293104952,
GSE101708,0.004604340985457842,-0.05543047293104952,
GSE101738,0.004604340985457842,-0.05543047293104952,
GSE101547,0.004604340985457842,-0.05543047293104952,
GSE115770,0.004604340985457842,-0.05543047293104952,
GSE115795,0.004604340985457842,-0.05543047293104952,
GSE115823,0.004604340985457842,-0.05543047293104952,
GSE115831,0.004604340985457842,-0.05543047293104952,
GSE115938,0.004604340985457842,-0.05543047293104952,
GSE115941,0.004604340985457842,-0.05543047293104952,
GSE116346,0.004604340985457842,-0.05543047293104952,
GSE117123,0.004604340985457842,-0.05543047293104952,
GSE117469,0.004604340985457842,-0.05543047293104952,
GSE117588,0.004604340985457842,-0.05543047293104952,
GSE117622,0.004604340985457842,-0.05543047293104952,
GSE104969,0.004604340985457842,-0.05543047293104952,
GSE118158,0.004604340985457842,-0.05543047293104952,
GSE118530,0.004604340985457842,-0.05543047293104952,
GSE118644,0.004604340985457842,-0.05543047293104952,
GSE118808,0.004604340985457842,-0.05543047293104952,
GSE119265,0.004604340985457842,-0.05543047293104952,
GSE119587,0.004604340985457842,-0.05543047293104952,
GSE119669,0.004604340985457842,-0.05543047293104952,
GSE119794,0.004604340985457842,-0.05543047293104952,
GSE120297,0.004604340985457842,-0.05543047293104952,
GSE120306,0.004604340985457842,-0.05543047293104952,
GSE121425,0.004604340985457842,-0.05543047293104952,
GSE117632,0.004604340985457842,-0.05543047293104952,
GSE110278,0.004604340985457842,-0.05543047293104952,
GSE110999,0.004604340985457842,-0.05543047293104952,
GSE111036,0.004604340985457842,-0.05543047293104952,
GSE111049,0.004604340985457842,-0.05543047293104952,
GSE111203,0.004604340985457842,-0.05543047293104952,
GSE111520,0.004604340985457842,-0.05543047293104952,
GSE112295,0.004604340985457842,-0.05543047293104952,
GSE112557,0.004604340985457842,-0.05543047293104952,
GSE113098,0.004604340985457842,-0.05543047293104952,
GSE113185,0.004604340985457842,-0.05543047293104952,
GSE113215,0.004604340985457842,-0.05543047293104952,
GSE115650,0.004604340985457842,-0.05543047293104952,
GSE113519,0.004604340985457842,-0.05543047293104952,
GSE113695,0.004604340985457842,-0.05543047293104952,
GSE113907,0.004604340985457842,-0.05543047293104952,
GSE113964,0.004604340985457842,-0.05543047293104952,
GSE114069,0.004604340985457842,-0.05543047293104952,
GSE114725,0.004604340985457842,-0.05543047293104952,
GSE114885,0.004604340985457842,-0.05543047293104952,
GSE114976,0.004604340985457842,-0.05543047293104952,
GSE115259,0.004604340985457842,-0.05543047293104952,
GSE115390,0.004604340985457842,-0.05543047293104952,
GSE115575,0.004604340985457842,-0.05543047293104952,
GSE113386,0.004604340985457842,-0.05543047293104952,
GSE19166,0.004604340985457842,-0.05543047293104952,
GSE19466,0.004604340985457842,-0.05543047293104952,
GSE19481,0.004604340985457842,-0.05543047293104952,
GSE20116,0.004604340985457842,-0.05543047293104952,
GSE21918,0.004604340985457842,-0.05543047293104952,
GSE22666,0.004604340985457842,-0.05543047293104952,
GSE22917,0.004604340985457842,-0.05543047293104952,
GSE22932,0.004604340985457842,-0.05543047293104952,
GSE23109,0.004604340985457842,-0.05543047293104952,
GSE24283,0.004604340985457842,-0.05543047293104952,
GSE24355,0.004604340985457842,-0.05543047293104952,
GSE122093,0.004604340985457842,-0.05543047293104952,
GSE24491,0.004604340985457842,-0.05543047293104952,
GSE25133,0.004604340985457842,-0.05543047293104952,
GSE25183,0.004604340985457842,-0.05543047293104952,
GSE25291,0.004604340985457842,-0.05543047293104952,
GSE25842,0.004604340985457842,-0.05543047293104952,
GSE25882,0.004604340985457842,-0.05543047293104952,
GSE25932,0.004604340985457842,-0.05543047293104952,
GSE26501,0.004604340985457842,-0.05543047293104952,
GSE26811,0.004604340985457842,-0.05543047293104952,
GSE26880,0.004604340985457842,-0.05543047293104952,
GSE27315,0.004604340985457842,-0.05543047293104952,
GSE24455,0.004604340985457842,-0.05543047293104952,
GSE122383,0.004604340985457842,-0.05543047293104952,
GSE122550,0.004604340985457842,-0.05543047293104952,
GSE122818,0.004604340985457842,-0.05543047293104952,
GSE122953,0.004604340985457842,-0.05543047293104952,
GSE123029,0.004604340985457842,-0.05543047293104952,
GSE123649,0.004604340985457842,-0.05543047293104952,
GSE124282,0.004604340985457842,-0.05543047293104952,
GSE124586,0.004604340985457842,-0.05543047293104952,
GSE125506,0.004604340985457842,-0.05543047293104952,
GSE125522,0.004604340985457842,-0.05543047293104952,
GSE125577,0.004604340985457842,-0.05543047293104952,
GSE18156,0.004604340985457842,-0.05543047293104952,
GSE125642,0.004604340985457842,-0.05543047293104952,
GSE125686,0.004604340985457842,-0.05543047293104952,
GSE125778,0.004604340985457842,-0.05543047293104952,
GSE125802,0.004604340985457842,-0.05543047293104952,
GSE125862,0.004604340985457842,-0.05543047293104952,
GSE125892,0.004604340985457842,-0.05543047293104952,
GSE125966,0.004604340985457842,-0.05543047293104952,
GSE126007,0.004604340985457842,-0.05543047293104952,
GSE126250,0.004604340985457842,-0.05543047293104952,
GSE15780,0.004604340985457842,-0.05543047293104952,
GSE16921,0.004604340985457842,-0.05543047293104952,
GSE17403,0.004604340985457842,-0.05543047293104952,
GSE125629,0.004604340985457842,-0.05543047293104952,
GSE106681,0.004604340985457842,-0.05543047293104952,
GSE106694,0.004604340985457842,-0.05543047293104952,
GSE106696,0.004604340985457842,-0.05543047293104952,
GSE106804,0.004604340985457842,-0.05543047293104952,
GSE106844,0.004604340985457842,-0.05543047293104952,
GSE106885,0.004604340985457842,-0.05543047293104952,
GSE106917,0.004604340985457842,-0.05543047293104952,
GSE106984,0.004604340985457842,-0.05543047293104952,
GSE106989,0.004604340985457842,-0.05543047293104952,
GSE106991,0.004604340985457842,-0.05543047293104952,
GSE107006,0.004604340985457842,-0.05543047293104952,
GSE109795,0.004604340985457842,-0.05543047293104952,
GSE107030,0.004604340985457842,-0.05543047293104952,
GSE107096,0.004604340985457842,-0.05543047293104952,
GSE107149,0.004604340985457842,-0.05543047293104952,
GSE107173,0.004604340985457842,-0.05543047293104952,
GSE107181,0.004604340985457842,-0.05543047293104952,
GSE107196,0.004604340985457842,-0.05543047293104952,
GSE107218,0.004604340985457842,-0.05543047293104952,
GSE107245,0.004604340985457842,-0.05543047293104952,
GSE107307,0.004604340985457842,-0.05543047293104952,
GSE107363,0.004604340985457842,-0.05543047293104952,
GSE107574,0.004604340985457842,-0.05543047293104952,
GSE107029,0.004604340985457842,-0.05543047293104952,
GSE105019,0.004604340985457842,-0.05543047293104952,
GSE105022,0.004604340985457842,-0.05543047293104952,
GSE105039,0.004604340985457842,-0.05543047293104952,
GSE105083,0.004604340985457842,-0.05543047293104952,
GSE105137,0.004604340985457842,-0.05543047293104952,
GSE105142,0.004604340985457842,-0.05543047293104952,
GSE105216,0.004604340985457842,-0.05543047293104952,
GSE105248,0.004604340985457842,-0.05543047293104952,
GSE105783,0.004604340985457842,-0.05543047293104952,
GSE105884,0.004604340985457842,-0.05543047293104952,
GSE106092,0.004604340985457842,-0.05543047293104952,
GSE106605,0.004604340985457842,-0.05543047293104952,
GSE106170,0.004604340985457842,-0.05543047293104952,
GSE106261,0.004604340985457842,-0.05543047293104952,
GSE106289,0.004604340985457842,-0.05543047293104952,
GSE106292,0.004604340985457842,-0.05543047293104952,
GSE106336,0.004604340985457842,-0.05543047293104952,
GSE106338,0.004604340985457842,-0.05543047293104952,
GSE106387,0.004604340985457842,-0.05543047293104952,
GSE106391,0.004604340985457842,-0.05543047293104952,
GSE106393,0.004604340985457842,-0.05543047293104952,
GSE106394,0.004604340985457842,-0.05543047293104952,
GSE106520,0.004604340985457842,-0.05543047293104952,
GSE106545,0.004604340985457842,-0.05543047293104952,
GSE106148,0.004604340985457842,-0.05543047293104952,
GSE108643,0.004604340985457842,-0.05543047293104952,
GSE108763,0.004604340985457842,-0.05543047293104952,
GSE108883,0.004604340985457842,-0.05543047293104952,
GSE108923,0.004604340985457842,-0.05543047293104952,
GSE108971,0.004604340985457842,-0.05543047293104952,
GSE109028,0.004604340985457842,-0.05543047293104952,
GSE109072,0.004604340985457842,-0.05543047293104952,
GSE109082,0.004604340985457842,-0.05543047293104952,
GSE109108,0.004604340985457842,-0.05543047293104952,
GSE109140,0.004604340985457842,-0.05543047293104952,
GSE109142,0.004604340985457842,-0.05543047293104952,
GSE107581,0.004604340985457842,-0.05543047293104952,
GSE109373,0.004604340985457842,-0.05543047293104952,
GSE109419,0.004604340985457842,-0.05543047293104952,
GSE109463,0.004604340985457842,-0.05543047293104952,
GSE109483,0.004604340985457842,-0.05543047293104952,
GSE109484,0.004604340985457842,-0.05543047293104952,
GSE109620,0.004604340985457842,-0.05543047293104952,
GSE109673,0.004604340985457842,-0.05543047293104952,
GSE109683,0.004604340985457842,-0.05543047293104952,
GSE109686,0.004604340985457842,-0.05543047293104952,
GSE109702,0.004604340985457842,-0.05543047293104952,
GSE109708,0.004604340985457842,-0.05543047293104952,
GSE109185,0.004604340985457842,-0.05543047293104952,
GSE107590,0.004604340985457842,-0.05543047293104952,
GSE107601,0.004604340985457842,-0.05543047293104952,
GSE107649,0.004604340985457842,-0.05543047293104952,
GSE107654,0.004604340985457842,-0.05543047293104952,
GSE107735,0.004604340985457842,-0.05543047293104952,
GSE107746,0.004604340985457842,-0.05543047293104952,
GSE107762,0.004604340985457842,-0.05543047293104952,
GSE107821,0.004604340985457842,-0.05543047293104952,
GSE107848,0.004604340985457842,-0.05543047293104952,
GSE107871,0.004604340985457842,-0.05543047293104952,
GSE107898,0.004604340985457842,-0.05543047293104952,
GSE108571,0.004604340985457842,-0.05543047293104952,
GSE108003,0.004604340985457842,-0.05543047293104952,
GSE108013,0.004604340985457842,-0.05543047293104952,
GSE108023,0.004604340985457842,-0.05543047293104952,
GSE108072,0.004604340985457842,-0.05543047293104952,
GSE108111,0.004604340985457842,-0.05543047293104952,
GSE108308,0.004604340985457842,-0.05543047293104952,
GSE108313,0.004604340985457842,-0.05543047293104952,
GSE108366,0.004604340985457842,-0.05543047293104952,
GSE108391,0.004604340985457842,-0.05543047293104952,
GSE108444,0.004604340985457842,-0.05543047293104952,
GSE108465,0.004604340985457842,-0.05543047293104952,
GSE108526,0.004604340985457842,-0.05543047293104952,
GSE107923,0.004604340985457842,-0.05543047293104952,
GSE67844,0.004604340985457842,-0.05543047293104952,
GSE67848,0.004604340985457842,-0.05543047293104952,
GSE67866,0.004604340985457842,-0.05543047293104952,
GSE67892,0.004604340985457842,-0.05543047293104952,
GSE67902,0.004604340985457842,-0.05543047293104952,
GSE67915,0.004604340985457842,-0.05543047293104952,
GSE67931,0.004604340985457842,-0.05543047293104952,
GSE67939,0.004604340985457842,-0.05543047293104952,
GSE67994,0.004604340985457842,-0.05543047293104952,
GSE68005,0.004604340985457842,-0.05543047293104952,
GSE68027,0.004604340985457842,-0.05543047293104952,
GSE54322,0.004604340985457842,-0.05543047293104952,
GSE68040,0.004604340985457842,-0.05543047293104952,
GSE68042,0.004604340985457842,-0.05543047293104952,
GSE68102,0.004604340985457842,-0.05543047293104952,
GSE68108,0.004604340985457842,-0.05543047293104952,
GSE68109,0.004604340985457842,-0.05543047293104952,
GSE68219,0.004604340985457842,-0.05543047293104952,
GSE68221,0.004604340985457842,-0.05543047293104952,
GSE68229,0.004604340985457842,-0.05543047293104952,
GSE68230,0.004604340985457842,-0.05543047293104952,
GSE68248,0.004604340985457842,-0.05543047293104952,
GSE68279,0.004604340985457842,-0.05543047293104952,
GSE68039,0.004604340985457842,-0.05543047293104952,
GSE66928,0.004604340985457842,-0.05543047293104952,
GSE66962,0.004604340985457842,-0.05543047293104952,
GSE66993,0.004604340985457842,-0.05543047293104952,
GSE67041,0.004604340985457842,-0.05543047293104952,
GSE67073,0.004604340985457842,-0.05543047293104952,
GSE67109,0.004604340985457842,-0.05543047293104952,
GSE67122,0.004604340985457842,-0.05543047293104952,
GSE67124,0.004604340985457842,-0.05543047293104952,
GSE67128,0.004604340985457842,-0.05543047293104952,
GSE67141,0.004604340985457842,-0.05543047293104952,
GSE67174,0.004604340985457842,-0.05543047293104952,
GSE67713,0.004604340985457842,-0.05543047293104952,
GSE67240,0.004604340985457842,-0.05543047293104952,
GSE67295,0.004604340985457842,-0.05543047293104952,
GSE67333,0.004604340985457842,-0.05543047293104952,
GSE67382,0.004604340985457842,-0.05543047293104952,
GSE67427,0.004604340985457842,-0.05543047293104952,
GSE67447,0.004604340985457842,-0.05543047293104952,
GSE67488,0.004604340985457842,-0.05543047293104952,
GSE67519,0.004604340985457842,-0.05543047293104952,
GSE67528,0.004604340985457842,-0.05543047293104952,
GSE67540,0.004604340985457842,-0.05543047293104952,
GSE67543,0.004604340985457842,-0.05543047293104952,
GSE67237,0.004604340985457842,-0.05543047293104952,
GSE69021,0.004604340985457842,-0.05543047293104952,
GSE69047,0.004604340985457842,-0.05543047293104952,
GSE69114,0.004604340985457842,-0.05543047293104952,
GSE69121,0.004604340985457842,-0.05543047293104952,
GSE69125,0.004604340985457842,-0.05543047293104952,
GSE69175,0.004604340985457842,-0.05543047293104952,
GSE69197,0.004604340985457842,-0.05543047293104952,
GSE69206,0.004604340985457842,-0.05543047293104952,
GSE69233,0.004604340985457842,-0.05543047293104952,
GSE69239,0.004604340985457842,-0.05543047293104952,
GSE69240,0.004604340985457842,-0.05543047293104952,
GSE68297,0.004604340985457842,-0.05543047293104952,
GSE69292,0.004604340985457842,-0.05543047293104952,
GSE69308,0.004604340985457842,-0.05543047293104952,
GSE69312,0.004604340985457842,-0.05543047293104952,
GSE69333,0.004604340985457842,-0.05543047293104952,
GSE69360,0.004604340985457842,-0.05543047293104952,
GSE69383,0.004604340985457842,-0.05543047293104952,
GSE69415,0.004604340985457842,-0.05543047293104952,
GSE69420,0.004604340985457842,-0.05543047293104952,
GSE69434,0.004604340985457842,-0.05543047293104952,
GSE69446,0.004604340985457842,-0.05543047293104952,
GSE69471,0.004604340985457842,-0.05543047293104952,
GSE69284,0.004604340985457842,-0.05543047293104952,
GSE68323,0.004604340985457842,-0.05543047293104952,
GSE68327,0.004604340985457842,-0.05543047293104952,
GSE68341,0.004604340985457842,-0.05543047293104952,
GSE68358,0.004604340985457842,-0.05543047293104952,
GSE68378,0.004604340985457842,-0.05543047293104952,
GSE68395,0.004604340985457842,-0.05543047293104952,
GSE68401,0.004604340985457842,-0.05543047293104952,
GSE68452,0.004604340985457842,-0.05543047293104952,
GSE68482,0.004604340985457842,-0.05543047293104952,
GSE68538,0.004604340985457842,-0.05543047293104952,
GSE68611,0.004604340985457842,-0.05543047293104952,
GSE68987,0.004604340985457842,-0.05543047293104952,
GSE68645,0.004604340985457842,-0.05543047293104952,
GSE68671,0.004604340985457842,-0.05543047293104952,
GSE68673,0.004604340985457842,-0.05543047293104952,
GSE68719,0.004604340985457842,-0.05543047293104952,
GSE68795,0.004604340985457842,-0.05543047293104952,
GSE68799,0.004604340985457842,-0.05543047293104952,
GSE68813,0.004604340985457842,-0.05543047293104952,
GSE68815,0.004604340985457842,-0.05543047293104952,
GSE68872,0.004604340985457842,-0.05543047293104952,
GSE68873,0.004604340985457842,-0.05543047293104952,
GSE68925,0.004604340985457842,-0.05543047293104952,
GSE68938,0.004604340985457842,-0.05543047293104952,
GSE68631,0.004604340985457842,-0.05543047293104952,
GSE65446,0.004604340985457842,-0.05543047293104952,
GSE65469,0.004604340985457842,-0.05543047293104952,
GSE65481,0.004604340985457842,-0.05543047293104952,
GSE65485,0.004604340985457842,-0.05543047293104952,
GSE65508,0.004604340985457842,-0.05543047293104952,
GSE65515,0.004604340985457842,-0.05543047293104952,
GSE65540,0.004604340985457842,-0.05543047293104952,
GSE65655,0.004604340985457842,-0.05543047293104952,
GSE65683,0.004604340985457842,-0.05543047293104952,
GSE65688,0.004604340985457842,-0.05543047293104952,
GSE65705,0.004604340985457842,-0.05543047293104952,
GSE66927,0.004604340985457842,-0.05543047293104952,
GSE65778,0.004604340985457842,-0.05543047293104952,
GSE65830,0.004604340985457842,-0.05543047293104952,
GSE65832,0.004604340985457842,-0.05543047293104952,
GSE65838,0.004604340985457842,-0.05543047293104952,
GSE65912,0.004604340985457842,-0.05543047293104952,
GSE65943,0.004604340985457842,-0.05543047293104952,
GSE65952,0.004604340985457842,-0.05543047293104952,
GSE65996,0.004604340985457842,-0.05543047293104952,
GSE66014,0.004604340985457842,-0.05543047293104952,
GSE66036,0.004604340985457842,-0.05543047293104952,
GSE66053,0.004604340985457842,-0.05543047293104952,
GSE65761,0.004604340985457842,-0.05543047293104952,
GSE64713,0.004604340985457842,-0.05543047293104952,
GSE64741,0.004604340985457842,-0.05543047293104952,
GSE64752,0.004604340985457842,-0.05543047293104952,
GSE64795,0.004604340985457842,-0.05543047293104952,
GSE64801,0.004604340985457842,-0.05543047293104952,
GSE64810,0.004604340985457842,-0.05543047293104952,
GSE64813,0.004604340985457842,-0.05543047293104952,
GSE64850,0.004604340985457842,-0.05543047293104952,
GSE64854,0.004604340985457842,-0.05543047293104952,
GSE64912,0.004604340985457842,-0.05543047293104952,
GSE64962,0.004604340985457842,-0.05543047293104952,
GSE65420,0.004604340985457842,-0.05543047293104952,
GSE65039,0.004604340985457842,-0.05543047293104952,
GSE65099,0.004604340985457842,-0.05543047293104952,
GSE65105,0.004604340985457842,-0.05543047293104952,
GSE65107,0.004604340985457842,-0.05543047293104952,
GSE65112,0.004604340985457842,-0.05543047293104952,
GSE65131,0.004604340985457842,-0.05543047293104952,
GSE65185,0.004604340985457842,-0.05543047293104952,
GSE65193,0.004604340985457842,-0.05543047293104952,
GSE65235,0.004604340985457842,-0.05543047293104952,
GSE65335,0.004604340985457842,-0.05543047293104952,
GSE65354,0.004604340985457842,-0.05543047293104952,
GSE65030,0.004604340985457842,-0.05543047293104952,
GSE66511,0.004604340985457842,-0.05543047293104952,
GSE66539,0.004604340985457842,-0.05543047293104952,
GSE66550,0.004604340985457842,-0.05543047293104952,
GSE66556,0.004604340985457842,-0.05543047293104952,
GSE66573,0.004604340985457842,-0.05543047293104952,
GSE66590,0.004604340985457842,-0.05543047293104952,
GSE66592,0.004604340985457842,-0.05543047293104952,
GSE66593,0.004604340985457842,-0.05543047293104952,
GSE66727,0.004604340985457842,-0.05543047293104952,
GSE66742,0.004604340985457842,-0.05543047293104952,
GSE66755,0.004604340985457842,-0.05543047293104952,
GSE66086,0.004604340985457842,-0.05543047293104952,
GSE66767,0.004604340985457842,-0.05543047293104952,
GSE66769,0.004604340985457842,-0.05543047293104952,
GSE66777,0.004604340985457842,-0.05543047293104952,
GSE66789,0.004604340985457842,-0.05543047293104952,
GSE66798,0.004604340985457842,-0.05543047293104952,
GSE66809,0.004604340985457842,-0.05543047293104952,
GSE66859,0.004604340985457842,-0.05543047293104952,
GSE66876,0.004604340985457842,-0.05543047293104952,
GSE66879,0.004604340985457842,-0.05543047293104952,
GSE66895,0.004604340985457842,-0.05543047293104952,
GSE66917,0.004604340985457842,-0.05543047293104952,
GSE66763,0.004604340985457842,-0.05543047293104952,
GSE66117,0.004604340985457842,-0.05543047293104952,
GSE66135,0.004604340985457842,-0.05543047293104952,
GSE66148,0.004604340985457842,-0.05543047293104952,
GSE66155,0.004604340985457842,-0.05543047293104952,
GSE66173,0.004604340985457842,-0.05543047293104952,
GSE66200,0.004604340985457842,-0.05543047293104952,
GSE66207,0.004604340985457842,-0.05543047293104952,
GSE66216,0.004604340985457842,-0.05543047293104952,
GSE66217,0.004604340985457842,-0.05543047293104952,
GSE66228,0.004604340985457842,-0.05543047293104952,
GSE66238,0.004604340985457842,-0.05543047293104952,
GSE66507,0.004604340985457842,-0.05543047293104952,
GSE66250,0.004604340985457842,-0.05543047293104952,
GSE66261,0.004604340985457842,-0.05543047293104952,
GSE66301,0.004604340985457842,-0.05543047293104952,
GSE66306,0.004604340985457842,-0.05543047293104952,
GSE66357,0.004604340985457842,-0.05543047293104952,
GSE66385,0.004604340985457842,-0.05543047293104952,
GSE66388,0.004604340985457842,-0.05543047293104952,
GSE66412,0.004604340985457842,-0.05543047293104952,
GSE66430,0.004604340985457842,-0.05543047293104952,
GSE66446,0.004604340985457842,-0.05543047293104952,
GSE66478,0.004604340985457842,-0.05543047293104952,
GSE66506,0.004604340985457842,-0.05543047293104952,
GSE66249,0.004604340985457842,-0.05543047293104952,
GSE71858,0.004604340985457842,-0.05543047293104952,
GSE71862,0.004604340985457842,-0.05543047293104952,
GSE71878,0.004604340985457842,-0.05543047293104952,
GSE71890,0.004604340985457842,-0.05543047293104952,
GSE71900,0.004604340985457842,-0.05543047293104952,
GSE71960,0.004604340985457842,-0.05543047293104952,
GSE71972,0.004604340985457842,-0.05543047293104952,
GSE71993,0.004604340985457842,-0.05543047293104952,
GSE72001,0.004604340985457842,-0.05543047293104952,
GSE72041,0.004604340985457842,-0.05543047293104952,
GSE72061,0.004604340985457842,-0.05543047293104952,
GSE69476,0.004604340985457842,-0.05543047293104952,
GSE72141,0.004604340985457842,-0.05543047293104952,
GSE72202,0.004604340985457842,-0.05543047293104952,
GSE72259,0.004604340985457842,-0.05543047293104952,
GSE72268,0.004604340985457842,-0.05543047293104952,
GSE72273,0.004604340985457842,-0.05543047293104952,
GSE72299,0.004604340985457842,-0.05543047293104952,
GSE72379,0.004604340985457842,-0.05543047293104952,
GSE72400,0.004604340985457842,-0.05543047293104952,
GSE72404,0.004604340985457842,-0.05543047293104952,
GSE72407,0.004604340985457842,-0.05543047293104952,
GSE72437,0.004604340985457842,-0.05543047293104952,
GSE72131,0.004604340985457842,-0.05543047293104952,
GSE71503,0.004604340985457842,-0.05543047293104952,
GSE71505,0.004604340985457842,-0.05543047293104952,
GSE71511,0.004604340985457842,-0.05543047293104952,
GSE71519,0.004604340985457842,-0.05543047293104952,
GSE71520,0.004604340985457842,-0.05543047293104952,
GSE71541,0.004604340985457842,-0.05543047293104952,
GSE71551,0.004604340985457842,-0.05543047293104952,
GSE71557,0.004604340985457842,-0.05543047293104952,
GSE71577,0.004604340985457842,-0.05543047293104952,
GSE71594,0.004604340985457842,-0.05543047293104952,
GSE71595,0.004604340985457842,-0.05543047293104952,
GSE71854,0.004604340985457842,-0.05543047293104952,
GSE71686,0.004604340985457842,-0.05543047293104952,
GSE71689,0.004604340985457842,-0.05543047293104952,
GSE71710,0.004604340985457842,-0.05543047293104952,
GSE71740,0.004604340985457842,-0.05543047293104952,
GSE71747,0.004604340985457842,-0.05543047293104952,
GSE71756,0.004604340985457842,-0.05543047293104952,
GSE71777,0.004604340985457842,-0.05543047293104952,
GSE71797,0.004604340985457842,-0.05543047293104952,
GSE71800,0.004604340985457842,-0.05543047293104952,
GSE71812,0.004604340985457842,-0.05543047293104952,
GSE71840,0.004604340985457842,-0.05543047293104952,
GSE71645,0.004604340985457842,-0.05543047293104952,
GSE72955,0.004604340985457842,-0.05543047293104952,
GSE72956,0.004604340985457842,-0.05543047293104952,
GSE72983,0.004604340985457842,-0.05543047293104952,
GSE72986,0.004604340985457842,-0.05543047293104952,
GSE72994,0.004604340985457842,-0.05543047293104952,
GSE73016,0.004604340985457842,-0.05543047293104952,
GSE73109,0.004604340985457842,-0.05543047293104952,
GSE73114,0.004604340985457842,-0.05543047293104952,
GSE73189,0.004604340985457842,-0.05543047293104952,
GSE73213,0.004604340985457842,-0.05543047293104952,
GSE73268,0.004604340985457842,-0.05543047293104952,
GSE72460,0.004604340985457842,-0.05543047293104952,
GSE73305,0.004604340985457842,-0.05543047293104952,
GSE73313,0.004604340985457842,-0.05543047293104952,
GSE73317,0.004604340985457842,-0.05543047293104952,
GSE73318,0.004604340985457842,-0.05543047293104952,
GSE73370,0.004604340985457842,-0.05543047293104952,
GSE73376,0.004604340985457842,-0.05543047293104952,
GSE73433,0.004604340985457842,-0.05543047293104952,
GSE73458,0.004604340985457842,-0.05543047293104952,
GSE73470,0.004604340985457842,-0.05543047293104952,
GSE73502,0.004604340985457842,-0.05543047293104952,
GSE73526,0.004604340985457842,-0.05543047293104952,
GSE73277,0.004604340985457842,-0.05543047293104952,
GSE72468,0.004604340985457842,-0.05543047293104952,
GSE72475,0.004604340985457842,-0.05543047293104952,
GSE72482,0.004604340985457842,-0.05543047293104952,
GSE72483,0.004604340985457842,-0.05543047293104952,
GSE72501,0.004604340985457842,-0.05543047293104952,
GSE72502,0.004604340985457842,-0.05543047293104952,
GSE72509,0.004604340985457842,-0.05543047293104952,
GSE72524,0.004604340985457842,-0.05543047293104952,
GSE72534,0.004604340985457842,-0.05543047293104952,
GSE72536,0.004604340985457842,-0.05543047293104952,
GSE72577,0.004604340985457842,-0.05543047293104952,
GSE72932,0.004604340985457842,-0.05543047293104952,
GSE72631,0.004604340985457842,-0.05543047293104952,
GSE72696,0.004604340985457842,-0.05543047293104952,
GSE72712,0.004604340985457842,-0.05543047293104952,
GSE72713,0.004604340985457842,-0.05543047293104952,
GSE72748,0.004604340985457842,-0.05543047293104952,
GSE72815,0.004604340985457842,-0.05543047293104952,
GSE72819,0.004604340985457842,-0.05543047293104952,
GSE72820,0.004604340985457842,-0.05543047293104952,
GSE72821,0.004604340985457842,-0.05543047293104952,
GSE72842,0.004604340985457842,-0.05543047293104952,
GSE72915,0.004604340985457842,-0.05543047293104952,
GSE72930,0.004604340985457842,-0.05543047293104952,
GSE72627,0.004604340985457842,-0.05543047293104952,
GSE69896,0.004604340985457842,-0.05543047293104952,
GSE69905,0.004604340985457842,-0.05543047293104952,
GSE69906,0.004604340985457842,-0.05543047293104952,
GSE69982,0.004604340985457842,-0.05543047293104952,
GSE70000,0.004604340985457842,-0.05543047293104952,
GSE70050,0.004604340985457842,-0.05543047293104952,
GSE70061,0.004604340985457842,-0.05543047293104952,
GSE70068,0.004604340985457842,-0.05543047293104952,
GSE70072,0.004604340985457842,-0.05543047293104952,
GSE70073,0.004604340985457842,-0.05543047293104952,
GSE70078,0.004604340985457842,-0.05543047293104952,
GSE71456,0.004604340985457842,-0.05543047293104952,
GSE70089,0.004604340985457842,-0.05543047293104952,
GSE70106,0.004604340985457842,-0.05543047293104952,
GSE70150,0.004604340985457842,-0.05543047293104952,
GSE70230,0.004604340985457842,-0.05543047293104952,
GSE70285,0.004604340985457842,-0.05543047293104952,
GSE70330,0.004604340985457842,-0.05543047293104952,
GSE70373,0.004604340985457842,-0.05543047293104952,
GSE70380,0.004604340985457842,-0.05543047293104952,
GSE70404,0.004604340985457842,-0.05543047293104952,
GSE70462,0.004604340985457842,-0.05543047293104952,
GSE70513,0.004604340985457842,-0.05543047293104952,
GSE70084,0.004604340985457842,-0.05543047293104952,
GSE69506,0.004604340985457842,-0.05543047293104952,
GSE69511,0.004604340985457842,-0.05543047293104952,
GSE69549,0.004604340985457842,-0.05543047293104952,
GSE69567,0.004604340985457842,-0.05543047293104952,
GSE69596,0.004604340985457842,-0.05543047293104952,
GSE69599,0.004604340985457842,-0.05543047293104952,
GSE69602,0.004604340985457842,-0.05543047293104952,
GSE69604,0.004604340985457842,-0.05543047293104952,
GSE69618,0.004604340985457842,-0.05543047293104952,
GSE69622,0.004604340985457842,-0.05543047293104952,
GSE69626,0.004604340985457842,-0.05543047293104952,
GSE69876,0.004604340985457842,-0.05543047293104952,
GSE69667,0.004604340985457842,-0.05543047293104952,
GSE69678,0.004604340985457842,-0.05543047293104952,
GSE69687,0.004604340985457842,-0.05543047293104952,
GSE69692,0.004604340985457842,-0.05543047293104952,
GSE69735,0.004604340985457842,-0.05543047293104952,
GSE69737,0.004604340985457842,-0.05543047293104952,
GSE69787,0.004604340985457842,-0.05543047293104952,
GSE69790,0.004604340985457842,-0.05543047293104952,
GSE69797,0.004604340985457842,-0.05543047293104952,
GSE69822,0.004604340985457842,-0.05543047293104952,
GSE69827,0.004604340985457842,-0.05543047293104952,
GSE69842,0.004604340985457842,-0.05543047293104952,
GSE69637,0.004604340985457842,-0.05543047293104952,
GSE71120,0.004604340985457842,-0.05543047293104952,
GSE71139,0.004604340985457842,-0.05543047293104952,
GSE71164,0.004604340985457842,-0.05543047293104952,
GSE71191,0.004604340985457842,-0.05543047293104952,
GSE71203,0.004604340985457842,-0.05543047293104952,
GSE71204,0.004604340985457842,-0.05543047293104952,
GSE71208,0.004604340985457842,-0.05543047293104952,
GSE71247,0.004604340985457842,-0.05543047293104952,
GSE71261,0.004604340985457842,-0.05543047293104952,
GSE71275,0.004604340985457842,-0.05543047293104952,
GSE71284,0.004604340985457842,-0.05543047293104952,
GSE70537,0.004604340985457842,-0.05543047293104952,
GSE71318,0.004604340985457842,-0.05543047293104952,
GSE71325,0.004604340985457842,-0.05543047293104952,
GSE71326,0.004604340985457842,-0.05543047293104952,
GSE71334,0.004604340985457842,-0.05543047293104952,
GSE71340,0.004604340985457842,-0.05543047293104952,
GSE71359,0.004604340985457842,-0.05543047293104952,
GSE71382,0.004604340985457842,-0.05543047293104952,
GSE71401,0.004604340985457842,-0.05543047293104952,
GSE71414,0.004604340985457842,-0.05543047293104952,
GSE71421,0.004604340985457842,-0.05543047293104952,
GSE71446,0.004604340985457842,-0.05543047293104952,
GSE71289,0.004604340985457842,-0.05543047293104952,
GSE70544,0.004604340985457842,-0.05543047293104952,
GSE70602,0.004604340985457842,-0.05543047293104952,
GSE70620,0.004604340985457842,-0.05543047293104952,
GSE70665,0.004604340985457842,-0.05543047293104952,
GSE70674,0.004604340985457842,-0.05543047293104952,
GSE70685,0.004604340985457842,-0.05543047293104952,
GSE70694,0.004604340985457842,-0.05543047293104952,
GSE70741,0.004604340985457842,-0.05543047293104952,
GSE70767,0.004604340985457842,-0.05543047293104952,
GSE70785,0.004604340985457842,-0.05543047293104952,
GSE70803,0.004604340985457842,-0.05543047293104952,
GSE71100,0.004604340985457842,-0.05543047293104952,
GSE70831,0.004604340985457842,-0.05543047293104952,
GSE70833,0.004604340985457842,-0.05543047293104952,
GSE70871,0.004604340985457842,-0.05543047293104952,
GSE70874,0.004604340985457842,-0.05543047293104952,
GSE70909,0.004604340985457842,-0.05543047293104952,
GSE70926,0.004604340985457842,-0.05543047293104952,
GSE70935,0.004604340985457842,-0.05543047293104952,
GSE70968,0.004604340985457842,-0.05543047293104952,
GSE71058,0.004604340985457842,-0.05543047293104952,
GSE71070,0.004604340985457842,-0.05543047293104952,
GSE71074,0.004604340985457842,-0.05543047293104952,
GSE71095,0.004604340985457842,-0.05543047293104952,
GSE70810,0.004604340985457842,-0.05543047293104952,
GSE57925,0.004604340985457842,-0.05543047293104952,
GSE57931,0.004604340985457842,-0.05543047293104952,
GSE57961,0.004604340985457842,-0.05543047293104952,
GSE57973,0.004604340985457842,-0.05543047293104952,
GSE57982,0.004604340985457842,-0.05543047293104952,
GSE57989,0.004604340985457842,-0.05543047293104952,
GSE58008,0.004604340985457842,-0.05543047293104952,
GSE58107,0.004604340985457842,-0.05543047293104952,
GSE58111,0.004604340985457842,-0.05543047293104952,
GSE58114,0.004604340985457842,-0.05543047293104952,
GSE58122,0.004604340985457842,-0.05543047293104952,
GSE64712,0.004604340985457842,-0.05543047293104952,
GSE58135,0.004604340985457842,-0.05543047293104952,
GSE58150,0.004604340985457842,-0.05543047293104952,
GSE58168,0.004604340985457842,-0.05543047293104952,
GSE58207,0.004604340985457842,-0.05543047293104952,
GSE58310,0.004604340985457842,-0.05543047293104952,
GSE58326,0.004604340985457842,-0.05543047293104952,
GSE58345,0.004604340985457842,-0.05543047293104952,
GSE58365,0.004604340985457842,-0.05543047293104952,
GSE58375,0.004604340985457842,-0.05543047293104952,
GSE58418,0.004604340985457842,-0.05543047293104952,
GSE58434,0.004604340985457842,-0.05543047293104952,
GSE58123,0.004604340985457842,-0.05543047293104952,
GSE57397,0.004604340985457842,-0.05543047293104952,
GSE57430,0.004604340985457842,-0.05543047293104952,
GSE57433,0.004604340985457842,-0.05543047293104952,
GSE57478,0.004604340985457842,-0.05543047293104952,
GSE57480,0.004604340985457842,-0.05543047293104952,
GSE57488,0.004604340985457842,-0.05543047293104952,
GSE57494,0.004604340985457842,-0.05543047293104952,
GSE57501,0.004604340985457842,-0.05543047293104952,
GSE57503,0.004604340985457842,-0.05543047293104952,
GSE57530,0.004604340985457842,-0.05543047293104952,
GSE57561,0.004604340985457842,-0.05543047293104952,
GSE57914,0.004604340985457842,-0.05543047293104952,
GSE57662,0.004604340985457842,-0.05543047293104952,
GSE57681,0.004604340985457842,-0.05543047293104952,
GSE57732,0.004604340985457842,-0.05543047293104952,
GSE57803,0.004604340985457842,-0.05543047293104952,
GSE57821,0.004604340985457842,-0.05543047293104952,
GSE57826,0.004604340985457842,-0.05543047293104952,
GSE57866,0.004604340985457842,-0.05543047293104952,
GSE57871,0.004604340985457842,-0.05543047293104952,
GSE57872,0.004604340985457842,-0.05543047293104952,
GSE57892,0.004604340985457842,-0.05543047293104952,
GSE57896,0.004604340985457842,-0.05543047293104952,
GSE57637,0.004604340985457842,-0.05543047293104952,
GSE59290,0.004604340985457842,-0.05543047293104952,
GSE59317,0.004604340985457842,-0.05543047293104952,
GSE59364,0.004604340985457842,-0.05543047293104952,
GSE59386,0.004604340985457842,-0.05543047293104952,
GSE59483,0.004604340985457842,-0.05543047293104952,
GSE59528,0.004604340985457842,-0.05543047293104952,
GSE59531,0.004604340985457842,-0.05543047293104952,
GSE59536,0.004604340985457842,-0.05543047293104952,
GSE59598,0.004604340985457842,-0.05543047293104952,
GSE59612,0.004604340985457842,-0.05543047293104952,
GSE59621,0.004604340985457842,-0.05543047293104952,
GSE58441,0.004604340985457842,-0.05543047293104952,
GSE59688,0.004604340985457842,-0.05543047293104952,
GSE59703,0.004604340985457842,-0.05543047293104952,
GSE59765,0.004604340985457842,-0.05543047293104952,
GSE59810,0.004604340985457842,-0.05543047293104952,
GSE59819,0.004604340985457842,-0.05543047293104952,
GSE59822,0.004604340985457842,-0.05543047293104952,
GSE59841,0.004604340985457842,-0.05543047293104952,
GSE59846,0.004604340985457842,-0.05543047293104952,
GSE59855,0.004604340985457842,-0.05543047293104952,
GSE59884,0.004604340985457842,-0.05543047293104952,
GSE59980,0.004604340985457842,-0.05543047293104952,
GSE59626,0.004604340985457842,-0.05543047293104952,
GSE58464,0.004604340985457842,-0.05543047293104952,
GSE58492,0.004604340985457842,-0.05543047293104952,
GSE58507,0.004604340985457842,-0.05543047293104952,
GSE58557,0.004604340985457842,-0.05543047293104952,
GSE58586,0.004604340985457842,-0.05543047293104952,
GSE58596,0.004604340985457842,-0.05543047293104952,
GSE58604,0.004604340985457842,-0.05543047293104952,
GSE58626,0.004604340985457842,-0.05543047293104952,
GSE58640,0.004604340985457842,-0.05543047293104952,
GSE58663,0.004604340985457842,-0.05543047293104952,
GSE58708,0.004604340985457842,-0.05543047293104952,
GSE59275,0.004604340985457842,-0.05543047293104952,
GSE58910,0.004604340985457842,-0.05543047293104952,
GSE58933,0.004604340985457842,-0.05543047293104952,
GSE58963,0.004604340985457842,-0.05543047293104952,
GSE58966,0.004604340985457842,-0.05543047293104952,
GSE58989,0.004604340985457842,-0.05543047293104952,
GSE58991,0.004604340985457842,-0.05543047293104952,
GSE59020,0.004604340985457842,-0.05543047293104952,
GSE59066,0.004604340985457842,-0.05543047293104952,
GSE59089,0.004604340985457842,-0.05543047293104952,
GSE59093,0.004604340985457842,-0.05543047293104952,
GSE59223,0.004604340985457842,-0.05543047293104952,
GSE59251,0.004604340985457842,-0.05543047293104952,
GSE58838,0.004604340985457842,-0.05543047293104952,
GSE55271,0.004604340985457842,-0.05543047293104952,
GSE55275,0.004604340985457842,-0.05543047293104952,
GSE55282,0.004604340985457842,-0.05543047293104952,
GSE55296,0.004604340985457842,-0.05543047293104952,
GSE55320,0.004604340985457842,-0.05543047293104952,
GSE55326,0.004604340985457842,-0.05543047293104952,
GSE55370,0.004604340985457842,-0.05543047293104952,
GSE55391,0.004604340985457842,-0.05543047293104952,
GSE55405,0.004604340985457842,-0.05543047293104952,
GSE55492,0.004604340985457842,-0.05543047293104952,
GSE55502,0.004604340985457842,-0.05543047293104952,
GSE57395,0.004604340985457842,-0.05543047293104952,
GSE55689,0.004604340985457842,-0.05543047293104952,
GSE55716,0.004604340985457842,-0.05543047293104952,
GSE55758,0.004604340985457842,-0.05543047293104952,
GSE55769,0.004604340985457842,-0.05543047293104952,
GSE55807,0.004604340985457842,-0.05543047293104952,
GSE55903,0.004604340985457842,-0.05543047293104952,
GSE55922,0.004604340985457842,-0.05543047293104952,
GSE55939,0.004604340985457842,-0.05543047293104952,
GSE56022,0.004604340985457842,-0.05543047293104952,
GSE56052,0.004604340985457842,-0.05543047293104952,
GSE56066,0.004604340985457842,-0.05543047293104952,
GSE55536,0.004604340985457842,-0.05543047293104952,
GSE54384,0.004604340985457842,-0.05543047293104952,
GSE54392,0.004604340985457842,-0.05543047293104952,
GSE54401,0.004604340985457842,-0.05543047293104952,
GSE54416,0.004604340985457842,-0.05543047293104952,
GSE54460,0.004604340985457842,-0.05543047293104952,
GSE54478,0.004604340985457842,-0.05543047293104952,
GSE54505,0.004604340985457842,-0.05543047293104952,
GSE54511,0.004604340985457842,-0.05543047293104952,
GSE54602,0.004604340985457842,-0.05543047293104952,
GSE54641,0.004604340985457842,-0.05543047293104952,
GSE54734,0.004604340985457842,-0.05543047293104952,
GSE55259,0.004604340985457842,-0.05543047293104952,
GSE54878,0.004604340985457842,-0.05543047293104952,
GSE54879,0.004604340985457842,-0.05543047293104952,
GSE54912,0.004604340985457842,-0.05543047293104952,
GSE54922,0.004604340985457842,-0.05543047293104952,
GSE54968,0.004604340985457842,-0.05543047293104952,
GSE55005,0.004604340985457842,-0.05543047293104952,
GSE55030,0.004604340985457842,-0.05543047293104952,
GSE55048,0.004604340985457842,-0.05543047293104952,
GSE55123,0.004604340985457842,-0.05543047293104952,
GSE55193,0.004604340985457842,-0.05543047293104952,
GSE55195,0.004604340985457842,-0.05543047293104952,
GSE54760,0.004604340985457842,-0.05543047293104952,
GSE56701,0.004604340985457842,-0.05543047293104952,
GSE56742,0.004604340985457842,-0.05543047293104952,
GSE56748,0.004604340985457842,-0.05543047293104952,
GSE56785,0.004604340985457842,-0.05543047293104952,
GSE56787,0.004604340985457842,-0.05543047293104952,
GSE56788,0.004604340985457842,-0.05543047293104952,
GSE56796,0.004604340985457842,-0.05543047293104952,
GSE56862,0.004604340985457842,-0.05543047293104952,
GSE56882,0.004604340985457842,-0.05543047293104952,
GSE56887,0.004604340985457842,-0.05543047293104952,
GSE56900,0.004604340985457842,-0.05543047293104952,
GSE56076,0.004604340985457842,-0.05543047293104952,
GSE57009,0.004604340985457842,-0.05543047293104952,
GSE57027,0.004604340985457842,-0.05543047293104952,
GSE57078,0.004604340985457842,-0.05543047293104952,
GSE57096,0.004604340985457842,-0.05543047293104952,
GSE57116,0.004604340985457842,-0.05543047293104952,
GSE57148,0.004604340985457842,-0.05543047293104952,
GSE57152,0.004604340985457842,-0.05543047293104952,
GSE57227,0.004604340985457842,-0.05543047293104952,
GSE57253,0.004604340985457842,-0.05543047293104952,
GSE57299,0.004604340985457842,-0.05543047293104952,
GSE57344,0.004604340985457842,-0.05543047293104952,
GSE56930,0.004604340985457842,-0.05543047293104952,
GSE56087,0.004604340985457842,-0.05543047293104952,
GSE56144,0.004604340985457842,-0.05543047293104952,
GSE56148,0.004604340985457842,-0.05543047293104952,
GSE56152,0.004604340985457842,-0.05543047293104952,
GSE56179,0.004604340985457842,-0.05543047293104952,
GSE56192,0.004604340985457842,-0.05543047293104952,
GSE56231,0.004604340985457842,-0.05543047293104952,
GSE56235,0.004604340985457842,-0.05543047293104952,
GSE56267,0.004604340985457842,-0.05543047293104952,
GSE56331,0.004604340985457842,-0.05543047293104952,
GSE56343,0.004604340985457842,-0.05543047293104952,
GSE56691,0.004604340985457842,-0.05543047293104952,
GSE56361,0.004604340985457842,-0.05543047293104952,
GSE56398,0.004604340985457842,-0.05543047293104952,
GSE56512,0.004604340985457842,-0.05543047293104952,
GSE56524,0.004604340985457842,-0.05543047293104952,
GSE56545,0.004604340985457842,-0.05543047293104952,
GSE56568,0.004604340985457842,-0.05543047293104952,
GSE56623,0.004604340985457842,-0.05543047293104952,
GSE56625,0.004604340985457842,-0.05543047293104952,
GSE56648,0.004604340985457842,-0.05543047293104952,
GSE56657,0.004604340985457842,-0.05543047293104952,
GSE56660,0.004604340985457842,-0.05543047293104952,
GSE56689,0.004604340985457842,-0.05543047293104952,
GSE56356,0.004604340985457842,-0.05543047293104952,
GSE63190,0.004604340985457842,-0.05543047293104952,
GSE63234,0.004604340985457842,-0.05543047293104952,
GSE63265,0.004604340985457842,-0.05543047293104952,
GSE63283,0.004604340985457842,-0.05543047293104952,
GSE63288,0.004604340985457842,-0.05543047293104952,
GSE63311,0.004604340985457842,-0.05543047293104952,
GSE63314,0.004604340985457842,-0.05543047293104952,
GSE63344,0.004604340985457842,-0.05543047293104952,
GSE63346,0.004604340985457842,-0.05543047293104952,
GSE63356,0.004604340985457842,-0.05543047293104952,
GSE63381,0.004604340985457842,-0.05543047293104952,
GSE59987,0.004604340985457842,-0.05543047293104952,
GSE63420,0.004604340985457842,-0.05543047293104952,
GSE63475,0.004604340985457842,-0.05543047293104952,
GSE63485,0.004604340985457842,-0.05543047293104952,
GSE63487,0.004604340985457842,-0.05543047293104952,
GSE63496,0.004604340985457842,-0.05543047293104952,
GSE63511,0.004604340985457842,-0.05543047293104952,
GSE63513,0.004604340985457842,-0.05543047293104952,
GSE63537,0.004604340985457842,-0.05543047293104952,
GSE63546,0.004604340985457842,-0.05543047293104952,
GSE63555,0.004604340985457842,-0.05543047293104952,
GSE63570,0.004604340985457842,-0.05543047293104952,
GSE63392,0.004604340985457842,-0.05543047293104952,
GSE62731,0.004604340985457842,-0.05543047293104952,
GSE62789,0.004604340985457842,-0.05543047293104952,
GSE62820,0.004604340985457842,-0.05543047293104952,
GSE62852,0.004604340985457842,-0.05543047293104952,
GSE62854,0.004604340985457842,-0.05543047293104952,
GSE62889,0.004604340985457842,-0.05543047293104952,
GSE62905,0.004604340985457842,-0.05543047293104952,
GSE62913,0.004604340985457842,-0.05543047293104952,
GSE62930,0.004604340985457842,-0.05543047293104952,
GSE62936,0.004604340985457842,-0.05543047293104952,
GSE62966,0.004604340985457842,-0.05543047293104952,
GSE63189,0.004604340985457842,-0.05543047293104952,
GSE62982,0.004604340985457842,-0.05543047293104952,
GSE63015,0.004604340985457842,-0.05543047293104952,
GSE63018,0.004604340985457842,-0.05543047293104952,
GSE63034,0.004604340985457842,-0.05543047293104952,
GSE63079,0.004604340985457842,-0.05543047293104952,
GSE63085,0.004604340985457842,-0.05543047293104952,
GSE63122,0.004604340985457842,-0.05543047293104952,
GSE63124,0.004604340985457842,-0.05543047293104952,
GSE63144,0.004604340985457842,-0.05543047293104952,
GSE63161,0.004604340985457842,-0.05543047293104952,
GSE63183,0.004604340985457842,-0.05543047293104952,
GSE62968,0.004604340985457842,-0.05543047293104952,
GSE64179,0.004604340985457842,-0.05543047293104952,
GSE64182,0.004604340985457842,-0.05543047293104952,
GSE64185,0.004604340985457842,-0.05543047293104952,
GSE64233,0.004604340985457842,-0.05543047293104952,
GSE64317,0.004604340985457842,-0.05543047293104952,
GSE64332,0.004604340985457842,-0.05543047293104952,
GSE64367,0.004604340985457842,-0.05543047293104952,
GSE64399,0.004604340985457842,-0.05543047293104952,
GSE64413,0.004604340985457842,-0.05543047293104952,
GSE64417,0.004604340985457842,-0.05543047293104952,
GSE64451,0.004604340985457842,-0.05543047293104952,
GSE63582,0.004604340985457842,-0.05543047293104952,
GSE64486,0.004604340985457842,-0.05543047293104952,
GSE64513,0.004604340985457842,-0.05543047293104952,
GSE64529,0.004604340985457842,-0.05543047293104952,
GSE64550,0.004604340985457842,-0.05543047293104952,
GSE64558,0.004604340985457842,-0.05543047293104952,
GSE64588,0.004604340985457842,-0.05543047293104952,
GSE64615,0.004604340985457842,-0.05543047293104952,
GSE64642,0.004604340985457842,-0.05543047293104952,
GSE64655,0.004604340985457842,-0.05543047293104952,
GSE64677,0.004604340985457842,-0.05543047293104952,
GSE64693,0.004604340985457842,-0.05543047293104952,
GSE64471,0.004604340985457842,-0.05543047293104952,
GSE63602,0.004604340985457842,-0.05543047293104952,
GSE63608,0.004604340985457842,-0.05543047293104952,
GSE63609,0.004604340985457842,-0.05543047293104952,
GSE63634,0.004604340985457842,-0.05543047293104952,
GSE63646,0.004604340985457842,-0.05543047293104952,
GSE63700,0.004604340985457842,-0.05543047293104952,
GSE63703,0.004604340985457842,-0.05543047293104952,
GSE63721,0.004604340985457842,-0.05543047293104952,
GSE63733,0.004604340985457842,-0.05543047293104952,
GSE63744,0.004604340985457842,-0.05543047293104952,
GSE63764,0.004604340985457842,-0.05543047293104952,
GSE64113,0.004604340985457842,-0.05543047293104952,
GSE63807,0.004604340985457842,-0.05543047293104952,
GSE63840,0.004604340985457842,-0.05543047293104952,
GSE63863,0.004604340985457842,-0.05543047293104952,
GSE63887,0.004604340985457842,-0.05543047293104952,
GSE63950,0.004604340985457842,-0.05543047293104952,
GSE63966,0.004604340985457842,-0.05543047293104952,
GSE63979,0.004604340985457842,-0.05543047293104952,
GSE64017,0.004604340985457842,-0.05543047293104952,
GSE64025,0.004604340985457842,-0.05543047293104952,
GSE64032,0.004604340985457842,-0.05543047293104952,
GSE64082,0.004604340985457842,-0.05543047293104952,
GSE64098,0.004604340985457842,-0.05543047293104952,
GSE63776,0.004604340985457842,-0.05543047293104952,
GSE60590,0.004604340985457842,-0.05543047293104952,
GSE60630,0.004604340985457842,-0.05543047293104952,
GSE60664,0.004604340985457842,-0.05543047293104952,
GSE60833,0.004604340985457842,-0.05543047293104952,
GSE60873,0.004604340985457842,-0.05543047293104952,
GSE60889,0.004604340985457842,-0.05543047293104952,
GSE60890,0.004604340985457842,-0.05543047293104952,
GSE60902,0.004604340985457842,-0.05543047293104952,
GSE60939,0.004604340985457842,-0.05543047293104952,
GSE60942,0.004604340985457842,-0.05543047293104952,
GSE60949,0.004604340985457842,-0.05543047293104952,
GSE62679,0.004604340985457842,-0.05543047293104952,
GSE61045,0.004604340985457842,-0.05543047293104952,
GSE61130,0.004604340985457842,-0.05543047293104952,
GSE61141,0.004604340985457842,-0.05543047293104952,
GSE61162,0.004604340985457842,-0.05543047293104952,
GSE61220,0.004604340985457842,-0.05543047293104952,
GSE61255,0.004604340985457842,-0.05543047293104952,
GSE61290,0.004604340985457842,-0.05543047293104952,
GSE61332,0.004604340985457842,-0.05543047293104952,
GSE61375,0.004604340985457842,-0.05543047293104952,
GSE61398,0.004604340985457842,-0.05543047293104952,
GSE61405,0.004604340985457842,-0.05543047293104952,
GSE60988,0.004604340985457842,-0.05543047293104952,
GSE60065,0.004604340985457842,-0.05543047293104952,
GSE60106,0.004604340985457842,-0.05543047293104952,
GSE60119,0.004604340985457842,-0.05543047293104952,
GSE60138,0.004604340985457842,-0.05543047293104952,
GSE60171,0.004604340985457842,-0.05543047293104952,
GSE60182,0.004604340985457842,-0.05543047293104952,
GSE60191,0.004604340985457842,-0.05543047293104952,
GSE60216,0.004604340985457842,-0.05543047293104952,
GSE60217,0.004604340985457842,-0.05543047293104952,
GSE60237,0.004604340985457842,-0.05543047293104952,
GSE60271,0.004604340985457842,-0.05543047293104952,
GSE60585,0.004604340985457842,-0.05543047293104952,
GSE60340,0.004604340985457842,-0.05543047293104952,
GSE60391,0.004604340985457842,-0.05543047293104952,
GSE60407,0.004604340985457842,-0.05543047293104952,
GSE60424,0.004604340985457842,-0.05543047293104952,
GSE60462,0.004604340985457842,-0.05543047293104952,
GSE60477,0.004604340985457842,-0.05543047293104952,
GSE60481,0.004604340985457842,-0.05543047293104952,
GSE60530,0.004604340985457842,-0.05543047293104952,
GSE60548,0.004604340985457842,-0.05543047293104952,
GSE60559,0.004604340985457842,-0.05543047293104952,
GSE60560,0.004604340985457842,-0.05543047293104952,
GSE60570,0.004604340985457842,-0.05543047293104952,
GSE60296,0.004604340985457842,-0.05543047293104952,
GSE62074,0.004604340985457842,-0.05543047293104952,
GSE62077,0.004604340985457842,-0.05543047293104952,
GSE62093,0.004604340985457842,-0.05543047293104952,
GSE62098,0.004604340985457842,-0.05543047293104952,
GSE62118,0.004604340985457842,-0.05543047293104952,
GSE62121,0.004604340985457842,-0.05543047293104952,
GSE62171,0.004604340985457842,-0.05543047293104952,
GSE62190,0.004604340985457842,-0.05543047293104952,
GSE62193,0.004604340985457842,-0.05543047293104952,
GSE62212,0.004604340985457842,-0.05543047293104952,
GSE62228,0.004604340985457842,-0.05543047293104952,
GSE61410,0.004604340985457842,-0.05543047293104952,
GSE62247,0.004604340985457842,-0.05543047293104952,
GSE62276,0.004604340985457842,-0.05543047293104952,
GSE62288,0.004604340985457842,-0.05543047293104952,
GSE62408,0.004604340985457842,-0.05543047293104952,
GSE62518,0.004604340985457842,-0.05543047293104952,
GSE62526,0.004604340985457842,-0.05543047293104952,
GSE62544,0.004604340985457842,-0.05543047293104952,
GSE62563,0.004604340985457842,-0.05543047293104952,
GSE62591,0.004604340985457842,-0.05543047293104952,
GSE62642,0.004604340985457842,-0.05543047293104952,
GSE62678,0.004604340985457842,-0.05543047293104952,
GSE62241,0.004604340985457842,-0.05543047293104952,
GSE61474,0.004604340985457842,-0.05543047293104952,
GSE61476,0.004604340985457842,-0.05543047293104952,
GSE61490,0.004604340985457842,-0.05543047293104952,
GSE61491,0.004604340985457842,-0.05543047293104952,
GSE61515,0.004604340985457842,-0.05543047293104952,
GSE61544,0.004604340985457842,-0.05543047293104952,
GSE61549,0.004604340985457842,-0.05543047293104952,
GSE61566,0.004604340985457842,-0.05543047293104952,
GSE61586,0.004604340985457842,-0.05543047293104952,
GSE61626,0.004604340985457842,-0.05543047293104952,
GSE61656,0.004604340985457842,-0.05543047293104952,
GSE62056,0.004604340985457842,-0.05543047293104952,
GSE61727,0.004604340985457842,-0.05543047293104952,
GSE61742,0.004604340985457842,-0.05543047293104952,
GSE61794,0.004604340985457842,-0.05543047293104952,
GSE61910,0.004604340985457842,-0.05543047293104952,
GSE61917,0.004604340985457842,-0.05543047293104952,
GSE61945,0.004604340985457842,-0.05543047293104952,
GSE61946,0.004604340985457842,-0.05543047293104952,
GSE61950,0.004604340985457842,-0.05543047293104952,
GSE61955,0.004604340985457842,-0.05543047293104952,
GSE61966,0.004604340985457842,-0.05543047293104952,
GSE61999,0.004604340985457842,-0.05543047293104952,
GSE62000,0.004604340985457842,-0.05543047293104952,
GSE61674,0.004604340985457842,-0.05543047293104952,
