ID,prob,log2(prob/prior),related_words
GSE59066,0.0021152507756911636,0.3063504479085951,rcc
GSE69197,0.002016801414972611,0.237590769749972,rcc
GSE64399,0.002003490016803918,0.22803705523401752,rcc
GSE87087,0.001978969725794966,0.21027127651593022,ovarian
GSE97239,0.0019662290431004606,0.20095312312647173,bladder
GSE59483,0.00195976218843705,0.19620033228169773,bladder
GSE62093,0.0019393970296808522,0.18112991372870793,ovarian
GSE79572,0.0019269180879528435,0.171816979156486,ovarian
GSE81201,0.0019235802944758996,0.16931578641488493,bladder
GSE61742,0.001899002135740554,0.1507632622930254,cis
GSE92723,0.0018727904785850744,0.13071123906211105,"bladder,urothelial"
GSE81157,0.001872328224922859,0.13035510024660532,bladder
GSE97388,0.0018632823936686493,0.12336807577769786,ovarian
GSE35178,0.0018433671634466022,0.10786519107795349,bladder
GSE16921,0.001839103462102132,0.10452437771663411,cis
GSE94304,0.001833324695070022,0.09998405449510742,ovarian
GSE70073,0.0018267394099023761,0.09479257793429846,ovarian
GSE97768,0.0018263698494441656,0.09450068245330573,"bladder,urothelial"
GSE101972,0.0018214466301329976,0.09060645781905761,ovarian
GSE101419,0.0018214434242177233,0.09060391853953018,"bladder,urothelial"
GSE58586,0.0018197083003706938,0.08922893889118703,ovarian
GSE103001,0.0018176739865584917,0.08761519883145907,cis
GSE71340,0.0018174906303707692,0.08746966095857374,ovarian
GSE102170,0.0018158096998659571,0.08613474776342096,"bladder,urothelial"
GSE31614,0.0018149394421156444,0.08544314582915472,"bladder,genitourinary"
GSE84425,0.0018112900661084045,0.08253933710248716,ovarian
GSE93280,0.001808115035346757,0.08000820163626575,cis
GSE81046,0.0017999877599220553,0.07350883038944703,cis
GSE106688,0.0017924576205879306,0.06746074367728316,cis
GSE82329,0.0017910337137088653,0.06631422855580413,ovarian
GSE68109,0.0017894837050655144,0.06506514097362309,cis
GSE84829,0.001787429339937448,0.06340794513406221,ovarian
GSE85897,0.0017835034358208606,0.06023572933631697,rcc
GSE102182,0.0017834054156179973,0.06015643756492428,cis
GSE70072,0.0017791644622745654,0.05672161076458096,ovarian
GSE46490,0.0017751266736806617,0.05344371378667843,ovarian
GSE99819,0.001774641882970389,0.053049657021136495,cis
GSE101528,0.00177416775404396,0.05266416243284617,ovarian
GSE83100,0.001773490638819493,0.05211344943845184,ovarian
GSE97358,0.0017726738767256383,0.05144887866737722,cis
GSE68813,0.0017704456090076562,0.049634256708805134,cis
GSE75935,0.0017687120060828636,0.04822089182681273,ovarian
GSE96975,0.0017683819432597614,0.04795164254688235,cis
GSE84405,0.0017667963129518514,0.04665746105473872,ovarian
GSE37752,0.001766711556283636,0.046588250497148105,cis
GSE77568,0.0017636754476492633,0.044106834184787294,ovarian
GSE103071,0.0017618805097194756,0.04263781862805663,ovarian
GSE107735,0.0017613510916995442,0.04220424579262136,"bladder,urothelial"
GSE52695,0.0017593156525095009,0.04053608543208178,ovarian
GSE79779,0.0017585925848236422,0.039943024949016866,cis
GSE71074,0.0017583037572951041,0.03970606030548146,ovarian
GSE101974,0.0017582978247648348,0.03970119263321307,ovarian
GSE74550,0.001758107359332287,0.039544906016125425,ovarian
GSE66173,0.0017567528698288783,0.03843298960475728,ovarian
GSE102073,0.0017533671983323937,0.03564989791674191,ovarian
GSE52077,0.0017526154521707346,0.035031218029151476,ovarian
GSE44866,0.0017476034552746814,0.03089959757911236,ovarian
GSE93807,0.0017467810888610982,0.03022055155335978,ovarian
GSE73398,0.0017379483725366853,0.022906960372335694,bladder
GSE40591,0.0017360597652728083,0.021338348846905313,ovarian
GSE107746,0.0017335684290823625,0.019266519369210387,ovarian
GSE81698,0.0017318545439347752,0.017839499450471447,ovarian
GSE92651,0.0017307886784129075,0.01695132307625205,"bladder,urothelial"
GSE101966,0.0017293276199030392,0.015732946692232866,ovarian
GSE39682,0.0017291839996422611,0.0156131262255654,ovarian
GSE87809,0.0017268238536208877,0.013642661090819038,ovarian
GSE62276,0.0017232494682346317,0.010653304381597554,ovarian
GSE47702,0.0017137817096902744,0.0027050943469849264,urothelial
GSE80434,0.0017032980856357567,-0.006147329824934007,
GSE79884,0.0017032980856357567,-0.006147329824934007,
GSE79888,0.0017032980856357567,-0.006147329824934007,
GSE79899,0.0017032980856357567,-0.006147329824934007,
GSE79917,0.0017032980856357567,-0.006147329824934007,
GSE79920,0.0017032980856357567,-0.006147329824934007,
GSE80411,0.0017032980856357567,-0.006147329824934007,
GSE79923,0.0017032980856357567,-0.006147329824934007,
GSE79928,0.0017032980856357567,-0.006147329824934007,
GSE80409,0.0017032980856357567,-0.006147329824934007,
GSE79933,0.0017032980856357567,-0.006147329824934007,
GSE79953,0.0017032980856357567,-0.006147329824934007,
GSE80397,0.0017032980856357567,-0.006147329824934007,
GSE79955,0.0017032980856357567,-0.006147329824934007,
GSE79968,0.0017032980856357567,-0.006147329824934007,
GSE79872,0.0017032980856357567,-0.006147329824934007,
GSE80551,0.0017032980856357567,-0.006147329824934007,
GSE80538,0.0017032980856357567,-0.006147329824934007,
GSE80525,0.0017032980856357567,-0.006147329824934007,
GSE80492,0.0017032980856357567,-0.006147329824934007,
GSE79782,0.0017032980856357567,-0.006147329824934007,
GSE80467,0.0017032980856357567,-0.006147329824934007,
GSE79804,0.0017032980856357567,-0.006147329824934007,
GSE79820,0.0017032980856357567,-0.006147329824934007,
GSE79833,0.0017032980856357567,-0.006147329824934007,
GSE80442,0.0017032980856357567,-0.006147329824934007,
GSE80249,0.0017032980856357567,-0.006147329824934007,
GSE80239,0.0017032980856357567,-0.006147329824934007,
GSE80463,0.0017032980856357567,-0.006147329824934007,
GSE79842,0.0017032980856357567,-0.006147329824934007,
GSE80450,0.0017032980856357567,-0.006147329824934007,
GSE79859,0.0017032980856357567,-0.006147329824934007,
GSE79861,0.0017032980856357567,-0.006147329824934007,
GSE79970,0.0017032980856357567,-0.006147329824934007,
GSE79871,0.0017032980856357567,-0.006147329824934007,
GSE79835,0.0017032980856357567,-0.006147329824934007,
GSE80072,0.0017032980856357567,-0.006147329824934007,
GSE80073,0.0017032980856357567,-0.006147329824934007,
GSE80082,0.0017032980856357567,-0.006147329824934007,
GSE80095,0.0017032980856357567,-0.006147329824934007,
GSE80098,0.0017032980856357567,-0.006147329824934007,
GSE80106,0.0017032980856357567,-0.006147329824934007,
GSE80126,0.0017032980856357567,-0.006147329824934007,
GSE80131,0.0017032980856357567,-0.006147329824934007,
GSE80135,0.0017032980856357567,-0.006147329824934007,
GSE80388,0.0017032980856357567,-0.006147329824934007,
GSE80136,0.0017032980856357567,-0.006147329824934007,
GSE80137,0.0017032980856357567,-0.006147329824934007,
GSE80306,0.0017032980856357567,-0.006147329824934007,
GSE80170,0.0017032980856357567,-0.006147329824934007,
GSE80297,0.0017032980856357567,-0.006147329824934007,
GSE80282,0.0017032980856357567,-0.006147329824934007,
GSE80264,0.0017032980856357567,-0.006147329824934007,
GSE80176,0.0017032980856357567,-0.006147329824934007,
GSE80258,0.0017032980856357567,-0.006147329824934007,
GSE80182,0.0017032980856357567,-0.006147329824934007,
GSE80389,0.0017032980856357567,-0.006147329824934007,
GSE79978,0.0017032980856357567,-0.006147329824934007,
GSE80386,0.0017032980856357567,-0.006147329824934007,
GSE80372,0.0017032980856357567,-0.006147329824934007,
GSE80361,0.0017032980856357567,-0.006147329824934007,
GSE79988,0.0017032980856357567,-0.006147329824934007,
GSE80237,0.0017032980856357567,-0.006147329824934007,
GSE80358,0.0017032980856357567,-0.006147329824934007,
GSE80207,0.0017032980856357567,-0.006147329824934007,
GSE80064,0.0017032980856357567,-0.006147329824934007,
GSE80016,0.0017032980856357567,-0.006147329824934007,
GSE80043,0.0017032980856357567,-0.006147329824934007,
GSE80351,0.0017032980856357567,-0.006147329824934007,
GSE80183,0.0017032980856357567,-0.006147329824934007,
GSE80338,0.0017032980856357567,-0.006147329824934007,
GSE80045,0.0017032980856357567,-0.006147329824934007,
GSE80336,0.0017032980856357567,-0.006147329824934007,
GSE80333,0.0017032980856357567,-0.006147329824934007,
GSE80048,0.0017032980856357567,-0.006147329824934007,
GSE80062,0.0017032980856357567,-0.006147329824934007,
GSE79989,0.0017032980856357567,-0.006147329824934007,
GSE78502,0.0017032980856357567,-0.006147329824934007,
GSE78506,0.0017032980856357567,-0.006147329824934007,
GSE78508,0.0017032980856357567,-0.006147329824934007,
GSE78512,0.0017032980856357567,-0.006147329824934007,
GSE78519,0.0017032980856357567,-0.006147329824934007,
GSE78522,0.0017032980856357567,-0.006147329824934007,
GSE78527,0.0017032980856357567,-0.006147329824934007,
GSE78705,0.0017032980856357567,-0.006147329824934007,
GSE78711,0.0017032980856357567,-0.006147329824934007,
GSE78725,0.0017032980856357567,-0.006147329824934007,
GSE78740,0.0017032980856357567,-0.006147329824934007,
GSE78785,0.0017032980856357567,-0.006147329824934007,
GSE79586,0.0017032980856357567,-0.006147329824934007,
GSE78853,0.0017032980856357567,-0.006147329824934007,
GSE78913,0.0017032980856357567,-0.006147329824934007,
GSE78918,0.0017032980856357567,-0.006147329824934007,
GSE78922,0.0017032980856357567,-0.006147329824934007,
GSE78925,0.0017032980856357567,-0.006147329824934007,
GSE78930,0.0017032980856357567,-0.006147329824934007,
GSE78936,0.0017032980856357567,-0.006147329824934007,
GSE78957,0.0017032980856357567,-0.006147329824934007,
GSE78959,0.0017032980856357567,-0.006147329824934007,
GSE78960,0.0017032980856357567,-0.006147329824934007,
GSE78968,0.0017032980856357567,-0.006147329824934007,
GSE79027,0.0017032980856357567,-0.006147329824934007,
GSE78801,0.0017032980856357567,-0.006147329824934007,
GSE77902,0.0017032980856357567,-0.006147329824934007,
GSE77913,0.0017032980856357567,-0.006147329824934007,
GSE77926,0.0017032980856357567,-0.006147329824934007,
GSE77938,0.0017032980856357567,-0.006147329824934007,
GSE77946,0.0017032980856357567,-0.006147329824934007,
GSE77950,0.0017032980856357567,-0.006147329824934007,
GSE77958,0.0017032980856357567,-0.006147329824934007,
GSE77992,0.0017032980856357567,-0.006147329824934007,
GSE78003,0.0017032980856357567,-0.006147329824934007,
GSE78011,0.0017032980856357567,-0.006147329824934007,
GSE78023,0.0017032980856357567,-0.006147329824934007,
GSE78081,0.0017032980856357567,-0.006147329824934007,
GSE78285,0.0017032980856357567,-0.006147329824934007,
GSE78138,0.0017032980856357567,-0.006147329824934007,
GSE78158,0.0017032980856357567,-0.006147329824934007,
GSE78167,0.0017032980856357567,-0.006147329824934007,
GSE78172,0.0017032980856357567,-0.006147329824934007,
GSE78195,0.0017032980856357567,-0.006147329824934007,
GSE78199,0.0017032980856357567,-0.006147329824934007,
GSE78213,0.0017032980856357567,-0.006147329824934007,
GSE78220,0.0017032980856357567,-0.006147329824934007,
GSE78236,0.0017032980856357567,-0.006147329824934007,
GSE78271,0.0017032980856357567,-0.006147329824934007,
GSE78275,0.0017032980856357567,-0.006147329824934007,
GSE78276,0.0017032980856357567,-0.006147329824934007,
GSE78102,0.0017032980856357567,-0.006147329824934007,
GSE79362,0.0017032980856357567,-0.006147329824934007,
GSE79373,0.0017032980856357567,-0.006147329824934007,
GSE79395,0.0017032980856357567,-0.006147329824934007,
GSE79400,0.0017032980856357567,-0.006147329824934007,
GSE79426,0.0017032980856357567,-0.006147329824934007,
GSE79442,0.0017032980856357567,-0.006147329824934007,
GSE79463,0.0017032980856357567,-0.006147329824934007,
GSE79477,0.0017032980856357567,-0.006147329824934007,
GSE79564,0.0017032980856357567,-0.006147329824934007,
GSE79577,0.0017032980856357567,-0.006147329824934007,
GSE80563,0.0017032980856357567,-0.006147329824934007,
GSE79608,0.0017032980856357567,-0.006147329824934007,
GSE79029,0.0017032980856357567,-0.006147329824934007,
GSE79636,0.0017032980856357567,-0.006147329824934007,
GSE79657,0.0017032980856357567,-0.006147329824934007,
GSE79664,0.0017032980856357567,-0.006147329824934007,
GSE79666,0.0017032980856357567,-0.006147329824934007,
GSE79668,0.0017032980856357567,-0.006147329824934007,
GSE79669,0.0017032980856357567,-0.006147329824934007,
GSE79671,0.0017032980856357567,-0.006147329824934007,
GSE79680,0.0017032980856357567,-0.006147329824934007,
GSE79684,0.0017032980856357567,-0.006147329824934007,
GSE79688,0.0017032980856357567,-0.006147329824934007,
GSE79724,0.0017032980856357567,-0.006147329824934007,
GSE79735,0.0017032980856357567,-0.006147329824934007,
GSE79613,0.0017032980856357567,-0.006147329824934007,
GSE79044,0.0017032980856357567,-0.006147329824934007,
GSE79051,0.0017032980856357567,-0.006147329824934007,
GSE79102,0.0017032980856357567,-0.006147329824934007,
GSE79111,0.0017032980856357567,-0.006147329824934007,
GSE79112,0.0017032980856357567,-0.006147329824934007,
GSE79120,0.0017032980856357567,-0.006147329824934007,
GSE79123,0.0017032980856357567,-0.006147329824934007,
GSE79130,0.0017032980856357567,-0.006147329824934007,
GSE79133,0.0017032980856357567,-0.006147329824934007,
GSE79134,0.0017032980856357567,-0.006147329824934007,
GSE79147,0.0017032980856357567,-0.006147329824934007,
GSE79157,0.0017032980856357567,-0.006147329824934007,
GSE79343,0.0017032980856357567,-0.006147329824934007,
GSE79183,0.0017032980856357567,-0.006147329824934007,
GSE79209,0.0017032980856357567,-0.006147329824934007,
GSE79210,0.0017032980856357567,-0.006147329824934007,
GSE79249,0.0017032980856357567,-0.006147329824934007,
GSE79253,0.0017032980856357567,-0.006147329824934007,
GSE79256,0.0017032980856357567,-0.006147329824934007,
GSE79271,0.0017032980856357567,-0.006147329824934007,
GSE79272,0.0017032980856357567,-0.006147329824934007,
GSE79293,0.0017032980856357567,-0.006147329824934007,
GSE79301,0.0017032980856357567,-0.006147329824934007,
GSE79304,0.0017032980856357567,-0.006147329824934007,
GSE79309,0.0017032980856357567,-0.006147329824934007,
GSE79338,0.0017032980856357567,-0.006147329824934007,
GSE79160,0.0017032980856357567,-0.006147329824934007,
GSE82336,0.0017032980856357567,-0.006147329824934007,
GSE83083,0.0017032980856357567,-0.006147329824934007,
GSE83115,0.0017032980856357567,-0.006147329824934007,
GSE83126,0.0017032980856357567,-0.006147329824934007,
GSE83139,0.0017032980856357567,-0.006147329824934007,
GSE83142,0.0017032980856357567,-0.006147329824934007,
GSE83245,0.0017032980856357567,-0.006147329824934007,
GSE83254,0.0017032980856357567,-0.006147329824934007,
GSE83256,0.0017032980856357567,-0.006147329824934007,
GSE83266,0.0017032980856357567,-0.006147329824934007,
GSE83277,0.0017032980856357567,-0.006147329824934007,
GSE83299,0.0017032980856357567,-0.006147329824934007,
GSE80819,0.0017032980856357567,-0.006147329824934007,
GSE83321,0.0017032980856357567,-0.006147329824934007,
GSE83322,0.0017032980856357567,-0.006147329824934007,
GSE83381,0.0017032980856357567,-0.006147329824934007,
GSE83392,0.0017032980856357567,-0.006147329824934007,
GSE83402,0.0017032980856357567,-0.006147329824934007,
GSE83403,0.0017032980856357567,-0.006147329824934007,
GSE83415,0.0017032980856357567,-0.006147329824934007,
GSE83479,0.0017032980856357567,-0.006147329824934007,
GSE83480,0.0017032980856357567,-0.006147329824934007,
GSE83482,0.0017032980856357567,-0.006147329824934007,
GSE83484,0.0017032980856357567,-0.006147329824934007,
GSE83492,0.0017032980856357567,-0.006147329824934007,
GSE83314,0.0017032980856357567,-0.006147329824934007,
GSE81978,0.0017032980856357567,-0.006147329824934007,
GSE81995,0.0017032980856357567,-0.006147329824934007,
GSE82022,0.0017032980856357567,-0.006147329824934007,
GSE82032,0.0017032980856357567,-0.006147329824934007,
GSE82052,0.0017032980856357567,-0.006147329824934007,
GSE82061,0.0017032980856357567,-0.006147329824934007,
GSE82070,0.0017032980856357567,-0.006147329824934007,
GSE82071,0.0017032980856357567,-0.006147329824934007,
GSE82102,0.0017032980856357567,-0.006147329824934007,
GSE82104,0.0017032980856357567,-0.006147329824934007,
GSE82110,0.0017032980856357567,-0.006147329824934007,
GSE82115,0.0017032980856357567,-0.006147329824934007,
GSE82333,0.0017032980856357567,-0.006147329824934007,
GSE82143,0.0017032980856357567,-0.006147329824934007,
GSE82147,0.0017032980856357567,-0.006147329824934007,
GSE82177,0.0017032980856357567,-0.006147329824934007,
GSE82184,0.0017032980856357567,-0.006147329824934007,
GSE82204,0.0017032980856357567,-0.006147329824934007,
GSE82207,0.0017032980856357567,-0.006147329824934007,
GSE82227,0.0017032980856357567,-0.006147329824934007,
GSE82236,0.0017032980856357567,-0.006147329824934007,
GSE82237,0.0017032980856357567,-0.006147329824934007,
GSE82260,0.0017032980856357567,-0.006147329824934007,
GSE82289,0.0017032980856357567,-0.006147329824934007,
GSE82320,0.0017032980856357567,-0.006147329824934007,
GSE82117,0.0017032980856357567,-0.006147329824934007,
GSE83719,0.0017032980856357567,-0.006147329824934007,
GSE83724,0.0017032980856357567,-0.006147329824934007,
GSE83763,0.0017032980856357567,-0.006147329824934007,
GSE83765,0.0017032980856357567,-0.006147329824934007,
GSE83772,0.0017032980856357567,-0.006147329824934007,
GSE83786,0.0017032980856357567,-0.006147329824934007,
GSE83808,0.0017032980856357567,-0.006147329824934007,
GSE83816,0.0017032980856357567,-0.006147329824934007,
GSE83849,0.0017032980856357567,-0.006147329824934007,
GSE83886,0.0017032980856357567,-0.006147329824934007,
GSE83888,0.0017032980856357567,-0.006147329824934007,
GSE83919,0.0017032980856357567,-0.006147329824934007,
GSE83493,0.0017032980856357567,-0.006147329824934007,
GSE83930,0.0017032980856357567,-0.006147329824934007,
GSE83939,0.0017032980856357567,-0.006147329824934007,
GSE84013,0.0017032980856357567,-0.006147329824934007,
GSE84022,0.0017032980856357567,-0.006147329824934007,
GSE84023,0.0017032980856357567,-0.006147329824934007,
GSE84054,0.0017032980856357567,-0.006147329824934007,
GSE84068,0.0017032980856357567,-0.006147329824934007,
GSE84070,0.0017032980856357567,-0.006147329824934007,
GSE84073,0.0017032980856357567,-0.006147329824934007,
GSE84076,0.0017032980856357567,-0.006147329824934007,
GSE84085,0.0017032980856357567,-0.006147329824934007,
GSE84166,0.0017032980856357567,-0.006147329824934007,
GSE83923,0.0017032980856357567,-0.006147329824934007,
GSE83501,0.0017032980856357567,-0.006147329824934007,
GSE83518,0.0017032980856357567,-0.006147329824934007,
GSE83520,0.0017032980856357567,-0.006147329824934007,
GSE83525,0.0017032980856357567,-0.006147329824934007,
GSE83547,0.0017032980856357567,-0.006147329824934007,
GSE83549,0.0017032980856357567,-0.006147329824934007,
GSE83551,0.0017032980856357567,-0.006147329824934007,
GSE83559,0.0017032980856357567,-0.006147329824934007,
GSE83560,0.0017032980856357567,-0.006147329824934007,
GSE83577,0.0017032980856357567,-0.006147329824934007,
GSE83584,0.0017032980856357567,-0.006147329824934007,
GSE83592,0.0017032980856357567,-0.006147329824934007,
GSE83717,0.0017032980856357567,-0.006147329824934007,
GSE83611,0.0017032980856357567,-0.006147329824934007,
GSE83635,0.0017032980856357567,-0.006147329824934007,
GSE83637,0.0017032980856357567,-0.006147329824934007,
GSE83645,0.0017032980856357567,-0.006147329824934007,
GSE83647,0.0017032980856357567,-0.006147329824934007,
GSE83649,0.0017032980856357567,-0.006147329824934007,
GSE83652,0.0017032980856357567,-0.006147329824934007,
GSE83660,0.0017032980856357567,-0.006147329824934007,
GSE83668,0.0017032980856357567,-0.006147329824934007,
GSE83671,0.0017032980856357567,-0.006147329824934007,
GSE83687,0.0017032980856357567,-0.006147329824934007,
GSE83712,0.0017032980856357567,-0.006147329824934007,
GSE83601,0.0017032980856357567,-0.006147329824934007,
GSE81063,0.0017032980856357567,-0.006147329824934007,
GSE81074,0.0017032980856357567,-0.006147329824934007,
GSE81076,0.0017032980856357567,-0.006147329824934007,
GSE81080,0.0017032980856357567,-0.006147329824934007,
GSE81084,0.0017032980856357567,-0.006147329824934007,
GSE81087,0.0017032980856357567,-0.006147329824934007,
GSE81089,0.0017032980856357567,-0.006147329824934007,
GSE81144,0.0017032980856357567,-0.006147329824934007,
GSE81147,0.0017032980856357567,-0.006147329824934007,
GSE81148,0.0017032980856357567,-0.006147329824934007,
GSE81162,0.0017032980856357567,-0.006147329824934007,
GSE81167,0.0017032980856357567,-0.006147329824934007,
GSE81975,0.0017032980856357567,-0.006147329824934007,
GSE81198,0.0017032980856357567,-0.006147329824934007,
GSE81214,0.0017032980856357567,-0.006147329824934007,
GSE81236,0.0017032980856357567,-0.006147329824934007,
GSE81239,0.0017032980856357567,-0.006147329824934007,
GSE81252,0.0017032980856357567,-0.006147329824934007,
GSE81259,0.0017032980856357567,-0.006147329824934007,
GSE81266,0.0017032980856357567,-0.006147329824934007,
GSE81268,0.0017032980856357567,-0.006147329824934007,
GSE81301,0.0017032980856357567,-0.006147329824934007,
GSE81322,0.0017032980856357567,-0.006147329824934007,
GSE81328,0.0017032980856357567,-0.006147329824934007,
GSE81345,0.0017032980856357567,-0.006147329824934007,
GSE81194,0.0017032980856357567,-0.006147329824934007,
GSE80589,0.0017032980856357567,-0.006147329824934007,
GSE80591,0.0017032980856357567,-0.006147329824934007,
GSE80609,0.0017032980856357567,-0.006147329824934007,
GSE80611,0.0017032980856357567,-0.006147329824934007,
GSE80619,0.0017032980856357567,-0.006147329824934007,
GSE80635,0.0017032980856357567,-0.006147329824934007,
GSE80651,0.0017032980856357567,-0.006147329824934007,
GSE80688,0.0017032980856357567,-0.006147329824934007,
GSE80714,0.0017032980856357567,-0.006147329824934007,
GSE80715,0.0017032980856357567,-0.006147329824934007,
GSE80716,0.0017032980856357567,-0.006147329824934007,
GSE80722,0.0017032980856357567,-0.006147329824934007,
GSE81062,0.0017032980856357567,-0.006147329824934007,
GSE80746,0.0017032980856357567,-0.006147329824934007,
GSE80753,0.0017032980856357567,-0.006147329824934007,
GSE80774,0.0017032980856357567,-0.006147329824934007,
GSE80780,0.0017032980856357567,-0.006147329824934007,
GSE80802,0.0017032980856357567,-0.006147329824934007,
GSE77901,0.0017032980856357567,-0.006147329824934007,
GSE80829,0.0017032980856357567,-0.006147329824934007,
GSE80963,0.0017032980856357567,-0.006147329824934007,
GSE80979,0.0017032980856357567,-0.006147329824934007,
GSE80988,0.0017032980856357567,-0.006147329824934007,
GSE81032,0.0017032980856357567,-0.006147329824934007,
GSE81043,0.0017032980856357567,-0.006147329824934007,
GSE80727,0.0017032980856357567,-0.006147329824934007,
GSE81608,0.0017032980856357567,-0.006147329824934007,
GSE81617,0.0017032980856357567,-0.006147329824934007,
GSE81620,0.0017032980856357567,-0.006147329824934007,
GSE81626,0.0017032980856357567,-0.006147329824934007,
GSE81662,0.0017032980856357567,-0.006147329824934007,
GSE81671,0.0017032980856357567,-0.006147329824934007,
GSE81673,0.0017032980856357567,-0.006147329824934007,
GSE81687,0.0017032980856357567,-0.006147329824934007,
GSE81747,0.0017032980856357567,-0.006147329824934007,
GSE81748,0.0017032980856357567,-0.006147329824934007,
GSE81749,0.0017032980856357567,-0.006147329824934007,
GSE81750,0.0017032980856357567,-0.006147329824934007,
GSE81383,0.0017032980856357567,-0.006147329824934007,
GSE81791,0.0017032980856357567,-0.006147329824934007,
GSE81796,0.0017032980856357567,-0.006147329824934007,
GSE81802,0.0017032980856357567,-0.006147329824934007,
GSE81810,0.0017032980856357567,-0.006147329824934007,
GSE81812,0.0017032980856357567,-0.006147329824934007,
GSE81814,0.0017032980856357567,-0.006147329824934007,
GSE81817,0.0017032980856357567,-0.006147329824934007,
GSE81826,0.0017032980856357567,-0.006147329824934007,
GSE81827,0.0017032980856357567,-0.006147329824934007,
GSE81928,0.0017032980856357567,-0.006147329824934007,
GSE81955,0.0017032980856357567,-0.006147329824934007,
GSE81965,0.0017032980856357567,-0.006147329824934007,
GSE81781,0.0017032980856357567,-0.006147329824934007,
GSE81396,0.0017032980856357567,-0.006147329824934007,
GSE81402,0.0017032980856357567,-0.006147329824934007,
GSE81405,0.0017032980856357567,-0.006147329824934007,
GSE81412,0.0017032980856357567,-0.006147329824934007,
GSE81417,0.0017032980856357567,-0.006147329824934007,
GSE81429,0.0017032980856357567,-0.006147329824934007,
GSE81439,0.0017032980856357567,-0.006147329824934007,
GSE81443,0.0017032980856357567,-0.006147329824934007,
GSE81460,0.0017032980856357567,-0.006147329824934007,
GSE81469,0.0017032980856357567,-0.006147329824934007,
GSE81474,0.0017032980856357567,-0.006147329824934007,
GSE81475,0.0017032980856357567,-0.006147329824934007,
GSE81601,0.0017032980856357567,-0.006147329824934007,
GSE81485,0.0017032980856357567,-0.006147329824934007,
GSE81493,0.0017032980856357567,-0.006147329824934007,
GSE81497,0.0017032980856357567,-0.006147329824934007,
GSE81498,0.0017032980856357567,-0.006147329824934007,
GSE81507,0.0017032980856357567,-0.006147329824934007,
GSE81513,0.0017032980856357567,-0.006147329824934007,
GSE81518,0.0017032980856357567,-0.006147329824934007,
GSE81534,0.0017032980856357567,-0.006147329824934007,
GSE81547,0.0017032980856357567,-0.006147329824934007,
GSE81550,0.0017032980856357567,-0.006147329824934007,
GSE81579,0.0017032980856357567,-0.006147329824934007,
GSE81593,0.0017032980856357567,-0.006147329824934007,
GSE81478,0.0017032980856357567,-0.006147329824934007,
GSE73663,0.0017032980856357567,-0.006147329824934007,
GSE73678,0.0017032980856357567,-0.006147329824934007,
GSE73696,0.0017032980856357567,-0.006147329824934007,
GSE73708,0.0017032980856357567,-0.006147329824934007,
GSE73718,0.0017032980856357567,-0.006147329824934007,
GSE73719,0.0017032980856357567,-0.006147329824934007,
GSE73727,0.0017032980856357567,-0.006147329824934007,
GSE73737,0.0017032980856357567,-0.006147329824934007,
GSE73742,0.0017032980856357567,-0.006147329824934007,
GSE73784,0.0017032980856357567,-0.006147329824934007,
GSE73853,0.0017032980856357567,-0.006147329824934007,
GSE73857,0.0017032980856357567,-0.006147329824934007,
GSE77564,0.0017032980856357567,-0.006147329824934007,
GSE73893,0.0017032980856357567,-0.006147329824934007,
GSE73929,0.0017032980856357567,-0.006147329824934007,
GSE73934,0.0017032980856357567,-0.006147329824934007,
GSE73941,0.0017032980856357567,-0.006147329824934007,
GSE73942,0.0017032980856357567,-0.006147329824934007,
GSE73982,0.0017032980856357567,-0.006147329824934007,
GSE73986,0.0017032980856357567,-0.006147329824934007,
GSE74009,0.0017032980856357567,-0.006147329824934007,
GSE74016,0.0017032980856357567,-0.006147329824934007,
GSE74029,0.0017032980856357567,-0.006147329824934007,
GSE74031,0.0017032980856357567,-0.006147329824934007,
GSE74041,0.0017032980856357567,-0.006147329824934007,
GSE73887,0.0017032980856357567,-0.006147329824934007,
GSE73268,0.0017032980856357567,-0.006147329824934007,
GSE73277,0.0017032980856357567,-0.006147329824934007,
GSE73305,0.0017032980856357567,-0.006147329824934007,
GSE73313,0.0017032980856357567,-0.006147329824934007,
GSE73317,0.0017032980856357567,-0.006147329824934007,
GSE73318,0.0017032980856357567,-0.006147329824934007,
GSE73362,0.0017032980856357567,-0.006147329824934007,
GSE73370,0.0017032980856357567,-0.006147329824934007,
GSE73376,0.0017032980856357567,-0.006147329824934007,
GSE73433,0.0017032980856357567,-0.006147329824934007,
GSE73458,0.0017032980856357567,-0.006147329824934007,
GSE73470,0.0017032980856357567,-0.006147329824934007,
GSE73632,0.0017032980856357567,-0.006147329824934007,
GSE73502,0.0017032980856357567,-0.006147329824934007,
GSE73526,0.0017032980856357567,-0.006147329824934007,
GSE73527,0.0017032980856357567,-0.006147329824934007,
GSE73555,0.0017032980856357567,-0.006147329824934007,
GSE73565,0.0017032980856357567,-0.006147329824934007,
GSE73570,0.0017032980856357567,-0.006147329824934007,
GSE73573,0.0017032980856357567,-0.006147329824934007,
GSE73579,0.0017032980856357567,-0.006147329824934007,
GSE73583,0.0017032980856357567,-0.006147329824934007,
GSE73588,0.0017032980856357567,-0.006147329824934007,
GSE73610,0.0017032980856357567,-0.006147329824934007,
GSE73628,0.0017032980856357567,-0.006147329824934007,
GSE73471,0.0017032980856357567,-0.006147329824934007,
GSE74442,0.0017032980856357567,-0.006147329824934007,
GSE74450,0.0017032980856357567,-0.006147329824934007,
GSE74457,0.0017032980856357567,-0.006147329824934007,
GSE74461,0.0017032980856357567,-0.006147329824934007,
GSE74484,0.0017032980856357567,-0.006147329824934007,
GSE74493,0.0017032980856357567,-0.006147329824934007,
GSE74508,0.0017032980856357567,-0.006147329824934007,
GSE74516,0.0017032980856357567,-0.006147329824934007,
GSE74557,0.0017032980856357567,-0.006147329824934007,
GSE74620,0.0017032980856357567,-0.006147329824934007,
GSE74639,0.0017032980856357567,-0.006147329824934007,
GSE74658,0.0017032980856357567,-0.006147329824934007,
GSE74053,0.0017032980856357567,-0.006147329824934007,
GSE74697,0.0017032980856357567,-0.006147329824934007,
GSE74698,0.0017032980856357567,-0.006147329824934007,
GSE74716,0.0017032980856357567,-0.006147329824934007,
GSE74718,0.0017032980856357567,-0.006147329824934007,
GSE74729,0.0017032980856357567,-0.006147329824934007,
GSE74734,0.0017032980856357567,-0.006147329824934007,
GSE74737,0.0017032980856357567,-0.006147329824934007,
GSE74760,0.0017032980856357567,-0.006147329824934007,
GSE74791,0.0017032980856357567,-0.006147329824934007,
GSE74792,0.0017032980856357567,-0.006147329824934007,
GSE74798,0.0017032980856357567,-0.006147329824934007,
GSE74850,0.0017032980856357567,-0.006147329824934007,
GSE74665,0.0017032980856357567,-0.006147329824934007,
GSE74085,0.0017032980856357567,-0.006147329824934007,
GSE74102,0.0017032980856357567,-0.006147329824934007,
GSE74118,0.0017032980856357567,-0.006147329824934007,
GSE74142,0.0017032980856357567,-0.006147329824934007,
GSE74201,0.0017032980856357567,-0.006147329824934007,
GSE74207,0.0017032980856357567,-0.006147329824934007,
GSE74220,0.0017032980856357567,-0.006147329824934007,
GSE74230,0.0017032980856357567,-0.006147329824934007,
GSE74232,0.0017032980856357567,-0.006147329824934007,
GSE74235,0.0017032980856357567,-0.006147329824934007,
GSE74246,0.0017032980856357567,-0.006147329824934007,
GSE74251,0.0017032980856357567,-0.006147329824934007,
GSE74439,0.0017032980856357567,-0.006147329824934007,
GSE74270,0.0017032980856357567,-0.006147329824934007,
GSE74279,0.0017032980856357567,-0.006147329824934007,
GSE74289,0.0017032980856357567,-0.006147329824934007,
GSE74308,0.0017032980856357567,-0.006147329824934007,
GSE74322,0.0017032980856357567,-0.006147329824934007,
GSE74324,0.0017032980856357567,-0.006147329824934007,
GSE74339,0.0017032980856357567,-0.006147329824934007,
GSE74345,0.0017032980856357567,-0.006147329824934007,
GSE74365,0.0017032980856357567,-0.006147329824934007,
GSE74369,0.0017032980856357567,-0.006147329824934007,
GSE74377,0.0017032980856357567,-0.006147329824934007,
GSE74383,0.0017032980856357567,-0.006147329824934007,
GSE74417,0.0017032980856357567,-0.006147329824934007,
GSE74263,0.0017032980856357567,-0.006147329824934007,
GSE71645,0.0017032980856357567,-0.006147329824934007,
GSE71686,0.0017032980856357567,-0.006147329824934007,
GSE71689,0.0017032980856357567,-0.006147329824934007,
GSE71709,0.0017032980856357567,-0.006147329824934007,
GSE71710,0.0017032980856357567,-0.006147329824934007,
GSE71740,0.0017032980856357567,-0.006147329824934007,
GSE71747,0.0017032980856357567,-0.006147329824934007,
GSE71756,0.0017032980856357567,-0.006147329824934007,
GSE71777,0.0017032980856357567,-0.006147329824934007,
GSE71797,0.0017032980856357567,-0.006147329824934007,
GSE71800,0.0017032980856357567,-0.006147329824934007,
GSE71812,0.0017032980856357567,-0.006147329824934007,
GSE73213,0.0017032980856357567,-0.006147329824934007,
GSE71854,0.0017032980856357567,-0.006147329824934007,
GSE71858,0.0017032980856357567,-0.006147329824934007,
GSE71862,0.0017032980856357567,-0.006147329824934007,
GSE71878,0.0017032980856357567,-0.006147329824934007,
GSE71890,0.0017032980856357567,-0.006147329824934007,
GSE71900,0.0017032980856357567,-0.006147329824934007,
GSE71960,0.0017032980856357567,-0.006147329824934007,
GSE71972,0.0017032980856357567,-0.006147329824934007,
GSE71993,0.0017032980856357567,-0.006147329824934007,
GSE72001,0.0017032980856357567,-0.006147329824934007,
GSE72041,0.0017032980856357567,-0.006147329824934007,
GSE72055,0.0017032980856357567,-0.006147329824934007,
GSE71840,0.0017032980856357567,-0.006147329824934007,
GSE71318,0.0017032980856357567,-0.006147329824934007,
GSE71325,0.0017032980856357567,-0.006147329824934007,
GSE71326,0.0017032980856357567,-0.006147329824934007,
GSE71334,0.0017032980856357567,-0.006147329824934007,
GSE71359,0.0017032980856357567,-0.006147329824934007,
GSE71382,0.0017032980856357567,-0.006147329824934007,
GSE71401,0.0017032980856357567,-0.006147329824934007,
GSE71414,0.0017032980856357567,-0.006147329824934007,
GSE71421,0.0017032980856357567,-0.006147329824934007,
GSE71446,0.0017032980856357567,-0.006147329824934007,
GSE71456,0.0017032980856357567,-0.006147329824934007,
GSE71503,0.0017032980856357567,-0.006147329824934007,
GSE71613,0.0017032980856357567,-0.006147329824934007,
GSE71511,0.0017032980856357567,-0.006147329824934007,
GSE71519,0.0017032980856357567,-0.006147329824934007,
GSE71520,0.0017032980856357567,-0.006147329824934007,
GSE71536,0.0017032980856357567,-0.006147329824934007,
GSE71541,0.0017032980856357567,-0.006147329824934007,
GSE71551,0.0017032980856357567,-0.006147329824934007,
GSE71557,0.0017032980856357567,-0.006147329824934007,
GSE71560,0.0017032980856357567,-0.006147329824934007,
GSE71569,0.0017032980856357567,-0.006147329824934007,
GSE71577,0.0017032980856357567,-0.006147329824934007,
GSE71594,0.0017032980856357567,-0.006147329824934007,
GSE71595,0.0017032980856357567,-0.006147329824934007,
GSE71505,0.0017032980856357567,-0.006147329824934007,
GSE72627,0.0017032980856357567,-0.006147329824934007,
GSE72631,0.0017032980856357567,-0.006147329824934007,
GSE72696,0.0017032980856357567,-0.006147329824934007,
GSE72712,0.0017032980856357567,-0.006147329824934007,
GSE72713,0.0017032980856357567,-0.006147329824934007,
GSE72748,0.0017032980856357567,-0.006147329824934007,
GSE72815,0.0017032980856357567,-0.006147329824934007,
GSE72819,0.0017032980856357567,-0.006147329824934007,
GSE72820,0.0017032980856357567,-0.006147329824934007,
GSE72821,0.0017032980856357567,-0.006147329824934007,
GSE72842,0.0017032980856357567,-0.006147329824934007,
GSE72915,0.0017032980856357567,-0.006147329824934007,
GSE72061,0.0017032980856357567,-0.006147329824934007,
GSE72932,0.0017032980856357567,-0.006147329824934007,
GSE72955,0.0017032980856357567,-0.006147329824934007,
GSE72956,0.0017032980856357567,-0.006147329824934007,
GSE72983,0.0017032980856357567,-0.006147329824934007,
GSE72986,0.0017032980856357567,-0.006147329824934007,
GSE72994,0.0017032980856357567,-0.006147329824934007,
GSE73016,0.0017032980856357567,-0.006147329824934007,
GSE73060,0.0017032980856357567,-0.006147329824934007,
GSE73109,0.0017032980856357567,-0.006147329824934007,
GSE73114,0.0017032980856357567,-0.006147329824934007,
GSE73189,0.0017032980856357567,-0.006147329824934007,
GSE73211,0.0017032980856357567,-0.006147329824934007,
GSE72930,0.0017032980856357567,-0.006147329824934007,
GSE72131,0.0017032980856357567,-0.006147329824934007,
GSE72141,0.0017032980856357567,-0.006147329824934007,
GSE72156,0.0017032980856357567,-0.006147329824934007,
GSE72202,0.0017032980856357567,-0.006147329824934007,
GSE72259,0.0017032980856357567,-0.006147329824934007,
GSE72268,0.0017032980856357567,-0.006147329824934007,
GSE72273,0.0017032980856357567,-0.006147329824934007,
GSE72299,0.0017032980856357567,-0.006147329824934007,
GSE72379,0.0017032980856357567,-0.006147329824934007,
GSE72400,0.0017032980856357567,-0.006147329824934007,
GSE72404,0.0017032980856357567,-0.006147329824934007,
GSE72407,0.0017032980856357567,-0.006147329824934007,
GSE72589,0.0017032980856357567,-0.006147329824934007,
GSE72437,0.0017032980856357567,-0.006147329824934007,
GSE72460,0.0017032980856357567,-0.006147329824934007,
GSE72468,0.0017032980856357567,-0.006147329824934007,
GSE72475,0.0017032980856357567,-0.006147329824934007,
GSE72482,0.0017032980856357567,-0.006147329824934007,
GSE72483,0.0017032980856357567,-0.006147329824934007,
GSE72501,0.0017032980856357567,-0.006147329824934007,
GSE72502,0.0017032980856357567,-0.006147329824934007,
GSE72509,0.0017032980856357567,-0.006147329824934007,
GSE72524,0.0017032980856357567,-0.006147329824934007,
GSE72534,0.0017032980856357567,-0.006147329824934007,
GSE72536,0.0017032980856357567,-0.006147329824934007,
GSE72577,0.0017032980856357567,-0.006147329824934007,
GSE72419,0.0017032980856357567,-0.006147329824934007,
GSE76712,0.0017032980856357567,-0.006147329824934007,
GSE76717,0.0017032980856357567,-0.006147329824934007,
GSE76743,0.0017032980856357567,-0.006147329824934007,
GSE76747,0.0017032980856357567,-0.006147329824934007,
GSE76801,0.0017032980856357567,-0.006147329824934007,
GSE76860,0.0017032980856357567,-0.006147329824934007,
GSE76877,0.0017032980856357567,-0.006147329824934007,
GSE76878,0.0017032980856357567,-0.006147329824934007,
GSE76883,0.0017032980856357567,-0.006147329824934007,
GSE76922,0.0017032980856357567,-0.006147329824934007,
GSE76931,0.0017032980856357567,-0.006147329824934007,
GSE76947,0.0017032980856357567,-0.006147329824934007,
GSE74863,0.0017032980856357567,-0.006147329824934007,
GSE76978,0.0017032980856357567,-0.006147329824934007,
GSE76980,0.0017032980856357567,-0.006147329824934007,
GSE76987,0.0017032980856357567,-0.006147329824934007,
GSE76998,0.0017032980856357567,-0.006147329824934007,
GSE77032,0.0017032980856357567,-0.006147329824934007,
GSE77034,0.0017032980856357567,-0.006147329824934007,
GSE77039,0.0017032980856357567,-0.006147329824934007,
GSE77057,0.0017032980856357567,-0.006147329824934007,
GSE77085,0.0017032980856357567,-0.006147329824934007,
GSE77088,0.0017032980856357567,-0.006147329824934007,
GSE77108,0.0017032980856357567,-0.006147329824934007,
GSE77120,0.0017032980856357567,-0.006147329824934007,
GSE76970,0.0017032980856357567,-0.006147329824934007,
GSE76421,0.0017032980856357567,-0.006147329824934007,
GSE76433,0.0017032980856357567,-0.006147329824934007,
GSE76445,0.0017032980856357567,-0.006147329824934007,
GSE76453,0.0017032980856357567,-0.006147329824934007,
GSE76464,0.0017032980856357567,-0.006147329824934007,
GSE76476,0.0017032980856357567,-0.006147329824934007,
GSE76487,0.0017032980856357567,-0.006147329824934007,
GSE76490,0.0017032980856357567,-0.006147329824934007,
GSE76495,0.0017032980856357567,-0.006147329824934007,
GSE76507,0.0017032980856357567,-0.006147329824934007,
GSE76511,0.0017032980856357567,-0.006147329824934007,
GSE76523,0.0017032980856357567,-0.006147329824934007,
GSE76688,0.0017032980856357567,-0.006147329824934007,
GSE76572,0.0017032980856357567,-0.006147329824934007,
GSE76586,0.0017032980856357567,-0.006147329824934007,
GSE76608,0.0017032980856357567,-0.006147329824934007,
GSE76626,0.0017032980856357567,-0.006147329824934007,
GSE76627,0.0017032980856357567,-0.006147329824934007,
GSE76647,0.0017032980856357567,-0.006147329824934007,
GSE76656,0.0017032980856357567,-0.006147329824934007,
GSE76661,0.0017032980856357567,-0.006147329824934007,
GSE76663,0.0017032980856357567,-0.006147329824934007,
GSE76682,0.0017032980856357567,-0.006147329824934007,
GSE76683,0.0017032980856357567,-0.006147329824934007,
GSE76684,0.0017032980856357567,-0.006147329824934007,
GSE76528,0.0017032980856357567,-0.006147329824934007,
GSE77460,0.0017032980856357567,-0.006147329824934007,
GSE77466,0.0017032980856357567,-0.006147329824934007,
GSE77509,0.0017032980856357567,-0.006147329824934007,
GSE77513,0.0017032980856357567,-0.006147329824934007,
GSE77523,0.0017032980856357567,-0.006147329824934007,
GSE77530,0.0017032980856357567,-0.006147329824934007,
GSE77538,0.0017032980856357567,-0.006147329824934007,
GSE84170,0.0017032980856357567,-0.006147329824934007,
GSE77597,0.0017032980856357567,-0.006147329824934007,
GSE77598,0.0017032980856357567,-0.006147329824934007,
GSE77624,0.0017032980856357567,-0.006147329824934007,
GSE77635,0.0017032980856357567,-0.006147329824934007,
GSE77128,0.0017032980856357567,-0.006147329824934007,
GSE77639,0.0017032980856357567,-0.006147329824934007,
GSE77649,0.0017032980856357567,-0.006147329824934007,
GSE77661,0.0017032980856357567,-0.006147329824934007,
GSE77675,0.0017032980856357567,-0.006147329824934007,
GSE77682,0.0017032980856357567,-0.006147329824934007,
GSE77702,0.0017032980856357567,-0.006147329824934007,
GSE77704,0.0017032980856357567,-0.006147329824934007,
GSE77737,0.0017032980856357567,-0.006147329824934007,
GSE77742,0.0017032980856357567,-0.006147329824934007,
GSE77808,0.0017032980856357567,-0.006147329824934007,
GSE77829,0.0017032980856357567,-0.006147329824934007,
GSE77841,0.0017032980856357567,-0.006147329824934007,
GSE77638,0.0017032980856357567,-0.006147329824934007,
GSE77131,0.0017032980856357567,-0.006147329824934007,
GSE77140,0.0017032980856357567,-0.006147329824934007,
GSE77179,0.0017032980856357567,-0.006147329824934007,
GSE77219,0.0017032980856357567,-0.006147329824934007,
GSE77229,0.0017032980856357567,-0.006147329824934007,
GSE77250,0.0017032980856357567,-0.006147329824934007,
GSE77251,0.0017032980856357567,-0.006147329824934007,
GSE77260,0.0017032980856357567,-0.006147329824934007,
GSE77261,0.0017032980856357567,-0.006147329824934007,
GSE77282,0.0017032980856357567,-0.006147329824934007,
GSE77284,0.0017032980856357567,-0.006147329824934007,
GSE77288,0.0017032980856357567,-0.006147329824934007,
GSE77422,0.0017032980856357567,-0.006147329824934007,
GSE77312,0.0017032980856357567,-0.006147329824934007,
GSE77314,0.0017032980856357567,-0.006147329824934007,
GSE77315,0.0017032980856357567,-0.006147329824934007,
GSE77317,0.0017032980856357567,-0.006147329824934007,
GSE77347,0.0017032980856357567,-0.006147329824934007,
GSE77352,0.0017032980856357567,-0.006147329824934007,
GSE77356,0.0017032980856357567,-0.006147329824934007,
GSE77370,0.0017032980856357567,-0.006147329824934007,
GSE77381,0.0017032980856357567,-0.006147329824934007,
GSE77382,0.0017032980856357567,-0.006147329824934007,
GSE77383,0.0017032980856357567,-0.006147329824934007,
GSE77408,0.0017032980856357567,-0.006147329824934007,
GSE77415,0.0017032980856357567,-0.006147329824934007,
GSE77308,0.0017032980856357567,-0.006147329824934007,
GSE75184,0.0017032980856357567,-0.006147329824934007,
GSE75189,0.0017032980856357567,-0.006147329824934007,
GSE75215,0.0017032980856357567,-0.006147329824934007,
GSE75217,0.0017032980856357567,-0.006147329824934007,
GSE75220,0.0017032980856357567,-0.006147329824934007,
GSE75234,0.0017032980856357567,-0.006147329824934007,
GSE75247,0.0017032980856357567,-0.006147329824934007,
GSE75291,0.0017032980856357567,-0.006147329824934007,
GSE75297,0.0017032980856357567,-0.006147329824934007,
GSE75299,0.0017032980856357567,-0.006147329824934007,
GSE75327,0.0017032980856357567,-0.006147329824934007,
GSE75354,0.0017032980856357567,-0.006147329824934007,
GSE76389,0.0017032980856357567,-0.006147329824934007,
GSE75367,0.0017032980856357567,-0.006147329824934007,
GSE75369,0.0017032980856357567,-0.006147329824934007,
GSE75428,0.0017032980856357567,-0.006147329824934007,
GSE75432,0.0017032980856357567,-0.006147329824934007,
GSE75440,0.0017032980856357567,-0.006147329824934007,
GSE75452,0.0017032980856357567,-0.006147329824934007,
GSE75478,0.0017032980856357567,-0.006147329824934007,
GSE75487,0.0017032980856357567,-0.006147329824934007,
GSE75489,0.0017032980856357567,-0.006147329824934007,
GSE75491,0.0017032980856357567,-0.006147329824934007,
GSE75515,0.0017032980856357567,-0.006147329824934007,
GSE75524,0.0017032980856357567,-0.006147329824934007,
GSE75364,0.0017032980856357567,-0.006147329824934007,
GSE74866,0.0017032980856357567,-0.006147329824934007,
GSE74881,0.0017032980856357567,-0.006147329824934007,
GSE74886,0.0017032980856357567,-0.006147329824934007,
GSE74896,0.0017032980856357567,-0.006147329824934007,
GSE74924,0.0017032980856357567,-0.006147329824934007,
GSE74927,0.0017032980856357567,-0.006147329824934007,
GSE74928,0.0017032980856357567,-0.006147329824934007,
GSE74935,0.0017032980856357567,-0.006147329824934007,
GSE74941,0.0017032980856357567,-0.006147329824934007,
GSE74953,0.0017032980856357567,-0.006147329824934007,
GSE74958,0.0017032980856357567,-0.006147329824934007,
GSE74974,0.0017032980856357567,-0.006147329824934007,
GSE75168,0.0017032980856357567,-0.006147329824934007,
GSE74981,0.0017032980856357567,-0.006147329824934007,
GSE74999,0.0017032980856357567,-0.006147329824934007,
GSE75011,0.0017032980856357567,-0.006147329824934007,
GSE75035,0.0017032980856357567,-0.006147329824934007,
GSE75042,0.0017032980856357567,-0.006147329824934007,
GSE75059,0.0017032980856357567,-0.006147329824934007,
GSE75061,0.0017032980856357567,-0.006147329824934007,
GSE75070,0.0017032980856357567,-0.006147329824934007,
GSE75130,0.0017032980856357567,-0.006147329824934007,
GSE75140,0.0017032980856357567,-0.006147329824934007,
GSE75146,0.0017032980856357567,-0.006147329824934007,
GSE75147,0.0017032980856357567,-0.006147329824934007,
GSE74978,0.0017032980856357567,-0.006147329824934007,
GSE75962,0.0017032980856357567,-0.006147329824934007,
GSE75990,0.0017032980856357567,-0.006147329824934007,
GSE76011,0.0017032980856357567,-0.006147329824934007,
GSE76023,0.0017032980856357567,-0.006147329824934007,
GSE76025,0.0017032980856357567,-0.006147329824934007,
GSE76098,0.0017032980856357567,-0.006147329824934007,
GSE76122,0.0017032980856357567,-0.006147329824934007,
GSE76125,0.0017032980856357567,-0.006147329824934007,
GSE76151,0.0017032980856357567,-0.006147329824934007,
GSE76199,0.0017032980856357567,-0.006147329824934007,
GSE76203,0.0017032980856357567,-0.006147329824934007,
GSE76220,0.0017032980856357567,-0.006147329824934007,
GSE75530,0.0017032980856357567,-0.006147329824934007,
GSE76240,0.0017032980856357567,-0.006147329824934007,
GSE76268,0.0017032980856357567,-0.006147329824934007,
GSE76271,0.0017032980856357567,-0.006147329824934007,
GSE76284,0.0017032980856357567,-0.006147329824934007,
GSE76307,0.0017032980856357567,-0.006147329824934007,
GSE76308,0.0017032980856357567,-0.006147329824934007,
GSE76312,0.0017032980856357567,-0.006147329824934007,
GSE76314,0.0017032980856357567,-0.006147329824934007,
GSE76326,0.0017032980856357567,-0.006147329824934007,
GSE76367,0.0017032980856357567,-0.006147329824934007,
GSE76371,0.0017032980856357567,-0.006147329824934007,
GSE76377,0.0017032980856357567,-0.006147329824934007,
GSE76234,0.0017032980856357567,-0.006147329824934007,
GSE75591,0.0017032980856357567,-0.006147329824934007,
GSE75602,0.0017032980856357567,-0.006147329824934007,
GSE75627,0.0017032980856357567,-0.006147329824934007,
GSE75652,0.0017032980856357567,-0.006147329824934007,
GSE75664,0.0017032980856357567,-0.006147329824934007,
GSE75665,0.0017032980856357567,-0.006147329824934007,
GSE75688,0.0017032980856357567,-0.006147329824934007,
GSE75699,0.0017032980856357567,-0.006147329824934007,
GSE75719,0.0017032980856357567,-0.006147329824934007,
GSE75733,0.0017032980856357567,-0.006147329824934007,
GSE75741,0.0017032980856357567,-0.006147329824934007,
GSE75742,0.0017032980856357567,-0.006147329824934007,
GSE75956,0.0017032980856357567,-0.006147329824934007,
GSE75747,0.0017032980856357567,-0.006147329824934007,
GSE75748,0.0017032980856357567,-0.006147329824934007,
GSE75792,0.0017032980856357567,-0.006147329824934007,
GSE75797,0.0017032980856357567,-0.006147329824934007,
GSE75823,0.0017032980856357567,-0.006147329824934007,
GSE75839,0.0017032980856357567,-0.006147329824934007,
GSE75844,0.0017032980856357567,-0.006147329824934007,
GSE75852,0.0017032980856357567,-0.006147329824934007,
GSE75853,0.0017032980856357567,-0.006147329824934007,
GSE75859,0.0017032980856357567,-0.006147329824934007,
GSE75885,0.0017032980856357567,-0.006147329824934007,
GSE75906,0.0017032980856357567,-0.006147329824934007,
GSE75949,0.0017032980856357567,-0.006147329824934007,
GSE75746,0.0017032980856357567,-0.006147329824934007,
GSE94405,0.0017032980856357567,-0.006147329824934007,
GSE94408,0.0017032980856357567,-0.006147329824934007,
GSE94427,0.0017032980856357567,-0.006147329824934007,
GSE94437,0.0017032980856357567,-0.006147329824934007,
GSE94454,0.0017032980856357567,-0.006147329824934007,
GSE94461,0.0017032980856357567,-0.006147329824934007,
GSE94464,0.0017032980856357567,-0.006147329824934007,
GSE94479,0.0017032980856357567,-0.006147329824934007,
GSE94488,0.0017032980856357567,-0.006147329824934007,
GSE94493,0.0017032980856357567,-0.006147329824934007,
GSE94494,0.0017032980856357567,-0.006147329824934007,
GSE94502,0.0017032980856357567,-0.006147329824934007,
GSE84359,0.0017032980856357567,-0.006147329824934007,
GSE94528,0.0017032980856357567,-0.006147329824934007,
GSE94555,0.0017032980856357567,-0.006147329824934007,
GSE94587,0.0017032980856357567,-0.006147329824934007,
GSE94588,0.0017032980856357567,-0.006147329824934007,
GSE94631,0.0017032980856357567,-0.006147329824934007,
GSE94655,0.0017032980856357567,-0.006147329824934007,
GSE94687,0.0017032980856357567,-0.006147329824934007,
GSE94690,0.0017032980856357567,-0.006147329824934007,
GSE94696,0.0017032980856357567,-0.006147329824934007,
GSE94724,0.0017032980856357567,-0.006147329824934007,
GSE94728,0.0017032980856357567,-0.006147329824934007,
GSE94730,0.0017032980856357567,-0.006147329824934007,
GSE94518,0.0017032980856357567,-0.006147329824934007,
GSE94019,0.0017032980856357567,-0.006147329824934007,
GSE94036,0.0017032980856357567,-0.006147329824934007,
GSE94043,0.0017032980856357567,-0.006147329824934007,
GSE94053,0.0017032980856357567,-0.006147329824934007,
GSE94055,0.0017032980856357567,-0.006147329824934007,
GSE94064,0.0017032980856357567,-0.006147329824934007,
GSE94099,0.0017032980856357567,-0.006147329824934007,
GSE94116,0.0017032980856357567,-0.006147329824934007,
GSE94120,0.0017032980856357567,-0.006147329824934007,
GSE94126,0.0017032980856357567,-0.006147329824934007,
GSE94147,0.0017032980856357567,-0.006147329824934007,
GSE94149,0.0017032980856357567,-0.006147329824934007,
GSE94395,0.0017032980856357567,-0.006147329824934007,
GSE94153,0.0017032980856357567,-0.006147329824934007,
GSE94259,0.0017032980856357567,-0.006147329824934007,
GSE94267,0.0017032980856357567,-0.006147329824934007,
GSE94270,0.0017032980856357567,-0.006147329824934007,
GSE94277,0.0017032980856357567,-0.006147329824934007,
GSE94280,0.0017032980856357567,-0.006147329824934007,
GSE94296,0.0017032980856357567,-0.006147329824934007,
GSE94330,0.0017032980856357567,-0.006147329824934007,
GSE94344,0.0017032980856357567,-0.006147329824934007,
GSE94372,0.0017032980856357567,-0.006147329824934007,
GSE94374,0.0017032980856357567,-0.006147329824934007,
GSE94384,0.0017032980856357567,-0.006147329824934007,
GSE94150,0.0017032980856357567,-0.006147329824934007,
GSE95245,0.0017032980856357567,-0.006147329824934007,
GSE95277,0.0017032980856357567,-0.006147329824934007,
GSE95293,0.0017032980856357567,-0.006147329824934007,
GSE95297,0.0017032980856357567,-0.006147329824934007,
GSE95299,0.0017032980856357567,-0.006147329824934007,
GSE95304,0.0017032980856357567,-0.006147329824934007,
GSE95351,0.0017032980856357567,-0.006147329824934007,
GSE95352,0.0017032980856357567,-0.006147329824934007,
GSE95375,0.0017032980856357567,-0.006147329824934007,
GSE95389,0.0017032980856357567,-0.006147329824934007,
GSE95392,0.0017032980856357567,-0.006147329824934007,
GSE95397,0.0017032980856357567,-0.006147329824934007,
GSE94736,0.0017032980856357567,-0.006147329824934007,
GSE95413,0.0017032980856357567,-0.006147329824934007,
GSE95437,0.0017032980856357567,-0.006147329824934007,
GSE95452,0.0017032980856357567,-0.006147329824934007,
GSE95453,0.0017032980856357567,-0.006147329824934007,
GSE95455,0.0017032980856357567,-0.006147329824934007,
GSE95499,0.0017032980856357567,-0.006147329824934007,
GSE95513,0.0017032980856357567,-0.006147329824934007,
GSE95516,0.0017032980856357567,-0.006147329824934007,
GSE95540,0.0017032980856357567,-0.006147329824934007,
GSE95542,0.0017032980856357567,-0.006147329824934007,
GSE95558,0.0017032980856357567,-0.006147329824934007,
GSE95561,0.0017032980856357567,-0.006147329824934007,
GSE95412,0.0017032980856357567,-0.006147329824934007,
GSE94783,0.0017032980856357567,-0.006147329824934007,
GSE94827,0.0017032980856357567,-0.006147329824934007,
GSE94849,0.0017032980856357567,-0.006147329824934007,
GSE94853,0.0017032980856357567,-0.006147329824934007,
GSE94869,0.0017032980856357567,-0.006147329824934007,
GSE94888,0.0017032980856357567,-0.006147329824934007,
GSE94892,0.0017032980856357567,-0.006147329824934007,
GSE94897,0.0017032980856357567,-0.006147329824934007,
GSE94937,0.0017032980856357567,-0.006147329824934007,
GSE94947,0.0017032980856357567,-0.006147329824934007,
GSE94948,0.0017032980856357567,-0.006147329824934007,
GSE94950,0.0017032980856357567,-0.006147329824934007,
GSE95176,0.0017032980856357567,-0.006147329824934007,
GSE94964,0.0017032980856357567,-0.006147329824934007,
GSE94968,0.0017032980856357567,-0.006147329824934007,
GSE94969,0.0017032980856357567,-0.006147329824934007,
GSE94989,0.0017032980856357567,-0.006147329824934007,
GSE94993,0.0017032980856357567,-0.006147329824934007,
GSE94999,0.0017032980856357567,-0.006147329824934007,
GSE95059,0.0017032980856357567,-0.006147329824934007,
GSE95089,0.0017032980856357567,-0.006147329824934007,
GSE95097,0.0017032980856357567,-0.006147329824934007,
GSE95106,0.0017032980856357567,-0.006147329824934007,
GSE95131,0.0017032980856357567,-0.006147329824934007,
GSE95132,0.0017032980856357567,-0.006147329824934007,
GSE94963,0.0017032980856357567,-0.006147329824934007,
GSE92744,0.0017032980856357567,-0.006147329824934007,
GSE92772,0.0017032980856357567,-0.006147329824934007,
GSE92839,0.0017032980856357567,-0.006147329824934007,
GSE92852,0.0017032980856357567,-0.006147329824934007,
GSE92874,0.0017032980856357567,-0.006147329824934007,
GSE92882,0.0017032980856357567,-0.006147329824934007,
GSE92910,0.0017032980856357567,-0.006147329824934007,
GSE92939,0.0017032980856357567,-0.006147329824934007,
GSE92943,0.0017032980856357567,-0.006147329824934007,
GSE92971,0.0017032980856357567,-0.006147329824934007,
GSE92979,0.0017032980856357567,-0.006147329824934007,
GSE93030,0.0017032980856357567,-0.006147329824934007,
GSE93999,0.0017032980856357567,-0.006147329824934007,
GSE93069,0.0017032980856357567,-0.006147329824934007,
GSE93070,0.0017032980856357567,-0.006147329824934007,
GSE93071,0.0017032980856357567,-0.006147329824934007,
GSE93072,0.0017032980856357567,-0.006147329824934007,
GSE93073,0.0017032980856357567,-0.006147329824934007,
GSE93124,0.0017032980856357567,-0.006147329824934007,
GSE93153,0.0017032980856357567,-0.006147329824934007,
GSE93155,0.0017032980856357567,-0.006147329824934007,
GSE93156,0.0017032980856357567,-0.006147329824934007,
GSE93206,0.0017032980856357567,-0.006147329824934007,
GSE93226,0.0017032980856357567,-0.006147329824934007,
GSE93236,0.0017032980856357567,-0.006147329824934007,
GSE93057,0.0017032980856357567,-0.006147329824934007,
GSE92322,0.0017032980856357567,-0.006147329824934007,
GSE92340,0.0017032980856357567,-0.006147329824934007,
GSE92341,0.0017032980856357567,-0.006147329824934007,
GSE92447,0.0017032980856357567,-0.006147329824934007,
GSE92456,0.0017032980856357567,-0.006147329824934007,
GSE92472,0.0017032980856357567,-0.006147329824934007,
GSE92478,0.0017032980856357567,-0.006147329824934007,
GSE92494,0.0017032980856357567,-0.006147329824934007,
GSE92496,0.0017032980856357567,-0.006147329824934007,
GSE92506,0.0017032980856357567,-0.006147329824934007,
GSE92532,0.0017032980856357567,-0.006147329824934007,
GSE92541,0.0017032980856357567,-0.006147329824934007,
GSE92725,0.0017032980856357567,-0.006147329824934007,
GSE92574,0.0017032980856357567,-0.006147329824934007,
GSE92581,0.0017032980856357567,-0.006147329824934007,
GSE92583,0.0017032980856357567,-0.006147329824934007,
GSE92592,0.0017032980856357567,-0.006147329824934007,
GSE92625,0.0017032980856357567,-0.006147329824934007,
GSE92626,0.0017032980856357567,-0.006147329824934007,
GSE92628,0.0017032980856357567,-0.006147329824934007,
GSE92652,0.0017032980856357567,-0.006147329824934007,
GSE92653,0.0017032980856357567,-0.006147329824934007,
GSE92659,0.0017032980856357567,-0.006147329824934007,
GSE92661,0.0017032980856357567,-0.006147329824934007,
GSE92724,0.0017032980856357567,-0.006147329824934007,
GSE92547,0.0017032980856357567,-0.006147329824934007,
GSE93636,0.0017032980856357567,-0.006147329824934007,
GSE93650,0.0017032980856357567,-0.006147329824934007,
GSE93656,0.0017032980856357567,-0.006147329824934007,
GSE93657,0.0017032980856357567,-0.006147329824934007,
GSE93672,0.0017032980856357567,-0.006147329824934007,
GSE93681,0.0017032980856357567,-0.006147329824934007,
GSE93705,0.0017032980856357567,-0.006147329824934007,
GSE93709,0.0017032980856357567,-0.006147329824934007,
GSE93748,0.0017032980856357567,-0.006147329824934007,
GSE93783,0.0017032980856357567,-0.006147329824934007,
GSE93801,0.0017032980856357567,-0.006147329824934007,
GSE93811,0.0017032980856357567,-0.006147329824934007,
GSE93237,0.0017032980856357567,-0.006147329824934007,
GSE93814,0.0017032980856357567,-0.006147329824934007,
GSE93831,0.0017032980856357567,-0.006147329824934007,
GSE93841,0.0017032980856357567,-0.006147329824934007,
GSE93870,0.0017032980856357567,-0.006147329824934007,
GSE93871,0.0017032980856357567,-0.006147329824934007,
GSE93877,0.0017032980856357567,-0.006147329824934007,
GSE93895,0.0017032980856357567,-0.006147329824934007,
GSE93902,0.0017032980856357567,-0.006147329824934007,
GSE93904,0.0017032980856357567,-0.006147329824934007,
GSE93925,0.0017032980856357567,-0.006147329824934007,
GSE93960,0.0017032980856357567,-0.006147329824934007,
GSE93988,0.0017032980856357567,-0.006147329824934007,
GSE93813,0.0017032980856357567,-0.006147329824934007,
GSE93241,0.0017032980856357567,-0.006147329824934007,
GSE93256,0.0017032980856357567,-0.006147329824934007,
GSE93263,0.0017032980856357567,-0.006147329824934007,
GSE93292,0.0017032980856357567,-0.006147329824934007,
GSE93315,0.0017032980856357567,-0.006147329824934007,
GSE93321,0.0017032980856357567,-0.006147329824934007,
GSE93326,0.0017032980856357567,-0.006147329824934007,
GSE93330,0.0017032980856357567,-0.006147329824934007,
GSE93365,0.0017032980856357567,-0.006147329824934007,
GSE93385,0.0017032980856357567,-0.006147329824934007,
GSE93395,0.0017032980856357567,-0.006147329824934007,
GSE93424,0.0017032980856357567,-0.006147329824934007,
GSE93629,0.0017032980856357567,-0.006147329824934007,
GSE93526,0.0017032980856357567,-0.006147329824934007,
GSE93528,0.0017032980856357567,-0.006147329824934007,
GSE93530,0.0017032980856357567,-0.006147329824934007,
GSE93562,0.0017032980856357567,-0.006147329824934007,
GSE93578,0.0017032980856357567,-0.006147329824934007,
GSE93590,0.0017032980856357567,-0.006147329824934007,
GSE93593,0.0017032980856357567,-0.006147329824934007,
GSE93594,0.0017032980856357567,-0.006147329824934007,
GSE93610,0.0017032980856357567,-0.006147329824934007,
GSE93619,0.0017032980856357567,-0.006147329824934007,
GSE93620,0.0017032980856357567,-0.006147329824934007,
GSE93624,0.0017032980856357567,-0.006147329824934007,
GSE93627,0.0017032980856357567,-0.006147329824934007,
GSE93511,0.0017032980856357567,-0.006147329824934007,
GSE98431,0.0017032980856357567,-0.006147329824934007,
GSE98454,0.0017032980856357567,-0.006147329824934007,
GSE98476,0.0017032980856357567,-0.006147329824934007,
GSE98541,0.0017032980856357567,-0.006147329824934007,
GSE98623,0.0017032980856357567,-0.006147329824934007,
GSE98624,0.0017032980856357567,-0.006147329824934007,
GSE98644,0.0017032980856357567,-0.006147329824934007,
GSE98670,0.0017032980856357567,-0.006147329824934007,
GSE98710,0.0017032980856357567,-0.006147329824934007,
GSE98720,0.0017032980856357567,-0.006147329824934007,
GSE98734,0.0017032980856357567,-0.006147329824934007,
GSE98752,0.0017032980856357567,-0.006147329824934007,
GSE95573,0.0017032980856357567,-0.006147329824934007,
GSE98852,0.0017032980856357567,-0.006147329824934007,
GSE98856,0.0017032980856357567,-0.006147329824934007,
GSE98871,0.0017032980856357567,-0.006147329824934007,
GSE99454,0.0017032980856357567,-0.006147329824934007,
GSE99466,0.0017032980856357567,-0.006147329824934007,
GSE99479,0.0017032980856357567,-0.006147329824934007,
GSE99503,0.0017032980856357567,-0.006147329824934007,
GSE99552,0.0017032980856357567,-0.006147329824934007,
GSE99596,0.0017032980856357567,-0.006147329824934007,
GSE99621,0.0017032980856357567,-0.006147329824934007,
GSE99987,0.0017032980856357567,-0.006147329824934007,
GSE99641,0.0017032980856357567,-0.006147329824934007,
GSE98834,0.0017032980856357567,-0.006147329824934007,
GSE97919,0.0017032980856357567,-0.006147329824934007,
GSE97929,0.0017032980856357567,-0.006147329824934007,
GSE97930,0.0017032980856357567,-0.006147329824934007,
GSE97949,0.0017032980856357567,-0.006147329824934007,
GSE97979,0.0017032980856357567,-0.006147329824934007,
GSE97987,0.0017032980856357567,-0.006147329824934007,
GSE98011,0.0017032980856357567,-0.006147329824934007,
GSE98030,0.0017032980856357567,-0.006147329824934007,
GSE98050,0.0017032980856357567,-0.006147329824934007,
GSE98052,0.0017032980856357567,-0.006147329824934007,
GSE98088,0.0017032980856357567,-0.006147329824934007,
GSE98091,0.0017032980856357567,-0.006147329824934007,
GSE98428,0.0017032980856357567,-0.006147329824934007,
GSE98177,0.0017032980856357567,-0.006147329824934007,
GSE98183,0.0017032980856357567,-0.006147329824934007,
GSE98212,0.0017032980856357567,-0.006147329824934007,
GSE98273,0.0017032980856357567,-0.006147329824934007,
GSE98274,0.0017032980856357567,-0.006147329824934007,
GSE98288,0.0017032980856357567,-0.006147329824934007,
GSE98310,0.0017032980856357567,-0.006147329824934007,
GSE98323,0.0017032980856357567,-0.006147329824934007,
GSE98368,0.0017032980856357567,-0.006147329824934007,
GSE98386,0.0017032980856357567,-0.006147329824934007,
GSE98393,0.0017032980856357567,-0.006147329824934007,
GSE98394,0.0017032980856357567,-0.006147329824934007,
GSE98136,0.0017032980856357567,-0.006147329824934007,
GSE100210,0.0017032980856357567,-0.006147329824934007,
GSE100040,0.0017032980856357567,-0.006147329824934007,
GSE100258,0.0017032980856357567,-0.006147329824934007,
GSE100266,0.0017032980856357567,-0.006147329824934007,
GSE100268,0.0017032980856357567,-0.006147329824934007,
GSE100291,0.0017032980856357567,-0.006147329824934007,
GSE100327,0.0017032980856357567,-0.006147329824934007,
GSE100338,0.0017032980856357567,-0.006147329824934007,
GSE100359,0.0017032980856357567,-0.006147329824934007,
GSE100382,0.0017032980856357567,-0.006147329824934007,
GSE100392,0.0017032980856357567,-0.006147329824934007,
GSE100408,0.0017032980856357567,-0.006147329824934007,
GSE99651,0.0017032980856357567,-0.006147329824934007,
GSE100427,0.0017032980856357567,-0.006147329824934007,
GSE100501,0.0017032980856357567,-0.006147329824934007,
GSE100520,0.0017032980856357567,-0.006147329824934007,
GSE100530,0.0017032980856357567,-0.006147329824934007,
GSE100562,0.0017032980856357567,-0.006147329824934007,
GSE100568,0.0017032980856357567,-0.006147329824934007,
GSE100574,0.0017032980856357567,-0.006147329824934007,
GSE100618,0.0017032980856357567,-0.006147329824934007,
GSE100624,0.0017032980856357567,-0.006147329824934007,
GSE100669,0.0017032980856357567,-0.006147329824934007,
GSE100684,0.0017032980856357567,-0.006147329824934007,
GSE100688,0.0017032980856357567,-0.006147329824934007,
GSE100417,0.0017032980856357567,-0.006147329824934007,
GSE99668,0.0017032980856357567,-0.006147329824934007,
GSE99671,0.0017032980856357567,-0.006147329824934007,
GSE99687,0.0017032980856357567,-0.006147329824934007,
GSE99733,0.0017032980856357567,-0.006147329824934007,
GSE99770,0.0017032980856357567,-0.006147329824934007,
GSE99778,0.0017032980856357567,-0.006147329824934007,
GSE99794,0.0017032980856357567,-0.006147329824934007,
GSE99812,0.0017032980856357567,-0.006147329824934007,
GSE99820,0.0017032980856357567,-0.006147329824934007,
GSE99821,0.0017032980856357567,-0.006147329824934007,
GSE99824,0.0017032980856357567,-0.006147329824934007,
GSE99825,0.0017032980856357567,-0.006147329824934007,
GSE100206,0.0017032980856357567,-0.006147329824934007,
GSE99857,0.0017032980856357567,-0.006147329824934007,
GSE99867,0.0017032980856357567,-0.006147329824934007,
GSE99909,0.0017032980856357567,-0.006147329824934007,
GSE99923,0.0017032980856357567,-0.006147329824934007,
GSE99937,0.0017032980856357567,-0.006147329824934007,
GSE99944,0.0017032980856357567,-0.006147329824934007,
GSE99951,0.0017032980856357567,-0.006147329824934007,
GSE100075,0.0017032980856357567,-0.006147329824934007,
GSE100081,0.0017032980856357567,-0.006147329824934007,
GSE100092,0.0017032980856357567,-0.006147329824934007,
GSE100099,0.0017032980856357567,-0.006147329824934007,
GSE100118,0.0017032980856357567,-0.006147329824934007,
GSE100183,0.0017032980856357567,-0.006147329824934007,
GSE99843,0.0017032980856357567,-0.006147329824934007,
GSE96634,0.0017032980856357567,-0.006147329824934007,
GSE96637,0.0017032980856357567,-0.006147329824934007,
GSE96642,0.0017032980856357567,-0.006147329824934007,
GSE96643,0.0017032980856357567,-0.006147329824934007,
GSE96649,0.0017032980856357567,-0.006147329824934007,
GSE96682,0.0017032980856357567,-0.006147329824934007,
GSE96713,0.0017032980856357567,-0.006147329824934007,
GSE96714,0.0017032980856357567,-0.006147329824934007,
GSE96715,0.0017032980856357567,-0.006147329824934007,
GSE96716,0.0017032980856357567,-0.006147329824934007,
GSE96774,0.0017032980856357567,-0.006147329824934007,
GSE96775,0.0017032980856357567,-0.006147329824934007,
GSE97904,0.0017032980856357567,-0.006147329824934007,
GSE96783,0.0017032980856357567,-0.006147329824934007,
GSE96788,0.0017032980856357567,-0.006147329824934007,
GSE96800,0.0017032980856357567,-0.006147329824934007,
GSE96817,0.0017032980856357567,-0.006147329824934007,
GSE96827,0.0017032980856357567,-0.006147329824934007,
GSE96860,0.0017032980856357567,-0.006147329824934007,
GSE96914,0.0017032980856357567,-0.006147329824934007,
GSE96917,0.0017032980856357567,-0.006147329824934007,
GSE96987,0.0017032980856357567,-0.006147329824934007,
GSE96999,0.0017032980856357567,-0.006147329824934007,
GSE97003,0.0017032980856357567,-0.006147329824934007,
GSE97009,0.0017032980856357567,-0.006147329824934007,
GSE96777,0.0017032980856357567,-0.006147329824934007,
GSE95587,0.0017032980856357567,-0.006147329824934007,
GSE95605,0.0017032980856357567,-0.006147329824934007,
GSE95623,0.0017032980856357567,-0.006147329824934007,
GSE95703,0.0017032980856357567,-0.006147329824934007,
GSE95743,0.0017032980856357567,-0.006147329824934007,
GSE95750,0.0017032980856357567,-0.006147329824934007,
GSE95778,0.0017032980856357567,-0.006147329824934007,
GSE95820,0.0017032980856357567,-0.006147329824934007,
GSE95837,0.0017032980856357567,-0.006147329824934007,
GSE95860,0.0017032980856357567,-0.006147329824934007,
GSE96048,0.0017032980856357567,-0.006147329824934007,
GSE96049,0.0017032980856357567,-0.006147329824934007,
GSE96619,0.0017032980856357567,-0.006147329824934007,
GSE96075,0.0017032980856357567,-0.006147329824934007,
GSE96083,0.0017032980856357567,-0.006147329824934007,
GSE96106,0.0017032980856357567,-0.006147329824934007,
GSE96544,0.0017032980856357567,-0.006147329824934007,
GSE96560,0.0017032980856357567,-0.006147329824934007,
GSE96562,0.0017032980856357567,-0.006147329824934007,
GSE96563,0.0017032980856357567,-0.006147329824934007,
GSE96564,0.0017032980856357567,-0.006147329824934007,
GSE96568,0.0017032980856357567,-0.006147329824934007,
GSE96578,0.0017032980856357567,-0.006147329824934007,
GSE96590,0.0017032980856357567,-0.006147329824934007,
GSE96601,0.0017032980856357567,-0.006147329824934007,
GSE96056,0.0017032980856357567,-0.006147329824934007,
GSE97443,0.0017032980856357567,-0.006147329824934007,
GSE97460,0.0017032980856357567,-0.006147329824934007,
GSE97513,0.0017032980856357567,-0.006147329824934007,
GSE97527,0.0017032980856357567,-0.006147329824934007,
GSE97575,0.0017032980856357567,-0.006147329824934007,
GSE97577,0.0017032980856357567,-0.006147329824934007,
GSE97589,0.0017032980856357567,-0.006147329824934007,
GSE97590,0.0017032980856357567,-0.006147329824934007,
GSE97591,0.0017032980856357567,-0.006147329824934007,
GSE97619,0.0017032980856357567,-0.006147329824934007,
GSE97632,0.0017032980856357567,-0.006147329824934007,
GSE97647,0.0017032980856357567,-0.006147329824934007,
GSE97033,0.0017032980856357567,-0.006147329824934007,
GSE97672,0.0017032980856357567,-0.006147329824934007,
GSE97679,0.0017032980856357567,-0.006147329824934007,
GSE97681,0.0017032980856357567,-0.006147329824934007,
GSE97710,0.0017032980856357567,-0.006147329824934007,
GSE97725,0.0017032980856357567,-0.006147329824934007,
GSE97726,0.0017032980856357567,-0.006147329824934007,
GSE97744,0.0017032980856357567,-0.006147329824934007,
GSE97774,0.0017032980856357567,-0.006147329824934007,
GSE97815,0.0017032980856357567,-0.006147329824934007,
GSE97861,0.0017032980856357567,-0.006147329824934007,
GSE97862,0.0017032980856357567,-0.006147329824934007,
GSE97881,0.0017032980856357567,-0.006147329824934007,
GSE97668,0.0017032980856357567,-0.006147329824934007,
GSE97036,0.0017032980856357567,-0.006147329824934007,
GSE97038,0.0017032980856357567,-0.006147329824934007,
GSE97041,0.0017032980856357567,-0.006147329824934007,
GSE97053,0.0017032980856357567,-0.006147329824934007,
GSE97080,0.0017032980856357567,-0.006147329824934007,
GSE97084,0.0017032980856357567,-0.006147329824934007,
GSE97100,0.0017032980856357567,-0.006147329824934007,
GSE97140,0.0017032980856357567,-0.006147329824934007,
GSE97142,0.0017032980856357567,-0.006147329824934007,
GSE97156,0.0017032980856357567,-0.006147329824934007,
GSE97158,0.0017032980856357567,-0.006147329824934007,
GSE97165,0.0017032980856357567,-0.006147329824934007,
GSE97404,0.0017032980856357567,-0.006147329824934007,
GSE97204,0.0017032980856357567,-0.006147329824934007,
GSE97214,0.0017032980856357567,-0.006147329824934007,
GSE97215,0.0017032980856357567,-0.006147329824934007,
GSE97259,0.0017032980856357567,-0.006147329824934007,
GSE97262,0.0017032980856357567,-0.006147329824934007,
GSE97266,0.0017032980856357567,-0.006147329824934007,
GSE97273,0.0017032980856357567,-0.006147329824934007,
GSE97317,0.0017032980856357567,-0.006147329824934007,
GSE97323,0.0017032980856357567,-0.006147329824934007,
GSE97324,0.0017032980856357567,-0.006147329824934007,
GSE97384,0.0017032980856357567,-0.006147329824934007,
GSE97395,0.0017032980856357567,-0.006147329824934007,
GSE97398,0.0017032980856357567,-0.006147329824934007,
GSE97168,0.0017032980856357567,-0.006147329824934007,
GSE85910,0.0017032980856357567,-0.006147329824934007,
GSE85917,0.0017032980856357567,-0.006147329824934007,
GSE85935,0.0017032980856357567,-0.006147329824934007,
GSE85941,0.0017032980856357567,-0.006147329824934007,
GSE85953,0.0017032980856357567,-0.006147329824934007,
GSE85969,0.0017032980856357567,-0.006147329824934007,
GSE85988,0.0017032980856357567,-0.006147329824934007,
GSE86007,0.0017032980856357567,-0.006147329824934007,
GSE86053,0.0017032980856357567,-0.006147329824934007,
GSE86101,0.0017032980856357567,-0.006147329824934007,
GSE86102,0.0017032980856357567,-0.006147329824934007,
GSE86103,0.0017032980856357567,-0.006147329824934007,
GSE92316,0.0017032980856357567,-0.006147329824934007,
GSE86146,0.0017032980856357567,-0.006147329824934007,
GSE86148,0.0017032980856357567,-0.006147329824934007,
GSE86151,0.0017032980856357567,-0.006147329824934007,
GSE86153,0.0017032980856357567,-0.006147329824934007,
GSE86159,0.0017032980856357567,-0.006147329824934007,
GSE86165,0.0017032980856357567,-0.006147329824934007,
GSE86190,0.0017032980856357567,-0.006147329824934007,
GSE86202,0.0017032980856357567,-0.006147329824934007,
GSE86219,0.0017032980856357567,-0.006147329824934007,
GSE86221,0.0017032980856357567,-0.006147329824934007,
GSE86237,0.0017032980856357567,-0.006147329824934007,
GSE86239,0.0017032980856357567,-0.006147329824934007,
GSE86104,0.0017032980856357567,-0.006147329824934007,
GSE85527,0.0017032980856357567,-0.006147329824934007,
GSE85530,0.0017032980856357567,-0.006147329824934007,
GSE85531,0.0017032980856357567,-0.006147329824934007,
GSE85541,0.0017032980856357567,-0.006147329824934007,
GSE85556,0.0017032980856357567,-0.006147329824934007,
GSE85557,0.0017032980856357567,-0.006147329824934007,
GSE85565,0.0017032980856357567,-0.006147329824934007,
GSE85567,0.0017032980856357567,-0.006147329824934007,
GSE85579,0.0017032980856357567,-0.006147329824934007,
GSE85623,0.0017032980856357567,-0.006147329824934007,
GSE85671,0.0017032980856357567,-0.006147329824934007,
GSE85685,0.0017032980856357567,-0.006147329824934007,
GSE85908,0.0017032980856357567,-0.006147329824934007,
GSE85761,0.0017032980856357567,-0.006147329824934007,
GSE85782,0.0017032980856357567,-0.006147329824934007,
GSE85783,0.0017032980856357567,-0.006147329824934007,
GSE85791,0.0017032980856357567,-0.006147329824934007,
GSE85799,0.0017032980856357567,-0.006147329824934007,
GSE85800,0.0017032980856357567,-0.006147329824934007,
GSE85839,0.0017032980856357567,-0.006147329824934007,
GSE85840,0.0017032980856357567,-0.006147329824934007,
GSE85854,0.0017032980856357567,-0.006147329824934007,
GSE85857,0.0017032980856357567,-0.006147329824934007,
GSE85861,0.0017032980856357567,-0.006147329824934007,
GSE85870,0.0017032980856357567,-0.006147329824934007,
GSE85689,0.0017032980856357567,-0.006147329824934007,
GSE86602,0.0017032980856357567,-0.006147329824934007,
GSE86610,0.0017032980856357567,-0.006147329824934007,
GSE86611,0.0017032980856357567,-0.006147329824934007,
GSE86618,0.0017032980856357567,-0.006147329824934007,
GSE86654,0.0017032980856357567,-0.006147329824934007,
GSE86791,0.0017032980856357567,-0.006147329824934007,
GSE86813,0.0017032980856357567,-0.006147329824934007,
GSE86821,0.0017032980856357567,-0.006147329824934007,
GSE86846,0.0017032980856357567,-0.006147329824934007,
GSE86855,0.0017032980856357567,-0.006147329824934007,
GSE86857,0.0017032980856357567,-0.006147329824934007,
GSE86867,0.0017032980856357567,-0.006147329824934007,
GSE86244,0.0017032980856357567,-0.006147329824934007,
GSE86884,0.0017032980856357567,-0.006147329824934007,
GSE86896,0.0017032980856357567,-0.006147329824934007,
GSE86906,0.0017032980856357567,-0.006147329824934007,
GSE86910,0.0017032980856357567,-0.006147329824934007,
GSE86931,0.0017032980856357567,-0.006147329824934007,
GSE86940,0.0017032980856357567,-0.006147329824934007,
GSE86956,0.0017032980856357567,-0.006147329824934007,
GSE86958,0.0017032980856357567,-0.006147329824934007,
GSE86977,0.0017032980856357567,-0.006147329824934007,
GSE86982,0.0017032980856357567,-0.006147329824934007,
GSE86985,0.0017032980856357567,-0.006147329824934007,
GSE86986,0.0017032980856357567,-0.006147329824934007,
GSE86874,0.0017032980856357567,-0.006147329824934007,
GSE86308,0.0017032980856357567,-0.006147329824934007,
GSE86316,0.0017032980856357567,-0.006147329824934007,
GSE86333,0.0017032980856357567,-0.006147329824934007,
GSE86337,0.0017032980856357567,-0.006147329824934007,
GSE86344,0.0017032980856357567,-0.006147329824934007,
GSE86348,0.0017032980856357567,-0.006147329824934007,
GSE86356,0.0017032980856357567,-0.006147329824934007,
GSE86387,0.0017032980856357567,-0.006147329824934007,
GSE86394,0.0017032980856357567,-0.006147329824934007,
GSE86422,0.0017032980856357567,-0.006147329824934007,
GSE86451,0.0017032980856357567,-0.006147329824934007,
GSE86452,0.0017032980856357567,-0.006147329824934007,
GSE86577,0.0017032980856357567,-0.006147329824934007,
GSE86480,0.0017032980856357567,-0.006147329824934007,
GSE86491,0.0017032980856357567,-0.006147329824934007,
GSE86497,0.0017032980856357567,-0.006147329824934007,
GSE86503,0.0017032980856357567,-0.006147329824934007,
GSE86504,0.0017032980856357567,-0.006147329824934007,
GSE86506,0.0017032980856357567,-0.006147329824934007,
GSE86518,0.0017032980856357567,-0.006147329824934007,
GSE86538,0.0017032980856357567,-0.006147329824934007,
GSE86550,0.0017032980856357567,-0.006147329824934007,
GSE86562,0.0017032980856357567,-0.006147329824934007,
GSE86563,0.0017032980856357567,-0.006147329824934007,
GSE86564,0.0017032980856357567,-0.006147329824934007,
GSE86473,0.0017032980856357567,-0.006147329824934007,
GSE84531,0.0017032980856357567,-0.006147329824934007,
GSE84577,0.0017032980856357567,-0.006147329824934007,
GSE84582,0.0017032980856357567,-0.006147329824934007,
GSE84629,0.0017032980856357567,-0.006147329824934007,
GSE84631,0.0017032980856357567,-0.006147329824934007,
GSE84636,0.0017032980856357567,-0.006147329824934007,
GSE84639,0.0017032980856357567,-0.006147329824934007,
GSE84661,0.0017032980856357567,-0.006147329824934007,
GSE84666,0.0017032980856357567,-0.006147329824934007,
GSE84675,0.0017032980856357567,-0.006147329824934007,
GSE84684,0.0017032980856357567,-0.006147329824934007,
GSE84686,0.0017032980856357567,-0.006147329824934007,
GSE85510,0.0017032980856357567,-0.006147329824934007,
GSE84694,0.0017032980856357567,-0.006147329824934007,
GSE84697,0.0017032980856357567,-0.006147329824934007,
GSE84706,0.0017032980856357567,-0.006147329824934007,
GSE84712,0.0017032980856357567,-0.006147329824934007,
GSE84714,0.0017032980856357567,-0.006147329824934007,
GSE84722,0.0017032980856357567,-0.006147329824934007,
GSE84773,0.0017032980856357567,-0.006147329824934007,
GSE84776,0.0017032980856357567,-0.006147329824934007,
GSE84789,0.0017032980856357567,-0.006147329824934007,
GSE84814,0.0017032980856357567,-0.006147329824934007,
GSE84815,0.0017032980856357567,-0.006147329824934007,
GSE84826,0.0017032980856357567,-0.006147329824934007,
GSE84691,0.0017032980856357567,-0.006147329824934007,
GSE84188,0.0017032980856357567,-0.006147329824934007,
GSE84197,0.0017032980856357567,-0.006147329824934007,
GSE84204,0.0017032980856357567,-0.006147329824934007,
GSE84231,0.0017032980856357567,-0.006147329824934007,
GSE84237,0.0017032980856357567,-0.006147329824934007,
GSE84259,0.0017032980856357567,-0.006147329824934007,
GSE84275,0.0017032980856357567,-0.006147329824934007,
GSE84285,0.0017032980856357567,-0.006147329824934007,
GSE84293,0.0017032980856357567,-0.006147329824934007,
GSE84320,0.0017032980856357567,-0.006147329824934007,
GSE84322,0.0017032980856357567,-0.006147329824934007,
GSE84323,0.0017032980856357567,-0.006147329824934007,
GSE84504,0.0017032980856357567,-0.006147329824934007,
GSE84335,0.0017032980856357567,-0.006147329824934007,
GSE84336,0.0017032980856357567,-0.006147329824934007,
GSE84337,0.0017032980856357567,-0.006147329824934007,
GSE84339,0.0017032980856357567,-0.006147329824934007,
GSE84346,0.0017032980856357567,-0.006147329824934007,
GSE84358,0.0017032980856357567,-0.006147329824934007,
GSE71299,0.0017032980856357567,-0.006147329824934007,
GSE84389,0.0017032980856357567,-0.006147329824934007,
GSE84432,0.0017032980856357567,-0.006147329824934007,
GSE84461,0.0017032980856357567,-0.006147329824934007,
GSE84465,0.0017032980856357567,-0.006147329824934007,
GSE84471,0.0017032980856357567,-0.006147329824934007,
GSE84325,0.0017032980856357567,-0.006147329824934007,
GSE85143,0.0017032980856357567,-0.006147329824934007,
GSE85159,0.0017032980856357567,-0.006147329824934007,
GSE85161,0.0017032980856357567,-0.006147329824934007,
GSE85183,0.0017032980856357567,-0.006147329824934007,
GSE85187,0.0017032980856357567,-0.006147329824934007,
GSE85201,0.0017032980856357567,-0.006147329824934007,
GSE85223,0.0017032980856357567,-0.006147329824934007,
GSE85227,0.0017032980856357567,-0.006147329824934007,
GSE85241,0.0017032980856357567,-0.006147329824934007,
GSE85243,0.0017032980856357567,-0.006147329824934007,
GSE85263,0.0017032980856357567,-0.006147329824934007,
GSE85271,0.0017032980856357567,-0.006147329824934007,
GSE84852,0.0017032980856357567,-0.006147329824934007,
GSE85297,0.0017032980856357567,-0.006147329824934007,
GSE85306,0.0017032980856357567,-0.006147329824934007,
GSE85324,0.0017032980856357567,-0.006147329824934007,
GSE85331,0.0017032980856357567,-0.006147329824934007,
GSE85361,0.0017032980856357567,-0.006147329824934007,
GSE85378,0.0017032980856357567,-0.006147329824934007,
GSE85402,0.0017032980856357567,-0.006147329824934007,
GSE85417,0.0017032980856357567,-0.006147329824934007,
GSE85431,0.0017032980856357567,-0.006147329824934007,
GSE85447,0.0017032980856357567,-0.006147329824934007,
GSE85455,0.0017032980856357567,-0.006147329824934007,
GSE85465,0.0017032980856357567,-0.006147329824934007,
GSE85294,0.0017032980856357567,-0.006147329824934007,
GSE84863,0.0017032980856357567,-0.006147329824934007,
GSE84865,0.0017032980856357567,-0.006147329824934007,
GSE84868,0.0017032980856357567,-0.006147329824934007,
GSE84877,0.0017032980856357567,-0.006147329824934007,
GSE84884,0.0017032980856357567,-0.006147329824934007,
GSE84896,0.0017032980856357567,-0.006147329824934007,
GSE84897,0.0017032980856357567,-0.006147329824934007,
GSE84902,0.0017032980856357567,-0.006147329824934007,
GSE84913,0.0017032980856357567,-0.006147329824934007,
GSE84930,0.0017032980856357567,-0.006147329824934007,
GSE84944,0.0017032980856357567,-0.006147329824934007,
GSE84986,0.0017032980856357567,-0.006147329824934007,
GSE85133,0.0017032980856357567,-0.006147329824934007,
GSE85008,0.0017032980856357567,-0.006147329824934007,
GSE85011,0.0017032980856357567,-0.006147329824934007,
GSE85013,0.0017032980856357567,-0.006147329824934007,
GSE85020,0.0017032980856357567,-0.006147329824934007,
GSE85037,0.0017032980856357567,-0.006147329824934007,
GSE85050,0.0017032980856357567,-0.006147329824934007,
GSE85082,0.0017032980856357567,-0.006147329824934007,
GSE85083,0.0017032980856357567,-0.006147329824934007,
GSE85088,0.0017032980856357567,-0.006147329824934007,
GSE85089,0.0017032980856357567,-0.006147329824934007,
GSE85107,0.0017032980856357567,-0.006147329824934007,
GSE85111,0.0017032980856357567,-0.006147329824934007,
GSE85118,0.0017032980856357567,-0.006147329824934007,
GSE85001,0.0017032980856357567,-0.006147329824934007,
GSE89779,0.0017032980856357567,-0.006147329824934007,
GSE89790,0.0017032980856357567,-0.006147329824934007,
GSE89799,0.0017032980856357567,-0.006147329824934007,
GSE89807,0.0017032980856357567,-0.006147329824934007,
GSE89831,0.0017032980856357567,-0.006147329824934007,
GSE89838,0.0017032980856357567,-0.006147329824934007,
GSE89839,0.0017032980856357567,-0.006147329824934007,
GSE89840,0.0017032980856357567,-0.006147329824934007,
GSE89843,0.0017032980856357567,-0.006147329824934007,
GSE89872,0.0017032980856357567,-0.006147329824934007,
GSE89879,0.0017032980856357567,-0.006147329824934007,
GSE89888,0.0017032980856357567,-0.006147329824934007,
GSE87040,0.0017032980856357567,-0.006147329824934007,
GSE89917,0.0017032980856357567,-0.006147329824934007,
GSE89926,0.0017032980856357567,-0.006147329824934007,
GSE89930,0.0017032980856357567,-0.006147329824934007,
GSE89940,0.0017032980856357567,-0.006147329824934007,
GSE89942,0.0017032980856357567,-0.006147329824934007,
GSE89950,0.0017032980856357567,-0.006147329824934007,
GSE89970,0.0017032980856357567,-0.006147329824934007,
GSE89972,0.0017032980856357567,-0.006147329824934007,
GSE89980,0.0017032980856357567,-0.006147329824934007,
GSE89991,0.0017032980856357567,-0.006147329824934007,
GSE90013,0.0017032980856357567,-0.006147329824934007,
GSE90068,0.0017032980856357567,-0.006147329824934007,
GSE89895,0.0017032980856357567,-0.006147329824934007,
GSE89385,0.0017032980856357567,-0.006147329824934007,
GSE89404,0.0017032980856357567,-0.006147329824934007,
GSE89413,0.0017032980856357567,-0.006147329824934007,
GSE89442,0.0017032980856357567,-0.006147329824934007,
GSE89446,0.0017032980856357567,-0.006147329824934007,
GSE89448,0.0017032980856357567,-0.006147329824934007,
GSE89476,0.0017032980856357567,-0.006147329824934007,
GSE89478,0.0017032980856357567,-0.006147329824934007,
GSE89479,0.0017032980856357567,-0.006147329824934007,
GSE89497,0.0017032980856357567,-0.006147329824934007,
GSE89503,0.0017032980856357567,-0.006147329824934007,
GSE89511,0.0017032980856357567,-0.006147329824934007,
GSE89777,0.0017032980856357567,-0.006147329824934007,
GSE89569,0.0017032980856357567,-0.006147329824934007,
GSE89623,0.0017032980856357567,-0.006147329824934007,
GSE89647,0.0017032980856357567,-0.006147329824934007,
GSE89672,0.0017032980856357567,-0.006147329824934007,
GSE89701,0.0017032980856357567,-0.006147329824934007,
GSE89714,0.0017032980856357567,-0.006147329824934007,
GSE89725,0.0017032980856357567,-0.006147329824934007,
GSE89726,0.0017032980856357567,-0.006147329824934007,
GSE89729,0.0017032980856357567,-0.006147329824934007,
GSE89745,0.0017032980856357567,-0.006147329824934007,
GSE89774,0.0017032980856357567,-0.006147329824934007,
GSE89775,0.0017032980856357567,-0.006147329824934007,
GSE89542,0.0017032980856357567,-0.006147329824934007,
GSE90830,0.0017032980856357567,-0.006147329824934007,
GSE90834,0.0017032980856357567,-0.006147329824934007,
GSE90874,0.0017032980856357567,-0.006147329824934007,
GSE90876,0.0017032980856357567,-0.006147329824934007,
GSE90878,0.0017032980856357567,-0.006147329824934007,
GSE90884,0.0017032980856357567,-0.006147329824934007,
GSE90889,0.0017032980856357567,-0.006147329824934007,
GSE90897,0.0017032980856357567,-0.006147329824934007,
GSE90926,0.0017032980856357567,-0.006147329824934007,
GSE90944,0.0017032980856357567,-0.006147329824934007,
GSE90982,0.0017032980856357567,-0.006147329824934007,
GSE91000,0.0017032980856357567,-0.006147329824934007,
GSE90081,0.0017032980856357567,-0.006147329824934007,
GSE91011,0.0017032980856357567,-0.006147329824934007,
GSE91016,0.0017032980856357567,-0.006147329824934007,
GSE91061,0.0017032980856357567,-0.006147329824934007,
GSE91063,0.0017032980856357567,-0.006147329824934007,
GSE91087,0.0017032980856357567,-0.006147329824934007,
GSE91377,0.0017032980856357567,-0.006147329824934007,
GSE91383,0.0017032980856357567,-0.006147329824934007,
GSE92239,0.0017032980856357567,-0.006147329824934007,
GSE92262,0.0017032980856357567,-0.006147329824934007,
GSE92276,0.0017032980856357567,-0.006147329824934007,
GSE92277,0.0017032980856357567,-0.006147329824934007,
GSE92293,0.0017032980856357567,-0.006147329824934007,
GSE91010,0.0017032980856357567,-0.006147329824934007,
GSE90087,0.0017032980856357567,-0.006147329824934007,
GSE90111,0.0017032980856357567,-0.006147329824934007,
GSE90444,0.0017032980856357567,-0.006147329824934007,
GSE90463,0.0017032980856357567,-0.006147329824934007,
GSE90489,0.0017032980856357567,-0.006147329824934007,
GSE90491,0.0017032980856357567,-0.006147329824934007,
GSE90519,0.0017032980856357567,-0.006147329824934007,
GSE90523,0.0017032980856357567,-0.006147329824934007,
GSE90552,0.0017032980856357567,-0.006147329824934007,
GSE90566,0.0017032980856357567,-0.006147329824934007,
GSE90599,0.0017032980856357567,-0.006147329824934007,
GSE90634,0.0017032980856357567,-0.006147329824934007,
GSE90813,0.0017032980856357567,-0.006147329824934007,
GSE90659,0.0017032980856357567,-0.006147329824934007,
GSE90682,0.0017032980856357567,-0.006147329824934007,
GSE90683,0.0017032980856357567,-0.006147329824934007,
GSE90711,0.0017032980856357567,-0.006147329824934007,
GSE90718,0.0017032980856357567,-0.006147329824934007,
GSE90728,0.0017032980856357567,-0.006147329824934007,
GSE90729,0.0017032980856357567,-0.006147329824934007,
GSE90734,0.0017032980856357567,-0.006147329824934007,
GSE90748,0.0017032980856357567,-0.006147329824934007,
GSE90749,0.0017032980856357567,-0.006147329824934007,
GSE90772,0.0017032980856357567,-0.006147329824934007,
GSE90781,0.0017032980856357567,-0.006147329824934007,
GSE90796,0.0017032980856357567,-0.006147329824934007,
GSE90657,0.0017032980856357567,-0.006147329824934007,
GSE87399,0.0017032980856357567,-0.006147329824934007,
GSE87400,0.0017032980856357567,-0.006147329824934007,
GSE87426,0.0017032980856357567,-0.006147329824934007,
GSE87456,0.0017032980856357567,-0.006147329824934007,
GSE87476,0.0017032980856357567,-0.006147329824934007,
GSE87487,0.0017032980856357567,-0.006147329824934007,
GSE87495,0.0017032980856357567,-0.006147329824934007,
GSE87497,0.0017032980856357567,-0.006147329824934007,
GSE87515,0.0017032980856357567,-0.006147329824934007,
GSE87517,0.0017032980856357567,-0.006147329824934007,
GSE87532,0.0017032980856357567,-0.006147329824934007,
GSE87534,0.0017032980856357567,-0.006147329824934007,
GSE89368,0.0017032980856357567,-0.006147329824934007,
GSE87540,0.0017032980856357567,-0.006147329824934007,
GSE87541,0.0017032980856357567,-0.006147329824934007,
GSE87554,0.0017032980856357567,-0.006147329824934007,
GSE87563,0.0017032980856357567,-0.006147329824934007,
GSE87581,0.0017032980856357567,-0.006147329824934007,
GSE87585,0.0017032980856357567,-0.006147329824934007,
GSE87615,0.0017032980856357567,-0.006147329824934007,
GSE87617,0.0017032980856357567,-0.006147329824934007,
GSE87626,0.0017032980856357567,-0.006147329824934007,
GSE87641,0.0017032980856357567,-0.006147329824934007,
GSE87660,0.0017032980856357567,-0.006147329824934007,
GSE87668,0.0017032980856357567,-0.006147329824934007,
GSE87535,0.0017032980856357567,-0.006147329824934007,
GSE87042,0.0017032980856357567,-0.006147329824934007,
GSE87055,0.0017032980856357567,-0.006147329824934007,
GSE87088,0.0017032980856357567,-0.006147329824934007,
GSE87110,0.0017032980856357567,-0.006147329824934007,
GSE87167,0.0017032980856357567,-0.006147329824934007,
GSE87169,0.0017032980856357567,-0.006147329824934007,
GSE87186,0.0017032980856357567,-0.006147329824934007,
GSE87187,0.0017032980856357567,-0.006147329824934007,
GSE87189,0.0017032980856357567,-0.006147329824934007,
GSE87194,0.0017032980856357567,-0.006147329824934007,
GSE87198,0.0017032980856357567,-0.006147329824934007,
GSE87231,0.0017032980856357567,-0.006147329824934007,
GSE87392,0.0017032980856357567,-0.006147329824934007,
GSE87240,0.0017032980856357567,-0.006147329824934007,
GSE87257,0.0017032980856357567,-0.006147329824934007,
GSE87273,0.0017032980856357567,-0.006147329824934007,
GSE87285,0.0017032980856357567,-0.006147329824934007,
GSE87290,0.0017032980856357567,-0.006147329824934007,
GSE87307,0.0017032980856357567,-0.006147329824934007,
GSE87320,0.0017032980856357567,-0.006147329824934007,
GSE87326,0.0017032980856357567,-0.006147329824934007,
GSE87328,0.0017032980856357567,-0.006147329824934007,
GSE87340,0.0017032980856357567,-0.006147329824934007,
GSE87360,0.0017032980856357567,-0.006147329824934007,
GSE87365,0.0017032980856357567,-0.006147329824934007,
GSE87237,0.0017032980856357567,-0.006147329824934007,
GSE89057,0.0017032980856357567,-0.006147329824934007,
GSE89062,0.0017032980856357567,-0.006147329824934007,
GSE89063,0.0017032980856357567,-0.006147329824934007,
GSE89110,0.0017032980856357567,-0.006147329824934007,
GSE89115,0.0017032980856357567,-0.006147329824934007,
GSE89122,0.0017032980856357567,-0.006147329824934007,
GSE89124,0.0017032980856357567,-0.006147329824934007,
GSE89127,0.0017032980856357567,-0.006147329824934007,
GSE89134,0.0017032980856357567,-0.006147329824934007,
GSE89140,0.0017032980856357567,-0.006147329824934007,
GSE89152,0.0017032980856357567,-0.006147329824934007,
GSE89154,0.0017032980856357567,-0.006147329824934007,
GSE87679,0.0017032980856357567,-0.006147329824934007,
GSE89182,0.0017032980856357567,-0.006147329824934007,
GSE89189,0.0017032980856357567,-0.006147329824934007,
GSE89205,0.0017032980856357567,-0.006147329824934007,
GSE89223,0.0017032980856357567,-0.006147329824934007,
GSE89225,0.0017032980856357567,-0.006147329824934007,
GSE89226,0.0017032980856357567,-0.006147329824934007,
GSE89232,0.0017032980856357567,-0.006147329824934007,
GSE89234,0.0017032980856357567,-0.006147329824934007,
GSE89235,0.0017032980856357567,-0.006147329824934007,
GSE89339,0.0017032980856357567,-0.006147329824934007,
GSE89365,0.0017032980856357567,-0.006147329824934007,
GSE89367,0.0017032980856357567,-0.006147329824934007,
GSE89179,0.0017032980856357567,-0.006147329824934007,
GSE87692,0.0017032980856357567,-0.006147329824934007,
GSE87701,0.0017032980856357567,-0.006147329824934007,
GSE87708,0.0017032980856357567,-0.006147329824934007,
GSE87720,0.0017032980856357567,-0.006147329824934007,
GSE87725,0.0017032980856357567,-0.006147329824934007,
GSE87748,0.0017032980856357567,-0.006147329824934007,
GSE87750,0.0017032980856357567,-0.006147329824934007,
GSE87831,0.0017032980856357567,-0.006147329824934007,
GSE87849,0.0017032980856357567,-0.006147329824934007,
GSE87891,0.0017032980856357567,-0.006147329824934007,
GSE88710,0.0017032980856357567,-0.006147329824934007,
GSE88741,0.0017032980856357567,-0.006147329824934007,
GSE89049,0.0017032980856357567,-0.006147329824934007,
GSE88802,0.0017032980856357567,-0.006147329824934007,
GSE88848,0.0017032980856357567,-0.006147329824934007,
GSE88850,0.0017032980856357567,-0.006147329824934007,
GSE88858,0.0017032980856357567,-0.006147329824934007,
GSE88931,0.0017032980856357567,-0.006147329824934007,
GSE88943,0.0017032980856357567,-0.006147329824934007,
GSE88944,0.0017032980856357567,-0.006147329824934007,
GSE88945,0.0017032980856357567,-0.006147329824934007,
GSE88946,0.0017032980856357567,-0.006147329824934007,
GSE88956,0.0017032980856357567,-0.006147329824934007,
GSE88977,0.0017032980856357567,-0.006147329824934007,
GSE88997,0.0017032980856357567,-0.006147329824934007,
GSE89008,0.0017032980856357567,-0.006147329824934007,
GSE88750,0.0017032980856357567,-0.006147329824934007,
GSE39121,0.0017032980856357567,-0.006147329824934007,
GSE39167,0.0017032980856357567,-0.006147329824934007,
GSE39170,0.0017032980856357567,-0.006147329824934007,
GSE39305,0.0017032980856357567,-0.006147329824934007,
GSE39527,0.0017032980856357567,-0.006147329824934007,
GSE39561,0.0017032980856357567,-0.006147329824934007,
GSE39661,0.0017032980856357567,-0.006147329824934007,
GSE39757,0.0017032980856357567,-0.006147329824934007,
GSE39776,0.0017032980856357567,-0.006147329824934007,
GSE39821,0.0017032980856357567,-0.006147329824934007,
GSE39872,0.0017032980856357567,-0.006147329824934007,
GSE39957,0.0017032980856357567,-0.006147329824934007,
GSE71012,0.0017032980856357567,-0.006147329824934007,
GSE40050,0.0017032980856357567,-0.006147329824934007,
GSE40069,0.0017032980856357567,-0.006147329824934007,
GSE40111,0.0017032980856357567,-0.006147329824934007,
GSE40114,0.0017032980856357567,-0.006147329824934007,
GSE40131,0.0017032980856357567,-0.006147329824934007,
GSE40137,0.0017032980856357567,-0.006147329824934007,
GSE40174,0.0017032980856357567,-0.006147329824934007,
GSE40228,0.0017032980856357567,-0.006147329824934007,
GSE40243,0.0017032980856357567,-0.006147329824934007,
GSE40291,0.0017032980856357567,-0.006147329824934007,
GSE40310,0.0017032980856357567,-0.006147329824934007,
GSE40524,0.0017032980856357567,-0.006147329824934007,
GSE40049,0.0017032980856357567,-0.006147329824934007,
GSE37521,0.0017032980856357567,-0.006147329824934007,
GSE37524,0.0017032980856357567,-0.006147329824934007,
GSE37686,0.0017032980856357567,-0.006147329824934007,
GSE37703,0.0017032980856357567,-0.006147329824934007,
GSE37764,0.0017032980856357567,-0.006147329824934007,
GSE37918,0.0017032980856357567,-0.006147329824934007,
GSE38003,0.0017032980856357567,-0.006147329824934007,
GSE38100,0.0017032980856357567,-0.006147329824934007,
GSE38201,0.0017032980856357567,-0.006147329824934007,
GSE38233,0.0017032980856357567,-0.006147329824934007,
GSE38234,0.0017032980856357567,-0.006147329824934007,
GSE38265,0.0017032980856357567,-0.006147329824934007,
GSE39068,0.0017032980856357567,-0.006147329824934007,
GSE38356,0.0017032980856357567,-0.006147329824934007,
GSE38393,0.0017032980856357567,-0.006147329824934007,
GSE38447,0.0017032980856357567,-0.006147329824934007,
GSE38541,0.0017032980856357567,-0.006147329824934007,
GSE38676,0.0017032980856357567,-0.006147329824934007,
GSE38677,0.0017032980856357567,-0.006147329824934007,
GSE38770,0.0017032980856357567,-0.006147329824934007,
GSE38790,0.0017032980856357567,-0.006147329824934007,
GSE38886,0.0017032980856357567,-0.006147329824934007,
GSE38945,0.0017032980856357567,-0.006147329824934007,
GSE38993,0.0017032980856357567,-0.006147329824934007,
GSE38994,0.0017032980856357567,-0.006147329824934007,
GSE38355,0.0017032980856357567,-0.006147329824934007,
GSE42142,0.0017032980856357567,-0.006147329824934007,
GSE42146,0.0017032980856357567,-0.006147329824934007,
GSE42212,0.0017032980856357567,-0.006147329824934007,
GSE42326,0.0017032980856357567,-0.006147329824934007,
GSE42420,0.0017032980856357567,-0.006147329824934007,
GSE42485,0.0017032980856357567,-0.006147329824934007,
GSE42509,0.0017032980856357567,-0.006147329824934007,
GSE42563,0.0017032980856357567,-0.006147329824934007,
GSE42608,0.0017032980856357567,-0.006147329824934007,
GSE42630,0.0017032980856357567,-0.006147329824934007,
GSE42701,0.0017032980856357567,-0.006147329824934007,
GSE42735,0.0017032980856357567,-0.006147329824934007,
GSE40548,0.0017032980856357567,-0.006147329824934007,
GSE42951,0.0017032980856357567,-0.006147329824934007,
GSE42960,0.0017032980856357567,-0.006147329824934007,
GSE43070,0.0017032980856357567,-0.006147329824934007,
GSE43093,0.0017032980856357567,-0.006147329824934007,
GSE43126,0.0017032980856357567,-0.006147329824934007,
GSE43143,0.0017032980856357567,-0.006147329824934007,
GSE43296,0.0017032980856357567,-0.006147329824934007,
GSE43306,0.0017032980856357567,-0.006147329824934007,
GSE43335,0.0017032980856357567,-0.006147329824934007,
GSE43362,0.0017032980856357567,-0.006147329824934007,
GSE43472,0.0017032980856357567,-0.006147329824934007,
GSE43550,0.0017032980856357567,-0.006147329824934007,
GSE42948,0.0017032980856357567,-0.006147329824934007,
GSE40632,0.0017032980856357567,-0.006147329824934007,
GSE40665,0.0017032980856357567,-0.006147329824934007,
GSE40705,0.0017032980856357567,-0.006147329824934007,
GSE40718,0.0017032980856357567,-0.006147329824934007,
GSE40740,0.0017032980856357567,-0.006147329824934007,
GSE40783,0.0017032980856357567,-0.006147329824934007,
GSE40859,0.0017032980856357567,-0.006147329824934007,
GSE40953,0.0017032980856357567,-0.006147329824934007,
GSE40996,0.0017032980856357567,-0.006147329824934007,
GSE41009,0.0017032980856357567,-0.006147329824934007,
GSE41074,0.0017032980856357567,-0.006147329824934007,
GSE41166,0.0017032980856357567,-0.006147329824934007,
GSE42006,0.0017032980856357567,-0.006147329824934007,
GSE41245,0.0017032980856357567,-0.006147329824934007,
GSE41264,0.0017032980856357567,-0.006147329824934007,
GSE41279,0.0017032980856357567,-0.006147329824934007,
GSE41357,0.0017032980856357567,-0.006147329824934007,
GSE41359,0.0017032980856357567,-0.006147329824934007,
GSE41476,0.0017032980856357567,-0.006147329824934007,
GSE41586,0.0017032980856357567,-0.006147329824934007,
GSE41616,0.0017032980856357567,-0.006147329824934007,
GSE41716,0.0017032980856357567,-0.006147329824934007,
GSE41745,0.0017032980856357567,-0.006147329824934007,
GSE41761,0.0017032980856357567,-0.006147329824934007,
GSE41795,0.0017032980856357567,-0.006147329824934007,
GSE41180,0.0017032980856357567,-0.006147329824934007,
GSE30567,0.0017032980856357567,-0.006147329824934007,
GSE30573,0.0017032980856357567,-0.006147329824934007,
GSE30772,0.0017032980856357567,-0.006147329824934007,
GSE30786,0.0017032980856357567,-0.006147329824934007,
GSE30995,0.0017032980856357567,-0.006147329824934007,
GSE31310,0.0017032980856357567,-0.006147329824934007,
GSE31486,0.0017032980856357567,-0.006147329824934007,
GSE31528,0.0017032980856357567,-0.006147329824934007,
GSE31539,0.0017032980856357567,-0.006147329824934007,
GSE31653,0.0017032980856357567,-0.006147329824934007,
GSE32162,0.0017032980856357567,-0.006147329824934007,
GSE32213,0.0017032980856357567,-0.006147329824934007,
GSE37376,0.0017032980856357567,-0.006147329824934007,
GSE32340,0.0017032980856357567,-0.006147329824934007,
GSE32424,0.0017032980856357567,-0.006147329824934007,
GSE32625,0.0017032980856357567,-0.006147329824934007,
GSE32689,0.0017032980856357567,-0.006147329824934007,
GSE32726,0.0017032980856357567,-0.006147329824934007,
GSE32991,0.0017032980856357567,-0.006147329824934007,
GSE33013,0.0017032980856357567,-0.006147329824934007,
GSE33092,0.0017032980856357567,-0.006147329824934007,
GSE33154,0.0017032980856357567,-0.006147329824934007,
GSE33281,0.0017032980856357567,-0.006147329824934007,
GSE33294,0.0017032980856357567,-0.006147329824934007,
GSE33328,0.0017032980856357567,-0.006147329824934007,
GSE32307,0.0017032980856357567,-0.006147329824934007,
GSE26811,0.0017032980856357567,-0.006147329824934007,
GSE26880,0.0017032980856357567,-0.006147329824934007,
GSE27315,0.0017032980856357567,-0.006147329824934007,
GSE27823,0.0017032980856357567,-0.006147329824934007,
GSE28040,0.0017032980856357567,-0.006147329824934007,
GSE28115,0.0017032980856357567,-0.006147329824934007,
GSE28859,0.0017032980856357567,-0.006147329824934007,
GSE28864,0.0017032980856357567,-0.006147329824934007,
GSE28866,0.0017032980856357567,-0.006147329824934007,
GSE29006,0.0017032980856357567,-0.006147329824934007,
GSE29038,0.0017032980856357567,-0.006147329824934007,
GSE29040,0.0017032980856357567,-0.006147329824934007,
GSE30557,0.0017032980856357567,-0.006147329824934007,
GSE29119,0.0017032980856357567,-0.006147329824934007,
GSE29155,0.0017032980856357567,-0.006147329824934007,
GSE29158,0.0017032980856357567,-0.006147329824934007,
GSE29160,0.0017032980856357567,-0.006147329824934007,
GSE29282,0.0017032980856357567,-0.006147329824934007,
GSE29580,0.0017032980856357567,-0.006147329824934007,
GSE29660,0.0017032980856357567,-0.006147329824934007,
GSE29943,0.0017032980856357567,-0.006147329824934007,
GSE29968,0.0017032980856357567,-0.006147329824934007,
GSE30222,0.0017032980856357567,-0.006147329824934007,
GSE30290,0.0017032980856357567,-0.006147329824934007,
GSE30554,0.0017032980856357567,-0.006147329824934007,
GSE29098,0.0017032980856357567,-0.006147329824934007,
GSE35704,0.0017032980856357567,-0.006147329824934007,
GSE35774,0.0017032980856357567,-0.006147329824934007,
GSE35871,0.0017032980856357567,-0.006147329824934007,
GSE36062,0.0017032980856357567,-0.006147329824934007,
GSE36070,0.0017032980856357567,-0.006147329824934007,
GSE36147,0.0017032980856357567,-0.006147329824934007,
GSE36242,0.0017032980856357567,-0.006147329824934007,
GSE36266,0.0017032980856357567,-0.006147329824934007,
GSE36349,0.0017032980856357567,-0.006147329824934007,
GSE36350,0.0017032980856357567,-0.006147329824934007,
GSE36552,0.0017032980856357567,-0.006147329824934007,
GSE36597,0.0017032980856357567,-0.006147329824934007,
GSE33480,0.0017032980856357567,-0.006147329824934007,
GSE36710,0.0017032980856357567,-0.006147329824934007,
GSE36761,0.0017032980856357567,-0.006147329824934007,
GSE36863,0.0017032980856357567,-0.006147329824934007,
GSE36866,0.0017032980856357567,-0.006147329824934007,
GSE36952,0.0017032980856357567,-0.006147329824934007,
GSE36968,0.0017032980856357567,-0.006147329824934007,
GSE37001,0.0017032980856357567,-0.006147329824934007,
GSE37002,0.0017032980856357567,-0.006147329824934007,
GSE37003,0.0017032980856357567,-0.006147329824934007,
GSE37037,0.0017032980856357567,-0.006147329824934007,
GSE37061,0.0017032980856357567,-0.006147329824934007,
GSE37211,0.0017032980856357567,-0.006147329824934007,
GSE36695,0.0017032980856357567,-0.006147329824934007,
GSE33592,0.0017032980856357567,-0.006147329824934007,
GSE33600,0.0017032980856357567,-0.006147329824934007,
GSE33601,0.0017032980856357567,-0.006147329824934007,
GSE33772,0.0017032980856357567,-0.006147329824934007,
GSE33776,0.0017032980856357567,-0.006147329824934007,
GSE33782,0.0017032980856357567,-0.006147329824934007,
GSE33816,0.0017032980856357567,-0.006147329824934007,
GSE34097,0.0017032980856357567,-0.006147329824934007,
GSE34329,0.0017032980856357567,-0.006147329824934007,
GSE34448,0.0017032980856357567,-0.006147329824934007,
GSE34491,0.0017032980856357567,-0.006147329824934007,
GSE34736,0.0017032980856357567,-0.006147329824934007,
GSE35587,0.0017032980856357567,-0.006147329824934007,
GSE34780,0.0017032980856357567,-0.006147329824934007,
GSE34914,0.0017032980856357567,-0.006147329824934007,
GSE34993,0.0017032980856357567,-0.006147329824934007,
GSE34995,0.0017032980856357567,-0.006147329824934007,
GSE35126,0.0017032980856357567,-0.006147329824934007,
GSE35197,0.0017032980856357567,-0.006147329824934007,
GSE35296,0.0017032980856357567,-0.006147329824934007,
GSE35394,0.0017032980856357567,-0.006147329824934007,
GSE35420,0.0017032980856357567,-0.006147329824934007,
GSE35464,0.0017032980856357567,-0.006147329824934007,
GSE35468,0.0017032980856357567,-0.006147329824934007,
GSE35469,0.0017032980856357567,-0.006147329824934007,
GSE35584,0.0017032980856357567,-0.006147329824934007,
GSE34740,0.0017032980856357567,-0.006147329824934007,
GSE49295,0.0017032980856357567,-0.006147329824934007,
GSE49339,0.0017032980856357567,-0.006147329824934007,
GSE49601,0.0017032980856357567,-0.006147329824934007,
GSE49608,0.0017032980856357567,-0.006147329824934007,
GSE49642,0.0017032980856357567,-0.006147329824934007,
GSE49712,0.0017032980856357567,-0.006147329824934007,
GSE49831,0.0017032980856357567,-0.006147329824934007,
GSE49833,0.0017032980856357567,-0.006147329824934007,
GSE49834,0.0017032980856357567,-0.006147329824934007,
GSE49890,0.0017032980856357567,-0.006147329824934007,
GSE49994,0.0017032980856357567,-0.006147329824934007,
GSE50064,0.0017032980856357567,-0.006147329824934007,
GSE43586,0.0017032980856357567,-0.006147329824934007,
GSE50177,0.0017032980856357567,-0.006147329824934007,
GSE50243,0.0017032980856357567,-0.006147329824934007,
GSE50244,0.0017032980856357567,-0.006147329824934007,
GSE50386,0.0017032980856357567,-0.006147329824934007,
GSE50491,0.0017032980856357567,-0.006147329824934007,
GSE50499,0.0017032980856357567,-0.006147329824934007,
GSE50514,0.0017032980856357567,-0.006147329824934007,
GSE50535,0.0017032980856357567,-0.006147329824934007,
GSE50580,0.0017032980856357567,-0.006147329824934007,
GSE50582,0.0017032980856357567,-0.006147329824934007,
GSE50599,0.0017032980856357567,-0.006147329824934007,
GSE50630,0.0017032980856357567,-0.006147329824934007,
GSE50174,0.0017032980856357567,-0.006147329824934007,
GSE48166,0.0017032980856357567,-0.006147329824934007,
GSE48213,0.0017032980856357567,-0.006147329824934007,
GSE48230,0.0017032980856357567,-0.006147329824934007,
GSE48240,0.0017032980856357567,-0.006147329824934007,
GSE48263,0.0017032980856357567,-0.006147329824934007,
GSE48286,0.0017032980856357567,-0.006147329824934007,
GSE48403,0.0017032980856357567,-0.006147329824934007,
GSE48423,0.0017032980856357567,-0.006147329824934007,
GSE48599,0.0017032980856357567,-0.006147329824934007,
GSE48603,0.0017032980856357567,-0.006147329824934007,
GSE48678,0.0017032980856357567,-0.006147329824934007,
GSE48785,0.0017032980856357567,-0.006147329824934007,
GSE49247,0.0017032980856357567,-0.006147329824934007,
GSE48843,0.0017032980856357567,-0.006147329824934007,
GSE48846,0.0017032980856357567,-0.006147329824934007,
GSE48850,0.0017032980856357567,-0.006147329824934007,
GSE48889,0.0017032980856357567,-0.006147329824934007,
GSE48918,0.0017032980856357567,-0.006147329824934007,
GSE48933,0.0017032980856357567,-0.006147329824934007,
GSE48953,0.0017032980856357567,-0.006147329824934007,
GSE49074,0.0017032980856357567,-0.006147329824934007,
GSE49110,0.0017032980856357567,-0.006147329824934007,
GSE49133,0.0017032980856357567,-0.006147329824934007,
GSE49155,0.0017032980856357567,-0.006147329824934007,
GSE49159,0.0017032980856357567,-0.006147329824934007,
GSE48812,0.0017032980856357567,-0.006147329824934007,
GSE52082,0.0017032980856357567,-0.006147329824934007,
GSE52090,0.0017032980856357567,-0.006147329824934007,
GSE52133,0.0017032980856357567,-0.006147329824934007,
GSE52148,0.0017032980856357567,-0.006147329824934007,
GSE52194,0.0017032980856357567,-0.006147329824934007,
GSE52201,0.0017032980856357567,-0.006147329824934007,
GSE52202,0.0017032980856357567,-0.006147329824934007,
GSE52248,0.0017032980856357567,-0.006147329824934007,
GSE52249,0.0017032980856357567,-0.006147329824934007,
GSE52285,0.0017032980856357567,-0.006147329824934007,
GSE52367,0.0017032980856357567,-0.006147329824934007,
GSE52385,0.0017032980856357567,-0.006147329824934007,
GSE50676,0.0017032980856357567,-0.006147329824934007,
GSE52431,0.0017032980856357567,-0.006147329824934007,
GSE52447,0.0017032980856357567,-0.006147329824934007,
GSE52463,0.0017032980856357567,-0.006147329824934007,
GSE52490,0.0017032980856357567,-0.006147329824934007,
GSE52530,0.0017032980856357567,-0.006147329824934007,
GSE52642,0.0017032980856357567,-0.006147329824934007,
GSE52643,0.0017032980856357567,-0.006147329824934007,
GSE52656,0.0017032980856357567,-0.006147329824934007,
GSE52657,0.0017032980856357567,-0.006147329824934007,
GSE52665,0.0017032980856357567,-0.006147329824934007,
GSE52666,0.0017032980856357567,-0.006147329824934007,
GSE52687,0.0017032980856357567,-0.006147329824934007,
GSE52429,0.0017032980856357567,-0.006147329824934007,
GSE50721,0.0017032980856357567,-0.006147329824934007,
GSE50760,0.0017032980856357567,-0.006147329824934007,
GSE50792,0.0017032980856357567,-0.006147329824934007,
GSE50893,0.0017032980856357567,-0.006147329824934007,
GSE50957,0.0017032980856357567,-0.006147329824934007,
GSE50958,0.0017032980856357567,-0.006147329824934007,
GSE51005,0.0017032980856357567,-0.006147329824934007,
GSE51124,0.0017032980856357567,-0.006147329824934007,
GSE51217,0.0017032980856357567,-0.006147329824934007,
GSE51254,0.0017032980856357567,-0.006147329824934007,
GSE51261,0.0017032980856357567,-0.006147329824934007,
GSE51310,0.0017032980856357567,-0.006147329824934007,
GSE52036,0.0017032980856357567,-0.006147329824934007,
GSE51415,0.0017032980856357567,-0.006147329824934007,
GSE51428,0.0017032980856357567,-0.006147329824934007,
GSE51443,0.0017032980856357567,-0.006147329824934007,
GSE51518,0.0017032980856357567,-0.006147329824934007,
GSE51584,0.0017032980856357567,-0.006147329824934007,
GSE51607,0.0017032980856357567,-0.006147329824934007,
GSE51633,0.0017032980856357567,-0.006147329824934007,
GSE51684,0.0017032980856357567,-0.006147329824934007,
GSE51827,0.0017032980856357567,-0.006147329824934007,
GSE51878,0.0017032980856357567,-0.006147329824934007,
GSE51924,0.0017032980856357567,-0.006147329824934007,
GSE51975,0.0017032980856357567,-0.006147329824934007,
GSE51984,0.0017032980856357567,-0.006147329824934007,
GSE51403,0.0017032980856357567,-0.006147329824934007,
GSE44646,0.0017032980856357567,-0.006147329824934007,
GSE44718,0.0017032980856357567,-0.006147329824934007,
GSE44769,0.0017032980856357567,-0.006147329824934007,
GSE44801,0.0017032980856357567,-0.006147329824934007,
GSE44875,0.0017032980856357567,-0.006147329824934007,
GSE44953,0.0017032980856357567,-0.006147329824934007,
GSE44976,0.0017032980856357567,-0.006147329824934007,
GSE45133,0.0017032980856357567,-0.006147329824934007,
GSE45144,0.0017032980856357567,-0.006147329824934007,
GSE45162,0.0017032980856357567,-0.006147329824934007,
GSE45176,0.0017032980856357567,-0.006147329824934007,
GSE45202,0.0017032980856357567,-0.006147329824934007,
GSE48159,0.0017032980856357567,-0.006147329824934007,
GSE45326,0.0017032980856357567,-0.006147329824934007,
GSE45332,0.0017032980856357567,-0.006147329824934007,
GSE45335,0.0017032980856357567,-0.006147329824934007,
GSE45419,0.0017032980856357567,-0.006147329824934007,
GSE45428,0.0017032980856357567,-0.006147329824934007,
GSE45442,0.0017032980856357567,-0.006147329824934007,
GSE45453,0.0017032980856357567,-0.006147329824934007,
GSE45510,0.0017032980856357567,-0.006147329824934007,
GSE45669,0.0017032980856357567,-0.006147329824934007,
GSE45732,0.0017032980856357567,-0.006147329824934007,
GSE45734,0.0017032980856357567,-0.006147329824934007,
GSE45735,0.0017032980856357567,-0.006147329824934007,
GSE45258,0.0017032980856357567,-0.006147329824934007,
GSE43603,0.0017032980856357567,-0.006147329824934007,
GSE43666,0.0017032980856357567,-0.006147329824934007,
GSE43726,0.0017032980856357567,-0.006147329824934007,
GSE43785,0.0017032980856357567,-0.006147329824934007,
GSE43788,0.0017032980856357567,-0.006147329824934007,
GSE43801,0.0017032980856357567,-0.006147329824934007,
GSE43834,0.0017032980856357567,-0.006147329824934007,
GSE43835,0.0017032980856357567,-0.006147329824934007,
GSE43925,0.0017032980856357567,-0.006147329824934007,
GSE43984,0.0017032980856357567,-0.006147329824934007,
GSE44052,0.0017032980856357567,-0.006147329824934007,
GSE44064,0.0017032980856357567,-0.006147329824934007,
GSE44618,0.0017032980856357567,-0.006147329824934007,
GSE44267,0.0017032980856357567,-0.006147329824934007,
GSE44376,0.0017032980856357567,-0.006147329824934007,
GSE44377,0.0017032980856357567,-0.006147329824934007,
GSE44378,0.0017032980856357567,-0.006147329824934007,
GSE44379,0.0017032980856357567,-0.006147329824934007,
GSE44384,0.0017032980856357567,-0.006147329824934007,
GSE44385,0.0017032980856357567,-0.006147329824934007,
GSE44457,0.0017032980856357567,-0.006147329824934007,
GSE44461,0.0017032980856357567,-0.006147329824934007,
GSE44568,0.0017032980856357567,-0.006147329824934007,
GSE44585,0.0017032980856357567,-0.006147329824934007,
GSE44615,0.0017032980856357567,-0.006147329824934007,
GSE44256,0.0017032980856357567,-0.006147329824934007,
GSE46817,0.0017032980856357567,-0.006147329824934007,
GSE46831,0.0017032980856357567,-0.006147329824934007,
GSE46959,0.0017032980856357567,-0.006147329824934007,
GSE46989,0.0017032980856357567,-0.006147329824934007,
GSE47042,0.0017032980856357567,-0.006147329824934007,
GSE47058,0.0017032980856357567,-0.006147329824934007,
GSE47095,0.0017032980856357567,-0.006147329824934007,
GSE47114,0.0017032980856357567,-0.006147329824934007,
GSE47117,0.0017032980856357567,-0.006147329824934007,
GSE47157,0.0017032980856357567,-0.006147329824934007,
GSE47226,0.0017032980856357567,-0.006147329824934007,
GSE47399,0.0017032980856357567,-0.006147329824934007,
GSE45785,0.0017032980856357567,-0.006147329824934007,
GSE47462,0.0017032980856357567,-0.006147329824934007,
GSE47488,0.0017032980856357567,-0.006147329824934007,
GSE47636,0.0017032980856357567,-0.006147329824934007,
GSE47718,0.0017032980856357567,-0.006147329824934007,
GSE47805,0.0017032980856357567,-0.006147329824934007,
GSE47806,0.0017032980856357567,-0.006147329824934007,
GSE47933,0.0017032980856357567,-0.006147329824934007,
GSE47944,0.0017032980856357567,-0.006147329824934007,
GSE47997,0.0017032980856357567,-0.006147329824934007,
GSE48032,0.0017032980856357567,-0.006147329824934007,
GSE48034,0.0017032980856357567,-0.006147329824934007,
GSE48035,0.0017032980856357567,-0.006147329824934007,
GSE47428,0.0017032980856357567,-0.006147329824934007,
GSE45822,0.0017032980856357567,-0.006147329824934007,
GSE45883,0.0017032980856357567,-0.006147329824934007,
GSE45910,0.0017032980856357567,-0.006147329824934007,
GSE46030,0.0017032980856357567,-0.006147329824934007,
GSE46044,0.0017032980856357567,-0.006147329824934007,
GSE46056,0.0017032980856357567,-0.006147329824934007,
GSE46164,0.0017032980856357567,-0.006147329824934007,
GSE46217,0.0017032980856357567,-0.006147329824934007,
GSE46224,0.0017032980856357567,-0.006147329824934007,
GSE46228,0.0017032980856357567,-0.006147329824934007,
GSE46322,0.0017032980856357567,-0.006147329824934007,
GSE46323,0.0017032980856357567,-0.006147329824934007,
GSE46805,0.0017032980856357567,-0.006147329824934007,
GSE46502,0.0017032980856357567,-0.006147329824934007,
GSE46513,0.0017032980856357567,-0.006147329824934007,
GSE46514,0.0017032980856357567,-0.006147329824934007,
GSE46516,0.0017032980856357567,-0.006147329824934007,
GSE46523,0.0017032980856357567,-0.006147329824934007,
GSE46561,0.0017032980856357567,-0.006147329824934007,
GSE46562,0.0017032980856357567,-0.006147329824934007,
GSE46597,0.0017032980856357567,-0.006147329824934007,
GSE46611,0.0017032980856357567,-0.006147329824934007,
GSE46613,0.0017032980856357567,-0.006147329824934007,
GSE46622,0.0017032980856357567,-0.006147329824934007,
GSE46665,0.0017032980856357567,-0.006147329824934007,
GSE46718,0.0017032980856357567,-0.006147329824934007,
GSE46486,0.0017032980856357567,-0.006147329824934007,
GSE102924,0.0017032980856357567,-0.006147329824934007,
GSE102943,0.0017032980856357567,-0.006147329824934007,
GSE103016,0.0017032980856357567,-0.006147329824934007,
GSE103021,0.0017032980856357567,-0.006147329824934007,
GSE103029,0.0017032980856357567,-0.006147329824934007,
GSE103075,0.0017032980856357567,-0.006147329824934007,
GSE103114,0.0017032980856357567,-0.006147329824934007,
GSE103122,0.0017032980856357567,-0.006147329824934007,
GSE103147,0.0017032980856357567,-0.006147329824934007,
GSE103152,0.0017032980856357567,-0.006147329824934007,
GSE103175,0.0017032980856357567,-0.006147329824934007,
GSE103242,0.0017032980856357567,-0.006147329824934007,
GSE26501,0.0017032980856357567,-0.006147329824934007,
GSE103270,0.0017032980856357567,-0.006147329824934007,
GSE103299,0.0017032980856357567,-0.006147329824934007,
GSE103305,0.0017032980856357567,-0.006147329824934007,
GSE103307,0.0017032980856357567,-0.006147329824934007,
GSE103405,0.0017032980856357567,-0.006147329824934007,
GSE103449,0.0017032980856357567,-0.006147329824934007,
GSE103461,0.0017032980856357567,-0.006147329824934007,
GSE103501,0.0017032980856357567,-0.006147329824934007,
GSE103544,0.0017032980856357567,-0.006147329824934007,
GSE103547,0.0017032980856357567,-0.006147329824934007,
GSE103559,0.0017032980856357567,-0.006147329824934007,
GSE103567,0.0017032980856357567,-0.006147329824934007,
GSE103252,0.0017032980856357567,-0.006147329824934007,
GSE102476,0.0017032980856357567,-0.006147329824934007,
GSE102492,0.0017032980856357567,-0.006147329824934007,
GSE102560,0.0017032980856357567,-0.006147329824934007,
GSE102616,0.0017032980856357567,-0.006147329824934007,
GSE102628,0.0017032980856357567,-0.006147329824934007,
GSE102639,0.0017032980856357567,-0.006147329824934007,
GSE102652,0.0017032980856357567,-0.006147329824934007,
GSE102676,0.0017032980856357567,-0.006147329824934007,
GSE102702,0.0017032980856357567,-0.006147329824934007,
GSE102718,0.0017032980856357567,-0.006147329824934007,
GSE102728,0.0017032980856357567,-0.006147329824934007,
GSE102737,0.0017032980856357567,-0.006147329824934007,
GSE102923,0.0017032980856357567,-0.006147329824934007,
GSE102762,0.0017032980856357567,-0.006147329824934007,
GSE102796,0.0017032980856357567,-0.006147329824934007,
GSE102798,0.0017032980856357567,-0.006147329824934007,
GSE102812,0.0017032980856357567,-0.006147329824934007,
GSE102838,0.0017032980856357567,-0.006147329824934007,
GSE102860,0.0017032980856357567,-0.006147329824934007,
GSE102864,0.0017032980856357567,-0.006147329824934007,
GSE102870,0.0017032980856357567,-0.006147329824934007,
GSE102875,0.0017032980856357567,-0.006147329824934007,
GSE102893,0.0017032980856357567,-0.006147329824934007,
GSE102902,0.0017032980856357567,-0.006147329824934007,
GSE102910,0.0017032980856357567,-0.006147329824934007,
GSE102741,0.0017032980856357567,-0.006147329824934007,
GSE104282,0.0017032980856357567,-0.006147329824934007,
GSE104288,0.0017032980856357567,-0.006147329824934007,
GSE104310,0.0017032980856357567,-0.006147329824934007,
GSE104348,0.0017032980856357567,-0.006147329824934007,
GSE104465,0.0017032980856357567,-0.006147329824934007,
GSE104522,0.0017032980856357567,-0.006147329824934007,
GSE104527,0.0017032980856357567,-0.006147329824934007,
GSE104537,0.0017032980856357567,-0.006147329824934007,
GSE104552,0.0017032980856357567,-0.006147329824934007,
GSE104583,0.0017032980856357567,-0.006147329824934007,
GSE104589,0.0017032980856357567,-0.006147329824934007,
GSE104600,0.0017032980856357567,-0.006147329824934007,
GSE103630,0.0017032980856357567,-0.006147329824934007,
GSE104690,0.0017032980856357567,-0.006147329824934007,
GSE104704,0.0017032980856357567,-0.006147329824934007,
GSE104714,0.0017032980856357567,-0.006147329824934007,
GSE104736,0.0017032980856357567,-0.006147329824934007,
GSE104766,0.0017032980856357567,-0.006147329824934007,
GSE104784,0.0017032980856357567,-0.006147329824934007,
GSE104827,0.0017032980856357567,-0.006147329824934007,
GSE104836,0.0017032980856357567,-0.006147329824934007,
GSE104854,0.0017032980856357567,-0.006147329824934007,
GSE104873,0.0017032980856357567,-0.006147329824934007,
GSE104969,0.0017032980856357567,-0.006147329824934007,
GSE105019,0.0017032980856357567,-0.006147329824934007,
GSE104674,0.0017032980856357567,-0.006147329824934007,
GSE103650,0.0017032980856357567,-0.006147329824934007,
GSE103658,0.0017032980856357567,-0.006147329824934007,
GSE103672,0.0017032980856357567,-0.006147329824934007,
GSE103687,0.0017032980856357567,-0.006147329824934007,
GSE103688,0.0017032980856357567,-0.006147329824934007,
GSE103711,0.0017032980856357567,-0.006147329824934007,
GSE103715,0.0017032980856357567,-0.006147329824934007,
GSE103719,0.0017032980856357567,-0.006147329824934007,
GSE103763,0.0017032980856357567,-0.006147329824934007,
GSE103790,0.0017032980856357567,-0.006147329824934007,
GSE103826,0.0017032980856357567,-0.006147329824934007,
GSE103837,0.0017032980856357567,-0.006147329824934007,
GSE104280,0.0017032980856357567,-0.006147329824934007,
GSE103850,0.0017032980856357567,-0.006147329824934007,
GSE103868,0.0017032980856357567,-0.006147329824934007,
GSE103907,0.0017032980856357567,-0.006147329824934007,
GSE103930,0.0017032980856357567,-0.006147329824934007,
GSE103934,0.0017032980856357567,-0.006147329824934007,
GSE103997,0.0017032980856357567,-0.006147329824934007,
GSE104001,0.0017032980856357567,-0.006147329824934007,
GSE104018,0.0017032980856357567,-0.006147329824934007,
GSE104149,0.0017032980856357567,-0.006147329824934007,
GSE104177,0.0017032980856357567,-0.006147329824934007,
GSE104193,0.0017032980856357567,-0.006147329824934007,
GSE104209,0.0017032980856357567,-0.006147329824934007,
GSE104227,0.0017032980856357567,-0.006147329824934007,
GSE103844,0.0017032980856357567,-0.006147329824934007,
GSE99321,0.0017032980856357567,-0.006147329824934007,
GSE99349,0.0017032980856357567,-0.006147329824934007,
GSE99356,0.0017032980856357567,-0.006147329824934007,
GSE99381,0.0017032980856357567,-0.006147329824934007,
GSE99385,0.0017032980856357567,-0.006147329824934007,
GSE99389,0.0017032980856357567,-0.006147329824934007,
GSE99392,0.0017032980856357567,-0.006147329824934007,
GSE99400,0.0017032980856357567,-0.006147329824934007,
GSE100027,0.0017032980856357567,-0.006147329824934007,
GSE100745,0.0017032980856357567,-0.006147329824934007,
GSE100751,0.0017032980856357567,-0.006147329824934007,
GSE100791,0.0017032980856357567,-0.006147329824934007,
GSE102467,0.0017032980856357567,-0.006147329824934007,
GSE100862,0.0017032980856357567,-0.006147329824934007,
GSE100891,0.0017032980856357567,-0.006147329824934007,
GSE100925,0.0017032980856357567,-0.006147329824934007,
GSE100982,0.0017032980856357567,-0.006147329824934007,
GSE101133,0.0017032980856357567,-0.006147329824934007,
GSE101157,0.0017032980856357567,-0.006147329824934007,
GSE101167,0.0017032980856357567,-0.006147329824934007,
GSE101168,0.0017032980856357567,-0.006147329824934007,
GSE101209,0.0017032980856357567,-0.006147329824934007,
GSE101232,0.0017032980856357567,-0.006147329824934007,
GSE101234,0.0017032980856357567,-0.006147329824934007,
GSE101343,0.0017032980856357567,-0.006147329824934007,
GSE100813,0.0017032980856357567,-0.006147329824934007,
GSE99626,0.0017032980856357567,-0.006147329824934007,
GSE99407,0.0017032980856357567,-0.006147329824934007,
GSE100223,0.0017032980856357567,-0.006147329824934007,
GSE98884,0.0017032980856357567,-0.006147329824934007,
GSE98894,0.0017032980856357567,-0.006147329824934007,
GSE98898,0.0017032980856357567,-0.006147329824934007,
GSE98976,0.0017032980856357567,-0.006147329824934007,
GSE99015,0.0017032980856357567,-0.006147329824934007,
GSE99028,0.0017032980856357567,-0.006147329824934007,
GSE99059,0.0017032980856357567,-0.006147329824934007,
GSE99060,0.0017032980856357567,-0.006147329824934007,
GSE99062,0.0017032980856357567,-0.006147329824934007,
GSE99317,0.0017032980856357567,-0.006147329824934007,
GSE99088,0.0017032980856357567,-0.006147329824934007,
GSE99095,0.0017032980856357567,-0.006147329824934007,
GSE99149,0.0017032980856357567,-0.006147329824934007,
GSE99179,0.0017032980856357567,-0.006147329824934007,
GSE99180,0.0017032980856357567,-0.006147329824934007,
GSE99202,0.0017032980856357567,-0.006147329824934007,
GSE99209,0.0017032980856357567,-0.006147329824934007,
GSE99215,0.0017032980856357567,-0.006147329824934007,
GSE99246,0.0017032980856357567,-0.006147329824934007,
GSE99293,0.0017032980856357567,-0.006147329824934007,
GSE99298,0.0017032980856357567,-0.006147329824934007,
GSE99313,0.0017032980856357567,-0.006147329824934007,
GSE99065,0.0017032980856357567,-0.006147329824934007,
GSE101872,0.0017032980856357567,-0.006147329824934007,
GSE101878,0.0017032980856357567,-0.006147329824934007,
GSE101923,0.0017032980856357567,-0.006147329824934007,
GSE101927,0.0017032980856357567,-0.006147329824934007,
GSE101968,0.0017032980856357567,-0.006147329824934007,
GSE102000,0.0017032980856357567,-0.006147329824934007,
GSE102004,0.0017032980856357567,-0.006147329824934007,
GSE102025,0.0017032980856357567,-0.006147329824934007,
GSE102033,0.0017032980856357567,-0.006147329824934007,
GSE102040,0.0017032980856357567,-0.006147329824934007,
GSE102097,0.0017032980856357567,-0.006147329824934007,
GSE102101,0.0017032980856357567,-0.006147329824934007,
GSE101396,0.0017032980856357567,-0.006147329824934007,
GSE102138,0.0017032980856357567,-0.006147329824934007,
GSE102183,0.0017032980856357567,-0.006147329824934007,
GSE102185,0.0017032980856357567,-0.006147329824934007,
GSE102188,0.0017032980856357567,-0.006147329824934007,
GSE102215,0.0017032980856357567,-0.006147329824934007,
GSE102244,0.0017032980856357567,-0.006147329824934007,
GSE102246,0.0017032980856357567,-0.006147329824934007,
GSE102283,0.0017032980856357567,-0.006147329824934007,
GSE102305,0.0017032980856357567,-0.006147329824934007,
GSE102349,0.0017032980856357567,-0.006147329824934007,
GSE102392,0.0017032980856357567,-0.006147329824934007,
GSE102460,0.0017032980856357567,-0.006147329824934007,
GSE102132,0.0017032980856357567,-0.006147329824934007,
GSE101451,0.0017032980856357567,-0.006147329824934007,
GSE101467,0.0017032980856357567,-0.006147329824934007,
GSE101480,0.0017032980856357567,-0.006147329824934007,
GSE101497,0.0017032980856357567,-0.006147329824934007,
GSE101518,0.0017032980856357567,-0.006147329824934007,
GSE101519,0.0017032980856357567,-0.006147329824934007,
GSE101521,0.0017032980856357567,-0.006147329824934007,
GSE101526,0.0017032980856357567,-0.006147329824934007,
GSE101547,0.0017032980856357567,-0.006147329824934007,
GSE101558,0.0017032980856357567,-0.006147329824934007,
GSE101565,0.0017032980856357567,-0.006147329824934007,
GSE101628,0.0017032980856357567,-0.006147329824934007,
GSE101871,0.0017032980856357567,-0.006147329824934007,
GSE101638,0.0017032980856357567,-0.006147329824934007,
GSE101655,0.0017032980856357567,-0.006147329824934007,
GSE101661,0.0017032980856357567,-0.006147329824934007,
GSE101665,0.0017032980856357567,-0.006147329824934007,
GSE101668,0.0017032980856357567,-0.006147329824934007,
GSE101691,0.0017032980856357567,-0.006147329824934007,
GSE101705,0.0017032980856357567,-0.006147329824934007,
GSE101708,0.0017032980856357567,-0.006147329824934007,
GSE101738,0.0017032980856357567,-0.006147329824934007,
GSE101754,0.0017032980856357567,-0.006147329824934007,
GSE101756,0.0017032980856357567,-0.006147329824934007,
GSE101770,0.0017032980856357567,-0.006147329824934007,
GSE101799,0.0017032980856357567,-0.006147329824934007,
GSE101629,0.0017032980856357567,-0.006147329824934007,
GSE115650,0.0017032980856357567,-0.006147329824934007,
GSE115770,0.0017032980856357567,-0.006147329824934007,
GSE115795,0.0017032980856357567,-0.006147329824934007,
GSE115823,0.0017032980856357567,-0.006147329824934007,
GSE115831,0.0017032980856357567,-0.006147329824934007,
GSE115938,0.0017032980856357567,-0.006147329824934007,
GSE115941,0.0017032980856357567,-0.006147329824934007,
GSE116346,0.0017032980856357567,-0.006147329824934007,
GSE117123,0.0017032980856357567,-0.006147329824934007,
GSE117469,0.0017032980856357567,-0.006147329824934007,
GSE117588,0.0017032980856357567,-0.006147329824934007,
GSE117622,0.0017032980856357567,-0.006147329824934007,
GSE105022,0.0017032980856357567,-0.006147329824934007,
GSE118158,0.0017032980856357567,-0.006147329824934007,
GSE118530,0.0017032980856357567,-0.006147329824934007,
GSE118644,0.0017032980856357567,-0.006147329824934007,
GSE118808,0.0017032980856357567,-0.006147329824934007,
GSE119265,0.0017032980856357567,-0.006147329824934007,
GSE119587,0.0017032980856357567,-0.006147329824934007,
GSE119669,0.0017032980856357567,-0.006147329824934007,
GSE119794,0.0017032980856357567,-0.006147329824934007,
GSE120297,0.0017032980856357567,-0.006147329824934007,
GSE120306,0.0017032980856357567,-0.006147329824934007,
GSE120890,0.0017032980856357567,-0.006147329824934007,
GSE120891,0.0017032980856357567,-0.006147329824934007,
GSE117632,0.0017032980856357567,-0.006147329824934007,
GSE109708,0.0017032980856357567,-0.006147329824934007,
GSE109795,0.0017032980856357567,-0.006147329824934007,
GSE109843,0.0017032980856357567,-0.006147329824934007,
GSE110278,0.0017032980856357567,-0.006147329824934007,
GSE110999,0.0017032980856357567,-0.006147329824934007,
GSE111036,0.0017032980856357567,-0.006147329824934007,
GSE111049,0.0017032980856357567,-0.006147329824934007,
GSE111203,0.0017032980856357567,-0.006147329824934007,
GSE111520,0.0017032980856357567,-0.006147329824934007,
GSE112295,0.0017032980856357567,-0.006147329824934007,
GSE112557,0.0017032980856357567,-0.006147329824934007,
GSE113098,0.0017032980856357567,-0.006147329824934007,
GSE115575,0.0017032980856357567,-0.006147329824934007,
GSE113215,0.0017032980856357567,-0.006147329824934007,
GSE113386,0.0017032980856357567,-0.006147329824934007,
GSE113519,0.0017032980856357567,-0.006147329824934007,
GSE113695,0.0017032980856357567,-0.006147329824934007,
GSE113907,0.0017032980856357567,-0.006147329824934007,
GSE113964,0.0017032980856357567,-0.006147329824934007,
GSE114069,0.0017032980856357567,-0.006147329824934007,
GSE114725,0.0017032980856357567,-0.006147329824934007,
GSE114885,0.0017032980856357567,-0.006147329824934007,
GSE114976,0.0017032980856357567,-0.006147329824934007,
GSE115259,0.0017032980856357567,-0.006147329824934007,
GSE115390,0.0017032980856357567,-0.006147329824934007,
GSE113185,0.0017032980856357567,-0.006147329824934007,
GSE19323,0.0017032980856357567,-0.006147329824934007,
GSE19373,0.0017032980856357567,-0.006147329824934007,
GSE19466,0.0017032980856357567,-0.006147329824934007,
GSE19480,0.0017032980856357567,-0.006147329824934007,
GSE19481,0.0017032980856357567,-0.006147329824934007,
GSE20116,0.0017032980856357567,-0.006147329824934007,
GSE20301,0.0017032980856357567,-0.006147329824934007,
GSE21918,0.0017032980856357567,-0.006147329824934007,
GSE22260,0.0017032980856357567,-0.006147329824934007,
GSE22666,0.0017032980856357567,-0.006147329824934007,
GSE22917,0.0017032980856357567,-0.006147329824934007,
GSE22932,0.0017032980856357567,-0.006147329824934007,
GSE121425,0.0017032980856357567,-0.006147329824934007,
GSE24283,0.0017032980856357567,-0.006147329824934007,
GSE24355,0.0017032980856357567,-0.006147329824934007,
GSE24455,0.0017032980856357567,-0.006147329824934007,
GSE24491,0.0017032980856357567,-0.006147329824934007,
GSE25133,0.0017032980856357567,-0.006147329824934007,
GSE25183,0.0017032980856357567,-0.006147329824934007,
GSE25291,0.0017032980856357567,-0.006147329824934007,
GSE25842,0.0017032980856357567,-0.006147329824934007,
GSE25882,0.0017032980856357567,-0.006147329824934007,
GSE25932,0.0017032980856357567,-0.006147329824934007,
GSE26140,0.0017032980856357567,-0.006147329824934007,
GSE26463,0.0017032980856357567,-0.006147329824934007,
GSE23109,0.0017032980856357567,-0.006147329824934007,
GSE122093,0.0017032980856357567,-0.006147329824934007,
GSE122383,0.0017032980856357567,-0.006147329824934007,
GSE122550,0.0017032980856357567,-0.006147329824934007,
GSE122818,0.0017032980856357567,-0.006147329824934007,
GSE122953,0.0017032980856357567,-0.006147329824934007,
GSE123029,0.0017032980856357567,-0.006147329824934007,
GSE123649,0.0017032980856357567,-0.006147329824934007,
GSE124282,0.0017032980856357567,-0.006147329824934007,
GSE124586,0.0017032980856357567,-0.006147329824934007,
GSE125506,0.0017032980856357567,-0.006147329824934007,
GSE125522,0.0017032980856357567,-0.006147329824934007,
GSE125577,0.0017032980856357567,-0.006147329824934007,
GSE19166,0.0017032980856357567,-0.006147329824934007,
GSE125642,0.0017032980856357567,-0.006147329824934007,
GSE125686,0.0017032980856357567,-0.006147329824934007,
GSE125778,0.0017032980856357567,-0.006147329824934007,
GSE125802,0.0017032980856357567,-0.006147329824934007,
GSE125862,0.0017032980856357567,-0.006147329824934007,
GSE125892,0.0017032980856357567,-0.006147329824934007,
GSE125966,0.0017032980856357567,-0.006147329824934007,
GSE126007,0.0017032980856357567,-0.006147329824934007,
GSE126250,0.0017032980856357567,-0.006147329824934007,
GSE15780,0.0017032980856357567,-0.006147329824934007,
GSE16642,0.0017032980856357567,-0.006147329824934007,
GSE17403,0.0017032980856357567,-0.006147329824934007,
GSE18156,0.0017032980856357567,-0.006147329824934007,
GSE125629,0.0017032980856357567,-0.006147329824934007,
GSE106605,0.0017032980856357567,-0.006147329824934007,
GSE106681,0.0017032980856357567,-0.006147329824934007,
GSE106694,0.0017032980856357567,-0.006147329824934007,
GSE106696,0.0017032980856357567,-0.006147329824934007,
GSE106804,0.0017032980856357567,-0.006147329824934007,
GSE106844,0.0017032980856357567,-0.006147329824934007,
GSE106847,0.0017032980856357567,-0.006147329824934007,
GSE106885,0.0017032980856357567,-0.006147329824934007,
GSE106917,0.0017032980856357567,-0.006147329824934007,
GSE106984,0.0017032980856357567,-0.006147329824934007,
GSE106989,0.0017032980856357567,-0.006147329824934007,
GSE106991,0.0017032980856357567,-0.006147329824934007,
GSE109702,0.0017032980856357567,-0.006147329824934007,
GSE107029,0.0017032980856357567,-0.006147329824934007,
GSE107030,0.0017032980856357567,-0.006147329824934007,
GSE107096,0.0017032980856357567,-0.006147329824934007,
GSE107149,0.0017032980856357567,-0.006147329824934007,
GSE107173,0.0017032980856357567,-0.006147329824934007,
GSE107181,0.0017032980856357567,-0.006147329824934007,
GSE107196,0.0017032980856357567,-0.006147329824934007,
GSE107218,0.0017032980856357567,-0.006147329824934007,
GSE107245,0.0017032980856357567,-0.006147329824934007,
GSE107307,0.0017032980856357567,-0.006147329824934007,
GSE107363,0.0017032980856357567,-0.006147329824934007,
GSE107542,0.0017032980856357567,-0.006147329824934007,
GSE107006,0.0017032980856357567,-0.006147329824934007,
GSE105039,0.0017032980856357567,-0.006147329824934007,
GSE105064,0.0017032980856357567,-0.006147329824934007,
GSE105083,0.0017032980856357567,-0.006147329824934007,
GSE105137,0.0017032980856357567,-0.006147329824934007,
GSE105142,0.0017032980856357567,-0.006147329824934007,
GSE105216,0.0017032980856357567,-0.006147329824934007,
GSE105248,0.0017032980856357567,-0.006147329824934007,
GSE105783,0.0017032980856357567,-0.006147329824934007,
GSE105884,0.0017032980856357567,-0.006147329824934007,
GSE106092,0.0017032980856357567,-0.006147329824934007,
GSE106118,0.0017032980856357567,-0.006147329824934007,
GSE106148,0.0017032980856357567,-0.006147329824934007,
GSE106545,0.0017032980856357567,-0.006147329824934007,
GSE106261,0.0017032980856357567,-0.006147329824934007,
GSE106289,0.0017032980856357567,-0.006147329824934007,
GSE106292,0.0017032980856357567,-0.006147329824934007,
GSE106336,0.0017032980856357567,-0.006147329824934007,
GSE106338,0.0017032980856357567,-0.006147329824934007,
GSE106387,0.0017032980856357567,-0.006147329824934007,
GSE106391,0.0017032980856357567,-0.006147329824934007,
GSE106393,0.0017032980856357567,-0.006147329824934007,
GSE106394,0.0017032980856357567,-0.006147329824934007,
GSE106520,0.0017032980856357567,-0.006147329824934007,
GSE106540,0.0017032980856357567,-0.006147329824934007,
GSE106542,0.0017032980856357567,-0.006147329824934007,
GSE106170,0.0017032980856357567,-0.006147329824934007,
GSE108526,0.0017032980856357567,-0.006147329824934007,
GSE108571,0.0017032980856357567,-0.006147329824934007,
GSE108643,0.0017032980856357567,-0.006147329824934007,
GSE108763,0.0017032980856357567,-0.006147329824934007,
GSE108883,0.0017032980856357567,-0.006147329824934007,
GSE108905,0.0017032980856357567,-0.006147329824934007,
GSE108923,0.0017032980856357567,-0.006147329824934007,
GSE108971,0.0017032980856357567,-0.006147329824934007,
GSE109028,0.0017032980856357567,-0.006147329824934007,
GSE109072,0.0017032980856357567,-0.006147329824934007,
GSE109082,0.0017032980856357567,-0.006147329824934007,
GSE109108,0.0017032980856357567,-0.006147329824934007,
GSE107574,0.0017032980856357567,-0.006147329824934007,
GSE109142,0.0017032980856357567,-0.006147329824934007,
GSE109185,0.0017032980856357567,-0.006147329824934007,
GSE109313,0.0017032980856357567,-0.006147329824934007,
GSE109373,0.0017032980856357567,-0.006147329824934007,
GSE109419,0.0017032980856357567,-0.006147329824934007,
GSE109463,0.0017032980856357567,-0.006147329824934007,
GSE109483,0.0017032980856357567,-0.006147329824934007,
GSE109484,0.0017032980856357567,-0.006147329824934007,
GSE109620,0.0017032980856357567,-0.006147329824934007,
GSE109673,0.0017032980856357567,-0.006147329824934007,
GSE109683,0.0017032980856357567,-0.006147329824934007,
GSE109686,0.0017032980856357567,-0.006147329824934007,
GSE109140,0.0017032980856357567,-0.006147329824934007,
GSE107581,0.0017032980856357567,-0.006147329824934007,
GSE107590,0.0017032980856357567,-0.006147329824934007,
GSE107601,0.0017032980856357567,-0.006147329824934007,
GSE107649,0.0017032980856357567,-0.006147329824934007,
GSE107654,0.0017032980856357567,-0.006147329824934007,
GSE107680,0.0017032980856357567,-0.006147329824934007,
GSE107762,0.0017032980856357567,-0.006147329824934007,
GSE107821,0.0017032980856357567,-0.006147329824934007,
GSE107848,0.0017032980856357567,-0.006147329824934007,
GSE107871,0.0017032980856357567,-0.006147329824934007,
GSE107894,0.0017032980856357567,-0.006147329824934007,
GSE107898,0.0017032980856357567,-0.006147329824934007,
GSE108495,0.0017032980856357567,-0.006147329824934007,
GSE108003,0.0017032980856357567,-0.006147329824934007,
GSE108013,0.0017032980856357567,-0.006147329824934007,
GSE108023,0.0017032980856357567,-0.006147329824934007,
GSE108072,0.0017032980856357567,-0.006147329824934007,
GSE108094,0.0017032980856357567,-0.006147329824934007,
GSE108111,0.0017032980856357567,-0.006147329824934007,
GSE108140,0.0017032980856357567,-0.006147329824934007,
GSE108308,0.0017032980856357567,-0.006147329824934007,
GSE108313,0.0017032980856357567,-0.006147329824934007,
GSE108366,0.0017032980856357567,-0.006147329824934007,
GSE108391,0.0017032980856357567,-0.006147329824934007,
GSE108444,0.0017032980856357567,-0.006147329824934007,
GSE108465,0.0017032980856357567,-0.006147329824934007,
GSE107923,0.0017032980856357567,-0.006147329824934007,
GSE65518,0.0017032980856357567,-0.006147329824934007,
GSE65540,0.0017032980856357567,-0.006147329824934007,
GSE65545,0.0017032980856357567,-0.006147329824934007,
GSE65634,0.0017032980856357567,-0.006147329824934007,
GSE65644,0.0017032980856357567,-0.006147329824934007,
GSE65655,0.0017032980856357567,-0.006147329824934007,
GSE65683,0.0017032980856357567,-0.006147329824934007,
GSE65688,0.0017032980856357567,-0.006147329824934007,
GSE65705,0.0017032980856357567,-0.006147329824934007,
GSE65761,0.0017032980856357567,-0.006147329824934007,
GSE65778,0.0017032980856357567,-0.006147329824934007,
GSE65830,0.0017032980856357567,-0.006147329824934007,
GSE52716,0.0017032980856357567,-0.006147329824934007,
GSE65838,0.0017032980856357567,-0.006147329824934007,
GSE65885,0.0017032980856357567,-0.006147329824934007,
GSE65912,0.0017032980856357567,-0.006147329824934007,
GSE65943,0.0017032980856357567,-0.006147329824934007,
GSE65949,0.0017032980856357567,-0.006147329824934007,
GSE65952,0.0017032980856357567,-0.006147329824934007,
GSE65991,0.0017032980856357567,-0.006147329824934007,
GSE65996,0.0017032980856357567,-0.006147329824934007,
GSE65999,0.0017032980856357567,-0.006147329824934007,
GSE66014,0.0017032980856357567,-0.006147329824934007,
GSE66036,0.0017032980856357567,-0.006147329824934007,
GSE66053,0.0017032980856357567,-0.006147329824934007,
GSE65832,0.0017032980856357567,-0.006147329824934007,
GSE64850,0.0017032980856357567,-0.006147329824934007,
GSE64854,0.0017032980856357567,-0.006147329824934007,
GSE64882,0.0017032980856357567,-0.006147329824934007,
GSE64912,0.0017032980856357567,-0.006147329824934007,
GSE64962,0.0017032980856357567,-0.006147329824934007,
GSE65030,0.0017032980856357567,-0.006147329824934007,
GSE65039,0.0017032980856357567,-0.006147329824934007,
GSE65099,0.0017032980856357567,-0.006147329824934007,
GSE65105,0.0017032980856357567,-0.006147329824934007,
GSE65107,0.0017032980856357567,-0.006147329824934007,
GSE65112,0.0017032980856357567,-0.006147329824934007,
GSE65131,0.0017032980856357567,-0.006147329824934007,
GSE65515,0.0017032980856357567,-0.006147329824934007,
GSE65193,0.0017032980856357567,-0.006147329824934007,
GSE65235,0.0017032980856357567,-0.006147329824934007,
GSE65335,0.0017032980856357567,-0.006147329824934007,
GSE65354,0.0017032980856357567,-0.006147329824934007,
GSE65420,0.0017032980856357567,-0.006147329824934007,
GSE65446,0.0017032980856357567,-0.006147329824934007,
GSE65469,0.0017032980856357567,-0.006147329824934007,
GSE65473,0.0017032980856357567,-0.006147329824934007,
GSE65481,0.0017032980856357567,-0.006147329824934007,
GSE65485,0.0017032980856357567,-0.006147329824934007,
GSE65507,0.0017032980856357567,-0.006147329824934007,
GSE65508,0.0017032980856357567,-0.006147329824934007,
GSE65185,0.0017032980856357567,-0.006147329824934007,
GSE66511,0.0017032980856357567,-0.006147329824934007,
GSE66539,0.0017032980856357567,-0.006147329824934007,
GSE66550,0.0017032980856357567,-0.006147329824934007,
GSE66553,0.0017032980856357567,-0.006147329824934007,
GSE66556,0.0017032980856357567,-0.006147329824934007,
GSE66573,0.0017032980856357567,-0.006147329824934007,
GSE66590,0.0017032980856357567,-0.006147329824934007,
GSE66592,0.0017032980856357567,-0.006147329824934007,
GSE66593,0.0017032980856357567,-0.006147329824934007,
GSE66622,0.0017032980856357567,-0.006147329824934007,
GSE66627,0.0017032980856357567,-0.006147329824934007,
GSE66719,0.0017032980856357567,-0.006147329824934007,
GSE66086,0.0017032980856357567,-0.006147329824934007,
GSE66741,0.0017032980856357567,-0.006147329824934007,
GSE66742,0.0017032980856357567,-0.006147329824934007,
GSE66755,0.0017032980856357567,-0.006147329824934007,
GSE66763,0.0017032980856357567,-0.006147329824934007,
GSE66767,0.0017032980856357567,-0.006147329824934007,
GSE66769,0.0017032980856357567,-0.006147329824934007,
GSE66777,0.0017032980856357567,-0.006147329824934007,
GSE66789,0.0017032980856357567,-0.006147329824934007,
GSE66798,0.0017032980856357567,-0.006147329824934007,
GSE66809,0.0017032980856357567,-0.006147329824934007,
GSE66859,0.0017032980856357567,-0.006147329824934007,
GSE66876,0.0017032980856357567,-0.006147329824934007,
GSE66727,0.0017032980856357567,-0.006147329824934007,
GSE66117,0.0017032980856357567,-0.006147329824934007,
GSE66135,0.0017032980856357567,-0.006147329824934007,
GSE66148,0.0017032980856357567,-0.006147329824934007,
GSE66155,0.0017032980856357567,-0.006147329824934007,
GSE66158,0.0017032980856357567,-0.006147329824934007,
GSE66182,0.0017032980856357567,-0.006147329824934007,
GSE66200,0.0017032980856357567,-0.006147329824934007,
GSE66207,0.0017032980856357567,-0.006147329824934007,
GSE66216,0.0017032980856357567,-0.006147329824934007,
GSE66217,0.0017032980856357567,-0.006147329824934007,
GSE66228,0.0017032980856357567,-0.006147329824934007,
GSE66238,0.0017032980856357567,-0.006147329824934007,
GSE66507,0.0017032980856357567,-0.006147329824934007,
GSE66250,0.0017032980856357567,-0.006147329824934007,
GSE66261,0.0017032980856357567,-0.006147329824934007,
GSE66301,0.0017032980856357567,-0.006147329824934007,
GSE66304,0.0017032980856357567,-0.006147329824934007,
GSE66306,0.0017032980856357567,-0.006147329824934007,
GSE66357,0.0017032980856357567,-0.006147329824934007,
GSE66385,0.0017032980856357567,-0.006147329824934007,
GSE66388,0.0017032980856357567,-0.006147329824934007,
GSE66412,0.0017032980856357567,-0.006147329824934007,
GSE66430,0.0017032980856357567,-0.006147329824934007,
GSE66446,0.0017032980856357567,-0.006147329824934007,
GSE66478,0.0017032980856357567,-0.006147329824934007,
GSE66506,0.0017032980856357567,-0.006147329824934007,
GSE66249,0.0017032980856357567,-0.006147329824934007,
GSE63420,0.0017032980856357567,-0.006147329824934007,
GSE63452,0.0017032980856357567,-0.006147329824934007,
GSE63475,0.0017032980856357567,-0.006147329824934007,
GSE63485,0.0017032980856357567,-0.006147329824934007,
GSE63487,0.0017032980856357567,-0.006147329824934007,
GSE63496,0.0017032980856357567,-0.006147329824934007,
GSE63511,0.0017032980856357567,-0.006147329824934007,
GSE63513,0.0017032980856357567,-0.006147329824934007,
GSE63537,0.0017032980856357567,-0.006147329824934007,
GSE63546,0.0017032980856357567,-0.006147329824934007,
GSE63555,0.0017032980856357567,-0.006147329824934007,
GSE63569,0.0017032980856357567,-0.006147329824934007,
GSE64813,0.0017032980856357567,-0.006147329824934007,
GSE63577,0.0017032980856357567,-0.006147329824934007,
GSE63582,0.0017032980856357567,-0.006147329824934007,
GSE63602,0.0017032980856357567,-0.006147329824934007,
GSE63608,0.0017032980856357567,-0.006147329824934007,
GSE63609,0.0017032980856357567,-0.006147329824934007,
GSE63634,0.0017032980856357567,-0.006147329824934007,
GSE63646,0.0017032980856357567,-0.006147329824934007,
GSE63700,0.0017032980856357567,-0.006147329824934007,
GSE63703,0.0017032980856357567,-0.006147329824934007,
GSE63721,0.0017032980856357567,-0.006147329824934007,
GSE63733,0.0017032980856357567,-0.006147329824934007,
GSE63734,0.0017032980856357567,-0.006147329824934007,
GSE63570,0.0017032980856357567,-0.006147329824934007,
GSE63034,0.0017032980856357567,-0.006147329824934007,
GSE63055,0.0017032980856357567,-0.006147329824934007,
GSE63079,0.0017032980856357567,-0.006147329824934007,
GSE63085,0.0017032980856357567,-0.006147329824934007,
GSE63086,0.0017032980856357567,-0.006147329824934007,
GSE63091,0.0017032980856357567,-0.006147329824934007,
GSE63122,0.0017032980856357567,-0.006147329824934007,
GSE63124,0.0017032980856357567,-0.006147329824934007,
GSE63144,0.0017032980856357567,-0.006147329824934007,
GSE63161,0.0017032980856357567,-0.006147329824934007,
GSE63183,0.0017032980856357567,-0.006147329824934007,
GSE63189,0.0017032980856357567,-0.006147329824934007,
GSE63397,0.0017032980856357567,-0.006147329824934007,
GSE63234,0.0017032980856357567,-0.006147329824934007,
GSE63265,0.0017032980856357567,-0.006147329824934007,
GSE63283,0.0017032980856357567,-0.006147329824934007,
GSE63288,0.0017032980856357567,-0.006147329824934007,
GSE63311,0.0017032980856357567,-0.006147329824934007,
GSE63314,0.0017032980856357567,-0.006147329824934007,
GSE63344,0.0017032980856357567,-0.006147329824934007,
GSE63346,0.0017032980856357567,-0.006147329824934007,
GSE63356,0.0017032980856357567,-0.006147329824934007,
GSE63375,0.0017032980856357567,-0.006147329824934007,
GSE63381,0.0017032980856357567,-0.006147329824934007,
GSE63392,0.0017032980856357567,-0.006147329824934007,
GSE63190,0.0017032980856357567,-0.006147329824934007,
GSE64367,0.0017032980856357567,-0.006147329824934007,
GSE64413,0.0017032980856357567,-0.006147329824934007,
GSE64417,0.0017032980856357567,-0.006147329824934007,
GSE64451,0.0017032980856357567,-0.006147329824934007,
GSE64471,0.0017032980856357567,-0.006147329824934007,
GSE64486,0.0017032980856357567,-0.006147329824934007,
GSE64513,0.0017032980856357567,-0.006147329824934007,
GSE64529,0.0017032980856357567,-0.006147329824934007,
GSE64550,0.0017032980856357567,-0.006147329824934007,
GSE64553,0.0017032980856357567,-0.006147329824934007,
GSE64558,0.0017032980856357567,-0.006147329824934007,
GSE64588,0.0017032980856357567,-0.006147329824934007,
GSE63738,0.0017032980856357567,-0.006147329824934007,
GSE64615,0.0017032980856357567,-0.006147329824934007,
GSE64642,0.0017032980856357567,-0.006147329824934007,
GSE64655,0.0017032980856357567,-0.006147329824934007,
GSE64677,0.0017032980856357567,-0.006147329824934007,
GSE64693,0.0017032980856357567,-0.006147329824934007,
GSE64712,0.0017032980856357567,-0.006147329824934007,
GSE64713,0.0017032980856357567,-0.006147329824934007,
GSE64741,0.0017032980856357567,-0.006147329824934007,
GSE64752,0.0017032980856357567,-0.006147329824934007,
GSE64795,0.0017032980856357567,-0.006147329824934007,
GSE64801,0.0017032980856357567,-0.006147329824934007,
GSE64810,0.0017032980856357567,-0.006147329824934007,
GSE64590,0.0017032980856357567,-0.006147329824934007,
GSE63744,0.0017032980856357567,-0.006147329824934007,
GSE63755,0.0017032980856357567,-0.006147329824934007,
GSE63764,0.0017032980856357567,-0.006147329824934007,
GSE63776,0.0017032980856357567,-0.006147329824934007,
GSE63797,0.0017032980856357567,-0.006147329824934007,
GSE63807,0.0017032980856357567,-0.006147329824934007,
GSE63816,0.0017032980856357567,-0.006147329824934007,
GSE63840,0.0017032980856357567,-0.006147329824934007,
GSE63863,0.0017032980856357567,-0.006147329824934007,
GSE63887,0.0017032980856357567,-0.006147329824934007,
GSE63950,0.0017032980856357567,-0.006147329824934007,
GSE63953,0.0017032980856357567,-0.006147329824934007,
GSE64332,0.0017032980856357567,-0.006147329824934007,
GSE63979,0.0017032980856357567,-0.006147329824934007,
GSE64017,0.0017032980856357567,-0.006147329824934007,
GSE64025,0.0017032980856357567,-0.006147329824934007,
GSE64032,0.0017032980856357567,-0.006147329824934007,
GSE64082,0.0017032980856357567,-0.006147329824934007,
GSE64098,0.0017032980856357567,-0.006147329824934007,
GSE64113,0.0017032980856357567,-0.006147329824934007,
GSE64179,0.0017032980856357567,-0.006147329824934007,
GSE64182,0.0017032980856357567,-0.006147329824934007,
GSE64185,0.0017032980856357567,-0.006147329824934007,
GSE64233,0.0017032980856357567,-0.006147329824934007,
GSE64283,0.0017032980856357567,-0.006147329824934007,
GSE64317,0.0017032980856357567,-0.006147329824934007,
GSE63966,0.0017032980856357567,-0.006147329824934007,
GSE69687,0.0017032980856357567,-0.006147329824934007,
GSE69692,0.0017032980856357567,-0.006147329824934007,
GSE69735,0.0017032980856357567,-0.006147329824934007,
GSE69737,0.0017032980856357567,-0.006147329824934007,
GSE69787,0.0017032980856357567,-0.006147329824934007,
GSE69790,0.0017032980856357567,-0.006147329824934007,
GSE69797,0.0017032980856357567,-0.006147329824934007,
GSE69822,0.0017032980856357567,-0.006147329824934007,
GSE69827,0.0017032980856357567,-0.006147329824934007,
GSE69842,0.0017032980856357567,-0.006147329824934007,
GSE69876,0.0017032980856357567,-0.006147329824934007,
GSE69896,0.0017032980856357567,-0.006147329824934007,
GSE66879,0.0017032980856357567,-0.006147329824934007,
GSE69906,0.0017032980856357567,-0.006147329824934007,
GSE69982,0.0017032980856357567,-0.006147329824934007,
GSE70000,0.0017032980856357567,-0.006147329824934007,
GSE70050,0.0017032980856357567,-0.006147329824934007,
GSE70061,0.0017032980856357567,-0.006147329824934007,
GSE70068,0.0017032980856357567,-0.006147329824934007,
GSE70078,0.0017032980856357567,-0.006147329824934007,
GSE70084,0.0017032980856357567,-0.006147329824934007,
GSE70089,0.0017032980856357567,-0.006147329824934007,
GSE70101,0.0017032980856357567,-0.006147329824934007,
GSE70106,0.0017032980856357567,-0.006147329824934007,
GSE70150,0.0017032980856357567,-0.006147329824934007,
GSE69905,0.0017032980856357567,-0.006147329824934007,
GSE69312,0.0017032980856357567,-0.006147329824934007,
GSE69319,0.0017032980856357567,-0.006147329824934007,
GSE69333,0.0017032980856357567,-0.006147329824934007,
GSE69352,0.0017032980856357567,-0.006147329824934007,
GSE69360,0.0017032980856357567,-0.006147329824934007,
GSE69383,0.0017032980856357567,-0.006147329824934007,
GSE69415,0.0017032980856357567,-0.006147329824934007,
GSE69420,0.0017032980856357567,-0.006147329824934007,
GSE69434,0.0017032980856357567,-0.006147329824934007,
GSE69446,0.0017032980856357567,-0.006147329824934007,
GSE69471,0.0017032980856357567,-0.006147329824934007,
GSE69476,0.0017032980856357567,-0.006147329824934007,
GSE69678,0.0017032980856357567,-0.006147329824934007,
GSE69511,0.0017032980856357567,-0.006147329824934007,
GSE69549,0.0017032980856357567,-0.006147329824934007,
GSE69567,0.0017032980856357567,-0.006147329824934007,
GSE69596,0.0017032980856357567,-0.006147329824934007,
GSE69599,0.0017032980856357567,-0.006147329824934007,
GSE69602,0.0017032980856357567,-0.006147329824934007,
GSE69604,0.0017032980856357567,-0.006147329824934007,
GSE69618,0.0017032980856357567,-0.006147329824934007,
GSE69622,0.0017032980856357567,-0.006147329824934007,
GSE69626,0.0017032980856357567,-0.006147329824934007,
GSE69637,0.0017032980856357567,-0.006147329824934007,
GSE69667,0.0017032980856357567,-0.006147329824934007,
GSE69506,0.0017032980856357567,-0.006147329824934007,
GSE70874,0.0017032980856357567,-0.006147329824934007,
GSE70909,0.0017032980856357567,-0.006147329824934007,
GSE70926,0.0017032980856357567,-0.006147329824934007,
GSE70935,0.0017032980856357567,-0.006147329824934007,
GSE70959,0.0017032980856357567,-0.006147329824934007,
GSE70968,0.0017032980856357567,-0.006147329824934007,
GSE71009,0.0017032980856357567,-0.006147329824934007,
GSE100709,0.0017032980856357567,-0.006147329824934007,
GSE71058,0.0017032980856357567,-0.006147329824934007,
GSE71070,0.0017032980856357567,-0.006147329824934007,
GSE71095,0.0017032980856357567,-0.006147329824934007,
GSE71100,0.0017032980856357567,-0.006147329824934007,
GSE70230,0.0017032980856357567,-0.006147329824934007,
GSE71139,0.0017032980856357567,-0.006147329824934007,
GSE71164,0.0017032980856357567,-0.006147329824934007,
GSE71191,0.0017032980856357567,-0.006147329824934007,
GSE71203,0.0017032980856357567,-0.006147329824934007,
GSE71204,0.0017032980856357567,-0.006147329824934007,
GSE71208,0.0017032980856357567,-0.006147329824934007,
GSE71216,0.0017032980856357567,-0.006147329824934007,
GSE71247,0.0017032980856357567,-0.006147329824934007,
GSE71261,0.0017032980856357567,-0.006147329824934007,
GSE71275,0.0017032980856357567,-0.006147329824934007,
GSE71284,0.0017032980856357567,-0.006147329824934007,
GSE71289,0.0017032980856357567,-0.006147329824934007,
GSE71120,0.0017032980856357567,-0.006147329824934007,
GSE70285,0.0017032980856357567,-0.006147329824934007,
GSE70330,0.0017032980856357567,-0.006147329824934007,
GSE70373,0.0017032980856357567,-0.006147329824934007,
GSE70380,0.0017032980856357567,-0.006147329824934007,
GSE70390,0.0017032980856357567,-0.006147329824934007,
GSE70404,0.0017032980856357567,-0.006147329824934007,
GSE70462,0.0017032980856357567,-0.006147329824934007,
GSE70503,0.0017032980856357567,-0.006147329824934007,
GSE70513,0.0017032980856357567,-0.006147329824934007,
GSE70537,0.0017032980856357567,-0.006147329824934007,
GSE70544,0.0017032980856357567,-0.006147329824934007,
GSE70602,0.0017032980856357567,-0.006147329824934007,
GSE70871,0.0017032980856357567,-0.006147329824934007,
GSE70665,0.0017032980856357567,-0.006147329824934007,
GSE70668,0.0017032980856357567,-0.006147329824934007,
GSE70674,0.0017032980856357567,-0.006147329824934007,
GSE70685,0.0017032980856357567,-0.006147329824934007,
GSE70694,0.0017032980856357567,-0.006147329824934007,
GSE70741,0.0017032980856357567,-0.006147329824934007,
GSE70767,0.0017032980856357567,-0.006147329824934007,
GSE70785,0.0017032980856357567,-0.006147329824934007,
GSE70803,0.0017032980856357567,-0.006147329824934007,
GSE70810,0.0017032980856357567,-0.006147329824934007,
GSE70830,0.0017032980856357567,-0.006147329824934007,
GSE70831,0.0017032980856357567,-0.006147329824934007,
GSE70833,0.0017032980856357567,-0.006147329824934007,
GSE70620,0.0017032980856357567,-0.006147329824934007,
GSE67528,0.0017032980856357567,-0.006147329824934007,
GSE67540,0.0017032980856357567,-0.006147329824934007,
GSE67543,0.0017032980856357567,-0.006147329824934007,
GSE67617,0.0017032980856357567,-0.006147329824934007,
GSE67645,0.0017032980856357567,-0.006147329824934007,
GSE67713,0.0017032980856357567,-0.006147329824934007,
GSE67770,0.0017032980856357567,-0.006147329824934007,
GSE67785,0.0017032980856357567,-0.006147329824934007,
GSE67812,0.0017032980856357567,-0.006147329824934007,
GSE67844,0.0017032980856357567,-0.006147329824934007,
GSE67848,0.0017032980856357567,-0.006147329824934007,
GSE67866,0.0017032980856357567,-0.006147329824934007,
GSE69308,0.0017032980856357567,-0.006147329824934007,
GSE67898,0.0017032980856357567,-0.006147329824934007,
GSE67902,0.0017032980856357567,-0.006147329824934007,
GSE67915,0.0017032980856357567,-0.006147329824934007,
GSE67931,0.0017032980856357567,-0.006147329824934007,
GSE67939,0.0017032980856357567,-0.006147329824934007,
GSE67945,0.0017032980856357567,-0.006147329824934007,
GSE67994,0.0017032980856357567,-0.006147329824934007,
GSE68005,0.0017032980856357567,-0.006147329824934007,
GSE68027,0.0017032980856357567,-0.006147329824934007,
GSE68039,0.0017032980856357567,-0.006147329824934007,
GSE68040,0.0017032980856357567,-0.006147329824934007,
GSE68042,0.0017032980856357567,-0.006147329824934007,
GSE67892,0.0017032980856357567,-0.006147329824934007,
GSE66895,0.0017032980856357567,-0.006147329824934007,
GSE66917,0.0017032980856357567,-0.006147329824934007,
GSE66927,0.0017032980856357567,-0.006147329824934007,
GSE66928,0.0017032980856357567,-0.006147329824934007,
GSE66962,0.0017032980856357567,-0.006147329824934007,
GSE66993,0.0017032980856357567,-0.006147329824934007,
GSE67041,0.0017032980856357567,-0.006147329824934007,
GSE67070,0.0017032980856357567,-0.006147329824934007,
GSE67073,0.0017032980856357567,-0.006147329824934007,
GSE67109,0.0017032980856357567,-0.006147329824934007,
GSE67122,0.0017032980856357567,-0.006147329824934007,
GSE67124,0.0017032980856357567,-0.006147329824934007,
GSE67519,0.0017032980856357567,-0.006147329824934007,
GSE67141,0.0017032980856357567,-0.006147329824934007,
GSE67174,0.0017032980856357567,-0.006147329824934007,
GSE67196,0.0017032980856357567,-0.006147329824934007,
GSE67237,0.0017032980856357567,-0.006147329824934007,
GSE67240,0.0017032980856357567,-0.006147329824934007,
GSE67250,0.0017032980856357567,-0.006147329824934007,
GSE67295,0.0017032980856357567,-0.006147329824934007,
GSE67333,0.0017032980856357567,-0.006147329824934007,
GSE67382,0.0017032980856357567,-0.006147329824934007,
GSE67427,0.0017032980856357567,-0.006147329824934007,
GSE67447,0.0017032980856357567,-0.006147329824934007,
GSE67488,0.0017032980856357567,-0.006147329824934007,
GSE67128,0.0017032980856357567,-0.006147329824934007,
GSE68799,0.0017032980856357567,-0.006147329824934007,
GSE68800,0.0017032980856357567,-0.006147329824934007,
GSE68815,0.0017032980856357567,-0.006147329824934007,
GSE68872,0.0017032980856357567,-0.006147329824934007,
GSE68873,0.0017032980856357567,-0.006147329824934007,
GSE68919,0.0017032980856357567,-0.006147329824934007,
GSE68925,0.0017032980856357567,-0.006147329824934007,
GSE68938,0.0017032980856357567,-0.006147329824934007,
GSE68987,0.0017032980856357567,-0.006147329824934007,
GSE69021,0.0017032980856357567,-0.006147329824934007,
GSE69036,0.0017032980856357567,-0.006147329824934007,
GSE69047,0.0017032980856357567,-0.006147329824934007,
GSE68102,0.0017032980856357567,-0.006147329824934007,
GSE69110,0.0017032980856357567,-0.006147329824934007,
GSE69114,0.0017032980856357567,-0.006147329824934007,
GSE69121,0.0017032980856357567,-0.006147329824934007,
GSE69125,0.0017032980856357567,-0.006147329824934007,
GSE69164,0.0017032980856357567,-0.006147329824934007,
GSE69175,0.0017032980856357567,-0.006147329824934007,
GSE69206,0.0017032980856357567,-0.006147329824934007,
GSE69233,0.0017032980856357567,-0.006147329824934007,
GSE69239,0.0017032980856357567,-0.006147329824934007,
GSE69240,0.0017032980856357567,-0.006147329824934007,
GSE69284,0.0017032980856357567,-0.006147329824934007,
GSE69292,0.0017032980856357567,-0.006147329824934007,
GSE69092,0.0017032980856357567,-0.006147329824934007,
GSE68108,0.0017032980856357567,-0.006147329824934007,
GSE68180,0.0017032980856357567,-0.006147329824934007,
GSE68219,0.0017032980856357567,-0.006147329824934007,
GSE68221,0.0017032980856357567,-0.006147329824934007,
GSE68228,0.0017032980856357567,-0.006147329824934007,
GSE68229,0.0017032980856357567,-0.006147329824934007,
GSE68230,0.0017032980856357567,-0.006147329824934007,
GSE68248,0.0017032980856357567,-0.006147329824934007,
GSE68279,0.0017032980856357567,-0.006147329824934007,
GSE68297,0.0017032980856357567,-0.006147329824934007,
GSE68323,0.0017032980856357567,-0.006147329824934007,
GSE68327,0.0017032980856357567,-0.006147329824934007,
GSE68795,0.0017032980856357567,-0.006147329824934007,
GSE68358,0.0017032980856357567,-0.006147329824934007,
GSE68378,0.0017032980856357567,-0.006147329824934007,
GSE68395,0.0017032980856357567,-0.006147329824934007,
GSE68401,0.0017032980856357567,-0.006147329824934007,
GSE68452,0.0017032980856357567,-0.006147329824934007,
GSE68482,0.0017032980856357567,-0.006147329824934007,
GSE68538,0.0017032980856357567,-0.006147329824934007,
GSE68611,0.0017032980856357567,-0.006147329824934007,
GSE68631,0.0017032980856357567,-0.006147329824934007,
GSE68645,0.0017032980856357567,-0.006147329824934007,
GSE68671,0.0017032980856357567,-0.006147329824934007,
GSE68673,0.0017032980856357567,-0.006147329824934007,
GSE68719,0.0017032980856357567,-0.006147329824934007,
GSE68341,0.0017032980856357567,-0.006147329824934007,
GSE56267,0.0017032980856357567,-0.006147329824934007,
GSE56293,0.0017032980856357567,-0.006147329824934007,
GSE56331,0.0017032980856357567,-0.006147329824934007,
GSE56343,0.0017032980856357567,-0.006147329824934007,
GSE56356,0.0017032980856357567,-0.006147329824934007,
GSE56361,0.0017032980856357567,-0.006147329824934007,
GSE56398,0.0017032980856357567,-0.006147329824934007,
GSE56512,0.0017032980856357567,-0.006147329824934007,
GSE56524,0.0017032980856357567,-0.006147329824934007,
GSE56545,0.0017032980856357567,-0.006147329824934007,
GSE56568,0.0017032980856357567,-0.006147329824934007,
GSE56623,0.0017032980856357567,-0.006147329824934007,
GSE63018,0.0017032980856357567,-0.006147329824934007,
GSE56648,0.0017032980856357567,-0.006147329824934007,
GSE56657,0.0017032980856357567,-0.006147329824934007,
GSE56660,0.0017032980856357567,-0.006147329824934007,
GSE56689,0.0017032980856357567,-0.006147329824934007,
GSE56691,0.0017032980856357567,-0.006147329824934007,
GSE56701,0.0017032980856357567,-0.006147329824934007,
GSE56742,0.0017032980856357567,-0.006147329824934007,
GSE56748,0.0017032980856357567,-0.006147329824934007,
GSE56785,0.0017032980856357567,-0.006147329824934007,
GSE56787,0.0017032980856357567,-0.006147329824934007,
GSE56788,0.0017032980856357567,-0.006147329824934007,
GSE56796,0.0017032980856357567,-0.006147329824934007,
GSE56625,0.0017032980856357567,-0.006147329824934007,
GSE55492,0.0017032980856357567,-0.006147329824934007,
GSE55502,0.0017032980856357567,-0.006147329824934007,
GSE55534,0.0017032980856357567,-0.006147329824934007,
GSE55536,0.0017032980856357567,-0.006147329824934007,
GSE55689,0.0017032980856357567,-0.006147329824934007,
GSE55716,0.0017032980856357567,-0.006147329824934007,
GSE55758,0.0017032980856357567,-0.006147329824934007,
GSE55769,0.0017032980856357567,-0.006147329824934007,
GSE55807,0.0017032980856357567,-0.006147329824934007,
GSE55903,0.0017032980856357567,-0.006147329824934007,
GSE55922,0.0017032980856357567,-0.006147329824934007,
GSE55939,0.0017032980856357567,-0.006147329824934007,
GSE56235,0.0017032980856357567,-0.006147329824934007,
GSE56010,0.0017032980856357567,-0.006147329824934007,
GSE56022,0.0017032980856357567,-0.006147329824934007,
GSE56052,0.0017032980856357567,-0.006147329824934007,
GSE56066,0.0017032980856357567,-0.006147329824934007,
GSE56076,0.0017032980856357567,-0.006147329824934007,
GSE56087,0.0017032980856357567,-0.006147329824934007,
GSE56144,0.0017032980856357567,-0.006147329824934007,
GSE56148,0.0017032980856357567,-0.006147329824934007,
GSE56152,0.0017032980856357567,-0.006147329824934007,
GSE56179,0.0017032980856357567,-0.006147329824934007,
GSE56192,0.0017032980856357567,-0.006147329824934007,
GSE56231,0.0017032980856357567,-0.006147329824934007,
GSE55949,0.0017032980856357567,-0.006147329824934007,
GSE57478,0.0017032980856357567,-0.006147329824934007,
GSE57480,0.0017032980856357567,-0.006147329824934007,
GSE57488,0.0017032980856357567,-0.006147329824934007,
GSE57494,0.0017032980856357567,-0.006147329824934007,
GSE57501,0.0017032980856357567,-0.006147329824934007,
GSE57503,0.0017032980856357567,-0.006147329824934007,
GSE57530,0.0017032980856357567,-0.006147329824934007,
GSE57561,0.0017032980856357567,-0.006147329824934007,
GSE57637,0.0017032980856357567,-0.006147329824934007,
GSE57662,0.0017032980856357567,-0.006147329824934007,
GSE57681,0.0017032980856357567,-0.006147329824934007,
GSE57723,0.0017032980856357567,-0.006147329824934007,
GSE56826,0.0017032980856357567,-0.006147329824934007,
GSE57803,0.0017032980856357567,-0.006147329824934007,
GSE57821,0.0017032980856357567,-0.006147329824934007,
GSE57826,0.0017032980856357567,-0.006147329824934007,
GSE57862,0.0017032980856357567,-0.006147329824934007,
GSE57866,0.0017032980856357567,-0.006147329824934007,
GSE57871,0.0017032980856357567,-0.006147329824934007,
GSE57872,0.0017032980856357567,-0.006147329824934007,
GSE57892,0.0017032980856357567,-0.006147329824934007,
GSE57896,0.0017032980856357567,-0.006147329824934007,
GSE57914,0.0017032980856357567,-0.006147329824934007,
GSE57925,0.0017032980856357567,-0.006147329824934007,
GSE57931,0.0017032980856357567,-0.006147329824934007,
GSE57732,0.0017032980856357567,-0.006147329824934007,
GSE56862,0.0017032980856357567,-0.006147329824934007,
GSE56882,0.0017032980856357567,-0.006147329824934007,
GSE56887,0.0017032980856357567,-0.006147329824934007,
GSE56900,0.0017032980856357567,-0.006147329824934007,
GSE56930,0.0017032980856357567,-0.006147329824934007,
GSE56961,0.0017032980856357567,-0.006147329824934007,
GSE57009,0.0017032980856357567,-0.006147329824934007,
GSE57027,0.0017032980856357567,-0.006147329824934007,
GSE57049,0.0017032980856357567,-0.006147329824934007,
GSE57078,0.0017032980856357567,-0.006147329824934007,
GSE57096,0.0017032980856357567,-0.006147329824934007,
GSE57116,0.0017032980856357567,-0.006147329824934007,
GSE57433,0.0017032980856357567,-0.006147329824934007,
GSE57152,0.0017032980856357567,-0.006147329824934007,
GSE57182,0.0017032980856357567,-0.006147329824934007,
GSE57227,0.0017032980856357567,-0.006147329824934007,
GSE57243,0.0017032980856357567,-0.006147329824934007,
GSE57253,0.0017032980856357567,-0.006147329824934007,
GSE57254,0.0017032980856357567,-0.006147329824934007,
GSE57299,0.0017032980856357567,-0.006147329824934007,
GSE57325,0.0017032980856357567,-0.006147329824934007,
GSE57344,0.0017032980856357567,-0.006147329824934007,
GSE57353,0.0017032980856357567,-0.006147329824934007,
GSE57395,0.0017032980856357567,-0.006147329824934007,
GSE57397,0.0017032980856357567,-0.006147329824934007,
GSE57430,0.0017032980856357567,-0.006147329824934007,
GSE57148,0.0017032980856357567,-0.006147329824934007,
GSE53370,0.0017032980856357567,-0.006147329824934007,
GSE53391,0.0017032980856357567,-0.006147329824934007,
GSE53419,0.0017032980856357567,-0.006147329824934007,
GSE53439,0.0017032980856357567,-0.006147329824934007,
GSE53450,0.0017032980856357567,-0.006147329824934007,
GSE53463,0.0017032980856357567,-0.006147329824934007,
GSE53470,0.0017032980856357567,-0.006147329824934007,
GSE53481,0.0017032980856357567,-0.006147329824934007,
GSE53499,0.0017032980856357567,-0.006147329824934007,
GSE53510,0.0017032980856357567,-0.006147329824934007,
GSE53532,0.0017032980856357567,-0.006147329824934007,
GSE53554,0.0017032980856357567,-0.006147329824934007,
GSE55458,0.0017032980856357567,-0.006147329824934007,
GSE53586,0.0017032980856357567,-0.006147329824934007,
GSE53635,0.0017032980856357567,-0.006147329824934007,
GSE53638,0.0017032980856357567,-0.006147329824934007,
GSE53665,0.0017032980856357567,-0.006147329824934007,
GSE53667,0.0017032980856357567,-0.006147329824934007,
GSE53695,0.0017032980856357567,-0.006147329824934007,
GSE53696,0.0017032980856357567,-0.006147329824934007,
GSE53697,0.0017032980856357567,-0.006147329824934007,
GSE53698,0.0017032980856357567,-0.006147329824934007,
GSE53837,0.0017032980856357567,-0.006147329824934007,
GSE53844,0.0017032980856357567,-0.006147329824934007,
GSE53949,0.0017032980856357567,-0.006147329824934007,
GSE53567,0.0017032980856357567,-0.006147329824934007,
GSE52734,0.0017032980856357567,-0.006147329824934007,
GSE52742,0.0017032980856357567,-0.006147329824934007,
GSE52745,0.0017032980856357567,-0.006147329824934007,
GSE52778,0.0017032980856357567,-0.006147329824934007,
GSE52834,0.0017032980856357567,-0.006147329824934007,
GSE52848,0.0017032980856357567,-0.006147329824934007,
GSE52912,0.0017032980856357567,-0.006147329824934007,
GSE52934,0.0017032980856357567,-0.006147329824934007,
GSE52946,0.0017032980856357567,-0.006147329824934007,
GSE52973,0.0017032980856357567,-0.006147329824934007,
GSE52975,0.0017032980856357567,-0.006147329824934007,
GSE53024,0.0017032980856357567,-0.006147329824934007,
GSE53356,0.0017032980856357567,-0.006147329824934007,
GSE53080,0.0017032980856357567,-0.006147329824934007,
GSE53094,0.0017032980856357567,-0.006147329824934007,
GSE53172,0.0017032980856357567,-0.006147329824934007,
GSE53220,0.0017032980856357567,-0.006147329824934007,
GSE53239,0.0017032980856357567,-0.006147329824934007,
GSE53279,0.0017032980856357567,-0.006147329824934007,
GSE53280,0.0017032980856357567,-0.006147329824934007,
GSE53292,0.0017032980856357567,-0.006147329824934007,
GSE53300,0.0017032980856357567,-0.006147329824934007,
GSE53327,0.0017032980856357567,-0.006147329824934007,
GSE53330,0.0017032980856357567,-0.006147329824934007,
GSE53350,0.0017032980856357567,-0.006147329824934007,
GSE53066,0.0017032980856357567,-0.006147329824934007,
GSE54879,0.0017032980856357567,-0.006147329824934007,
GSE54912,0.0017032980856357567,-0.006147329824934007,
GSE54922,0.0017032980856357567,-0.006147329824934007,
GSE54968,0.0017032980856357567,-0.006147329824934007,
GSE55005,0.0017032980856357567,-0.006147329824934007,
GSE55008,0.0017032980856357567,-0.006147329824934007,
GSE55030,0.0017032980856357567,-0.006147329824934007,
GSE55048,0.0017032980856357567,-0.006147329824934007,
GSE55123,0.0017032980856357567,-0.006147329824934007,
GSE55169,0.0017032980856357567,-0.006147329824934007,
GSE55193,0.0017032980856357567,-0.006147329824934007,
GSE55195,0.0017032980856357567,-0.006147329824934007,
GSE54066,0.0017032980856357567,-0.006147329824934007,
GSE55259,0.0017032980856357567,-0.006147329824934007,
GSE55271,0.0017032980856357567,-0.006147329824934007,
GSE55275,0.0017032980856357567,-0.006147329824934007,
GSE55282,0.0017032980856357567,-0.006147329824934007,
GSE55296,0.0017032980856357567,-0.006147329824934007,
GSE55320,0.0017032980856357567,-0.006147329824934007,
GSE55326,0.0017032980856357567,-0.006147329824934007,
GSE55361,0.0017032980856357567,-0.006147329824934007,
GSE55362,0.0017032980856357567,-0.006147329824934007,
GSE55370,0.0017032980856357567,-0.006147329824934007,
GSE55391,0.0017032980856357567,-0.006147329824934007,
GSE55405,0.0017032980856357567,-0.006147329824934007,
GSE55215,0.0017032980856357567,-0.006147329824934007,
GSE54074,0.0017032980856357567,-0.006147329824934007,
GSE54112,0.0017032980856357567,-0.006147329824934007,
GSE54114,0.0017032980856357567,-0.006147329824934007,
GSE54122,0.0017032980856357567,-0.006147329824934007,
GSE54136,0.0017032980856357567,-0.006147329824934007,
GSE54159,0.0017032980856357567,-0.006147329824934007,
GSE54178,0.0017032980856357567,-0.006147329824934007,
GSE54201,0.0017032980856357567,-0.006147329824934007,
GSE54308,0.0017032980856357567,-0.006147329824934007,
GSE54322,0.0017032980856357567,-0.006147329824934007,
GSE54333,0.0017032980856357567,-0.006147329824934007,
GSE54384,0.0017032980856357567,-0.006147329824934007,
GSE54878,0.0017032980856357567,-0.006147329824934007,
GSE54401,0.0017032980856357567,-0.006147329824934007,
GSE54409,0.0017032980856357567,-0.006147329824934007,
GSE54416,0.0017032980856357567,-0.006147329824934007,
GSE54460,0.0017032980856357567,-0.006147329824934007,
GSE54478,0.0017032980856357567,-0.006147329824934007,
GSE54505,0.0017032980856357567,-0.006147329824934007,
GSE54511,0.0017032980856357567,-0.006147329824934007,
GSE54602,0.0017032980856357567,-0.006147329824934007,
GSE54641,0.0017032980856357567,-0.006147329824934007,
GSE54733,0.0017032980856357567,-0.006147329824934007,
GSE54734,0.0017032980856357567,-0.006147329824934007,
GSE54760,0.0017032980856357567,-0.006147329824934007,
GSE54846,0.0017032980856357567,-0.006147329824934007,
GSE54392,0.0017032980856357567,-0.006147329824934007,
GSE61290,0.0017032980856357567,-0.006147329824934007,
GSE61332,0.0017032980856357567,-0.006147329824934007,
GSE61375,0.0017032980856357567,-0.006147329824934007,
GSE61390,0.0017032980856357567,-0.006147329824934007,
GSE61398,0.0017032980856357567,-0.006147329824934007,
GSE61405,0.0017032980856357567,-0.006147329824934007,
GSE61410,0.0017032980856357567,-0.006147329824934007,
GSE61474,0.0017032980856357567,-0.006147329824934007,
GSE61476,0.0017032980856357567,-0.006147329824934007,
GSE61490,0.0017032980856357567,-0.006147329824934007,
GSE61491,0.0017032980856357567,-0.006147329824934007,
GSE61515,0.0017032980856357567,-0.006147329824934007,
GSE57961,0.0017032980856357567,-0.006147329824934007,
GSE61549,0.0017032980856357567,-0.006147329824934007,
GSE61566,0.0017032980856357567,-0.006147329824934007,
GSE61586,0.0017032980856357567,-0.006147329824934007,
GSE61600,0.0017032980856357567,-0.006147329824934007,
GSE61603,0.0017032980856357567,-0.006147329824934007,
GSE61626,0.0017032980856357567,-0.006147329824934007,
GSE61656,0.0017032980856357567,-0.006147329824934007,
GSE61674,0.0017032980856357567,-0.006147329824934007,
GSE61727,0.0017032980856357567,-0.006147329824934007,
GSE61794,0.0017032980856357567,-0.006147329824934007,
GSE61797,0.0017032980856357567,-0.006147329824934007,
GSE61910,0.0017032980856357567,-0.006147329824934007,
GSE61544,0.0017032980856357567,-0.006147329824934007,
GSE60559,0.0017032980856357567,-0.006147329824934007,
GSE60560,0.0017032980856357567,-0.006147329824934007,
GSE60570,0.0017032980856357567,-0.006147329824934007,
GSE60585,0.0017032980856357567,-0.006147329824934007,
GSE60590,0.0017032980856357567,-0.006147329824934007,
GSE60630,0.0017032980856357567,-0.006147329824934007,
GSE60664,0.0017032980856357567,-0.006147329824934007,
GSE60833,0.0017032980856357567,-0.006147329824934007,
GSE60873,0.0017032980856357567,-0.006147329824934007,
GSE60883,0.0017032980856357567,-0.006147329824934007,
GSE60889,0.0017032980856357567,-0.006147329824934007,
GSE60890,0.0017032980856357567,-0.006147329824934007,
GSE61255,0.0017032980856357567,-0.006147329824934007,
GSE60939,0.0017032980856357567,-0.006147329824934007,
GSE60942,0.0017032980856357567,-0.006147329824934007,
GSE60949,0.0017032980856357567,-0.006147329824934007,
GSE60988,0.0017032980856357567,-0.006147329824934007,
GSE60989,0.0017032980856357567,-0.006147329824934007,
GSE60997,0.0017032980856357567,-0.006147329824934007,
GSE61045,0.0017032980856357567,-0.006147329824934007,
GSE61071,0.0017032980856357567,-0.006147329824934007,
GSE61130,0.0017032980856357567,-0.006147329824934007,
GSE61141,0.0017032980856357567,-0.006147329824934007,
GSE61162,0.0017032980856357567,-0.006147329824934007,
GSE61220,0.0017032980856357567,-0.006147329824934007,
GSE60902,0.0017032980856357567,-0.006147329824934007,
GSE62540,0.0017032980856357567,-0.006147329824934007,
GSE62544,0.0017032980856357567,-0.006147329824934007,
GSE62563,0.0017032980856357567,-0.006147329824934007,
GSE62591,0.0017032980856357567,-0.006147329824934007,
GSE62613,0.0017032980856357567,-0.006147329824934007,
GSE62642,0.0017032980856357567,-0.006147329824934007,
GSE62678,0.0017032980856357567,-0.006147329824934007,
GSE62679,0.0017032980856357567,-0.006147329824934007,
GSE62731,0.0017032980856357567,-0.006147329824934007,
GSE62772,0.0017032980856357567,-0.006147329824934007,
GSE62789,0.0017032980856357567,-0.006147329824934007,
GSE62820,0.0017032980856357567,-0.006147329824934007,
GSE61917,0.0017032980856357567,-0.006147329824934007,
GSE62854,0.0017032980856357567,-0.006147329824934007,
GSE62889,0.0017032980856357567,-0.006147329824934007,
GSE62905,0.0017032980856357567,-0.006147329824934007,
GSE62909,0.0017032980856357567,-0.006147329824934007,
GSE62913,0.0017032980856357567,-0.006147329824934007,
GSE62920,0.0017032980856357567,-0.006147329824934007,
GSE62930,0.0017032980856357567,-0.006147329824934007,
GSE62936,0.0017032980856357567,-0.006147329824934007,
GSE62966,0.0017032980856357567,-0.006147329824934007,
GSE62968,0.0017032980856357567,-0.006147329824934007,
GSE62982,0.0017032980856357567,-0.006147329824934007,
GSE63015,0.0017032980856357567,-0.006147329824934007,
GSE62852,0.0017032980856357567,-0.006147329824934007,
GSE61945,0.0017032980856357567,-0.006147329824934007,
GSE61946,0.0017032980856357567,-0.006147329824934007,
GSE61950,0.0017032980856357567,-0.006147329824934007,
GSE61955,0.0017032980856357567,-0.006147329824934007,
GSE61966,0.0017032980856357567,-0.006147329824934007,
GSE61999,0.0017032980856357567,-0.006147329824934007,
GSE62000,0.0017032980856357567,-0.006147329824934007,
GSE62056,0.0017032980856357567,-0.006147329824934007,
GSE62074,0.0017032980856357567,-0.006147329824934007,
GSE62077,0.0017032980856357567,-0.006147329824934007,
GSE62098,0.0017032980856357567,-0.006147329824934007,
GSE62118,0.0017032980856357567,-0.006147329824934007,
GSE62526,0.0017032980856357567,-0.006147329824934007,
GSE62171,0.0017032980856357567,-0.006147329824934007,
GSE62190,0.0017032980856357567,-0.006147329824934007,
GSE62193,0.0017032980856357567,-0.006147329824934007,
GSE62212,0.0017032980856357567,-0.006147329824934007,
GSE62228,0.0017032980856357567,-0.006147329824934007,
GSE62241,0.0017032980856357567,-0.006147329824934007,
GSE62247,0.0017032980856357567,-0.006147329824934007,
GSE62288,0.0017032980856357567,-0.006147329824934007,
GSE62408,0.0017032980856357567,-0.006147329824934007,
GSE62448,0.0017032980856357567,-0.006147329824934007,
GSE62483,0.0017032980856357567,-0.006147329824934007,
GSE62518,0.0017032980856357567,-0.006147329824934007,
GSE62520,0.0017032980856357567,-0.006147329824934007,
GSE62121,0.0017032980856357567,-0.006147329824934007,
GSE58594,0.0017032980856357567,-0.006147329824934007,
GSE58596,0.0017032980856357567,-0.006147329824934007,
GSE58604,0.0017032980856357567,-0.006147329824934007,
GSE58626,0.0017032980856357567,-0.006147329824934007,
GSE58640,0.0017032980856357567,-0.006147329824934007,
GSE58663,0.0017032980856357567,-0.006147329824934007,
GSE58708,0.0017032980856357567,-0.006147329824934007,
GSE58740,0.0017032980856357567,-0.006147329824934007,
GSE58838,0.0017032980856357567,-0.006147329824934007,
GSE58871,0.0017032980856357567,-0.006147329824934007,
GSE58910,0.0017032980856357567,-0.006147329824934007,
GSE58933,0.0017032980856357567,-0.006147329824934007,
GSE60548,0.0017032980856357567,-0.006147329824934007,
GSE58966,0.0017032980856357567,-0.006147329824934007,
GSE58989,0.0017032980856357567,-0.006147329824934007,
GSE58991,0.0017032980856357567,-0.006147329824934007,
GSE59020,0.0017032980856357567,-0.006147329824934007,
GSE59089,0.0017032980856357567,-0.006147329824934007,
GSE59093,0.0017032980856357567,-0.006147329824934007,
GSE59100,0.0017032980856357567,-0.006147329824934007,
GSE59223,0.0017032980856357567,-0.006147329824934007,
GSE59233,0.0017032980856357567,-0.006147329824934007,
GSE59251,0.0017032980856357567,-0.006147329824934007,
GSE59275,0.0017032980856357567,-0.006147329824934007,
GSE59290,0.0017032980856357567,-0.006147329824934007,
GSE58963,0.0017032980856357567,-0.006147329824934007,
GSE57973,0.0017032980856357567,-0.006147329824934007,
GSE57982,0.0017032980856357567,-0.006147329824934007,
GSE57989,0.0017032980856357567,-0.006147329824934007,
GSE58008,0.0017032980856357567,-0.006147329824934007,
GSE58107,0.0017032980856357567,-0.006147329824934007,
GSE58111,0.0017032980856357567,-0.006147329824934007,
GSE58114,0.0017032980856357567,-0.006147329824934007,
GSE58122,0.0017032980856357567,-0.006147329824934007,
GSE58123,0.0017032980856357567,-0.006147329824934007,
GSE58135,0.0017032980856357567,-0.006147329824934007,
GSE58150,0.0017032980856357567,-0.006147329824934007,
GSE58168,0.0017032980856357567,-0.006147329824934007,
GSE58557,0.0017032980856357567,-0.006147329824934007,
GSE58310,0.0017032980856357567,-0.006147329824934007,
GSE58326,0.0017032980856357567,-0.006147329824934007,
GSE58345,0.0017032980856357567,-0.006147329824934007,
GSE58365,0.0017032980856357567,-0.006147329824934007,
GSE58375,0.0017032980856357567,-0.006147329824934007,
GSE58379,0.0017032980856357567,-0.006147329824934007,
GSE58418,0.0017032980856357567,-0.006147329824934007,
GSE58434,0.0017032980856357567,-0.006147329824934007,
GSE58441,0.0017032980856357567,-0.006147329824934007,
GSE58464,0.0017032980856357567,-0.006147329824934007,
GSE58492,0.0017032980856357567,-0.006147329824934007,
GSE58507,0.0017032980856357567,-0.006147329824934007,
GSE58207,0.0017032980856357567,-0.006147329824934007,
GSE59987,0.0017032980856357567,-0.006147329824934007,
GSE60040,0.0017032980856357567,-0.006147329824934007,
GSE60052,0.0017032980856357567,-0.006147329824934007,
GSE60065,0.0017032980856357567,-0.006147329824934007,
GSE60106,0.0017032980856357567,-0.006147329824934007,
GSE60119,0.0017032980856357567,-0.006147329824934007,
GSE60138,0.0017032980856357567,-0.006147329824934007,
GSE60171,0.0017032980856357567,-0.006147329824934007,
GSE60182,0.0017032980856357567,-0.006147329824934007,
GSE60191,0.0017032980856357567,-0.006147329824934007,
GSE60196,0.0017032980856357567,-0.006147329824934007,
GSE60216,0.0017032980856357567,-0.006147329824934007,
GSE59317,0.0017032980856357567,-0.006147329824934007,
GSE60237,0.0017032980856357567,-0.006147329824934007,
GSE60271,0.0017032980856357567,-0.006147329824934007,
GSE60296,0.0017032980856357567,-0.006147329824934007,
GSE60340,0.0017032980856357567,-0.006147329824934007,
GSE60391,0.0017032980856357567,-0.006147329824934007,
GSE60407,0.0017032980856357567,-0.006147329824934007,
GSE60424,0.0017032980856357567,-0.006147329824934007,
GSE60462,0.0017032980856357567,-0.006147329824934007,
GSE60477,0.0017032980856357567,-0.006147329824934007,
GSE60481,0.0017032980856357567,-0.006147329824934007,
GSE60514,0.0017032980856357567,-0.006147329824934007,
GSE60530,0.0017032980856357567,-0.006147329824934007,
GSE60217,0.0017032980856357567,-0.006147329824934007,
GSE59335,0.0017032980856357567,-0.006147329824934007,
GSE59364,0.0017032980856357567,-0.006147329824934007,
GSE59376,0.0017032980856357567,-0.006147329824934007,
GSE59386,0.0017032980856357567,-0.006147329824934007,
GSE59528,0.0017032980856357567,-0.006147329824934007,
GSE59531,0.0017032980856357567,-0.006147329824934007,
GSE59535,0.0017032980856357567,-0.006147329824934007,
GSE59536,0.0017032980856357567,-0.006147329824934007,
GSE59598,0.0017032980856357567,-0.006147329824934007,
GSE59599,0.0017032980856357567,-0.006147329824934007,
GSE59612,0.0017032980856357567,-0.006147329824934007,
GSE59621,0.0017032980856357567,-0.006147329824934007,
GSE59980,0.0017032980856357567,-0.006147329824934007,
GSE59688,0.0017032980856357567,-0.006147329824934007,
GSE59703,0.0017032980856357567,-0.006147329824934007,
GSE59717,0.0017032980856357567,-0.006147329824934007,
GSE59765,0.0017032980856357567,-0.006147329824934007,
GSE59781,0.0017032980856357567,-0.006147329824934007,
GSE59810,0.0017032980856357567,-0.006147329824934007,
GSE59819,0.0017032980856357567,-0.006147329824934007,
GSE59822,0.0017032980856357567,-0.006147329824934007,
GSE59841,0.0017032980856357567,-0.006147329824934007,
GSE59846,0.0017032980856357567,-0.006147329824934007,
GSE59855,0.0017032980856357567,-0.006147329824934007,
GSE59884,0.0017032980856357567,-0.006147329824934007,
GSE59966,0.0017032980856357567,-0.006147329824934007,
GSE59626,0.0017032980856357567,-0.006147329824934007,
