ID,prob,log2(prob/prior),related_words
GSE119669,0.0007450660869292098,0.12929227075643707,stem
GSE95542,0.0007379799718245168,0.1155055365421295,stem
GSE97987,0.0007354233368853274,0.11049883100785732,stem
GSE107149,0.0007266268757096152,0.09313860091877935,stem
GSE104784,0.0007240962682476577,0.08810538895954656,stem
GSE93385,0.0007217654468918503,0.08345395198058299,stem
GSE94296,0.0007210601880673867,0.08204356188911438,stem
GSE106984,0.0007210399335339577,0.08200303611077538,stem
GSE75147,0.0007203509808918106,0.08062388403484833,stem
GSE69618,0.0007201038342994731,0.08012882211013331,stem
GSE95499,0.0007191286280650005,0.07817371694063985,stem
GSE99944,0.0007181356919086077,0.0761803406677586,stem
GSE92971,0.0007180617077474009,0.07603170290724255,stem
GSE52912,0.0007180182600120358,0.07594440716637123,stem
GSE56930,0.0007176414369176724,0.07518706777295141,stem
GSE55689,0.0007173178129886527,0.0745363306242053,stem
GSE76312,0.0007158432178561029,0.07156752001606106,stem
GSE74557,0.0007150902295834186,0.07004916491846395,stem
GSE82071,0.0007150017755246764,0.06987069775467182,stem
GSE60548,0.0007144106828110619,0.06867752699381546,stem
GSE62905,0.0007140855026700222,0.06802070229978405,stem
GSE84694,0.0007127354247057023,0.06529050493884679,stem
GSE26811,0.0007121076075440548,0.06401913855839726,stem
GSE100223,0.0007114829996486478,0.06275315834403691,stem
GSE89725,0.000711460270793608,0.0627070696388373,stem
GSE61656,0.0007113304630380273,0.062443822203621865,stem
GSE86244,0.000709276222926761,0.05827145821820148,stem
GSE89503,0.0007088781354970591,0.05746150580033596,stem
GSE97744,0.0007088479655950781,0.05740010329396304,stem
GSE65838,0.0007086055203996425,0.05690657812645745,stem
GSE46030,0.0007084984293859954,0.05668852824433022,stem
GSE97388,0.0007083078147456187,0.05630033289413245,stem
GSE75184,0.0007081960762449928,0.056072723803766905,stem
GSE81673,0.00070804725282747,0.0557695177051946,stem
GSE83719,0.0007078273494743557,0.055321379884164384,stem
GSE109673,0.0007074344735377341,0.05452039709668025,stem
GSE36552,0.000707247370874025,0.05413878184133432,stem
GSE103826,0.0007065345379881128,0.05268395977834368,stem
GSE81475,0.0007055520187294153,0.050676326628514706,stem
GSE97619,0.0007054824396617481,0.05053404608340436,stem
GSE102004,0.0007052881894120212,0.050136754180712464,stem
GSE79928,0.0007048857543888839,0.04931332238994074,stem
GSE92625,0.0007043842055635436,0.0482864332144188,stem
GSE57395,0.0007041351206139843,0.04777617592712922,stem
GSE102737,0.0007040163073691711,0.04753272017928224,stem
GSE70101,0.0007038254171934603,0.04714148825777375,stem
GSE71756,0.0007037879398775384,0.04706466554567396,stem
GSE94267,0.0007037764778476638,0.047041169336973734,stem
GSE66506,0.0007036212469677455,0.04672292124318992,stem
GSE73211,0.0007033036752369357,0.046071629675720864,stem
GSE56660,0.0007030981110643907,0.04564989185184219,stem
GSE85783,0.0007030806942860242,0.04561415372283147,stem
GSE86518,0.0007030548701624773,0.04556116262307887,stem
GSE85839,0.0007029816167404295,0.04541083601378183,stem
GSE66250,0.0007028621106928297,0.04516555870553016,stem
GSE66200,0.0007025993204193043,0.0446260544253915,stem
GSE101655,0.000702512466423533,0.044447700175838524,stem
GSE88944,0.0007021551638195301,0.04371374903336053,stem
GSE64032,0.000702095186677811,0.043590510716280166,stem
GSE46486,0.0007020193231384494,0.04343461466739999,stem
GSE70741,0.0007019035716036888,0.0431967181758217,stem
GSE61946,0.0007017785649897413,0.042939756264295574,stem
GSE60902,0.0007010711032019105,0.04148464425537683,stem
GSE109683,0.0007010091083570317,0.0413570628879369,stem
GSE56796,0.0007009903416467428,0.04131843999137398,stem
GSE52133,0.0007006100420662245,0.04053554018811249,stem
GSE100862,0.0007005635499945717,0.04043980061434532,stem
GSE73114,0.0007004817012335023,0.04027123674857677,stem
GSE86348,0.0007004152631952197,0.0401343960945352,stem
GSE103175,0.0007004037356028565,0.040110651698791695,stem
GSE53481,0.0007003294549295867,0.03995763989071157,stem
GSE90749,0.000700152947723157,0.03959398509253172,stem
GSE77284,0.0007000645844674004,0.03941189734099968,stem
GSE92541,0.0007000368568475051,0.039354755053243484,stem
GSE84712,0.0006996997710443134,0.038659892867987246,stem
GSE77513,0.0006994982189256773,0.03824425727369329,stem
GSE61945,0.0006991386240265022,0.03750241239549775,stem
GSE104583,0.0006991379862480223,0.03750109631848786,stem
GSE64642,0.0006990320843670773,0.0372825476283629,stem
GSE99651,0.0006989105869795004,0.03703177385548625,stem
GSE85111,0.000698576982244814,0.036342980744061844,stem
GSE106688,0.0006984213845560171,0.036021605973319056,stem
GSE78959,0.0006983869493498094,0.03595047309125932,stem
GSE61674,0.0006982696821080054,0.035708207576892644,stem
GSE41009,0.0006981216523711941,0.035402330903600975,stem
GSE78502,0.0006980806129527145,0.03531751888601746,stem
GSE74792,0.0006980634230588997,0.03528199278853531,stem
GSE86977,0.0006980545700063399,0.035263695975388434,stem
GSE67848,0.0006979485798871638,0.035044625667955416,stem
GSE53094,0.0006979444763739164,0.03503614347344083,stem
GSE88945,0.000697739444032703,0.03461226649142048,stem
GSE69036,0.000697655710511446,0.03443912279714112,stem
GSE66148,0.0006975211973580023,0.034160933760447265,stem
GSE87237,0.0006972957768136358,0.03369461723243584,stem
GSE76626,0.0006972196584675074,0.03353712086084937,stem
GSE67128,0.0006970827461999467,0.03325379258224875,stem
GSE86506,0.0006970580862923694,0.03320275508941423,stem
GSE102924,0.0006970438327723573,0.033173254401758535,stem
GSE94696,0.0006969168090449127,0.03291032516736059,stem
GSE96682,0.000696844108969456,0.03275982010286487,stem
GSE69471,0.0006966946177056423,0.03245029112938278,stem
GSE95293,0.0006966279590976695,0.03231224981026643,stem
GSE30557,0.0006966265748835198,0.03230938314256047,stem
GSE74953,0.0006966070182496656,0.0322688813073783,stem
GSE95392,0.0006961486374472063,0.03131924777802368,stem
GSE62193,0.0006960937101764918,0.031205412279131185,stem
GSE92494,0.0006960906717328941,0.031199114912823726,stem
GSE59290,0.0006960352395149194,0.031084223313761133,stem
GSE81478,0.0006960025891319944,0.0310165462081993,stem
GSE102244,0.0006959635563877637,0.030935635696503417,stem
GSE74201,0.0006957204239871679,0.030431547243759904,stem
GSE79442,0.0006956497075499471,0.030284897188446465,stem
GSE86237,0.0006955460342616803,0.030069875053693122,stem
GSE36695,0.0006955416665137503,0.0300608154835811,stem
GSE71456,0.0006955031009883429,0.02998082051351449,stem
GSE40243,0.0006954983409362537,0.02997094661498878,stem
GSE81084,0.0006954919857545925,0.029957763792807228,stem
GSE85782,0.0006953843824798062,0.0297345394793128,stem
GSE54409,0.0006951913009045993,0.02933390277013285,stem
GSE115941,0.0006951869880285187,0.02932495245066535,stem
GSE97142,0.0006950325411635016,0.02900439915317674,stem
GSE83584,0.0006950218982015047,0.02898230714288026,stem
GSE92628,0.0006947138052394322,0.028342639910188434,stem
GSE98323,0.0006946320293231723,0.028172807884131835,stem
GSE37521,0.0006946178802038338,0.028143420998211186,stem
GSE46989,0.0006945926629378237,0.028091044740629206,stem
GSE70537,0.0006945272373055024,0.02795514684535003,stem
GSE24355,0.0006944805248476022,0.027858110913338553,stem
GSE85223,0.0006944774506518965,0.027851724648271604,stem
GSE30995,0.0006943194549358999,0.02752346983143506,stem
GSE49074,0.0006943039719984144,0.02749129817611624,stem
GSE104969,0.0006942992965838203,0.027481583093915844,stem
GSE20301,0.0006941131132896126,0.027094658121263798,stem
GSE58123,0.0006937691663389685,0.026379596653206033,stem
GSE106847,0.0006937188902446439,0.026275043577386692,stem
GSE76098,0.0006936866388559091,0.026207970299066984,stem
GSE42563,0.0006936828802390906,0.026200153293186427,stem
GSE115390,0.0006936310371181189,0.02609232792990098,stem
GSE107006,0.0006935724986414062,0.02597056761437746,stem
GSE92341,0.0006935608171221925,0.025946268767758088,stem
GSE22666,0.0006934673931079083,0.025751921801607836,stem
GSE87615,0.00069344072141466,0.025696432733250243,stem
GSE109686,0.0006933729521211218,0.025555432647001435,stem
GSE89479,0.0006933636668575842,0.02553611275095783,stem
GSE73610,0.000693265696055906,0.025332248627279834,stem
GSE51607,0.0006932486025611891,0.025296676401179708,stem
GSE78960,0.0006928668982844983,0.024502106423927687,stem
GSE62247,0.0006928277831962034,0.024420658259802996,stem
GSE95389,0.0006928064573940811,0.024376250250725085,stem
GSE41795,0.0006927560100019892,0.024271195149794894,stem
GSE53665,0.0006926970132175422,0.024148326503980026,stem
GSE87273,0.0006925784877442404,0.023901449817212303,stem
GSE90552,0.0006925516772448624,0.023845600373630996,stem
GSE80282,0.0006925347539752761,0.023810346086882227,stem
GSE57989,0.000692423126705657,0.023577784344893327,stem
GSE94853,0.000692229782376239,0.023174886398095774,stem
GSE54112,0.0006921589161689656,0.02302718463486024,stem
GSE52249,0.00069211263532398,0.022930716358095085,stem
GSE69692,0.0006920565696474573,0.022813843835231457,stem
GSE96788,0.0006920503694524469,0.022800918546958576,stem
GSE69626,0.0006920163104424062,0.022729915082158856,stem
GSE61390,0.0006920077935549466,0.022712159218996605,"heteroplasmy,3243ag,stem"
GSE37686,0.0006920003218853235,0.0226965822283817,stem
GSE74246,0.0006919471666512185,0.02258575895898235,stem
GSE118808,0.0006918057744699572,0.02229092916187893,stem
GSE92277,0.0006917126287294579,0.02209666951518322,stem
GSE72268,0.0006917020588082603,0.022074623814740613,stem
GSE89623,0.0006916687573424877,0.022005164695070117,stem
GSE104690,0.0006916065495974196,0.021875404834650964,stem
GSE54178,0.0006915894540612592,0.02183974301206606,stem
GSE75797,0.0006914325190138532,0.021512330404003646,stem
GSE84166,0.0006914193288378533,0.021484808436941723,stem
GSE75297,0.0006913984083492125,0.021441155706135927,stem
GSE87617,0.0006913901065773532,0.02142383284734326,stem
GSE70685,0.0006913769414181829,0.021396361394540726,stem
GSE67070,0.0006913664723247587,0.021374515390407196,stem
GSE52431,0.0006913579337831367,0.021356697650877558,stem
GSE77057,0.0006913122426237654,0.021261348217315946,stem
GSE32991,0.0006912101503928211,0.02104827686844172,stem
GSE85324,0.0006911991779383238,0.02102537496035208,stem
GSE69982,0.0006911474738473927,0.020917452341205105,stem
GSE61917,0.0006910569420489443,0.020728464698930568,stem
GSE84504,0.0006909953658797887,0.020599908589401562,stem
GSE69790,0.0006909627082322045,0.02053172269127883,stem
GSE81474,0.0006909537125935999,0.020512940132494425,stem
GSE44646,0.0006908845083472399,0.020368436063056113,stem
GSE107654,0.0006908797467259391,0.020358492880039297,stem
GSE106170,0.0006908580084004971,0.02031309819613684,stem
GSE75478,0.0006907792226795792,0.02014856330025043,stem
GSE119265,0.0006907572325198262,0.020102636036720908,stem
GSE93801,0.0006907493607303273,0.020086195157280117,stem
GSE93593,0.0006907401953049206,0.020067052176829383,stem
GSE62212,0.000690680855422323,0.019943108279553406,stem
GSE75140,0.0006906721009557706,0.01992482182289857,stem
GSE67073,0.0006906226039895021,0.019821427481995828,stem
GSE66507,0.0006905194032859127,0.019605827431056138,stem
GSE84826,0.0006904774870701103,0.019518249657185596,stem
GSE85953,0.0006904753964918128,0.019513881561824625,stem
GSE43143,0.000690455559738815,0.019472433602315577,stem
GSE55275,0.0006904275861419276,0.019413982067685416,stem
GSE52285,0.0006903980101148254,0.01935217963912147,stem
GSE92276,0.0006903642701326096,0.01928167292594076,stem
GSE96642,0.0006903287250114981,0.019207390272016824,stem
GSE40953,0.0006903058429487293,0.019159569017572008,stem
GSE39068,0.0006902882463094318,0.019122792698667377,stem
GSE98720,0.0006902626996823161,0.019069399533623344,stem
GSE64882,0.0006902575669412049,0.019058671722773573,stem
GSE102702,0.0006902562674686414,0.019055955715767556,stem
GSE98288,0.0006901871390125833,0.018911464054096362,stem
GSE93672,0.000690183923401838,0.01890474246190717,stem
GSE76271,0.0006901720846119944,0.018879995565745752,stem
GSE108571,0.0006901656790803709,0.01886660575790229,stem
GSE97033,0.0006901643720715634,0.01886387363579383,stem
GSE77260,0.0006901599304167726,0.018854588928817955,stem
GSE107923,0.0006901542933603421,0.018842805302716852,stem
GSE60065,0.000690118248066254,0.018767454434711887,stem
GSE76663,0.000690118158799378,0.018767267821927634,stem
GSE74665,0.0006900930230713907,0.01871472051525917,stem
GSE102718,0.0006900795955457624,0.018686648918453536,stem
GSE114976,0.0006899980468292739,0.018516151367600892,stem
GSE71204,0.0006899939647187283,0.018507616186829955,stem
GSE76314,0.0006899888564161845,0.01849693529626465,stem
GSE71560,0.0006899800931743933,0.018478612151416864,stem
GSE73016,0.0006899441890854118,0.018403537523338964,stem
GSE88931,0.0006899333422417568,0.018380856253160653,stem
GSE85623,0.0006898894812037407,0.018289137083162363,stem
GSE81080,0.0006898643850506132,0.018236655120180877,stem
GSE84085,0.0006898591647134536,0.01822573792661213,stem
GSE86985,0.0006898423879452608,0.0181906524253623,stem
GSE81074,0.0006898219719947248,0.018147955097735903,stem
GSE76011,0.000689817359521316,0.018138308529446426,stem
GSE90813,0.0006897997115663876,0.018101398842559943,stem
GSE86982,0.0006897992431152816,0.018100419091038464,stem
GSE85689,0.0006897795683161365,0.01805926923439534,stem
GSE99843,0.0006897696904686313,0.018038609266627165,stem
GSE98644,0.0006897540562736866,0.01800590903139126,stem
GSE105022,0.0006897436509237383,0.017984144954958075,stem
GSE95703,0.0006897025047897653,0.0178980795102049,stem
GSE84639,0.0006896766593649311,0.017844015961600845,stem
GSE69476,0.0006896550742446094,0.0177988625800194,stem
GSE76025,0.0006896140801460295,0.017713104144030316,stem
GSE103715,0.0006895574383601173,0.01759460282263255,stem
GSE76523,0.000689544036302693,0.017566562707906217,stem
GSE77128,0.0006895254729382765,0.017527723079289924,stem
GSE62288,0.0006894914611672498,0.01745655845151993,stem
GSE92652,0.0006894399204451394,0.017348710381313193,stem
GSE102798,0.0006893842468629369,0.017232205314314766,stem
GSE76586,0.0006893566638907411,0.01717448044825051,stem
GSE78508,0.0006892941909532518,0.017043730306761814,stem
GSE56625,0.000689273301878783,0.017000008741725754,stem
GSE49247,0.0006892638104728319,0.016980142458585156,stem
GSE55939,0.0006892458407576017,0.01694252963661161,stem
GSE93705,0.0006892346446192881,0.016919094247581635,stem
GSE76023,0.0006892250879740069,0.016899090290369154,stem
GSE67124,0.0006892098527713395,0.016867199410812342,stem
GSE76970,0.0006892019106202155,0.016850574332087614,stem
GSE93241,0.0006891852523152573,0.016815703354469552,stem
GSE75839,0.0006891536508121501,0.01674954933135969,stem
GSE70935,0.0006891002926951168,0.01663784351511845,stem
GSE73579,0.0006890787948547841,0.016592835100870146,stem
GSE52657,0.0006890571979026255,0.0165476177697157,stem
GSE84684,0.0006890365829501337,0.01650445511976614,stem
GSE92581,0.0006889610665932386,0.016346331375878025,stem
GSE73853,0.0006889300721079401,0.01628142698831527,stem
GSE60171,0.0006888949475871183,0.01620787051882212,stem
GSE103547,0.0006888750925466883,0.016166289169928537,stem
GSE56152,0.0006888082531627548,0.01602630221557792,stem
GSE56568,0.0006887864767697745,0.0159806912772068,stem
GSE79636,0.000688766827559147,0.015939534512321548,stem
GSE95540,0.0006887588509025659,0.015922826463865575,stem
GSE41716,0.0006887326300760633,0.015867902485183605,stem
GSE53667,0.00068867209165003,0.015741086472867018,stem
GSE59822,0.0006885962405473638,0.015582177700749262,stem
GSE87231,0.0006885822710962427,0.015552909660786809,stem
GSE98976,0.0006885822377716856,0.015552839840263484,stem
GSE84070,0.0006885527181692022,0.015490990006397228,stem
GSE104827,0.0006885507822889291,0.015486933833612826,stem
GSE80264,0.0006885475754871664,0.015480214724590569,stem
GSE109185,0.0006885080285956029,0.015397350816716773,stem
GSE107762,0.0006884716622476176,0.01532114700593497,stem
GSE45144,0.0006884547195645048,0.015285643110838878,stem
GSE47058,0.0006884173821353045,0.015207398335752529,stem
GSE63055,0.0006884052528581344,0.015181979160357477,stem
GSE68631,0.0006883533530648382,0.01507320835024608,stem
GSE72915,0.0006883210845323036,0.015005576307983041,stem
GSE39661,0.0006882974373256358,0.01495601180299926,stem
GSE77308,0.0006882881546418466,0.014936554848128919,stem
GSE75748,0.0006882654070174745,0.014888873616114861,stem
GSE81928,0.0006882589880989203,0.014875418653748721,stem
GSE66767,0.0006881743999847579,0.014698098263193909,stem
GSE122550,0.0006881295030801034,0.014603972915478068,stem
GSE85297,0.0006881127315464391,0.0145688101979884,stem
GSE59089,0.0006880614682536832,0.014461327732057081,stem
GSE85011,0.0006880370637304308,0.014410156563922184,stem
GSE102902,0.0006880156576117934,0.014365270927308995,stem
GSE84815,0.0006880029805456982,0.014338688234485104,stem
GSE84666,0.0006879911919057453,0.014313968053629882,stem
GSE84582,0.0006879485220494878,0.014224487984970639,stem
GSE117469,0.0006878798945235557,0.014080562201464178,stem
GSE79735,0.0006878705179632677,0.014060896545680272,stem
GSE58557,0.0006877159479528887,0.013736674995224954,stem
GSE36710,0.0006876881863784509,0.01367843540618418,stem
GSE83765,0.0006875534973815098,0.013395844861023886,stem
GSE64693,0.0006875423086685864,0.013372367368651434,stem
GSE98454,0.0006875195047665832,0.013324516317863095,stem
GSE61476,0.0006874928388458369,0.013268559305106207,stem
GSE71709,0.0006874906819645046,0.013264033109766628,stem
GSE101232,0.000687319054975922,0.012903829948639452,stem
GSE67528,0.0006872671645048503,0.01279490680615609,stem
GSE74760,0.0006871931745331929,0.01263958043949866,stem
GSE71191,0.0006871273865972315,0.012501458473316159,stem
GSE109795,0.0006871256322095307,0.012497774950120472,stem
GSE73362,0.000687033679941788,0.012304698238132253,stem
GSE69687,0.0006869774182709115,0.012186550089668869,stem
GSE46044,0.0006869652872571264,0.012161073985958382,stem
GSE100791,0.0006868870830849091,0.011996828141219804,stem
GSE67892,0.0006868829498855194,0.011988146999369958,stem
GSE83142,0.0006868687999177159,0.011958426799366725,stem
GSE74457,0.00068683874808046,0.0118953047226936,stem
GSE76978,0.0006867932783959603,0.011799793134294238,stem
GSE66993,0.0006867550299758902,0.011719445314512515,stem
GSE85861,0.0006867496747011221,0.01170819522075699,stem
GSE76371,0.0006867256849326483,0.01165779763659957,stem
GSE61549,0.0006866672945243122,0.011535124004430686,stem
GSE39872,0.0006866399296543445,0.011477628985825564,stem
GSE46217,0.0006864408351112384,0.01105925197641588,stem
GSE82052,0.0006864139508389334,0.011002748103269155,stem
GSE69622,0.0006863901623380708,0.010952748905424525,stem
GSE65507,0.0006863271229759835,0.010820242997469658,stem
GSE54968,0.0006863235600172013,0.010812753454748091,stem
GSE76308,0.0006862962385225525,0.010755320821346576,stem
GSE94968,0.0006862800011689973,0.010721187126219401,stem
GSE95106,0.0006862796042274314,0.010720352677024458,stem
GSE43306,0.0006862264569388784,0.010608622271105128,stem
GSE73583,0.0006862114284750169,0.010577026684133278,stem
GSE120306,0.0006862029910856874,0.010559287756925438,stem
GSE100118,0.0006861580637046781,0.010464827906758366,stem
GSE102943,0.0006861136693516755,0.010371482672866287,stem
GSE74289,0.0006860011064658312,0.010134776647361387,stem
GSE85761,0.000685959301380021,0.010046855757434863,stem
GSE47117,0.0006859505071359736,0.01002835977147883,stem
GSE74041,0.0006859221053292243,0.009968623691928755,stem
GSE32625,0.0006858825250726407,0.009885372420369222,stem
GSE81826,0.0006858643008394757,0.009847038800322203,stem
GSE61794,0.0006858601289747248,0.009838263380920836,stem
GSE109483,0.0006858459666688803,0.009808472905431794,stem
GSE93656,0.0006858238125459673,0.009761870372155809,stem
GSE25842,0.0006858237424619742,0.009761722943862105,stem
GSE72994,0.0006858093174903174,0.009731378333947762,stem
GSE67915,0.0006857965060189429,0.00970442737485724,stem
GSE94655,0.0006857581185684295,0.009623670278479355,stem
GSE87497,0.0006857498952212224,0.009606369931538569,stem
GSE95516,0.0006857451764955352,0.009596442543116002,stem
GSE85556,0.0006857243453976097,0.009552616674300211,stem
GSE72712,0.000685675804668333,0.009450488248203043,stem
GSE63392,0.0006856738797182289,0.009446438054439949,stem
GSE89726,0.000685653483166428,0.009403521964624073,stem
GSE54879,0.0006855979870416793,0.00928674690804721,stem
GSE66216,0.0006855655213206652,0.009218428090591826,stem
GSE76234,0.0006855653418614184,0.009218050438870203,stem
GSE54333,0.0006855586374750527,0.009203941743948741,stem
GSE89179,0.0006855331844726922,0.009150377249291812,stem
GSE70874,0.0006855228526910203,0.009128633994781532,stem
GSE104537,0.0006855175190110453,0.00911740912670551,stem
GSE97904,0.0006854934220132264,0.009066695280131527,stem
GSE93841,0.0006854859650345192,0.00905100117662757,stem
GSE97919,0.0006854686329873509,0.009014523150972103,stem
GSE65761,0.0006854094279141509,0.008889909783831492,stem
GSE69905,0.0006853953733714885,0.008860326550707778,stem
GSE65508,0.0006853843646351576,0.008837153974004027,stem
GSE39821,0.0006853045306839319,0.008669098267050661,stem
GSE93511,0.0006852919878784828,0.008642693058842816,stem
GSE79271,0.0006852658551752925,0.008587676743415701,stem
GSE74450,0.0006852559736986865,0.008566873050988561,stem
GSE26501,0.0006852543534306822,0.0085634618361023,stem
GSE71858,0.0006852378285494143,0.00852867088352171,stem
GSE117632,0.0006852282205143303,0.00850844205030386,stem
GSE81617,0.0006852195407320382,0.008490167324009186,stem
GSE81791,0.0006851938128443532,0.008435997542485776,stem
GSE101661,0.0006851918729285374,0.008431912988836053,stem
GSE69175,0.0006851791617759078,0.008405148971794315,stem
GSE99937,0.0006851675704298245,0.008380742334964195,stem
GSE79253,0.0006851510474130774,0.008345950901771721,stem
GSE57096,0.0006851020830128399,0.00824284484659942,stem
GSE64752,0.0006850709204932619,0.00817722099858947,stem
GSE54322,0.0006850570086442876,0.008147923653285363,stem
GSE82022,0.0006850405980750905,0.008113363419497623,stem
GSE57821,0.0006850373395018977,0.008106500850213735,stem
GSE101234,0.0006850118024008787,0.00805271847427361,stem
GSE93902,0.0006849844669067349,0.007995146373195405,stem
GSE86654,0.0006849805116281898,0.007986815852588073,stem
GSE97575,0.0006849766792964094,0.007978744233867347,stem
GSE67645,0.0006849638256719304,0.007951671729292654,stem
GSE81214,0.0006849580289559364,0.007939462429339149,stem
GSE58586,0.0006849391933551615,0.00789978933943232,stem
GSE97881,0.0006849124181167236,0.007843391254567737,stem
GSE60477,0.0006848876611970439,0.007791242498274133,stem
GSE62591,0.0006848762030834347,0.007767106128329923,stem
GSE89777,0.000684874720525991,0.00776398311050958,stem
GSE69797,0.0006848712099934937,0.007756588121830431,stem
GSE85331,0.0006848708797451638,0.007755892446883492,stem
GSE44615,0.0006848397112059253,0.00769023376351523,stem
GSE60560,0.0006848364878213379,0.00768344331046851,stem
GSE87750,0.0006848356108195793,0.007681595793695501,stem
GSE101668,0.0006848233876923608,0.007655845961011677,stem
GSE67543,0.0006848065684408113,0.007620412958550737,stem
GSE60138,0.000684803586223504,0.007614130250868538,stem
GSE40228,0.0006847960178373745,0.0075981856301133854,stem
GSE50243,0.0006847922327087736,0.007590211282699757,stem
GSE59100,0.0006847602587217111,0.0075228480923591615,stem
GSE96049,0.0006847221456176888,0.007442546825244136,stem
GSE80819,0.00068469917634708,0.007394150247402584,stem
GSE102283,0.0006846893260234031,0.007373394978761882,stem
GSE93530,0.0006846735740655297,0.0073402039648856185,stem
GSE41761,0.0006846605425114192,0.0073127445475478755,stem
GSE63734,0.0006846574069184882,0.007306137310165808,stem
GSE74798,0.0006846502882199661,0.00729113686710688,stem
GSE53220,0.0006846440507112848,0.007277993129363529,stem
GSE63569,0.0006846435102569833,0.007276854273271329,stem
GSE103559,0.0006846284638525477,0.007245147828570819,stem
GSE83126,0.0006846044456725167,0.007194534220054158,stem
GSE96106,0.0006846038803057159,0.007193342798903323,stem
GSE87365,0.0006845705365175465,0.007123074296578313,stem
GSE95561,0.0006845691076334997,0.007120062998297465,stem
GSE78711,0.0006845397787795561,0.007058252586334313,stem
GSE72932,0.0006845341310651985,0.007046349752692415,stem
GSE60237,0.0006845322454541073,0.007042375713424359,stem
GSE46562,0.0006845141642793212,0.00700426798966354,stem
GSE99317,0.0006845095577597162,0.0069945591688698565,stem
GSE122383,0.0006845018059321616,0.006978221067569236,stem
GSE90657,0.0006844678332261912,0.006906616478194356,stem
GSE99385,0.0006844052975446064,0.006774800145861242,stem
GSE87495,0.0006843983595907322,0.006760175182527682,stem
GSE72202,0.0006843968324894809,0.006756956086763671,stem
GSE76490,0.0006843723700289346,0.006705388780227672,stem
GSE66769,0.0006843050960097633,0.006563564433256557,stem
GSE81507,0.0006843045677692881,0.006562450763034824,stem
GSE90897,0.0006843009832088984,0.006554893541753291,stem
GSE75364,0.0006842970834360576,0.006546671722542462,stem
GSE83484,0.0006842798069207584,0.006510247400134342,stem
GSE86821,0.0006842757754739236,0.006501747711220175,stem
GSE71594,0.0006842617034573051,0.006472078624470014,stem
GSE71878,0.0006842433696362548,0.006433423140860545,stem
GSE63015,0.000684187989651287,0.006316652315376087,stem
GSE44568,0.0006841541452565042,0.0062452854557591446,stem
GSE63738,0.000684146318790526,0.0062287814729702915,stem
GSE53172,0.0006841381470807896,0.0062115492593383115,stem
GSE26880,0.000684092171583901,0.00611459391419851,stem
GSE84320,0.000684060039956254,0.006046829319762741,stem
GSE52202,0.0006840526058294178,0.006031150526129618,stem
GSE97080,0.0006839940494440535,0.005907647418244645,stem
GSE87849,0.0006839525635744289,0.005820141871137665,stem
GSE40291,0.0006839252373003942,0.005762500055449426,stem
GSE94277,0.0006838966821171429,0.005702263528033618,stem
GSE90876,0.0006838891580730475,0.005686391304788021,stem
GSE83256,0.000683872725161082,0.005651724918932512,stem
GSE58933,0.0006838409113644451,0.005584609105472072,stem
GSE83660,0.0006838083168839803,0.0055158430880393,stem
GSE59223,0.0006838062346343568,0.005511449962502213,stem
GSE77288,0.0006837962188452373,0.005490318486382374,stem
GSE117588,0.0006837539416294276,0.005401117912431045,stem
GSE101133,0.0006837445688936133,0.005381341657649166,stem
GSE101770,0.0006837285251199898,0.0053474890389087065,stem
GSE81383,0.0006837169286104515,0.005323019723869507,stem
GSE85417,0.0006837078720091995,0.005303909475601887,stem
GSE94888,0.0006837005527860435,0.005288465067392754,stem
GSE99821,0.0006836847570285401,0.005255133626935319,stem
GSE43093,0.0006836586146247101,0.005199967503854791,stem
GSE57662,0.0006836238579654222,0.005126620172914067,stem
GSE36597,0.0006836043577562022,0.005085467050390114,stem
GSE69599,0.00068352475098706,0.004917453231566307,stem
GSE68378,0.0006834080281523445,0.004671068833179588,stem
GSE81975,0.0006833972020153793,0.004648214349208716,stem
GSE77702,0.0006833897615239185,0.004632506912104496,stem
GSE77704,0.0006833897615239185,0.004632506912104496,stem
GSE92744,0.0006833698726105894,0.0045905190805735265,stem
GSE107218,0.0006833454802032975,0.004539022176018229,stem
GSE54392,0.0006833258369734177,0.004497550331280714,stem
GSE41616,0.0006832022519764162,0.004236603682279833,stem
GSE33281,0.0006831450751299184,0.004115860220778135,stem
GSE67122,0.0006830489617194032,0.003912869522236264,stem
GSE39757,0.0006830267178964605,0.003865886688808362,stem
GSE38993,0.000682998554785728,0.003806399092190436,stem
GSE61220,0.0006829750409642381,0.003756730088683188,stem
GSE70674,0.0006829092944437039,0.003617842517100742,stem
GSE56398,0.0006828635517813162,0.003521204613673315,stem
GSE86874,0.0006827898883439711,0.003365566480699103,stem
GSE40665,0.0006817472574451559,0.0011608647258583291,stem
GSE97726,0.0006811447818649956,-0.00011464142327323607,stem
GSE81144,0.0006796761034368095,-0.0032287263562308685,
GSE81162,0.0006796761034368095,-0.0032287263562308685,
GSE81157,0.0006796761034368095,-0.0032287263562308685,
GSE81167,0.0006796761034368095,-0.0032287263562308685,
GSE81148,0.0006796761034368095,-0.0032287263562308685,
GSE81147,0.0006796761034368095,-0.0032287263562308685,
GSE74620,0.0006796761034368095,-0.0032287263562308685,
GSE74550,0.0006796761034368095,-0.0032287263562308685,
GSE74639,0.0006796761034368095,-0.0032287263562308685,
GSE74658,0.0006796761034368095,-0.0032287263562308685,
GSE81194,0.0006796761034368095,-0.0032287263562308685,
GSE74698,0.0006796761034368095,-0.0032287263562308685,
GSE74716,0.0006796761034368095,-0.0032287263562308685,
GSE81089,0.0006796761034368095,-0.0032287263562308685,
GSE81087,0.0006796761034368095,-0.0032287263562308685,
GSE74718,0.0006796761034368095,-0.0032287263562308685,
GSE74729,0.0006796761034368095,-0.0032287263562308685,
GSE74734,0.0006796761034368095,-0.0032287263562308685,
GSE80386,0.0006796761034368095,-0.0032287263562308685,
GSE74737,0.0006796761034368095,-0.0032287263562308685,
GSE80388,0.0006796761034368095,-0.0032287263562308685,
GSE74791,0.0006796761034368095,-0.0032287263562308685,
GSE74850,0.0006796761034368095,-0.0032287263562308685,
GSE74697,0.0006796761034368095,-0.0032287263562308685,
GSE81405,0.0006796761034368095,-0.0032287263562308685,
GSE74377,0.0006796761034368095,-0.0032287263562308685,
GSE80306,0.0006796761034368095,-0.0032287263562308685,
GSE81402,0.0006796761034368095,-0.0032287263562308685,
GSE74383,0.0006796761034368095,-0.0032287263562308685,
GSE74417,0.0006796761034368095,-0.0032287263562308685,
GSE81396,0.0006796761034368095,-0.0032287263562308685,
GSE80336,0.0006796761034368095,-0.0032287263562308685,
GSE81345,0.0006796761034368095,-0.0032287263562308685,
GSE81328,0.0006796761034368095,-0.0032287263562308685,
GSE81322,0.0006796761034368095,-0.0032287263562308685,
GSE74439,0.0006796761034368095,-0.0032287263562308685,
GSE81301,0.0006796761034368095,-0.0032287263562308685,
GSE74442,0.0006796761034368095,-0.0032287263562308685,
GSE74461,0.0006796761034368095,-0.0032287263562308685,
GSE81236,0.0006796761034368095,-0.0032287263562308685,
GSE81198,0.0006796761034368095,-0.0032287263562308685,
GSE81201,0.0006796761034368095,-0.0032287263562308685,
GSE74516,0.0006796761034368095,-0.0032287263562308685,
GSE74863,0.0006796761034368095,-0.0032287263562308685,
GSE80372,0.0006796761034368095,-0.0032287263562308685,
GSE74508,0.0006796761034368095,-0.0032287263562308685,
GSE81239,0.0006796761034368095,-0.0032287263562308685,
GSE81268,0.0006796761034368095,-0.0032287263562308685,
GSE80361,0.0006796761034368095,-0.0032287263562308685,
GSE74493,0.0006796761034368095,-0.0032287263562308685,
GSE80358,0.0006796761034368095,-0.0032287263562308685,
GSE74484,0.0006796761034368095,-0.0032287263562308685,
GSE80351,0.0006796761034368095,-0.0032287263562308685,
GSE80338,0.0006796761034368095,-0.0032287263562308685,
GSE81259,0.0006796761034368095,-0.0032287263562308685,
GSE81266,0.0006796761034368095,-0.0032287263562308685,
GSE81252,0.0006796761034368095,-0.0032287263562308685,
GSE80611,0.0006796761034368095,-0.0032287263562308685,
GSE80619,0.0006796761034368095,-0.0032287263562308685,
GSE80635,0.0006796761034368095,-0.0032287263562308685,
GSE75035,0.0006796761034368095,-0.0032287263562308685,
GSE80651,0.0006796761034368095,-0.0032287263562308685,
GSE80688,0.0006796761034368095,-0.0032287263562308685,
GSE80714,0.0006796761034368095,-0.0032287263562308685,
GSE80397,0.0006796761034368095,-0.0032287263562308685,
GSE80716,0.0006796761034368095,-0.0032287263562308685,
GSE80450,0.0006796761034368095,-0.0032287263562308685,
GSE80722,0.0006796761034368095,-0.0032287263562308685,
GSE75011,0.0006796761034368095,-0.0032287263562308685,
GSE80727,0.0006796761034368095,-0.0032287263562308685,
GSE74999,0.0006796761034368095,-0.0032287263562308685,
GSE74981,0.0006796761034368095,-0.0032287263562308685,
GSE74978,0.0006796761034368095,-0.0032287263562308685,
GSE80715,0.0006796761034368095,-0.0032287263562308685,
GSE80463,0.0006796761034368095,-0.0032287263562308685,
GSE80467,0.0006796761034368095,-0.0032287263562308685,
GSE80492,0.0006796761034368095,-0.0032287263562308685,
GSE75168,0.0006796761034368095,-0.0032287263562308685,
GSE80525,0.0006796761034368095,-0.0032287263562308685,
GSE75146,0.0006796761034368095,-0.0032287263562308685,
GSE75130,0.0006796761034368095,-0.0032287263562308685,
GSE80609,0.0006796761034368095,-0.0032287263562308685,
GSE80538,0.0006796761034368095,-0.0032287263562308685,
GSE80551,0.0006796761034368095,-0.0032287263562308685,
GSE75061,0.0006796761034368095,-0.0032287263562308685,
GSE75059,0.0006796761034368095,-0.0032287263562308685,
GSE75042,0.0006796761034368095,-0.0032287263562308685,
GSE80563,0.0006796761034368095,-0.0032287263562308685,
GSE80589,0.0006796761034368095,-0.0032287263562308685,
GSE80591,0.0006796761034368095,-0.0032287263562308685,
GSE75070,0.0006796761034368095,-0.0032287263562308685,
GSE74924,0.0006796761034368095,-0.0032287263562308685,
GSE81032,0.0006796761034368095,-0.0032287263562308685,
GSE81043,0.0006796761034368095,-0.0032287263562308685,
GSE80409,0.0006796761034368095,-0.0032287263562308685,
GSE75189,0.0006796761034368095,-0.0032287263562308685,
GSE81046,0.0006796761034368095,-0.0032287263562308685,
GSE75215,0.0006796761034368095,-0.0032287263562308685,
GSE80746,0.0006796761034368095,-0.0032287263562308685,
GSE81062,0.0006796761034368095,-0.0032287263562308685,
GSE74886,0.0006796761034368095,-0.0032287263562308685,
GSE81063,0.0006796761034368095,-0.0032287263562308685,
GSE74881,0.0006796761034368095,-0.0032287263562308685,
GSE74866,0.0006796761034368095,-0.0032287263562308685,
GSE75217,0.0006796761034368095,-0.0032287263562308685,
GSE80389,0.0006796761034368095,-0.0032287263562308685,
GSE81076,0.0006796761034368095,-0.0032287263562308685,
GSE74896,0.0006796761034368095,-0.0032287263562308685,
GSE80753,0.0006796761034368095,-0.0032287263562308685,
GSE74974,0.0006796761034368095,-0.0032287263562308685,
GSE80774,0.0006796761034368095,-0.0032287263562308685,
GSE80780,0.0006796761034368095,-0.0032287263562308685,
GSE74958,0.0006796761034368095,-0.0032287263562308685,
GSE80442,0.0006796761034368095,-0.0032287263562308685,
GSE74941,0.0006796761034368095,-0.0032287263562308685,
GSE80802,0.0006796761034368095,-0.0032287263562308685,
GSE80411,0.0006796761034368095,-0.0032287263562308685,
GSE74928,0.0006796761034368095,-0.0032287263562308685,
GSE80434,0.0006796761034368095,-0.0032287263562308685,
GSE80829,0.0006796761034368095,-0.0032287263562308685,
GSE80963,0.0006796761034368095,-0.0032287263562308685,
GSE80979,0.0006796761034368095,-0.0032287263562308685,
GSE74927,0.0006796761034368095,-0.0032287263562308685,
GSE80988,0.0006796761034368095,-0.0032287263562308685,
GSE81412,0.0006796761034368095,-0.0032287263562308685,
GSE74935,0.0006796761034368095,-0.0032287263562308685,
GSE73678,0.0006796761034368095,-0.0032287263562308685,
GSE82143,0.0006796761034368095,-0.0032287263562308685,
GSE82147,0.0006796761034368095,-0.0032287263562308685,
GSE73663,0.0006796761034368095,-0.0032287263562308685,
GSE73632,0.0006796761034368095,-0.0032287263562308685,
GSE82177,0.0006796761034368095,-0.0032287263562308685,
GSE73628,0.0006796761034368095,-0.0032287263562308685,
GSE82184,0.0006796761034368095,-0.0032287263562308685,
GSE80333,0.0006796761034368095,-0.0032287263562308685,
GSE73573,0.0006796761034368095,-0.0032287263562308685,
GSE73570,0.0006796761034368095,-0.0032287263562308685,
GSE82204,0.0006796761034368095,-0.0032287263562308685,
GSE82207,0.0006796761034368095,-0.0032287263562308685,
GSE82227,0.0006796761034368095,-0.0032287263562308685,
GSE82236,0.0006796761034368095,-0.0032287263562308685,
GSE82237,0.0006796761034368095,-0.0032287263562308685,
GSE82260,0.0006796761034368095,-0.0032287263562308685,
GSE73588,0.0006796761034368095,-0.0032287263562308685,
GSE81965,0.0006796761034368095,-0.0032287263562308685,
GSE73742,0.0006796761034368095,-0.0032287263562308685,
GSE73737,0.0006796761034368095,-0.0032287263562308685,
GSE73727,0.0006796761034368095,-0.0032287263562308685,
GSE81978,0.0006796761034368095,-0.0032287263562308685,
GSE81995,0.0006796761034368095,-0.0032287263562308685,
GSE82032,0.0006796761034368095,-0.0032287263562308685,
GSE73719,0.0006796761034368095,-0.0032287263562308685,
GSE73696,0.0006796761034368095,-0.0032287263562308685,
GSE73718,0.0006796761034368095,-0.0032287263562308685,
GSE82070,0.0006796761034368095,-0.0032287263562308685,
GSE73708,0.0006796761034368095,-0.0032287263562308685,
GSE82102,0.0006796761034368095,-0.0032287263562308685,
GSE82104,0.0006796761034368095,-0.0032287263562308685,
GSE82110,0.0006796761034368095,-0.0032287263562308685,
GSE82115,0.0006796761034368095,-0.0032287263562308685,
GSE82117,0.0006796761034368095,-0.0032287263562308685,
GSE82061,0.0006796761034368095,-0.0032287263562308685,
GSE73433,0.0006796761034368095,-0.0032287263562308685,
GSE83277,0.0006796761034368095,-0.0032287263562308685,
GSE83299,0.0006796761034368095,-0.0032287263562308685,
GSE83314,0.0006796761034368095,-0.0032287263562308685,
GSE73398,0.0006796761034368095,-0.0032287263562308685,
GSE83321,0.0006796761034368095,-0.0032287263562308685,
GSE83322,0.0006796761034368095,-0.0032287263562308685,
GSE73376,0.0006796761034368095,-0.0032287263562308685,
GSE82289,0.0006796761034368095,-0.0032287263562308685,
GSE83392,0.0006796761034368095,-0.0032287263562308685,
GSE83402,0.0006796761034368095,-0.0032287263562308685,
GSE83403,0.0006796761034368095,-0.0032287263562308685,
GSE83415,0.0006796761034368095,-0.0032287263562308685,
GSE83479,0.0006796761034368095,-0.0032287263562308685,
GSE83480,0.0006796761034368095,-0.0032287263562308685,
GSE83482,0.0006796761034368095,-0.0032287263562308685,
GSE73370,0.0006796761034368095,-0.0032287263562308685,
GSE83381,0.0006796761034368095,-0.0032287263562308685,
GSE73565,0.0006796761034368095,-0.0032287263562308685,
GSE82320,0.0006796761034368095,-0.0032287263562308685,
GSE82329,0.0006796761034368095,-0.0032287263562308685,
GSE82333,0.0006796761034368095,-0.0032287263562308685,
GSE82336,0.0006796761034368095,-0.0032287263562308685,
GSE83083,0.0006796761034368095,-0.0032287263562308685,
GSE73555,0.0006796761034368095,-0.0032287263562308685,
GSE73527,0.0006796761034368095,-0.0032287263562308685,
GSE83266,0.0006796761034368095,-0.0032287263562308685,
GSE83115,0.0006796761034368095,-0.0032287263562308685,
GSE73526,0.0006796761034368095,-0.0032287263562308685,
GSE73502,0.0006796761034368095,-0.0032287263562308685,
GSE73471,0.0006796761034368095,-0.0032287263562308685,
GSE83139,0.0006796761034368095,-0.0032287263562308685,
GSE73470,0.0006796761034368095,-0.0032287263562308685,
GSE73458,0.0006796761034368095,-0.0032287263562308685,
GSE83245,0.0006796761034368095,-0.0032287263562308685,
GSE83254,0.0006796761034368095,-0.0032287263562308685,
GSE83100,0.0006796761034368095,-0.0032287263562308685,
GSE81497,0.0006796761034368095,-0.0032287263562308685,
GSE74251,0.0006796761034368095,-0.0032287263562308685,
GSE81498,0.0006796761034368095,-0.0032287263562308685,
GSE74235,0.0006796761034368095,-0.0032287263562308685,
GSE74232,0.0006796761034368095,-0.0032287263562308685,
GSE74230,0.0006796761034368095,-0.0032287263562308685,
GSE74220,0.0006796761034368095,-0.0032287263562308685,
GSE74207,0.0006796761034368095,-0.0032287263562308685,
GSE81955,0.0006796761034368095,-0.0032287263562308685,
GSE81518,0.0006796761034368095,-0.0032287263562308685,
GSE81534,0.0006796761034368095,-0.0032287263562308685,
GSE81547,0.0006796761034368095,-0.0032287263562308685,
GSE81550,0.0006796761034368095,-0.0032287263562308685,
GSE81579,0.0006796761034368095,-0.0032287263562308685,
GSE81593,0.0006796761034368095,-0.0032287263562308685,
GSE81601,0.0006796761034368095,-0.0032287263562308685,
GSE81608,0.0006796761034368095,-0.0032287263562308685,
GSE81513,0.0006796761034368095,-0.0032287263562308685,
GSE74369,0.0006796761034368095,-0.0032287263562308685,
GSE81417,0.0006796761034368095,-0.0032287263562308685,
GSE81429,0.0006796761034368095,-0.0032287263562308685,
GSE81439,0.0006796761034368095,-0.0032287263562308685,
GSE74365,0.0006796761034368095,-0.0032287263562308685,
GSE81443,0.0006796761034368095,-0.0032287263562308685,
GSE74345,0.0006796761034368095,-0.0032287263562308685,
GSE74339,0.0006796761034368095,-0.0032287263562308685,
GSE74263,0.0006796761034368095,-0.0032287263562308685,
GSE81469,0.0006796761034368095,-0.0032287263562308685,
GSE74324,0.0006796761034368095,-0.0032287263562308685,
GSE74322,0.0006796761034368095,-0.0032287263562308685,
GSE74308,0.0006796761034368095,-0.0032287263562308685,
GSE74279,0.0006796761034368095,-0.0032287263562308685,
GSE81485,0.0006796761034368095,-0.0032287263562308685,
GSE81493,0.0006796761034368095,-0.0032287263562308685,
GSE74270,0.0006796761034368095,-0.0032287263562308685,
GSE81460,0.0006796761034368095,-0.0032287263562308685,
GSE73942,0.0006796761034368095,-0.0032287263562308685,
GSE81750,0.0006796761034368095,-0.0032287263562308685,
GSE73941,0.0006796761034368095,-0.0032287263562308685,
GSE81781,0.0006796761034368095,-0.0032287263562308685,
GSE73934,0.0006796761034368095,-0.0032287263562308685,
GSE81796,0.0006796761034368095,-0.0032287263562308685,
GSE73929,0.0006796761034368095,-0.0032287263562308685,
GSE81802,0.0006796761034368095,-0.0032287263562308685,
GSE74142,0.0006796761034368095,-0.0032287263562308685,
GSE73893,0.0006796761034368095,-0.0032287263562308685,
GSE81812,0.0006796761034368095,-0.0032287263562308685,
GSE81814,0.0006796761034368095,-0.0032287263562308685,
GSE81817,0.0006796761034368095,-0.0032287263562308685,
GSE73887,0.0006796761034368095,-0.0032287263562308685,
GSE81827,0.0006796761034368095,-0.0032287263562308685,
GSE73857,0.0006796761034368095,-0.0032287263562308685,
GSE73784,0.0006796761034368095,-0.0032287263562308685,
GSE81810,0.0006796761034368095,-0.0032287263562308685,
GSE74118,0.0006796761034368095,-0.0032287263562308685,
GSE74102,0.0006796761034368095,-0.0032287263562308685,
GSE74085,0.0006796761034368095,-0.0032287263562308685,
GSE81620,0.0006796761034368095,-0.0032287263562308685,
GSE74053,0.0006796761034368095,-0.0032287263562308685,
GSE81626,0.0006796761034368095,-0.0032287263562308685,
GSE81662,0.0006796761034368095,-0.0032287263562308685,
GSE74031,0.0006796761034368095,-0.0032287263562308685,
GSE73982,0.0006796761034368095,-0.0032287263562308685,
GSE74029,0.0006796761034368095,-0.0032287263562308685,
GSE74016,0.0006796761034368095,-0.0032287263562308685,
GSE81687,0.0006796761034368095,-0.0032287263562308685,
GSE81698,0.0006796761034368095,-0.0032287263562308685,
GSE74009,0.0006796761034368095,-0.0032287263562308685,
GSE81747,0.0006796761034368095,-0.0032287263562308685,
GSE81748,0.0006796761034368095,-0.0032287263562308685,
GSE73986,0.0006796761034368095,-0.0032287263562308685,
GSE81749,0.0006796761034368095,-0.0032287263562308685,
GSE81671,0.0006796761034368095,-0.0032287263562308685,
GSE76572,0.0006796761034368095,-0.0032287263562308685,
GSE78172,0.0006796761034368095,-0.0032287263562308685,
GSE78195,0.0006796761034368095,-0.0032287263562308685,
GSE78199,0.0006796761034368095,-0.0032287263562308685,
GSE76528,0.0006796761034368095,-0.0032287263562308685,
GSE78213,0.0006796761034368095,-0.0032287263562308685,
GSE78220,0.0006796761034368095,-0.0032287263562308685,
GSE78236,0.0006796761034368095,-0.0032287263562308685,
GSE83492,0.0006796761034368095,-0.0032287263562308685,
GSE78275,0.0006796761034368095,-0.0032287263562308685,
GSE76511,0.0006796761034368095,-0.0032287263562308685,
GSE78276,0.0006796761034368095,-0.0032287263562308685,
GSE78285,0.0006796761034368095,-0.0032287263562308685,
GSE76507,0.0006796761034368095,-0.0032287263562308685,
GSE78506,0.0006796761034368095,-0.0032287263562308685,
GSE76495,0.0006796761034368095,-0.0032287263562308685,
GSE78512,0.0006796761034368095,-0.0032287263562308685,
GSE78271,0.0006796761034368095,-0.0032287263562308685,
GSE77946,0.0006796761034368095,-0.0032287263562308685,
GSE76683,0.0006796761034368095,-0.0032287263562308685,
GSE76682,0.0006796761034368095,-0.0032287263562308685,
GSE77950,0.0006796761034368095,-0.0032287263562308685,
GSE76661,0.0006796761034368095,-0.0032287263562308685,
GSE76656,0.0006796761034368095,-0.0032287263562308685,
GSE76647,0.0006796761034368095,-0.0032287263562308685,
GSE77958,0.0006796761034368095,-0.0032287263562308685,
GSE78167,0.0006796761034368095,-0.0032287263562308685,
GSE78003,0.0006796761034368095,-0.0032287263562308685,
GSE78011,0.0006796761034368095,-0.0032287263562308685,
GSE78023,0.0006796761034368095,-0.0032287263562308685,
GSE76627,0.0006796761034368095,-0.0032287263562308685,
GSE78081,0.0006796761034368095,-0.0032287263562308685,
GSE78102,0.0006796761034368095,-0.0032287263562308685,
GSE78138,0.0006796761034368095,-0.0032287263562308685,
GSE76608,0.0006796761034368095,-0.0032287263562308685,
GSE78158,0.0006796761034368095,-0.0032287263562308685,
GSE77992,0.0006796761034368095,-0.0032287263562308685,
GSE78930,0.0006796761034368095,-0.0032287263562308685,
GSE78936,0.0006796761034368095,-0.0032287263562308685,
GSE78957,0.0006796761034368095,-0.0032287263562308685,
GSE76389,0.0006796761034368095,-0.0032287263562308685,
GSE76377,0.0006796761034368095,-0.0032287263562308685,
GSE76367,0.0006796761034368095,-0.0032287263562308685,
GSE76326,0.0006796761034368095,-0.0032287263562308685,
GSE78968,0.0006796761034368095,-0.0032287263562308685,
GSE78519,0.0006796761034368095,-0.0032287263562308685,
GSE79029,0.0006796761034368095,-0.0032287263562308685,
GSE76307,0.0006796761034368095,-0.0032287263562308685,
GSE79044,0.0006796761034368095,-0.0032287263562308685,
GSE79051,0.0006796761034368095,-0.0032287263562308685,
GSE79102,0.0006796761034368095,-0.0032287263562308685,
GSE76284,0.0006796761034368095,-0.0032287263562308685,
GSE79111,0.0006796761034368095,-0.0032287263562308685,
GSE79112,0.0006796761034368095,-0.0032287263562308685,
GSE79027,0.0006796761034368095,-0.0032287263562308685,
GSE78522,0.0006796761034368095,-0.0032287263562308685,
GSE76487,0.0006796761034368095,-0.0032287263562308685,
GSE76476,0.0006796761034368095,-0.0032287263562308685,
GSE76464,0.0006796761034368095,-0.0032287263562308685,
GSE78527,0.0006796761034368095,-0.0032287263562308685,
GSE78705,0.0006796761034368095,-0.0032287263562308685,
GSE76453,0.0006796761034368095,-0.0032287263562308685,
GSE78725,0.0006796761034368095,-0.0032287263562308685,
GSE78925,0.0006796761034368095,-0.0032287263562308685,
GSE78785,0.0006796761034368095,-0.0032287263562308685,
GSE76445,0.0006796761034368095,-0.0032287263562308685,
GSE78801,0.0006796761034368095,-0.0032287263562308685,
GSE78853,0.0006796761034368095,-0.0032287263562308685,
GSE76433,0.0006796761034368095,-0.0032287263562308685,
GSE76421,0.0006796761034368095,-0.0032287263562308685,
GSE78913,0.0006796761034368095,-0.0032287263562308685,
GSE78918,0.0006796761034368095,-0.0032287263562308685,
GSE78922,0.0006796761034368095,-0.0032287263562308685,
GSE78740,0.0006796761034368095,-0.0032287263562308685,
GSE77370,0.0006796761034368095,-0.0032287263562308685,
GSE77381,0.0006796761034368095,-0.0032287263562308685,
GSE77085,0.0006796761034368095,-0.0032287263562308685,
GSE77039,0.0006796761034368095,-0.0032287263562308685,
GSE77034,0.0006796761034368095,-0.0032287263562308685,
GSE77032,0.0006796761034368095,-0.0032287263562308685,
GSE77382,0.0006796761034368095,-0.0032287263562308685,
GSE77383,0.0006796761034368095,-0.0032287263562308685,
GSE77938,0.0006796761034368095,-0.0032287263562308685,
GSE77415,0.0006796761034368095,-0.0032287263562308685,
GSE77422,0.0006796761034368095,-0.0032287263562308685,
GSE77460,0.0006796761034368095,-0.0032287263562308685,
GSE77466,0.0006796761034368095,-0.0032287263562308685,
GSE77509,0.0006796761034368095,-0.0032287263562308685,
GSE76998,0.0006796761034368095,-0.0032287263562308685,
GSE76987,0.0006796761034368095,-0.0032287263562308685,
GSE77523,0.0006796761034368095,-0.0032287263562308685,
GSE77408,0.0006796761034368095,-0.0032287263562308685,
GSE77251,0.0006796761034368095,-0.0032287263562308685,
GSE77250,0.0006796761034368095,-0.0032287263562308685,
GSE77229,0.0006796761034368095,-0.0032287263562308685,
GSE77219,0.0006796761034368095,-0.0032287263562308685,
GSE77261,0.0006796761034368095,-0.0032287263562308685,
GSE77179,0.0006796761034368095,-0.0032287263562308685,
GSE77140,0.0006796761034368095,-0.0032287263562308685,
GSE77282,0.0006796761034368095,-0.0032287263562308685,
GSE77356,0.0006796761034368095,-0.0032287263562308685,
GSE77120,0.0006796761034368095,-0.0032287263562308685,
GSE77108,0.0006796761034368095,-0.0032287263562308685,
GSE77312,0.0006796761034368095,-0.0032287263562308685,
GSE77314,0.0006796761034368095,-0.0032287263562308685,
GSE77315,0.0006796761034368095,-0.0032287263562308685,
GSE77317,0.0006796761034368095,-0.0032287263562308685,
GSE77347,0.0006796761034368095,-0.0032287263562308685,
GSE77352,0.0006796761034368095,-0.0032287263562308685,
GSE77088,0.0006796761034368095,-0.0032287263562308685,
GSE77131,0.0006796761034368095,-0.0032287263562308685,
GSE77661,0.0006796761034368095,-0.0032287263562308685,
GSE77675,0.0006796761034368095,-0.0032287263562308685,
GSE76747,0.0006796761034368095,-0.0032287263562308685,
GSE77682,0.0006796761034368095,-0.0032287263562308685,
GSE77737,0.0006796761034368095,-0.0032287263562308685,
GSE76743,0.0006796761034368095,-0.0032287263562308685,
GSE76717,0.0006796761034368095,-0.0032287263562308685,
GSE77742,0.0006796761034368095,-0.0032287263562308685,
GSE76980,0.0006796761034368095,-0.0032287263562308685,
GSE77808,0.0006796761034368095,-0.0032287263562308685,
GSE77829,0.0006796761034368095,-0.0032287263562308685,
GSE77841,0.0006796761034368095,-0.0032287263562308685,
GSE77901,0.0006796761034368095,-0.0032287263562308685,
GSE76688,0.0006796761034368095,-0.0032287263562308685,
GSE77902,0.0006796761034368095,-0.0032287263562308685,
GSE76684,0.0006796761034368095,-0.0032287263562308685,
GSE77913,0.0006796761034368095,-0.0032287263562308685,
GSE77926,0.0006796761034368095,-0.0032287263562308685,
GSE76712,0.0006796761034368095,-0.0032287263562308685,
GSE77530,0.0006796761034368095,-0.0032287263562308685,
GSE77538,0.0006796761034368095,-0.0032287263562308685,
GSE76947,0.0006796761034368095,-0.0032287263562308685,
GSE77564,0.0006796761034368095,-0.0032287263562308685,
GSE76931,0.0006796761034368095,-0.0032287263562308685,
GSE77568,0.0006796761034368095,-0.0032287263562308685,
GSE76922,0.0006796761034368095,-0.0032287263562308685,
GSE77597,0.0006796761034368095,-0.0032287263562308685,
GSE77649,0.0006796761034368095,-0.0032287263562308685,
GSE76883,0.0006796761034368095,-0.0032287263562308685,
GSE77624,0.0006796761034368095,-0.0032287263562308685,
GSE76878,0.0006796761034368095,-0.0032287263562308685,
GSE76877,0.0006796761034368095,-0.0032287263562308685,
GSE76860,0.0006796761034368095,-0.0032287263562308685,
GSE77635,0.0006796761034368095,-0.0032287263562308685,
GSE77638,0.0006796761034368095,-0.0032287263562308685,
GSE76801,0.0006796761034368095,-0.0032287263562308685,
GSE77639,0.0006796761034368095,-0.0032287263562308685,
GSE77598,0.0006796761034368095,-0.0032287263562308685,
GSE79953,0.0006796761034368095,-0.0032287263562308685,
GSE79955,0.0006796761034368095,-0.0032287263562308685,
GSE75591,0.0006796761034368095,-0.0032287263562308685,
GSE79968,0.0006796761034368095,-0.0032287263562308685,
GSE79970,0.0006796761034368095,-0.0032287263562308685,
GSE75530,0.0006796761034368095,-0.0032287263562308685,
GSE79978,0.0006796761034368095,-0.0032287263562308685,
GSE75524,0.0006796761034368095,-0.0032287263562308685,
GSE76268,0.0006796761034368095,-0.0032287263562308685,
GSE79989,0.0006796761034368095,-0.0032287263562308685,
GSE75515,0.0006796761034368095,-0.0032287263562308685,
GSE75491,0.0006796761034368095,-0.0032287263562308685,
GSE80016,0.0006796761034368095,-0.0032287263562308685,
GSE80043,0.0006796761034368095,-0.0032287263562308685,
GSE80045,0.0006796761034368095,-0.0032287263562308685,
GSE75489,0.0006796761034368095,-0.0032287263562308685,
GSE80048,0.0006796761034368095,-0.0032287263562308685,
GSE79988,0.0006796761034368095,-0.0032287263562308685,
GSE75699,0.0006796761034368095,-0.0032287263562308685,
GSE79842,0.0006796761034368095,-0.0032287263562308685,
GSE79859,0.0006796761034368095,-0.0032287263562308685,
GSE79861,0.0006796761034368095,-0.0032287263562308685,
GSE79871,0.0006796761034368095,-0.0032287263562308685,
GSE79872,0.0006796761034368095,-0.0032287263562308685,
GSE75688,0.0006796761034368095,-0.0032287263562308685,
GSE79884,0.0006796761034368095,-0.0032287263562308685,
GSE75602,0.0006796761034368095,-0.0032287263562308685,
GSE79899,0.0006796761034368095,-0.0032287263562308685,
GSE79917,0.0006796761034368095,-0.0032287263562308685,
GSE79920,0.0006796761034368095,-0.0032287263562308685,
GSE75665,0.0006796761034368095,-0.0032287263562308685,
GSE75664,0.0006796761034368095,-0.0032287263562308685,
GSE79923,0.0006796761034368095,-0.0032287263562308685,
GSE75652,0.0006796761034368095,-0.0032287263562308685,
GSE79933,0.0006796761034368095,-0.0032287263562308685,
GSE75627,0.0006796761034368095,-0.0032287263562308685,
GSE79888,0.0006796761034368095,-0.0032287263562308685,
GSE80170,0.0006796761034368095,-0.0032287263562308685,
GSE80176,0.0006796761034368095,-0.0032287263562308685,
GSE75354,0.0006796761034368095,-0.0032287263562308685,
GSE80182,0.0006796761034368095,-0.0032287263562308685,
GSE80183,0.0006796761034368095,-0.0032287263562308685,
GSE80207,0.0006796761034368095,-0.0032287263562308685,
GSE80237,0.0006796761034368095,-0.0032287263562308685,
GSE80239,0.0006796761034368095,-0.0032287263562308685,
GSE80062,0.0006796761034368095,-0.0032287263562308685,
GSE80258,0.0006796761034368095,-0.0032287263562308685,
GSE75327,0.0006796761034368095,-0.0032287263562308685,
GSE75299,0.0006796761034368095,-0.0032287263562308685,
GSE80297,0.0006796761034368095,-0.0032287263562308685,
GSE75291,0.0006796761034368095,-0.0032287263562308685,
GSE75247,0.0006796761034368095,-0.0032287263562308685,
GSE75234,0.0006796761034368095,-0.0032287263562308685,
GSE75220,0.0006796761034368095,-0.0032287263562308685,
GSE80249,0.0006796761034368095,-0.0032287263562308685,
GSE80064,0.0006796761034368095,-0.0032287263562308685,
GSE80072,0.0006796761034368095,-0.0032287263562308685,
GSE75487,0.0006796761034368095,-0.0032287263562308685,
GSE80073,0.0006796761034368095,-0.0032287263562308685,
GSE80082,0.0006796761034368095,-0.0032287263562308685,
GSE80095,0.0006796761034368095,-0.0032287263562308685,
GSE80098,0.0006796761034368095,-0.0032287263562308685,
GSE80106,0.0006796761034368095,-0.0032287263562308685,
GSE75367,0.0006796761034368095,-0.0032287263562308685,
GSE80126,0.0006796761034368095,-0.0032287263562308685,
GSE75440,0.0006796761034368095,-0.0032287263562308685,
GSE80131,0.0006796761034368095,-0.0032287263562308685,
GSE80135,0.0006796761034368095,-0.0032287263562308685,
GSE75432,0.0006796761034368095,-0.0032287263562308685,
GSE75428,0.0006796761034368095,-0.0032287263562308685,
GSE80136,0.0006796761034368095,-0.0032287263562308685,
GSE80137,0.0006796761034368095,-0.0032287263562308685,
GSE75369,0.0006796761034368095,-0.0032287263562308685,
GSE75452,0.0006796761034368095,-0.0032287263562308685,
GSE79183,0.0006796761034368095,-0.0032287263562308685,
GSE79209,0.0006796761034368095,-0.0032287263562308685,
GSE79210,0.0006796761034368095,-0.0032287263562308685,
GSE79249,0.0006796761034368095,-0.0032287263562308685,
GSE75935,0.0006796761034368095,-0.0032287263562308685,
GSE75906,0.0006796761034368095,-0.0032287263562308685,
GSE79256,0.0006796761034368095,-0.0032287263562308685,
GSE75885,0.0006796761034368095,-0.0032287263562308685,
GSE79835,0.0006796761034368095,-0.0032287263562308685,
GSE79293,0.0006796761034368095,-0.0032287263562308685,
GSE79301,0.0006796761034368095,-0.0032287263562308685,
GSE79304,0.0006796761034368095,-0.0032287263562308685,
GSE79309,0.0006796761034368095,-0.0032287263562308685,
GSE79338,0.0006796761034368095,-0.0032287263562308685,
GSE75859,0.0006796761034368095,-0.0032287263562308685,
GSE79343,0.0006796761034368095,-0.0032287263562308685,
GSE75853,0.0006796761034368095,-0.0032287263562308685,
GSE79272,0.0006796761034368095,-0.0032287263562308685,
GSE79120,0.0006796761034368095,-0.0032287263562308685,
GSE76240,0.0006796761034368095,-0.0032287263562308685,
GSE76220,0.0006796761034368095,-0.0032287263562308685,
GSE76203,0.0006796761034368095,-0.0032287263562308685,
GSE76199,0.0006796761034368095,-0.0032287263562308685,
GSE79123,0.0006796761034368095,-0.0032287263562308685,
GSE79130,0.0006796761034368095,-0.0032287263562308685,
GSE79133,0.0006796761034368095,-0.0032287263562308685,
GSE79160,0.0006796761034368095,-0.0032287263562308685,
GSE76125,0.0006796761034368095,-0.0032287263562308685,
GSE79134,0.0006796761034368095,-0.0032287263562308685,
GSE79147,0.0006796761034368095,-0.0032287263562308685,
GSE76122,0.0006796761034368095,-0.0032287263562308685,
GSE75990,0.0006796761034368095,-0.0032287263562308685,
GSE75962,0.0006796761034368095,-0.0032287263562308685,
GSE75956,0.0006796761034368095,-0.0032287263562308685,
GSE79157,0.0006796761034368095,-0.0032287263562308685,
GSE75949,0.0006796761034368095,-0.0032287263562308685,
GSE76151,0.0006796761034368095,-0.0032287263562308685,
GSE79668,0.0006796761034368095,-0.0032287263562308685,
GSE79669,0.0006796761034368095,-0.0032287263562308685,
GSE79671,0.0006796761034368095,-0.0032287263562308685,
GSE79680,0.0006796761034368095,-0.0032287263562308685,
GSE79684,0.0006796761034368095,-0.0032287263562308685,
GSE75747,0.0006796761034368095,-0.0032287263562308685,
GSE79688,0.0006796761034368095,-0.0032287263562308685,
GSE75746,0.0006796761034368095,-0.0032287263562308685,
GSE79362,0.0006796761034368095,-0.0032287263562308685,
GSE75741,0.0006796761034368095,-0.0032287263562308685,
GSE79724,0.0006796761034368095,-0.0032287263562308685,
GSE75733,0.0006796761034368095,-0.0032287263562308685,
GSE79779,0.0006796761034368095,-0.0032287263562308685,
GSE79782,0.0006796761034368095,-0.0032287263562308685,
GSE79804,0.0006796761034368095,-0.0032287263562308685,
GSE79820,0.0006796761034368095,-0.0032287263562308685,
GSE75719,0.0006796761034368095,-0.0032287263562308685,
GSE79833,0.0006796761034368095,-0.0032287263562308685,
GSE75742,0.0006796761034368095,-0.0032287263562308685,
GSE79373,0.0006796761034368095,-0.0032287263562308685,
GSE79395,0.0006796761034368095,-0.0032287263562308685,
GSE79400,0.0006796761034368095,-0.0032287263562308685,
GSE79426,0.0006796761034368095,-0.0032287263562308685,
GSE75852,0.0006796761034368095,-0.0032287263562308685,
GSE75844,0.0006796761034368095,-0.0032287263562308685,
GSE79463,0.0006796761034368095,-0.0032287263562308685,
GSE79477,0.0006796761034368095,-0.0032287263562308685,
GSE79666,0.0006796761034368095,-0.0032287263562308685,
GSE75823,0.0006796761034368095,-0.0032287263562308685,
GSE79572,0.0006796761034368095,-0.0032287263562308685,
GSE79577,0.0006796761034368095,-0.0032287263562308685,
GSE79586,0.0006796761034368095,-0.0032287263562308685,
GSE79608,0.0006796761034368095,-0.0032287263562308685,
GSE79613,0.0006796761034368095,-0.0032287263562308685,
GSE75792,0.0006796761034368095,-0.0032287263562308685,
GSE79657,0.0006796761034368095,-0.0032287263562308685,
GSE79664,0.0006796761034368095,-0.0032287263562308685,
GSE79564,0.0006796761034368095,-0.0032287263562308685,
GSE94147,0.0006796761034368095,-0.0032287263562308685,
GSE94149,0.0006796761034368095,-0.0032287263562308685,
GSE94150,0.0006796761034368095,-0.0032287263562308685,
GSE94153,0.0006796761034368095,-0.0032287263562308685,
GSE94259,0.0006796761034368095,-0.0032287263562308685,
GSE94270,0.0006796761034368095,-0.0032287263562308685,
GSE94280,0.0006796761034368095,-0.0032287263562308685,
GSE94304,0.0006796761034368095,-0.0032287263562308685,
GSE94330,0.0006796761034368095,-0.0032287263562308685,
GSE94344,0.0006796761034368095,-0.0032287263562308685,
GSE94372,0.0006796761034368095,-0.0032287263562308685,
GSE85013,0.0006796761034368095,-0.0032287263562308685,
GSE94384,0.0006796761034368095,-0.0032287263562308685,
GSE94395,0.0006796761034368095,-0.0032287263562308685,
GSE94405,0.0006796761034368095,-0.0032287263562308685,
GSE94408,0.0006796761034368095,-0.0032287263562308685,
GSE94427,0.0006796761034368095,-0.0032287263562308685,
GSE94437,0.0006796761034368095,-0.0032287263562308685,
GSE94454,0.0006796761034368095,-0.0032287263562308685,
GSE94461,0.0006796761034368095,-0.0032287263562308685,
GSE94464,0.0006796761034368095,-0.0032287263562308685,
GSE94479,0.0006796761034368095,-0.0032287263562308685,
GSE94488,0.0006796761034368095,-0.0032287263562308685,
GSE94374,0.0006796761034368095,-0.0032287263562308685,
GSE93807,0.0006796761034368095,-0.0032287263562308685,
GSE93811,0.0006796761034368095,-0.0032287263562308685,
GSE93813,0.0006796761034368095,-0.0032287263562308685,
GSE93814,0.0006796761034368095,-0.0032287263562308685,
GSE93831,0.0006796761034368095,-0.0032287263562308685,
GSE93870,0.0006796761034368095,-0.0032287263562308685,
GSE93871,0.0006796761034368095,-0.0032287263562308685,
GSE93877,0.0006796761034368095,-0.0032287263562308685,
GSE93895,0.0006796761034368095,-0.0032287263562308685,
GSE93904,0.0006796761034368095,-0.0032287263562308685,
GSE93925,0.0006796761034368095,-0.0032287263562308685,
GSE94126,0.0006796761034368095,-0.0032287263562308685,
GSE93988,0.0006796761034368095,-0.0032287263562308685,
GSE93999,0.0006796761034368095,-0.0032287263562308685,
GSE94019,0.0006796761034368095,-0.0032287263562308685,
GSE94036,0.0006796761034368095,-0.0032287263562308685,
GSE94043,0.0006796761034368095,-0.0032287263562308685,
GSE94053,0.0006796761034368095,-0.0032287263562308685,
GSE94055,0.0006796761034368095,-0.0032287263562308685,
GSE94064,0.0006796761034368095,-0.0032287263562308685,
GSE94099,0.0006796761034368095,-0.0032287263562308685,
GSE94116,0.0006796761034368095,-0.0032287263562308685,
GSE94120,0.0006796761034368095,-0.0032287263562308685,
GSE93960,0.0006796761034368095,-0.0032287263562308685,
GSE94963,0.0006796761034368095,-0.0032287263562308685,
GSE94964,0.0006796761034368095,-0.0032287263562308685,
GSE94969,0.0006796761034368095,-0.0032287263562308685,
GSE94989,0.0006796761034368095,-0.0032287263562308685,
GSE94993,0.0006796761034368095,-0.0032287263562308685,
GSE94999,0.0006796761034368095,-0.0032287263562308685,
GSE95059,0.0006796761034368095,-0.0032287263562308685,
GSE95089,0.0006796761034368095,-0.0032287263562308685,
GSE95097,0.0006796761034368095,-0.0032287263562308685,
GSE95131,0.0006796761034368095,-0.0032287263562308685,
GSE95132,0.0006796761034368095,-0.0032287263562308685,
GSE94493,0.0006796761034368095,-0.0032287263562308685,
GSE95245,0.0006796761034368095,-0.0032287263562308685,
GSE95277,0.0006796761034368095,-0.0032287263562308685,
GSE95297,0.0006796761034368095,-0.0032287263562308685,
GSE95299,0.0006796761034368095,-0.0032287263562308685,
GSE95304,0.0006796761034368095,-0.0032287263562308685,
GSE95351,0.0006796761034368095,-0.0032287263562308685,
GSE95352,0.0006796761034368095,-0.0032287263562308685,
GSE95375,0.0006796761034368095,-0.0032287263562308685,
GSE95397,0.0006796761034368095,-0.0032287263562308685,
GSE95412,0.0006796761034368095,-0.0032287263562308685,
GSE95413,0.0006796761034368095,-0.0032287263562308685,
GSE95176,0.0006796761034368095,-0.0032287263562308685,
GSE94494,0.0006796761034368095,-0.0032287263562308685,
GSE94502,0.0006796761034368095,-0.0032287263562308685,
GSE94518,0.0006796761034368095,-0.0032287263562308685,
GSE94528,0.0006796761034368095,-0.0032287263562308685,
GSE94555,0.0006796761034368095,-0.0032287263562308685,
GSE94587,0.0006796761034368095,-0.0032287263562308685,
GSE94588,0.0006796761034368095,-0.0032287263562308685,
GSE94631,0.0006796761034368095,-0.0032287263562308685,
GSE94687,0.0006796761034368095,-0.0032287263562308685,
GSE94690,0.0006796761034368095,-0.0032287263562308685,
GSE94724,0.0006796761034368095,-0.0032287263562308685,
GSE94950,0.0006796761034368095,-0.0032287263562308685,
GSE94730,0.0006796761034368095,-0.0032287263562308685,
GSE94736,0.0006796761034368095,-0.0032287263562308685,
GSE94783,0.0006796761034368095,-0.0032287263562308685,
GSE94827,0.0006796761034368095,-0.0032287263562308685,
GSE94849,0.0006796761034368095,-0.0032287263562308685,
GSE94869,0.0006796761034368095,-0.0032287263562308685,
GSE94892,0.0006796761034368095,-0.0032287263562308685,
GSE94897,0.0006796761034368095,-0.0032287263562308685,
GSE94937,0.0006796761034368095,-0.0032287263562308685,
GSE94947,0.0006796761034368095,-0.0032287263562308685,
GSE94948,0.0006796761034368095,-0.0032287263562308685,
GSE94728,0.0006796761034368095,-0.0032287263562308685,
GSE92456,0.0006796761034368095,-0.0032287263562308685,
GSE92472,0.0006796761034368095,-0.0032287263562308685,
GSE92478,0.0006796761034368095,-0.0032287263562308685,
GSE92496,0.0006796761034368095,-0.0032287263562308685,
GSE92506,0.0006796761034368095,-0.0032287263562308685,
GSE92532,0.0006796761034368095,-0.0032287263562308685,
GSE92547,0.0006796761034368095,-0.0032287263562308685,
GSE92574,0.0006796761034368095,-0.0032287263562308685,
GSE92583,0.0006796761034368095,-0.0032287263562308685,
GSE92592,0.0006796761034368095,-0.0032287263562308685,
GSE92626,0.0006796761034368095,-0.0032287263562308685,
GSE93783,0.0006796761034368095,-0.0032287263562308685,
GSE92653,0.0006796761034368095,-0.0032287263562308685,
GSE92659,0.0006796761034368095,-0.0032287263562308685,
GSE92661,0.0006796761034368095,-0.0032287263562308685,
GSE92723,0.0006796761034368095,-0.0032287263562308685,
GSE92724,0.0006796761034368095,-0.0032287263562308685,
GSE92725,0.0006796761034368095,-0.0032287263562308685,
GSE92772,0.0006796761034368095,-0.0032287263562308685,
GSE92839,0.0006796761034368095,-0.0032287263562308685,
GSE92852,0.0006796761034368095,-0.0032287263562308685,
GSE92874,0.0006796761034368095,-0.0032287263562308685,
GSE92882,0.0006796761034368095,-0.0032287263562308685,
GSE92651,0.0006796761034368095,-0.0032287263562308685,
GSE90834,0.0006796761034368095,-0.0032287263562308685,
GSE90874,0.0006796761034368095,-0.0032287263562308685,
GSE90878,0.0006796761034368095,-0.0032287263562308685,
GSE90884,0.0006796761034368095,-0.0032287263562308685,
GSE90889,0.0006796761034368095,-0.0032287263562308685,
GSE90926,0.0006796761034368095,-0.0032287263562308685,
GSE90944,0.0006796761034368095,-0.0032287263562308685,
GSE90982,0.0006796761034368095,-0.0032287263562308685,
GSE91000,0.0006796761034368095,-0.0032287263562308685,
GSE91010,0.0006796761034368095,-0.0032287263562308685,
GSE91011,0.0006796761034368095,-0.0032287263562308685,
GSE92447,0.0006796761034368095,-0.0032287263562308685,
GSE91061,0.0006796761034368095,-0.0032287263562308685,
GSE91063,0.0006796761034368095,-0.0032287263562308685,
GSE91087,0.0006796761034368095,-0.0032287263562308685,
GSE91377,0.0006796761034368095,-0.0032287263562308685,
GSE91383,0.0006796761034368095,-0.0032287263562308685,
GSE92239,0.0006796761034368095,-0.0032287263562308685,
GSE92262,0.0006796761034368095,-0.0032287263562308685,
GSE92293,0.0006796761034368095,-0.0032287263562308685,
GSE92316,0.0006796761034368095,-0.0032287263562308685,
GSE92322,0.0006796761034368095,-0.0032287263562308685,
GSE92340,0.0006796761034368095,-0.0032287263562308685,
GSE91016,0.0006796761034368095,-0.0032287263562308685,
GSE93326,0.0006796761034368095,-0.0032287263562308685,
GSE93330,0.0006796761034368095,-0.0032287263562308685,
GSE93365,0.0006796761034368095,-0.0032287263562308685,
GSE93395,0.0006796761034368095,-0.0032287263562308685,
GSE93424,0.0006796761034368095,-0.0032287263562308685,
GSE93526,0.0006796761034368095,-0.0032287263562308685,
GSE93528,0.0006796761034368095,-0.0032287263562308685,
GSE93562,0.0006796761034368095,-0.0032287263562308685,
GSE93578,0.0006796761034368095,-0.0032287263562308685,
GSE93590,0.0006796761034368095,-0.0032287263562308685,
GSE93594,0.0006796761034368095,-0.0032287263562308685,
GSE92910,0.0006796761034368095,-0.0032287263562308685,
GSE93619,0.0006796761034368095,-0.0032287263562308685,
GSE93620,0.0006796761034368095,-0.0032287263562308685,
GSE93624,0.0006796761034368095,-0.0032287263562308685,
GSE93627,0.0006796761034368095,-0.0032287263562308685,
GSE93629,0.0006796761034368095,-0.0032287263562308685,
GSE93636,0.0006796761034368095,-0.0032287263562308685,
GSE93650,0.0006796761034368095,-0.0032287263562308685,
GSE93657,0.0006796761034368095,-0.0032287263562308685,
GSE93681,0.0006796761034368095,-0.0032287263562308685,
GSE93709,0.0006796761034368095,-0.0032287263562308685,
GSE93748,0.0006796761034368095,-0.0032287263562308685,
GSE93610,0.0006796761034368095,-0.0032287263562308685,
GSE92939,0.0006796761034368095,-0.0032287263562308685,
GSE92943,0.0006796761034368095,-0.0032287263562308685,
GSE92979,0.0006796761034368095,-0.0032287263562308685,
GSE93030,0.0006796761034368095,-0.0032287263562308685,
GSE93057,0.0006796761034368095,-0.0032287263562308685,
GSE93069,0.0006796761034368095,-0.0032287263562308685,
GSE93070,0.0006796761034368095,-0.0032287263562308685,
GSE93071,0.0006796761034368095,-0.0032287263562308685,
GSE93072,0.0006796761034368095,-0.0032287263562308685,
GSE93073,0.0006796761034368095,-0.0032287263562308685,
GSE93124,0.0006796761034368095,-0.0032287263562308685,
GSE93321,0.0006796761034368095,-0.0032287263562308685,
GSE93155,0.0006796761034368095,-0.0032287263562308685,
GSE93156,0.0006796761034368095,-0.0032287263562308685,
GSE93206,0.0006796761034368095,-0.0032287263562308685,
GSE93226,0.0006796761034368095,-0.0032287263562308685,
GSE93236,0.0006796761034368095,-0.0032287263562308685,
GSE93237,0.0006796761034368095,-0.0032287263562308685,
GSE93256,0.0006796761034368095,-0.0032287263562308685,
GSE93263,0.0006796761034368095,-0.0032287263562308685,
GSE93280,0.0006796761034368095,-0.0032287263562308685,
GSE93292,0.0006796761034368095,-0.0032287263562308685,
GSE93315,0.0006796761034368095,-0.0032287263562308685,
GSE93153,0.0006796761034368095,-0.0032287263562308685,
GSE98428,0.0006796761034368095,-0.0032287263562308685,
GSE98431,0.0006796761034368095,-0.0032287263562308685,
GSE98476,0.0006796761034368095,-0.0032287263562308685,
GSE98541,0.0006796761034368095,-0.0032287263562308685,
GSE98623,0.0006796761034368095,-0.0032287263562308685,
GSE98624,0.0006796761034368095,-0.0032287263562308685,
GSE98670,0.0006796761034368095,-0.0032287263562308685,
GSE98710,0.0006796761034368095,-0.0032287263562308685,
GSE98734,0.0006796761034368095,-0.0032287263562308685,
GSE98752,0.0006796761034368095,-0.0032287263562308685,
GSE98834,0.0006796761034368095,-0.0032287263562308685,
GSE95437,0.0006796761034368095,-0.0032287263562308685,
GSE98856,0.0006796761034368095,-0.0032287263562308685,
GSE98871,0.0006796761034368095,-0.0032287263562308685,
GSE99454,0.0006796761034368095,-0.0032287263562308685,
GSE99466,0.0006796761034368095,-0.0032287263562308685,
GSE99479,0.0006796761034368095,-0.0032287263562308685,
GSE99503,0.0006796761034368095,-0.0032287263562308685,
GSE99552,0.0006796761034368095,-0.0032287263562308685,
GSE99596,0.0006796761034368095,-0.0032287263562308685,
GSE99621,0.0006796761034368095,-0.0032287263562308685,
GSE99987,0.0006796761034368095,-0.0032287263562308685,
GSE99641,0.0006796761034368095,-0.0032287263562308685,
GSE98852,0.0006796761034368095,-0.0032287263562308685,
GSE97815,0.0006796761034368095,-0.0032287263562308685,
GSE97861,0.0006796761034368095,-0.0032287263562308685,
GSE97862,0.0006796761034368095,-0.0032287263562308685,
GSE97929,0.0006796761034368095,-0.0032287263562308685,
GSE97930,0.0006796761034368095,-0.0032287263562308685,
GSE97949,0.0006796761034368095,-0.0032287263562308685,
GSE97979,0.0006796761034368095,-0.0032287263562308685,
GSE98011,0.0006796761034368095,-0.0032287263562308685,
GSE98030,0.0006796761034368095,-0.0032287263562308685,
GSE98050,0.0006796761034368095,-0.0032287263562308685,
GSE98052,0.0006796761034368095,-0.0032287263562308685,
GSE98394,0.0006796761034368095,-0.0032287263562308685,
GSE98091,0.0006796761034368095,-0.0032287263562308685,
GSE98136,0.0006796761034368095,-0.0032287263562308685,
GSE98177,0.0006796761034368095,-0.0032287263562308685,
GSE98183,0.0006796761034368095,-0.0032287263562308685,
GSE98212,0.0006796761034368095,-0.0032287263562308685,
GSE98273,0.0006796761034368095,-0.0032287263562308685,
GSE98274,0.0006796761034368095,-0.0032287263562308685,
GSE98310,0.0006796761034368095,-0.0032287263562308685,
GSE98368,0.0006796761034368095,-0.0032287263562308685,
GSE98386,0.0006796761034368095,-0.0032287263562308685,
GSE98393,0.0006796761034368095,-0.0032287263562308685,
GSE98088,0.0006796761034368095,-0.0032287263562308685,
GSE100258,0.0006796761034368095,-0.0032287263562308685,
GSE100266,0.0006796761034368095,-0.0032287263562308685,
GSE100268,0.0006796761034368095,-0.0032287263562308685,
GSE100291,0.0006796761034368095,-0.0032287263562308685,
GSE100327,0.0006796761034368095,-0.0032287263562308685,
GSE100338,0.0006796761034368095,-0.0032287263562308685,
GSE100359,0.0006796761034368095,-0.0032287263562308685,
GSE100382,0.0006796761034368095,-0.0032287263562308685,
GSE100392,0.0006796761034368095,-0.0032287263562308685,
GSE100408,0.0006796761034368095,-0.0032287263562308685,
GSE100417,0.0006796761034368095,-0.0032287263562308685,
GSE99668,0.0006796761034368095,-0.0032287263562308685,
GSE100501,0.0006796761034368095,-0.0032287263562308685,
GSE100520,0.0006796761034368095,-0.0032287263562308685,
GSE100530,0.0006796761034368095,-0.0032287263562308685,
GSE100562,0.0006796761034368095,-0.0032287263562308685,
GSE100568,0.0006796761034368095,-0.0032287263562308685,
GSE100574,0.0006796761034368095,-0.0032287263562308685,
GSE100618,0.0006796761034368095,-0.0032287263562308685,
GSE100624,0.0006796761034368095,-0.0032287263562308685,
GSE100669,0.0006796761034368095,-0.0032287263562308685,
GSE100684,0.0006796761034368095,-0.0032287263562308685,
GSE100688,0.0006796761034368095,-0.0032287263562308685,
GSE100427,0.0006796761034368095,-0.0032287263562308685,
GSE99671,0.0006796761034368095,-0.0032287263562308685,
GSE99687,0.0006796761034368095,-0.0032287263562308685,
GSE99733,0.0006796761034368095,-0.0032287263562308685,
GSE99770,0.0006796761034368095,-0.0032287263562308685,
GSE99778,0.0006796761034368095,-0.0032287263562308685,
GSE99794,0.0006796761034368095,-0.0032287263562308685,
GSE99812,0.0006796761034368095,-0.0032287263562308685,
GSE99819,0.0006796761034368095,-0.0032287263562308685,
GSE99820,0.0006796761034368095,-0.0032287263562308685,
GSE99824,0.0006796761034368095,-0.0032287263562308685,
GSE99825,0.0006796761034368095,-0.0032287263562308685,
GSE100040,0.0006796761034368095,-0.0032287263562308685,
GSE99867,0.0006796761034368095,-0.0032287263562308685,
GSE99909,0.0006796761034368095,-0.0032287263562308685,
GSE99923,0.0006796761034368095,-0.0032287263562308685,
GSE99951,0.0006796761034368095,-0.0032287263562308685,
GSE100075,0.0006796761034368095,-0.0032287263562308685,
GSE100081,0.0006796761034368095,-0.0032287263562308685,
GSE100092,0.0006796761034368095,-0.0032287263562308685,
GSE100099,0.0006796761034368095,-0.0032287263562308685,
GSE100183,0.0006796761034368095,-0.0032287263562308685,
GSE100206,0.0006796761034368095,-0.0032287263562308685,
GSE100210,0.0006796761034368095,-0.0032287263562308685,
GSE99857,0.0006796761034368095,-0.0032287263562308685,
GSE96568,0.0006796761034368095,-0.0032287263562308685,
GSE96578,0.0006796761034368095,-0.0032287263562308685,
GSE96590,0.0006796761034368095,-0.0032287263562308685,
GSE96601,0.0006796761034368095,-0.0032287263562308685,
GSE96619,0.0006796761034368095,-0.0032287263562308685,
GSE96634,0.0006796761034368095,-0.0032287263562308685,
GSE96637,0.0006796761034368095,-0.0032287263562308685,
GSE96643,0.0006796761034368095,-0.0032287263562308685,
GSE96649,0.0006796761034368095,-0.0032287263562308685,
GSE96713,0.0006796761034368095,-0.0032287263562308685,
GSE96714,0.0006796761034368095,-0.0032287263562308685,
GSE97774,0.0006796761034368095,-0.0032287263562308685,
GSE96716,0.0006796761034368095,-0.0032287263562308685,
GSE96774,0.0006796761034368095,-0.0032287263562308685,
GSE96775,0.0006796761034368095,-0.0032287263562308685,
GSE96777,0.0006796761034368095,-0.0032287263562308685,
GSE96783,0.0006796761034368095,-0.0032287263562308685,
GSE96800,0.0006796761034368095,-0.0032287263562308685,
GSE96817,0.0006796761034368095,-0.0032287263562308685,
GSE96827,0.0006796761034368095,-0.0032287263562308685,
GSE96860,0.0006796761034368095,-0.0032287263562308685,
GSE96914,0.0006796761034368095,-0.0032287263562308685,
GSE96917,0.0006796761034368095,-0.0032287263562308685,
GSE96715,0.0006796761034368095,-0.0032287263562308685,
GSE95452,0.0006796761034368095,-0.0032287263562308685,
GSE95453,0.0006796761034368095,-0.0032287263562308685,
GSE95455,0.0006796761034368095,-0.0032287263562308685,
GSE95513,0.0006796761034368095,-0.0032287263562308685,
GSE95558,0.0006796761034368095,-0.0032287263562308685,
GSE95573,0.0006796761034368095,-0.0032287263562308685,
GSE95587,0.0006796761034368095,-0.0032287263562308685,
GSE95605,0.0006796761034368095,-0.0032287263562308685,
GSE95623,0.0006796761034368095,-0.0032287263562308685,
GSE95743,0.0006796761034368095,-0.0032287263562308685,
GSE95750,0.0006796761034368095,-0.0032287263562308685,
GSE96564,0.0006796761034368095,-0.0032287263562308685,
GSE95820,0.0006796761034368095,-0.0032287263562308685,
GSE95837,0.0006796761034368095,-0.0032287263562308685,
GSE95860,0.0006796761034368095,-0.0032287263562308685,
GSE96048,0.0006796761034368095,-0.0032287263562308685,
GSE96056,0.0006796761034368095,-0.0032287263562308685,
GSE96075,0.0006796761034368095,-0.0032287263562308685,
GSE96083,0.0006796761034368095,-0.0032287263562308685,
GSE96544,0.0006796761034368095,-0.0032287263562308685,
GSE96560,0.0006796761034368095,-0.0032287263562308685,
GSE96562,0.0006796761034368095,-0.0032287263562308685,
GSE96563,0.0006796761034368095,-0.0032287263562308685,
GSE95778,0.0006796761034368095,-0.0032287263562308685,
GSE97324,0.0006796761034368095,-0.0032287263562308685,
GSE97358,0.0006796761034368095,-0.0032287263562308685,
GSE97384,0.0006796761034368095,-0.0032287263562308685,
GSE97395,0.0006796761034368095,-0.0032287263562308685,
GSE97398,0.0006796761034368095,-0.0032287263562308685,
GSE97404,0.0006796761034368095,-0.0032287263562308685,
GSE97443,0.0006796761034368095,-0.0032287263562308685,
GSE97460,0.0006796761034368095,-0.0032287263562308685,
GSE97513,0.0006796761034368095,-0.0032287263562308685,
GSE97527,0.0006796761034368095,-0.0032287263562308685,
GSE97577,0.0006796761034368095,-0.0032287263562308685,
GSE96975,0.0006796761034368095,-0.0032287263562308685,
GSE97590,0.0006796761034368095,-0.0032287263562308685,
GSE97591,0.0006796761034368095,-0.0032287263562308685,
GSE97632,0.0006796761034368095,-0.0032287263562308685,
GSE97647,0.0006796761034368095,-0.0032287263562308685,
GSE97668,0.0006796761034368095,-0.0032287263562308685,
GSE97672,0.0006796761034368095,-0.0032287263562308685,
GSE97679,0.0006796761034368095,-0.0032287263562308685,
GSE97681,0.0006796761034368095,-0.0032287263562308685,
GSE97710,0.0006796761034368095,-0.0032287263562308685,
GSE97725,0.0006796761034368095,-0.0032287263562308685,
GSE97768,0.0006796761034368095,-0.0032287263562308685,
GSE97589,0.0006796761034368095,-0.0032287263562308685,
GSE96987,0.0006796761034368095,-0.0032287263562308685,
GSE96999,0.0006796761034368095,-0.0032287263562308685,
GSE97003,0.0006796761034368095,-0.0032287263562308685,
GSE97009,0.0006796761034368095,-0.0032287263562308685,
GSE97036,0.0006796761034368095,-0.0032287263562308685,
GSE97038,0.0006796761034368095,-0.0032287263562308685,
GSE97041,0.0006796761034368095,-0.0032287263562308685,
GSE97053,0.0006796761034368095,-0.0032287263562308685,
GSE97084,0.0006796761034368095,-0.0032287263562308685,
GSE97100,0.0006796761034368095,-0.0032287263562308685,
GSE97140,0.0006796761034368095,-0.0032287263562308685,
GSE97323,0.0006796761034368095,-0.0032287263562308685,
GSE97158,0.0006796761034368095,-0.0032287263562308685,
GSE97165,0.0006796761034368095,-0.0032287263562308685,
GSE97168,0.0006796761034368095,-0.0032287263562308685,
GSE97204,0.0006796761034368095,-0.0032287263562308685,
GSE97214,0.0006796761034368095,-0.0032287263562308685,
GSE97215,0.0006796761034368095,-0.0032287263562308685,
GSE97239,0.0006796761034368095,-0.0032287263562308685,
GSE97259,0.0006796761034368095,-0.0032287263562308685,
GSE97262,0.0006796761034368095,-0.0032287263562308685,
GSE97266,0.0006796761034368095,-0.0032287263562308685,
GSE97273,0.0006796761034368095,-0.0032287263562308685,
GSE97317,0.0006796761034368095,-0.0032287263562308685,
GSE97156,0.0006796761034368095,-0.0032287263562308685,
GSE85187,0.0006796761034368095,-0.0032287263562308685,
GSE85201,0.0006796761034368095,-0.0032287263562308685,
GSE85227,0.0006796761034368095,-0.0032287263562308685,
GSE85241,0.0006796761034368095,-0.0032287263562308685,
GSE85243,0.0006796761034368095,-0.0032287263562308685,
GSE85263,0.0006796761034368095,-0.0032287263562308685,
GSE85271,0.0006796761034368095,-0.0032287263562308685,
GSE85294,0.0006796761034368095,-0.0032287263562308685,
GSE85306,0.0006796761034368095,-0.0032287263562308685,
GSE85361,0.0006796761034368095,-0.0032287263562308685,
GSE85378,0.0006796761034368095,-0.0032287263562308685,
GSE90830,0.0006796761034368095,-0.0032287263562308685,
GSE85431,0.0006796761034368095,-0.0032287263562308685,
GSE85447,0.0006796761034368095,-0.0032287263562308685,
GSE85455,0.0006796761034368095,-0.0032287263562308685,
GSE85465,0.0006796761034368095,-0.0032287263562308685,
GSE85510,0.0006796761034368095,-0.0032287263562308685,
GSE85527,0.0006796761034368095,-0.0032287263562308685,
GSE85530,0.0006796761034368095,-0.0032287263562308685,
GSE85531,0.0006796761034368095,-0.0032287263562308685,
GSE85541,0.0006796761034368095,-0.0032287263562308685,
GSE85557,0.0006796761034368095,-0.0032287263562308685,
GSE85565,0.0006796761034368095,-0.0032287263562308685,
GSE85402,0.0006796761034368095,-0.0032287263562308685,
GSE84896,0.0006796761034368095,-0.0032287263562308685,
GSE84897,0.0006796761034368095,-0.0032287263562308685,
GSE84902,0.0006796761034368095,-0.0032287263562308685,
GSE84913,0.0006796761034368095,-0.0032287263562308685,
GSE84930,0.0006796761034368095,-0.0032287263562308685,
GSE84944,0.0006796761034368095,-0.0032287263562308685,
GSE84986,0.0006796761034368095,-0.0032287263562308685,
GSE85001,0.0006796761034368095,-0.0032287263562308685,
GSE85008,0.0006796761034368095,-0.0032287263562308685,
GSE73318,0.0006796761034368095,-0.0032287263562308685,
GSE85020,0.0006796761034368095,-0.0032287263562308685,
GSE85183,0.0006796761034368095,-0.0032287263562308685,
GSE85050,0.0006796761034368095,-0.0032287263562308685,
GSE85082,0.0006796761034368095,-0.0032287263562308685,
GSE85083,0.0006796761034368095,-0.0032287263562308685,
GSE85088,0.0006796761034368095,-0.0032287263562308685,
GSE85089,0.0006796761034368095,-0.0032287263562308685,
GSE85107,0.0006796761034368095,-0.0032287263562308685,
GSE85118,0.0006796761034368095,-0.0032287263562308685,
GSE85133,0.0006796761034368095,-0.0032287263562308685,
GSE85143,0.0006796761034368095,-0.0032287263562308685,
GSE85159,0.0006796761034368095,-0.0032287263562308685,
GSE85161,0.0006796761034368095,-0.0032287263562308685,
GSE85037,0.0006796761034368095,-0.0032287263562308685,
GSE86146,0.0006796761034368095,-0.0032287263562308685,
GSE86148,0.0006796761034368095,-0.0032287263562308685,
GSE86151,0.0006796761034368095,-0.0032287263562308685,
GSE86153,0.0006796761034368095,-0.0032287263562308685,
GSE86159,0.0006796761034368095,-0.0032287263562308685,
GSE86165,0.0006796761034368095,-0.0032287263562308685,
GSE86190,0.0006796761034368095,-0.0032287263562308685,
GSE86202,0.0006796761034368095,-0.0032287263562308685,
GSE86219,0.0006796761034368095,-0.0032287263562308685,
GSE86221,0.0006796761034368095,-0.0032287263562308685,
GSE86239,0.0006796761034368095,-0.0032287263562308685,
GSE85567,0.0006796761034368095,-0.0032287263562308685,
GSE86316,0.0006796761034368095,-0.0032287263562308685,
GSE86333,0.0006796761034368095,-0.0032287263562308685,
GSE86337,0.0006796761034368095,-0.0032287263562308685,
GSE86344,0.0006796761034368095,-0.0032287263562308685,
GSE86356,0.0006796761034368095,-0.0032287263562308685,
GSE86387,0.0006796761034368095,-0.0032287263562308685,
GSE86394,0.0006796761034368095,-0.0032287263562308685,
GSE86422,0.0006796761034368095,-0.0032287263562308685,
GSE86451,0.0006796761034368095,-0.0032287263562308685,
GSE86452,0.0006796761034368095,-0.0032287263562308685,
GSE86473,0.0006796761034368095,-0.0032287263562308685,
GSE86308,0.0006796761034368095,-0.0032287263562308685,
GSE85579,0.0006796761034368095,-0.0032287263562308685,
GSE85671,0.0006796761034368095,-0.0032287263562308685,
GSE85685,0.0006796761034368095,-0.0032287263562308685,
GSE85791,0.0006796761034368095,-0.0032287263562308685,
GSE85799,0.0006796761034368095,-0.0032287263562308685,
GSE85800,0.0006796761034368095,-0.0032287263562308685,
GSE85840,0.0006796761034368095,-0.0032287263562308685,
GSE85854,0.0006796761034368095,-0.0032287263562308685,
GSE85857,0.0006796761034368095,-0.0032287263562308685,
GSE85870,0.0006796761034368095,-0.0032287263562308685,
GSE85897,0.0006796761034368095,-0.0032287263562308685,
GSE86104,0.0006796761034368095,-0.0032287263562308685,
GSE85910,0.0006796761034368095,-0.0032287263562308685,
GSE85917,0.0006796761034368095,-0.0032287263562308685,
GSE85935,0.0006796761034368095,-0.0032287263562308685,
GSE85941,0.0006796761034368095,-0.0032287263562308685,
GSE85969,0.0006796761034368095,-0.0032287263562308685,
GSE85988,0.0006796761034368095,-0.0032287263562308685,
GSE86007,0.0006796761034368095,-0.0032287263562308685,
GSE86053,0.0006796761034368095,-0.0032287263562308685,
GSE86101,0.0006796761034368095,-0.0032287263562308685,
GSE86102,0.0006796761034368095,-0.0032287263562308685,
GSE86103,0.0006796761034368095,-0.0032287263562308685,
GSE85908,0.0006796761034368095,-0.0032287263562308685,
GSE83717,0.0006796761034368095,-0.0032287263562308685,
GSE83724,0.0006796761034368095,-0.0032287263562308685,
GSE83763,0.0006796761034368095,-0.0032287263562308685,
GSE83772,0.0006796761034368095,-0.0032287263562308685,
GSE83786,0.0006796761034368095,-0.0032287263562308685,
GSE83808,0.0006796761034368095,-0.0032287263562308685,
GSE83816,0.0006796761034368095,-0.0032287263562308685,
GSE83849,0.0006796761034368095,-0.0032287263562308685,
GSE83886,0.0006796761034368095,-0.0032287263562308685,
GSE83888,0.0006796761034368095,-0.0032287263562308685,
GSE83919,0.0006796761034368095,-0.0032287263562308685,
GSE84884,0.0006796761034368095,-0.0032287263562308685,
GSE83930,0.0006796761034368095,-0.0032287263562308685,
GSE83939,0.0006796761034368095,-0.0032287263562308685,
GSE84013,0.0006796761034368095,-0.0032287263562308685,
GSE84022,0.0006796761034368095,-0.0032287263562308685,
GSE84023,0.0006796761034368095,-0.0032287263562308685,
GSE84054,0.0006796761034368095,-0.0032287263562308685,
GSE84068,0.0006796761034368095,-0.0032287263562308685,
GSE84073,0.0006796761034368095,-0.0032287263562308685,
GSE84076,0.0006796761034368095,-0.0032287263562308685,
GSE84170,0.0006796761034368095,-0.0032287263562308685,
GSE84188,0.0006796761034368095,-0.0032287263562308685,
GSE83923,0.0006796761034368095,-0.0032287263562308685,
GSE83493,0.0006796761034368095,-0.0032287263562308685,
GSE83501,0.0006796761034368095,-0.0032287263562308685,
GSE83518,0.0006796761034368095,-0.0032287263562308685,
GSE83520,0.0006796761034368095,-0.0032287263562308685,
GSE83525,0.0006796761034368095,-0.0032287263562308685,
GSE83547,0.0006796761034368095,-0.0032287263562308685,
GSE83549,0.0006796761034368095,-0.0032287263562308685,
GSE83551,0.0006796761034368095,-0.0032287263562308685,
GSE83559,0.0006796761034368095,-0.0032287263562308685,
GSE83560,0.0006796761034368095,-0.0032287263562308685,
GSE83577,0.0006796761034368095,-0.0032287263562308685,
GSE83712,0.0006796761034368095,-0.0032287263562308685,
GSE83601,0.0006796761034368095,-0.0032287263562308685,
GSE83611,0.0006796761034368095,-0.0032287263562308685,
GSE83635,0.0006796761034368095,-0.0032287263562308685,
GSE83637,0.0006796761034368095,-0.0032287263562308685,
GSE83645,0.0006796761034368095,-0.0032287263562308685,
GSE83647,0.0006796761034368095,-0.0032287263562308685,
GSE83649,0.0006796761034368095,-0.0032287263562308685,
GSE83652,0.0006796761034368095,-0.0032287263562308685,
GSE83668,0.0006796761034368095,-0.0032287263562308685,
GSE83671,0.0006796761034368095,-0.0032287263562308685,
GSE83687,0.0006796761034368095,-0.0032287263562308685,
GSE83592,0.0006796761034368095,-0.0032287263562308685,
GSE84531,0.0006796761034368095,-0.0032287263562308685,
GSE84577,0.0006796761034368095,-0.0032287263562308685,
GSE84629,0.0006796761034368095,-0.0032287263562308685,
GSE84631,0.0006796761034368095,-0.0032287263562308685,
GSE84636,0.0006796761034368095,-0.0032287263562308685,
GSE84661,0.0006796761034368095,-0.0032287263562308685,
GSE84675,0.0006796761034368095,-0.0032287263562308685,
GSE84686,0.0006796761034368095,-0.0032287263562308685,
GSE84691,0.0006796761034368095,-0.0032287263562308685,
GSE84697,0.0006796761034368095,-0.0032287263562308685,
GSE84706,0.0006796761034368095,-0.0032287263562308685,
GSE84197,0.0006796761034368095,-0.0032287263562308685,
GSE84722,0.0006796761034368095,-0.0032287263562308685,
GSE84773,0.0006796761034368095,-0.0032287263562308685,
GSE84776,0.0006796761034368095,-0.0032287263562308685,
GSE84789,0.0006796761034368095,-0.0032287263562308685,
GSE84814,0.0006796761034368095,-0.0032287263562308685,
GSE84829,0.0006796761034368095,-0.0032287263562308685,
GSE84852,0.0006796761034368095,-0.0032287263562308685,
GSE84863,0.0006796761034368095,-0.0032287263562308685,
GSE84865,0.0006796761034368095,-0.0032287263562308685,
GSE84868,0.0006796761034368095,-0.0032287263562308685,
GSE84877,0.0006796761034368095,-0.0032287263562308685,
GSE84714,0.0006796761034368095,-0.0032287263562308685,
GSE84204,0.0006796761034368095,-0.0032287263562308685,
GSE84231,0.0006796761034368095,-0.0032287263562308685,
GSE84237,0.0006796761034368095,-0.0032287263562308685,
GSE84259,0.0006796761034368095,-0.0032287263562308685,
GSE84275,0.0006796761034368095,-0.0032287263562308685,
GSE84285,0.0006796761034368095,-0.0032287263562308685,
GSE84293,0.0006796761034368095,-0.0032287263562308685,
GSE84322,0.0006796761034368095,-0.0032287263562308685,
GSE84323,0.0006796761034368095,-0.0032287263562308685,
GSE84325,0.0006796761034368095,-0.0032287263562308685,
GSE84335,0.0006796761034368095,-0.0032287263562308685,
GSE84471,0.0006796761034368095,-0.0032287263562308685,
GSE84337,0.0006796761034368095,-0.0032287263562308685,
GSE84339,0.0006796761034368095,-0.0032287263562308685,
GSE84346,0.0006796761034368095,-0.0032287263562308685,
GSE84358,0.0006796761034368095,-0.0032287263562308685,
GSE84359,0.0006796761034368095,-0.0032287263562308685,
GSE84389,0.0006796761034368095,-0.0032287263562308685,
GSE84405,0.0006796761034368095,-0.0032287263562308685,
GSE84425,0.0006796761034368095,-0.0032287263562308685,
GSE84432,0.0006796761034368095,-0.0032287263562308685,
GSE84461,0.0006796761034368095,-0.0032287263562308685,
GSE84465,0.0006796761034368095,-0.0032287263562308685,
GSE84336,0.0006796761034368095,-0.0032287263562308685,
GSE89367,0.0006796761034368095,-0.0032287263562308685,
GSE89368,0.0006796761034368095,-0.0032287263562308685,
GSE89385,0.0006796761034368095,-0.0032287263562308685,
GSE89404,0.0006796761034368095,-0.0032287263562308685,
GSE89413,0.0006796761034368095,-0.0032287263562308685,
GSE89442,0.0006796761034368095,-0.0032287263562308685,
GSE89446,0.0006796761034368095,-0.0032287263562308685,
GSE89448,0.0006796761034368095,-0.0032287263562308685,
GSE89476,0.0006796761034368095,-0.0032287263562308685,
GSE89478,0.0006796761034368095,-0.0032287263562308685,
GSE89497,0.0006796761034368095,-0.0032287263562308685,
GSE86480,0.0006796761034368095,-0.0032287263562308685,
GSE89542,0.0006796761034368095,-0.0032287263562308685,
GSE89569,0.0006796761034368095,-0.0032287263562308685,
GSE89647,0.0006796761034368095,-0.0032287263562308685,
GSE89672,0.0006796761034368095,-0.0032287263562308685,
GSE89701,0.0006796761034368095,-0.0032287263562308685,
GSE89714,0.0006796761034368095,-0.0032287263562308685,
GSE89729,0.0006796761034368095,-0.0032287263562308685,
GSE89745,0.0006796761034368095,-0.0032287263562308685,
GSE89774,0.0006796761034368095,-0.0032287263562308685,
GSE89775,0.0006796761034368095,-0.0032287263562308685,
GSE89779,0.0006796761034368095,-0.0032287263562308685,
GSE89511,0.0006796761034368095,-0.0032287263562308685,
GSE89049,0.0006796761034368095,-0.0032287263562308685,
GSE89057,0.0006796761034368095,-0.0032287263562308685,
GSE89062,0.0006796761034368095,-0.0032287263562308685,
GSE89063,0.0006796761034368095,-0.0032287263562308685,
GSE89110,0.0006796761034368095,-0.0032287263562308685,
GSE89115,0.0006796761034368095,-0.0032287263562308685,
GSE89122,0.0006796761034368095,-0.0032287263562308685,
GSE89124,0.0006796761034368095,-0.0032287263562308685,
GSE89127,0.0006796761034368095,-0.0032287263562308685,
GSE89134,0.0006796761034368095,-0.0032287263562308685,
GSE89140,0.0006796761034368095,-0.0032287263562308685,
GSE89365,0.0006796761034368095,-0.0032287263562308685,
GSE89154,0.0006796761034368095,-0.0032287263562308685,
GSE89182,0.0006796761034368095,-0.0032287263562308685,
GSE89189,0.0006796761034368095,-0.0032287263562308685,
GSE89205,0.0006796761034368095,-0.0032287263562308685,
GSE89223,0.0006796761034368095,-0.0032287263562308685,
GSE89225,0.0006796761034368095,-0.0032287263562308685,
GSE89226,0.0006796761034368095,-0.0032287263562308685,
GSE89232,0.0006796761034368095,-0.0032287263562308685,
GSE89234,0.0006796761034368095,-0.0032287263562308685,
GSE89235,0.0006796761034368095,-0.0032287263562308685,
GSE89339,0.0006796761034368095,-0.0032287263562308685,
GSE89152,0.0006796761034368095,-0.0032287263562308685,
GSE90087,0.0006796761034368095,-0.0032287263562308685,
GSE90111,0.0006796761034368095,-0.0032287263562308685,
GSE90444,0.0006796761034368095,-0.0032287263562308685,
GSE90463,0.0006796761034368095,-0.0032287263562308685,
GSE90489,0.0006796761034368095,-0.0032287263562308685,
GSE90491,0.0006796761034368095,-0.0032287263562308685,
GSE90519,0.0006796761034368095,-0.0032287263562308685,
GSE90523,0.0006796761034368095,-0.0032287263562308685,
GSE90566,0.0006796761034368095,-0.0032287263562308685,
GSE90599,0.0006796761034368095,-0.0032287263562308685,
GSE90634,0.0006796761034368095,-0.0032287263562308685,
GSE89790,0.0006796761034368095,-0.0032287263562308685,
GSE90682,0.0006796761034368095,-0.0032287263562308685,
GSE90683,0.0006796761034368095,-0.0032287263562308685,
GSE90711,0.0006796761034368095,-0.0032287263562308685,
GSE90718,0.0006796761034368095,-0.0032287263562308685,
GSE90728,0.0006796761034368095,-0.0032287263562308685,
GSE90729,0.0006796761034368095,-0.0032287263562308685,
GSE90734,0.0006796761034368095,-0.0032287263562308685,
GSE90748,0.0006796761034368095,-0.0032287263562308685,
GSE90772,0.0006796761034368095,-0.0032287263562308685,
GSE90781,0.0006796761034368095,-0.0032287263562308685,
GSE90796,0.0006796761034368095,-0.0032287263562308685,
GSE90659,0.0006796761034368095,-0.0032287263562308685,
GSE89799,0.0006796761034368095,-0.0032287263562308685,
GSE89807,0.0006796761034368095,-0.0032287263562308685,
GSE89831,0.0006796761034368095,-0.0032287263562308685,
GSE89838,0.0006796761034368095,-0.0032287263562308685,
GSE89839,0.0006796761034368095,-0.0032287263562308685,
GSE89840,0.0006796761034368095,-0.0032287263562308685,
GSE89843,0.0006796761034368095,-0.0032287263562308685,
GSE89872,0.0006796761034368095,-0.0032287263562308685,
GSE89879,0.0006796761034368095,-0.0032287263562308685,
GSE89888,0.0006796761034368095,-0.0032287263562308685,
GSE89895,0.0006796761034368095,-0.0032287263562308685,
GSE90081,0.0006796761034368095,-0.0032287263562308685,
GSE89926,0.0006796761034368095,-0.0032287263562308685,
GSE89930,0.0006796761034368095,-0.0032287263562308685,
GSE89940,0.0006796761034368095,-0.0032287263562308685,
GSE89942,0.0006796761034368095,-0.0032287263562308685,
GSE89950,0.0006796761034368095,-0.0032287263562308685,
GSE89970,0.0006796761034368095,-0.0032287263562308685,
GSE89972,0.0006796761034368095,-0.0032287263562308685,
GSE89980,0.0006796761034368095,-0.0032287263562308685,
GSE89991,0.0006796761034368095,-0.0032287263562308685,
GSE90013,0.0006796761034368095,-0.0032287263562308685,
GSE90068,0.0006796761034368095,-0.0032287263562308685,
GSE89917,0.0006796761034368095,-0.0032287263562308685,
GSE86931,0.0006796761034368095,-0.0032287263562308685,
GSE86940,0.0006796761034368095,-0.0032287263562308685,
GSE86956,0.0006796761034368095,-0.0032287263562308685,
GSE86958,0.0006796761034368095,-0.0032287263562308685,
GSE86986,0.0006796761034368095,-0.0032287263562308685,
GSE87040,0.0006796761034368095,-0.0032287263562308685,
GSE87042,0.0006796761034368095,-0.0032287263562308685,
GSE87055,0.0006796761034368095,-0.0032287263562308685,
GSE87087,0.0006796761034368095,-0.0032287263562308685,
GSE87088,0.0006796761034368095,-0.0032287263562308685,
GSE87110,0.0006796761034368095,-0.0032287263562308685,
GSE89008,0.0006796761034368095,-0.0032287263562308685,
GSE87169,0.0006796761034368095,-0.0032287263562308685,
GSE87186,0.0006796761034368095,-0.0032287263562308685,
GSE87187,0.0006796761034368095,-0.0032287263562308685,
GSE87189,0.0006796761034368095,-0.0032287263562308685,
GSE87194,0.0006796761034368095,-0.0032287263562308685,
GSE87198,0.0006796761034368095,-0.0032287263562308685,
GSE87240,0.0006796761034368095,-0.0032287263562308685,
GSE87257,0.0006796761034368095,-0.0032287263562308685,
GSE87285,0.0006796761034368095,-0.0032287263562308685,
GSE87290,0.0006796761034368095,-0.0032287263562308685,
GSE87307,0.0006796761034368095,-0.0032287263562308685,
GSE87167,0.0006796761034368095,-0.0032287263562308685,
GSE86491,0.0006796761034368095,-0.0032287263562308685,
GSE86497,0.0006796761034368095,-0.0032287263562308685,
GSE86503,0.0006796761034368095,-0.0032287263562308685,
GSE86504,0.0006796761034368095,-0.0032287263562308685,
GSE86538,0.0006796761034368095,-0.0032287263562308685,
GSE86550,0.0006796761034368095,-0.0032287263562308685,
GSE86562,0.0006796761034368095,-0.0032287263562308685,
GSE86563,0.0006796761034368095,-0.0032287263562308685,
GSE86564,0.0006796761034368095,-0.0032287263562308685,
GSE86577,0.0006796761034368095,-0.0032287263562308685,
GSE86602,0.0006796761034368095,-0.0032287263562308685,
GSE86910,0.0006796761034368095,-0.0032287263562308685,
GSE86611,0.0006796761034368095,-0.0032287263562308685,
GSE86618,0.0006796761034368095,-0.0032287263562308685,
GSE86791,0.0006796761034368095,-0.0032287263562308685,
GSE86813,0.0006796761034368095,-0.0032287263562308685,
GSE86846,0.0006796761034368095,-0.0032287263562308685,
GSE86855,0.0006796761034368095,-0.0032287263562308685,
GSE86857,0.0006796761034368095,-0.0032287263562308685,
GSE86867,0.0006796761034368095,-0.0032287263562308685,
GSE86884,0.0006796761034368095,-0.0032287263562308685,
GSE86896,0.0006796761034368095,-0.0032287263562308685,
GSE86906,0.0006796761034368095,-0.0032287263562308685,
GSE86610,0.0006796761034368095,-0.0032287263562308685,
GSE87668,0.0006796761034368095,-0.0032287263562308685,
GSE87679,0.0006796761034368095,-0.0032287263562308685,
GSE87692,0.0006796761034368095,-0.0032287263562308685,
GSE87701,0.0006796761034368095,-0.0032287263562308685,
GSE87708,0.0006796761034368095,-0.0032287263562308685,
GSE87720,0.0006796761034368095,-0.0032287263562308685,
GSE87725,0.0006796761034368095,-0.0032287263562308685,
GSE87748,0.0006796761034368095,-0.0032287263562308685,
GSE87809,0.0006796761034368095,-0.0032287263562308685,
GSE87831,0.0006796761034368095,-0.0032287263562308685,
GSE87891,0.0006796761034368095,-0.0032287263562308685,
GSE87320,0.0006796761034368095,-0.0032287263562308685,
GSE88741,0.0006796761034368095,-0.0032287263562308685,
GSE88750,0.0006796761034368095,-0.0032287263562308685,
GSE88802,0.0006796761034368095,-0.0032287263562308685,
GSE88848,0.0006796761034368095,-0.0032287263562308685,
GSE88850,0.0006796761034368095,-0.0032287263562308685,
GSE88858,0.0006796761034368095,-0.0032287263562308685,
GSE88943,0.0006796761034368095,-0.0032287263562308685,
GSE88946,0.0006796761034368095,-0.0032287263562308685,
GSE88956,0.0006796761034368095,-0.0032287263562308685,
GSE88977,0.0006796761034368095,-0.0032287263562308685,
GSE88997,0.0006796761034368095,-0.0032287263562308685,
GSE88710,0.0006796761034368095,-0.0032287263562308685,
GSE87326,0.0006796761034368095,-0.0032287263562308685,
GSE87328,0.0006796761034368095,-0.0032287263562308685,
GSE87340,0.0006796761034368095,-0.0032287263562308685,
GSE87360,0.0006796761034368095,-0.0032287263562308685,
GSE87392,0.0006796761034368095,-0.0032287263562308685,
GSE87399,0.0006796761034368095,-0.0032287263562308685,
GSE87400,0.0006796761034368095,-0.0032287263562308685,
GSE87426,0.0006796761034368095,-0.0032287263562308685,
GSE87456,0.0006796761034368095,-0.0032287263562308685,
GSE87476,0.0006796761034368095,-0.0032287263562308685,
GSE87487,0.0006796761034368095,-0.0032287263562308685,
GSE87660,0.0006796761034368095,-0.0032287263562308685,
GSE87517,0.0006796761034368095,-0.0032287263562308685,
GSE87532,0.0006796761034368095,-0.0032287263562308685,
GSE87534,0.0006796761034368095,-0.0032287263562308685,
GSE87535,0.0006796761034368095,-0.0032287263562308685,
GSE87540,0.0006796761034368095,-0.0032287263562308685,
GSE87541,0.0006796761034368095,-0.0032287263562308685,
GSE87554,0.0006796761034368095,-0.0032287263562308685,
GSE87563,0.0006796761034368095,-0.0032287263562308685,
GSE87581,0.0006796761034368095,-0.0032287263562308685,
GSE87585,0.0006796761034368095,-0.0032287263562308685,
GSE87626,0.0006796761034368095,-0.0032287263562308685,
GSE87641,0.0006796761034368095,-0.0032287263562308685,
GSE87515,0.0006796761034368095,-0.0032287263562308685,
GSE41180,0.0006796761034368095,-0.0032287263562308685,
GSE41245,0.0006796761034368095,-0.0032287263562308685,
GSE41264,0.0006796761034368095,-0.0032287263562308685,
GSE41279,0.0006796761034368095,-0.0032287263562308685,
GSE41357,0.0006796761034368095,-0.0032287263562308685,
GSE41359,0.0006796761034368095,-0.0032287263562308685,
GSE41476,0.0006796761034368095,-0.0032287263562308685,
GSE41586,0.0006796761034368095,-0.0032287263562308685,
GSE41745,0.0006796761034368095,-0.0032287263562308685,
GSE42006,0.0006796761034368095,-0.0032287263562308685,
GSE42142,0.0006796761034368095,-0.0032287263562308685,
GSE71012,0.0006796761034368095,-0.0032287263562308685,
GSE42212,0.0006796761034368095,-0.0032287263562308685,
GSE42326,0.0006796761034368095,-0.0032287263562308685,
GSE42420,0.0006796761034368095,-0.0032287263562308685,
GSE42485,0.0006796761034368095,-0.0032287263562308685,
GSE42509,0.0006796761034368095,-0.0032287263562308685,
GSE42608,0.0006796761034368095,-0.0032287263562308685,
GSE42630,0.0006796761034368095,-0.0032287263562308685,
GSE42701,0.0006796761034368095,-0.0032287263562308685,
GSE42735,0.0006796761034368095,-0.0032287263562308685,
GSE42948,0.0006796761034368095,-0.0032287263562308685,
GSE42951,0.0006796761034368095,-0.0032287263562308685,
GSE42146,0.0006796761034368095,-0.0032287263562308685,
GSE39682,0.0006796761034368095,-0.0032287263562308685,
GSE39776,0.0006796761034368095,-0.0032287263562308685,
GSE39957,0.0006796761034368095,-0.0032287263562308685,
GSE40049,0.0006796761034368095,-0.0032287263562308685,
GSE40050,0.0006796761034368095,-0.0032287263562308685,
GSE40069,0.0006796761034368095,-0.0032287263562308685,
GSE40111,0.0006796761034368095,-0.0032287263562308685,
GSE40114,0.0006796761034368095,-0.0032287263562308685,
GSE40131,0.0006796761034368095,-0.0032287263562308685,
GSE40137,0.0006796761034368095,-0.0032287263562308685,
GSE40174,0.0006796761034368095,-0.0032287263562308685,
GSE41166,0.0006796761034368095,-0.0032287263562308685,
GSE40524,0.0006796761034368095,-0.0032287263562308685,
GSE40548,0.0006796761034368095,-0.0032287263562308685,
GSE40591,0.0006796761034368095,-0.0032287263562308685,
GSE40632,0.0006796761034368095,-0.0032287263562308685,
GSE40705,0.0006796761034368095,-0.0032287263562308685,
GSE40718,0.0006796761034368095,-0.0032287263562308685,
GSE40740,0.0006796761034368095,-0.0032287263562308685,
GSE40783,0.0006796761034368095,-0.0032287263562308685,
GSE40859,0.0006796761034368095,-0.0032287263562308685,
GSE40996,0.0006796761034368095,-0.0032287263562308685,
GSE41074,0.0006796761034368095,-0.0032287263562308685,
GSE40310,0.0006796761034368095,-0.0032287263562308685,
GSE44379,0.0006796761034368095,-0.0032287263562308685,
GSE44384,0.0006796761034368095,-0.0032287263562308685,
GSE44385,0.0006796761034368095,-0.0032287263562308685,
GSE44457,0.0006796761034368095,-0.0032287263562308685,
GSE44461,0.0006796761034368095,-0.0032287263562308685,
GSE44585,0.0006796761034368095,-0.0032287263562308685,
GSE44618,0.0006796761034368095,-0.0032287263562308685,
GSE44718,0.0006796761034368095,-0.0032287263562308685,
GSE44769,0.0006796761034368095,-0.0032287263562308685,
GSE44801,0.0006796761034368095,-0.0032287263562308685,
GSE44866,0.0006796761034368095,-0.0032287263562308685,
GSE42960,0.0006796761034368095,-0.0032287263562308685,
GSE44953,0.0006796761034368095,-0.0032287263562308685,
GSE44976,0.0006796761034368095,-0.0032287263562308685,
GSE45133,0.0006796761034368095,-0.0032287263562308685,
GSE45162,0.0006796761034368095,-0.0032287263562308685,
GSE45176,0.0006796761034368095,-0.0032287263562308685,
GSE45202,0.0006796761034368095,-0.0032287263562308685,
GSE45258,0.0006796761034368095,-0.0032287263562308685,
GSE45326,0.0006796761034368095,-0.0032287263562308685,
GSE45332,0.0006796761034368095,-0.0032287263562308685,
GSE45335,0.0006796761034368095,-0.0032287263562308685,
GSE45419,0.0006796761034368095,-0.0032287263562308685,
GSE44875,0.0006796761034368095,-0.0032287263562308685,
GSE43070,0.0006796761034368095,-0.0032287263562308685,
GSE43126,0.0006796761034368095,-0.0032287263562308685,
GSE43296,0.0006796761034368095,-0.0032287263562308685,
GSE43335,0.0006796761034368095,-0.0032287263562308685,
GSE43362,0.0006796761034368095,-0.0032287263562308685,
GSE43472,0.0006796761034368095,-0.0032287263562308685,
GSE43550,0.0006796761034368095,-0.0032287263562308685,
GSE43586,0.0006796761034368095,-0.0032287263562308685,
GSE43603,0.0006796761034368095,-0.0032287263562308685,
GSE43666,0.0006796761034368095,-0.0032287263562308685,
GSE43726,0.0006796761034368095,-0.0032287263562308685,
GSE44378,0.0006796761034368095,-0.0032287263562308685,
GSE43788,0.0006796761034368095,-0.0032287263562308685,
GSE43801,0.0006796761034368095,-0.0032287263562308685,
GSE43834,0.0006796761034368095,-0.0032287263562308685,
GSE43835,0.0006796761034368095,-0.0032287263562308685,
GSE43925,0.0006796761034368095,-0.0032287263562308685,
GSE43984,0.0006796761034368095,-0.0032287263562308685,
GSE44052,0.0006796761034368095,-0.0032287263562308685,
GSE44064,0.0006796761034368095,-0.0032287263562308685,
GSE44256,0.0006796761034368095,-0.0032287263562308685,
GSE44267,0.0006796761034368095,-0.0032287263562308685,
GSE44376,0.0006796761034368095,-0.0032287263562308685,
GSE44377,0.0006796761034368095,-0.0032287263562308685,
GSE43785,0.0006796761034368095,-0.0032287263562308685,
GSE33816,0.0006796761034368095,-0.0032287263562308685,
GSE34097,0.0006796761034368095,-0.0032287263562308685,
GSE34329,0.0006796761034368095,-0.0032287263562308685,
GSE34448,0.0006796761034368095,-0.0032287263562308685,
GSE34491,0.0006796761034368095,-0.0032287263562308685,
GSE34736,0.0006796761034368095,-0.0032287263562308685,
GSE34740,0.0006796761034368095,-0.0032287263562308685,
GSE34780,0.0006796761034368095,-0.0032287263562308685,
GSE34914,0.0006796761034368095,-0.0032287263562308685,
GSE34993,0.0006796761034368095,-0.0032287263562308685,
GSE34995,0.0006796761034368095,-0.0032287263562308685,
GSE39561,0.0006796761034368095,-0.0032287263562308685,
GSE35178,0.0006796761034368095,-0.0032287263562308685,
GSE35197,0.0006796761034368095,-0.0032287263562308685,
GSE35296,0.0006796761034368095,-0.0032287263562308685,
GSE35394,0.0006796761034368095,-0.0032287263562308685,
GSE35420,0.0006796761034368095,-0.0032287263562308685,
GSE35464,0.0006796761034368095,-0.0032287263562308685,
GSE35468,0.0006796761034368095,-0.0032287263562308685,
GSE35469,0.0006796761034368095,-0.0032287263562308685,
GSE35584,0.0006796761034368095,-0.0032287263562308685,
GSE35587,0.0006796761034368095,-0.0032287263562308685,
GSE35704,0.0006796761034368095,-0.0032287263562308685,
GSE35126,0.0006796761034368095,-0.0032287263562308685,
GSE31310,0.0006796761034368095,-0.0032287263562308685,
GSE31486,0.0006796761034368095,-0.0032287263562308685,
GSE31528,0.0006796761034368095,-0.0032287263562308685,
GSE31539,0.0006796761034368095,-0.0032287263562308685,
GSE31614,0.0006796761034368095,-0.0032287263562308685,
GSE31653,0.0006796761034368095,-0.0032287263562308685,
GSE32162,0.0006796761034368095,-0.0032287263562308685,
GSE32213,0.0006796761034368095,-0.0032287263562308685,
GSE32307,0.0006796761034368095,-0.0032287263562308685,
GSE32340,0.0006796761034368095,-0.0032287263562308685,
GSE32424,0.0006796761034368095,-0.0032287263562308685,
GSE33782,0.0006796761034368095,-0.0032287263562308685,
GSE32726,0.0006796761034368095,-0.0032287263562308685,
GSE33013,0.0006796761034368095,-0.0032287263562308685,
GSE33092,0.0006796761034368095,-0.0032287263562308685,
GSE33154,0.0006796761034368095,-0.0032287263562308685,
GSE33294,0.0006796761034368095,-0.0032287263562308685,
GSE33328,0.0006796761034368095,-0.0032287263562308685,
GSE33480,0.0006796761034368095,-0.0032287263562308685,
GSE33592,0.0006796761034368095,-0.0032287263562308685,
GSE33600,0.0006796761034368095,-0.0032287263562308685,
GSE33601,0.0006796761034368095,-0.0032287263562308685,
GSE33772,0.0006796761034368095,-0.0032287263562308685,
GSE33776,0.0006796761034368095,-0.0032287263562308685,
GSE32689,0.0006796761034368095,-0.0032287263562308685,
GSE38003,0.0006796761034368095,-0.0032287263562308685,
GSE38100,0.0006796761034368095,-0.0032287263562308685,
GSE38201,0.0006796761034368095,-0.0032287263562308685,
GSE38233,0.0006796761034368095,-0.0032287263562308685,
GSE38234,0.0006796761034368095,-0.0032287263562308685,
GSE38265,0.0006796761034368095,-0.0032287263562308685,
GSE38355,0.0006796761034368095,-0.0032287263562308685,
GSE38356,0.0006796761034368095,-0.0032287263562308685,
GSE38393,0.0006796761034368095,-0.0032287263562308685,
GSE38447,0.0006796761034368095,-0.0032287263562308685,
GSE38541,0.0006796761034368095,-0.0032287263562308685,
GSE35774,0.0006796761034368095,-0.0032287263562308685,
GSE38677,0.0006796761034368095,-0.0032287263562308685,
GSE38770,0.0006796761034368095,-0.0032287263562308685,
GSE38790,0.0006796761034368095,-0.0032287263562308685,
GSE38886,0.0006796761034368095,-0.0032287263562308685,
GSE38945,0.0006796761034368095,-0.0032287263562308685,
GSE38994,0.0006796761034368095,-0.0032287263562308685,
GSE39121,0.0006796761034368095,-0.0032287263562308685,
GSE39167,0.0006796761034368095,-0.0032287263562308685,
GSE39170,0.0006796761034368095,-0.0032287263562308685,
GSE39305,0.0006796761034368095,-0.0032287263562308685,
GSE39527,0.0006796761034368095,-0.0032287263562308685,
GSE38676,0.0006796761034368095,-0.0032287263562308685,
GSE35871,0.0006796761034368095,-0.0032287263562308685,
GSE36062,0.0006796761034368095,-0.0032287263562308685,
GSE36070,0.0006796761034368095,-0.0032287263562308685,
GSE36147,0.0006796761034368095,-0.0032287263562308685,
GSE36242,0.0006796761034368095,-0.0032287263562308685,
GSE36266,0.0006796761034368095,-0.0032287263562308685,
GSE36349,0.0006796761034368095,-0.0032287263562308685,
GSE36350,0.0006796761034368095,-0.0032287263562308685,
GSE36761,0.0006796761034368095,-0.0032287263562308685,
GSE36863,0.0006796761034368095,-0.0032287263562308685,
GSE36866,0.0006796761034368095,-0.0032287263562308685,
GSE37918,0.0006796761034368095,-0.0032287263562308685,
GSE36968,0.0006796761034368095,-0.0032287263562308685,
GSE37001,0.0006796761034368095,-0.0032287263562308685,
GSE37002,0.0006796761034368095,-0.0032287263562308685,
GSE37003,0.0006796761034368095,-0.0032287263562308685,
GSE37037,0.0006796761034368095,-0.0032287263562308685,
GSE37061,0.0006796761034368095,-0.0032287263562308685,
GSE37211,0.0006796761034368095,-0.0032287263562308685,
GSE37376,0.0006796761034368095,-0.0032287263562308685,
GSE37524,0.0006796761034368095,-0.0032287263562308685,
GSE37703,0.0006796761034368095,-0.0032287263562308685,
GSE37752,0.0006796761034368095,-0.0032287263562308685,
GSE37764,0.0006796761034368095,-0.0032287263562308685,
GSE36952,0.0006796761034368095,-0.0032287263562308685,
GSE51684,0.0006796761034368095,-0.0032287263562308685,
GSE51827,0.0006796761034368095,-0.0032287263562308685,
GSE51878,0.0006796761034368095,-0.0032287263562308685,
GSE51924,0.0006796761034368095,-0.0032287263562308685,
GSE51975,0.0006796761034368095,-0.0032287263562308685,
GSE51984,0.0006796761034368095,-0.0032287263562308685,
GSE52036,0.0006796761034368095,-0.0032287263562308685,
GSE52077,0.0006796761034368095,-0.0032287263562308685,
GSE52082,0.0006796761034368095,-0.0032287263562308685,
GSE52090,0.0006796761034368095,-0.0032287263562308685,
GSE52148,0.0006796761034368095,-0.0032287263562308685,
GSE45428,0.0006796761034368095,-0.0032287263562308685,
GSE52201,0.0006796761034368095,-0.0032287263562308685,
GSE52248,0.0006796761034368095,-0.0032287263562308685,
GSE52367,0.0006796761034368095,-0.0032287263562308685,
GSE52385,0.0006796761034368095,-0.0032287263562308685,
GSE52429,0.0006796761034368095,-0.0032287263562308685,
GSE52447,0.0006796761034368095,-0.0032287263562308685,
GSE52463,0.0006796761034368095,-0.0032287263562308685,
GSE52490,0.0006796761034368095,-0.0032287263562308685,
GSE52530,0.0006796761034368095,-0.0032287263562308685,
GSE52642,0.0006796761034368095,-0.0032287263562308685,
GSE52643,0.0006796761034368095,-0.0032287263562308685,
GSE52194,0.0006796761034368095,-0.0032287263562308685,
GSE50535,0.0006796761034368095,-0.0032287263562308685,
GSE50580,0.0006796761034368095,-0.0032287263562308685,
GSE50582,0.0006796761034368095,-0.0032287263562308685,
GSE50599,0.0006796761034368095,-0.0032287263562308685,
GSE50630,0.0006796761034368095,-0.0032287263562308685,
GSE50676,0.0006796761034368095,-0.0032287263562308685,
GSE50721,0.0006796761034368095,-0.0032287263562308685,
GSE50760,0.0006796761034368095,-0.0032287263562308685,
GSE50792,0.0006796761034368095,-0.0032287263562308685,
GSE50893,0.0006796761034368095,-0.0032287263562308685,
GSE50957,0.0006796761034368095,-0.0032287263562308685,
GSE51633,0.0006796761034368095,-0.0032287263562308685,
GSE51005,0.0006796761034368095,-0.0032287263562308685,
GSE51124,0.0006796761034368095,-0.0032287263562308685,
GSE51217,0.0006796761034368095,-0.0032287263562308685,
GSE51254,0.0006796761034368095,-0.0032287263562308685,
GSE51261,0.0006796761034368095,-0.0032287263562308685,
GSE51310,0.0006796761034368095,-0.0032287263562308685,
GSE51403,0.0006796761034368095,-0.0032287263562308685,
GSE51415,0.0006796761034368095,-0.0032287263562308685,
GSE51428,0.0006796761034368095,-0.0032287263562308685,
GSE51443,0.0006796761034368095,-0.0032287263562308685,
GSE51518,0.0006796761034368095,-0.0032287263562308685,
GSE51584,0.0006796761034368095,-0.0032287263562308685,
GSE50958,0.0006796761034368095,-0.0032287263562308685,
GSE53350,0.0006796761034368095,-0.0032287263562308685,
GSE53356,0.0006796761034368095,-0.0032287263562308685,
GSE53370,0.0006796761034368095,-0.0032287263562308685,
GSE53391,0.0006796761034368095,-0.0032287263562308685,
GSE53419,0.0006796761034368095,-0.0032287263562308685,
GSE53439,0.0006796761034368095,-0.0032287263562308685,
GSE53450,0.0006796761034368095,-0.0032287263562308685,
GSE53463,0.0006796761034368095,-0.0032287263562308685,
GSE53470,0.0006796761034368095,-0.0032287263562308685,
GSE53499,0.0006796761034368095,-0.0032287263562308685,
GSE53510,0.0006796761034368095,-0.0032287263562308685,
GSE52656,0.0006796761034368095,-0.0032287263562308685,
GSE53554,0.0006796761034368095,-0.0032287263562308685,
GSE53567,0.0006796761034368095,-0.0032287263562308685,
GSE53586,0.0006796761034368095,-0.0032287263562308685,
GSE53635,0.0006796761034368095,-0.0032287263562308685,
GSE53638,0.0006796761034368095,-0.0032287263562308685,
GSE53695,0.0006796761034368095,-0.0032287263562308685,
GSE53696,0.0006796761034368095,-0.0032287263562308685,
GSE53697,0.0006796761034368095,-0.0032287263562308685,
GSE53698,0.0006796761034368095,-0.0032287263562308685,
GSE53837,0.0006796761034368095,-0.0032287263562308685,
GSE53844,0.0006796761034368095,-0.0032287263562308685,
GSE53532,0.0006796761034368095,-0.0032287263562308685,
GSE52665,0.0006796761034368095,-0.0032287263562308685,
GSE52666,0.0006796761034368095,-0.0032287263562308685,
GSE52687,0.0006796761034368095,-0.0032287263562308685,
GSE52695,0.0006796761034368095,-0.0032287263562308685,
GSE52716,0.0006796761034368095,-0.0032287263562308685,
GSE52734,0.0006796761034368095,-0.0032287263562308685,
GSE52742,0.0006796761034368095,-0.0032287263562308685,
GSE52745,0.0006796761034368095,-0.0032287263562308685,
GSE52778,0.0006796761034368095,-0.0032287263562308685,
GSE52834,0.0006796761034368095,-0.0032287263562308685,
GSE52848,0.0006796761034368095,-0.0032287263562308685,
GSE53330,0.0006796761034368095,-0.0032287263562308685,
GSE52946,0.0006796761034368095,-0.0032287263562308685,
GSE52973,0.0006796761034368095,-0.0032287263562308685,
GSE52975,0.0006796761034368095,-0.0032287263562308685,
GSE53024,0.0006796761034368095,-0.0032287263562308685,
GSE53066,0.0006796761034368095,-0.0032287263562308685,
GSE53080,0.0006796761034368095,-0.0032287263562308685,
GSE53239,0.0006796761034368095,-0.0032287263562308685,
GSE53279,0.0006796761034368095,-0.0032287263562308685,
GSE53280,0.0006796761034368095,-0.0032287263562308685,
GSE53292,0.0006796761034368095,-0.0032287263562308685,
GSE53300,0.0006796761034368095,-0.0032287263562308685,
GSE53327,0.0006796761034368095,-0.0032287263562308685,
GSE52934,0.0006796761034368095,-0.0032287263562308685,
GSE46611,0.0006796761034368095,-0.0032287263562308685,
GSE46613,0.0006796761034368095,-0.0032287263562308685,
GSE46622,0.0006796761034368095,-0.0032287263562308685,
GSE46665,0.0006796761034368095,-0.0032287263562308685,
GSE46718,0.0006796761034368095,-0.0032287263562308685,
GSE46805,0.0006796761034368095,-0.0032287263562308685,
GSE46817,0.0006796761034368095,-0.0032287263562308685,
GSE46831,0.0006796761034368095,-0.0032287263562308685,
GSE46959,0.0006796761034368095,-0.0032287263562308685,
GSE47042,0.0006796761034368095,-0.0032287263562308685,
GSE47095,0.0006796761034368095,-0.0032287263562308685,
GSE50514,0.0006796761034368095,-0.0032287263562308685,
GSE47157,0.0006796761034368095,-0.0032287263562308685,
GSE47226,0.0006796761034368095,-0.0032287263562308685,
GSE47399,0.0006796761034368095,-0.0032287263562308685,
GSE47428,0.0006796761034368095,-0.0032287263562308685,
GSE47462,0.0006796761034368095,-0.0032287263562308685,
GSE47488,0.0006796761034368095,-0.0032287263562308685,
GSE47636,0.0006796761034368095,-0.0032287263562308685,
GSE47702,0.0006796761034368095,-0.0032287263562308685,
GSE47718,0.0006796761034368095,-0.0032287263562308685,
GSE47805,0.0006796761034368095,-0.0032287263562308685,
GSE47806,0.0006796761034368095,-0.0032287263562308685,
GSE47114,0.0006796761034368095,-0.0032287263562308685,
GSE45442,0.0006796761034368095,-0.0032287263562308685,
GSE45453,0.0006796761034368095,-0.0032287263562308685,
GSE45510,0.0006796761034368095,-0.0032287263562308685,
GSE45669,0.0006796761034368095,-0.0032287263562308685,
GSE45732,0.0006796761034368095,-0.0032287263562308685,
GSE45734,0.0006796761034368095,-0.0032287263562308685,
GSE45735,0.0006796761034368095,-0.0032287263562308685,
GSE45785,0.0006796761034368095,-0.0032287263562308685,
GSE45822,0.0006796761034368095,-0.0032287263562308685,
GSE45883,0.0006796761034368095,-0.0032287263562308685,
GSE45910,0.0006796761034368095,-0.0032287263562308685,
GSE46597,0.0006796761034368095,-0.0032287263562308685,
GSE46164,0.0006796761034368095,-0.0032287263562308685,
GSE46224,0.0006796761034368095,-0.0032287263562308685,
GSE46228,0.0006796761034368095,-0.0032287263562308685,
GSE46322,0.0006796761034368095,-0.0032287263562308685,
GSE46323,0.0006796761034368095,-0.0032287263562308685,
GSE46490,0.0006796761034368095,-0.0032287263562308685,
GSE46502,0.0006796761034368095,-0.0032287263562308685,
GSE46513,0.0006796761034368095,-0.0032287263562308685,
GSE46514,0.0006796761034368095,-0.0032287263562308685,
GSE46516,0.0006796761034368095,-0.0032287263562308685,
GSE46523,0.0006796761034368095,-0.0032287263562308685,
GSE46561,0.0006796761034368095,-0.0032287263562308685,
GSE46056,0.0006796761034368095,-0.0032287263562308685,
GSE48953,0.0006796761034368095,-0.0032287263562308685,
GSE49110,0.0006796761034368095,-0.0032287263562308685,
GSE49133,0.0006796761034368095,-0.0032287263562308685,
GSE49155,0.0006796761034368095,-0.0032287263562308685,
GSE49159,0.0006796761034368095,-0.0032287263562308685,
GSE49295,0.0006796761034368095,-0.0032287263562308685,
GSE49339,0.0006796761034368095,-0.0032287263562308685,
GSE49601,0.0006796761034368095,-0.0032287263562308685,
GSE49608,0.0006796761034368095,-0.0032287263562308685,
GSE49642,0.0006796761034368095,-0.0032287263562308685,
GSE49712,0.0006796761034368095,-0.0032287263562308685,
GSE47933,0.0006796761034368095,-0.0032287263562308685,
GSE49833,0.0006796761034368095,-0.0032287263562308685,
GSE49834,0.0006796761034368095,-0.0032287263562308685,
GSE49890,0.0006796761034368095,-0.0032287263562308685,
GSE49994,0.0006796761034368095,-0.0032287263562308685,
GSE50064,0.0006796761034368095,-0.0032287263562308685,
GSE50174,0.0006796761034368095,-0.0032287263562308685,
GSE50177,0.0006796761034368095,-0.0032287263562308685,
GSE50244,0.0006796761034368095,-0.0032287263562308685,
GSE50386,0.0006796761034368095,-0.0032287263562308685,
GSE50491,0.0006796761034368095,-0.0032287263562308685,
GSE50499,0.0006796761034368095,-0.0032287263562308685,
GSE49831,0.0006796761034368095,-0.0032287263562308685,
GSE47944,0.0006796761034368095,-0.0032287263562308685,
GSE47997,0.0006796761034368095,-0.0032287263562308685,
GSE48032,0.0006796761034368095,-0.0032287263562308685,
GSE48034,0.0006796761034368095,-0.0032287263562308685,
GSE48035,0.0006796761034368095,-0.0032287263562308685,
GSE48159,0.0006796761034368095,-0.0032287263562308685,
GSE48166,0.0006796761034368095,-0.0032287263562308685,
GSE48213,0.0006796761034368095,-0.0032287263562308685,
GSE48230,0.0006796761034368095,-0.0032287263562308685,
GSE48240,0.0006796761034368095,-0.0032287263562308685,
GSE48263,0.0006796761034368095,-0.0032287263562308685,
GSE48933,0.0006796761034368095,-0.0032287263562308685,
GSE48403,0.0006796761034368095,-0.0032287263562308685,
GSE48423,0.0006796761034368095,-0.0032287263562308685,
GSE48599,0.0006796761034368095,-0.0032287263562308685,
GSE48603,0.0006796761034368095,-0.0032287263562308685,
GSE48678,0.0006796761034368095,-0.0032287263562308685,
GSE48785,0.0006796761034368095,-0.0032287263562308685,
GSE48812,0.0006796761034368095,-0.0032287263562308685,
GSE48843,0.0006796761034368095,-0.0032287263562308685,
GSE48846,0.0006796761034368095,-0.0032287263562308685,
GSE48850,0.0006796761034368095,-0.0032287263562308685,
GSE48889,0.0006796761034368095,-0.0032287263562308685,
GSE48918,0.0006796761034368095,-0.0032287263562308685,
GSE48286,0.0006796761034368095,-0.0032287263562308685,
GSE103075,0.0006796761034368095,-0.0032287263562308685,
GSE103114,0.0006796761034368095,-0.0032287263562308685,
GSE103122,0.0006796761034368095,-0.0032287263562308685,
GSE103147,0.0006796761034368095,-0.0032287263562308685,
GSE103152,0.0006796761034368095,-0.0032287263562308685,
GSE103242,0.0006796761034368095,-0.0032287263562308685,
GSE103252,0.0006796761034368095,-0.0032287263562308685,
GSE103270,0.0006796761034368095,-0.0032287263562308685,
GSE103299,0.0006796761034368095,-0.0032287263562308685,
GSE103305,0.0006796761034368095,-0.0032287263562308685,
GSE103307,0.0006796761034368095,-0.0032287263562308685,
GSE30786,0.0006796761034368095,-0.0032287263562308685,
GSE103449,0.0006796761034368095,-0.0032287263562308685,
GSE103461,0.0006796761034368095,-0.0032287263562308685,
GSE103501,0.0006796761034368095,-0.0032287263562308685,
GSE103544,0.0006796761034368095,-0.0032287263562308685,
GSE103567,0.0006796761034368095,-0.0032287263562308685,
GSE103630,0.0006796761034368095,-0.0032287263562308685,
GSE103650,0.0006796761034368095,-0.0032287263562308685,
GSE103658,0.0006796761034368095,-0.0032287263562308685,
GSE103672,0.0006796761034368095,-0.0032287263562308685,
GSE103687,0.0006796761034368095,-0.0032287263562308685,
GSE103688,0.0006796761034368095,-0.0032287263562308685,
GSE103405,0.0006796761034368095,-0.0032287263562308685,
GSE102492,0.0006796761034368095,-0.0032287263562308685,
GSE102560,0.0006796761034368095,-0.0032287263562308685,
GSE102616,0.0006796761034368095,-0.0032287263562308685,
GSE102628,0.0006796761034368095,-0.0032287263562308685,
GSE102639,0.0006796761034368095,-0.0032287263562308685,
GSE102652,0.0006796761034368095,-0.0032287263562308685,
GSE102676,0.0006796761034368095,-0.0032287263562308685,
GSE102728,0.0006796761034368095,-0.0032287263562308685,
GSE102741,0.0006796761034368095,-0.0032287263562308685,
GSE102762,0.0006796761034368095,-0.0032287263562308685,
GSE102796,0.0006796761034368095,-0.0032287263562308685,
GSE103071,0.0006796761034368095,-0.0032287263562308685,
GSE102838,0.0006796761034368095,-0.0032287263562308685,
GSE102860,0.0006796761034368095,-0.0032287263562308685,
GSE102864,0.0006796761034368095,-0.0032287263562308685,
GSE102870,0.0006796761034368095,-0.0032287263562308685,
GSE102875,0.0006796761034368095,-0.0032287263562308685,
GSE102893,0.0006796761034368095,-0.0032287263562308685,
GSE102910,0.0006796761034368095,-0.0032287263562308685,
GSE102923,0.0006796761034368095,-0.0032287263562308685,
GSE103001,0.0006796761034368095,-0.0032287263562308685,
GSE103016,0.0006796761034368095,-0.0032287263562308685,
GSE103021,0.0006796761034368095,-0.0032287263562308685,
GSE103029,0.0006796761034368095,-0.0032287263562308685,
GSE102812,0.0006796761034368095,-0.0032287263562308685,
GSE104527,0.0006796761034368095,-0.0032287263562308685,
GSE104552,0.0006796761034368095,-0.0032287263562308685,
GSE104589,0.0006796761034368095,-0.0032287263562308685,
GSE104600,0.0006796761034368095,-0.0032287263562308685,
GSE104674,0.0006796761034368095,-0.0032287263562308685,
GSE104704,0.0006796761034368095,-0.0032287263562308685,
GSE104714,0.0006796761034368095,-0.0032287263562308685,
GSE104736,0.0006796761034368095,-0.0032287263562308685,
GSE104766,0.0006796761034368095,-0.0032287263562308685,
GSE104836,0.0006796761034368095,-0.0032287263562308685,
GSE104854,0.0006796761034368095,-0.0032287263562308685,
GSE103711,0.0006796761034368095,-0.0032287263562308685,
GSE105019,0.0006796761034368095,-0.0032287263562308685,
GSE105039,0.0006796761034368095,-0.0032287263562308685,
GSE105064,0.0006796761034368095,-0.0032287263562308685,
GSE105083,0.0006796761034368095,-0.0032287263562308685,
GSE105137,0.0006796761034368095,-0.0032287263562308685,
GSE105142,0.0006796761034368095,-0.0032287263562308685,
GSE105216,0.0006796761034368095,-0.0032287263562308685,
GSE105248,0.0006796761034368095,-0.0032287263562308685,
GSE105783,0.0006796761034368095,-0.0032287263562308685,
GSE105884,0.0006796761034368095,-0.0032287263562308685,
GSE106092,0.0006796761034368095,-0.0032287263562308685,
GSE104873,0.0006796761034368095,-0.0032287263562308685,
GSE103719,0.0006796761034368095,-0.0032287263562308685,
GSE103763,0.0006796761034368095,-0.0032287263562308685,
GSE103790,0.0006796761034368095,-0.0032287263562308685,
GSE103837,0.0006796761034368095,-0.0032287263562308685,
GSE103844,0.0006796761034368095,-0.0032287263562308685,
GSE103850,0.0006796761034368095,-0.0032287263562308685,
GSE103868,0.0006796761034368095,-0.0032287263562308685,
GSE103907,0.0006796761034368095,-0.0032287263562308685,
GSE103930,0.0006796761034368095,-0.0032287263562308685,
GSE103934,0.0006796761034368095,-0.0032287263562308685,
GSE103997,0.0006796761034368095,-0.0032287263562308685,
GSE104522,0.0006796761034368095,-0.0032287263562308685,
GSE104018,0.0006796761034368095,-0.0032287263562308685,
GSE104149,0.0006796761034368095,-0.0032287263562308685,
GSE104177,0.0006796761034368095,-0.0032287263562308685,
GSE104193,0.0006796761034368095,-0.0032287263562308685,
GSE104209,0.0006796761034368095,-0.0032287263562308685,
GSE104227,0.0006796761034368095,-0.0032287263562308685,
GSE104280,0.0006796761034368095,-0.0032287263562308685,
GSE104282,0.0006796761034368095,-0.0032287263562308685,
GSE104288,0.0006796761034368095,-0.0032287263562308685,
GSE104310,0.0006796761034368095,-0.0032287263562308685,
GSE104348,0.0006796761034368095,-0.0032287263562308685,
GSE104465,0.0006796761034368095,-0.0032287263562308685,
GSE104001,0.0006796761034368095,-0.0032287263562308685,
GSE99356,0.0006796761034368095,-0.0032287263562308685,
GSE99381,0.0006796761034368095,-0.0032287263562308685,
GSE99389,0.0006796761034368095,-0.0032287263562308685,
GSE99392,0.0006796761034368095,-0.0032287263562308685,
GSE99400,0.0006796761034368095,-0.0032287263562308685,
GSE100027,0.0006796761034368095,-0.0032287263562308685,
GSE100745,0.0006796761034368095,-0.0032287263562308685,
GSE100751,0.0006796761034368095,-0.0032287263562308685,
GSE100813,0.0006796761034368095,-0.0032287263562308685,
GSE100891,0.0006796761034368095,-0.0032287263562308685,
GSE100925,0.0006796761034368095,-0.0032287263562308685,
GSE102476,0.0006796761034368095,-0.0032287263562308685,
GSE101157,0.0006796761034368095,-0.0032287263562308685,
GSE101167,0.0006796761034368095,-0.0032287263562308685,
GSE101168,0.0006796761034368095,-0.0032287263562308685,
GSE101209,0.0006796761034368095,-0.0032287263562308685,
GSE101343,0.0006796761034368095,-0.0032287263562308685,
GSE101396,0.0006796761034368095,-0.0032287263562308685,
GSE101419,0.0006796761034368095,-0.0032287263562308685,
GSE101451,0.0006796761034368095,-0.0032287263562308685,
GSE101467,0.0006796761034368095,-0.0032287263562308685,
GSE101480,0.0006796761034368095,-0.0032287263562308685,
GSE101497,0.0006796761034368095,-0.0032287263562308685,
GSE100982,0.0006796761034368095,-0.0032287263562308685,
GSE99626,0.0006796761034368095,-0.0032287263562308685,
GSE99407,0.0006796761034368095,-0.0032287263562308685,
GSE98884,0.0006796761034368095,-0.0032287263562308685,
GSE98894,0.0006796761034368095,-0.0032287263562308685,
GSE98898,0.0006796761034368095,-0.0032287263562308685,
GSE99015,0.0006796761034368095,-0.0032287263562308685,
GSE99028,0.0006796761034368095,-0.0032287263562308685,
GSE99059,0.0006796761034368095,-0.0032287263562308685,
GSE99060,0.0006796761034368095,-0.0032287263562308685,
GSE99062,0.0006796761034368095,-0.0032287263562308685,
GSE99065,0.0006796761034368095,-0.0032287263562308685,
GSE99349,0.0006796761034368095,-0.0032287263562308685,
GSE99095,0.0006796761034368095,-0.0032287263562308685,
GSE99149,0.0006796761034368095,-0.0032287263562308685,
GSE99179,0.0006796761034368095,-0.0032287263562308685,
GSE99180,0.0006796761034368095,-0.0032287263562308685,
GSE99202,0.0006796761034368095,-0.0032287263562308685,
GSE99209,0.0006796761034368095,-0.0032287263562308685,
GSE99215,0.0006796761034368095,-0.0032287263562308685,
GSE99246,0.0006796761034368095,-0.0032287263562308685,
GSE99293,0.0006796761034368095,-0.0032287263562308685,
GSE99298,0.0006796761034368095,-0.0032287263562308685,
GSE99313,0.0006796761034368095,-0.0032287263562308685,
GSE99321,0.0006796761034368095,-0.0032287263562308685,
GSE99088,0.0006796761034368095,-0.0032287263562308685,
GSE101972,0.0006796761034368095,-0.0032287263562308685,
GSE101974,0.0006796761034368095,-0.0032287263562308685,
GSE102000,0.0006796761034368095,-0.0032287263562308685,
GSE102025,0.0006796761034368095,-0.0032287263562308685,
GSE102033,0.0006796761034368095,-0.0032287263562308685,
GSE102040,0.0006796761034368095,-0.0032287263562308685,
GSE102073,0.0006796761034368095,-0.0032287263562308685,
GSE102097,0.0006796761034368095,-0.0032287263562308685,
GSE102101,0.0006796761034368095,-0.0032287263562308685,
GSE102132,0.0006796761034368095,-0.0032287263562308685,
GSE102138,0.0006796761034368095,-0.0032287263562308685,
GSE101518,0.0006796761034368095,-0.0032287263562308685,
GSE102182,0.0006796761034368095,-0.0032287263562308685,
GSE102183,0.0006796761034368095,-0.0032287263562308685,
GSE102185,0.0006796761034368095,-0.0032287263562308685,
GSE102188,0.0006796761034368095,-0.0032287263562308685,
GSE102215,0.0006796761034368095,-0.0032287263562308685,
GSE102246,0.0006796761034368095,-0.0032287263562308685,
GSE102305,0.0006796761034368095,-0.0032287263562308685,
GSE102349,0.0006796761034368095,-0.0032287263562308685,
GSE102392,0.0006796761034368095,-0.0032287263562308685,
GSE102460,0.0006796761034368095,-0.0032287263562308685,
GSE102467,0.0006796761034368095,-0.0032287263562308685,
GSE102170,0.0006796761034368095,-0.0032287263562308685,
GSE101519,0.0006796761034368095,-0.0032287263562308685,
GSE101521,0.0006796761034368095,-0.0032287263562308685,
GSE101526,0.0006796761034368095,-0.0032287263562308685,
GSE101528,0.0006796761034368095,-0.0032287263562308685,
GSE101547,0.0006796761034368095,-0.0032287263562308685,
GSE101558,0.0006796761034368095,-0.0032287263562308685,
GSE101565,0.0006796761034368095,-0.0032287263562308685,
GSE101628,0.0006796761034368095,-0.0032287263562308685,
GSE101629,0.0006796761034368095,-0.0032287263562308685,
GSE101638,0.0006796761034368095,-0.0032287263562308685,
GSE101665,0.0006796761034368095,-0.0032287263562308685,
GSE101968,0.0006796761034368095,-0.0032287263562308685,
GSE101705,0.0006796761034368095,-0.0032287263562308685,
GSE101708,0.0006796761034368095,-0.0032287263562308685,
GSE101738,0.0006796761034368095,-0.0032287263562308685,
GSE101754,0.0006796761034368095,-0.0032287263562308685,
GSE101756,0.0006796761034368095,-0.0032287263562308685,
GSE101799,0.0006796761034368095,-0.0032287263562308685,
GSE101871,0.0006796761034368095,-0.0032287263562308685,
GSE101872,0.0006796761034368095,-0.0032287263562308685,
GSE101878,0.0006796761034368095,-0.0032287263562308685,
GSE101923,0.0006796761034368095,-0.0032287263562308685,
GSE101927,0.0006796761034368095,-0.0032287263562308685,
GSE101966,0.0006796761034368095,-0.0032287263562308685,
GSE101691,0.0006796761034368095,-0.0032287263562308685,
GSE122818,0.0006796761034368095,-0.0032287263562308685,
GSE122953,0.0006796761034368095,-0.0032287263562308685,
GSE123029,0.0006796761034368095,-0.0032287263562308685,
GSE123649,0.0006796761034368095,-0.0032287263562308685,
GSE124282,0.0006796761034368095,-0.0032287263562308685,
GSE124586,0.0006796761034368095,-0.0032287263562308685,
GSE125506,0.0006796761034368095,-0.0032287263562308685,
GSE125522,0.0006796761034368095,-0.0032287263562308685,
GSE125577,0.0006796761034368095,-0.0032287263562308685,
GSE125629,0.0006796761034368095,-0.0032287263562308685,
GSE125642,0.0006796761034368095,-0.0032287263562308685,
GSE106118,0.0006796761034368095,-0.0032287263562308685,
GSE125778,0.0006796761034368095,-0.0032287263562308685,
GSE125802,0.0006796761034368095,-0.0032287263562308685,
GSE125862,0.0006796761034368095,-0.0032287263562308685,
GSE125892,0.0006796761034368095,-0.0032287263562308685,
GSE125966,0.0006796761034368095,-0.0032287263562308685,
GSE126007,0.0006796761034368095,-0.0032287263562308685,
GSE126250,0.0006796761034368095,-0.0032287263562308685,
GSE15780,0.0006796761034368095,-0.0032287263562308685,
GSE16642,0.0006796761034368095,-0.0032287263562308685,
GSE16921,0.0006796761034368095,-0.0032287263562308685,
GSE17403,0.0006796761034368095,-0.0032287263562308685,
GSE125686,0.0006796761034368095,-0.0032287263562308685,
GSE113964,0.0006796761034368095,-0.0032287263562308685,
GSE114069,0.0006796761034368095,-0.0032287263562308685,
GSE114725,0.0006796761034368095,-0.0032287263562308685,
GSE114885,0.0006796761034368095,-0.0032287263562308685,
GSE115259,0.0006796761034368095,-0.0032287263562308685,
GSE115575,0.0006796761034368095,-0.0032287263562308685,
GSE115650,0.0006796761034368095,-0.0032287263562308685,
GSE115770,0.0006796761034368095,-0.0032287263562308685,
GSE115795,0.0006796761034368095,-0.0032287263562308685,
GSE115823,0.0006796761034368095,-0.0032287263562308685,
GSE115831,0.0006796761034368095,-0.0032287263562308685,
GSE122093,0.0006796761034368095,-0.0032287263562308685,
GSE116346,0.0006796761034368095,-0.0032287263562308685,
GSE117123,0.0006796761034368095,-0.0032287263562308685,
GSE117622,0.0006796761034368095,-0.0032287263562308685,
GSE118158,0.0006796761034368095,-0.0032287263562308685,
GSE118530,0.0006796761034368095,-0.0032287263562308685,
GSE118644,0.0006796761034368095,-0.0032287263562308685,
GSE119587,0.0006796761034368095,-0.0032287263562308685,
GSE119794,0.0006796761034368095,-0.0032287263562308685,
GSE120297,0.0006796761034368095,-0.0032287263562308685,
GSE120890,0.0006796761034368095,-0.0032287263562308685,
GSE120891,0.0006796761034368095,-0.0032287263562308685,
GSE121425,0.0006796761034368095,-0.0032287263562308685,
GSE115938,0.0006796761034368095,-0.0032287263562308685,
GSE28115,0.0006796761034368095,-0.0032287263562308685,
GSE28859,0.0006796761034368095,-0.0032287263562308685,
GSE28864,0.0006796761034368095,-0.0032287263562308685,
GSE28866,0.0006796761034368095,-0.0032287263562308685,
GSE29006,0.0006796761034368095,-0.0032287263562308685,
GSE29038,0.0006796761034368095,-0.0032287263562308685,
GSE29040,0.0006796761034368095,-0.0032287263562308685,
GSE29098,0.0006796761034368095,-0.0032287263562308685,
GSE29119,0.0006796761034368095,-0.0032287263562308685,
GSE29155,0.0006796761034368095,-0.0032287263562308685,
GSE29158,0.0006796761034368095,-0.0032287263562308685,
GSE18156,0.0006796761034368095,-0.0032287263562308685,
GSE29282,0.0006796761034368095,-0.0032287263562308685,
GSE29580,0.0006796761034368095,-0.0032287263562308685,
GSE29660,0.0006796761034368095,-0.0032287263562308685,
GSE29943,0.0006796761034368095,-0.0032287263562308685,
GSE29968,0.0006796761034368095,-0.0032287263562308685,
GSE30222,0.0006796761034368095,-0.0032287263562308685,
GSE30290,0.0006796761034368095,-0.0032287263562308685,
GSE30554,0.0006796761034368095,-0.0032287263562308685,
GSE30567,0.0006796761034368095,-0.0032287263562308685,
GSE30573,0.0006796761034368095,-0.0032287263562308685,
GSE30772,0.0006796761034368095,-0.0032287263562308685,
GSE29160,0.0006796761034368095,-0.0032287263562308685,
GSE19166,0.0006796761034368095,-0.0032287263562308685,
GSE19323,0.0006796761034368095,-0.0032287263562308685,
GSE19373,0.0006796761034368095,-0.0032287263562308685,
GSE19466,0.0006796761034368095,-0.0032287263562308685,
GSE19480,0.0006796761034368095,-0.0032287263562308685,
GSE19481,0.0006796761034368095,-0.0032287263562308685,
GSE20116,0.0006796761034368095,-0.0032287263562308685,
GSE21918,0.0006796761034368095,-0.0032287263562308685,
GSE22260,0.0006796761034368095,-0.0032287263562308685,
GSE22917,0.0006796761034368095,-0.0032287263562308685,
GSE22932,0.0006796761034368095,-0.0032287263562308685,
GSE28040,0.0006796761034368095,-0.0032287263562308685,
GSE24283,0.0006796761034368095,-0.0032287263562308685,
GSE24455,0.0006796761034368095,-0.0032287263562308685,
GSE24491,0.0006796761034368095,-0.0032287263562308685,
GSE25133,0.0006796761034368095,-0.0032287263562308685,
GSE25183,0.0006796761034368095,-0.0032287263562308685,
GSE25291,0.0006796761034368095,-0.0032287263562308685,
GSE25882,0.0006796761034368095,-0.0032287263562308685,
GSE25932,0.0006796761034368095,-0.0032287263562308685,
GSE26140,0.0006796761034368095,-0.0032287263562308685,
GSE26463,0.0006796761034368095,-0.0032287263562308685,
GSE27315,0.0006796761034368095,-0.0032287263562308685,
GSE27823,0.0006796761034368095,-0.0032287263562308685,
GSE23109,0.0006796761034368095,-0.0032287263562308685,
GSE107030,0.0006796761034368095,-0.0032287263562308685,
GSE107096,0.0006796761034368095,-0.0032287263562308685,
GSE107173,0.0006796761034368095,-0.0032287263562308685,
GSE107181,0.0006796761034368095,-0.0032287263562308685,
GSE107196,0.0006796761034368095,-0.0032287263562308685,
GSE107245,0.0006796761034368095,-0.0032287263562308685,
GSE107307,0.0006796761034368095,-0.0032287263562308685,
GSE107363,0.0006796761034368095,-0.0032287263562308685,
GSE107542,0.0006796761034368095,-0.0032287263562308685,
GSE107574,0.0006796761034368095,-0.0032287263562308685,
GSE107581,0.0006796761034368095,-0.0032287263562308685,
GSE113907,0.0006796761034368095,-0.0032287263562308685,
GSE107601,0.0006796761034368095,-0.0032287263562308685,
GSE107649,0.0006796761034368095,-0.0032287263562308685,
GSE107680,0.0006796761034368095,-0.0032287263562308685,
GSE107735,0.0006796761034368095,-0.0032287263562308685,
GSE107746,0.0006796761034368095,-0.0032287263562308685,
GSE107821,0.0006796761034368095,-0.0032287263562308685,
GSE107848,0.0006796761034368095,-0.0032287263562308685,
GSE107871,0.0006796761034368095,-0.0032287263562308685,
GSE107894,0.0006796761034368095,-0.0032287263562308685,
GSE107898,0.0006796761034368095,-0.0032287263562308685,
GSE108003,0.0006796761034368095,-0.0032287263562308685,
GSE107590,0.0006796761034368095,-0.0032287263562308685,
GSE106148,0.0006796761034368095,-0.0032287263562308685,
GSE106261,0.0006796761034368095,-0.0032287263562308685,
GSE106289,0.0006796761034368095,-0.0032287263562308685,
GSE106292,0.0006796761034368095,-0.0032287263562308685,
GSE106336,0.0006796761034368095,-0.0032287263562308685,
GSE106338,0.0006796761034368095,-0.0032287263562308685,
GSE106387,0.0006796761034368095,-0.0032287263562308685,
GSE106391,0.0006796761034368095,-0.0032287263562308685,
GSE106393,0.0006796761034368095,-0.0032287263562308685,
GSE106394,0.0006796761034368095,-0.0032287263562308685,
GSE106520,0.0006796761034368095,-0.0032287263562308685,
GSE107029,0.0006796761034368095,-0.0032287263562308685,
GSE106542,0.0006796761034368095,-0.0032287263562308685,
GSE106545,0.0006796761034368095,-0.0032287263562308685,
GSE106605,0.0006796761034368095,-0.0032287263562308685,
GSE106681,0.0006796761034368095,-0.0032287263562308685,
GSE106694,0.0006796761034368095,-0.0032287263562308685,
GSE106696,0.0006796761034368095,-0.0032287263562308685,
GSE106804,0.0006796761034368095,-0.0032287263562308685,
GSE106844,0.0006796761034368095,-0.0032287263562308685,
GSE106885,0.0006796761034368095,-0.0032287263562308685,
GSE106917,0.0006796761034368095,-0.0032287263562308685,
GSE106989,0.0006796761034368095,-0.0032287263562308685,
GSE106991,0.0006796761034368095,-0.0032287263562308685,
GSE106540,0.0006796761034368095,-0.0032287263562308685,
GSE109313,0.0006796761034368095,-0.0032287263562308685,
GSE109373,0.0006796761034368095,-0.0032287263562308685,
GSE109419,0.0006796761034368095,-0.0032287263562308685,
GSE109463,0.0006796761034368095,-0.0032287263562308685,
GSE109484,0.0006796761034368095,-0.0032287263562308685,
GSE109620,0.0006796761034368095,-0.0032287263562308685,
GSE109702,0.0006796761034368095,-0.0032287263562308685,
GSE109708,0.0006796761034368095,-0.0032287263562308685,
GSE109843,0.0006796761034368095,-0.0032287263562308685,
GSE110278,0.0006796761034368095,-0.0032287263562308685,
GSE110999,0.0006796761034368095,-0.0032287263562308685,
GSE108013,0.0006796761034368095,-0.0032287263562308685,
GSE111049,0.0006796761034368095,-0.0032287263562308685,
GSE111203,0.0006796761034368095,-0.0032287263562308685,
GSE111520,0.0006796761034368095,-0.0032287263562308685,
GSE112295,0.0006796761034368095,-0.0032287263562308685,
GSE112557,0.0006796761034368095,-0.0032287263562308685,
GSE113098,0.0006796761034368095,-0.0032287263562308685,
GSE113185,0.0006796761034368095,-0.0032287263562308685,
GSE113215,0.0006796761034368095,-0.0032287263562308685,
GSE113386,0.0006796761034368095,-0.0032287263562308685,
GSE113519,0.0006796761034368095,-0.0032287263562308685,
GSE113695,0.0006796761034368095,-0.0032287263562308685,
GSE111036,0.0006796761034368095,-0.0032287263562308685,
GSE108023,0.0006796761034368095,-0.0032287263562308685,
GSE108072,0.0006796761034368095,-0.0032287263562308685,
GSE108094,0.0006796761034368095,-0.0032287263562308685,
GSE108111,0.0006796761034368095,-0.0032287263562308685,
GSE108140,0.0006796761034368095,-0.0032287263562308685,
GSE108308,0.0006796761034368095,-0.0032287263562308685,
GSE108313,0.0006796761034368095,-0.0032287263562308685,
GSE108366,0.0006796761034368095,-0.0032287263562308685,
GSE108391,0.0006796761034368095,-0.0032287263562308685,
GSE108444,0.0006796761034368095,-0.0032287263562308685,
GSE108465,0.0006796761034368095,-0.0032287263562308685,
GSE109142,0.0006796761034368095,-0.0032287263562308685,
GSE108526,0.0006796761034368095,-0.0032287263562308685,
GSE108643,0.0006796761034368095,-0.0032287263562308685,
GSE108763,0.0006796761034368095,-0.0032287263562308685,
GSE108883,0.0006796761034368095,-0.0032287263562308685,
GSE108905,0.0006796761034368095,-0.0032287263562308685,
GSE108923,0.0006796761034368095,-0.0032287263562308685,
GSE108971,0.0006796761034368095,-0.0032287263562308685,
GSE109028,0.0006796761034368095,-0.0032287263562308685,
GSE109072,0.0006796761034368095,-0.0032287263562308685,
GSE109082,0.0006796761034368095,-0.0032287263562308685,
GSE109108,0.0006796761034368095,-0.0032287263562308685,
GSE109140,0.0006796761034368095,-0.0032287263562308685,
GSE108495,0.0006796761034368095,-0.0032287263562308685,
GSE67109,0.0006796761034368095,-0.0032287263562308685,
GSE67141,0.0006796761034368095,-0.0032287263562308685,
GSE67174,0.0006796761034368095,-0.0032287263562308685,
GSE67196,0.0006796761034368095,-0.0032287263562308685,
GSE67237,0.0006796761034368095,-0.0032287263562308685,
GSE67240,0.0006796761034368095,-0.0032287263562308685,
GSE67250,0.0006796761034368095,-0.0032287263562308685,
GSE67295,0.0006796761034368095,-0.0032287263562308685,
GSE67333,0.0006796761034368095,-0.0032287263562308685,
GSE67382,0.0006796761034368095,-0.0032287263562308685,
GSE67427,0.0006796761034368095,-0.0032287263562308685,
GSE53949,0.0006796761034368095,-0.0032287263562308685,
GSE67488,0.0006796761034368095,-0.0032287263562308685,
GSE67519,0.0006796761034368095,-0.0032287263562308685,
GSE67540,0.0006796761034368095,-0.0032287263562308685,
GSE67617,0.0006796761034368095,-0.0032287263562308685,
GSE67713,0.0006796761034368095,-0.0032287263562308685,
GSE67770,0.0006796761034368095,-0.0032287263562308685,
GSE67785,0.0006796761034368095,-0.0032287263562308685,
GSE67812,0.0006796761034368095,-0.0032287263562308685,
GSE67844,0.0006796761034368095,-0.0032287263562308685,
GSE67866,0.0006796761034368095,-0.0032287263562308685,
GSE67898,0.0006796761034368095,-0.0032287263562308685,
GSE67447,0.0006796761034368095,-0.0032287263562308685,
GSE66590,0.0006796761034368095,-0.0032287263562308685,
GSE66592,0.0006796761034368095,-0.0032287263562308685,
GSE66593,0.0006796761034368095,-0.0032287263562308685,
GSE66622,0.0006796761034368095,-0.0032287263562308685,
GSE66627,0.0006796761034368095,-0.0032287263562308685,
GSE66719,0.0006796761034368095,-0.0032287263562308685,
GSE66727,0.0006796761034368095,-0.0032287263562308685,
GSE66741,0.0006796761034368095,-0.0032287263562308685,
GSE66742,0.0006796761034368095,-0.0032287263562308685,
GSE66755,0.0006796761034368095,-0.0032287263562308685,
GSE66763,0.0006796761034368095,-0.0032287263562308685,
GSE67041,0.0006796761034368095,-0.0032287263562308685,
GSE66789,0.0006796761034368095,-0.0032287263562308685,
GSE66798,0.0006796761034368095,-0.0032287263562308685,
GSE66809,0.0006796761034368095,-0.0032287263562308685,
GSE66859,0.0006796761034368095,-0.0032287263562308685,
GSE66876,0.0006796761034368095,-0.0032287263562308685,
GSE66879,0.0006796761034368095,-0.0032287263562308685,
GSE66895,0.0006796761034368095,-0.0032287263562308685,
GSE66917,0.0006796761034368095,-0.0032287263562308685,
GSE66927,0.0006796761034368095,-0.0032287263562308685,
GSE66928,0.0006796761034368095,-0.0032287263562308685,
GSE66962,0.0006796761034368095,-0.0032287263562308685,
GSE66777,0.0006796761034368095,-0.0032287263562308685,
GSE68395,0.0006796761034368095,-0.0032287263562308685,
GSE68401,0.0006796761034368095,-0.0032287263562308685,
GSE68452,0.0006796761034368095,-0.0032287263562308685,
GSE68482,0.0006796761034368095,-0.0032287263562308685,
GSE68538,0.0006796761034368095,-0.0032287263562308685,
GSE68611,0.0006796761034368095,-0.0032287263562308685,
GSE68645,0.0006796761034368095,-0.0032287263562308685,
GSE68671,0.0006796761034368095,-0.0032287263562308685,
GSE68673,0.0006796761034368095,-0.0032287263562308685,
GSE68719,0.0006796761034368095,-0.0032287263562308685,
GSE68795,0.0006796761034368095,-0.0032287263562308685,
GSE67902,0.0006796761034368095,-0.0032287263562308685,
GSE68800,0.0006796761034368095,-0.0032287263562308685,
GSE68813,0.0006796761034368095,-0.0032287263562308685,
GSE68815,0.0006796761034368095,-0.0032287263562308685,
GSE68872,0.0006796761034368095,-0.0032287263562308685,
GSE68873,0.0006796761034368095,-0.0032287263562308685,
GSE68919,0.0006796761034368095,-0.0032287263562308685,
GSE68925,0.0006796761034368095,-0.0032287263562308685,
GSE68938,0.0006796761034368095,-0.0032287263562308685,
GSE68987,0.0006796761034368095,-0.0032287263562308685,
GSE69021,0.0006796761034368095,-0.0032287263562308685,
GSE69047,0.0006796761034368095,-0.0032287263562308685,
GSE68799,0.0006796761034368095,-0.0032287263562308685,
GSE67931,0.0006796761034368095,-0.0032287263562308685,
GSE67939,0.0006796761034368095,-0.0032287263562308685,
GSE67945,0.0006796761034368095,-0.0032287263562308685,
GSE67994,0.0006796761034368095,-0.0032287263562308685,
GSE68005,0.0006796761034368095,-0.0032287263562308685,
GSE68027,0.0006796761034368095,-0.0032287263562308685,
GSE68039,0.0006796761034368095,-0.0032287263562308685,
GSE68040,0.0006796761034368095,-0.0032287263562308685,
GSE68042,0.0006796761034368095,-0.0032287263562308685,
GSE68102,0.0006796761034368095,-0.0032287263562308685,
GSE68108,0.0006796761034368095,-0.0032287263562308685,
GSE68358,0.0006796761034368095,-0.0032287263562308685,
GSE68180,0.0006796761034368095,-0.0032287263562308685,
GSE68219,0.0006796761034368095,-0.0032287263562308685,
GSE68221,0.0006796761034368095,-0.0032287263562308685,
GSE68228,0.0006796761034368095,-0.0032287263562308685,
GSE68229,0.0006796761034368095,-0.0032287263562308685,
GSE68230,0.0006796761034368095,-0.0032287263562308685,
GSE68248,0.0006796761034368095,-0.0032287263562308685,
GSE68279,0.0006796761034368095,-0.0032287263562308685,
GSE68297,0.0006796761034368095,-0.0032287263562308685,
GSE68323,0.0006796761034368095,-0.0032287263562308685,
GSE68327,0.0006796761034368095,-0.0032287263562308685,
GSE68341,0.0006796761034368095,-0.0032287263562308685,
GSE68109,0.0006796761034368095,-0.0032287263562308685,
GSE64912,0.0006796761034368095,-0.0032287263562308685,
GSE64962,0.0006796761034368095,-0.0032287263562308685,
GSE65030,0.0006796761034368095,-0.0032287263562308685,
GSE65039,0.0006796761034368095,-0.0032287263562308685,
GSE65099,0.0006796761034368095,-0.0032287263562308685,
GSE65105,0.0006796761034368095,-0.0032287263562308685,
GSE65107,0.0006796761034368095,-0.0032287263562308685,
GSE65112,0.0006796761034368095,-0.0032287263562308685,
GSE65131,0.0006796761034368095,-0.0032287263562308685,
GSE65185,0.0006796761034368095,-0.0032287263562308685,
GSE65193,0.0006796761034368095,-0.0032287263562308685,
GSE66573,0.0006796761034368095,-0.0032287263562308685,
GSE65335,0.0006796761034368095,-0.0032287263562308685,
GSE65354,0.0006796761034368095,-0.0032287263562308685,
GSE65420,0.0006796761034368095,-0.0032287263562308685,
GSE65446,0.0006796761034368095,-0.0032287263562308685,
GSE65469,0.0006796761034368095,-0.0032287263562308685,
GSE65473,0.0006796761034368095,-0.0032287263562308685,
GSE65481,0.0006796761034368095,-0.0032287263562308685,
GSE65485,0.0006796761034368095,-0.0032287263562308685,
GSE65515,0.0006796761034368095,-0.0032287263562308685,
GSE65518,0.0006796761034368095,-0.0032287263562308685,
GSE65540,0.0006796761034368095,-0.0032287263562308685,
GSE65235,0.0006796761034368095,-0.0032287263562308685,
GSE64399,0.0006796761034368095,-0.0032287263562308685,
GSE64413,0.0006796761034368095,-0.0032287263562308685,
GSE64417,0.0006796761034368095,-0.0032287263562308685,
GSE64451,0.0006796761034368095,-0.0032287263562308685,
GSE64471,0.0006796761034368095,-0.0032287263562308685,
GSE64486,0.0006796761034368095,-0.0032287263562308685,
GSE64513,0.0006796761034368095,-0.0032287263562308685,
GSE64529,0.0006796761034368095,-0.0032287263562308685,
GSE64550,0.0006796761034368095,-0.0032287263562308685,
GSE64553,0.0006796761034368095,-0.0032287263562308685,
GSE64558,0.0006796761034368095,-0.0032287263562308685,
GSE64854,0.0006796761034368095,-0.0032287263562308685,
GSE64590,0.0006796761034368095,-0.0032287263562308685,
GSE64615,0.0006796761034368095,-0.0032287263562308685,
GSE64655,0.0006796761034368095,-0.0032287263562308685,
GSE64677,0.0006796761034368095,-0.0032287263562308685,
GSE64712,0.0006796761034368095,-0.0032287263562308685,
GSE64713,0.0006796761034368095,-0.0032287263562308685,
GSE64741,0.0006796761034368095,-0.0032287263562308685,
GSE64795,0.0006796761034368095,-0.0032287263562308685,
GSE64801,0.0006796761034368095,-0.0032287263562308685,
GSE64810,0.0006796761034368095,-0.0032287263562308685,
GSE64813,0.0006796761034368095,-0.0032287263562308685,
GSE64850,0.0006796761034368095,-0.0032287263562308685,
GSE64588,0.0006796761034368095,-0.0032287263562308685,
GSE66173,0.0006796761034368095,-0.0032287263562308685,
GSE66182,0.0006796761034368095,-0.0032287263562308685,
GSE66207,0.0006796761034368095,-0.0032287263562308685,
GSE66217,0.0006796761034368095,-0.0032287263562308685,
GSE66228,0.0006796761034368095,-0.0032287263562308685,
GSE66238,0.0006796761034368095,-0.0032287263562308685,
GSE66249,0.0006796761034368095,-0.0032287263562308685,
GSE66261,0.0006796761034368095,-0.0032287263562308685,
GSE66301,0.0006796761034368095,-0.0032287263562308685,
GSE66304,0.0006796761034368095,-0.0032287263562308685,
GSE66306,0.0006796761034368095,-0.0032287263562308685,
GSE65545,0.0006796761034368095,-0.0032287263562308685,
GSE66385,0.0006796761034368095,-0.0032287263562308685,
GSE66388,0.0006796761034368095,-0.0032287263562308685,
GSE66412,0.0006796761034368095,-0.0032287263562308685,
GSE66430,0.0006796761034368095,-0.0032287263562308685,
GSE66446,0.0006796761034368095,-0.0032287263562308685,
GSE66478,0.0006796761034368095,-0.0032287263562308685,
GSE66511,0.0006796761034368095,-0.0032287263562308685,
GSE66539,0.0006796761034368095,-0.0032287263562308685,
GSE66550,0.0006796761034368095,-0.0032287263562308685,
GSE66553,0.0006796761034368095,-0.0032287263562308685,
GSE66556,0.0006796761034368095,-0.0032287263562308685,
GSE66357,0.0006796761034368095,-0.0032287263562308685,
GSE65634,0.0006796761034368095,-0.0032287263562308685,
GSE65644,0.0006796761034368095,-0.0032287263562308685,
GSE65655,0.0006796761034368095,-0.0032287263562308685,
GSE65683,0.0006796761034368095,-0.0032287263562308685,
GSE65688,0.0006796761034368095,-0.0032287263562308685,
GSE65705,0.0006796761034368095,-0.0032287263562308685,
GSE65778,0.0006796761034368095,-0.0032287263562308685,
GSE65830,0.0006796761034368095,-0.0032287263562308685,
GSE65832,0.0006796761034368095,-0.0032287263562308685,
GSE65885,0.0006796761034368095,-0.0032287263562308685,
GSE65912,0.0006796761034368095,-0.0032287263562308685,
GSE66158,0.0006796761034368095,-0.0032287263562308685,
GSE65949,0.0006796761034368095,-0.0032287263562308685,
GSE65952,0.0006796761034368095,-0.0032287263562308685,
GSE65991,0.0006796761034368095,-0.0032287263562308685,
GSE65996,0.0006796761034368095,-0.0032287263562308685,
GSE65999,0.0006796761034368095,-0.0032287263562308685,
GSE66014,0.0006796761034368095,-0.0032287263562308685,
GSE66036,0.0006796761034368095,-0.0032287263562308685,
GSE66053,0.0006796761034368095,-0.0032287263562308685,
GSE66086,0.0006796761034368095,-0.0032287263562308685,
GSE66117,0.0006796761034368095,-0.0032287263562308685,
GSE66135,0.0006796761034368095,-0.0032287263562308685,
GSE66155,0.0006796761034368095,-0.0032287263562308685,
GSE65943,0.0006796761034368095,-0.0032287263562308685,
GSE71613,0.0006796761034368095,-0.0032287263562308685,
GSE71645,0.0006796761034368095,-0.0032287263562308685,
GSE71686,0.0006796761034368095,-0.0032287263562308685,
GSE71689,0.0006796761034368095,-0.0032287263562308685,
GSE71710,0.0006796761034368095,-0.0032287263562308685,
GSE71740,0.0006796761034368095,-0.0032287263562308685,
GSE71747,0.0006796761034368095,-0.0032287263562308685,
GSE71777,0.0006796761034368095,-0.0032287263562308685,
GSE71797,0.0006796761034368095,-0.0032287263562308685,
GSE71800,0.0006796761034368095,-0.0032287263562308685,
GSE71812,0.0006796761034368095,-0.0032287263562308685,
GSE69092,0.0006796761034368095,-0.0032287263562308685,
GSE71854,0.0006796761034368095,-0.0032287263562308685,
GSE71862,0.0006796761034368095,-0.0032287263562308685,
GSE71890,0.0006796761034368095,-0.0032287263562308685,
GSE71900,0.0006796761034368095,-0.0032287263562308685,
GSE71960,0.0006796761034368095,-0.0032287263562308685,
GSE71972,0.0006796761034368095,-0.0032287263562308685,
GSE71993,0.0006796761034368095,-0.0032287263562308685,
GSE72001,0.0006796761034368095,-0.0032287263562308685,
GSE72041,0.0006796761034368095,-0.0032287263562308685,
GSE72055,0.0006796761034368095,-0.0032287263562308685,
GSE72061,0.0006796761034368095,-0.0032287263562308685,
GSE71840,0.0006796761034368095,-0.0032287263562308685,
GSE71289,0.0006796761034368095,-0.0032287263562308685,
GSE71299,0.0006796761034368095,-0.0032287263562308685,
GSE71318,0.0006796761034368095,-0.0032287263562308685,
GSE71325,0.0006796761034368095,-0.0032287263562308685,
GSE71326,0.0006796761034368095,-0.0032287263562308685,
GSE71334,0.0006796761034368095,-0.0032287263562308685,
GSE71340,0.0006796761034368095,-0.0032287263562308685,
GSE71359,0.0006796761034368095,-0.0032287263562308685,
GSE71382,0.0006796761034368095,-0.0032287263562308685,
GSE71401,0.0006796761034368095,-0.0032287263562308685,
GSE71414,0.0006796761034368095,-0.0032287263562308685,
GSE71595,0.0006796761034368095,-0.0032287263562308685,
GSE71446,0.0006796761034368095,-0.0032287263562308685,
GSE71503,0.0006796761034368095,-0.0032287263562308685,
GSE71505,0.0006796761034368095,-0.0032287263562308685,
GSE71511,0.0006796761034368095,-0.0032287263562308685,
GSE71519,0.0006796761034368095,-0.0032287263562308685,
GSE71520,0.0006796761034368095,-0.0032287263562308685,
GSE71536,0.0006796761034368095,-0.0032287263562308685,
GSE71541,0.0006796761034368095,-0.0032287263562308685,
GSE71551,0.0006796761034368095,-0.0032287263562308685,
GSE71557,0.0006796761034368095,-0.0032287263562308685,
GSE71569,0.0006796761034368095,-0.0032287263562308685,
GSE71577,0.0006796761034368095,-0.0032287263562308685,
GSE71421,0.0006796761034368095,-0.0032287263562308685,
GSE72631,0.0006796761034368095,-0.0032287263562308685,
GSE72696,0.0006796761034368095,-0.0032287263562308685,
GSE72713,0.0006796761034368095,-0.0032287263562308685,
GSE72748,0.0006796761034368095,-0.0032287263562308685,
GSE72815,0.0006796761034368095,-0.0032287263562308685,
GSE72819,0.0006796761034368095,-0.0032287263562308685,
GSE72820,0.0006796761034368095,-0.0032287263562308685,
GSE72821,0.0006796761034368095,-0.0032287263562308685,
GSE72842,0.0006796761034368095,-0.0032287263562308685,
GSE72930,0.0006796761034368095,-0.0032287263562308685,
GSE72955,0.0006796761034368095,-0.0032287263562308685,
GSE72131,0.0006796761034368095,-0.0032287263562308685,
GSE72983,0.0006796761034368095,-0.0032287263562308685,
GSE72986,0.0006796761034368095,-0.0032287263562308685,
GSE73060,0.0006796761034368095,-0.0032287263562308685,
GSE73109,0.0006796761034368095,-0.0032287263562308685,
GSE73189,0.0006796761034368095,-0.0032287263562308685,
GSE73213,0.0006796761034368095,-0.0032287263562308685,
GSE73268,0.0006796761034368095,-0.0032287263562308685,
GSE73277,0.0006796761034368095,-0.0032287263562308685,
GSE73305,0.0006796761034368095,-0.0032287263562308685,
GSE73313,0.0006796761034368095,-0.0032287263562308685,
GSE73317,0.0006796761034368095,-0.0032287263562308685,
GSE72956,0.0006796761034368095,-0.0032287263562308685,
GSE72141,0.0006796761034368095,-0.0032287263562308685,
GSE72156,0.0006796761034368095,-0.0032287263562308685,
GSE72259,0.0006796761034368095,-0.0032287263562308685,
GSE72273,0.0006796761034368095,-0.0032287263562308685,
GSE72299,0.0006796761034368095,-0.0032287263562308685,
GSE72379,0.0006796761034368095,-0.0032287263562308685,
GSE72400,0.0006796761034368095,-0.0032287263562308685,
GSE72404,0.0006796761034368095,-0.0032287263562308685,
GSE72407,0.0006796761034368095,-0.0032287263562308685,
GSE72419,0.0006796761034368095,-0.0032287263562308685,
GSE72437,0.0006796761034368095,-0.0032287263562308685,
GSE72627,0.0006796761034368095,-0.0032287263562308685,
GSE72468,0.0006796761034368095,-0.0032287263562308685,
GSE72475,0.0006796761034368095,-0.0032287263562308685,
GSE72482,0.0006796761034368095,-0.0032287263562308685,
GSE72483,0.0006796761034368095,-0.0032287263562308685,
GSE72501,0.0006796761034368095,-0.0032287263562308685,
GSE72502,0.0006796761034368095,-0.0032287263562308685,
GSE72509,0.0006796761034368095,-0.0032287263562308685,
GSE72524,0.0006796761034368095,-0.0032287263562308685,
GSE72534,0.0006796761034368095,-0.0032287263562308685,
GSE72536,0.0006796761034368095,-0.0032287263562308685,
GSE72577,0.0006796761034368095,-0.0032287263562308685,
GSE72589,0.0006796761034368095,-0.0032287263562308685,
GSE72460,0.0006796761034368095,-0.0032287263562308685,
GSE69549,0.0006796761034368095,-0.0032287263562308685,
GSE69567,0.0006796761034368095,-0.0032287263562308685,
GSE69596,0.0006796761034368095,-0.0032287263562308685,
GSE69602,0.0006796761034368095,-0.0032287263562308685,
GSE69604,0.0006796761034368095,-0.0032287263562308685,
GSE69637,0.0006796761034368095,-0.0032287263562308685,
GSE69667,0.0006796761034368095,-0.0032287263562308685,
GSE69678,0.0006796761034368095,-0.0032287263562308685,
GSE69735,0.0006796761034368095,-0.0032287263562308685,
GSE69737,0.0006796761034368095,-0.0032287263562308685,
GSE69787,0.0006796761034368095,-0.0032287263562308685,
GSE71284,0.0006796761034368095,-0.0032287263562308685,
GSE69827,0.0006796761034368095,-0.0032287263562308685,
GSE69842,0.0006796761034368095,-0.0032287263562308685,
GSE69876,0.0006796761034368095,-0.0032287263562308685,
GSE69896,0.0006796761034368095,-0.0032287263562308685,
GSE69906,0.0006796761034368095,-0.0032287263562308685,
GSE70000,0.0006796761034368095,-0.0032287263562308685,
GSE70050,0.0006796761034368095,-0.0032287263562308685,
GSE70061,0.0006796761034368095,-0.0032287263562308685,
GSE70068,0.0006796761034368095,-0.0032287263562308685,
GSE70072,0.0006796761034368095,-0.0032287263562308685,
GSE70073,0.0006796761034368095,-0.0032287263562308685,
GSE69822,0.0006796761034368095,-0.0032287263562308685,
GSE69110,0.0006796761034368095,-0.0032287263562308685,
GSE69114,0.0006796761034368095,-0.0032287263562308685,
GSE69121,0.0006796761034368095,-0.0032287263562308685,
GSE69125,0.0006796761034368095,-0.0032287263562308685,
GSE69164,0.0006796761034368095,-0.0032287263562308685,
GSE69197,0.0006796761034368095,-0.0032287263562308685,
GSE69206,0.0006796761034368095,-0.0032287263562308685,
GSE69233,0.0006796761034368095,-0.0032287263562308685,
GSE69239,0.0006796761034368095,-0.0032287263562308685,
GSE69240,0.0006796761034368095,-0.0032287263562308685,
GSE69284,0.0006796761034368095,-0.0032287263562308685,
GSE69511,0.0006796761034368095,-0.0032287263562308685,
GSE69308,0.0006796761034368095,-0.0032287263562308685,
GSE69312,0.0006796761034368095,-0.0032287263562308685,
GSE69319,0.0006796761034368095,-0.0032287263562308685,
GSE69333,0.0006796761034368095,-0.0032287263562308685,
GSE69352,0.0006796761034368095,-0.0032287263562308685,
GSE69360,0.0006796761034368095,-0.0032287263562308685,
GSE69383,0.0006796761034368095,-0.0032287263562308685,
GSE69415,0.0006796761034368095,-0.0032287263562308685,
GSE69420,0.0006796761034368095,-0.0032287263562308685,
GSE69434,0.0006796761034368095,-0.0032287263562308685,
GSE69446,0.0006796761034368095,-0.0032287263562308685,
GSE69506,0.0006796761034368095,-0.0032287263562308685,
GSE69292,0.0006796761034368095,-0.0032287263562308685,
GSE70831,0.0006796761034368095,-0.0032287263562308685,
GSE70833,0.0006796761034368095,-0.0032287263562308685,
GSE70871,0.0006796761034368095,-0.0032287263562308685,
GSE70909,0.0006796761034368095,-0.0032287263562308685,
GSE70926,0.0006796761034368095,-0.0032287263562308685,
GSE70959,0.0006796761034368095,-0.0032287263562308685,
GSE70968,0.0006796761034368095,-0.0032287263562308685,
GSE71009,0.0006796761034368095,-0.0032287263562308685,
GSE100709,0.0006796761034368095,-0.0032287263562308685,
GSE71058,0.0006796761034368095,-0.0032287263562308685,
GSE71070,0.0006796761034368095,-0.0032287263562308685,
GSE70078,0.0006796761034368095,-0.0032287263562308685,
GSE71095,0.0006796761034368095,-0.0032287263562308685,
GSE71100,0.0006796761034368095,-0.0032287263562308685,
GSE71120,0.0006796761034368095,-0.0032287263562308685,
GSE71139,0.0006796761034368095,-0.0032287263562308685,
GSE71164,0.0006796761034368095,-0.0032287263562308685,
GSE71203,0.0006796761034368095,-0.0032287263562308685,
GSE71208,0.0006796761034368095,-0.0032287263562308685,
GSE71216,0.0006796761034368095,-0.0032287263562308685,
GSE71247,0.0006796761034368095,-0.0032287263562308685,
GSE71261,0.0006796761034368095,-0.0032287263562308685,
GSE71275,0.0006796761034368095,-0.0032287263562308685,
GSE71074,0.0006796761034368095,-0.0032287263562308685,
GSE70084,0.0006796761034368095,-0.0032287263562308685,
GSE70089,0.0006796761034368095,-0.0032287263562308685,
GSE70106,0.0006796761034368095,-0.0032287263562308685,
GSE70150,0.0006796761034368095,-0.0032287263562308685,
GSE70230,0.0006796761034368095,-0.0032287263562308685,
GSE70285,0.0006796761034368095,-0.0032287263562308685,
GSE70330,0.0006796761034368095,-0.0032287263562308685,
GSE70373,0.0006796761034368095,-0.0032287263562308685,
GSE70380,0.0006796761034368095,-0.0032287263562308685,
GSE70390,0.0006796761034368095,-0.0032287263562308685,
GSE70404,0.0006796761034368095,-0.0032287263562308685,
GSE70830,0.0006796761034368095,-0.0032287263562308685,
GSE70503,0.0006796761034368095,-0.0032287263562308685,
GSE70513,0.0006796761034368095,-0.0032287263562308685,
GSE70544,0.0006796761034368095,-0.0032287263562308685,
GSE70602,0.0006796761034368095,-0.0032287263562308685,
GSE70620,0.0006796761034368095,-0.0032287263562308685,
GSE70665,0.0006796761034368095,-0.0032287263562308685,
GSE70668,0.0006796761034368095,-0.0032287263562308685,
GSE70694,0.0006796761034368095,-0.0032287263562308685,
GSE70767,0.0006796761034368095,-0.0032287263562308685,
GSE70785,0.0006796761034368095,-0.0032287263562308685,
GSE70803,0.0006796761034368095,-0.0032287263562308685,
GSE70810,0.0006796761034368095,-0.0032287263562308685,
GSE70462,0.0006796761034368095,-0.0032287263562308685,
GSE57723,0.0006796761034368095,-0.0032287263562308685,
GSE57732,0.0006796761034368095,-0.0032287263562308685,
GSE57803,0.0006796761034368095,-0.0032287263562308685,
GSE57826,0.0006796761034368095,-0.0032287263562308685,
GSE57862,0.0006796761034368095,-0.0032287263562308685,
GSE57866,0.0006796761034368095,-0.0032287263562308685,
GSE57871,0.0006796761034368095,-0.0032287263562308685,
GSE57872,0.0006796761034368095,-0.0032287263562308685,
GSE57892,0.0006796761034368095,-0.0032287263562308685,
GSE57896,0.0006796761034368095,-0.0032287263562308685,
GSE57914,0.0006796761034368095,-0.0032287263562308685,
GSE64367,0.0006796761034368095,-0.0032287263562308685,
GSE57931,0.0006796761034368095,-0.0032287263562308685,
GSE57961,0.0006796761034368095,-0.0032287263562308685,
GSE57973,0.0006796761034368095,-0.0032287263562308685,
GSE57982,0.0006796761034368095,-0.0032287263562308685,
GSE58008,0.0006796761034368095,-0.0032287263562308685,
GSE58107,0.0006796761034368095,-0.0032287263562308685,
GSE58111,0.0006796761034368095,-0.0032287263562308685,
GSE58114,0.0006796761034368095,-0.0032287263562308685,
GSE58122,0.0006796761034368095,-0.0032287263562308685,
GSE58135,0.0006796761034368095,-0.0032287263562308685,
GSE58150,0.0006796761034368095,-0.0032287263562308685,
GSE57925,0.0006796761034368095,-0.0032287263562308685,
GSE57116,0.0006796761034368095,-0.0032287263562308685,
GSE57148,0.0006796761034368095,-0.0032287263562308685,
GSE57152,0.0006796761034368095,-0.0032287263562308685,
GSE57182,0.0006796761034368095,-0.0032287263562308685,
GSE57227,0.0006796761034368095,-0.0032287263562308685,
GSE57243,0.0006796761034368095,-0.0032287263562308685,
GSE57253,0.0006796761034368095,-0.0032287263562308685,
GSE57254,0.0006796761034368095,-0.0032287263562308685,
GSE57299,0.0006796761034368095,-0.0032287263562308685,
GSE57325,0.0006796761034368095,-0.0032287263562308685,
GSE57344,0.0006796761034368095,-0.0032287263562308685,
GSE57681,0.0006796761034368095,-0.0032287263562308685,
GSE57397,0.0006796761034368095,-0.0032287263562308685,
GSE57430,0.0006796761034368095,-0.0032287263562308685,
GSE57433,0.0006796761034368095,-0.0032287263562308685,
GSE57478,0.0006796761034368095,-0.0032287263562308685,
GSE57480,0.0006796761034368095,-0.0032287263562308685,
GSE57488,0.0006796761034368095,-0.0032287263562308685,
GSE57494,0.0006796761034368095,-0.0032287263562308685,
GSE57501,0.0006796761034368095,-0.0032287263562308685,
GSE57503,0.0006796761034368095,-0.0032287263562308685,
GSE57530,0.0006796761034368095,-0.0032287263562308685,
GSE57561,0.0006796761034368095,-0.0032287263562308685,
GSE57637,0.0006796761034368095,-0.0032287263562308685,
GSE57353,0.0006796761034368095,-0.0032287263562308685,
GSE58966,0.0006796761034368095,-0.0032287263562308685,
GSE58989,0.0006796761034368095,-0.0032287263562308685,
GSE58991,0.0006796761034368095,-0.0032287263562308685,
GSE59020,0.0006796761034368095,-0.0032287263562308685,
GSE59066,0.0006796761034368095,-0.0032287263562308685,
GSE59093,0.0006796761034368095,-0.0032287263562308685,
GSE59233,0.0006796761034368095,-0.0032287263562308685,
GSE59251,0.0006796761034368095,-0.0032287263562308685,
GSE59275,0.0006796761034368095,-0.0032287263562308685,
GSE59317,0.0006796761034368095,-0.0032287263562308685,
GSE59335,0.0006796761034368095,-0.0032287263562308685,
GSE58168,0.0006796761034368095,-0.0032287263562308685,
GSE59376,0.0006796761034368095,-0.0032287263562308685,
GSE59386,0.0006796761034368095,-0.0032287263562308685,
GSE59483,0.0006796761034368095,-0.0032287263562308685,
GSE59528,0.0006796761034368095,-0.0032287263562308685,
GSE59531,0.0006796761034368095,-0.0032287263562308685,
GSE59535,0.0006796761034368095,-0.0032287263562308685,
GSE59536,0.0006796761034368095,-0.0032287263562308685,
GSE59598,0.0006796761034368095,-0.0032287263562308685,
GSE59599,0.0006796761034368095,-0.0032287263562308685,
GSE59612,0.0006796761034368095,-0.0032287263562308685,
GSE59621,0.0006796761034368095,-0.0032287263562308685,
GSE59364,0.0006796761034368095,-0.0032287263562308685,
GSE58207,0.0006796761034368095,-0.0032287263562308685,
GSE58310,0.0006796761034368095,-0.0032287263562308685,
GSE58326,0.0006796761034368095,-0.0032287263562308685,
GSE58345,0.0006796761034368095,-0.0032287263562308685,
GSE58365,0.0006796761034368095,-0.0032287263562308685,
GSE58375,0.0006796761034368095,-0.0032287263562308685,
GSE58379,0.0006796761034368095,-0.0032287263562308685,
GSE58418,0.0006796761034368095,-0.0032287263562308685,
GSE58434,0.0006796761034368095,-0.0032287263562308685,
GSE58441,0.0006796761034368095,-0.0032287263562308685,
GSE58464,0.0006796761034368095,-0.0032287263562308685,
GSE58963,0.0006796761034368095,-0.0032287263562308685,
GSE58507,0.0006796761034368095,-0.0032287263562308685,
GSE58594,0.0006796761034368095,-0.0032287263562308685,
GSE58596,0.0006796761034368095,-0.0032287263562308685,
GSE58604,0.0006796761034368095,-0.0032287263562308685,
GSE58626,0.0006796761034368095,-0.0032287263562308685,
GSE58640,0.0006796761034368095,-0.0032287263562308685,
GSE58663,0.0006796761034368095,-0.0032287263562308685,
GSE58708,0.0006796761034368095,-0.0032287263562308685,
GSE58740,0.0006796761034368095,-0.0032287263562308685,
GSE58838,0.0006796761034368095,-0.0032287263562308685,
GSE58871,0.0006796761034368095,-0.0032287263562308685,
GSE58910,0.0006796761034368095,-0.0032287263562308685,
GSE58492,0.0006796761034368095,-0.0032287263562308685,
GSE55008,0.0006796761034368095,-0.0032287263562308685,
GSE55030,0.0006796761034368095,-0.0032287263562308685,
GSE55048,0.0006796761034368095,-0.0032287263562308685,
GSE55123,0.0006796761034368095,-0.0032287263562308685,
GSE55169,0.0006796761034368095,-0.0032287263562308685,
GSE55193,0.0006796761034368095,-0.0032287263562308685,
GSE55195,0.0006796761034368095,-0.0032287263562308685,
GSE55215,0.0006796761034368095,-0.0032287263562308685,
GSE55259,0.0006796761034368095,-0.0032287263562308685,
GSE55271,0.0006796761034368095,-0.0032287263562308685,
GSE55282,0.0006796761034368095,-0.0032287263562308685,
GSE57078,0.0006796761034368095,-0.0032287263562308685,
GSE55320,0.0006796761034368095,-0.0032287263562308685,
GSE55326,0.0006796761034368095,-0.0032287263562308685,
GSE55361,0.0006796761034368095,-0.0032287263562308685,
GSE55362,0.0006796761034368095,-0.0032287263562308685,
GSE55370,0.0006796761034368095,-0.0032287263562308685,
GSE55391,0.0006796761034368095,-0.0032287263562308685,
GSE55405,0.0006796761034368095,-0.0032287263562308685,
GSE55458,0.0006796761034368095,-0.0032287263562308685,
GSE55492,0.0006796761034368095,-0.0032287263562308685,
GSE55502,0.0006796761034368095,-0.0032287263562308685,
GSE55534,0.0006796761034368095,-0.0032287263562308685,
GSE55296,0.0006796761034368095,-0.0032287263562308685,
GSE54066,0.0006796761034368095,-0.0032287263562308685,
GSE54074,0.0006796761034368095,-0.0032287263562308685,
GSE54114,0.0006796761034368095,-0.0032287263562308685,
GSE54122,0.0006796761034368095,-0.0032287263562308685,
GSE54136,0.0006796761034368095,-0.0032287263562308685,
GSE54159,0.0006796761034368095,-0.0032287263562308685,
GSE54201,0.0006796761034368095,-0.0032287263562308685,
GSE54308,0.0006796761034368095,-0.0032287263562308685,
GSE54384,0.0006796761034368095,-0.0032287263562308685,
GSE54401,0.0006796761034368095,-0.0032287263562308685,
GSE54416,0.0006796761034368095,-0.0032287263562308685,
GSE55005,0.0006796761034368095,-0.0032287263562308685,
GSE54478,0.0006796761034368095,-0.0032287263562308685,
GSE54505,0.0006796761034368095,-0.0032287263562308685,
GSE54511,0.0006796761034368095,-0.0032287263562308685,
GSE54602,0.0006796761034368095,-0.0032287263562308685,
GSE54641,0.0006796761034368095,-0.0032287263562308685,
GSE54733,0.0006796761034368095,-0.0032287263562308685,
GSE54734,0.0006796761034368095,-0.0032287263562308685,
GSE54760,0.0006796761034368095,-0.0032287263562308685,
GSE54846,0.0006796761034368095,-0.0032287263562308685,
GSE54878,0.0006796761034368095,-0.0032287263562308685,
GSE54912,0.0006796761034368095,-0.0032287263562308685,
GSE54922,0.0006796761034368095,-0.0032287263562308685,
GSE54460,0.0006796761034368095,-0.0032287263562308685,
GSE56512,0.0006796761034368095,-0.0032287263562308685,
GSE56524,0.0006796761034368095,-0.0032287263562308685,
GSE56545,0.0006796761034368095,-0.0032287263562308685,
GSE56623,0.0006796761034368095,-0.0032287263562308685,
GSE56648,0.0006796761034368095,-0.0032287263562308685,
GSE56657,0.0006796761034368095,-0.0032287263562308685,
GSE56689,0.0006796761034368095,-0.0032287263562308685,
GSE56691,0.0006796761034368095,-0.0032287263562308685,
GSE56701,0.0006796761034368095,-0.0032287263562308685,
GSE56742,0.0006796761034368095,-0.0032287263562308685,
GSE56748,0.0006796761034368095,-0.0032287263562308685,
GSE55536,0.0006796761034368095,-0.0032287263562308685,
GSE56787,0.0006796761034368095,-0.0032287263562308685,
GSE56788,0.0006796761034368095,-0.0032287263562308685,
GSE56826,0.0006796761034368095,-0.0032287263562308685,
GSE56862,0.0006796761034368095,-0.0032287263562308685,
GSE56882,0.0006796761034368095,-0.0032287263562308685,
GSE56887,0.0006796761034368095,-0.0032287263562308685,
GSE56900,0.0006796761034368095,-0.0032287263562308685,
GSE56961,0.0006796761034368095,-0.0032287263562308685,
GSE57009,0.0006796761034368095,-0.0032287263562308685,
GSE57027,0.0006796761034368095,-0.0032287263562308685,
GSE57049,0.0006796761034368095,-0.0032287263562308685,
GSE56785,0.0006796761034368095,-0.0032287263562308685,
GSE55716,0.0006796761034368095,-0.0032287263562308685,
GSE55758,0.0006796761034368095,-0.0032287263562308685,
GSE55769,0.0006796761034368095,-0.0032287263562308685,
GSE55807,0.0006796761034368095,-0.0032287263562308685,
GSE55903,0.0006796761034368095,-0.0032287263562308685,
GSE55922,0.0006796761034368095,-0.0032287263562308685,
GSE55949,0.0006796761034368095,-0.0032287263562308685,
GSE56010,0.0006796761034368095,-0.0032287263562308685,
GSE56022,0.0006796761034368095,-0.0032287263562308685,
GSE56052,0.0006796761034368095,-0.0032287263562308685,
GSE56066,0.0006796761034368095,-0.0032287263562308685,
GSE56361,0.0006796761034368095,-0.0032287263562308685,
GSE56087,0.0006796761034368095,-0.0032287263562308685,
GSE56144,0.0006796761034368095,-0.0032287263562308685,
GSE56148,0.0006796761034368095,-0.0032287263562308685,
GSE56179,0.0006796761034368095,-0.0032287263562308685,
GSE56192,0.0006796761034368095,-0.0032287263562308685,
GSE56231,0.0006796761034368095,-0.0032287263562308685,
GSE56235,0.0006796761034368095,-0.0032287263562308685,
GSE56267,0.0006796761034368095,-0.0032287263562308685,
GSE56293,0.0006796761034368095,-0.0032287263562308685,
GSE56331,0.0006796761034368095,-0.0032287263562308685,
GSE56343,0.0006796761034368095,-0.0032287263562308685,
GSE56356,0.0006796761034368095,-0.0032287263562308685,
GSE56076,0.0006796761034368095,-0.0032287263562308685,
GSE63079,0.0006796761034368095,-0.0032287263562308685,
GSE63085,0.0006796761034368095,-0.0032287263562308685,
GSE63086,0.0006796761034368095,-0.0032287263562308685,
GSE63091,0.0006796761034368095,-0.0032287263562308685,
GSE63122,0.0006796761034368095,-0.0032287263562308685,
GSE63124,0.0006796761034368095,-0.0032287263562308685,
GSE63144,0.0006796761034368095,-0.0032287263562308685,
GSE63161,0.0006796761034368095,-0.0032287263562308685,
GSE63183,0.0006796761034368095,-0.0032287263562308685,
GSE63189,0.0006796761034368095,-0.0032287263562308685,
GSE63190,0.0006796761034368095,-0.0032287263562308685,
GSE59626,0.0006796761034368095,-0.0032287263562308685,
GSE63265,0.0006796761034368095,-0.0032287263562308685,
GSE63283,0.0006796761034368095,-0.0032287263562308685,
GSE63288,0.0006796761034368095,-0.0032287263562308685,
GSE63311,0.0006796761034368095,-0.0032287263562308685,
GSE63314,0.0006796761034368095,-0.0032287263562308685,
GSE63344,0.0006796761034368095,-0.0032287263562308685,
GSE63346,0.0006796761034368095,-0.0032287263562308685,
GSE63356,0.0006796761034368095,-0.0032287263562308685,
GSE63375,0.0006796761034368095,-0.0032287263562308685,
GSE63381,0.0006796761034368095,-0.0032287263562308685,
GSE63397,0.0006796761034368095,-0.0032287263562308685,
GSE63234,0.0006796761034368095,-0.0032287263562308685,
GSE62526,0.0006796761034368095,-0.0032287263562308685,
GSE62540,0.0006796761034368095,-0.0032287263562308685,
GSE62544,0.0006796761034368095,-0.0032287263562308685,
GSE62563,0.0006796761034368095,-0.0032287263562308685,
GSE62613,0.0006796761034368095,-0.0032287263562308685,
GSE62642,0.0006796761034368095,-0.0032287263562308685,
GSE62678,0.0006796761034368095,-0.0032287263562308685,
GSE62679,0.0006796761034368095,-0.0032287263562308685,
GSE62731,0.0006796761034368095,-0.0032287263562308685,
GSE62772,0.0006796761034368095,-0.0032287263562308685,
GSE62789,0.0006796761034368095,-0.0032287263562308685,
GSE63034,0.0006796761034368095,-0.0032287263562308685,
GSE62852,0.0006796761034368095,-0.0032287263562308685,
GSE62854,0.0006796761034368095,-0.0032287263562308685,
GSE62889,0.0006796761034368095,-0.0032287263562308685,
GSE62909,0.0006796761034368095,-0.0032287263562308685,
GSE62913,0.0006796761034368095,-0.0032287263562308685,
GSE62920,0.0006796761034368095,-0.0032287263562308685,
GSE62930,0.0006796761034368095,-0.0032287263562308685,
GSE62936,0.0006796761034368095,-0.0032287263562308685,
GSE62966,0.0006796761034368095,-0.0032287263562308685,
GSE62968,0.0006796761034368095,-0.0032287263562308685,
GSE62982,0.0006796761034368095,-0.0032287263562308685,
GSE63018,0.0006796761034368095,-0.0032287263562308685,
GSE62820,0.0006796761034368095,-0.0032287263562308685,
GSE63776,0.0006796761034368095,-0.0032287263562308685,
GSE63797,0.0006796761034368095,-0.0032287263562308685,
GSE63807,0.0006796761034368095,-0.0032287263562308685,
GSE63816,0.0006796761034368095,-0.0032287263562308685,
GSE63840,0.0006796761034368095,-0.0032287263562308685,
GSE63863,0.0006796761034368095,-0.0032287263562308685,
GSE63887,0.0006796761034368095,-0.0032287263562308685,
GSE63950,0.0006796761034368095,-0.0032287263562308685,
GSE63953,0.0006796761034368095,-0.0032287263562308685,
GSE63966,0.0006796761034368095,-0.0032287263562308685,
GSE63979,0.0006796761034368095,-0.0032287263562308685,
GSE63420,0.0006796761034368095,-0.0032287263562308685,
GSE64025,0.0006796761034368095,-0.0032287263562308685,
GSE64082,0.0006796761034368095,-0.0032287263562308685,
GSE64098,0.0006796761034368095,-0.0032287263562308685,
GSE64113,0.0006796761034368095,-0.0032287263562308685,
GSE64179,0.0006796761034368095,-0.0032287263562308685,
GSE64182,0.0006796761034368095,-0.0032287263562308685,
GSE64185,0.0006796761034368095,-0.0032287263562308685,
GSE64233,0.0006796761034368095,-0.0032287263562308685,
GSE64283,0.0006796761034368095,-0.0032287263562308685,
GSE64317,0.0006796761034368095,-0.0032287263562308685,
GSE64332,0.0006796761034368095,-0.0032287263562308685,
GSE64017,0.0006796761034368095,-0.0032287263562308685,
GSE63452,0.0006796761034368095,-0.0032287263562308685,
GSE63475,0.0006796761034368095,-0.0032287263562308685,
GSE63485,0.0006796761034368095,-0.0032287263562308685,
GSE63487,0.0006796761034368095,-0.0032287263562308685,
GSE63496,0.0006796761034368095,-0.0032287263562308685,
GSE63511,0.0006796761034368095,-0.0032287263562308685,
GSE63513,0.0006796761034368095,-0.0032287263562308685,
GSE63537,0.0006796761034368095,-0.0032287263562308685,
GSE63546,0.0006796761034368095,-0.0032287263562308685,
GSE63555,0.0006796761034368095,-0.0032287263562308685,
GSE63570,0.0006796761034368095,-0.0032287263562308685,
GSE63764,0.0006796761034368095,-0.0032287263562308685,
GSE63582,0.0006796761034368095,-0.0032287263562308685,
GSE63602,0.0006796761034368095,-0.0032287263562308685,
GSE63608,0.0006796761034368095,-0.0032287263562308685,
GSE63609,0.0006796761034368095,-0.0032287263562308685,
GSE63634,0.0006796761034368095,-0.0032287263562308685,
GSE63646,0.0006796761034368095,-0.0032287263562308685,
GSE63700,0.0006796761034368095,-0.0032287263562308685,
GSE63703,0.0006796761034368095,-0.0032287263562308685,
GSE63721,0.0006796761034368095,-0.0032287263562308685,
GSE63733,0.0006796761034368095,-0.0032287263562308685,
GSE63744,0.0006796761034368095,-0.0032287263562308685,
GSE63755,0.0006796761034368095,-0.0032287263562308685,
GSE63577,0.0006796761034368095,-0.0032287263562308685,
GSE60340,0.0006796761034368095,-0.0032287263562308685,
GSE60391,0.0006796761034368095,-0.0032287263562308685,
GSE60407,0.0006796761034368095,-0.0032287263562308685,
GSE60424,0.0006796761034368095,-0.0032287263562308685,
GSE60462,0.0006796761034368095,-0.0032287263562308685,
GSE60481,0.0006796761034368095,-0.0032287263562308685,
GSE60514,0.0006796761034368095,-0.0032287263562308685,
GSE60530,0.0006796761034368095,-0.0032287263562308685,
GSE60559,0.0006796761034368095,-0.0032287263562308685,
GSE60570,0.0006796761034368095,-0.0032287263562308685,
GSE60585,0.0006796761034368095,-0.0032287263562308685,
GSE62520,0.0006796761034368095,-0.0032287263562308685,
GSE60630,0.0006796761034368095,-0.0032287263562308685,
GSE60664,0.0006796761034368095,-0.0032287263562308685,
GSE60833,0.0006796761034368095,-0.0032287263562308685,
GSE60873,0.0006796761034368095,-0.0032287263562308685,
GSE60883,0.0006796761034368095,-0.0032287263562308685,
GSE60889,0.0006796761034368095,-0.0032287263562308685,
GSE60890,0.0006796761034368095,-0.0032287263562308685,
GSE60939,0.0006796761034368095,-0.0032287263562308685,
GSE60942,0.0006796761034368095,-0.0032287263562308685,
GSE60949,0.0006796761034368095,-0.0032287263562308685,
GSE60988,0.0006796761034368095,-0.0032287263562308685,
GSE60590,0.0006796761034368095,-0.0032287263562308685,
GSE59688,0.0006796761034368095,-0.0032287263562308685,
GSE59703,0.0006796761034368095,-0.0032287263562308685,
GSE59717,0.0006796761034368095,-0.0032287263562308685,
GSE59765,0.0006796761034368095,-0.0032287263562308685,
GSE59781,0.0006796761034368095,-0.0032287263562308685,
GSE59810,0.0006796761034368095,-0.0032287263562308685,
GSE59819,0.0006796761034368095,-0.0032287263562308685,
GSE59841,0.0006796761034368095,-0.0032287263562308685,
GSE59846,0.0006796761034368095,-0.0032287263562308685,
GSE59855,0.0006796761034368095,-0.0032287263562308685,
GSE59884,0.0006796761034368095,-0.0032287263562308685,
GSE60296,0.0006796761034368095,-0.0032287263562308685,
GSE59980,0.0006796761034368095,-0.0032287263562308685,
GSE59987,0.0006796761034368095,-0.0032287263562308685,
GSE60040,0.0006796761034368095,-0.0032287263562308685,
GSE60052,0.0006796761034368095,-0.0032287263562308685,
GSE60106,0.0006796761034368095,-0.0032287263562308685,
GSE60119,0.0006796761034368095,-0.0032287263562308685,
GSE60182,0.0006796761034368095,-0.0032287263562308685,
GSE60191,0.0006796761034368095,-0.0032287263562308685,
GSE60196,0.0006796761034368095,-0.0032287263562308685,
GSE60216,0.0006796761034368095,-0.0032287263562308685,
GSE60217,0.0006796761034368095,-0.0032287263562308685,
GSE60271,0.0006796761034368095,-0.0032287263562308685,
GSE59966,0.0006796761034368095,-0.0032287263562308685,
GSE61797,0.0006796761034368095,-0.0032287263562308685,
GSE61910,0.0006796761034368095,-0.0032287263562308685,
GSE61950,0.0006796761034368095,-0.0032287263562308685,
GSE61955,0.0006796761034368095,-0.0032287263562308685,
GSE61966,0.0006796761034368095,-0.0032287263562308685,
GSE61999,0.0006796761034368095,-0.0032287263562308685,
GSE62000,0.0006796761034368095,-0.0032287263562308685,
GSE62056,0.0006796761034368095,-0.0032287263562308685,
GSE62074,0.0006796761034368095,-0.0032287263562308685,
GSE62077,0.0006796761034368095,-0.0032287263562308685,
GSE62093,0.0006796761034368095,-0.0032287263562308685,
GSE60989,0.0006796761034368095,-0.0032287263562308685,
GSE62118,0.0006796761034368095,-0.0032287263562308685,
GSE62121,0.0006796761034368095,-0.0032287263562308685,
GSE62171,0.0006796761034368095,-0.0032287263562308685,
GSE62190,0.0006796761034368095,-0.0032287263562308685,
GSE62228,0.0006796761034368095,-0.0032287263562308685,
GSE62241,0.0006796761034368095,-0.0032287263562308685,
GSE62276,0.0006796761034368095,-0.0032287263562308685,
GSE62408,0.0006796761034368095,-0.0032287263562308685,
GSE62448,0.0006796761034368095,-0.0032287263562308685,
GSE62483,0.0006796761034368095,-0.0032287263562308685,
GSE62518,0.0006796761034368095,-0.0032287263562308685,
GSE62098,0.0006796761034368095,-0.0032287263562308685,
GSE60997,0.0006796761034368095,-0.0032287263562308685,
GSE61045,0.0006796761034368095,-0.0032287263562308685,
GSE61071,0.0006796761034368095,-0.0032287263562308685,
GSE61130,0.0006796761034368095,-0.0032287263562308685,
GSE61141,0.0006796761034368095,-0.0032287263562308685,
GSE61162,0.0006796761034368095,-0.0032287263562308685,
GSE61255,0.0006796761034368095,-0.0032287263562308685,
GSE61290,0.0006796761034368095,-0.0032287263562308685,
GSE61332,0.0006796761034368095,-0.0032287263562308685,
GSE61375,0.0006796761034368095,-0.0032287263562308685,
GSE61398,0.0006796761034368095,-0.0032287263562308685,
GSE61742,0.0006796761034368095,-0.0032287263562308685,
GSE61410,0.0006796761034368095,-0.0032287263562308685,
GSE61474,0.0006796761034368095,-0.0032287263562308685,
GSE61490,0.0006796761034368095,-0.0032287263562308685,
GSE61491,0.0006796761034368095,-0.0032287263562308685,
GSE61515,0.0006796761034368095,-0.0032287263562308685,
GSE61544,0.0006796761034368095,-0.0032287263562308685,
GSE61566,0.0006796761034368095,-0.0032287263562308685,
GSE61586,0.0006796761034368095,-0.0032287263562308685,
GSE61600,0.0006796761034368095,-0.0032287263562308685,
GSE61603,0.0006796761034368095,-0.0032287263562308685,
GSE61626,0.0006796761034368095,-0.0032287263562308685,
GSE61727,0.0006796761034368095,-0.0032287263562308685,
GSE61405,0.0006796761034368095,-0.0032287263562308685,
