ID,prob,log2(prob/prior),related_words
GSE119669,0.002965313650751954,0.5355992817056173,stem
GSE95542,0.0028266917586837596,0.4665291410334676,stem
GSE97987,0.002791834365196079,0.448627921807153,stem
GSE94296,0.002715438905965158,0.4085999751373514,"pluripotent,stem"
GSE106984,0.0027077634251605567,0.40451626783278205,"pluripotent,stem"
GSE107149,0.0026586916730394435,0.37813104874686587,stem
GSE81475,0.0026468160747960246,0.3716725169263784,"ncxnes,stem"
GSE104784,0.0026127095262417485,0.352961309136156,stem
GSE99944,0.0026060246565771193,0.3492653042234497,"pluripotent,stem"
GSE93385,0.0025841486829870307,0.33710365048179636,stem
GSE56930,0.0025814306863369365,0.33558543137421365,"disease,organoids,pluripotent,stem"
GSE75147,0.0025665858172092396,0.32726507015551914,stem
GSE95499,0.002561340723146484,0.32431375103161064,stem
GSE69618,0.002558071963988941,0.32247142123500844,stem
GSE52912,0.002536658836451999,0.31034407004525133,"disease,stem"
GSE92971,0.0025362544244910416,0.3101140471366095,stem
GSE55689,0.0025182495632869555,0.2998358343184035,stem
GSE100223,0.0025179478768426263,0.2996629890148457,"pluripotent,stem"
GSE76312,0.00251067553577429,0.2954901660179947,"disease,stem"
GSE54159,0.0025077217348149473,0.29379184113131973,"disease,npc"
GSE61656,0.002506750823218926,0.2932331664767017,"pluripotent,stem"
GSE97744,0.0024992323745683825,0.2888996174772624,"pluripotent,stem"
GSE60548,0.0024948696398016963,0.28637900520479,"pluripotent,stem"
GSE95750,0.002490601304948073,0.283908664047855,"disease,npc"
GSE75719,0.002487301549274834,0.2819959944025778,npc
GSE74557,0.002486410085314387,0.2814788310673752,stem
GSE82071,0.002486389550057947,0.28146691580241295,stem
GSE92874,0.0024784888225295207,0.2768753229412452,npc
GSE62905,0.0024745465451573782,0.2745787493077403,stem
GSE84694,0.0024597711222086797,0.2659386517039338,stem
GSE26811,0.002446399725667153,0.2580747204050399,stem
GSE83719,0.002445559766784532,0.25757929335651836,"pluripotent,stem"
GSE63381,0.0024439041102485037,0.2566022506273727,npc
GSE97619,0.0024394054266087205,0.2539441228291267,"pluripotent,stem"
GSE46030,0.0024393361136946087,0.25390312971783385,"disease,pluripotent,stem"
GSE97388,0.002437978031807455,0.25309969651837017,"organoids,pluripotent,stem"
GSE89725,0.00243577055297736,0.25179280966385864,stem
GSE79928,0.0024316024174540233,0.24932192857226881,"pluripotent,stem"
GSE103826,0.002427886726578462,0.2471156843826177,"disease,organoids,pluripotent,stem"
GSE89503,0.0024252732151862624,0.24556185127818236,"pluripotent,stem"
GSE70101,0.0024100863864222897,0.2364994292892912,"pluripotent,stem"
GSE86244,0.002406093176795887,0.23410708283719409,stem
GSE73211,0.002401891135442713,0.2315853334421681,"pluripotent,stem"
GSE65838,0.0024005240586454516,0.23076396548896602,stem
GSE57395,0.002396168316330902,0.2281438226602837,"pluripotent,stem"
GSE85783,0.002395319596789716,0.22763273153027067,"pluripotent,stem"
GSE75184,0.0023925569675506205,0.2259678465267341,stem
GSE81673,0.0023883893108790854,0.22345258750268487,stem
GSE62193,0.0023875899261439665,0.22296964218544088,"npc,pluripotent,stem"
GSE85839,0.002382208936492428,0.21971452363546326,"pluripotent,stem"
GSE94267,0.0023822039874752668,0.21971152644666786,"pluripotent,stem"
GSE109673,0.0023804534575477686,0.21865099207559088,stem
GSE88944,0.0023794157527908906,0.21802194473659195,"pluripotent,stem"
GSE36552,0.002378347705544725,0.21737421749884453,stem
GSE53481,0.0023729286124369382,0.21408326929057744,"pluripotent,stem"
GSE77513,0.0023718079946245764,0.21340179424798758,"disease,pluripotent,stem"
GSE90749,0.0023619767498749954,0.2074093340058475,"disease,pluripotent,stem"
GSE92625,0.002352340446742135,0.2015114423178791,"pluripotent,stem"
GSE60902,0.0023508361085824796,0.20058853361936937,"pluripotent,stem"
GSE101655,0.0023495564329253536,0.1998029899636888,"pluripotent,stem"
GSE102004,0.0023443674617981266,0.1966132893507504,stem
GSE88945,0.0023437856997127055,0.1962552356562538,"organoids,pluripotent,stem"
GSE102737,0.002335285825176863,0.19101370845814286,stem
GSE71756,0.0023313636951926425,0.18858865434358837,stem
GSE66506,0.0023299576315896444,0.1877182912398523,stem
GSE86518,0.002323411781184477,0.18365943783311767,stem
GSE100862,0.0023211490271386553,0.18225372287592317,"pluripotent,stem"
GSE66250,0.002319668890996274,0.18133346046419851,stem
GSE56660,0.002318645742029381,0.18069698274271798,stem
GSE103175,0.002318053051596835,0.18032815500965554,"pluripotent,stem"
GSE66200,0.0023174114491972776,0.17992878333684195,stem
GSE104583,0.0023156663383116604,0.1788419624134661,"disease,pluripotent,stem"
GSE99651,0.0023106554329145363,0.17571671019310053,"disease,pluripotent,stem"
GSE46486,0.0023090206868804763,0.17469566887603177,stem
GSE64032,0.0023082894980187086,0.1742387437350293,stem
GSE109683,0.002307071671353962,0.17347739377077231,"pluripotent,stem"
GSE70741,0.0023065723602109815,0.17316512272960702,stem
GSE61946,0.0023054990102866265,0.17249361679807804,stem
GSE106688,0.0022983072686922406,0.16798626016990986,"pluripotent,stem"
GSE67848,0.0022969583142948614,0.167139244979932,"pluripotent,stem"
GSE53094,0.0022968934866900072,0.16709852687752313,"pluripotent,stem"
GSE56796,0.0022951637987299726,0.16601168836260888,stem
GSE92494,0.002292646197447848,0.1644283048954333,"disease,pluripotent,stem"
GSE68799,0.0022904799088837224,0.16306447857739867,npc
GSE85111,0.0022903808223367055,0.16300206599670286,"pluripotent,stem"
GSE52133,0.002289391320397735,0.1623786508930578,stem
GSE54112,0.0022884229659985303,0.16176829843094775,"npc,pluripotent,stem"
GSE86348,0.002287335515920464,0.16108257217569352,stem
GSE73114,0.0022860269127587566,0.1602569584733674,stem
GSE84712,0.002285438014720892,0.15988526130539427,"disease,stem"
GSE74792,0.002283818500940289,0.15886257212619925,"pluripotent,stem"
GSE92541,0.0022817153565186437,0.1575333973410651,stem
GSE77284,0.0022807247659301054,0.15690692549103025,stem
GSE56785,0.0022732553313217383,0.15217430668237583,npc
GSE85223,0.002270597007535374,0.15048624523353887,"organoids,pluripotent,stem"
GSE61945,0.002269923702562477,0.1500583763548159,stem
GSE85782,0.0022676158098615825,0.14859080317667178,"pluripotent,stem"
GSE64642,0.0022672927744774897,0.1483852680313504,stem
GSE78959,0.002266655625597845,0.1479797885446376,"disease,stem"
GSE94696,0.0022666469392104305,0.14797425976826906,"pluripotent,stem"
GSE74953,0.0022622863248243424,0.14519610503411348,"pluripotent,stem"
GSE41009,0.0022618341182383908,0.14490769706204773,stem
GSE61674,0.0022605142541805463,0.14406558529702873,stem
GSE20301,0.0022604340879172277,0.14401442104484222,"npc,stem"
GSE87237,0.0022590218103237833,0.1431127700529458,"pluripotent,stem"
GSE30557,0.0022573933491634567,0.1420723993788017,"pluripotent,stem"
GSE74201,0.002256539952034029,0.14152689206221103,"disease,pluripotent,stem"
GSE86977,0.002255500042665522,0.14086188372130726,stem
GSE79442,0.0022546598917502305,0.14032439432370977,"pluripotent,stem"
GSE78502,0.002252520182270629,0.13895460281932265,stem
GSE98323,0.00225228065753443,0.1388011837618774,"pluripotent,stem"
GSE66148,0.0022501080034194377,0.13740882170848678,stem
GSE86506,0.0022484949298800646,0.13637420125850022,stem
GSE69036,0.0022477199667439093,0.135876878283429,stem
GSE71456,0.0022457438893018883,0.13460797865448781,"pluripotent,stem"
GSE77523,0.002242420279429223,0.13247126699360962,"brn2,nptb"
GSE97904,0.002242363493275036,0.132434732298876,"npc,pluripotent,stem"
GSE67128,0.002242013060564808,0.13220925277985235,stem
GSE54409,0.0022418377388754517,0.13209643201786128,"pluripotent,stem"
GSE76626,0.0022418121669762385,0.13207997558038004,stem
GSE102924,0.0022416550515316188,0.1319788620172177,stem
GSE96682,0.002240147447428406,0.13100826456413003,stem
GSE102244,0.0022373356107396516,0.12919625396476617,"organoids,stem"
GSE69471,0.0022360830314692207,0.12838833049793621,stem
GSE89479,0.002235056304137626,0.1277257457093671,"pluripotent,stem"
GSE95293,0.0022347252145658364,0.12751201656749017,stem
GSE92628,0.002234680009523541,0.12748283277811562,"pluripotent,stem"
GSE49074,0.002233171393395109,0.12650855100661865,"pluripotent,stem"
GSE95392,0.002231839834825428,0.12564806806317633,stem
GSE51607,0.00223048907617816,0.12477465290251147,"pluripotent,stem"
GSE81478,0.002230154035290136,0.1245579299697515,stem
GSE101738,0.0022294400555551326,0.12409597984119622,pombe
GSE44646,0.002229233517915235,0.12396232088449512,"pluripotent,stem"
GSE59290,0.0022287887073077785,0.12367442368379863,stem
GSE52431,0.0022275951971672493,0.12290165758506479,"disease,pluripotent,stem"
GSE95389,0.002225676973946221,0.12165879112951683,"pluripotent,stem"
GSE40243,0.002225177388395683,0.12133492090568458,stem
GSE75140,0.0022243739715382418,0.12081393106431289,"organoids,pluripotent,stem"
GSE36695,0.0022223873441541294,0.11952485910278304,stem
GSE52249,0.0022220768269161904,0.11932326824153584,"disease,pluripotent,stem"
GSE81084,0.002221699369903622,0.11907818147866962,stem
GSE41795,0.002220581078582868,0.11835181879377826,"disease,pluripotent,stem"
GSE30995,0.002220077398787105,0.11802454465172788,"pluripotent,stem"
GSE86237,0.002218929263161421,0.11727824723137154,stem
GSE58123,0.0022165397833504483,0.11572382718202072,"disease,pluripotent,stem"
GSE115941,0.0022163323287935073,0.11558879343723627,stem
GSE97142,0.0022155627292542238,0.11508774481789276,stem
GSE83584,0.0022149819640296356,0.11470952174500358,stem
GSE37521,0.0022114632755528556,0.11241585483605598,stem
GSE46989,0.0022104143137203188,0.11173137995780949,stem
GSE115390,0.002210354684425014,0.1116924605351166,"disease,stem"
GSE70537,0.0022101161894621598,0.1115367868477031,stem
GSE76098,0.0022085461418623704,0.11051154445004653,"pluripotent,stem"
GSE85689,0.002207779498248815,0.11001066066535899,"pluripotent,stem"
GSE62247,0.0022072744972168263,0.10968062506968149,"pluripotent,stem"
GSE104969,0.00220669534063274,0.1093020332952703,stem
GSE24355,0.0022063282374169455,0.1090620082961848,stem
GSE109686,0.002206004672344182,0.10885041695153133,"pluripotent,stem"
GSE106847,0.0022038351896651515,0.10743090864611426,"pluripotent,stem"
GSE87273,0.0022030266319103043,0.10690150594482295,"pluripotent,stem"
GSE87615,0.0022026750103735296,0.10667122133200088,stem
GSE107006,0.002202416290561885,0.10650175660849334,"disease,stem"
GSE69790,0.0022023371745909267,0.10644993068004069,"disease,pluripotent,stem"
GSE69626,0.0022013541718639068,0.10580584685516088,"pluripotent,stem"
GSE37686,0.0021997867771264847,0.10477826208266557,"pluripotent,stem"
GSE42563,0.002199464103525787,0.10456662623055488,stem
GSE107654,0.0021993932554623904,0.1045201540940949,"disease,pluripotent,stem"
GSE73579,0.0021974916274340233,0.10327223900408695,"disease,organoids,stem"
GSE92341,0.0021968164570300465,0.10282890868563202,stem
GSE43143,0.0021956240038188968,0.10204558725335973,"disease,pluripotent,stem"
GSE22666,0.0021956228438816307,0.10204482508452736,stem
GSE93241,0.0021954247366120345,0.10191464732153802,"pluripotent,stem"
GSE69692,0.002194668816824583,0.1014178188479897,"pluripotent,stem"
GSE67073,0.002194456222682621,0.10127806046252122,"pluripotent,stem"
GSE78960,0.00219436570960765,0.10121855348482695,"disease,stem"
GSE73610,0.0021929383517084802,0.10027982564350096,stem
GSE80264,0.002192629943542165,0.10007691514119378,"organoids,stem"
GSE103547,0.0021923554850239667,0.09989631707531543,"disease,organoids,pluripotent,stem"
GSE55716,0.002191990631318179,0.099656202531784,"chn2,disease"
GSE92277,0.002190548226021364,0.0987065470414187,"pluripotent,stem"
GSE43126,0.0021904074646486938,0.09861383862402844,npc
GSE108571,0.002190269534080905,0.09852298885525525,"organoids,stem"
GSE76025,0.0021879902398690564,0.09702087298136812,"disease,pluripotent,stem"
GSE96642,0.0021870290845560345,0.09638697679801302,"pluripotent,stem"
GSE85623,0.0021870234779796343,0.09638327836053283,"disease,pluripotent,stem"
GSE73016,0.002186772851248699,0.09621794009829396,"pluripotent,stem"
GSE57989,0.002186605892965707,0.09610778733032545,"disease,stem"
GSE53665,0.002184212000453594,0.09452746196093291,stem
GSE90552,0.0021841350018511865,0.0944766026762645,stem
GSE80282,0.0021839567770769027,0.09435887438154063,stem
GSE97033,0.002182868424670817,0.0936397429398323,"pluripotent,stem"
GSE84684,0.002181254834457592,0.09257289923881701,"disease,pluripotent,stem"
GSE71560,0.002180581082060064,0.09212720652178907,"pluripotent,stem"
GSE74246,0.002180504874643705,0.09207678602434276,"disease,stem"
GSE94853,0.0021799392971069077,0.09170253244832513,stem
GSE84085,0.0021799360569878692,0.09170038811928408,"pluripotent,stem"
GSE90813,0.002179661720899295,0.0915188193896859,"pluripotent,stem"
GSE119265,0.002178522908007484,0.09076485420059636,"pluripotent,stem"
GSE76314,0.002177863583110689,0.09032815981264784,"pluripotent,stem"
GSE118808,0.0021777382790937544,0.09024515154439723,stem
GSE105022,0.0021774816022252204,0.09007509976475606,"pluripotent,stem"
GSE96788,0.0021774057658091365,0.09002485331190063,stem
GSE87617,0.002177046049894721,0.08978649478182577,stem
GSE92581,0.002176002618636552,0.0890948631254274,"disease,pluripotent,stem"
GSE66507,0.0021745170077826764,0.08810956312500003,"pluripotent,stem"
GSE70935,0.0021744460588630004,0.08806249091352625,"disease,pluripotent,stem"
GSE77057,0.002173715961473425,0.08757800671616695,stem
GSE72268,0.002173505198777045,0.08743811675616653,stem
GSE117469,0.0021731759208353765,0.08721953727386497,"disease,organoids,pluripotent,stem"
GSE67070,0.002172348183950128,0.08666992719915079,"disease,stem"
GSE104690,0.002172236033162823,0.08659544394522958,stem
GSE54178,0.002172115705209004,0.08651552567306672,stem
GSE84504,0.0021720529094590635,0.08647381683297771,"disease,stem"
GSE92276,0.0021714428209959665,0.08606853424005127,"pluripotent,stem"
GSE102349,0.002171266057671227,0.0859510888485787,npc
GSE98288,0.002170679125998177,0.08556105010631537,"pluripotent,stem"
GSE78508,0.00217051177959848,0.08544982264531495,"pluripotent,stem"
GSE89623,0.0021704957168822304,0.08543914604496573,stem
GSE49247,0.0021704506394831157,0.085409183481588,"pluripotent,stem"
GSE63055,0.0021693721869711175,0.08469215968354864,"pluripotent,stem"
GSE93841,0.002168850207603148,0.08434498658786238,"organoids,pluripotent,stem"
GSE84166,0.002168698024371516,0.08424375244270466,stem
GSE75297,0.002168689532907387,0.08423810360776582,stem
GSE93705,0.0021686856347149664,0.0842355103790705,"pluripotent,stem"
GSE93672,0.0021686699241366065,0.08422505904614085,"pluripotent,stem"
GSE70685,0.0021684723479117,0.08409361662521586,stem
GSE60065,0.0021684438424001973,0.0840746516472089,"pluripotent,stem"
GSE97881,0.0021678239683626806,0.08366218210195943,"organoids,pluripotent,stem"
GSE75797,0.002167192616458064,0.08324195382810436,stem
GSE55939,0.002167160893209292,0.08322083558125022,"pluripotent,stem"
GSE52657,0.0021669062562326633,0.08305131190237525,"pluripotent,stem"
GSE82022,0.0021663601559529827,0.08268768036230724,"organoids,pluripotent,stem"
GSE83765,0.002166019256893336,0.0824606395900458,"pluripotent,stem"
GSE114976,0.002165939091344399,0.08240724367502676,"pluripotent,stem"
GSE85324,0.00216559715554766,0.08217946810018899,stem
GSE69982,0.002165411282109779,0.0820556361145959,stem
GSE81080,0.002164968951786999,0.08176090552242561,"pluripotent,stem"
GSE32991,0.002164948193875083,0.08174707276970869,stem
GSE99843,0.0021649200174764876,0.08172829623955119,"pluripotent,stem"
GSE81074,0.0021643486961378426,0.08134751947500887,"pluripotent,stem"
GSE81474,0.0021642808887490364,0.08130232023508502,stem
GSE75478,0.0021639234158337753,0.0810640115199784,stem
GSE61917,0.0021634058104841782,0.08071888100852083,stem
GSE67528,0.002162643668373925,0.08021054717661955,"pluripotent,stem"
GSE106170,0.0021613208917838863,0.07932785572083441,stem
GSE79636,0.002160692544407608,0.0789083689869395,"pluripotent,stem"
GSE62212,0.002159935045330266,0.0784024979527629,stem
GSE53667,0.0021598254796836983,0.07832931342594787,"pluripotent,stem"
GSE41716,0.0021598035843370038,0.07831468795342382,"pluripotent,stem"
GSE93801,0.002159629606582142,0.07819847046228272,stem
GSE93593,0.0021595726131386724,0.07816039669121184,stem
GSE109185,0.002158177543746796,0.07722812423900277,"pluripotent,stem"
GSE52285,0.002158152959366067,0.07721169001825157,stem
GSE84826,0.0021579743919841396,0.07709231528458542,stem
GSE84666,0.002157858001492823,0.07701450133382896,"organoids,pluripotent,stem"
GSE85953,0.002156699756945864,0.07623991733346087,stem
GSE85011,0.002156385144547562,0.07602944628640128,"disease,pluripotent,stem"
GSE61476,0.0021562784673062117,0.07595807381641304,"organoids,pluripotent,stem"
GSE39661,0.002155800066018763,0.07563795572837048,"pluripotent,stem"
GSE55275,0.002155684151066139,0.0755603815479093,stem
GSE40953,0.0021554037181481392,0.07537268916355316,stem
GSE39068,0.002155249996460381,0.07526979362548256,stem
GSE76023,0.002154827231102781,0.07498677248473594,"pluripotent,stem"
GSE64882,0.0021544634352718803,0.07474318416219464,stem
GSE102702,0.0021541775375552926,0.07455172554629709,stem
GSE76663,0.002154044836980576,0.07446285062551368,stem
GSE77260,0.0021539607639136796,0.07440654067240043,stem
GSE76271,0.0021527943633895754,0.07362508909541582,stem
GSE98720,0.002152458452663717,0.07339996097399491,stem
GSE98644,0.0021518873583935257,0.073017131660326,"pluripotent,stem"
GSE71204,0.0021517647784159524,0.07293494772901217,stem
GSE74665,0.0021511620203643585,0.07253075955745197,stem
GSE102902,0.002150938513793936,0.07238085519399765,"pluripotent,stem"
GSE84582,0.0021506147700338985,0.07216369479300365,"pluripotent,stem"
GSE88931,0.002150448427043421,0.07205210275328151,stem
GSE102718,0.002150243808849188,0.0719148217584433,stem
GSE75839,0.002149960273586264,0.07172457268631141,stem
GSE122550,0.002149377281067543,0.07133331221415842,"pluripotent,stem"
GSE86985,0.0021492222478809195,0.07122924780522445,stem
GSE107923,0.0021488222897143683,0.0709607453920619,stem
GSE56568,0.0021487383665239005,0.07090439920853894,"pluripotent,stem"
GSE86982,0.002148679887533338,0.07086513500631422,stem
GSE84639,0.0021485813611814906,0.07079897962454638,stem
GSE76011,0.0021478945097788728,0.07033770989996901,stem
GSE69476,0.002147179950613546,0.06985767585946233,stem
GSE95703,0.002146583518071612,0.06945687582365102,stem
GSE87231,0.0021464923430323793,0.06939559678678804,"pluripotent,stem"
GSE97919,0.0021461640957053684,0.0691749591473475,"disease,organoids,stem"
GSE98976,0.002145934301741796,0.06902047871316813,"pluripotent,stem"
GSE63738,0.0021456633859089267,0.06883833259531419,"disease,npc,pluripotent,stem"
GSE103715,0.002145439698724449,0.06868792260250622,stem
GSE76523,0.0021453387675738228,0.06862005013057619,stem
GSE77128,0.0021449319505899966,0.06834644835323847,stem
GSE92652,0.0021449069149900605,0.06832960914924702,stem
GSE62288,0.0021445299936219122,0.06807606417277688,stem
GSE60570,0.0021445021644646593,0.06805734247255095,lysosomal
GSE47058,0.0021441110239172976,0.06779418209657562,"pluripotent,stem"
GSE67124,0.0021437631504222054,0.06756009156736624,"disease,stem"
GSE98454,0.002143618331470361,0.06746262900910563,"disease,pluripotent,stem"
GSE65507,0.002143375250001252,0.06729902137885027,"pluripotent,stem"
GSE76970,0.002143191923338489,0.06717561985184926,stem
GSE75748,0.0021425037026156562,0.06671226793931957,"pluripotent,stem"
GSE102798,0.002142415066877118,0.06665258216820838,stem
GSE87831,0.0021421191310937522,0.06645328625036315,npc
GSE71191,0.0021420940451476493,0.06643639102664262,"disease,stem"
GSE56625,0.0021419591765551296,0.06634555450356765,stem
GSE71709,0.0021417708464749725,0.06621870109711699,"pluripotent,stem"
GSE104827,0.002138853358229251,0.0642521437566914,"organoids,stem"
GSE73853,0.0021384181028565076,0.06395852630656802,stem
GSE76586,0.00213838896554267,0.06393886853033126,stem
GSE100791,0.0021382865450977383,0.06386976744110948,"disease,pluripotent,stem"
GSE60171,0.002137746397030832,0.06350528524363219,stem
GSE74760,0.002137358530562128,0.06324350311573629,"pluripotent,stem"
GSE56152,0.002136349772745505,0.0625624412260413,stem
GSE95540,0.0021353510272073017,0.061887822225877874,stem
GSE84070,0.0021329826124464077,0.0602867756023219,stem
GSE59822,0.002132826227815875,0.060180997148813926,stem
GSE120306,0.0021317472613495946,0.05945097356856264,"disease,pluripotent,stem"
GSE107762,0.002131715879239052,0.05942973505247354,stem
GSE45144,0.0021310066024409365,0.0589496333648313,stem
GSE68631,0.0021302407856923565,0.058431080961430765,stem
GSE77308,0.002130022473102925,0.058283222262904416,stem
GSE72915,0.0021298992207987658,0.05819973927856099,stem
GSE76371,0.0021295015679625396,0.057930362525849884,"pluripotent,stem"
GSE81928,0.002129034261294473,0.05761373679234395,stem
GSE54968,0.0021285385903337278,0.05727781674346572,"disease,pluripotent,stem"
GSE66767,0.0021285260343051485,0.05726930640981486,stem
GSE85297,0.0021278478868560027,0.05680959117413586,stem
GSE82052,0.002126147722217486,0.05565640746231065,"pluripotent,stem"
GSE59089,0.002125679490562838,0.05533865443281387,stem
GSE69622,0.0021253359255670647,0.055105458611023395,"pluripotent,stem"
GSE79735,0.002124756767727946,0.05471226805831946,stem
GSE84815,0.002123546045465664,0.05388996177377068,stem
GSE73362,0.002122581870780656,0.053234771874664556,"pluripotent,stem"
GSE58557,0.0021224922190178808,0.05317383529224159,stem
GSE36710,0.0021222817433481696,0.05303076420866418,stem
GSE102943,0.002121335148697632,0.052387139929916,"pluripotent,stem"
GSE100118,0.0021209021618470896,0.05209264061811935,"pluripotent,stem"
GSE64693,0.00212032583550482,0.05170055457060524,stem
GSE96049,0.0021198984524135656,0.05140972869606033,"disease,pluripotent,stem"
GSE39872,0.0021187379951100958,0.05061976425375124,"pluripotent,stem"
GSE101232,0.0021174116643152305,0.0497163538095053,stem
GSE32625,0.002117171167784716,0.04955248257776666,"pluripotent,stem"
GSE83142,0.0021157429935413736,0.04857895942182648,"disease,stem"
GSE60138,0.002115517450892914,0.048425156901266635,"pluripotent,stem"
GSE109795,0.002115505559968839,0.048417047762105196,stem
GSE95516,0.0021152623521644392,0.04825117967338634,"pluripotent,stem"
GSE67915,0.0021151111831120327,0.04814807254087561,"pluripotent,stem"
GSE89777,0.0021149934714106613,0.04806778039600621,"pluripotent,stem"
GSE94968,0.0021148934741921227,0.04799956793871326,"organoids,stem"
GSE71289,0.0021147654878217307,0.04791225815625543,npc
GSE85417,0.002114488524878371,0.047723301397325314,"organoids,pluripotent,stem"
GSE63392,0.002114107181441208,0.04746309099871004,"pluripotent,stem"
GSE69687,0.002113160753943985,0.046817091596501124,stem
GSE74457,0.0021116343924341644,0.04577463902763709,stem
GSE72994,0.002111518851474098,0.04569569783818829,"disease,stem"
GSE99317,0.0021114922936500856,0.04567755209351319,"organoidderived,organoids,pluripotent,stem"
GSE70874,0.002111398415340904,0.045613407515564725,"pluripotent,stem"
GSE95561,0.002111358818730042,0.04558635133830334,"pluripotent,stem"
GSE117588,0.0021108979502373264,0.04527140474553791,"disease,organoids,pluripotent,stem"
GSE65508,0.002110746156939115,0.04516765775355824,"pluripotent,stem"
GSE76978,0.0021105328116243303,0.04502182885658599,stem
GSE67892,0.002110205407735833,0.044798008310178467,stem
GSE65761,0.002110063749313936,0.04470115671363695,"pluripotent,stem"
GSE85861,0.0021100214603707707,0.044672242582495206,stem
GSE66993,0.002109984448420882,0.04464693600344609,stem
GSE74289,0.0021094197964212805,0.044260805356916115,"pluripotent,stem"
GSE61549,0.0021093937571829316,0.04424299623614888,stem
GSE59100,0.002109099843209636,0.04404196322646611,"pluripotent,stem"
GSE46044,0.002109056456602552,0.04401228502659161,stem
GSE76308,0.0021090030621617245,0.043975760224296084,"disease,stem"
GSE101770,0.0021089326978796083,0.043927625683303106,"organoids,pluripotent,stem"
GSE39821,0.0021080456434373128,0.043320674942657685,"pluripotent,stem"
GSE69175,0.0021077482301530893,0.0431171181826159,"pluripotent,stem"
GSE46217,0.0021066768220145793,0.04238358266004166,stem
GSE101661,0.002106607203029951,0.04233590537871566,"pluripotent,stem"
GSE75364,0.002105675336514815,0.04169758199491244,"pluripotent,stem"
GSE57821,0.002105200501071186,0.04137221370143244,"pluripotent,stem"
GSE63734,0.0021051982250214836,0.04137065392249824,"disease,pluripotent,stem"
GSE74450,0.00210514542944029,0.041334472589370015,"pluripotent,stem"
GSE72712,0.002105118015684452,0.041315685313887025,"pluripotent,stem"
GSE64752,0.0021050111466791835,0.04124244319802188,"pluripotent,stem"
GSE95106,0.0021046395086174083,0.04098771403685166,stem
GSE80082,0.0021045439887622205,0.040922235294242715,crb3
GSE43306,0.0021031687668850263,0.039979192853747125,stem
GSE73583,0.002102231536580326,0.03933614465972223,stem
GSE61390,0.0021022089842435017,0.03932066762094083,"disease,pluripotent,stem"
GSE93511,0.0021020448853443802,0.03920804613068749,"pluripotent,stem"
GSE81214,0.002101633800551068,0.038925878991426,"pluripotent,stem"
GSE97575,0.0021010453402876862,0.038521865893666504,"pluripotent,stem"
GSE87750,0.0021005658183882213,0.03819256180376715,"pluripotent,stem"
GSE85761,0.0021005378807939824,0.03817337378483251,stem
GSE76234,0.00210052186025805,0.03816237049082228,"disease,stem"
GSE74041,0.002100517127148553,0.038159119659959176,stem
GSE47117,0.0021004431752730257,0.038108326509622995,stem
GSE54879,0.0021000578627961013,0.03784364932174797,stem
GSE109483,0.0020992501290547573,0.037288646697683205,stem
GSE85556,0.002099199091752837,0.037253571240764574,stem
GSE81826,0.0020991225270936965,0.037200950472710125,stem
GSE61794,0.0020990868170970888,0.03717640732548068,stem
GSE102283,0.002098994776007747,0.03711314641917014,"pluripotent,stem"
GSE93656,0.002098776496065545,0.03696310899692239,stem
GSE81507,0.0020986433919455124,0.036871610572137226,"disease,pluripotent,stem"
GSE25842,0.0020984206276374656,0.036718464963059784,stem
GSE94655,0.0020980321089534553,0.03645132792351746,stem
GSE87497,0.002097849678459192,0.036325875595315124,stem
GSE96106,0.0020976422915309225,0.03618324817743733,"pluripotent,stem"
GSE78711,0.0020973321007268027,0.03596989253146514,"pluripotent,stem"
GSE99821,0.0020968991025411767,0.03567201465727961,"organoids,pluripotent,stem"
GSE89726,0.0020965191150292555,0.03541055440118022,stem
GSE122383,0.0020962463125050786,0.03522281632895578,"pluripotent,stem"
GSE86654,0.002096205091208575,0.03519444640676937,"disease,stem"
GSE46562,0.002096197533757457,0.035189245046964385,"pluripotent,stem"
GSE87365,0.0020957499364429827,0.03488115605827758,"pluripotent,stem"
GSE66216,0.002095743837667438,0.034876957711002105,stem
GSE79271,0.00209572394721558,0.03486326520149005,"disease,stem"
GSE104537,0.002095629484433656,0.0347982356165236,stem
GSE117632,0.0020953188974071877,0.03458440221995306,"disease,stem"
GSE83256,0.0020952906745591218,0.03456496974253146,"disease,pluripotent,stem"
GSE93530,0.002095277642975811,0.034555996925866715,"pluripotent,stem"
GSE101668,0.002094677692689933,0.03414284440332578,"organoids,stem"
GSE54333,0.002094606755224143,0.03409398587801414,stem
GSE79253,0.0020942147465695103,0.03382395816571728,"disease,stem"
GSE76490,0.002094050116601997,0.03371054086972702,"pluripotent,stem"
GSE89179,0.002093980242078578,0.0336624000398874,stem
GSE26501,0.0020931033824303355,0.03305814122969137,stem
GSE69905,0.0020929700179209893,0.032966215313479146,stem
GSE52202,0.002092819334448566,0.03286234467871841,"disease,pluripotent,stem"
GSE83484,0.002092780059776833,0.03283527024143633,"pluripotent,stem"
GSE86821,0.002092563463631114,0.03268594812064223,"pluripotent,stem"
GSE71858,0.0020914692784947207,0.03193137682382508,stem
GSE80170,0.002090967350143224,0.031585105206890535,npc
GSE58933,0.002090933258641016,0.03156158305953522,"disease,pluripotent,stem"
GSE63015,0.0020908985912795486,0.031537663192708475,"pluripotent,stem"
GSE81791,0.002090853955494978,0.031506864706031826,stem
GSE71878,0.0020907780520850066,0.031454490191504675,"pluripotent,stem"
GSE99937,0.0020906551327519785,0.031369669937586275,stem
GSE71594,0.0020902821862748273,0.031112288401593673,"pluripotent,stem"
GSE69797,0.002090203200750273,0.031057772232277816,stem
GSE62591,0.0020900419314157097,0.03094645700459101,"disease,stem"
GSE50243,0.0020900397365194753,0.03094494193088478,"disease,stem"
GSE81617,0.00208963119725589,0.030662911320916007,stem
GSE66769,0.002089161065026248,0.030338292437488888,"disease,stem"
GSE54322,0.002089110074154926,0.0303030796546227,stem
GSE57096,0.002088955579322995,0.03019638486020935,stem
GSE93902,0.002088855327678643,0.030127146422474854,stem
GSE108495,0.002088559420129649,0.029922759556443492,lysosomal
GSE101234,0.0020884959731964155,0.02987893223440737,stem
GSE67645,0.002087930454988838,0.029488229640876797,stem
GSE58586,0.0020876519096650168,0.029295750641378612,stem
GSE83126,0.0020875967863856234,0.029257656583940368,stem
GSE40291,0.0020873524214227047,0.029088771118261914,"pluripotent,stem"
GSE85331,0.0020872236197276776,0.02899974575860819,stem
GSE60477,0.0020870640992537264,0.02888948052904329,stem
GSE60560,0.002086842939506585,0.02873659448353215,stem
GSE67543,0.002086732384242104,0.028660162398580435,stem
GSE90876,0.002086718752611345,0.02865073792686633,"pluripotent,stem"
GSE44615,0.002086435458522494,0.0284548635560433,stem
GSE86153,0.0020861736209671234,0.028273800947037107,organoids
GSE40228,0.0020856487058115926,0.027910749773497473,stem
GSE72202,0.0020856028460542637,0.027879027090914082,stem
GSE90657,0.00208557389946626,0.027859003437392747,stem
GSE77288,0.0020852033978783725,0.027602686321044515,"pluripotent,stem"
GSE94888,0.00208511320252623,0.02754028128097902,"disease,pluripotent,stem"
GSE80819,0.002084737360830876,0.027280212032320547,stem
GSE74798,0.002084328193722086,0.026997029456792804,stem
GSE41761,0.0020842474806697857,0.02694116177948583,stem
GSE63569,0.0020842419734006194,0.026937349698393714,stem
GSE103559,0.002084061192420619,0.02681220917328219,stem
GSE53220,0.0020840259558916846,0.02678781641768772,stem
GSE60237,0.002082984421435442,0.026066619928999748,stem
GSE72932,0.0020826857353369583,0.02585973223142105,stem
GSE57662,0.0020820482842953516,0.02541809660264746,"pluripotent,stem"
GSE81975,0.0020817540798667763,0.025214221762442552,"pluripotent,stem"
GSE87495,0.002081222020270565,0.02484544724794755,stem
GSE77250,0.00208090174557075,0.024623416982606065,organoids
GSE53172,0.002080878402062653,0.024607232771920107,stem
GSE99385,0.0020799710857294916,0.02397804356478458,stem
GSE90897,0.0020797415744767817,0.02381884278651135,stem
GSE44568,0.002077941852812502,0.022569854147711572,stem
GSE80073,0.002077137335919907,0.02201117764936245,organoids
GSE26880,0.0020770407872548907,0.02194411731823618,stem
GSE84320,0.002076806259261795,0.02178120695145583,stem
GSE69599,0.0020764041391546947,0.02150183912246797,"disease,stem"
GSE94277,0.0020760468115023837,0.021253544879207907,stem
GSE97080,0.0020758216740915207,0.021097082974108526,stem
GSE87849,0.0020754846537276166,0.020862834971019477,stem
GSE83660,0.002074096696863414,0.01989772625741762,stem
GSE59223,0.0020739205294468556,0.019775182958042935,stem
GSE101133,0.002073868607647935,0.01973906380186354,stem
GSE38993,0.002072984448729075,0.019123863943279452,"pluripotent,stem"
GSE82207,0.002072950496132654,0.01910023441549671,organoids
GSE81383,0.002072443776420706,0.018747533576385002,stem
GSE43093,0.0020722483281471198,0.018611469305192595,stem
GSE77704,0.0020713301155482347,0.01797206990557828,"disease,stem"
GSE77702,0.0020713301155482347,0.01797206990557828,"disease,stem"
GSE56398,0.0020713233558076007,0.017967361694110496,"pluripotent,stem"
GSE36597,0.0020712533347811654,0.01791859060541325,stem
GSE92744,0.0020703833053048936,0.01731245958119005,"disease,stem"
GSE41616,0.0020689788964640024,0.016333500191256817,"disease,stem"
GSE68327,0.002068782220490775,0.016196351891279517,pluripotent
GSE55502,0.0020682247526234926,0.015807541266749475,pluripotent
GSE107218,0.0020675749561988887,0.015354203023566649,stem
GSE54392,0.002067458235509612,0.015272756344990611,stem
GSE68378,0.0020674228351121424,0.015248053347731648,stem
GSE95860,0.0020658013951880324,0.014116131474021923,organoids
GSE33281,0.00206567440491087,0.014027442466981569,stem
GSE81239,0.0020654498819588783,0.013870624067325733,pluripotent
GSE67122,0.0020644366996384615,0.013162753228925518,stem
GSE39757,0.002064169776870037,0.012976206917459774,stem
GSE61220,0.002063478464348966,0.012492951999940795,stem
GSE70674,0.0020628444749119733,0.012049625853448594,stem
GSE81402,0.0020628442081731474,0.012049439303851127,pluripotent
GSE86874,0.002061294027747592,0.010964879286789216,stem
GSE76998,0.0020570407218322407,0.007984924569042089,pluripotent
GSE98834,0.0020569813400993695,0.007943276891781852,"disease,lysosomal"
GSE85510,0.002055887896510359,0.007176169750868112,cpd
GSE68873,0.0020539640782541377,0.005825520979290446,lysosomal
GSE92472,0.002053642082790123,0.005599335097849451,disease
GSE73887,0.0020521459971662597,0.004547943567752189,npc
GSE90444,0.0020504653994484817,0.00336596950567628,lysosomal
GSE92293,0.0020500293815985623,0.003059157364324003,disease
GSE55362,0.0020498883577034863,0.0029599092880989953,eaa
GSE40665,0.0020483030393630055,0.0018437432526318886,stem
GSE108391,0.002047951168602815,0.001595886466291864,organoids
GSE92725,0.002046360974568409,0.00047522683770386887,pluripotent
GSE63085,0.0020461970518927015,0.00035965587698423486,disease
GSE93709,0.0020456031033624254,-5.917523532723766e-05,disease
GSE79102,0.0020449054943140034,-0.0005512593370287834,disease
GSE81252,0.002044629265992402,-0.0007461535016174599,organoids
GSE61405,0.0020441287009644016,-0.0010993965612375466,disease
GSE94892,0.0020439761055854877,-0.0012070985928348188,disease
GSE80538,0.002043192135904673,-0.0017605522887741676,organoids
GSE62077,0.0020431187193417437,-0.0018123925500859455,lysosomal
GSE100427,0.0020427885936792974,-0.0020455210185660955,disease
GSE93811,0.002042690345190013,-0.0021149095090776527,organoids
GSE66207,0.0020418459504240346,-0.002711405204362292,disease
GSE104288,0.00204167991501692,-0.0028287246319753565,disease
GSE63570,0.002041676146018907,-0.0028313878896785924,pluripotent
GSE97726,0.0020411019016942683,-0.0032372191326197055,stem
GSE93624,0.0020408741103751485,-0.0033982359567367748,disease
GSE103147,0.0020407653039500708,-0.0034751533293800765,disease
GSE57896,0.002039774530727461,-0.0041757388895782895,"disease,pluripotent"
GSE74207,0.0020397155039739187,-0.0042174880316998495,organoids
GSE72748,0.0020395067108881838,-0.00436517537686438,disease
GSE80988,0.00203948751675416,-0.00437875288172236,pluripotent
GSE79362,0.00203936623374889,-0.004464548745463241,disease
GSE76284,0.0020389334160325796,-0.0047707665464566396,disease
GSE78023,0.002038540303836869,-0.005048949095743542,disease
GSE52090,0.002038370110348487,-0.00516940173113549,pluripotent
GSE84013,0.0020380924964875985,-0.005365901578985805,disease
GSE95437,0.002038083032795532,-0.00537260061415474,disease
GSE99088,0.002037859698235557,-0.005530700805310293,pluripotent
GSE70665,0.0020378149630796405,-0.005562371236814203,disease
GSE57152,0.0020377633731944547,-0.005598895364376193,disease
GSE99215,0.0020376142557572076,-0.005704471341333085,pluripotent
GSE94437,0.002037363034093009,-0.005882355154558283,disease
GSE100891,0.0020367082669179187,-0.006346082612807958,disease
GSE123649,0.0020364875298088227,-0.006502449430823768,disease
GSE89189,0.002036419489776711,-0.006550651374274115,disease
GSE69549,0.002036203929653202,-0.00670337235505853,disease
GSE115650,0.0020357836583800885,-0.007001174482689668,disease
GSE68719,0.0020354615859025558,-0.007229435046341634,disease
GSE67250,0.002035155536209752,-0.007446373344226309,disease
GSE66763,0.002034904856957789,-0.007624087520028137,disease
GSE69446,0.002034771215281714,-0.007718839131693001,disease
GSE83687,0.002034474334336381,-0.007929349243753398,disease
GSE64810,0.002034463054817215,-0.00793734784624278,disease
GSE66798,0.002034237896733483,-0.008097022619599513,pluripotent
GSE84073,0.0020341225763890807,-0.008178810892849383,organoids
GSE53697,0.0020339443001977193,-0.008305258262154199,disease
GSE90068,0.0020337631911875715,-0.008433726236572984,disease
GSE79833,0.0020336625298269504,-0.008505134373201832,disease
GSE64801,0.0020332544437452063,-0.008794662668069695,disease
GSE78922,0.0020330722775154415,-0.008923924448782412,disease
GSE77131,0.002033012795300764,-0.008966134434361223,pluripotent
GSE57253,0.00203269956987042,-0.009188426980091787,disease
GSE99552,0.002032656540410259,-0.009218967177361072,disease
GSE42608,0.002032558583048479,-0.009288494912447168,disease
GSE44461,0.00203240965603923,-0.009394206074334199,disease
GSE67333,0.0020323747910012237,-0.009418955045940954,disease
GSE92724,0.0020322051252036595,-0.00953939849148401,disease
GSE79666,0.0020321739822453367,-0.009561507546935832,disease
GSE89413,0.002032153228780316,-0.009576241065922949,disease
GSE126250,0.0020321013576268397,-0.009613066640846277,disease
GSE55492,0.00203209607678462,-0.009616815791818742,disease
GSE66446,0.0020317555823087265,-0.009858571512341775,disease
GSE99733,0.0020316610295379087,-0.009925712456338416,disease
GSE66430,0.002031646509366918,-0.009936023356254861,disease
GSE72696,0.002031619456546467,-0.009955233996284112,disease
GSE40524,0.002031604666944443,-0.009965736437128163,disease
GSE95587,0.0020315952260127534,-0.009972440702578583,disease
GSE74263,0.0020315436425972183,-0.010009072055921492,disease
GSE25183,0.0020314984322956516,-0.010041178382495318,disease
GSE52194,0.002031447424220104,-0.010077402885720607,organoids
GSE87891,0.0020314299435594254,-0.010089817369442155,disease
GSE87257,0.002031359652561272,-0.010139737982885772,disease
GSE104552,0.0020313570547601557,-0.01014158297236326,disease
GSE74698,0.0020312225249368367,-0.010237130889748033,organoids
GSE106681,0.0020311988240926996,-0.010253964737034748,disease
GSE74550,0.002031181546858986,-0.010266236251330862,organoids
GSE99400,0.002031126219006894,-0.01030553471045383,disease
GSE106694,0.002031088898364209,-0.010332043550862544,disease
GSE63887,0.0020310190821218126,-0.010381635313155684,disease
GSE66249,0.002030848937741319,-0.010502499138822268,disease
GSE96562,0.002030785224476719,-0.010547761123143585,disease
GSE53837,0.0020307833544841673,-0.010549089589684923,disease
GSE96563,0.0020307746737349914,-0.010555256520552362,disease
GSE59841,0.0020307618368396066,-0.010564376086639706,disease
GSE96564,0.0020307462756609337,-0.010575431110872132,disease
GSE83415,0.002030739229170672,-0.01058043712975054,disease
GSE98394,0.0020306419961593526,-0.010649515886698333,disease
GSE95089,0.002030563223051957,-0.010705482313054564,disease
GSE104704,0.0020305241642622294,-0.010733233462867817,disease
GSE96568,0.002030465507154356,-0.010774910160173139,disease
GSE80072,0.0020304216078159093,-0.010806102043170342,disease
GSE62098,0.0020304084015549087,-0.010815485645640912,disease
GSE77466,0.0020303451846598163,-0.010860404747044807,disease
GSE103501,0.0020303378776148945,-0.010865596896892827,disease
GSE47718,0.0020302396371019616,-0.010935405243285281,disease
GSE92340,0.002030223171546476,-0.010947105769242047,disease
GSE68987,0.002030140997459657,-0.011005500604101591,disease
GSE40783,0.002030138755660592,-0.01100709371225693,disease
GSE69240,0.002030131503815412,-0.011012247162845332,organoids
GSE53695,0.0020300121332963716,-0.011097079263031604,disease
GSE67785,0.0020299438329096056,-0.011145620000964534,disease
GSE79210,0.0020299275250485614,-0.011157210156504862,disease
GSE64486,0.002029836885362208,-0.011221630360640908,disease
GSE65832,0.002029688397453104,-0.011327171159265379,disease
GSE63744,0.0020296707722636574,-0.011339699133433731,disease
GSE89729,0.0020296663567677727,-0.011342837682321538,glm
GSE39682,0.002029632635267696,-0.01136680725984146,disease
GSE58966,0.002029628788375041,-0.011369541694694231,disease
GSE79209,0.00202952121258632,-0.011446010441553533,disease
GSE101705,0.002029443480612449,-0.011501267652055525,disease
GSE89972,0.0020293754227597924,-0.01154964957244549,disease
GSE92661,0.0020293656572102606,-0.011556591976310947,disease
GSE59612,0.002029209701674043,-0.01166746648715061,disease
GSE86618,0.002029153332134897,-0.011707543756685587,disease
GSE75061,0.002029145203012858,-0.011713323441916177,disease
GSE93657,0.0020290902801472603,-0.01175237339166035,disease
GSE74009,0.00202907055339327,-0.011766399297149175,disease
GSE97038,0.0020290622851412837,-0.011772278141737235,disease
GSE53638,0.002028973800806104,-0.011835193260714208,disease
GSE98624,0.0020289397424872032,-0.011859410517812601,disease
GSE75844,0.002028917923985108,-0.011874924834656537,disease
GSE84814,0.0020289077055548987,-0.01188219083370849,disease
GSE97577,0.0020288972865195156,-0.011889599514365997,disease
GSE106804,0.002028880914527079,-0.011901241250866923,disease
GSE60217,0.0020288000811233297,-0.011958721348916772,disease
GSE67898,0.0020287751558493057,-0.011976446008166537,disease
GSE108111,0.002028764825043191,-0.01198379243128015,disease
GSE94555,0.002028722119200312,-0.012014161725667147,disease
GSE56052,0.0020287022843411035,-0.012028267054649898,disease
GSE62408,0.0020286294546790666,-0.012080060202965034,disease
GSE85565,0.0020285702455688833,-0.01212216840367202,disease
GSE83888,0.0020284982423101287,-0.012173377174070818,disease
GSE72930,0.0020284533983582443,-0.012205271144090783,disease
GSE75859,0.002028428580269907,-0.012222922598167034,disease
GSE60942,0.002028415222832327,-0.012232422943702255,disease
GSE95453,0.0020283881440913347,-0.01225168262272034,disease
GSE94116,0.0020283482585868665,-0.01228005154482411,disease
GSE62642,0.002028344358787695,-0.01228282534183366,disease
GSE68108,0.002028277090474133,-0.012330671887836151,disease
GSE81781,0.0020282439650641548,-0.012354233882979272,disease
GSE99356,0.0020281947527179445,-0.012389239173467301,disease
GSE115259,0.0020281568239163866,-0.012416218932436506,disease
GSE41745,0.0020280857177736146,-0.012466799970680668,disease
GSE85402,0.0020280854009113946,-0.012467025373179801,disease
GSE95455,0.002028072302669169,-0.012476342944381198,disease
GSE102246,0.0020280573556981977,-0.012486975701572232,disease
GSE99668,0.002028023105136174,-0.012511340660037765,disease
GSE99621,0.0020279565383964906,-0.012558695683325925,disease
GSE69292,0.002027933423733559,-0.012575139625294194,disease
GSE66627,0.0020278905439392917,-0.012605645124072903,disease
GSE108140,0.002027857554348779,-0.012629114983384473,disease
GSE71689,0.0020278393262195653,-0.012642083226522792,disease
GSE76878,0.0020278300836533082,-0.012648658814006185,disease
GSE110999,0.0020278245259073725,-0.012652612864965588,disease
GSE65705,0.0020277957693840055,-0.01267307182839639,disease
GSE63034,0.002027776645870783,-0.012686677502203291,disease
GSE71686,0.0020277740585282647,-0.01268851831076034,disease
GSE73189,0.0020277738230468794,-0.012688685848087649,disease
GSE78081,0.0020277340302425895,-0.012716997410284488,disease
GSE77383,0.002027712893930602,-0.012732035581444222,disease
GSE71840,0.0020276813891688806,-0.012754451041114867,disease
GSE67427,0.0020276680436650033,-0.012763946396610602,disease
GSE72041,0.002027636659175974,-0.0127862767762008,disease
GSE72061,0.002027621752517621,-0.01279688313461196,disease
GSE90087,0.002027610138581825,-0.012805146715106717,disease
GSE58464,0.0020275820403781604,-0.01282513942435269,disease
GSE63311,0.0020275563837933407,-0.012843395091022555,disease
GSE71800,0.002027513953563964,-0.012873586370786078,disease
GSE65420,0.002027513769612695,-0.01287371726290391,disease
GSE69637,0.0020275117353298483,-0.012875164775266616,disease
GSE98884,0.0020274834345190558,-0.012895302623857758,disease
GSE104527,0.002027469479220483,-0.012905232820569703,disease
GSE83647,0.002027425188958426,-0.012936748974088074,disease
GSE99381,0.002027418568324219,-0.012941460157408609,disease
GSE53239,0.0020273538899059393,-0.012987485543184797,disease
GSE35871,0.0020273343445713346,-0.013001394359683678,disease
GSE71613,0.00202733285595816,-0.013002453689457736,disease
GSE51924,0.002027297051145289,-0.013027933413700878,disease
GSE109313,0.0020272632183451736,-0.013052010211036533,disease
GSE74235,0.002027252705956815,-0.013059491336199868,disease
GSE69896,0.0020272517807110152,-0.013060149787821242,disease
GSE92626,0.0020272247814521866,-0.013079363955777645,disease
GSE35394,0.0020272214438179707,-0.013081739218915577,disease
GSE97084,0.002027212878691276,-0.013087834700960088,disease
GSE62772,0.0020271923552133324,-0.013102440601526554,disease
GSE79338,0.0020271334280121994,-0.013144378021161517,disease
GSE99179,0.0020271294370537243,-0.013147218357958684,disease
GSE81547,0.0020271235828748235,-0.013151384745614978,disease
GSE48166,0.0020271144004972855,-0.013157919818588952,disease
GSE56179,0.0020270712734326043,-0.013188613628567126,disease
GSE66573,0.0020270442035394695,-0.013207879779620539,disease
GSE50792,0.002027039131640301,-0.013211489574078713,disease
GSE109484,0.0020270038781782995,-0.013236580573203312,disease
GSE24491,0.0020269856030237328,-0.013249587747981219,disease
GSE58910,0.0020269718996915407,-0.013259341046768423,disease
GSE74053,0.002026949786177249,-0.013275080402324835,disease
GSE106148,0.0020269376777791465,-0.013283698661243324,disease
GSE79309,0.0020269111089667525,-0.01330260942772722,disease
GSE42951,0.002026908679047108,-0.013304338973293734,disease
GSE52778,0.0020269053644183686,-0.013306698232200792,disease
GSE47944,0.0020268974307777045,-0.013312345188710781,disease
GSE55536,0.0020268744832602167,-0.01332867875181334,disease
GSE100027,0.00202687270836376,-0.013329942093701912,disease
GSE50893,0.002026864994564063,-0.013335432661363058,disease
GSE97100,0.002026850525396793,-0.013345731655341845,disease
GSE82117,0.0020268459763819516,-0.013348969609219262,disease
GSE78853,0.0020268452442866645,-0.01334949070970892,disease
GSE56512,0.0020268112826319997,-0.013373664593431457,disease
GSE79400,0.0020267882335646605,-0.013390071135328412,disease
GSE93526,0.0020267878691485153,-0.013390330531650148,disease
GSE53327,0.002026743619095835,-0.01342182866198335,disease
GSE46561,0.0020267282519363453,-0.013432767494418418,disease
GSE93999,0.0020266852576219714,-0.013463372654237324,disease
GSE46622,0.002026672821284282,-0.013472225483107498,disease
GSE86053,0.0020266522999188913,-0.01348683377195501,disease
GSE64713,0.0020266498746110946,-0.013488560255390074,disease
GSE63537,0.0020266388292968602,-0.013496423016340669,disease
GSE52946,0.0020266365750830164,-0.013498027715162682,disease
GSE63582,0.002026616444687889,-0.013512357943786458,disease
GSE95277,0.002026596315172923,-0.013526687688183115,disease
GSE76240,0.0020265672600997117,-0.01354737158571513,disease
GSE61727,0.0020265619027438255,-0.013551185444320983,disease
GSE100081,0.0020265598576028523,-0.013552641366405003,disease
GSE60407,0.00202654692078969,-0.013561851030603336,disease
GSE56961,0.0020265389338455977,-0.01356753693267738,disease
GSE27823,0.0020265171897772744,-0.013583016639141845,disease
GSE53439,0.0020265110489827726,-0.013587388330259216,disease
GSE74620,0.0020265015218625,-0.013594170805729661,disease
GSE97358,0.0020264475961850473,-0.013632561767558133,disease
GSE77408,0.002026439157828394,-0.013638569325151444,disease
GSE95299,0.0020264357865127,-0.013640969488245563,disease
GSE74369,0.002026434368590633,-0.013641978960079713,disease
GSE85118,0.0020264286995589293,-0.013646014963165927,disease
GSE80551,0.002026423452249858,-0.013649750735649816,disease
GSE68673,0.0020264021806411085,-0.013664894957106634,disease
GSE69197,0.002026383268096503,-0.013678359787484638,disease
GSE77624,0.0020263227868970945,-0.013721420362456674,disease
GSE70072,0.002026318364872993,-0.01372456874495728,disease
GSE104001,0.0020262955293594924,-0.013740827230440282,disease
GSE46323,0.0020262951559937366,-0.013741093061838634,disease
GSE100684,0.0020262812080870207,-0.013751023818987752,disease
GSE87540,0.0020262790872174895,-0.013752533860902978,disease
GSE66742,0.002026266961539005,-0.013761167276048043,disease
GSE66388,0.002026256475194456,-0.013768633536275604,disease
GSE52077,0.00202625162007055,-0.013772090389669525,disease
GSE96975,0.002026226184397415,-0.013790200751411087,disease
GSE58596,0.0020261936333415393,-0.013813377642750467,disease
GSE58434,0.0020261687970627227,-0.013831061735374867,disease
GSE33601,0.0020261561772803643,-0.013840047439897973,disease
GSE71777,0.002026142198315554,-0.013850000992839768,disease
GSE17403,0.0020261412038017276,-0.013850709127006672,disease
GSE89942,0.0020261332214205324,-0.013856392918653706,disease
GSE89940,0.002026133031636655,-0.013856528053041096,disease
GSE85020,0.002026131317447098,-0.013857748631246083,disease
GSE80609,0.002026126840523799,-0.013860936402010126,disease
GSE81412,0.002026121484163418,-0.013864750380789034,disease
GSE75035,0.0020261199168503962,-0.013865866382774365,disease
GSE81148,0.0020261145802029155,-0.01386966633801442,disease
GSE63511,0.0020261098740457966,-0.013873017361440608,disease
GSE118158,0.002026108009176929,-0.013874345245154848,disease
GSE94989,0.002026107993798167,-0.01387435619563907,disease
GSE85579,0.002026100050396449,-0.013880012324910639,disease
GSE80774,0.0020260959581684165,-0.013882926220031318,disease
GSE83717,0.0020260928171196933,-0.013885162826303771,disease
GSE101923,0.002026090376909221,-0.013886900398066115,disease
GSE81749,0.0020260732952324992,-0.01389906360384505,disease
GSE81147,0.002026069809508784,-0.01390154566639207,disease
GSE58871,0.0020260655094781546,-0.013904607574436224,disease
GSE113215,0.0020260528639487753,-0.013913612070773138,disease
GSE81748,0.0020260208702859166,-0.013936394034663416,disease
GSE81747,0.0020260133439169692,-0.013941753444077167,disease
GSE81750,0.0020259999722650624,-0.01395127523701777,disease
GSE95304,0.002025992613968713,-0.013956515018397746,disease
GSE70390,0.002025986334555137,-0.013960986551414518,disease
GSE51310,0.002025983160584516,-0.013963246722267437,disease
GSE113695,0.002025978205473436,-0.013966775242673533,disease
GSE45883,0.002025977700651384,-0.013967134725494825,disease
GSE67488,0.0020259663147786716,-0.013975242607556494,disease
GSE71747,0.002025963974759281,-0.013976908941441303,disease
GSE81162,0.0020259172304369724,-0.014010196097985334,disease
GSE61566,0.002025913230289614,-0.014013044683488858,disease
GSE114069,0.00202590965258663,-0.014015592442609763,disease
GSE72713,0.002025896168438965,-0.014025194834148734,disease
GSE61603,0.0020258955604735805,-0.014025627782683145,disease
GSE51633,0.002025889040959479,-0.014030270512535813,disease
GSE96827,0.002025885911686488,-0.014032498961390496,disease
GSE63161,0.002025880217840072,-0.014036553728484865,disease
GSE54201,0.0020258750703572984,-0.014040219422655318,disease
GSE107601,0.0020258744275278478,-0.014040677203602164,disease
GSE81965,0.0020258452393529846,-0.014061463259198687,disease
GSE52463,0.0020258364643266605,-0.014067712361614474,disease
GSE34993,0.0020258357362977113,-0.014068230825943669,disease
GSE87626,0.00202581900292132,-0.014080147517118361,disease
GSE63288,0.002025816061153121,-0.01408224251053475,disease
GSE49295,0.0020257759576606782,-0.014110802695964451,disease
GSE87326,0.00202577393619376,-0.014112242322958844,disease
GSE56148,0.0020257370707576715,-0.014138497012498301,disease
GSE70089,0.002025725718433431,-0.014146581964890227,disease
GSE34995,0.0020257175379234335,-0.014152408027583767,disease
GSE83886,0.0020257067990164935,-0.014160056186106999,disease
GSE83381,0.002025705690231598,-0.014160845855623175,disease
GSE57637,0.0020256803547142126,-0.014178889766958965,disease
GSE75011,0.002025635809627268,-0.014210615247482532,disease
GSE80351,0.0020256104092537704,-0.014228705973596144,disease
GSE70050,0.0020256026263207943,-0.014234249201616811,disease
GSE56657,0.0020255640988238264,-0.014261689903314037,disease
GSE67141,0.0020255375974063735,-0.014280565491439546,disease
GSE59535,0.0020255053221740183,-0.01430355380264118,disease
GSE38994,0.002025503882057861,-0.014304579546268976,disease
GSE81266,0.0020255008962041196,-0.014306706266241533,disease
GSE79373,0.0020254890495286686,-0.014315144272829186,disease
GSE86550,0.0020254604396341427,-0.014335522385695854,disease
GSE97647,0.0020254379749100764,-0.014351523648965855,disease
GSE87426,0.002025422136241016,-0.014362805386019526,disease
GSE89115,0.002025379129898639,-0.014393438849771562,disease
GSE74085,0.0020253773179870335,-0.014394729490629197,disease
GSE81671,0.0020253756920440356,-0.014395887665365467,disease
GSE87534,0.0020253485983885134,-0.014415186871956502,disease
GSE70909,0.0020253396564965938,-0.01442155636885037,disease
GSE76326,0.002025326812334962,-0.014430705583397244,disease
GSE50514,0.0020253124282151105,-0.014440951817211127,disease
GSE79029,0.0020252519006127333,-0.014484068215176445,disease
GSE62520,0.0020251455180369652,-0.014559852193225822,disease
GSE64413,0.002025136450109675,-0.014566312115688217,disease
GSE39957,0.002025056969661421,-0.014622934620677257,disease
GSE74142,0.002025015140483971,-0.014652734952736717,disease
GSE66117,0.0020249104654051706,-0.01472731124465877,disease
GSE72986,0.002024905524253175,-0.014730831688796565,disease
GSE86452,0.0020248257404290025,-0.014787676807629997,disease
GSE65991,0.0020246771670093247,-0.014893539744772007,disease
GSE95558,0.0020232376328181453,-0.015919652708633245,
GSE79256,0.0020232376328181453,-0.015919652708633245,
GSE79272,0.0020232376328181453,-0.015919652708633245,
GSE95573,0.0020232376328181453,-0.015919652708633245,
GSE79301,0.0020232376328181453,-0.015919652708633245,
GSE79293,0.0020232376328181453,-0.015919652708633245,
GSE96075,0.0020232376328181453,-0.015919652708633245,
GSE79133,0.0020232376328181453,-0.015919652708633245,
GSE79134,0.0020232376328181453,-0.015919652708633245,
GSE96056,0.0020232376328181453,-0.015919652708633245,
GSE79147,0.0020232376328181453,-0.015919652708633245,
GSE79157,0.0020232376328181453,-0.015919652708633245,
GSE79160,0.0020232376328181453,-0.015919652708633245,
GSE95778,0.0020232376328181453,-0.015919652708633245,
GSE96048,0.0020232376328181453,-0.015919652708633245,
GSE95837,0.0020232376328181453,-0.015919652708633245,
GSE95820,0.0020232376328181453,-0.015919652708633245,
GSE79304,0.0020232376328181453,-0.015919652708633245,
GSE95743,0.0020232376328181453,-0.015919652708633245,
GSE79249,0.0020232376328181453,-0.015919652708633245,
GSE95623,0.0020232376328181453,-0.015919652708633245,
GSE95605,0.0020232376328181453,-0.015919652708633245,
GSE79183,0.0020232376328181453,-0.015919652708633245,
GSE79613,0.0020232376328181453,-0.015919652708633245,
GSE95351,0.0020232376328181453,-0.015919652708633245,
GSE79657,0.0020232376328181453,-0.015919652708633245,
GSE79664,0.0020232376328181453,-0.015919652708633245,
GSE95297,0.0020232376328181453,-0.015919652708633245,
GSE79668,0.0020232376328181453,-0.015919652708633245,
GSE95245,0.0020232376328181453,-0.015919652708633245,
GSE79130,0.0020232376328181453,-0.015919652708633245,
GSE95176,0.0020232376328181453,-0.015919652708633245,
GSE95132,0.0020232376328181453,-0.015919652708633245,
GSE79671,0.0020232376328181453,-0.015919652708633245,
GSE95131,0.0020232376328181453,-0.015919652708633245,
GSE79680,0.0020232376328181453,-0.015919652708633245,
GSE79684,0.0020232376328181453,-0.015919652708633245,
GSE95097,0.0020232376328181453,-0.015919652708633245,
GSE79724,0.0020232376328181453,-0.015919652708633245,
GSE79669,0.0020232376328181453,-0.015919652708633245,
GSE95513,0.0020232376328181453,-0.015919652708633245,
GSE95452,0.0020232376328181453,-0.015919652708633245,
GSE95413,0.0020232376328181453,-0.015919652708633245,
GSE79343,0.0020232376328181453,-0.015919652708633245,
GSE95412,0.0020232376328181453,-0.015919652708633245,
GSE79395,0.0020232376328181453,-0.015919652708633245,
GSE95397,0.0020232376328181453,-0.015919652708633245,
GSE79608,0.0020232376328181453,-0.015919652708633245,
GSE95375,0.0020232376328181453,-0.015919652708633245,
GSE79463,0.0020232376328181453,-0.015919652708633245,
GSE79477,0.0020232376328181453,-0.015919652708633245,
GSE79564,0.0020232376328181453,-0.015919652708633245,
GSE95352,0.0020232376328181453,-0.015919652708633245,
GSE79572,0.0020232376328181453,-0.015919652708633245,
GSE79577,0.0020232376328181453,-0.015919652708633245,
GSE79586,0.0020232376328181453,-0.015919652708633245,
GSE79426,0.0020232376328181453,-0.015919652708633245,
GSE78285,0.0020232376328181453,-0.015919652708633245,
GSE96999,0.0020232376328181453,-0.015919652708633245,
GSE96987,0.0020232376328181453,-0.015919652708633245,
GSE96917,0.0020232376328181453,-0.015919652708633245,
GSE78506,0.0020232376328181453,-0.015919652708633245,
GSE96914,0.0020232376328181453,-0.015919652708633245,
GSE96860,0.0020232376328181453,-0.015919652708633245,
GSE79688,0.0020232376328181453,-0.015919652708633245,
GSE78512,0.0020232376328181453,-0.015919652708633245,
GSE78519,0.0020232376328181453,-0.015919652708633245,
GSE96800,0.0020232376328181453,-0.015919652708633245,
GSE96783,0.0020232376328181453,-0.015919652708633245,
GSE96777,0.0020232376328181453,-0.015919652708633245,
GSE96775,0.0020232376328181453,-0.015919652708633245,
GSE78522,0.0020232376328181453,-0.015919652708633245,
GSE78527,0.0020232376328181453,-0.015919652708633245,
GSE96817,0.0020232376328181453,-0.015919652708633245,
GSE78158,0.0020232376328181453,-0.015919652708633245,
GSE97140,0.0020232376328181453,-0.015919652708633245,
GSE97053,0.0020232376328181453,-0.015919652708633245,
GSE78167,0.0020232376328181453,-0.015919652708633245,
GSE78172,0.0020232376328181453,-0.015919652708633245,
GSE78195,0.0020232376328181453,-0.015919652708633245,
GSE97041,0.0020232376328181453,-0.015919652708633245,
GSE78276,0.0020232376328181453,-0.015919652708633245,
GSE78213,0.0020232376328181453,-0.015919652708633245,
GSE78220,0.0020232376328181453,-0.015919652708633245,
GSE97036,0.0020232376328181453,-0.015919652708633245,
GSE78236,0.0020232376328181453,-0.015919652708633245,
GSE97009,0.0020232376328181453,-0.015919652708633245,
GSE97003,0.0020232376328181453,-0.015919652708633245,
GSE78271,0.0020232376328181453,-0.015919652708633245,
GSE78275,0.0020232376328181453,-0.015919652708633245,
GSE78199,0.0020232376328181453,-0.015919652708633245,
GSE96634,0.0020232376328181453,-0.015919652708633245,
GSE96619,0.0020232376328181453,-0.015919652708633245,
GSE96601,0.0020232376328181453,-0.015919652708633245,
GSE96590,0.0020232376328181453,-0.015919652708633245,
GSE78968,0.0020232376328181453,-0.015919652708633245,
GSE79027,0.0020232376328181453,-0.015919652708633245,
GSE96578,0.0020232376328181453,-0.015919652708633245,
GSE96774,0.0020232376328181453,-0.015919652708633245,
GSE79044,0.0020232376328181453,-0.015919652708633245,
GSE79051,0.0020232376328181453,-0.015919652708633245,
GSE96544,0.0020232376328181453,-0.015919652708633245,
GSE79111,0.0020232376328181453,-0.015919652708633245,
GSE79112,0.0020232376328181453,-0.015919652708633245,
GSE79120,0.0020232376328181453,-0.015919652708633245,
GSE96083,0.0020232376328181453,-0.015919652708633245,
GSE79123,0.0020232376328181453,-0.015919652708633245,
GSE96560,0.0020232376328181453,-0.015919652708633245,
GSE78705,0.0020232376328181453,-0.015919652708633245,
GSE96716,0.0020232376328181453,-0.015919652708633245,
GSE96715,0.0020232376328181453,-0.015919652708633245,
GSE78725,0.0020232376328181453,-0.015919652708633245,
GSE78740,0.0020232376328181453,-0.015919652708633245,
GSE96714,0.0020232376328181453,-0.015919652708633245,
GSE96713,0.0020232376328181453,-0.015919652708633245,
GSE96649,0.0020232376328181453,-0.015919652708633245,
GSE78957,0.0020232376328181453,-0.015919652708633245,
GSE78801,0.0020232376328181453,-0.015919652708633245,
GSE96643,0.0020232376328181453,-0.015919652708633245,
GSE78913,0.0020232376328181453,-0.015919652708633245,
GSE78918,0.0020232376328181453,-0.015919652708633245,
GSE96637,0.0020232376328181453,-0.015919652708633245,
GSE78925,0.0020232376328181453,-0.015919652708633245,
GSE78930,0.0020232376328181453,-0.015919652708633245,
GSE78936,0.0020232376328181453,-0.015919652708633245,
GSE78785,0.0020232376328181453,-0.015919652708633245,
GSE80388,0.0020232376328181453,-0.015919652708633245,
GSE94304,0.0020232376328181453,-0.015919652708633245,
GSE94330,0.0020232376328181453,-0.015919652708633245,
GSE80386,0.0020232376328181453,-0.015919652708633245,
GSE80372,0.0020232376328181453,-0.015919652708633245,
GSE94344,0.0020232376328181453,-0.015919652708633245,
GSE94372,0.0020232376328181453,-0.015919652708633245,
GSE80361,0.0020232376328181453,-0.015919652708633245,
GSE80358,0.0020232376328181453,-0.015919652708633245,
GSE80338,0.0020232376328181453,-0.015919652708633245,
GSE80336,0.0020232376328181453,-0.015919652708633245,
GSE80333,0.0020232376328181453,-0.015919652708633245,
GSE80306,0.0020232376328181453,-0.015919652708633245,
GSE80297,0.0020232376328181453,-0.015919652708633245,
GSE94374,0.0020232376328181453,-0.015919652708633245,
GSE94963,0.0020232376328181453,-0.015919652708633245,
GSE80137,0.0020232376328181453,-0.015919652708633245,
GSE94464,0.0020232376328181453,-0.015919652708633245,
GSE94461,0.0020232376328181453,-0.015919652708633245,
GSE94454,0.0020232376328181453,-0.015919652708633245,
GSE80176,0.0020232376328181453,-0.015919652708633245,
GSE80182,0.0020232376328181453,-0.015919652708633245,
GSE94427,0.0020232376328181453,-0.015919652708633245,
GSE94384,0.0020232376328181453,-0.015919652708633245,
GSE94405,0.0020232376328181453,-0.015919652708633245,
GSE80183,0.0020232376328181453,-0.015919652708633245,
GSE80207,0.0020232376328181453,-0.015919652708633245,
GSE80237,0.0020232376328181453,-0.015919652708633245,
GSE80239,0.0020232376328181453,-0.015919652708633245,
GSE94395,0.0020232376328181453,-0.015919652708633245,
GSE80249,0.0020232376328181453,-0.015919652708633245,
GSE80258,0.0020232376328181453,-0.015919652708633245,
GSE94408,0.0020232376328181453,-0.015919652708633245,
GSE80591,0.0020232376328181453,-0.015919652708633245,
GSE94149,0.0020232376328181453,-0.015919652708633245,
GSE80611,0.0020232376328181453,-0.015919652708633245,
GSE80619,0.0020232376328181453,-0.015919652708633245,
GSE80635,0.0020232376328181453,-0.015919652708633245,
GSE80651,0.0020232376328181453,-0.015919652708633245,
GSE80688,0.0020232376328181453,-0.015919652708633245,
GSE80389,0.0020232376328181453,-0.015919652708633245,
GSE80715,0.0020232376328181453,-0.015919652708633245,
GSE80716,0.0020232376328181453,-0.015919652708633245,
GSE80722,0.0020232376328181453,-0.015919652708633245,
GSE80727,0.0020232376328181453,-0.015919652708633245,
GSE94147,0.0020232376328181453,-0.015919652708633245,
GSE80746,0.0020232376328181453,-0.015919652708633245,
GSE80753,0.0020232376328181453,-0.015919652708633245,
GSE94126,0.0020232376328181453,-0.015919652708633245,
GSE80714,0.0020232376328181453,-0.015919652708633245,
GSE80397,0.0020232376328181453,-0.015919652708633245,
GSE80409,0.0020232376328181453,-0.015919652708633245,
GSE80411,0.0020232376328181453,-0.015919652708633245,
GSE80434,0.0020232376328181453,-0.015919652708633245,
GSE80442,0.0020232376328181453,-0.015919652708633245,
GSE80450,0.0020232376328181453,-0.015919652708633245,
GSE80463,0.0020232376328181453,-0.015919652708633245,
GSE80589,0.0020232376328181453,-0.015919652708633245,
GSE94270,0.0020232376328181453,-0.015919652708633245,
GSE80467,0.0020232376328181453,-0.015919652708633245,
GSE80492,0.0020232376328181453,-0.015919652708633245,
GSE80525,0.0020232376328181453,-0.015919652708633245,
GSE94259,0.0020232376328181453,-0.015919652708633245,
GSE94153,0.0020232376328181453,-0.015919652708633245,
GSE94150,0.0020232376328181453,-0.015919652708633245,
GSE80563,0.0020232376328181453,-0.015919652708633245,
GSE94280,0.0020232376328181453,-0.015919652708633245,
GSE94937,0.0020232376328181453,-0.015919652708633245,
GSE94897,0.0020232376328181453,-0.015919652708633245,
GSE94869,0.0020232376328181453,-0.015919652708633245,
GSE79871,0.0020232376328181453,-0.015919652708633245,
GSE94849,0.0020232376328181453,-0.015919652708633245,
GSE94827,0.0020232376328181453,-0.015919652708633245,
GSE79872,0.0020232376328181453,-0.015919652708633245,
GSE80136,0.0020232376328181453,-0.015919652708633245,
GSE79884,0.0020232376328181453,-0.015919652708633245,
GSE79888,0.0020232376328181453,-0.015919652708633245,
GSE79899,0.0020232376328181453,-0.015919652708633245,
GSE79917,0.0020232376328181453,-0.015919652708633245,
GSE79920,0.0020232376328181453,-0.015919652708633245,
GSE79923,0.0020232376328181453,-0.015919652708633245,
GSE94736,0.0020232376328181453,-0.015919652708633245,
GSE79933,0.0020232376328181453,-0.015919652708633245,
GSE94783,0.0020232376328181453,-0.015919652708633245,
GSE95059,0.0020232376328181453,-0.015919652708633245,
GSE94999,0.0020232376328181453,-0.015919652708633245,
GSE94993,0.0020232376328181453,-0.015919652708633245,
GSE79779,0.0020232376328181453,-0.015919652708633245,
GSE94969,0.0020232376328181453,-0.015919652708633245,
GSE79782,0.0020232376328181453,-0.015919652708633245,
GSE94964,0.0020232376328181453,-0.015919652708633245,
GSE79861,0.0020232376328181453,-0.015919652708633245,
GSE78138,0.0020232376328181453,-0.015919652708633245,
GSE79820,0.0020232376328181453,-0.015919652708633245,
GSE94950,0.0020232376328181453,-0.015919652708633245,
GSE94948,0.0020232376328181453,-0.015919652708633245,
GSE94947,0.0020232376328181453,-0.015919652708633245,
GSE79835,0.0020232376328181453,-0.015919652708633245,
GSE79842,0.0020232376328181453,-0.015919652708633245,
GSE79859,0.0020232376328181453,-0.015919652708633245,
GSE79804,0.0020232376328181453,-0.015919652708633245,
GSE80062,0.0020232376328181453,-0.015919652708633245,
GSE80064,0.0020232376328181453,-0.015919652708633245,
GSE94587,0.0020232376328181453,-0.015919652708633245,
GSE94528,0.0020232376328181453,-0.015919652708633245,
GSE94518,0.0020232376328181453,-0.015919652708633245,
GSE94502,0.0020232376328181453,-0.015919652708633245,
GSE94494,0.0020232376328181453,-0.015919652708633245,
GSE79953,0.0020232376328181453,-0.015919652708633245,
GSE94493,0.0020232376328181453,-0.015919652708633245,
GSE94488,0.0020232376328181453,-0.015919652708633245,
GSE80098,0.0020232376328181453,-0.015919652708633245,
GSE94479,0.0020232376328181453,-0.015919652708633245,
GSE80106,0.0020232376328181453,-0.015919652708633245,
GSE80126,0.0020232376328181453,-0.015919652708633245,
GSE80131,0.0020232376328181453,-0.015919652708633245,
GSE80135,0.0020232376328181453,-0.015919652708633245,
GSE80095,0.0020232376328181453,-0.015919652708633245,
GSE94730,0.0020232376328181453,-0.015919652708633245,
GSE79955,0.0020232376328181453,-0.015919652708633245,
GSE79968,0.0020232376328181453,-0.015919652708633245,
GSE94728,0.0020232376328181453,-0.015919652708633245,
GSE94724,0.0020232376328181453,-0.015919652708633245,
GSE94690,0.0020232376328181453,-0.015919652708633245,
GSE79970,0.0020232376328181453,-0.015919652708633245,
GSE94588,0.0020232376328181453,-0.015919652708633245,
GSE79978,0.0020232376328181453,-0.015919652708633245,
GSE79988,0.0020232376328181453,-0.015919652708633245,
GSE79989,0.0020232376328181453,-0.015919652708633245,
GSE94631,0.0020232376328181453,-0.015919652708633245,
GSE80016,0.0020232376328181453,-0.015919652708633245,
GSE80043,0.0020232376328181453,-0.015919652708633245,
GSE80045,0.0020232376328181453,-0.015919652708633245,
GSE80048,0.0020232376328181453,-0.015919652708633245,
GSE94687,0.0020232376328181453,-0.015919652708633245,
GSE75949,0.0020232376328181453,-0.015919652708633245,
GSE75956,0.0020232376328181453,-0.015919652708633245,
GSE75962,0.0020232376328181453,-0.015919652708633245,
GSE75990,0.0020232376328181453,-0.015919652708633245,
GSE99812,0.0020232376328181453,-0.015919652708633245,
GSE99794,0.0020232376328181453,-0.015919652708633245,
GSE99778,0.0020232376328181453,-0.015919652708633245,
GSE77992,0.0020232376328181453,-0.015919652708633245,
GSE99687,0.0020232376328181453,-0.015919652708633245,
GSE76122,0.0020232376328181453,-0.015919652708633245,
GSE99671,0.0020232376328181453,-0.015919652708633245,
GSE99641,0.0020232376328181453,-0.015919652708633245,
GSE76125,0.0020232376328181453,-0.015919652708633245,
GSE76151,0.0020232376328181453,-0.015919652708633245,
GSE76199,0.0020232376328181453,-0.015919652708633245,
GSE76203,0.0020232376328181453,-0.015919652708633245,
GSE99770,0.0020232376328181453,-0.015919652708633245,
GSE75746,0.0020232376328181453,-0.015919652708633245,
GSE75747,0.0020232376328181453,-0.015919652708633245,
GSE99923,0.0020232376328181453,-0.015919652708633245,
GSE99909,0.0020232376328181453,-0.015919652708633245,
GSE75792,0.0020232376328181453,-0.015919652708633245,
GSE99867,0.0020232376328181453,-0.015919652708633245,
GSE75823,0.0020232376328181453,-0.015919652708633245,
GSE75935,0.0020232376328181453,-0.015919652708633245,
GSE99825,0.0020232376328181453,-0.015919652708633245,
GSE75852,0.0020232376328181453,-0.015919652708633245,
GSE99824,0.0020232376328181453,-0.015919652708633245,
GSE75853,0.0020232376328181453,-0.015919652708633245,
GSE99820,0.0020232376328181453,-0.015919652708633245,
GSE99819,0.0020232376328181453,-0.015919652708633245,
GSE75885,0.0020232376328181453,-0.015919652708633245,
GSE75906,0.0020232376328181453,-0.015919652708633245,
GSE99857,0.0020232376328181453,-0.015919652708633245,
GSE98710,0.0020232376328181453,-0.015919652708633245,
GSE76445,0.0020232376328181453,-0.015919652708633245,
GSE76453,0.0020232376328181453,-0.015919652708633245,
GSE98670,0.0020232376328181453,-0.015919652708633245,
GSE98623,0.0020232376328181453,-0.015919652708633245,
GSE76464,0.0020232376328181453,-0.015919652708633245,
GSE76476,0.0020232376328181453,-0.015919652708633245,
GSE76220,0.0020232376328181453,-0.015919652708633245,
GSE98541,0.0020232376328181453,-0.015919652708633245,
GSE98476,0.0020232376328181453,-0.015919652708633245,
GSE98431,0.0020232376328181453,-0.015919652708633245,
GSE98428,0.0020232376328181453,-0.015919652708633245,
GSE76495,0.0020232376328181453,-0.015919652708633245,
GSE76507,0.0020232376328181453,-0.015919652708633245,
GSE76511,0.0020232376328181453,-0.015919652708633245,
GSE98393,0.0020232376328181453,-0.015919652708633245,
GSE76487,0.0020232376328181453,-0.015919652708633245,
GSE99987,0.0020232376328181453,-0.015919652708633245,
GSE99596,0.0020232376328181453,-0.015919652708633245,
GSE76268,0.0020232376328181453,-0.015919652708633245,
GSE99503,0.0020232376328181453,-0.015919652708633245,
GSE99479,0.0020232376328181453,-0.015919652708633245,
GSE76307,0.0020232376328181453,-0.015919652708633245,
GSE99466,0.0020232376328181453,-0.015919652708633245,
GSE99454,0.0020232376328181453,-0.015919652708633245,
GSE98734,0.0020232376328181453,-0.015919652708633245,
GSE98856,0.0020232376328181453,-0.015919652708633245,
GSE76367,0.0020232376328181453,-0.015919652708633245,
GSE98852,0.0020232376328181453,-0.015919652708633245,
GSE76377,0.0020232376328181453,-0.015919652708633245,
GSE76389,0.0020232376328181453,-0.015919652708633245,
GSE76421,0.0020232376328181453,-0.015919652708633245,
GSE76433,0.0020232376328181453,-0.015919652708633245,
GSE98752,0.0020232376328181453,-0.015919652708633245,
GSE98871,0.0020232376328181453,-0.015919652708633245,
GSE100530,0.0020232376328181453,-0.015919652708633245,
GSE75220,0.0020232376328181453,-0.015919652708633245,
GSE100520,0.0020232376328181453,-0.015919652708633245,
GSE75234,0.0020232376328181453,-0.015919652708633245,
GSE75247,0.0020232376328181453,-0.015919652708633245,
GSE75291,0.0020232376328181453,-0.015919652708633245,
GSE100501,0.0020232376328181453,-0.015919652708633245,
GSE75742,0.0020232376328181453,-0.015919652708633245,
GSE100417,0.0020232376328181453,-0.015919652708633245,
GSE75327,0.0020232376328181453,-0.015919652708633245,
GSE100408,0.0020232376328181453,-0.015919652708633245,
GSE75354,0.0020232376328181453,-0.015919652708633245,
GSE100392,0.0020232376328181453,-0.015919652708633245,
GSE100382,0.0020232376328181453,-0.015919652708633245,
GSE100359,0.0020232376328181453,-0.015919652708633245,
GSE100338,0.0020232376328181453,-0.015919652708633245,
GSE75299,0.0020232376328181453,-0.015919652708633245,
GSE74999,0.0020232376328181453,-0.015919652708633245,
GSE100688,0.0020232376328181453,-0.015919652708633245,
GSE75042,0.0020232376328181453,-0.015919652708633245,
GSE75059,0.0020232376328181453,-0.015919652708633245,
GSE100669,0.0020232376328181453,-0.015919652708633245,
GSE100624,0.0020232376328181453,-0.015919652708633245,
GSE75070,0.0020232376328181453,-0.015919652708633245,
GSE100562,0.0020232376328181453,-0.015919652708633245,
GSE100618,0.0020232376328181453,-0.015919652708633245,
GSE75146,0.0020232376328181453,-0.015919652708633245,
GSE100574,0.0020232376328181453,-0.015919652708633245,
GSE75168,0.0020232376328181453,-0.015919652708633245,
GSE100568,0.0020232376328181453,-0.015919652708633245,
GSE75189,0.0020232376328181453,-0.015919652708633245,
GSE75215,0.0020232376328181453,-0.015919652708633245,
GSE75217,0.0020232376328181453,-0.015919652708633245,
GSE75130,0.0020232376328181453,-0.015919652708633245,
GSE100258,0.0020232376328181453,-0.015919652708633245,
GSE75652,0.0020232376328181453,-0.015919652708633245,
GSE75664,0.0020232376328181453,-0.015919652708633245,
GSE100040,0.0020232376328181453,-0.015919652708633245,
GSE75665,0.0020232376328181453,-0.015919652708633245,
GSE100210,0.0020232376328181453,-0.015919652708633245,
GSE100206,0.0020232376328181453,-0.015919652708633245,
GSE75367,0.0020232376328181453,-0.015919652708633245,
GSE75699,0.0020232376328181453,-0.015919652708633245,
GSE100183,0.0020232376328181453,-0.015919652708633245,
GSE100099,0.0020232376328181453,-0.015919652708633245,
GSE100092,0.0020232376328181453,-0.015919652708633245,
GSE75733,0.0020232376328181453,-0.015919652708633245,
GSE75741,0.0020232376328181453,-0.015919652708633245,
GSE100075,0.0020232376328181453,-0.015919652708633245,
GSE99951,0.0020232376328181453,-0.015919652708633245,
GSE75688,0.0020232376328181453,-0.015919652708633245,
GSE75369,0.0020232376328181453,-0.015919652708633245,
GSE75428,0.0020232376328181453,-0.015919652708633245,
GSE75432,0.0020232376328181453,-0.015919652708633245,
GSE75440,0.0020232376328181453,-0.015919652708633245,
GSE100327,0.0020232376328181453,-0.015919652708633245,
GSE100291,0.0020232376328181453,-0.015919652708633245,
GSE75452,0.0020232376328181453,-0.015919652708633245,
GSE100268,0.0020232376328181453,-0.015919652708633245,
GSE75627,0.0020232376328181453,-0.015919652708633245,
GSE75489,0.0020232376328181453,-0.015919652708633245,
GSE75491,0.0020232376328181453,-0.015919652708633245,
GSE100266,0.0020232376328181453,-0.015919652708633245,
GSE75515,0.0020232376328181453,-0.015919652708633245,
GSE75524,0.0020232376328181453,-0.015919652708633245,
GSE75530,0.0020232376328181453,-0.015919652708633245,
GSE75591,0.0020232376328181453,-0.015919652708633245,
GSE75602,0.0020232376328181453,-0.015919652708633245,
GSE75487,0.0020232376328181453,-0.015919652708633245,
GSE77422,0.0020232376328181453,-0.015919652708633245,
GSE77460,0.0020232376328181453,-0.015919652708633245,
GSE97398,0.0020232376328181453,-0.015919652708633245,
GSE77509,0.0020232376328181453,-0.015919652708633245,
GSE97395,0.0020232376328181453,-0.015919652708633245,
GSE97384,0.0020232376328181453,-0.015919652708633245,
GSE97324,0.0020232376328181453,-0.015919652708633245,
GSE98386,0.0020232376328181453,-0.015919652708633245,
GSE77530,0.0020232376328181453,-0.015919652708633245,
GSE77538,0.0020232376328181453,-0.015919652708633245,
GSE77564,0.0020232376328181453,-0.015919652708633245,
GSE77568,0.0020232376328181453,-0.015919652708633245,
GSE77597,0.0020232376328181453,-0.015919652708633245,
GSE77598,0.0020232376328181453,-0.015919652708633245,
GSE97317,0.0020232376328181453,-0.015919652708633245,
GSE77635,0.0020232376328181453,-0.015919652708633245,
GSE97323,0.0020232376328181453,-0.015919652708633245,
GSE97589,0.0020232376328181453,-0.015919652708633245,
GSE97527,0.0020232376328181453,-0.015919652708633245,
GSE97513,0.0020232376328181453,-0.015919652708633245,
GSE77312,0.0020232376328181453,-0.015919652708633245,
GSE77314,0.0020232376328181453,-0.015919652708633245,
GSE77315,0.0020232376328181453,-0.015919652708633245,
GSE77317,0.0020232376328181453,-0.015919652708633245,
GSE77415,0.0020232376328181453,-0.015919652708633245,
GSE77352,0.0020232376328181453,-0.015919652708633245,
GSE77356,0.0020232376328181453,-0.015919652708633245,
GSE77370,0.0020232376328181453,-0.015919652708633245,
GSE77381,0.0020232376328181453,-0.015919652708633245,
GSE77382,0.0020232376328181453,-0.015919652708633245,
GSE97460,0.0020232376328181453,-0.015919652708633245,
GSE97443,0.0020232376328181453,-0.015919652708633245,
GSE97404,0.0020232376328181453,-0.015919652708633245,
GSE77347,0.0020232376328181453,-0.015919652708633245,
GSE77902,0.0020232376328181453,-0.015919652708633245,
GSE97204,0.0020232376328181453,-0.015919652708633245,
GSE77913,0.0020232376328181453,-0.015919652708633245,
GSE77926,0.0020232376328181453,-0.015919652708633245,
GSE77938,0.0020232376328181453,-0.015919652708633245,
GSE97168,0.0020232376328181453,-0.015919652708633245,
GSE77946,0.0020232376328181453,-0.015919652708633245,
GSE77638,0.0020232376328181453,-0.015919652708633245,
GSE77958,0.0020232376328181453,-0.015919652708633245,
GSE94120,0.0020232376328181453,-0.015919652708633245,
GSE97165,0.0020232376328181453,-0.015919652708633245,
GSE78003,0.0020232376328181453,-0.015919652708633245,
GSE78011,0.0020232376328181453,-0.015919652708633245,
GSE97158,0.0020232376328181453,-0.015919652708633245,
GSE97156,0.0020232376328181453,-0.015919652708633245,
GSE78102,0.0020232376328181453,-0.015919652708633245,
GSE77950,0.0020232376328181453,-0.015919652708633245,
GSE77639,0.0020232376328181453,-0.015919652708633245,
GSE77649,0.0020232376328181453,-0.015919652708633245,
GSE77661,0.0020232376328181453,-0.015919652708633245,
GSE97273,0.0020232376328181453,-0.015919652708633245,
GSE77675,0.0020232376328181453,-0.015919652708633245,
GSE97266,0.0020232376328181453,-0.015919652708633245,
GSE77682,0.0020232376328181453,-0.015919652708633245,
GSE97262,0.0020232376328181453,-0.015919652708633245,
GSE97214,0.0020232376328181453,-0.015919652708633245,
GSE77737,0.0020232376328181453,-0.015919652708633245,
GSE77742,0.0020232376328181453,-0.015919652708633245,
GSE77808,0.0020232376328181453,-0.015919652708633245,
GSE77829,0.0020232376328181453,-0.015919652708633245,
GSE77841,0.0020232376328181453,-0.015919652708633245,
GSE97239,0.0020232376328181453,-0.015919652708633245,
GSE77901,0.0020232376328181453,-0.015919652708633245,
GSE97215,0.0020232376328181453,-0.015919652708633245,
GSE97259,0.0020232376328181453,-0.015919652708633245,
GSE76717,0.0020232376328181453,-0.015919652708633245,
GSE76743,0.0020232376328181453,-0.015919652708633245,
GSE76747,0.0020232376328181453,-0.015919652708633245,
GSE76801,0.0020232376328181453,-0.015919652708633245,
GSE76860,0.0020232376328181453,-0.015919652708633245,
GSE76877,0.0020232376328181453,-0.015919652708633245,
GSE98177,0.0020232376328181453,-0.015919652708633245,
GSE97590,0.0020232376328181453,-0.015919652708633245,
GSE98136,0.0020232376328181453,-0.015919652708633245,
GSE76922,0.0020232376328181453,-0.015919652708633245,
GSE98091,0.0020232376328181453,-0.015919652708633245,
GSE76931,0.0020232376328181453,-0.015919652708633245,
GSE76947,0.0020232376328181453,-0.015919652708633245,
GSE98088,0.0020232376328181453,-0.015919652708633245,
GSE98052,0.0020232376328181453,-0.015919652708633245,
GSE98050,0.0020232376328181453,-0.015919652708633245,
GSE76883,0.0020232376328181453,-0.015919652708633245,
GSE98368,0.0020232376328181453,-0.015919652708633245,
GSE98310,0.0020232376328181453,-0.015919652708633245,
GSE98274,0.0020232376328181453,-0.015919652708633245,
GSE76528,0.0020232376328181453,-0.015919652708633245,
GSE76572,0.0020232376328181453,-0.015919652708633245,
GSE98273,0.0020232376328181453,-0.015919652708633245,
GSE76608,0.0020232376328181453,-0.015919652708633245,
GSE98212,0.0020232376328181453,-0.015919652708633245,
GSE76712,0.0020232376328181453,-0.015919652708633245,
GSE76647,0.0020232376328181453,-0.015919652708633245,
GSE76656,0.0020232376328181453,-0.015919652708633245,
GSE76661,0.0020232376328181453,-0.015919652708633245,
GSE98183,0.0020232376328181453,-0.015919652708633245,
GSE76682,0.0020232376328181453,-0.015919652708633245,
GSE76683,0.0020232376328181453,-0.015919652708633245,
GSE76684,0.0020232376328181453,-0.015919652708633245,
GSE76688,0.0020232376328181453,-0.015919652708633245,
GSE76627,0.0020232376328181453,-0.015919652708633245,
GSE97768,0.0020232376328181453,-0.015919652708633245,
GSE97725,0.0020232376328181453,-0.015919652708633245,
GSE97710,0.0020232376328181453,-0.015919652708633245,
GSE97681,0.0020232376328181453,-0.015919652708633245,
GSE97679,0.0020232376328181453,-0.015919652708633245,
GSE97672,0.0020232376328181453,-0.015919652708633245,
GSE77140,0.0020232376328181453,-0.015919652708633245,
GSE98030,0.0020232376328181453,-0.015919652708633245,
GSE77179,0.0020232376328181453,-0.015919652708633245,
GSE77219,0.0020232376328181453,-0.015919652708633245,
GSE77229,0.0020232376328181453,-0.015919652708633245,
GSE97632,0.0020232376328181453,-0.015919652708633245,
GSE77251,0.0020232376328181453,-0.015919652708633245,
GSE97591,0.0020232376328181453,-0.015919652708633245,
GSE77261,0.0020232376328181453,-0.015919652708633245,
GSE77282,0.0020232376328181453,-0.015919652708633245,
GSE97668,0.0020232376328181453,-0.015919652708633245,
GSE76980,0.0020232376328181453,-0.015919652708633245,
GSE76987,0.0020232376328181453,-0.015919652708633245,
GSE98011,0.0020232376328181453,-0.015919652708633245,
GSE77032,0.0020232376328181453,-0.015919652708633245,
GSE77034,0.0020232376328181453,-0.015919652708633245,
GSE77039,0.0020232376328181453,-0.015919652708633245,
GSE97979,0.0020232376328181453,-0.015919652708633245,
GSE97949,0.0020232376328181453,-0.015919652708633245,
GSE77120,0.0020232376328181453,-0.015919652708633245,
GSE77085,0.0020232376328181453,-0.015919652708633245,
GSE97929,0.0020232376328181453,-0.015919652708633245,
GSE77088,0.0020232376328181453,-0.015919652708633245,
GSE97862,0.0020232376328181453,-0.015919652708633245,
GSE77108,0.0020232376328181453,-0.015919652708633245,
GSE97861,0.0020232376328181453,-0.015919652708633245,
GSE97815,0.0020232376328181453,-0.015919652708633245,
GSE97774,0.0020232376328181453,-0.015919652708633245,
GSE97930,0.0020232376328181453,-0.015919652708633245,
GSE89497,0.0020232376328181453,-0.015919652708633245,
GSE89478,0.0020232376328181453,-0.015919652708633245,
GSE85133,0.0020232376328181453,-0.015919652708633245,
GSE85143,0.0020232376328181453,-0.015919652708633245,
GSE89476,0.0020232376328181453,-0.015919652708633245,
GSE85159,0.0020232376328181453,-0.015919652708633245,
GSE85161,0.0020232376328181453,-0.015919652708633245,
GSE80829,0.0020232376328181453,-0.015919652708633245,
GSE85183,0.0020232376328181453,-0.015919652708633245,
GSE85187,0.0020232376328181453,-0.015919652708633245,
GSE85201,0.0020232376328181453,-0.015919652708633245,
GSE89446,0.0020232376328181453,-0.015919652708633245,
GSE85227,0.0020232376328181453,-0.015919652708633245,
GSE89442,0.0020232376328181453,-0.015919652708633245,
GSE85241,0.0020232376328181453,-0.015919652708633245,
GSE89404,0.0020232376328181453,-0.015919652708633245,
GSE89448,0.0020232376328181453,-0.015919652708633245,
GSE85001,0.0020232376328181453,-0.015919652708633245,
GSE85008,0.0020232376328181453,-0.015919652708633245,
GSE89714,0.0020232376328181453,-0.015919652708633245,
GSE89701,0.0020232376328181453,-0.015919652708633245,
GSE85013,0.0020232376328181453,-0.015919652708633245,
GSE89672,0.0020232376328181453,-0.015919652708633245,
GSE89647,0.0020232376328181453,-0.015919652708633245,
GSE85107,0.0020232376328181453,-0.015919652708633245,
GSE85050,0.0020232376328181453,-0.015919652708633245,
GSE89569,0.0020232376328181453,-0.015919652708633245,
GSE85082,0.0020232376328181453,-0.015919652708633245,
GSE85083,0.0020232376328181453,-0.015919652708633245,
GSE85088,0.0020232376328181453,-0.015919652708633245,
GSE85089,0.0020232376328181453,-0.015919652708633245,
GSE89542,0.0020232376328181453,-0.015919652708633245,
GSE89511,0.0020232376328181453,-0.015919652708633245,
GSE85037,0.0020232376328181453,-0.015919652708633245,
GSE85447,0.0020232376328181453,-0.015919652708633245,
GSE85455,0.0020232376328181453,-0.015919652708633245,
GSE85465,0.0020232376328181453,-0.015919652708633245,
GSE89205,0.0020232376328181453,-0.015919652708633245,
GSE89182,0.0020232376328181453,-0.015919652708633245,
GSE85527,0.0020232376328181453,-0.015919652708633245,
GSE85530,0.0020232376328181453,-0.015919652708633245,
GSE85243,0.0020232376328181453,-0.015919652708633245,
GSE85531,0.0020232376328181453,-0.015919652708633245,
GSE85541,0.0020232376328181453,-0.015919652708633245,
GSE89152,0.0020232376328181453,-0.015919652708633245,
GSE85557,0.0020232376328181453,-0.015919652708633245,
GSE89140,0.0020232376328181453,-0.015919652708633245,
GSE89134,0.0020232376328181453,-0.015919652708633245,
GSE89127,0.0020232376328181453,-0.015919652708633245,
GSE89124,0.0020232376328181453,-0.015919652708633245,
GSE89154,0.0020232376328181453,-0.015919652708633245,
GSE89385,0.0020232376328181453,-0.015919652708633245,
GSE85263,0.0020232376328181453,-0.015919652708633245,
GSE85271,0.0020232376328181453,-0.015919652708633245,
GSE89368,0.0020232376328181453,-0.015919652708633245,
GSE89367,0.0020232376328181453,-0.015919652708633245,
GSE85294,0.0020232376328181453,-0.015919652708633245,
GSE89365,0.0020232376328181453,-0.015919652708633245,
GSE85306,0.0020232376328181453,-0.015919652708633245,
GSE85431,0.0020232376328181453,-0.015919652708633245,
GSE89235,0.0020232376328181453,-0.015919652708633245,
GSE85361,0.0020232376328181453,-0.015919652708633245,
GSE85378,0.0020232376328181453,-0.015919652708633245,
GSE89234,0.0020232376328181453,-0.015919652708633245,
GSE89232,0.0020232376328181453,-0.015919652708633245,
GSE89226,0.0020232376328181453,-0.015919652708633245,
GSE89225,0.0020232376328181453,-0.015919652708633245,
GSE89223,0.0020232376328181453,-0.015919652708633245,
GSE89339,0.0020232376328181453,-0.015919652708633245,
GSE84425,0.0020232376328181453,-0.015919652708633245,
GSE84432,0.0020232376328181453,-0.015919652708633245,
GSE84461,0.0020232376328181453,-0.015919652708633245,
GSE84465,0.0020232376328181453,-0.015919652708633245,
GSE84471,0.0020232376328181453,-0.015919652708633245,
GSE89917,0.0020232376328181453,-0.015919652708633245,
GSE84531,0.0020232376328181453,-0.015919652708633245,
GSE84986,0.0020232376328181453,-0.015919652708633245,
GSE89895,0.0020232376328181453,-0.015919652708633245,
GSE84629,0.0020232376328181453,-0.015919652708633245,
GSE89888,0.0020232376328181453,-0.015919652708633245,
GSE84631,0.0020232376328181453,-0.015919652708633245,
GSE84636,0.0020232376328181453,-0.015919652708633245,
GSE89879,0.0020232376328181453,-0.015919652708633245,
GSE84661,0.0020232376328181453,-0.015919652708633245,
GSE89872,0.0020232376328181453,-0.015919652708633245,
GSE84577,0.0020232376328181453,-0.015919652708633245,
GSE84322,0.0020232376328181453,-0.015919652708633245,
GSE84323,0.0020232376328181453,-0.015919652708633245,
GSE84325,0.0020232376328181453,-0.015919652708633245,
GSE84335,0.0020232376328181453,-0.015919652708633245,
GSE84336,0.0020232376328181453,-0.015919652708633245,
GSE84337,0.0020232376328181453,-0.015919652708633245,
GSE84339,0.0020232376328181453,-0.015919652708633245,
GSE84405,0.0020232376328181453,-0.015919652708633245,
GSE84346,0.0020232376328181453,-0.015919652708633245,
GSE89970,0.0020232376328181453,-0.015919652708633245,
GSE89950,0.0020232376328181453,-0.015919652708633245,
GSE84358,0.0020232376328181453,-0.015919652708633245,
GSE84359,0.0020232376328181453,-0.015919652708633245,
GSE89930,0.0020232376328181453,-0.015919652708633245,
GSE84389,0.0020232376328181453,-0.015919652708633245,
GSE89926,0.0020232376328181453,-0.015919652708633245,
GSE89980,0.0020232376328181453,-0.015919652708633245,
GSE89775,0.0020232376328181453,-0.015919652708633245,
GSE89774,0.0020232376328181453,-0.015919652708633245,
GSE84829,0.0020232376328181453,-0.015919652708633245,
GSE84852,0.0020232376328181453,-0.015919652708633245,
GSE84863,0.0020232376328181453,-0.015919652708633245,
GSE84865,0.0020232376328181453,-0.015919652708633245,
GSE84868,0.0020232376328181453,-0.015919652708633245,
GSE89843,0.0020232376328181453,-0.015919652708633245,
GSE84884,0.0020232376328181453,-0.015919652708633245,
GSE84896,0.0020232376328181453,-0.015919652708633245,
GSE84897,0.0020232376328181453,-0.015919652708633245,
GSE84902,0.0020232376328181453,-0.015919652708633245,
GSE84913,0.0020232376328181453,-0.015919652708633245,
GSE89745,0.0020232376328181453,-0.015919652708633245,
GSE84930,0.0020232376328181453,-0.015919652708633245,
GSE84944,0.0020232376328181453,-0.015919652708633245,
GSE84877,0.0020232376328181453,-0.015919652708633245,
GSE84675,0.0020232376328181453,-0.015919652708633245,
GSE89840,0.0020232376328181453,-0.015919652708633245,
GSE84686,0.0020232376328181453,-0.015919652708633245,
GSE84691,0.0020232376328181453,-0.015919652708633245,
GSE89839,0.0020232376328181453,-0.015919652708633245,
GSE84697,0.0020232376328181453,-0.015919652708633245,
GSE89838,0.0020232376328181453,-0.015919652708633245,
GSE84706,0.0020232376328181453,-0.015919652708633245,
GSE89779,0.0020232376328181453,-0.015919652708633245,
GSE84714,0.0020232376328181453,-0.015919652708633245,
GSE84722,0.0020232376328181453,-0.015919652708633245,
GSE84773,0.0020232376328181453,-0.015919652708633245,
GSE84776,0.0020232376328181453,-0.015919652708633245,
GSE89807,0.0020232376328181453,-0.015919652708633245,
GSE84789,0.0020232376328181453,-0.015919652708633245,
GSE89799,0.0020232376328181453,-0.015919652708633245,
GSE89790,0.0020232376328181453,-0.015919652708633245,
GSE89831,0.0020232376328181453,-0.015919652708633245,
GSE87517,0.0020232376328181453,-0.015919652708633245,
GSE87515,0.0020232376328181453,-0.015919652708633245,
GSE87487,0.0020232376328181453,-0.015919652708633245,
GSE87476,0.0020232376328181453,-0.015919652708633245,
GSE86562,0.0020232376328181453,-0.015919652708633245,
GSE86563,0.0020232376328181453,-0.015919652708633245,
GSE86564,0.0020232376328181453,-0.015919652708633245,
GSE85567,0.0020232376328181453,-0.015919652708633245,
GSE87456,0.0020232376328181453,-0.015919652708633245,
GSE86602,0.0020232376328181453,-0.015919652708633245,
GSE86610,0.0020232376328181453,-0.015919652708633245,
GSE86611,0.0020232376328181453,-0.015919652708633245,
GSE87400,0.0020232376328181453,-0.015919652708633245,
GSE87399,0.0020232376328181453,-0.015919652708633245,
GSE87392,0.0020232376328181453,-0.015919652708633245,
GSE86791,0.0020232376328181453,-0.015919652708633245,
GSE86577,0.0020232376328181453,-0.015919652708633245,
GSE87563,0.0020232376328181453,-0.015919652708633245,
GSE86356,0.0020232376328181453,-0.015919652708633245,
GSE86387,0.0020232376328181453,-0.015919652708633245,
GSE87554,0.0020232376328181453,-0.015919652708633245,
GSE86394,0.0020232376328181453,-0.015919652708633245,
GSE86422,0.0020232376328181453,-0.015919652708633245,
GSE86451,0.0020232376328181453,-0.015919652708633245,
GSE86538,0.0020232376328181453,-0.015919652708633245,
GSE86473,0.0020232376328181453,-0.015919652708633245,
GSE86480,0.0020232376328181453,-0.015919652708633245,
GSE86491,0.0020232376328181453,-0.015919652708633245,
GSE86497,0.0020232376328181453,-0.015919652708633245,
GSE86503,0.0020232376328181453,-0.015919652708633245,
GSE87535,0.0020232376328181453,-0.015919652708633245,
GSE86504,0.0020232376328181453,-0.015919652708633245,
GSE87532,0.0020232376328181453,-0.015919652708633245,
GSE87541,0.0020232376328181453,-0.015919652708633245,
GSE87285,0.0020232376328181453,-0.015919652708633245,
GSE87240,0.0020232376328181453,-0.015919652708633245,
GSE87198,0.0020232376328181453,-0.015919652708633245,
GSE87194,0.0020232376328181453,-0.015919652708633245,
GSE87189,0.0020232376328181453,-0.015919652708633245,
GSE87187,0.0020232376328181453,-0.015919652708633245,
GSE87186,0.0020232376328181453,-0.015919652708633245,
GSE86813,0.0020232376328181453,-0.015919652708633245,
GSE86986,0.0020232376328181453,-0.015919652708633245,
GSE87040,0.0020232376328181453,-0.015919652708633245,
GSE87042,0.0020232376328181453,-0.015919652708633245,
GSE87167,0.0020232376328181453,-0.015919652708633245,
GSE87055,0.0020232376328181453,-0.015919652708633245,
GSE87087,0.0020232376328181453,-0.015919652708633245,
GSE87088,0.0020232376328181453,-0.015919652708633245,
GSE87110,0.0020232376328181453,-0.015919652708633245,
GSE87169,0.0020232376328181453,-0.015919652708633245,
GSE86846,0.0020232376328181453,-0.015919652708633245,
GSE86855,0.0020232376328181453,-0.015919652708633245,
GSE86857,0.0020232376328181453,-0.015919652708633245,
GSE87360,0.0020232376328181453,-0.015919652708633245,
GSE86867,0.0020232376328181453,-0.015919652708633245,
GSE87340,0.0020232376328181453,-0.015919652708633245,
GSE86884,0.0020232376328181453,-0.015919652708633245,
GSE86896,0.0020232376328181453,-0.015919652708633245,
GSE86958,0.0020232376328181453,-0.015919652708633245,
GSE87328,0.0020232376328181453,-0.015919652708633245,
GSE86910,0.0020232376328181453,-0.015919652708633245,
GSE87320,0.0020232376328181453,-0.015919652708633245,
GSE86931,0.0020232376328181453,-0.015919652708633245,
GSE86940,0.0020232376328181453,-0.015919652708633245,
GSE86956,0.0020232376328181453,-0.015919652708633245,
GSE87307,0.0020232376328181453,-0.015919652708633245,
GSE87290,0.0020232376328181453,-0.015919652708633245,
GSE86906,0.0020232376328181453,-0.015919652708633245,
GSE85857,0.0020232376328181453,-0.015919652708633245,
GSE88946,0.0020232376328181453,-0.015919652708633245,
GSE85870,0.0020232376328181453,-0.015919652708633245,
GSE85897,0.0020232376328181453,-0.015919652708633245,
GSE85908,0.0020232376328181453,-0.015919652708633245,
GSE85910,0.0020232376328181453,-0.015919652708633245,
GSE88943,0.0020232376328181453,-0.015919652708633245,
GSE86344,0.0020232376328181453,-0.015919652708633245,
GSE85935,0.0020232376328181453,-0.015919652708633245,
GSE88858,0.0020232376328181453,-0.015919652708633245,
GSE85941,0.0020232376328181453,-0.015919652708633245,
GSE88850,0.0020232376328181453,-0.015919652708633245,
GSE85969,0.0020232376328181453,-0.015919652708633245,
GSE85988,0.0020232376328181453,-0.015919652708633245,
GSE86007,0.0020232376328181453,-0.015919652708633245,
GSE88848,0.0020232376328181453,-0.015919652708633245,
GSE85917,0.0020232376328181453,-0.015919652708633245,
GSE89122,0.0020232376328181453,-0.015919652708633245,
GSE89110,0.0020232376328181453,-0.015919652708633245,
GSE89063,0.0020232376328181453,-0.015919652708633245,
GSE85671,0.0020232376328181453,-0.015919652708633245,
GSE85685,0.0020232376328181453,-0.015919652708633245,
GSE89062,0.0020232376328181453,-0.015919652708633245,
GSE89057,0.0020232376328181453,-0.015919652708633245,
GSE85854,0.0020232376328181453,-0.015919652708633245,
GSE89008,0.0020232376328181453,-0.015919652708633245,
GSE88997,0.0020232376328181453,-0.015919652708633245,
GSE85791,0.0020232376328181453,-0.015919652708633245,
GSE88977,0.0020232376328181453,-0.015919652708633245,
GSE85799,0.0020232376328181453,-0.015919652708633245,
GSE85800,0.0020232376328181453,-0.015919652708633245,
GSE88956,0.0020232376328181453,-0.015919652708633245,
GSE85840,0.0020232376328181453,-0.015919652708633245,
GSE89049,0.0020232376328181453,-0.015919652708633245,
GSE87708,0.0020232376328181453,-0.015919652708633245,
GSE86219,0.0020232376328181453,-0.015919652708633245,
GSE86221,0.0020232376328181453,-0.015919652708633245,
GSE87701,0.0020232376328181453,-0.015919652708633245,
GSE86239,0.0020232376328181453,-0.015919652708633245,
GSE87692,0.0020232376328181453,-0.015919652708633245,
GSE87679,0.0020232376328181453,-0.015919652708633245,
GSE86101,0.0020232376328181453,-0.015919652708633245,
GSE86308,0.0020232376328181453,-0.015919652708633245,
GSE87660,0.0020232376328181453,-0.015919652708633245,
GSE87641,0.0020232376328181453,-0.015919652708633245,
GSE87585,0.0020232376328181453,-0.015919652708633245,
GSE87581,0.0020232376328181453,-0.015919652708633245,
GSE86316,0.0020232376328181453,-0.015919652708633245,
GSE86333,0.0020232376328181453,-0.015919652708633245,
GSE86337,0.0020232376328181453,-0.015919652708633245,
GSE87668,0.0020232376328181453,-0.015919652708633245,
GSE86102,0.0020232376328181453,-0.015919652708633245,
GSE86103,0.0020232376328181453,-0.015919652708633245,
GSE86104,0.0020232376328181453,-0.015919652708633245,
GSE86146,0.0020232376328181453,-0.015919652708633245,
GSE86148,0.0020232376328181453,-0.015919652708633245,
GSE88802,0.0020232376328181453,-0.015919652708633245,
GSE86151,0.0020232376328181453,-0.015919652708633245,
GSE88750,0.0020232376328181453,-0.015919652708633245,
GSE86202,0.0020232376328181453,-0.015919652708633245,
GSE88710,0.0020232376328181453,-0.015919652708633245,
GSE87809,0.0020232376328181453,-0.015919652708633245,
GSE86159,0.0020232376328181453,-0.015919652708633245,
GSE87748,0.0020232376328181453,-0.015919652708633245,
GSE87725,0.0020232376328181453,-0.015919652708633245,
GSE87720,0.0020232376328181453,-0.015919652708633245,
GSE86165,0.0020232376328181453,-0.015919652708633245,
GSE86190,0.0020232376328181453,-0.015919652708633245,
GSE88741,0.0020232376328181453,-0.015919652708633245,
GSE81626,0.0020232376328181453,-0.015919652708633245,
GSE81662,0.0020232376328181453,-0.015919652708633245,
GSE93315,0.0020232376328181453,-0.015919652708633245,
GSE81687,0.0020232376328181453,-0.015919652708633245,
GSE93292,0.0020232376328181453,-0.015919652708633245,
GSE81698,0.0020232376328181453,-0.015919652708633245,
GSE93280,0.0020232376328181453,-0.015919652708633245,
GSE89991,0.0020232376328181453,-0.015919652708633245,
GSE93256,0.0020232376328181453,-0.015919652708633245,
GSE93237,0.0020232376328181453,-0.015919652708633245,
GSE93236,0.0020232376328181453,-0.015919652708633245,
GSE93226,0.0020232376328181453,-0.015919652708633245,
GSE93206,0.0020232376328181453,-0.015919652708633245,
GSE93156,0.0020232376328181453,-0.015919652708633245,
GSE93155,0.0020232376328181453,-0.015919652708633245,
GSE93153,0.0020232376328181453,-0.015919652708633245,
GSE93263,0.0020232376328181453,-0.015919652708633245,
GSE81498,0.0020232376328181453,-0.015919652708633245,
GSE93528,0.0020232376328181453,-0.015919652708633245,
GSE81513,0.0020232376328181453,-0.015919652708633245,
GSE81518,0.0020232376328181453,-0.015919652708633245,
GSE81534,0.0020232376328181453,-0.015919652708633245,
GSE93424,0.0020232376328181453,-0.015919652708633245,
GSE81550,0.0020232376328181453,-0.015919652708633245,
GSE81620,0.0020232376328181453,-0.015919652708633245,
GSE93365,0.0020232376328181453,-0.015919652708633245,
GSE81579,0.0020232376328181453,-0.015919652708633245,
GSE81593,0.0020232376328181453,-0.015919652708633245,
GSE81601,0.0020232376328181453,-0.015919652708633245,
GSE81608,0.0020232376328181453,-0.015919652708633245,
GSE93330,0.0020232376328181453,-0.015919652708633245,
GSE93326,0.0020232376328181453,-0.015919652708633245,
GSE93321,0.0020232376328181453,-0.015919652708633245,
GSE93395,0.0020232376328181453,-0.015919652708633245,
GSE92979,0.0020232376328181453,-0.015919652708633245,
GSE92943,0.0020232376328181453,-0.015919652708633245,
GSE82061,0.0020232376328181453,-0.015919652708633245,
GSE82070,0.0020232376328181453,-0.015919652708633245,
GSE92939,0.0020232376328181453,-0.015919652708633245,
GSE82102,0.0020232376328181453,-0.015919652708633245,
GSE82104,0.0020232376328181453,-0.015919652708633245,
GSE81796,0.0020232376328181453,-0.015919652708633245,
GSE82115,0.0020232376328181453,-0.015919652708633245,
GSE92910,0.0020232376328181453,-0.015919652708633245,
GSE92882,0.0020232376328181453,-0.015919652708633245,
GSE92852,0.0020232376328181453,-0.015919652708633245,
GSE92839,0.0020232376328181453,-0.015919652708633245,
GSE82143,0.0020232376328181453,-0.015919652708633245,
GSE82147,0.0020232376328181453,-0.015919652708633245,
GSE92772,0.0020232376328181453,-0.015919652708633245,
GSE82110,0.0020232376328181453,-0.015919652708633245,
GSE81802,0.0020232376328181453,-0.015919652708633245,
GSE81810,0.0020232376328181453,-0.015919652708633245,
GSE81812,0.0020232376328181453,-0.015919652708633245,
GSE81814,0.0020232376328181453,-0.015919652708633245,
GSE81817,0.0020232376328181453,-0.015919652708633245,
GSE93124,0.0020232376328181453,-0.015919652708633245,
GSE81827,0.0020232376328181453,-0.015919652708633245,
GSE93073,0.0020232376328181453,-0.015919652708633245,
GSE93030,0.0020232376328181453,-0.015919652708633245,
GSE81955,0.0020232376328181453,-0.015919652708633245,
GSE93071,0.0020232376328181453,-0.015919652708633245,
GSE93070,0.0020232376328181453,-0.015919652708633245,
GSE81978,0.0020232376328181453,-0.015919652708633245,
GSE93069,0.0020232376328181453,-0.015919652708633245,
GSE81995,0.0020232376328181453,-0.015919652708633245,
GSE93057,0.0020232376328181453,-0.015919652708633245,
GSE82032,0.0020232376328181453,-0.015919652708633245,
GSE93072,0.0020232376328181453,-0.015919652708633245,
GSE93960,0.0020232376328181453,-0.015919652708633245,
GSE81076,0.0020232376328181453,-0.015919652708633245,
GSE93925,0.0020232376328181453,-0.015919652708633245,
GSE93904,0.0020232376328181453,-0.015919652708633245,
GSE81087,0.0020232376328181453,-0.015919652708633245,
GSE81089,0.0020232376328181453,-0.015919652708633245,
GSE81144,0.0020232376328181453,-0.015919652708633245,
GSE93562,0.0020232376328181453,-0.015919652708633245,
GSE93877,0.0020232376328181453,-0.015919652708633245,
GSE81157,0.0020232376328181453,-0.015919652708633245,
GSE93871,0.0020232376328181453,-0.015919652708633245,
GSE81167,0.0020232376328181453,-0.015919652708633245,
GSE81194,0.0020232376328181453,-0.015919652708633245,
GSE81198,0.0020232376328181453,-0.015919652708633245,
GSE81201,0.0020232376328181453,-0.015919652708633245,
GSE93870,0.0020232376328181453,-0.015919652708633245,
GSE93895,0.0020232376328181453,-0.015919652708633245,
GSE94099,0.0020232376328181453,-0.015919652708633245,
GSE80780,0.0020232376328181453,-0.015919652708633245,
GSE94064,0.0020232376328181453,-0.015919652708633245,
GSE80802,0.0020232376328181453,-0.015919652708633245,
GSE94055,0.0020232376328181453,-0.015919652708633245,
GSE94053,0.0020232376328181453,-0.015919652708633245,
GSE94043,0.0020232376328181453,-0.015919652708633245,
GSE93988,0.0020232376328181453,-0.015919652708633245,
GSE94036,0.0020232376328181453,-0.015919652708633245,
GSE80979,0.0020232376328181453,-0.015919652708633245,
GSE94019,0.0020232376328181453,-0.015919652708633245,
GSE81032,0.0020232376328181453,-0.015919652708633245,
GSE81043,0.0020232376328181453,-0.015919652708633245,
GSE81046,0.0020232376328181453,-0.015919652708633245,
GSE81062,0.0020232376328181453,-0.015919652708633245,
GSE81063,0.0020232376328181453,-0.015919652708633245,
GSE80963,0.0020232376328181453,-0.015919652708633245,
GSE81417,0.0020232376328181453,-0.015919652708633245,
GSE81429,0.0020232376328181453,-0.015919652708633245,
GSE81439,0.0020232376328181453,-0.015919652708633245,
GSE81443,0.0020232376328181453,-0.015919652708633245,
GSE81460,0.0020232376328181453,-0.015919652708633245,
GSE81469,0.0020232376328181453,-0.015919652708633245,
GSE93627,0.0020232376328181453,-0.015919652708633245,
GSE93831,0.0020232376328181453,-0.015919652708633245,
GSE93619,0.0020232376328181453,-0.015919652708633245,
GSE93610,0.0020232376328181453,-0.015919652708633245,
GSE93594,0.0020232376328181453,-0.015919652708633245,
GSE93590,0.0020232376328181453,-0.015919652708633245,
GSE81485,0.0020232376328181453,-0.015919652708633245,
GSE81493,0.0020232376328181453,-0.015919652708633245,
GSE93578,0.0020232376328181453,-0.015919652708633245,
GSE81497,0.0020232376328181453,-0.015919652708633245,
GSE93620,0.0020232376328181453,-0.015919652708633245,
GSE81236,0.0020232376328181453,-0.015919652708633245,
GSE93814,0.0020232376328181453,-0.015919652708633245,
GSE93813,0.0020232376328181453,-0.015919652708633245,
GSE81259,0.0020232376328181453,-0.015919652708633245,
GSE81268,0.0020232376328181453,-0.015919652708633245,
GSE93807,0.0020232376328181453,-0.015919652708633245,
GSE81301,0.0020232376328181453,-0.015919652708633245,
GSE81322,0.0020232376328181453,-0.015919652708633245,
GSE93629,0.0020232376328181453,-0.015919652708633245,
GSE81345,0.0020232376328181453,-0.015919652708633245,
GSE93783,0.0020232376328181453,-0.015919652708633245,
GSE81396,0.0020232376328181453,-0.015919652708633245,
GSE93748,0.0020232376328181453,-0.015919652708633245,
GSE81405,0.0020232376328181453,-0.015919652708633245,
GSE93681,0.0020232376328181453,-0.015919652708633245,
GSE93650,0.0020232376328181453,-0.015919652708633245,
GSE93636,0.0020232376328181453,-0.015919652708633245,
GSE81328,0.0020232376328181453,-0.015919652708633245,
GSE90830,0.0020232376328181453,-0.015919652708633245,
GSE90796,0.0020232376328181453,-0.015919652708633245,
GSE83712,0.0020232376328181453,-0.015919652708633245,
GSE90781,0.0020232376328181453,-0.015919652708633245,
GSE90772,0.0020232376328181453,-0.015919652708633245,
GSE90748,0.0020232376328181453,-0.015919652708633245,
GSE83724,0.0020232376328181453,-0.015919652708633245,
GSE92723,0.0020232376328181453,-0.015919652708633245,
GSE90734,0.0020232376328181453,-0.015919652708633245,
GSE83772,0.0020232376328181453,-0.015919652708633245,
GSE83786,0.0020232376328181453,-0.015919652708633245,
GSE83808,0.0020232376328181453,-0.015919652708633245,
GSE90729,0.0020232376328181453,-0.015919652708633245,
GSE90728,0.0020232376328181453,-0.015919652708633245,
GSE83816,0.0020232376328181453,-0.015919652708633245,
GSE83849,0.0020232376328181453,-0.015919652708633245,
GSE83763,0.0020232376328181453,-0.015919652708633245,
GSE83592,0.0020232376328181453,-0.015919652708633245,
GSE83601,0.0020232376328181453,-0.015919652708633245,
GSE90944,0.0020232376328181453,-0.015919652708633245,
GSE83611,0.0020232376328181453,-0.015919652708633245,
GSE83635,0.0020232376328181453,-0.015919652708633245,
GSE90926,0.0020232376328181453,-0.015919652708633245,
GSE83637,0.0020232376328181453,-0.015919652708633245,
GSE90834,0.0020232376328181453,-0.015919652708633245,
GSE90889,0.0020232376328181453,-0.015919652708633245,
GSE83649,0.0020232376328181453,-0.015919652708633245,
GSE90884,0.0020232376328181453,-0.015919652708633245,
GSE90878,0.0020232376328181453,-0.015919652708633245,
GSE83652,0.0020232376328181453,-0.015919652708633245,
GSE90874,0.0020232376328181453,-0.015919652708633245,
GSE83668,0.0020232376328181453,-0.015919652708633245,
GSE83671,0.0020232376328181453,-0.015919652708633245,
GSE83645,0.0020232376328181453,-0.015919652708633245,
GSE90523,0.0020232376328181453,-0.015919652708633245,
GSE84197,0.0020232376328181453,-0.015919652708633245,
GSE84204,0.0020232376328181453,-0.015919652708633245,
GSE84231,0.0020232376328181453,-0.015919652708633245,
GSE90519,0.0020232376328181453,-0.015919652708633245,
GSE90491,0.0020232376328181453,-0.015919652708633245,
GSE84237,0.0020232376328181453,-0.015919652708633245,
GSE90718,0.0020232376328181453,-0.015919652708633245,
GSE84259,0.0020232376328181453,-0.015919652708633245,
GSE84275,0.0020232376328181453,-0.015919652708633245,
GSE84285,0.0020232376328181453,-0.015919652708633245,
GSE84293,0.0020232376328181453,-0.015919652708633245,
GSE90463,0.0020232376328181453,-0.015919652708633245,
GSE90111,0.0020232376328181453,-0.015919652708633245,
GSE90081,0.0020232376328181453,-0.015919652708633245,
GSE90013,0.0020232376328181453,-0.015919652708633245,
GSE90489,0.0020232376328181453,-0.015919652708633245,
GSE90711,0.0020232376328181453,-0.015919652708633245,
GSE83919,0.0020232376328181453,-0.015919652708633245,
GSE83923,0.0020232376328181453,-0.015919652708633245,
GSE83930,0.0020232376328181453,-0.015919652708633245,
GSE83939,0.0020232376328181453,-0.015919652708633245,
GSE90683,0.0020232376328181453,-0.015919652708633245,
GSE90682,0.0020232376328181453,-0.015919652708633245,
GSE84022,0.0020232376328181453,-0.015919652708633245,
GSE84188,0.0020232376328181453,-0.015919652708633245,
GSE84054,0.0020232376328181453,-0.015919652708633245,
GSE84068,0.0020232376328181453,-0.015919652708633245,
GSE90659,0.0020232376328181453,-0.015919652708633245,
GSE90634,0.0020232376328181453,-0.015919652708633245,
GSE84076,0.0020232376328181453,-0.015919652708633245,
GSE90599,0.0020232376328181453,-0.015919652708633245,
GSE90566,0.0020232376328181453,-0.015919652708633245,
GSE84170,0.0020232376328181453,-0.015919652708633245,
GSE84023,0.0020232376328181453,-0.015919652708633245,
GSE82336,0.0020232376328181453,-0.015919652708633245,
GSE83083,0.0020232376328181453,-0.015919652708633245,
GSE92547,0.0020232376328181453,-0.015919652708633245,
GSE83100,0.0020232376328181453,-0.015919652708633245,
GSE92532,0.0020232376328181453,-0.015919652708633245,
GSE92506,0.0020232376328181453,-0.015919652708633245,
GSE92496,0.0020232376328181453,-0.015919652708633245,
GSE90982,0.0020232376328181453,-0.015919652708633245,
GSE92478,0.0020232376328181453,-0.015919652708633245,
GSE92456,0.0020232376328181453,-0.015919652708633245,
GSE83139,0.0020232376328181453,-0.015919652708633245,
GSE92447,0.0020232376328181453,-0.015919652708633245,
GSE92322,0.0020232376328181453,-0.015919652708633245,
GSE92316,0.0020232376328181453,-0.015919652708633245,
GSE83245,0.0020232376328181453,-0.015919652708633245,
GSE83254,0.0020232376328181453,-0.015919652708633245,
GSE83115,0.0020232376328181453,-0.015919652708633245,
GSE82177,0.0020232376328181453,-0.015919652708633245,
GSE82184,0.0020232376328181453,-0.015919652708633245,
GSE82204,0.0020232376328181453,-0.015919652708633245,
GSE92659,0.0020232376328181453,-0.015919652708633245,
GSE92653,0.0020232376328181453,-0.015919652708633245,
GSE82227,0.0020232376328181453,-0.015919652708633245,
GSE92651,0.0020232376328181453,-0.015919652708633245,
GSE92574,0.0020232376328181453,-0.015919652708633245,
GSE82237,0.0020232376328181453,-0.015919652708633245,
GSE82260,0.0020232376328181453,-0.015919652708633245,
GSE82289,0.0020232376328181453,-0.015919652708633245,
GSE82320,0.0020232376328181453,-0.015919652708633245,
GSE82329,0.0020232376328181453,-0.015919652708633245,
GSE82333,0.0020232376328181453,-0.015919652708633245,
GSE92592,0.0020232376328181453,-0.015919652708633245,
GSE92583,0.0020232376328181453,-0.015919652708633245,
GSE82236,0.0020232376328181453,-0.015919652708633245,
GSE83492,0.0020232376328181453,-0.015919652708633245,
GSE83493,0.0020232376328181453,-0.015919652708633245,
GSE91016,0.0020232376328181453,-0.015919652708633245,
GSE83501,0.0020232376328181453,-0.015919652708633245,
GSE83518,0.0020232376328181453,-0.015919652708633245,
GSE83520,0.0020232376328181453,-0.015919652708633245,
GSE83525,0.0020232376328181453,-0.015919652708633245,
GSE92262,0.0020232376328181453,-0.015919652708633245,
GSE83549,0.0020232376328181453,-0.015919652708633245,
GSE83551,0.0020232376328181453,-0.015919652708633245,
GSE83559,0.0020232376328181453,-0.015919652708633245,
GSE83560,0.0020232376328181453,-0.015919652708633245,
GSE91011,0.0020232376328181453,-0.015919652708633245,
GSE91010,0.0020232376328181453,-0.015919652708633245,
GSE83577,0.0020232376328181453,-0.015919652708633245,
GSE91000,0.0020232376328181453,-0.015919652708633245,
GSE83547,0.0020232376328181453,-0.015919652708633245,
GSE83266,0.0020232376328181453,-0.015919652708633245,
GSE83277,0.0020232376328181453,-0.015919652708633245,
GSE92239,0.0020232376328181453,-0.015919652708633245,
GSE83299,0.0020232376328181453,-0.015919652708633245,
GSE91383,0.0020232376328181453,-0.015919652708633245,
GSE83314,0.0020232376328181453,-0.015919652708633245,
GSE83321,0.0020232376328181453,-0.015919652708633245,
GSE83322,0.0020232376328181453,-0.015919652708633245,
GSE91061,0.0020232376328181453,-0.015919652708633245,
GSE91087,0.0020232376328181453,-0.015919652708633245,
GSE83392,0.0020232376328181453,-0.015919652708633245,
GSE83402,0.0020232376328181453,-0.015919652708633245,
GSE83403,0.0020232376328181453,-0.015919652708633245,
GSE91063,0.0020232376328181453,-0.015919652708633245,
GSE83479,0.0020232376328181453,-0.015919652708633245,
GSE83480,0.0020232376328181453,-0.015919652708633245,
GSE83482,0.0020232376328181453,-0.015919652708633245,
GSE91377,0.0020232376328181453,-0.015919652708633245,
GSE42735,0.0020232376328181453,-0.015919652708633245,
GSE42948,0.0020232376328181453,-0.015919652708633245,
GSE42960,0.0020232376328181453,-0.015919652708633245,
GSE43070,0.0020232376328181453,-0.015919652708633245,
GSE43296,0.0020232376328181453,-0.015919652708633245,
GSE43335,0.0020232376328181453,-0.015919652708633245,
GSE43362,0.0020232376328181453,-0.015919652708633245,
GSE43472,0.0020232376328181453,-0.015919652708633245,
GSE43550,0.0020232376328181453,-0.015919652708633245,
GSE43586,0.0020232376328181453,-0.015919652708633245,
GSE71012,0.0020232376328181453,-0.015919652708633245,
GSE43666,0.0020232376328181453,-0.015919652708633245,
GSE43726,0.0020232376328181453,-0.015919652708633245,
GSE43785,0.0020232376328181453,-0.015919652708633245,
GSE43788,0.0020232376328181453,-0.015919652708633245,
GSE43801,0.0020232376328181453,-0.015919652708633245,
GSE43834,0.0020232376328181453,-0.015919652708633245,
GSE43835,0.0020232376328181453,-0.015919652708633245,
GSE43925,0.0020232376328181453,-0.015919652708633245,
GSE43984,0.0020232376328181453,-0.015919652708633245,
GSE44052,0.0020232376328181453,-0.015919652708633245,
GSE43603,0.0020232376328181453,-0.015919652708633245,
GSE40740,0.0020232376328181453,-0.015919652708633245,
GSE40859,0.0020232376328181453,-0.015919652708633245,
GSE40996,0.0020232376328181453,-0.015919652708633245,
GSE41074,0.0020232376328181453,-0.015919652708633245,
GSE41166,0.0020232376328181453,-0.015919652708633245,
GSE41180,0.0020232376328181453,-0.015919652708633245,
GSE41245,0.0020232376328181453,-0.015919652708633245,
GSE41264,0.0020232376328181453,-0.015919652708633245,
GSE41279,0.0020232376328181453,-0.015919652708633245,
GSE41357,0.0020232376328181453,-0.015919652708633245,
GSE42701,0.0020232376328181453,-0.015919652708633245,
GSE41476,0.0020232376328181453,-0.015919652708633245,
GSE41586,0.0020232376328181453,-0.015919652708633245,
GSE42006,0.0020232376328181453,-0.015919652708633245,
GSE42142,0.0020232376328181453,-0.015919652708633245,
GSE42146,0.0020232376328181453,-0.015919652708633245,
GSE42212,0.0020232376328181453,-0.015919652708633245,
GSE42326,0.0020232376328181453,-0.015919652708633245,
GSE42420,0.0020232376328181453,-0.015919652708633245,
GSE42485,0.0020232376328181453,-0.015919652708633245,
GSE42509,0.0020232376328181453,-0.015919652708633245,
GSE42630,0.0020232376328181453,-0.015919652708633245,
GSE41359,0.0020232376328181453,-0.015919652708633245,
GSE45326,0.0020232376328181453,-0.015919652708633245,
GSE45332,0.0020232376328181453,-0.015919652708633245,
GSE45335,0.0020232376328181453,-0.015919652708633245,
GSE45419,0.0020232376328181453,-0.015919652708633245,
GSE45428,0.0020232376328181453,-0.015919652708633245,
GSE45442,0.0020232376328181453,-0.015919652708633245,
GSE45453,0.0020232376328181453,-0.015919652708633245,
GSE45510,0.0020232376328181453,-0.015919652708633245,
GSE45669,0.0020232376328181453,-0.015919652708633245,
GSE45732,0.0020232376328181453,-0.015919652708633245,
GSE44064,0.0020232376328181453,-0.015919652708633245,
GSE45735,0.0020232376328181453,-0.015919652708633245,
GSE45785,0.0020232376328181453,-0.015919652708633245,
GSE45822,0.0020232376328181453,-0.015919652708633245,
GSE45910,0.0020232376328181453,-0.015919652708633245,
GSE46056,0.0020232376328181453,-0.015919652708633245,
GSE46164,0.0020232376328181453,-0.015919652708633245,
GSE46224,0.0020232376328181453,-0.015919652708633245,
GSE46228,0.0020232376328181453,-0.015919652708633245,
GSE46322,0.0020232376328181453,-0.015919652708633245,
GSE46490,0.0020232376328181453,-0.015919652708633245,
GSE45734,0.0020232376328181453,-0.015919652708633245,
GSE44256,0.0020232376328181453,-0.015919652708633245,
GSE44267,0.0020232376328181453,-0.015919652708633245,
GSE44376,0.0020232376328181453,-0.015919652708633245,
GSE44377,0.0020232376328181453,-0.015919652708633245,
GSE44378,0.0020232376328181453,-0.015919652708633245,
GSE44379,0.0020232376328181453,-0.015919652708633245,
GSE44384,0.0020232376328181453,-0.015919652708633245,
GSE44385,0.0020232376328181453,-0.015919652708633245,
GSE44457,0.0020232376328181453,-0.015919652708633245,
GSE44585,0.0020232376328181453,-0.015919652708633245,
GSE45258,0.0020232376328181453,-0.015919652708633245,
GSE44718,0.0020232376328181453,-0.015919652708633245,
GSE44769,0.0020232376328181453,-0.015919652708633245,
GSE44801,0.0020232376328181453,-0.015919652708633245,
GSE44866,0.0020232376328181453,-0.015919652708633245,
GSE44875,0.0020232376328181453,-0.015919652708633245,
GSE44953,0.0020232376328181453,-0.015919652708633245,
GSE44976,0.0020232376328181453,-0.015919652708633245,
GSE45133,0.0020232376328181453,-0.015919652708633245,
GSE45162,0.0020232376328181453,-0.015919652708633245,
GSE45176,0.0020232376328181453,-0.015919652708633245,
GSE45202,0.0020232376328181453,-0.015919652708633245,
GSE44618,0.0020232376328181453,-0.015919652708633245,
GSE35468,0.0020232376328181453,-0.015919652708633245,
GSE35469,0.0020232376328181453,-0.015919652708633245,
GSE35584,0.0020232376328181453,-0.015919652708633245,
GSE35587,0.0020232376328181453,-0.015919652708633245,
GSE35704,0.0020232376328181453,-0.015919652708633245,
GSE35774,0.0020232376328181453,-0.015919652708633245,
GSE36062,0.0020232376328181453,-0.015919652708633245,
GSE36070,0.0020232376328181453,-0.015919652708633245,
GSE36147,0.0020232376328181453,-0.015919652708633245,
GSE36242,0.0020232376328181453,-0.015919652708633245,
GSE40718,0.0020232376328181453,-0.015919652708633245,
GSE36349,0.0020232376328181453,-0.015919652708633245,
GSE36350,0.0020232376328181453,-0.015919652708633245,
GSE36761,0.0020232376328181453,-0.015919652708633245,
GSE36863,0.0020232376328181453,-0.015919652708633245,
GSE36866,0.0020232376328181453,-0.015919652708633245,
GSE36952,0.0020232376328181453,-0.015919652708633245,
GSE36968,0.0020232376328181453,-0.015919652708633245,
GSE37001,0.0020232376328181453,-0.015919652708633245,
GSE37002,0.0020232376328181453,-0.015919652708633245,
GSE37003,0.0020232376328181453,-0.015919652708633245,
GSE36266,0.0020232376328181453,-0.015919652708633245,
GSE33294,0.0020232376328181453,-0.015919652708633245,
GSE33328,0.0020232376328181453,-0.015919652708633245,
GSE33480,0.0020232376328181453,-0.015919652708633245,
GSE33592,0.0020232376328181453,-0.015919652708633245,
GSE33600,0.0020232376328181453,-0.015919652708633245,
GSE33772,0.0020232376328181453,-0.015919652708633245,
GSE33776,0.0020232376328181453,-0.015919652708633245,
GSE33782,0.0020232376328181453,-0.015919652708633245,
GSE33816,0.0020232376328181453,-0.015919652708633245,
GSE34097,0.0020232376328181453,-0.015919652708633245,
GSE35464,0.0020232376328181453,-0.015919652708633245,
GSE34448,0.0020232376328181453,-0.015919652708633245,
GSE34491,0.0020232376328181453,-0.015919652708633245,
GSE34736,0.0020232376328181453,-0.015919652708633245,
GSE34740,0.0020232376328181453,-0.015919652708633245,
GSE34780,0.0020232376328181453,-0.015919652708633245,
GSE34914,0.0020232376328181453,-0.015919652708633245,
GSE35126,0.0020232376328181453,-0.015919652708633245,
GSE35178,0.0020232376328181453,-0.015919652708633245,
GSE35197,0.0020232376328181453,-0.015919652708633245,
GSE35296,0.0020232376328181453,-0.015919652708633245,
GSE35420,0.0020232376328181453,-0.015919652708633245,
GSE34329,0.0020232376328181453,-0.015919652708633245,
GSE38886,0.0020232376328181453,-0.015919652708633245,
GSE38945,0.0020232376328181453,-0.015919652708633245,
GSE39121,0.0020232376328181453,-0.015919652708633245,
GSE39167,0.0020232376328181453,-0.015919652708633245,
GSE39170,0.0020232376328181453,-0.015919652708633245,
GSE39305,0.0020232376328181453,-0.015919652708633245,
GSE39527,0.0020232376328181453,-0.015919652708633245,
GSE39561,0.0020232376328181453,-0.015919652708633245,
GSE39776,0.0020232376328181453,-0.015919652708633245,
GSE40049,0.0020232376328181453,-0.015919652708633245,
GSE37037,0.0020232376328181453,-0.015919652708633245,
GSE40069,0.0020232376328181453,-0.015919652708633245,
GSE40111,0.0020232376328181453,-0.015919652708633245,
GSE40114,0.0020232376328181453,-0.015919652708633245,
GSE40131,0.0020232376328181453,-0.015919652708633245,
GSE40137,0.0020232376328181453,-0.015919652708633245,
GSE40174,0.0020232376328181453,-0.015919652708633245,
GSE40310,0.0020232376328181453,-0.015919652708633245,
GSE40548,0.0020232376328181453,-0.015919652708633245,
GSE40591,0.0020232376328181453,-0.015919652708633245,
GSE40632,0.0020232376328181453,-0.015919652708633245,
GSE40705,0.0020232376328181453,-0.015919652708633245,
GSE40050,0.0020232376328181453,-0.015919652708633245,
GSE37061,0.0020232376328181453,-0.015919652708633245,
GSE37211,0.0020232376328181453,-0.015919652708633245,
GSE37376,0.0020232376328181453,-0.015919652708633245,
GSE37524,0.0020232376328181453,-0.015919652708633245,
GSE37703,0.0020232376328181453,-0.015919652708633245,
GSE37752,0.0020232376328181453,-0.015919652708633245,
GSE37764,0.0020232376328181453,-0.015919652708633245,
GSE37918,0.0020232376328181453,-0.015919652708633245,
GSE38003,0.0020232376328181453,-0.015919652708633245,
GSE38100,0.0020232376328181453,-0.015919652708633245,
GSE38790,0.0020232376328181453,-0.015919652708633245,
GSE38233,0.0020232376328181453,-0.015919652708633245,
GSE38234,0.0020232376328181453,-0.015919652708633245,
GSE38265,0.0020232376328181453,-0.015919652708633245,
GSE38355,0.0020232376328181453,-0.015919652708633245,
GSE38356,0.0020232376328181453,-0.015919652708633245,
GSE38393,0.0020232376328181453,-0.015919652708633245,
GSE38447,0.0020232376328181453,-0.015919652708633245,
GSE38541,0.0020232376328181453,-0.015919652708633245,
GSE38676,0.0020232376328181453,-0.015919652708633245,
GSE38677,0.0020232376328181453,-0.015919652708633245,
GSE38770,0.0020232376328181453,-0.015919652708633245,
GSE38201,0.0020232376328181453,-0.015919652708633245,
GSE52687,0.0020232376328181453,-0.015919652708633245,
GSE52695,0.0020232376328181453,-0.015919652708633245,
GSE52716,0.0020232376328181453,-0.015919652708633245,
GSE52734,0.0020232376328181453,-0.015919652708633245,
GSE52742,0.0020232376328181453,-0.015919652708633245,
GSE52745,0.0020232376328181453,-0.015919652708633245,
GSE52834,0.0020232376328181453,-0.015919652708633245,
GSE52848,0.0020232376328181453,-0.015919652708633245,
GSE52934,0.0020232376328181453,-0.015919652708633245,
GSE52973,0.0020232376328181453,-0.015919652708633245,
GSE46502,0.0020232376328181453,-0.015919652708633245,
GSE53024,0.0020232376328181453,-0.015919652708633245,
GSE53066,0.0020232376328181453,-0.015919652708633245,
GSE53080,0.0020232376328181453,-0.015919652708633245,
GSE53279,0.0020232376328181453,-0.015919652708633245,
GSE53280,0.0020232376328181453,-0.015919652708633245,
GSE53292,0.0020232376328181453,-0.015919652708633245,
GSE53300,0.0020232376328181453,-0.015919652708633245,
GSE53330,0.0020232376328181453,-0.015919652708633245,
GSE53350,0.0020232376328181453,-0.015919652708633245,
GSE53356,0.0020232376328181453,-0.015919652708633245,
GSE52975,0.0020232376328181453,-0.015919652708633245,
GSE51518,0.0020232376328181453,-0.015919652708633245,
GSE51584,0.0020232376328181453,-0.015919652708633245,
GSE51684,0.0020232376328181453,-0.015919652708633245,
GSE51827,0.0020232376328181453,-0.015919652708633245,
GSE51878,0.0020232376328181453,-0.015919652708633245,
GSE51975,0.0020232376328181453,-0.015919652708633245,
GSE51984,0.0020232376328181453,-0.015919652708633245,
GSE52036,0.0020232376328181453,-0.015919652708633245,
GSE52082,0.0020232376328181453,-0.015919652708633245,
GSE52148,0.0020232376328181453,-0.015919652708633245,
GSE52666,0.0020232376328181453,-0.015919652708633245,
GSE52248,0.0020232376328181453,-0.015919652708633245,
GSE52367,0.0020232376328181453,-0.015919652708633245,
GSE52385,0.0020232376328181453,-0.015919652708633245,
GSE52429,0.0020232376328181453,-0.015919652708633245,
GSE52447,0.0020232376328181453,-0.015919652708633245,
GSE52490,0.0020232376328181453,-0.015919652708633245,
GSE52530,0.0020232376328181453,-0.015919652708633245,
GSE52642,0.0020232376328181453,-0.015919652708633245,
GSE52643,0.0020232376328181453,-0.015919652708633245,
GSE52656,0.0020232376328181453,-0.015919652708633245,
GSE52665,0.0020232376328181453,-0.015919652708633245,
GSE52201,0.0020232376328181453,-0.015919652708633245,
GSE54401,0.0020232376328181453,-0.015919652708633245,
GSE54416,0.0020232376328181453,-0.015919652708633245,
GSE54460,0.0020232376328181453,-0.015919652708633245,
GSE54478,0.0020232376328181453,-0.015919652708633245,
GSE54505,0.0020232376328181453,-0.015919652708633245,
GSE54511,0.0020232376328181453,-0.015919652708633245,
GSE54602,0.0020232376328181453,-0.015919652708633245,
GSE54641,0.0020232376328181453,-0.015919652708633245,
GSE54733,0.0020232376328181453,-0.015919652708633245,
GSE54734,0.0020232376328181453,-0.015919652708633245,
GSE53370,0.0020232376328181453,-0.015919652708633245,
GSE54846,0.0020232376328181453,-0.015919652708633245,
GSE54878,0.0020232376328181453,-0.015919652708633245,
GSE54912,0.0020232376328181453,-0.015919652708633245,
GSE54922,0.0020232376328181453,-0.015919652708633245,
GSE55005,0.0020232376328181453,-0.015919652708633245,
GSE55008,0.0020232376328181453,-0.015919652708633245,
GSE55030,0.0020232376328181453,-0.015919652708633245,
GSE55048,0.0020232376328181453,-0.015919652708633245,
GSE55123,0.0020232376328181453,-0.015919652708633245,
GSE55169,0.0020232376328181453,-0.015919652708633245,
GSE54760,0.0020232376328181453,-0.015919652708633245,
GSE53391,0.0020232376328181453,-0.015919652708633245,
GSE53419,0.0020232376328181453,-0.015919652708633245,
GSE53450,0.0020232376328181453,-0.015919652708633245,
GSE53463,0.0020232376328181453,-0.015919652708633245,
GSE53470,0.0020232376328181453,-0.015919652708633245,
GSE53499,0.0020232376328181453,-0.015919652708633245,
GSE53510,0.0020232376328181453,-0.015919652708633245,
GSE53532,0.0020232376328181453,-0.015919652708633245,
GSE53554,0.0020232376328181453,-0.015919652708633245,
GSE53567,0.0020232376328181453,-0.015919652708633245,
GSE54384,0.0020232376328181453,-0.015919652708633245,
GSE53635,0.0020232376328181453,-0.015919652708633245,
GSE53696,0.0020232376328181453,-0.015919652708633245,
GSE53698,0.0020232376328181453,-0.015919652708633245,
GSE53844,0.0020232376328181453,-0.015919652708633245,
GSE53949,0.0020232376328181453,-0.015919652708633245,
GSE54066,0.0020232376328181453,-0.015919652708633245,
GSE54074,0.0020232376328181453,-0.015919652708633245,
GSE54114,0.0020232376328181453,-0.015919652708633245,
GSE54122,0.0020232376328181453,-0.015919652708633245,
GSE54136,0.0020232376328181453,-0.015919652708633245,
GSE54308,0.0020232376328181453,-0.015919652708633245,
GSE53586,0.0020232376328181453,-0.015919652708633245,
GSE47702,0.0020232376328181453,-0.015919652708633245,
GSE47805,0.0020232376328181453,-0.015919652708633245,
GSE47806,0.0020232376328181453,-0.015919652708633245,
GSE47933,0.0020232376328181453,-0.015919652708633245,
GSE47997,0.0020232376328181453,-0.015919652708633245,
GSE48032,0.0020232376328181453,-0.015919652708633245,
GSE48034,0.0020232376328181453,-0.015919652708633245,
GSE48035,0.0020232376328181453,-0.015919652708633245,
GSE48159,0.0020232376328181453,-0.015919652708633245,
GSE48213,0.0020232376328181453,-0.015919652708633245,
GSE51443,0.0020232376328181453,-0.015919652708633245,
GSE48240,0.0020232376328181453,-0.015919652708633245,
GSE48263,0.0020232376328181453,-0.015919652708633245,
GSE48286,0.0020232376328181453,-0.015919652708633245,
GSE48403,0.0020232376328181453,-0.015919652708633245,
GSE48423,0.0020232376328181453,-0.015919652708633245,
GSE48599,0.0020232376328181453,-0.015919652708633245,
GSE48603,0.0020232376328181453,-0.015919652708633245,
GSE48678,0.0020232376328181453,-0.015919652708633245,
GSE48785,0.0020232376328181453,-0.015919652708633245,
GSE48812,0.0020232376328181453,-0.015919652708633245,
GSE48230,0.0020232376328181453,-0.015919652708633245,
GSE46513,0.0020232376328181453,-0.015919652708633245,
GSE46514,0.0020232376328181453,-0.015919652708633245,
GSE46516,0.0020232376328181453,-0.015919652708633245,
GSE46523,0.0020232376328181453,-0.015919652708633245,
GSE46597,0.0020232376328181453,-0.015919652708633245,
GSE46611,0.0020232376328181453,-0.015919652708633245,
GSE46613,0.0020232376328181453,-0.015919652708633245,
GSE46665,0.0020232376328181453,-0.015919652708633245,
GSE46718,0.0020232376328181453,-0.015919652708633245,
GSE46805,0.0020232376328181453,-0.015919652708633245,
GSE47636,0.0020232376328181453,-0.015919652708633245,
GSE46831,0.0020232376328181453,-0.015919652708633245,
GSE46959,0.0020232376328181453,-0.015919652708633245,
GSE47042,0.0020232376328181453,-0.015919652708633245,
GSE47095,0.0020232376328181453,-0.015919652708633245,
GSE47114,0.0020232376328181453,-0.015919652708633245,
GSE47157,0.0020232376328181453,-0.015919652708633245,
GSE47226,0.0020232376328181453,-0.015919652708633245,
GSE47399,0.0020232376328181453,-0.015919652708633245,
GSE47428,0.0020232376328181453,-0.015919652708633245,
GSE47462,0.0020232376328181453,-0.015919652708633245,
GSE47488,0.0020232376328181453,-0.015919652708633245,
GSE46817,0.0020232376328181453,-0.015919652708633245,
GSE50244,0.0020232376328181453,-0.015919652708633245,
GSE50386,0.0020232376328181453,-0.015919652708633245,
GSE50491,0.0020232376328181453,-0.015919652708633245,
GSE50499,0.0020232376328181453,-0.015919652708633245,
GSE50535,0.0020232376328181453,-0.015919652708633245,
GSE50580,0.0020232376328181453,-0.015919652708633245,
GSE50582,0.0020232376328181453,-0.015919652708633245,
GSE50599,0.0020232376328181453,-0.015919652708633245,
GSE50630,0.0020232376328181453,-0.015919652708633245,
GSE50676,0.0020232376328181453,-0.015919652708633245,
GSE48843,0.0020232376328181453,-0.015919652708633245,
GSE50760,0.0020232376328181453,-0.015919652708633245,
GSE50957,0.0020232376328181453,-0.015919652708633245,
GSE50958,0.0020232376328181453,-0.015919652708633245,
GSE51005,0.0020232376328181453,-0.015919652708633245,
GSE51124,0.0020232376328181453,-0.015919652708633245,
GSE51217,0.0020232376328181453,-0.015919652708633245,
GSE51254,0.0020232376328181453,-0.015919652708633245,
GSE51261,0.0020232376328181453,-0.015919652708633245,
GSE51403,0.0020232376328181453,-0.015919652708633245,
GSE51415,0.0020232376328181453,-0.015919652708633245,
GSE51428,0.0020232376328181453,-0.015919652708633245,
GSE50721,0.0020232376328181453,-0.015919652708633245,
GSE48846,0.0020232376328181453,-0.015919652708633245,
GSE48850,0.0020232376328181453,-0.015919652708633245,
GSE48889,0.0020232376328181453,-0.015919652708633245,
GSE48918,0.0020232376328181453,-0.015919652708633245,
GSE48933,0.0020232376328181453,-0.015919652708633245,
GSE48953,0.0020232376328181453,-0.015919652708633245,
GSE49110,0.0020232376328181453,-0.015919652708633245,
GSE49133,0.0020232376328181453,-0.015919652708633245,
GSE49155,0.0020232376328181453,-0.015919652708633245,
GSE49159,0.0020232376328181453,-0.015919652708633245,
GSE50177,0.0020232376328181453,-0.015919652708633245,
GSE49601,0.0020232376328181453,-0.015919652708633245,
GSE49608,0.0020232376328181453,-0.015919652708633245,
GSE49642,0.0020232376328181453,-0.015919652708633245,
GSE49712,0.0020232376328181453,-0.015919652708633245,
GSE49831,0.0020232376328181453,-0.015919652708633245,
GSE49833,0.0020232376328181453,-0.015919652708633245,
GSE49834,0.0020232376328181453,-0.015919652708633245,
GSE49890,0.0020232376328181453,-0.015919652708633245,
GSE49994,0.0020232376328181453,-0.015919652708633245,
GSE50064,0.0020232376328181453,-0.015919652708633245,
GSE50174,0.0020232376328181453,-0.015919652708633245,
GSE49339,0.0020232376328181453,-0.015919652708633245,
GSE103252,0.0020232376328181453,-0.015919652708633245,
GSE103270,0.0020232376328181453,-0.015919652708633245,
GSE103299,0.0020232376328181453,-0.015919652708633245,
GSE103305,0.0020232376328181453,-0.015919652708633245,
GSE103307,0.0020232376328181453,-0.015919652708633245,
GSE103405,0.0020232376328181453,-0.015919652708633245,
GSE103449,0.0020232376328181453,-0.015919652708633245,
GSE103461,0.0020232376328181453,-0.015919652708633245,
GSE103544,0.0020232376328181453,-0.015919652708633245,
GSE103567,0.0020232376328181453,-0.015919652708633245,
GSE33154,0.0020232376328181453,-0.015919652708633245,
GSE103650,0.0020232376328181453,-0.015919652708633245,
GSE103658,0.0020232376328181453,-0.015919652708633245,
GSE103672,0.0020232376328181453,-0.015919652708633245,
GSE103687,0.0020232376328181453,-0.015919652708633245,
GSE103688,0.0020232376328181453,-0.015919652708633245,
GSE103711,0.0020232376328181453,-0.015919652708633245,
GSE103719,0.0020232376328181453,-0.015919652708633245,
GSE103763,0.0020232376328181453,-0.015919652708633245,
GSE103790,0.0020232376328181453,-0.015919652708633245,
GSE103837,0.0020232376328181453,-0.015919652708633245,
GSE103630,0.0020232376328181453,-0.015919652708633245,
GSE102728,0.0020232376328181453,-0.015919652708633245,
GSE102741,0.0020232376328181453,-0.015919652708633245,
GSE102762,0.0020232376328181453,-0.015919652708633245,
GSE102796,0.0020232376328181453,-0.015919652708633245,
GSE102812,0.0020232376328181453,-0.015919652708633245,
GSE102838,0.0020232376328181453,-0.015919652708633245,
GSE102860,0.0020232376328181453,-0.015919652708633245,
GSE102864,0.0020232376328181453,-0.015919652708633245,
GSE102870,0.0020232376328181453,-0.015919652708633245,
GSE102875,0.0020232376328181453,-0.015919652708633245,
GSE103242,0.0020232376328181453,-0.015919652708633245,
GSE102910,0.0020232376328181453,-0.015919652708633245,
GSE102923,0.0020232376328181453,-0.015919652708633245,
GSE103001,0.0020232376328181453,-0.015919652708633245,
GSE103016,0.0020232376328181453,-0.015919652708633245,
GSE103021,0.0020232376328181453,-0.015919652708633245,
GSE103029,0.0020232376328181453,-0.015919652708633245,
GSE103071,0.0020232376328181453,-0.015919652708633245,
GSE103075,0.0020232376328181453,-0.015919652708633245,
GSE103114,0.0020232376328181453,-0.015919652708633245,
GSE103122,0.0020232376328181453,-0.015919652708633245,
GSE103152,0.0020232376328181453,-0.015919652708633245,
GSE102893,0.0020232376328181453,-0.015919652708633245,
GSE104766,0.0020232376328181453,-0.015919652708633245,
GSE104836,0.0020232376328181453,-0.015919652708633245,
GSE104854,0.0020232376328181453,-0.015919652708633245,
GSE104873,0.0020232376328181453,-0.015919652708633245,
GSE105019,0.0020232376328181453,-0.015919652708633245,
GSE105039,0.0020232376328181453,-0.015919652708633245,
GSE105064,0.0020232376328181453,-0.015919652708633245,
GSE105083,0.0020232376328181453,-0.015919652708633245,
GSE105137,0.0020232376328181453,-0.015919652708633245,
GSE105142,0.0020232376328181453,-0.015919652708633245,
GSE103844,0.0020232376328181453,-0.015919652708633245,
GSE105248,0.0020232376328181453,-0.015919652708633245,
GSE105783,0.0020232376328181453,-0.015919652708633245,
GSE105884,0.0020232376328181453,-0.015919652708633245,
GSE106092,0.0020232376328181453,-0.015919652708633245,
GSE106118,0.0020232376328181453,-0.015919652708633245,
GSE106261,0.0020232376328181453,-0.015919652708633245,
GSE106289,0.0020232376328181453,-0.015919652708633245,
GSE106292,0.0020232376328181453,-0.015919652708633245,
GSE106336,0.0020232376328181453,-0.015919652708633245,
GSE106338,0.0020232376328181453,-0.015919652708633245,
GSE105216,0.0020232376328181453,-0.015919652708633245,
GSE103850,0.0020232376328181453,-0.015919652708633245,
GSE103868,0.0020232376328181453,-0.015919652708633245,
GSE103907,0.0020232376328181453,-0.015919652708633245,
GSE103930,0.0020232376328181453,-0.015919652708633245,
GSE103934,0.0020232376328181453,-0.015919652708633245,
GSE103997,0.0020232376328181453,-0.015919652708633245,
GSE104018,0.0020232376328181453,-0.015919652708633245,
GSE104149,0.0020232376328181453,-0.015919652708633245,
GSE104177,0.0020232376328181453,-0.015919652708633245,
GSE104193,0.0020232376328181453,-0.015919652708633245,
GSE104736,0.0020232376328181453,-0.015919652708633245,
GSE104227,0.0020232376328181453,-0.015919652708633245,
GSE104280,0.0020232376328181453,-0.015919652708633245,
GSE104282,0.0020232376328181453,-0.015919652708633245,
GSE104310,0.0020232376328181453,-0.015919652708633245,
GSE104348,0.0020232376328181453,-0.015919652708633245,
GSE104465,0.0020232376328181453,-0.015919652708633245,
GSE104522,0.0020232376328181453,-0.015919652708633245,
GSE104589,0.0020232376328181453,-0.015919652708633245,
GSE104600,0.0020232376328181453,-0.015919652708633245,
GSE104674,0.0020232376328181453,-0.015919652708633245,
GSE104714,0.0020232376328181453,-0.015919652708633245,
GSE104209,0.0020232376328181453,-0.015919652708633245,
GSE100745,0.0020232376328181453,-0.015919652708633245,
GSE100751,0.0020232376328181453,-0.015919652708633245,
GSE100813,0.0020232376328181453,-0.015919652708633245,
GSE100925,0.0020232376328181453,-0.015919652708633245,
GSE100982,0.0020232376328181453,-0.015919652708633245,
GSE101157,0.0020232376328181453,-0.015919652708633245,
GSE101167,0.0020232376328181453,-0.015919652708633245,
GSE101168,0.0020232376328181453,-0.015919652708633245,
GSE101209,0.0020232376328181453,-0.015919652708633245,
GSE101343,0.0020232376328181453,-0.015919652708633245,
GSE102676,0.0020232376328181453,-0.015919652708633245,
GSE101419,0.0020232376328181453,-0.015919652708633245,
GSE101451,0.0020232376328181453,-0.015919652708633245,
GSE101467,0.0020232376328181453,-0.015919652708633245,
GSE101480,0.0020232376328181453,-0.015919652708633245,
GSE101497,0.0020232376328181453,-0.015919652708633245,
GSE101518,0.0020232376328181453,-0.015919652708633245,
GSE101519,0.0020232376328181453,-0.015919652708633245,
GSE101521,0.0020232376328181453,-0.015919652708633245,
GSE101526,0.0020232376328181453,-0.015919652708633245,
GSE101528,0.0020232376328181453,-0.015919652708633245,
GSE101396,0.0020232376328181453,-0.015919652708633245,
GSE99626,0.0020232376328181453,-0.015919652708633245,
GSE99407,0.0020232376328181453,-0.015919652708633245,
GSE98894,0.0020232376328181453,-0.015919652708633245,
GSE98898,0.0020232376328181453,-0.015919652708633245,
GSE99015,0.0020232376328181453,-0.015919652708633245,
GSE99028,0.0020232376328181453,-0.015919652708633245,
GSE99059,0.0020232376328181453,-0.015919652708633245,
GSE99060,0.0020232376328181453,-0.015919652708633245,
GSE99062,0.0020232376328181453,-0.015919652708633245,
GSE99065,0.0020232376328181453,-0.015919652708633245,
GSE99392,0.0020232376328181453,-0.015919652708633245,
GSE99149,0.0020232376328181453,-0.015919652708633245,
GSE99180,0.0020232376328181453,-0.015919652708633245,
GSE99202,0.0020232376328181453,-0.015919652708633245,
GSE99209,0.0020232376328181453,-0.015919652708633245,
GSE99246,0.0020232376328181453,-0.015919652708633245,
GSE99293,0.0020232376328181453,-0.015919652708633245,
GSE99298,0.0020232376328181453,-0.015919652708633245,
GSE99313,0.0020232376328181453,-0.015919652708633245,
GSE99321,0.0020232376328181453,-0.015919652708633245,
GSE99349,0.0020232376328181453,-0.015919652708633245,
GSE99389,0.0020232376328181453,-0.015919652708633245,
GSE99095,0.0020232376328181453,-0.015919652708633245,
GSE102073,0.0020232376328181453,-0.015919652708633245,
GSE102097,0.0020232376328181453,-0.015919652708633245,
GSE102101,0.0020232376328181453,-0.015919652708633245,
GSE102132,0.0020232376328181453,-0.015919652708633245,
GSE102138,0.0020232376328181453,-0.015919652708633245,
GSE102170,0.0020232376328181453,-0.015919652708633245,
GSE102182,0.0020232376328181453,-0.015919652708633245,
GSE102183,0.0020232376328181453,-0.015919652708633245,
GSE102185,0.0020232376328181453,-0.015919652708633245,
GSE102188,0.0020232376328181453,-0.015919652708633245,
GSE101547,0.0020232376328181453,-0.015919652708633245,
GSE102305,0.0020232376328181453,-0.015919652708633245,
GSE102392,0.0020232376328181453,-0.015919652708633245,
GSE102460,0.0020232376328181453,-0.015919652708633245,
GSE102467,0.0020232376328181453,-0.015919652708633245,
GSE102476,0.0020232376328181453,-0.015919652708633245,
GSE102492,0.0020232376328181453,-0.015919652708633245,
GSE102560,0.0020232376328181453,-0.015919652708633245,
GSE102616,0.0020232376328181453,-0.015919652708633245,
GSE102628,0.0020232376328181453,-0.015919652708633245,
GSE102639,0.0020232376328181453,-0.015919652708633245,
GSE102652,0.0020232376328181453,-0.015919652708633245,
GSE102215,0.0020232376328181453,-0.015919652708633245,
GSE101558,0.0020232376328181453,-0.015919652708633245,
GSE101565,0.0020232376328181453,-0.015919652708633245,
GSE101628,0.0020232376328181453,-0.015919652708633245,
GSE101629,0.0020232376328181453,-0.015919652708633245,
GSE101638,0.0020232376328181453,-0.015919652708633245,
GSE101665,0.0020232376328181453,-0.015919652708633245,
GSE101691,0.0020232376328181453,-0.015919652708633245,
GSE101708,0.0020232376328181453,-0.015919652708633245,
GSE101754,0.0020232376328181453,-0.015919652708633245,
GSE101756,0.0020232376328181453,-0.015919652708633245,
GSE102040,0.0020232376328181453,-0.015919652708633245,
GSE101871,0.0020232376328181453,-0.015919652708633245,
GSE101872,0.0020232376328181453,-0.015919652708633245,
GSE101878,0.0020232376328181453,-0.015919652708633245,
GSE101927,0.0020232376328181453,-0.015919652708633245,
GSE101966,0.0020232376328181453,-0.015919652708633245,
GSE101968,0.0020232376328181453,-0.015919652708633245,
GSE101972,0.0020232376328181453,-0.015919652708633245,
GSE101974,0.0020232376328181453,-0.015919652708633245,
GSE102000,0.0020232376328181453,-0.015919652708633245,
GSE102025,0.0020232376328181453,-0.015919652708633245,
GSE102033,0.0020232376328181453,-0.015919652708633245,
GSE101799,0.0020232376328181453,-0.015919652708633245,
GSE125966,0.0020232376328181453,-0.015919652708633245,
GSE126007,0.0020232376328181453,-0.015919652708633245,
GSE15780,0.0020232376328181453,-0.015919652708633245,
GSE16642,0.0020232376328181453,-0.015919652708633245,
GSE16921,0.0020232376328181453,-0.015919652708633245,
GSE18156,0.0020232376328181453,-0.015919652708633245,
GSE19166,0.0020232376328181453,-0.015919652708633245,
GSE19323,0.0020232376328181453,-0.015919652708633245,
GSE19373,0.0020232376328181453,-0.015919652708633245,
GSE19466,0.0020232376328181453,-0.015919652708633245,
GSE106387,0.0020232376328181453,-0.015919652708633245,
GSE19481,0.0020232376328181453,-0.015919652708633245,
GSE20116,0.0020232376328181453,-0.015919652708633245,
GSE21918,0.0020232376328181453,-0.015919652708633245,
GSE22260,0.0020232376328181453,-0.015919652708633245,
GSE22917,0.0020232376328181453,-0.015919652708633245,
GSE22932,0.0020232376328181453,-0.015919652708633245,
GSE23109,0.0020232376328181453,-0.015919652708633245,
GSE24283,0.0020232376328181453,-0.015919652708633245,
GSE24455,0.0020232376328181453,-0.015919652708633245,
GSE25133,0.0020232376328181453,-0.015919652708633245,
GSE19480,0.0020232376328181453,-0.015919652708633245,
GSE118644,0.0020232376328181453,-0.015919652708633245,
GSE119587,0.0020232376328181453,-0.015919652708633245,
GSE119794,0.0020232376328181453,-0.015919652708633245,
GSE120297,0.0020232376328181453,-0.015919652708633245,
GSE120890,0.0020232376328181453,-0.015919652708633245,
GSE120891,0.0020232376328181453,-0.015919652708633245,
GSE121425,0.0020232376328181453,-0.015919652708633245,
GSE122093,0.0020232376328181453,-0.015919652708633245,
GSE122818,0.0020232376328181453,-0.015919652708633245,
GSE122953,0.0020232376328181453,-0.015919652708633245,
GSE125892,0.0020232376328181453,-0.015919652708633245,
GSE124282,0.0020232376328181453,-0.015919652708633245,
GSE124586,0.0020232376328181453,-0.015919652708633245,
GSE125506,0.0020232376328181453,-0.015919652708633245,
GSE125522,0.0020232376328181453,-0.015919652708633245,
GSE125577,0.0020232376328181453,-0.015919652708633245,
GSE125629,0.0020232376328181453,-0.015919652708633245,
GSE125642,0.0020232376328181453,-0.015919652708633245,
GSE125686,0.0020232376328181453,-0.015919652708633245,
GSE125778,0.0020232376328181453,-0.015919652708633245,
GSE125802,0.0020232376328181453,-0.015919652708633245,
GSE125862,0.0020232376328181453,-0.015919652708633245,
GSE123029,0.0020232376328181453,-0.015919652708633245,
GSE30222,0.0020232376328181453,-0.015919652708633245,
GSE30290,0.0020232376328181453,-0.015919652708633245,
GSE30554,0.0020232376328181453,-0.015919652708633245,
GSE30567,0.0020232376328181453,-0.015919652708633245,
GSE30573,0.0020232376328181453,-0.015919652708633245,
GSE30772,0.0020232376328181453,-0.015919652708633245,
GSE30786,0.0020232376328181453,-0.015919652708633245,
GSE31310,0.0020232376328181453,-0.015919652708633245,
GSE31486,0.0020232376328181453,-0.015919652708633245,
GSE31528,0.0020232376328181453,-0.015919652708633245,
GSE25291,0.0020232376328181453,-0.015919652708633245,
GSE31614,0.0020232376328181453,-0.015919652708633245,
GSE31653,0.0020232376328181453,-0.015919652708633245,
GSE32162,0.0020232376328181453,-0.015919652708633245,
GSE32213,0.0020232376328181453,-0.015919652708633245,
GSE32307,0.0020232376328181453,-0.015919652708633245,
GSE32340,0.0020232376328181453,-0.015919652708633245,
GSE32424,0.0020232376328181453,-0.015919652708633245,
GSE32689,0.0020232376328181453,-0.015919652708633245,
GSE32726,0.0020232376328181453,-0.015919652708633245,
GSE33013,0.0020232376328181453,-0.015919652708633245,
GSE33092,0.0020232376328181453,-0.015919652708633245,
GSE31539,0.0020232376328181453,-0.015919652708633245,
GSE25882,0.0020232376328181453,-0.015919652708633245,
GSE25932,0.0020232376328181453,-0.015919652708633245,
GSE26140,0.0020232376328181453,-0.015919652708633245,
GSE26463,0.0020232376328181453,-0.015919652708633245,
GSE27315,0.0020232376328181453,-0.015919652708633245,
GSE28040,0.0020232376328181453,-0.015919652708633245,
GSE28115,0.0020232376328181453,-0.015919652708633245,
GSE28859,0.0020232376328181453,-0.015919652708633245,
GSE28864,0.0020232376328181453,-0.015919652708633245,
GSE28866,0.0020232376328181453,-0.015919652708633245,
GSE29968,0.0020232376328181453,-0.015919652708633245,
GSE29038,0.0020232376328181453,-0.015919652708633245,
GSE29040,0.0020232376328181453,-0.015919652708633245,
GSE29098,0.0020232376328181453,-0.015919652708633245,
GSE29119,0.0020232376328181453,-0.015919652708633245,
GSE29155,0.0020232376328181453,-0.015919652708633245,
GSE29158,0.0020232376328181453,-0.015919652708633245,
GSE29160,0.0020232376328181453,-0.015919652708633245,
GSE29282,0.0020232376328181453,-0.015919652708633245,
GSE29580,0.0020232376328181453,-0.015919652708633245,
GSE29660,0.0020232376328181453,-0.015919652708633245,
GSE29943,0.0020232376328181453,-0.015919652708633245,
GSE29006,0.0020232376328181453,-0.015919652708633245,
GSE107542,0.0020232376328181453,-0.015919652708633245,
GSE107574,0.0020232376328181453,-0.015919652708633245,
GSE107581,0.0020232376328181453,-0.015919652708633245,
GSE107590,0.0020232376328181453,-0.015919652708633245,
GSE107649,0.0020232376328181453,-0.015919652708633245,
GSE107680,0.0020232376328181453,-0.015919652708633245,
GSE107735,0.0020232376328181453,-0.015919652708633245,
GSE107746,0.0020232376328181453,-0.015919652708633245,
GSE107821,0.0020232376328181453,-0.015919652708633245,
GSE107848,0.0020232376328181453,-0.015919652708633245,
GSE118530,0.0020232376328181453,-0.015919652708633245,
GSE107894,0.0020232376328181453,-0.015919652708633245,
GSE107898,0.0020232376328181453,-0.015919652708633245,
GSE108003,0.0020232376328181453,-0.015919652708633245,
GSE108013,0.0020232376328181453,-0.015919652708633245,
GSE108023,0.0020232376328181453,-0.015919652708633245,
GSE108072,0.0020232376328181453,-0.015919652708633245,
GSE108094,0.0020232376328181453,-0.015919652708633245,
GSE108308,0.0020232376328181453,-0.015919652708633245,
GSE108313,0.0020232376328181453,-0.015919652708633245,
GSE108366,0.0020232376328181453,-0.015919652708633245,
GSE107871,0.0020232376328181453,-0.015919652708633245,
GSE106391,0.0020232376328181453,-0.015919652708633245,
GSE106393,0.0020232376328181453,-0.015919652708633245,
GSE106394,0.0020232376328181453,-0.015919652708633245,
GSE106520,0.0020232376328181453,-0.015919652708633245,
GSE106540,0.0020232376328181453,-0.015919652708633245,
GSE106542,0.0020232376328181453,-0.015919652708633245,
GSE106545,0.0020232376328181453,-0.015919652708633245,
GSE106605,0.0020232376328181453,-0.015919652708633245,
GSE106696,0.0020232376328181453,-0.015919652708633245,
GSE106844,0.0020232376328181453,-0.015919652708633245,
GSE107363,0.0020232376328181453,-0.015919652708633245,
GSE106917,0.0020232376328181453,-0.015919652708633245,
GSE106989,0.0020232376328181453,-0.015919652708633245,
GSE106991,0.0020232376328181453,-0.015919652708633245,
GSE107029,0.0020232376328181453,-0.015919652708633245,
GSE107030,0.0020232376328181453,-0.015919652708633245,
GSE107096,0.0020232376328181453,-0.015919652708633245,
GSE107173,0.0020232376328181453,-0.015919652708633245,
GSE107181,0.0020232376328181453,-0.015919652708633245,
GSE107196,0.0020232376328181453,-0.015919652708633245,
GSE107245,0.0020232376328181453,-0.015919652708633245,
GSE107307,0.0020232376328181453,-0.015919652708633245,
GSE106885,0.0020232376328181453,-0.015919652708633245,
GSE111049,0.0020232376328181453,-0.015919652708633245,
GSE111203,0.0020232376328181453,-0.015919652708633245,
GSE111520,0.0020232376328181453,-0.015919652708633245,
GSE112295,0.0020232376328181453,-0.015919652708633245,
GSE112557,0.0020232376328181453,-0.015919652708633245,
GSE113098,0.0020232376328181453,-0.015919652708633245,
GSE113185,0.0020232376328181453,-0.015919652708633245,
GSE113386,0.0020232376328181453,-0.015919652708633245,
GSE113519,0.0020232376328181453,-0.015919652708633245,
GSE113907,0.0020232376328181453,-0.015919652708633245,
GSE108444,0.0020232376328181453,-0.015919652708633245,
GSE114725,0.0020232376328181453,-0.015919652708633245,
GSE114885,0.0020232376328181453,-0.015919652708633245,
GSE115575,0.0020232376328181453,-0.015919652708633245,
GSE115770,0.0020232376328181453,-0.015919652708633245,
GSE115795,0.0020232376328181453,-0.015919652708633245,
GSE115823,0.0020232376328181453,-0.015919652708633245,
GSE115831,0.0020232376328181453,-0.015919652708633245,
GSE115938,0.0020232376328181453,-0.015919652708633245,
GSE116346,0.0020232376328181453,-0.015919652708633245,
GSE117123,0.0020232376328181453,-0.015919652708633245,
GSE117622,0.0020232376328181453,-0.015919652708633245,
GSE113964,0.0020232376328181453,-0.015919652708633245,
GSE108465,0.0020232376328181453,-0.015919652708633245,
GSE108526,0.0020232376328181453,-0.015919652708633245,
GSE108643,0.0020232376328181453,-0.015919652708633245,
GSE108763,0.0020232376328181453,-0.015919652708633245,
GSE108883,0.0020232376328181453,-0.015919652708633245,
GSE108905,0.0020232376328181453,-0.015919652708633245,
GSE108923,0.0020232376328181453,-0.015919652708633245,
GSE108971,0.0020232376328181453,-0.015919652708633245,
GSE109028,0.0020232376328181453,-0.015919652708633245,
GSE109072,0.0020232376328181453,-0.015919652708633245,
GSE111036,0.0020232376328181453,-0.015919652708633245,
GSE109108,0.0020232376328181453,-0.015919652708633245,
GSE109140,0.0020232376328181453,-0.015919652708633245,
GSE109142,0.0020232376328181453,-0.015919652708633245,
GSE109373,0.0020232376328181453,-0.015919652708633245,
GSE109419,0.0020232376328181453,-0.015919652708633245,
GSE109463,0.0020232376328181453,-0.015919652708633245,
GSE109620,0.0020232376328181453,-0.015919652708633245,
GSE109702,0.0020232376328181453,-0.015919652708633245,
GSE109708,0.0020232376328181453,-0.015919652708633245,
GSE109843,0.0020232376328181453,-0.015919652708633245,
GSE110278,0.0020232376328181453,-0.015919652708633245,
GSE109082,0.0020232376328181453,-0.015919652708633245,
GSE69233,0.0020232376328181453,-0.015919652708633245,
GSE69239,0.0020232376328181453,-0.015919652708633245,
GSE69284,0.0020232376328181453,-0.015919652708633245,
GSE69308,0.0020232376328181453,-0.015919652708633245,
GSE69312,0.0020232376328181453,-0.015919652708633245,
GSE69319,0.0020232376328181453,-0.015919652708633245,
GSE69333,0.0020232376328181453,-0.015919652708633245,
GSE69352,0.0020232376328181453,-0.015919652708633245,
GSE69360,0.0020232376328181453,-0.015919652708633245,
GSE69383,0.0020232376328181453,-0.015919652708633245,
GSE55193,0.0020232376328181453,-0.015919652708633245,
GSE69420,0.0020232376328181453,-0.015919652708633245,
GSE69434,0.0020232376328181453,-0.015919652708633245,
GSE69506,0.0020232376328181453,-0.015919652708633245,
GSE69511,0.0020232376328181453,-0.015919652708633245,
GSE69567,0.0020232376328181453,-0.015919652708633245,
GSE69596,0.0020232376328181453,-0.015919652708633245,
GSE69602,0.0020232376328181453,-0.015919652708633245,
GSE69604,0.0020232376328181453,-0.015919652708633245,
GSE69667,0.0020232376328181453,-0.015919652708633245,
GSE69678,0.0020232376328181453,-0.015919652708633245,
GSE69415,0.0020232376328181453,-0.015919652708633245,
GSE68452,0.0020232376328181453,-0.015919652708633245,
GSE68482,0.0020232376328181453,-0.015919652708633245,
GSE68538,0.0020232376328181453,-0.015919652708633245,
GSE68611,0.0020232376328181453,-0.015919652708633245,
GSE68645,0.0020232376328181453,-0.015919652708633245,
GSE68671,0.0020232376328181453,-0.015919652708633245,
GSE68795,0.0020232376328181453,-0.015919652708633245,
GSE68800,0.0020232376328181453,-0.015919652708633245,
GSE68813,0.0020232376328181453,-0.015919652708633245,
GSE68815,0.0020232376328181453,-0.015919652708633245,
GSE69206,0.0020232376328181453,-0.015919652708633245,
GSE68919,0.0020232376328181453,-0.015919652708633245,
GSE68925,0.0020232376328181453,-0.015919652708633245,
GSE68938,0.0020232376328181453,-0.015919652708633245,
GSE69021,0.0020232376328181453,-0.015919652708633245,
GSE69047,0.0020232376328181453,-0.015919652708633245,
GSE69092,0.0020232376328181453,-0.015919652708633245,
GSE69110,0.0020232376328181453,-0.015919652708633245,
GSE69114,0.0020232376328181453,-0.015919652708633245,
GSE69121,0.0020232376328181453,-0.015919652708633245,
GSE69125,0.0020232376328181453,-0.015919652708633245,
GSE69164,0.0020232376328181453,-0.015919652708633245,
GSE68872,0.0020232376328181453,-0.015919652708633245,
GSE70513,0.0020232376328181453,-0.015919652708633245,
GSE70544,0.0020232376328181453,-0.015919652708633245,
GSE70602,0.0020232376328181453,-0.015919652708633245,
GSE70620,0.0020232376328181453,-0.015919652708633245,
GSE70668,0.0020232376328181453,-0.015919652708633245,
GSE70694,0.0020232376328181453,-0.015919652708633245,
GSE70767,0.0020232376328181453,-0.015919652708633245,
GSE70785,0.0020232376328181453,-0.015919652708633245,
GSE70803,0.0020232376328181453,-0.015919652708633245,
GSE70810,0.0020232376328181453,-0.015919652708633245,
GSE69735,0.0020232376328181453,-0.015919652708633245,
GSE70831,0.0020232376328181453,-0.015919652708633245,
GSE70833,0.0020232376328181453,-0.015919652708633245,
GSE70871,0.0020232376328181453,-0.015919652708633245,
GSE70926,0.0020232376328181453,-0.015919652708633245,
GSE70959,0.0020232376328181453,-0.015919652708633245,
GSE70968,0.0020232376328181453,-0.015919652708633245,
GSE71009,0.0020232376328181453,-0.015919652708633245,
GSE100709,0.0020232376328181453,-0.015919652708633245,
GSE71058,0.0020232376328181453,-0.015919652708633245,
GSE71070,0.0020232376328181453,-0.015919652708633245,
GSE70830,0.0020232376328181453,-0.015919652708633245,
GSE69737,0.0020232376328181453,-0.015919652708633245,
GSE69787,0.0020232376328181453,-0.015919652708633245,
GSE69822,0.0020232376328181453,-0.015919652708633245,
GSE69827,0.0020232376328181453,-0.015919652708633245,
GSE69842,0.0020232376328181453,-0.015919652708633245,
GSE69876,0.0020232376328181453,-0.015919652708633245,
GSE69906,0.0020232376328181453,-0.015919652708633245,
GSE70000,0.0020232376328181453,-0.015919652708633245,
GSE70061,0.0020232376328181453,-0.015919652708633245,
GSE70068,0.0020232376328181453,-0.015919652708633245,
GSE70503,0.0020232376328181453,-0.015919652708633245,
GSE70078,0.0020232376328181453,-0.015919652708633245,
GSE70084,0.0020232376328181453,-0.015919652708633245,
GSE70106,0.0020232376328181453,-0.015919652708633245,
GSE70150,0.0020232376328181453,-0.015919652708633245,
GSE70230,0.0020232376328181453,-0.015919652708633245,
GSE70285,0.0020232376328181453,-0.015919652708633245,
GSE70330,0.0020232376328181453,-0.015919652708633245,
GSE70373,0.0020232376328181453,-0.015919652708633245,
GSE70380,0.0020232376328181453,-0.015919652708633245,
GSE70404,0.0020232376328181453,-0.015919652708633245,
GSE70462,0.0020232376328181453,-0.015919652708633245,
GSE70073,0.0020232376328181453,-0.015919652708633245,
GSE66478,0.0020232376328181453,-0.015919652708633245,
GSE66511,0.0020232376328181453,-0.015919652708633245,
GSE66539,0.0020232376328181453,-0.015919652708633245,
GSE66550,0.0020232376328181453,-0.015919652708633245,
GSE66553,0.0020232376328181453,-0.015919652708633245,
GSE66556,0.0020232376328181453,-0.015919652708633245,
GSE66590,0.0020232376328181453,-0.015919652708633245,
GSE66592,0.0020232376328181453,-0.015919652708633245,
GSE66593,0.0020232376328181453,-0.015919652708633245,
GSE66622,0.0020232376328181453,-0.015919652708633245,
GSE68401,0.0020232376328181453,-0.015919652708633245,
GSE66727,0.0020232376328181453,-0.015919652708633245,
GSE66741,0.0020232376328181453,-0.015919652708633245,
GSE66755,0.0020232376328181453,-0.015919652708633245,
GSE66777,0.0020232376328181453,-0.015919652708633245,
GSE66789,0.0020232376328181453,-0.015919652708633245,
GSE66809,0.0020232376328181453,-0.015919652708633245,
GSE66859,0.0020232376328181453,-0.015919652708633245,
GSE66876,0.0020232376328181453,-0.015919652708633245,
GSE66879,0.0020232376328181453,-0.015919652708633245,
GSE66895,0.0020232376328181453,-0.015919652708633245,
GSE66719,0.0020232376328181453,-0.015919652708633245,
GSE65949,0.0020232376328181453,-0.015919652708633245,
GSE65952,0.0020232376328181453,-0.015919652708633245,
GSE65996,0.0020232376328181453,-0.015919652708633245,
GSE65999,0.0020232376328181453,-0.015919652708633245,
GSE66014,0.0020232376328181453,-0.015919652708633245,
GSE66036,0.0020232376328181453,-0.015919652708633245,
GSE66053,0.0020232376328181453,-0.015919652708633245,
GSE66086,0.0020232376328181453,-0.015919652708633245,
GSE66135,0.0020232376328181453,-0.015919652708633245,
GSE66155,0.0020232376328181453,-0.015919652708633245,
GSE66412,0.0020232376328181453,-0.015919652708633245,
GSE66173,0.0020232376328181453,-0.015919652708633245,
GSE66182,0.0020232376328181453,-0.015919652708633245,
GSE66217,0.0020232376328181453,-0.015919652708633245,
GSE66228,0.0020232376328181453,-0.015919652708633245,
GSE66238,0.0020232376328181453,-0.015919652708633245,
GSE66261,0.0020232376328181453,-0.015919652708633245,
GSE66301,0.0020232376328181453,-0.015919652708633245,
GSE66304,0.0020232376328181453,-0.015919652708633245,
GSE66306,0.0020232376328181453,-0.015919652708633245,
GSE66357,0.0020232376328181453,-0.015919652708633245,
GSE66385,0.0020232376328181453,-0.015919652708633245,
GSE66158,0.0020232376328181453,-0.015919652708633245,
GSE67945,0.0020232376328181453,-0.015919652708633245,
GSE67994,0.0020232376328181453,-0.015919652708633245,
GSE68005,0.0020232376328181453,-0.015919652708633245,
GSE68027,0.0020232376328181453,-0.015919652708633245,
GSE68039,0.0020232376328181453,-0.015919652708633245,
GSE68040,0.0020232376328181453,-0.015919652708633245,
GSE68042,0.0020232376328181453,-0.015919652708633245,
GSE68102,0.0020232376328181453,-0.015919652708633245,
GSE68109,0.0020232376328181453,-0.015919652708633245,
GSE68180,0.0020232376328181453,-0.015919652708633245,
GSE66917,0.0020232376328181453,-0.015919652708633245,
GSE68221,0.0020232376328181453,-0.015919652708633245,
GSE68228,0.0020232376328181453,-0.015919652708633245,
GSE68229,0.0020232376328181453,-0.015919652708633245,
GSE68230,0.0020232376328181453,-0.015919652708633245,
GSE68248,0.0020232376328181453,-0.015919652708633245,
GSE68279,0.0020232376328181453,-0.015919652708633245,
GSE68297,0.0020232376328181453,-0.015919652708633245,
GSE68323,0.0020232376328181453,-0.015919652708633245,
GSE68341,0.0020232376328181453,-0.015919652708633245,
GSE68358,0.0020232376328181453,-0.015919652708633245,
GSE68395,0.0020232376328181453,-0.015919652708633245,
GSE68219,0.0020232376328181453,-0.015919652708633245,
GSE66927,0.0020232376328181453,-0.015919652708633245,
GSE66928,0.0020232376328181453,-0.015919652708633245,
GSE66962,0.0020232376328181453,-0.015919652708633245,
GSE67041,0.0020232376328181453,-0.015919652708633245,
GSE67109,0.0020232376328181453,-0.015919652708633245,
GSE67174,0.0020232376328181453,-0.015919652708633245,
GSE67196,0.0020232376328181453,-0.015919652708633245,
GSE67237,0.0020232376328181453,-0.015919652708633245,
GSE67240,0.0020232376328181453,-0.015919652708633245,
GSE67295,0.0020232376328181453,-0.015919652708633245,
GSE67939,0.0020232376328181453,-0.015919652708633245,
GSE67447,0.0020232376328181453,-0.015919652708633245,
GSE67519,0.0020232376328181453,-0.015919652708633245,
GSE67540,0.0020232376328181453,-0.015919652708633245,
GSE67617,0.0020232376328181453,-0.015919652708633245,
GSE67713,0.0020232376328181453,-0.015919652708633245,
GSE67770,0.0020232376328181453,-0.015919652708633245,
GSE67812,0.0020232376328181453,-0.015919652708633245,
GSE67844,0.0020232376328181453,-0.015919652708633245,
GSE67866,0.0020232376328181453,-0.015919652708633245,
GSE67902,0.0020232376328181453,-0.015919652708633245,
GSE67931,0.0020232376328181453,-0.015919652708633245,
GSE67382,0.0020232376328181453,-0.015919652708633245,
GSE73708,0.0020232376328181453,-0.015919652708633245,
GSE73718,0.0020232376328181453,-0.015919652708633245,
GSE73719,0.0020232376328181453,-0.015919652708633245,
GSE73727,0.0020232376328181453,-0.015919652708633245,
GSE73737,0.0020232376328181453,-0.015919652708633245,
GSE73742,0.0020232376328181453,-0.015919652708633245,
GSE73784,0.0020232376328181453,-0.015919652708633245,
GSE73857,0.0020232376328181453,-0.015919652708633245,
GSE73893,0.0020232376328181453,-0.015919652708633245,
GSE73929,0.0020232376328181453,-0.015919652708633245,
GSE71074,0.0020232376328181453,-0.015919652708633245,
GSE73941,0.0020232376328181453,-0.015919652708633245,
GSE73942,0.0020232376328181453,-0.015919652708633245,
GSE73982,0.0020232376328181453,-0.015919652708633245,
GSE73986,0.0020232376328181453,-0.015919652708633245,
GSE74016,0.0020232376328181453,-0.015919652708633245,
GSE74029,0.0020232376328181453,-0.015919652708633245,
GSE74031,0.0020232376328181453,-0.015919652708633245,
GSE74102,0.0020232376328181453,-0.015919652708633245,
GSE74118,0.0020232376328181453,-0.015919652708633245,
GSE74220,0.0020232376328181453,-0.015919652708633245,
GSE73934,0.0020232376328181453,-0.015919652708633245,
GSE73313,0.0020232376328181453,-0.015919652708633245,
GSE73317,0.0020232376328181453,-0.015919652708633245,
GSE73318,0.0020232376328181453,-0.015919652708633245,
GSE73370,0.0020232376328181453,-0.015919652708633245,
GSE73376,0.0020232376328181453,-0.015919652708633245,
GSE73398,0.0020232376328181453,-0.015919652708633245,
GSE73433,0.0020232376328181453,-0.015919652708633245,
GSE73458,0.0020232376328181453,-0.015919652708633245,
GSE73470,0.0020232376328181453,-0.015919652708633245,
GSE73471,0.0020232376328181453,-0.015919652708633245,
GSE73696,0.0020232376328181453,-0.015919652708633245,
GSE73526,0.0020232376328181453,-0.015919652708633245,
GSE73527,0.0020232376328181453,-0.015919652708633245,
GSE73555,0.0020232376328181453,-0.015919652708633245,
GSE73565,0.0020232376328181453,-0.015919652708633245,
GSE73570,0.0020232376328181453,-0.015919652708633245,
GSE73573,0.0020232376328181453,-0.015919652708633245,
GSE73588,0.0020232376328181453,-0.015919652708633245,
GSE73628,0.0020232376328181453,-0.015919652708633245,
GSE73632,0.0020232376328181453,-0.015919652708633245,
GSE73663,0.0020232376328181453,-0.015919652708633245,
GSE73678,0.0020232376328181453,-0.015919652708633245,
GSE73502,0.0020232376328181453,-0.015919652708633245,
GSE74716,0.0020232376328181453,-0.015919652708633245,
GSE74718,0.0020232376328181453,-0.015919652708633245,
GSE74729,0.0020232376328181453,-0.015919652708633245,
GSE74734,0.0020232376328181453,-0.015919652708633245,
GSE74737,0.0020232376328181453,-0.015919652708633245,
GSE74791,0.0020232376328181453,-0.015919652708633245,
GSE74850,0.0020232376328181453,-0.015919652708633245,
GSE74863,0.0020232376328181453,-0.015919652708633245,
GSE74866,0.0020232376328181453,-0.015919652708633245,
GSE74881,0.0020232376328181453,-0.015919652708633245,
GSE74230,0.0020232376328181453,-0.015919652708633245,
GSE74896,0.0020232376328181453,-0.015919652708633245,
GSE74924,0.0020232376328181453,-0.015919652708633245,
GSE74927,0.0020232376328181453,-0.015919652708633245,
GSE74928,0.0020232376328181453,-0.015919652708633245,
GSE74935,0.0020232376328181453,-0.015919652708633245,
GSE74941,0.0020232376328181453,-0.015919652708633245,
GSE74958,0.0020232376328181453,-0.015919652708633245,
GSE74974,0.0020232376328181453,-0.015919652708633245,
GSE74978,0.0020232376328181453,-0.015919652708633245,
GSE74981,0.0020232376328181453,-0.015919652708633245,
GSE74886,0.0020232376328181453,-0.015919652708633245,
GSE74232,0.0020232376328181453,-0.015919652708633245,
GSE74251,0.0020232376328181453,-0.015919652708633245,
GSE74270,0.0020232376328181453,-0.015919652708633245,
GSE74279,0.0020232376328181453,-0.015919652708633245,
GSE74308,0.0020232376328181453,-0.015919652708633245,
GSE74322,0.0020232376328181453,-0.015919652708633245,
GSE74324,0.0020232376328181453,-0.015919652708633245,
GSE74339,0.0020232376328181453,-0.015919652708633245,
GSE74345,0.0020232376328181453,-0.015919652708633245,
GSE74365,0.0020232376328181453,-0.015919652708633245,
GSE74697,0.0020232376328181453,-0.015919652708633245,
GSE74383,0.0020232376328181453,-0.015919652708633245,
GSE74417,0.0020232376328181453,-0.015919652708633245,
GSE74439,0.0020232376328181453,-0.015919652708633245,
GSE74442,0.0020232376328181453,-0.015919652708633245,
GSE74461,0.0020232376328181453,-0.015919652708633245,
GSE74484,0.0020232376328181453,-0.015919652708633245,
GSE74493,0.0020232376328181453,-0.015919652708633245,
GSE74508,0.0020232376328181453,-0.015919652708633245,
GSE74516,0.0020232376328181453,-0.015919652708633245,
GSE74639,0.0020232376328181453,-0.015919652708633245,
GSE74658,0.0020232376328181453,-0.015919652708633245,
GSE74377,0.0020232376328181453,-0.015919652708633245,
GSE71446,0.0020232376328181453,-0.015919652708633245,
GSE71503,0.0020232376328181453,-0.015919652708633245,
GSE71505,0.0020232376328181453,-0.015919652708633245,
GSE71511,0.0020232376328181453,-0.015919652708633245,
GSE71519,0.0020232376328181453,-0.015919652708633245,
GSE71520,0.0020232376328181453,-0.015919652708633245,
GSE71536,0.0020232376328181453,-0.015919652708633245,
GSE71541,0.0020232376328181453,-0.015919652708633245,
GSE71551,0.0020232376328181453,-0.015919652708633245,
GSE71557,0.0020232376328181453,-0.015919652708633245,
GSE73305,0.0020232376328181453,-0.015919652708633245,
GSE71577,0.0020232376328181453,-0.015919652708633245,
GSE71595,0.0020232376328181453,-0.015919652708633245,
GSE71645,0.0020232376328181453,-0.015919652708633245,
GSE71710,0.0020232376328181453,-0.015919652708633245,
GSE71740,0.0020232376328181453,-0.015919652708633245,
GSE71797,0.0020232376328181453,-0.015919652708633245,
GSE71812,0.0020232376328181453,-0.015919652708633245,
GSE71854,0.0020232376328181453,-0.015919652708633245,
GSE71862,0.0020232376328181453,-0.015919652708633245,
GSE71890,0.0020232376328181453,-0.015919652708633245,
GSE71569,0.0020232376328181453,-0.015919652708633245,
GSE71095,0.0020232376328181453,-0.015919652708633245,
GSE71100,0.0020232376328181453,-0.015919652708633245,
GSE71120,0.0020232376328181453,-0.015919652708633245,
GSE71139,0.0020232376328181453,-0.015919652708633245,
GSE71164,0.0020232376328181453,-0.015919652708633245,
GSE71203,0.0020232376328181453,-0.015919652708633245,
GSE71208,0.0020232376328181453,-0.015919652708633245,
GSE71216,0.0020232376328181453,-0.015919652708633245,
GSE71247,0.0020232376328181453,-0.015919652708633245,
GSE71261,0.0020232376328181453,-0.015919652708633245,
GSE71421,0.0020232376328181453,-0.015919652708633245,
GSE71284,0.0020232376328181453,-0.015919652708633245,
GSE71299,0.0020232376328181453,-0.015919652708633245,
GSE71318,0.0020232376328181453,-0.015919652708633245,
GSE71325,0.0020232376328181453,-0.015919652708633245,
GSE71326,0.0020232376328181453,-0.015919652708633245,
GSE71334,0.0020232376328181453,-0.015919652708633245,
GSE71340,0.0020232376328181453,-0.015919652708633245,
GSE71359,0.0020232376328181453,-0.015919652708633245,
GSE71382,0.0020232376328181453,-0.015919652708633245,
GSE71401,0.0020232376328181453,-0.015919652708633245,
GSE71414,0.0020232376328181453,-0.015919652708633245,
GSE71275,0.0020232376328181453,-0.015919652708633245,
GSE72502,0.0020232376328181453,-0.015919652708633245,
GSE72509,0.0020232376328181453,-0.015919652708633245,
GSE72524,0.0020232376328181453,-0.015919652708633245,
GSE72534,0.0020232376328181453,-0.015919652708633245,
GSE72536,0.0020232376328181453,-0.015919652708633245,
GSE72577,0.0020232376328181453,-0.015919652708633245,
GSE72589,0.0020232376328181453,-0.015919652708633245,
GSE72627,0.0020232376328181453,-0.015919652708633245,
GSE72631,0.0020232376328181453,-0.015919652708633245,
GSE72815,0.0020232376328181453,-0.015919652708633245,
GSE71900,0.0020232376328181453,-0.015919652708633245,
GSE72820,0.0020232376328181453,-0.015919652708633245,
GSE72821,0.0020232376328181453,-0.015919652708633245,
GSE72842,0.0020232376328181453,-0.015919652708633245,
GSE72955,0.0020232376328181453,-0.015919652708633245,
GSE72956,0.0020232376328181453,-0.015919652708633245,
GSE72983,0.0020232376328181453,-0.015919652708633245,
GSE73060,0.0020232376328181453,-0.015919652708633245,
GSE73109,0.0020232376328181453,-0.015919652708633245,
GSE73213,0.0020232376328181453,-0.015919652708633245,
GSE73268,0.0020232376328181453,-0.015919652708633245,
GSE73277,0.0020232376328181453,-0.015919652708633245,
GSE72819,0.0020232376328181453,-0.015919652708633245,
GSE71960,0.0020232376328181453,-0.015919652708633245,
GSE71972,0.0020232376328181453,-0.015919652708633245,
GSE71993,0.0020232376328181453,-0.015919652708633245,
GSE72001,0.0020232376328181453,-0.015919652708633245,
GSE72055,0.0020232376328181453,-0.015919652708633245,
GSE72131,0.0020232376328181453,-0.015919652708633245,
GSE72141,0.0020232376328181453,-0.015919652708633245,
GSE72156,0.0020232376328181453,-0.015919652708633245,
GSE72259,0.0020232376328181453,-0.015919652708633245,
GSE72273,0.0020232376328181453,-0.015919652708633245,
GSE72501,0.0020232376328181453,-0.015919652708633245,
GSE72379,0.0020232376328181453,-0.015919652708633245,
GSE72400,0.0020232376328181453,-0.015919652708633245,
GSE72404,0.0020232376328181453,-0.015919652708633245,
GSE72407,0.0020232376328181453,-0.015919652708633245,
GSE72419,0.0020232376328181453,-0.015919652708633245,
GSE72437,0.0020232376328181453,-0.015919652708633245,
GSE72460,0.0020232376328181453,-0.015919652708633245,
GSE72468,0.0020232376328181453,-0.015919652708633245,
GSE72475,0.0020232376328181453,-0.015919652708633245,
GSE72482,0.0020232376328181453,-0.015919652708633245,
GSE72483,0.0020232376328181453,-0.015919652708633245,
GSE72299,0.0020232376328181453,-0.015919652708633245,
GSE58640,0.0020232376328181453,-0.015919652708633245,
GSE58663,0.0020232376328181453,-0.015919652708633245,
GSE58708,0.0020232376328181453,-0.015919652708633245,
GSE58740,0.0020232376328181453,-0.015919652708633245,
GSE58838,0.0020232376328181453,-0.015919652708633245,
GSE58963,0.0020232376328181453,-0.015919652708633245,
GSE58989,0.0020232376328181453,-0.015919652708633245,
GSE58991,0.0020232376328181453,-0.015919652708633245,
GSE59020,0.0020232376328181453,-0.015919652708633245,
GSE59066,0.0020232376328181453,-0.015919652708633245,
GSE65943,0.0020232376328181453,-0.015919652708633245,
GSE59233,0.0020232376328181453,-0.015919652708633245,
GSE59251,0.0020232376328181453,-0.015919652708633245,
GSE59275,0.0020232376328181453,-0.015919652708633245,
GSE59317,0.0020232376328181453,-0.015919652708633245,
GSE59335,0.0020232376328181453,-0.015919652708633245,
GSE59364,0.0020232376328181453,-0.015919652708633245,
GSE59376,0.0020232376328181453,-0.015919652708633245,
GSE59386,0.0020232376328181453,-0.015919652708633245,
GSE59483,0.0020232376328181453,-0.015919652708633245,
GSE59528,0.0020232376328181453,-0.015919652708633245,
GSE59093,0.0020232376328181453,-0.015919652708633245,
GSE57982,0.0020232376328181453,-0.015919652708633245,
GSE58008,0.0020232376328181453,-0.015919652708633245,
GSE58107,0.0020232376328181453,-0.015919652708633245,
GSE58111,0.0020232376328181453,-0.015919652708633245,
GSE58114,0.0020232376328181453,-0.015919652708633245,
GSE58122,0.0020232376328181453,-0.015919652708633245,
GSE58135,0.0020232376328181453,-0.015919652708633245,
GSE58150,0.0020232376328181453,-0.015919652708633245,
GSE58168,0.0020232376328181453,-0.015919652708633245,
GSE58207,0.0020232376328181453,-0.015919652708633245,
GSE58626,0.0020232376328181453,-0.015919652708633245,
GSE58326,0.0020232376328181453,-0.015919652708633245,
GSE58345,0.0020232376328181453,-0.015919652708633245,
GSE58365,0.0020232376328181453,-0.015919652708633245,
GSE58375,0.0020232376328181453,-0.015919652708633245,
GSE58379,0.0020232376328181453,-0.015919652708633245,
GSE58418,0.0020232376328181453,-0.015919652708633245,
GSE58441,0.0020232376328181453,-0.015919652708633245,
GSE58492,0.0020232376328181453,-0.015919652708633245,
GSE58507,0.0020232376328181453,-0.015919652708633245,
GSE58594,0.0020232376328181453,-0.015919652708633245,
GSE58604,0.0020232376328181453,-0.015919652708633245,
GSE58310,0.0020232376328181453,-0.015919652708633245,
GSE60191,0.0020232376328181453,-0.015919652708633245,
GSE60196,0.0020232376328181453,-0.015919652708633245,
GSE60216,0.0020232376328181453,-0.015919652708633245,
GSE60271,0.0020232376328181453,-0.015919652708633245,
GSE60296,0.0020232376328181453,-0.015919652708633245,
GSE60340,0.0020232376328181453,-0.015919652708633245,
GSE60391,0.0020232376328181453,-0.015919652708633245,
GSE60424,0.0020232376328181453,-0.015919652708633245,
GSE60462,0.0020232376328181453,-0.015919652708633245,
GSE60481,0.0020232376328181453,-0.015919652708633245,
GSE59531,0.0020232376328181453,-0.015919652708633245,
GSE60530,0.0020232376328181453,-0.015919652708633245,
GSE60559,0.0020232376328181453,-0.015919652708633245,
GSE60585,0.0020232376328181453,-0.015919652708633245,
GSE60590,0.0020232376328181453,-0.015919652708633245,
GSE60630,0.0020232376328181453,-0.015919652708633245,
GSE60664,0.0020232376328181453,-0.015919652708633245,
GSE60833,0.0020232376328181453,-0.015919652708633245,
GSE60873,0.0020232376328181453,-0.015919652708633245,
GSE60883,0.0020232376328181453,-0.015919652708633245,
GSE60889,0.0020232376328181453,-0.015919652708633245,
GSE60514,0.0020232376328181453,-0.015919652708633245,
GSE59536,0.0020232376328181453,-0.015919652708633245,
GSE59598,0.0020232376328181453,-0.015919652708633245,
GSE59599,0.0020232376328181453,-0.015919652708633245,
GSE59621,0.0020232376328181453,-0.015919652708633245,
GSE59626,0.0020232376328181453,-0.015919652708633245,
GSE59688,0.0020232376328181453,-0.015919652708633245,
GSE59703,0.0020232376328181453,-0.015919652708633245,
GSE59717,0.0020232376328181453,-0.015919652708633245,
GSE59765,0.0020232376328181453,-0.015919652708633245,
GSE59781,0.0020232376328181453,-0.015919652708633245,
GSE60182,0.0020232376328181453,-0.015919652708633245,
GSE59819,0.0020232376328181453,-0.015919652708633245,
GSE59846,0.0020232376328181453,-0.015919652708633245,
GSE59855,0.0020232376328181453,-0.015919652708633245,
GSE59884,0.0020232376328181453,-0.015919652708633245,
GSE59966,0.0020232376328181453,-0.015919652708633245,
GSE59980,0.0020232376328181453,-0.015919652708633245,
GSE59987,0.0020232376328181453,-0.015919652708633245,
GSE60040,0.0020232376328181453,-0.015919652708633245,
GSE60052,0.0020232376328181453,-0.015919652708633245,
GSE60106,0.0020232376328181453,-0.015919652708633245,
GSE60119,0.0020232376328181453,-0.015919652708633245,
GSE59810,0.0020232376328181453,-0.015919652708633245,
GSE56076,0.0020232376328181453,-0.015919652708633245,
GSE56087,0.0020232376328181453,-0.015919652708633245,
GSE56144,0.0020232376328181453,-0.015919652708633245,
GSE56192,0.0020232376328181453,-0.015919652708633245,
GSE56231,0.0020232376328181453,-0.015919652708633245,
GSE56235,0.0020232376328181453,-0.015919652708633245,
GSE56267,0.0020232376328181453,-0.015919652708633245,
GSE56293,0.0020232376328181453,-0.015919652708633245,
GSE56331,0.0020232376328181453,-0.015919652708633245,
GSE56343,0.0020232376328181453,-0.015919652708633245,
GSE57973,0.0020232376328181453,-0.015919652708633245,
GSE56361,0.0020232376328181453,-0.015919652708633245,
GSE56524,0.0020232376328181453,-0.015919652708633245,
GSE56545,0.0020232376328181453,-0.015919652708633245,
GSE56623,0.0020232376328181453,-0.015919652708633245,
GSE56648,0.0020232376328181453,-0.015919652708633245,
GSE56689,0.0020232376328181453,-0.015919652708633245,
GSE56691,0.0020232376328181453,-0.015919652708633245,
GSE56701,0.0020232376328181453,-0.015919652708633245,
GSE56742,0.0020232376328181453,-0.015919652708633245,
GSE56748,0.0020232376328181453,-0.015919652708633245,
GSE56356,0.0020232376328181453,-0.015919652708633245,
GSE55195,0.0020232376328181453,-0.015919652708633245,
GSE55215,0.0020232376328181453,-0.015919652708633245,
GSE55259,0.0020232376328181453,-0.015919652708633245,
GSE55271,0.0020232376328181453,-0.015919652708633245,
GSE55282,0.0020232376328181453,-0.015919652708633245,
GSE55296,0.0020232376328181453,-0.015919652708633245,
GSE55320,0.0020232376328181453,-0.015919652708633245,
GSE55326,0.0020232376328181453,-0.015919652708633245,
GSE55361,0.0020232376328181453,-0.015919652708633245,
GSE55370,0.0020232376328181453,-0.015919652708633245,
GSE56066,0.0020232376328181453,-0.015919652708633245,
GSE55405,0.0020232376328181453,-0.015919652708633245,
GSE55458,0.0020232376328181453,-0.015919652708633245,
GSE55534,0.0020232376328181453,-0.015919652708633245,
GSE55758,0.0020232376328181453,-0.015919652708633245,
GSE55769,0.0020232376328181453,-0.015919652708633245,
GSE55807,0.0020232376328181453,-0.015919652708633245,
GSE55903,0.0020232376328181453,-0.015919652708633245,
GSE55922,0.0020232376328181453,-0.015919652708633245,
GSE55949,0.0020232376328181453,-0.015919652708633245,
GSE56010,0.0020232376328181453,-0.015919652708633245,
GSE56022,0.0020232376328181453,-0.015919652708633245,
GSE55391,0.0020232376328181453,-0.015919652708633245,
GSE57478,0.0020232376328181453,-0.015919652708633245,
GSE57480,0.0020232376328181453,-0.015919652708633245,
GSE57488,0.0020232376328181453,-0.015919652708633245,
GSE57494,0.0020232376328181453,-0.015919652708633245,
GSE57501,0.0020232376328181453,-0.015919652708633245,
GSE57503,0.0020232376328181453,-0.015919652708633245,
GSE57530,0.0020232376328181453,-0.015919652708633245,
GSE57561,0.0020232376328181453,-0.015919652708633245,
GSE57681,0.0020232376328181453,-0.015919652708633245,
GSE57723,0.0020232376328181453,-0.015919652708633245,
GSE56787,0.0020232376328181453,-0.015919652708633245,
GSE57803,0.0020232376328181453,-0.015919652708633245,
GSE57826,0.0020232376328181453,-0.015919652708633245,
GSE57862,0.0020232376328181453,-0.015919652708633245,
GSE57866,0.0020232376328181453,-0.015919652708633245,
GSE57871,0.0020232376328181453,-0.015919652708633245,
GSE57872,0.0020232376328181453,-0.015919652708633245,
GSE57892,0.0020232376328181453,-0.015919652708633245,
GSE57914,0.0020232376328181453,-0.015919652708633245,
GSE57925,0.0020232376328181453,-0.015919652708633245,
GSE57931,0.0020232376328181453,-0.015919652708633245,
GSE57961,0.0020232376328181453,-0.015919652708633245,
GSE57732,0.0020232376328181453,-0.015919652708633245,
GSE56788,0.0020232376328181453,-0.015919652708633245,
GSE56826,0.0020232376328181453,-0.015919652708633245,
GSE56862,0.0020232376328181453,-0.015919652708633245,
GSE56882,0.0020232376328181453,-0.015919652708633245,
GSE56887,0.0020232376328181453,-0.015919652708633245,
GSE56900,0.0020232376328181453,-0.015919652708633245,
GSE57009,0.0020232376328181453,-0.015919652708633245,
GSE57027,0.0020232376328181453,-0.015919652708633245,
GSE57049,0.0020232376328181453,-0.015919652708633245,
GSE57078,0.0020232376328181453,-0.015919652708633245,
GSE57433,0.0020232376328181453,-0.015919652708633245,
GSE57148,0.0020232376328181453,-0.015919652708633245,
GSE57182,0.0020232376328181453,-0.015919652708633245,
GSE57227,0.0020232376328181453,-0.015919652708633245,
GSE57243,0.0020232376328181453,-0.015919652708633245,
GSE57254,0.0020232376328181453,-0.015919652708633245,
GSE57299,0.0020232376328181453,-0.015919652708633245,
GSE57325,0.0020232376328181453,-0.015919652708633245,
GSE57344,0.0020232376328181453,-0.015919652708633245,
GSE57353,0.0020232376328181453,-0.015919652708633245,
GSE57397,0.0020232376328181453,-0.015919652708633245,
GSE57430,0.0020232376328181453,-0.015919652708633245,
GSE57116,0.0020232376328181453,-0.015919652708633245,
GSE63966,0.0020232376328181453,-0.015919652708633245,
GSE63979,0.0020232376328181453,-0.015919652708633245,
GSE64017,0.0020232376328181453,-0.015919652708633245,
GSE64025,0.0020232376328181453,-0.015919652708633245,
GSE64082,0.0020232376328181453,-0.015919652708633245,
GSE64098,0.0020232376328181453,-0.015919652708633245,
GSE64113,0.0020232376328181453,-0.015919652708633245,
GSE64179,0.0020232376328181453,-0.015919652708633245,
GSE64182,0.0020232376328181453,-0.015919652708633245,
GSE64185,0.0020232376328181453,-0.015919652708633245,
GSE60890,0.0020232376328181453,-0.015919652708633245,
GSE64283,0.0020232376328181453,-0.015919652708633245,
GSE64317,0.0020232376328181453,-0.015919652708633245,
GSE64332,0.0020232376328181453,-0.015919652708633245,
GSE64367,0.0020232376328181453,-0.015919652708633245,
GSE64399,0.0020232376328181453,-0.015919652708633245,
GSE64417,0.0020232376328181453,-0.015919652708633245,
GSE64451,0.0020232376328181453,-0.015919652708633245,
GSE64471,0.0020232376328181453,-0.015919652708633245,
GSE64513,0.0020232376328181453,-0.015919652708633245,
GSE64529,0.0020232376328181453,-0.015919652708633245,
GSE64233,0.0020232376328181453,-0.015919652708633245,
GSE63513,0.0020232376328181453,-0.015919652708633245,
GSE63546,0.0020232376328181453,-0.015919652708633245,
GSE63555,0.0020232376328181453,-0.015919652708633245,
GSE63577,0.0020232376328181453,-0.015919652708633245,
GSE63602,0.0020232376328181453,-0.015919652708633245,
GSE63608,0.0020232376328181453,-0.015919652708633245,
GSE63609,0.0020232376328181453,-0.015919652708633245,
GSE63634,0.0020232376328181453,-0.015919652708633245,
GSE63646,0.0020232376328181453,-0.015919652708633245,
GSE63700,0.0020232376328181453,-0.015919652708633245,
GSE63953,0.0020232376328181453,-0.015919652708633245,
GSE63721,0.0020232376328181453,-0.015919652708633245,
GSE63733,0.0020232376328181453,-0.015919652708633245,
GSE63755,0.0020232376328181453,-0.015919652708633245,
GSE63764,0.0020232376328181453,-0.015919652708633245,
GSE63776,0.0020232376328181453,-0.015919652708633245,
GSE63797,0.0020232376328181453,-0.015919652708633245,
GSE63807,0.0020232376328181453,-0.015919652708633245,
GSE63816,0.0020232376328181453,-0.015919652708633245,
GSE63840,0.0020232376328181453,-0.015919652708633245,
GSE63863,0.0020232376328181453,-0.015919652708633245,
GSE63950,0.0020232376328181453,-0.015919652708633245,
GSE63703,0.0020232376328181453,-0.015919652708633245,
GSE65193,0.0020232376328181453,-0.015919652708633245,
GSE65235,0.0020232376328181453,-0.015919652708633245,
GSE65335,0.0020232376328181453,-0.015919652708633245,
GSE65354,0.0020232376328181453,-0.015919652708633245,
GSE65446,0.0020232376328181453,-0.015919652708633245,
GSE65469,0.0020232376328181453,-0.015919652708633245,
GSE65473,0.0020232376328181453,-0.015919652708633245,
GSE65481,0.0020232376328181453,-0.015919652708633245,
GSE65485,0.0020232376328181453,-0.015919652708633245,
GSE65515,0.0020232376328181453,-0.015919652708633245,
GSE64550,0.0020232376328181453,-0.015919652708633245,
GSE65540,0.0020232376328181453,-0.015919652708633245,
GSE65545,0.0020232376328181453,-0.015919652708633245,
GSE65634,0.0020232376328181453,-0.015919652708633245,
GSE65644,0.0020232376328181453,-0.015919652708633245,
GSE65655,0.0020232376328181453,-0.015919652708633245,
GSE65683,0.0020232376328181453,-0.015919652708633245,
GSE65688,0.0020232376328181453,-0.015919652708633245,
GSE65778,0.0020232376328181453,-0.015919652708633245,
GSE65830,0.0020232376328181453,-0.015919652708633245,
GSE65885,0.0020232376328181453,-0.015919652708633245,
GSE65912,0.0020232376328181453,-0.015919652708633245,
GSE65518,0.0020232376328181453,-0.015919652708633245,
GSE64553,0.0020232376328181453,-0.015919652708633245,
GSE64558,0.0020232376328181453,-0.015919652708633245,
GSE64588,0.0020232376328181453,-0.015919652708633245,
GSE64590,0.0020232376328181453,-0.015919652708633245,
GSE64615,0.0020232376328181453,-0.015919652708633245,
GSE64655,0.0020232376328181453,-0.015919652708633245,
GSE64677,0.0020232376328181453,-0.015919652708633245,
GSE64712,0.0020232376328181453,-0.015919652708633245,
GSE64741,0.0020232376328181453,-0.015919652708633245,
GSE64795,0.0020232376328181453,-0.015919652708633245,
GSE65185,0.0020232376328181453,-0.015919652708633245,
GSE64850,0.0020232376328181453,-0.015919652708633245,
GSE64854,0.0020232376328181453,-0.015919652708633245,
GSE64912,0.0020232376328181453,-0.015919652708633245,
GSE64962,0.0020232376328181453,-0.015919652708633245,
GSE65030,0.0020232376328181453,-0.015919652708633245,
GSE65039,0.0020232376328181453,-0.015919652708633245,
GSE65099,0.0020232376328181453,-0.015919652708633245,
GSE65105,0.0020232376328181453,-0.015919652708633245,
GSE65107,0.0020232376328181453,-0.015919652708633245,
GSE65112,0.0020232376328181453,-0.015919652708633245,
GSE65131,0.0020232376328181453,-0.015919652708633245,
GSE64813,0.0020232376328181453,-0.015919652708633245,
GSE61626,0.0020232376328181453,-0.015919652708633245,
GSE61742,0.0020232376328181453,-0.015919652708633245,
GSE61797,0.0020232376328181453,-0.015919652708633245,
GSE61910,0.0020232376328181453,-0.015919652708633245,
GSE61950,0.0020232376328181453,-0.015919652708633245,
GSE61955,0.0020232376328181453,-0.015919652708633245,
GSE61966,0.0020232376328181453,-0.015919652708633245,
GSE61999,0.0020232376328181453,-0.015919652708633245,
GSE62000,0.0020232376328181453,-0.015919652708633245,
GSE62056,0.0020232376328181453,-0.015919652708633245,
GSE63496,0.0020232376328181453,-0.015919652708633245,
GSE62093,0.0020232376328181453,-0.015919652708633245,
GSE62118,0.0020232376328181453,-0.015919652708633245,
GSE62121,0.0020232376328181453,-0.015919652708633245,
GSE62171,0.0020232376328181453,-0.015919652708633245,
GSE62190,0.0020232376328181453,-0.015919652708633245,
GSE62228,0.0020232376328181453,-0.015919652708633245,
GSE62241,0.0020232376328181453,-0.015919652708633245,
GSE62276,0.0020232376328181453,-0.015919652708633245,
GSE62448,0.0020232376328181453,-0.015919652708633245,
GSE62483,0.0020232376328181453,-0.015919652708633245,
GSE62074,0.0020232376328181453,-0.015919652708633245,
GSE60939,0.0020232376328181453,-0.015919652708633245,
GSE60949,0.0020232376328181453,-0.015919652708633245,
GSE60988,0.0020232376328181453,-0.015919652708633245,
GSE60989,0.0020232376328181453,-0.015919652708633245,
GSE60997,0.0020232376328181453,-0.015919652708633245,
GSE61045,0.0020232376328181453,-0.015919652708633245,
GSE61071,0.0020232376328181453,-0.015919652708633245,
GSE61130,0.0020232376328181453,-0.015919652708633245,
GSE61141,0.0020232376328181453,-0.015919652708633245,
GSE61162,0.0020232376328181453,-0.015919652708633245,
GSE61600,0.0020232376328181453,-0.015919652708633245,
GSE61290,0.0020232376328181453,-0.015919652708633245,
GSE61332,0.0020232376328181453,-0.015919652708633245,
GSE61375,0.0020232376328181453,-0.015919652708633245,
GSE61398,0.0020232376328181453,-0.015919652708633245,
GSE61410,0.0020232376328181453,-0.015919652708633245,
GSE61474,0.0020232376328181453,-0.015919652708633245,
GSE61490,0.0020232376328181453,-0.015919652708633245,
GSE61491,0.0020232376328181453,-0.015919652708633245,
GSE61515,0.0020232376328181453,-0.015919652708633245,
GSE61544,0.0020232376328181453,-0.015919652708633245,
GSE61586,0.0020232376328181453,-0.015919652708633245,
GSE61255,0.0020232376328181453,-0.015919652708633245,
GSE63086,0.0020232376328181453,-0.015919652708633245,
GSE63091,0.0020232376328181453,-0.015919652708633245,
GSE63122,0.0020232376328181453,-0.015919652708633245,
GSE63124,0.0020232376328181453,-0.015919652708633245,
GSE63144,0.0020232376328181453,-0.015919652708633245,
GSE63183,0.0020232376328181453,-0.015919652708633245,
GSE63189,0.0020232376328181453,-0.015919652708633245,
GSE63190,0.0020232376328181453,-0.015919652708633245,
GSE63234,0.0020232376328181453,-0.015919652708633245,
GSE63265,0.0020232376328181453,-0.015919652708633245,
GSE62518,0.0020232376328181453,-0.015919652708633245,
GSE63314,0.0020232376328181453,-0.015919652708633245,
GSE63344,0.0020232376328181453,-0.015919652708633245,
GSE63346,0.0020232376328181453,-0.015919652708633245,
GSE63356,0.0020232376328181453,-0.015919652708633245,
GSE63375,0.0020232376328181453,-0.015919652708633245,
GSE63397,0.0020232376328181453,-0.015919652708633245,
GSE63420,0.0020232376328181453,-0.015919652708633245,
GSE63452,0.0020232376328181453,-0.015919652708633245,
GSE63475,0.0020232376328181453,-0.015919652708633245,
GSE63485,0.0020232376328181453,-0.015919652708633245,
GSE63487,0.0020232376328181453,-0.015919652708633245,
GSE63283,0.0020232376328181453,-0.015919652708633245,
GSE62526,0.0020232376328181453,-0.015919652708633245,
GSE62540,0.0020232376328181453,-0.015919652708633245,
GSE62544,0.0020232376328181453,-0.015919652708633245,
GSE62563,0.0020232376328181453,-0.015919652708633245,
GSE62613,0.0020232376328181453,-0.015919652708633245,
GSE62678,0.0020232376328181453,-0.015919652708633245,
GSE62679,0.0020232376328181453,-0.015919652708633245,
GSE62731,0.0020232376328181453,-0.015919652708633245,
GSE62789,0.0020232376328181453,-0.015919652708633245,
GSE62820,0.0020232376328181453,-0.015919652708633245,
GSE63079,0.0020232376328181453,-0.015919652708633245,
GSE62854,0.0020232376328181453,-0.015919652708633245,
GSE62889,0.0020232376328181453,-0.015919652708633245,
GSE62909,0.0020232376328181453,-0.015919652708633245,
GSE62913,0.0020232376328181453,-0.015919652708633245,
GSE62920,0.0020232376328181453,-0.015919652708633245,
GSE62930,0.0020232376328181453,-0.015919652708633245,
GSE62936,0.0020232376328181453,-0.015919652708633245,
GSE62966,0.0020232376328181453,-0.015919652708633245,
GSE62968,0.0020232376328181453,-0.015919652708633245,
GSE62982,0.0020232376328181453,-0.015919652708633245,
GSE63018,0.0020232376328181453,-0.015919652708633245,
GSE62852,0.0020232376328181453,-0.015919652708633245,
