ID,prob,log2(prob/prior),related_words
GSE65422,0.05403662622908926,1.9338690266352165,"center,germinal,lymphoma,lymphomas,profiling"
GSE51008,0.03539789579532101,1.3235950264660714,"myc,profiling,targets"
GSE98418,0.03251450637382886,1.2010149450191103,"myc,profiling"
GSE89264,0.03174407790611244,1.166418895163277,npc
GSE60827,0.03093069183890522,1.1289705267819925,lymphoma
GSE89196,0.030634920482264502,1.1151085302476937,myc
GSE79035,0.028890355394691855,1.030519374992572,lymphoma
GSE77374,0.02875342801563829,1.0236653896852848,"center,germinal"
GSE76062,0.028129767596254147,0.992029057049368,"myc,profiling"
GSE64099,0.02803091455553554,0.9869502391489235,"lymphoma,profiling"
GSE98086,0.027080265498161383,0.9371733070055431,"center,germinal,profiling"
GSE58858,0.026429004564880138,0.9020535112906827,myc
GSE97037,0.024856213452205272,0.8135379594072081,lymphoma
GSE79685,0.02407070549849219,0.7672098506600613,"lymphoma,profiling"
GSE83760,0.02383985679383888,0.753306993217027,"lymphoma,lymphomas,targets"
GSE87578,0.023319988146993934,0.721498478918944,"myc,profiling"
GSE97654,0.023236483675110504,0.7163231891277883,"myc,subtypes,tissue"
GSE93827,0.022866774729746624,0.693184317204172,"center,germinal,hodgkin,lymphoma,lymphomas,profiling"
GSE64425,0.02283027239160115,0.6908794963572568,"cases,malignant,myc"
GSE83867,0.02273422875089737,0.684797485761642,myc
GSE77482,0.022311277543551687,0.6577045483208985,"lymphoma,lymphomas,myc"
GSE52623,0.021545013384610266,0.6072854183761023,"malignant,myc,targets"
GSE83868,0.021224545247119576,0.5856650668813533,myc
GSE84374,0.02106527546900674,0.5747982057055435,"aid,center,germinal"
GSE78146,0.021058502884695678,0.5743342979429623,"lymphoma,profiling"
GSE97489,0.02096497809873082,0.5679127467282101,"profiling,sarcoma,sarcomas,soft,tissue"
GSE81925,0.020925542548719585,0.5651964525230568,npc
GSE107617,0.020119128543157526,0.508499240059876,myc
GSE60188,0.019921371460274808,0.49424839491136335,myc
GSE94133,0.019804743132696496,0.4857774132934419,"lymphoma,lymphomas,myc,primary"
GSE87144,0.019703400578231646,0.4783760672572195,lymphoma
GSE83436,0.019427765951094314,0.4580514349066312,"center,germinal"
GSE89732,0.01924962002662812,0.44476139201588644,"center,germinal"
GSE90976,0.019230852261762344,0.44335412428567816,lymphoma
GSE99364,0.019186648575711184,0.4400341547193161,"cases,lymphoma,malignant"
GSE87050,0.01913031740560014,0.435792234398427,"lymphoma,lymphomas,myc"
GSE41293,0.019040975543438254,0.42903881910154223,"sarcoma,sarcomas"
GSE82144,0.018912979463237348,0.41930808035868244,"myc,targets"
GSE80669,0.018350267916716494,0.3757325504589622,"center,germinal"
GSE56253,0.018325009940121637,0.3737454045957685,npc
GSE81476,0.018140999904441346,0.3591854008923766,"primary,sarcoma"
GSE77010,0.018089154973984382,0.35505643840956175,"lymphoma,lymphomas"
GSE64779,0.01799679081619067,0.34767109209345476,"burkitt,center,germinal,lymphoma,lymphomas"
GSE89419,0.017949048081700808,0.3438387571750884,"primary,sarcoma,sarcomas,soft,tissue"
GSE67715,0.017884346475361076,0.33862882441817077,myc
GSE107583,0.017812649779196544,0.33283356890957383,"myc,profiling"
GSE89412,0.01772854919207482,0.32600590242975475,"center,germinal"
GSE67691,0.017706952472617155,0.3242473562004017,myc
GSE98778,0.017662098677679615,0.32058820334744687,"center,germinal"
GSE71295,0.017659313484319497,0.3203606821691624,"center,germinal"
GSE100570,0.017580836874721652,0.31393517027472606,myc
GSE71843,0.017575536997552828,0.3135001933004518,sarcoma
GSE47877,0.017514452592250714,0.3084773216123517,"center,germinal,lymphomas,micrornas"
GSE72568,0.017365589499872405,0.29616280957472463,"center,germinal"
GSE74176,0.017255617704148574,0.28699754292223534,"lymphoma,lymphomas,subtypes"
GSE76864,0.01720016304878789,0.2823536646751932,"center,germinal"
GSE93554,0.017185383195257694,0.2811134445806868,"center,germinal"
GSE66781,0.017176583625654496,0.2803745406773003,"center,germinal"
GSE76865,0.01711897880861852,0.27552806748223346,"center,germinal"
GSE69285,0.017074673495143165,0.2717894149838679,"profiling,sarcoma"
GSE54016,0.016992893322689048,0.26486293992898163,npc
GSE63679,0.016936642195426104,0.2600793025782611,"sarcomas,soft,tissue"
GSE72831,0.01691770332152313,0.258465151018519,"center,germinal,profiling"
GSE61851,0.016916689151289355,0.2583786627880298,"lymphoma,tissue"
GSE90447,0.016906440977103393,0.2575044095493394,"npc,npcs,profiling,rich,subtypes"
GSE73532,0.016819120896561523,0.2500337243082697,"center,germinal,targets"
GSE77988,0.016489176899088343,0.22145080829957192,"hrs,npc,npcs,profiling,targets"
GSE94967,0.01637993772886703,0.21186129600614892,myc
GSE89897,0.016345733142211515,0.20884551028201842,"center,germinal"
GSE46700,0.01633922859450957,0.20827129643331996,"aid,center,germinal,myc,profiling"
GSE60367,0.016284134389663484,0.2033984565782979,"myc,new,primary,tissue"
GSE63194,0.016192313872518415,0.19524058434809588,sarcoma
GSE75300,0.01617934756449217,0.19408485563612343,"malignant,profiling"
GSE72917,0.016157574941031497,0.19214210671589763,"lymphoma,profiling"
GSE92395,0.01607292607085557,0.18456401874472672,"npc,npcs"
GSE105806,0.016044073477935242,0.18197190213946,"center,germinal"
GSE35857,0.015881077303514495,0.16724020565329492,"center,germinal"
GSE89945,0.015866709979944507,0.1659344347852219,"npc,targets"
GSE76005,0.015792962316782178,0.15921322937536075,"npc,npcs"
GSE96819,0.015654082542848374,0.14647038090471615,"center,germinal"
GSE63681,0.01531988478881387,0.115336871373242,"myc,new,primary"
GSE93604,0.015310065468868015,0.11441187576881512,"microdissected,tissue"
GSE73611,0.015305324046755714,0.11396501382577975,"lymphoma,myc"
GSE79437,0.01529324444996345,0.1128259294731677,"malignant,profiling,tissue"
GSE76983,0.015279085578550901,0.11148962733245099,microdissected
GSE73729,0.015244299543283421,0.10820128548573703,"center,germinal"
GSE66145,0.015210618392575367,0.10501023115349625,myc
GSE90094,0.015208546478084518,0.10481370105292166,"center,germinal,profiling"
GSE76198,0.015200789335595955,0.10407766450736672,"hundreds,npc,npcs"
GSE83865,0.015184135055192543,0.10249615323916896,myc
GSE84462,0.015168672230257378,0.10102623037027952,"myc,primary"
GSE73541,0.015155869348109578,0.09980803186043927,"malignant,uterine"
GSE88841,0.015127140925132891,0.09707076331147521,"aid,malignant,tissue"
GSE77319,0.015107508827171417,0.09519720865919004,"center,germinal"
GSE40688,0.015067785771302699,0.09139885046072432,lymphoma
GSE84724,0.01502566974386501,0.0873607217343819,"npc,npcs,rich"
GSE107655,0.015008539277158211,0.08571499555403377,"hundreds,npc,subtype,subtypes"
GSE78772,0.014978242692445558,0.08279979462068186,"npc,npcs,primary,tissue"
GSE39513,0.014945547345144774,0.07964715692857582,"myc,new"
GSE64899,0.01490436250949211,0.0756660932571204,"myc,primary,profiling,targets"
GSE103219,0.014901541665848228,0.07539301869280815,"myc,profiling"
GSE77744,0.014891506328142304,0.07442111863797339,"aid,center,germinal,targets"
GSE64893,0.014887915166237213,0.07407316349065167,"myc,primary,profiling,targets"
GSE54447,0.01488319480343659,0.0736156700302023,"myc,primary,profiling,targets"
GSE89378,0.014811548295931835,0.06665388145334562,microdissected
GSE64969,0.014790643407750138,0.0646162361448115,"center,germinal"
GSE52974,0.014788973149848,0.06445330821839372,myc
GSE64008,0.014770632430317912,0.06266302259119574,"npc,npcs"
GSE62129,0.014745459395580288,0.060202194009988004,"germinal,hundreds"
GSE104163,0.014741896776610731,0.059853585425688305,soft
GSE90059,0.014674259258910664,0.05321910312192519,myc
GSE61523,0.014635232547067882,0.04937709335349377,"aid,cases,targets"
GSE95537,0.014630841571967205,0.04894417993817303,"myc,profiling"
GSE72700,0.014588749424863452,0.0447876416827749,"profiling,subtype,subtypes,targets,tissue"
GSE98725,0.01458546363582931,0.04446267034214967,"malignant,profiling"
GSE75589,0.01458291265890724,0.04421032295557666,"profiling,subtype"
GSE98451,0.014574314008936972,0.04335940320443653,uterine
GSE70819,0.014533407311773295,0.03930440162326901,center
GSE71699,0.01452075185061374,0.038047578315617066,"center,germinal,new,tissue"
GSE54098,0.014507390509611817,0.03671946427199521,malignant
GSE65665,0.014494033484220173,0.03539055603216723,"profiling,subtype,targets,tissue"
GSE72148,0.014466784997270582,0.032675766143265894,"lymphoma,profiling"
GSE104686,0.014440768492524363,0.0300789436535444,npc
GSE41317,0.01441106826501876,0.027108707378411846,lymphoma
GSE107632,0.014398847382898717,0.025884753285464794,"subtype,subtypes"
GSE103183,0.014392711413308272,0.02526982770287564,microdissected
GSE90961,0.014372374033553367,0.023229809997374028,myc
GSE70546,0.014366551910565411,0.022645268453030422,sl
GSE55163,0.0143325494353799,0.01922667881217369,"micrornas,profiling"
GSE92344,0.014322587443578037,0.018223569540028524,"malignant,profiling"
GSE63758,0.014320612119068633,0.018024584027104253,malignant
GSE52396,0.014310832613455839,0.017039035101410464,"myc,primary"
GSE85049,0.014305158333760077,0.016466889597165177,"myc,targets"
GSE67335,0.014293650371855392,0.015305828614687354,center
GSE77550,0.014226217138183214,0.008483512692708433,"myc,profiling"
GSE67334,0.014203205182802115,0.00614795759170807,center
GSE40948,0.014159395248950983,0.0016910725661336465,"myc,npcs"
GSE74868,0.014158526106629484,0.0016025132893631594,malignant
GSE89660,0.014157186141647883,0.0014659699583382056,myc
GSE90101,0.014156281801531823,0.0013738097889248832,uterine
GSE64545,0.014126842074591087,-0.0016295758050893462,"myc,profiling"
GSE90655,0.014106056048153173,-0.003753899177746015,"cases,malignant,primary"
GSE63078,0.014092617966534363,-0.005128932285190673,"microdissected,tissue"
GSE60930,0.014085485079725577,-0.005859327842986951,"center,profiling"
GSE48048,0.01405557635408961,-0.008925963158257178,"myc,profiling"
GSE79039,0.014052274200825587,-0.009264943198788626,germinal
GSE70711,0.01405216544046485,-0.00927610926614904,germinal
GSE72146,0.014050305094246129,-0.009467118256955788,malignant
GSE58116,0.01404322812411391,-0.010193969511362292,sarcoma
GSE90130,0.014021952895277594,-0.012381282894035544,center
GSE84447,0.013990619007662217,-0.015608781124797206,"malignant,primary"
GSE106678,0.013971750181901554,-0.017555823973675277,"profiling,subtype"
GSE95260,0.01396403985238378,-0.018352196972449768,"center,profiling,tissue"
GSE75077,0.013961798538989309,-0.018583776893589903,microdissected
GSE55831,0.01396144773702114,-0.01862002627912584,"subtype,targets"
GSE51735,0.013942463857673799,-0.020583045171570474,"microdissected,profiling"
GSE74178,0.013933363508599262,-0.021525010321095838,"myc,profiling,targets"
GSE101391,0.013930216811746296,-0.02185086392009945,"profiling,subtype"
GSE75706,0.013929693971853407,-0.021905013305328704,"hrs,primary"
GSE60402,0.013924865892945226,-0.022405142950271455,"microdissected,tissue"
GSE93027,0.013916661280285935,-0.023255437854352495,myc
GSE105455,0.013901717230754344,-0.024805471276710494,"new,targets,tissue,uterine"
GSE80304,0.013893491984847182,-0.02565932502788721,"hrs,primary"
GSE96096,0.013886849058523974,-0.02634928898701822,npc
GSE29446,0.013874010595309216,-0.027683684878499506,"hy,new,profiling"
GSE73216,0.013868489268536874,-0.028257936722987077,malignant
GSE89108,0.013863349600151217,-0.028792699254372764,"primary,profiling,tissue"
GSE101767,0.01385867730500294,-0.029279005477714753,myc
GSE102269,0.013841224035954896,-0.03109704430212402,"germinal,new"
GSE77472,0.013830715288702389,-0.032192805470006386,"hundreds,soft"
GSE48138,0.013829527309324394,-0.03231673004892451,hrs
GSE76359,0.013825329636527111,-0.03275469736774166,"aid,center"
GSE81103,0.013822885197345352,-0.03300980102023107,"microdissected,subtype"
GSE63031,0.01381451472472373,-0.0338836921781839,"profiling,tissue"
GSE47019,0.013809532721422726,-0.03440407294772831,"profiling,uterine"
GSE38990,0.013807631072155283,-0.03460275373859403,cyt
GSE47062,0.013805209034740522,-0.03485584334202165,"center,profiling"
GSE57514,0.013802738629345054,-0.03511403287975223,"germinal,micrornas"
GSE87354,0.013792139862814912,-0.036222266689792296,center
GSE60165,0.013781378100134701,-0.03734841551557337,"micrornas,new,primary,profiling,tissue"
GSE49027,0.013778704579174891,-0.03762831855413902,aid
GSE83332,0.013775357156550523,-0.03797885199563388,profiling
GSE73932,0.01377212590032745,-0.03831730159849781,"profiling,tissue"
GSE89082,0.013757326847425599,-0.03986840560943698,malignant
GSE80353,0.013756443681603543,-0.039961023882229246,"center,micrornas,profiling"
GSE67741,0.013737544401692855,-0.041944432154279634,profiling
GSE63813,0.013730132150208296,-0.04272306508291206,microdissected
GSE63794,0.013728394861107256,-0.04290562246284532,center
GSE93941,0.013723653499482891,-0.04340397062839567,germinal
GSE55800,0.013719099613099188,-0.04388277604094973,"new,profiling"
GSE70159,0.013716830533871795,-0.044121411242210994,"profiling,tissue"
GSE85875,0.013705955680905291,-0.04526564925980178,microdissected
GSE43504,0.01369933698321356,-0.045962504618340415,aid
GSE80122,0.013697437964144786,-0.04616250665527539,center
GSE69018,0.013697298297534386,-0.04617721724232249,uterine
GSE58732,0.013696914840542378,-0.046217606173956476,center
GSE95002,0.01369676977114529,-0.046232886403887785,"profiling,tissue"
GSE98831,0.013696666437563261,-0.04624377067888079,"primary,soft,targets"
GSE79252,0.013695212496697862,-0.04639692507060861,"center,new,profiling,tissue"
GSE74938,0.013694211907634339,-0.046502333994815466,"e725,profiling"
GSE97126,0.013690099904812753,-0.046935601492208864,"microdissected,tissue"
GSE109556,0.013686740934626294,-0.047289621131161086,"microdissected,profiling,tissue"
GSE69858,0.013681838129053242,-0.0478065097387787,"malignant,profiling"
GSE89619,0.013677939244907398,-0.04821769004798973,"primary,subtype"
GSE94413,0.013673466859471784,-0.048689496749392054,profiling
GSE23943,0.013658644600754997,-0.05025424971572496,profiling
GSE96889,0.013645279837722025,-0.051666594591909296,"primary,profiling"
GSE92844,0.013631530846229492,-0.05312098775782699,"profiling,tissue"
GSE76184,0.013628964897432457,-0.05339258088294103,"malignant,primary,profiling"
GSE73467,0.013626514921113006,-0.05365194661191874,"npcs,profiling"
GSE93202,0.013624393454995883,-0.05387657241965542,"profiling,tissue"
GSE75332,0.013621167770227637,-0.05421818251914238,"primary,profiling"
GSE65924,0.013611403597333979,-0.05525273222989717,"microdissected,profiling"
GSE94082,0.013610016743256355,-0.05539973466231405,"malignant,profiling,tissue"
GSE107740,0.01360885367707358,-0.05552302778867997,"hundreds,subtype,subtypes"
GSE76291,0.013606889055203025,-0.05573131534215057,"malignant,targets"
GSE99701,0.01360182367749228,-0.05626848117279746,microdissected
GSE45909,0.013597146024916943,-0.05676470778092339,profiling
GSE86111,0.013595430869182693,-0.0569467020571608,"profiling,tissue"
GSE67933,0.013591743297459638,-0.05733806612006699,"profiling,subtype,tissue"
GSE58765,0.013585966107389453,-0.0579514160875652,center
GSE67828,0.013585752931539238,-0.05797405342909716,"primary,profiling"
GSE60738,0.013583388522891274,-0.05822515600040123,"center,npcs"
GSE81842,0.01358336724731626,-0.0582274156862337,"bl,tissue"
GSE72823,0.01358018826275121,-0.058565096464900435,subtype
GSE46664,0.013579309012317742,-0.05865850690086389,"primary,profiling"
GSE30581,0.013573219816709305,-0.059305581249620126,profiling
GSE95859,0.013564028328152731,-0.060282873817772614,"primary,profiling,tissue"
GSE90459,0.013557610785020066,-0.06096561705363286,malignant
GSE60599,0.013555493273255658,-0.06119096371413921,"profiling,tissue"
GSE55776,0.01354861363581066,-0.061923341214822604,"profiling,targets"
GSE80087,0.013548534638569575,-0.06193175309099516,profiling
GSE92704,0.013547236387919787,-0.06207000195454531,"primary,profiling"
GSE63948,0.01354433619040395,-0.062378887721702914,center
GSE83312,0.013542094297316325,-0.06261770605168339,"center,new,profiling"
GSE64959,0.013540286342636005,-0.06281032776319398,microdissected
GSE41246,0.01353952097348125,-0.06289187888144378,"profiling,tissue"
GSE83298,0.013538715507834247,-0.06297770731385909,tissue
GSE58242,0.01353687645978012,-0.06317369087831066,"center,new,targets"
GSE33527,0.013535683117328695,-0.06330087717061265,"communicate,npcs,profiling"
GSE98468,0.013529172942935838,-0.06399492826566566,profiling
GSE96627,0.013524375919350014,-0.06450655372715709,microdissected
GSE62621,0.013524089650024523,-0.06453709145471892,malignant
GSE69887,0.013518722898584943,-0.0651097083580305,center
GSE84803,0.013518391497270299,-0.06514507537436254,profiling
GSE107053,0.013513421768637101,-0.06567554684987392,"malignant,profiling"
GSE87531,0.013511413529399729,-0.06588996272046538,profiling
GSE57313,0.013508676435440152,-0.0661822483420583,micrornas
GSE58916,0.01350781628918688,-0.06627411287437218,"primary,subtype,subtypes"
GSE72312,0.013505629459203347,-0.06650769498076381,"micrornas,new,profiling,tissue"
GSE65506,0.013501756290182299,-0.06692149303062699,subtype
GSE103667,0.013499679333199698,-0.06714343793656774,profiling
GSE78701,0.013497529110811765,-0.06737324800666228,uterine
GSE102789,0.01349730387134723,-0.06739732312197937,"primary,tissue"
GSE81212,0.013492572961073916,-0.06790308762787012,primary
GSE72066,0.013492062856600713,-0.06795763164313022,profiling
GSE99954,0.013488610014927283,-0.06832688837813783,"primary,profiling"
GSE94385,0.013487150906024934,-0.06848295805756284,"primary,profiling,tissue"
GSE70046,0.013481772783427399,-0.0690583603978977,"malignant,new"
GSE90987,0.013479534235842845,-0.06929792901407354,tissue
GSE79061,0.013479399715215983,-0.06931232663392195,"center,new"
GSE92361,0.01347703715333492,-0.06956521289889472,hrs
GSE102992,0.01347267317445825,-0.07003244543404026,microdissected
GSE68822,0.013469325284833859,-0.07039099224271225,profiling
GSE22001,0.013467365512859087,-0.0706009180524933,"micrornas,profiling,targets"
GSE81066,0.01346419891108748,-0.07094018097992712,profiling
GSE65246,0.013463055778243284,-0.07106267338440113,profiling
GSE100827,0.013461050124894835,-0.07127761431171085,"profiling,tissue"
GSE71636,0.013459667981355054,-0.07142575386909703,profiling
GSE76102,0.013459430254811265,-0.07145123517629486,"profiling,tissue"
GSE98255,0.013455417403974343,-0.07188143044386959,profiling
GSE71635,0.013455040672781067,-0.07192182427312163,profiling
GSE64452,0.013448587797833755,-0.0726138893508603,profiling
GSE91058,0.01344835944460028,-0.07263838611434378,"profiling,tissue"
GSE46688,0.013447103166262547,-0.07277316174957754,"malignant,new,tissue"
GSE76926,0.013446726103286972,-0.07281361615118379,profiling
GSE76215,0.013446706114920109,-0.07281576069841113,subtype
GSE38845,0.01344192425637163,-0.07332889681517059,"primary,profiling"
GSE76776,0.013441394069327975,-0.07338580186011022,"malignant,new"
GSE64526,0.013440392932127973,-0.07349326016816694,profiling
GSE42912,0.01343925105955941,-0.07361583425385745,microdissected
GSE75714,0.013436558387509352,-0.07390491984467536,hrs
GSE99765,0.013434424565761839,-0.07413404834846711,"microdissected,tissue"
GSE41658,0.013434161450120734,-0.07416230406913596,primary
GSE67135,0.013434144640720774,-0.07416410923228106,profiling
GSE83127,0.013433718759377513,-0.07420984542595088,subtype
GSE60097,0.01343335697802591,-0.07424869894071191,profiling
GSE76733,0.013428820356625727,-0.07473599832654526,profiling
GSE52525,0.013426907986272631,-0.07494146415448266,"profiling,tissue"
GSE76634,0.013426550478825868,-0.07497987814285027,profiling
GSE74406,0.013425586093683016,-0.07508350592382357,profiling
GSE55797,0.013424624637708629,-0.07518682636184544,"profiling,tissue"
GSE55621,0.013423518526240909,-0.07530570099092561,"center,new"
GSE89621,0.013420410413200296,-0.07563978467147542,subtype
GSE92949,0.013419500159268401,-0.07573764035027516,profiling
GSE57694,0.013419485511587058,-0.0757392150846928,profiling
GSE80354,0.013418111470651485,-0.07588694232322107,"aid,profiling,tissue"
GSE71362,0.01341714480179633,-0.07599088083977246,primary
GSE66054,0.013416821370165902,-0.07602565864386733,"3seq,primary,targets"
GSE79672,0.013416566324331764,-0.07605308368347168,"aid,primary,subtypes"
GSE98507,0.013413828125851674,-0.07634755459699077,profiling
GSE86865,0.013413584313488335,-0.0763737775425172,profiling
GSE84112,0.01341287158124177,-0.07645043733551239,profiling
GSE102365,0.013410933205491466,-0.07665894504793025,"primary,tissue"
GSE48649,0.013409181996699418,-0.07684734544997109,"center,targets"
GSE37641,0.013408650929708521,-0.0769044841245501,3seq
GSE86927,0.013405368800893786,-0.07725766585826978,"profiling,tissue"
GSE58746,0.013405322245486264,-0.07726267619205374,"profiling,targets"
GSE73993,0.01340508094561718,-0.07728864537439098,profiling
GSE80120,0.013404564282511779,-0.07734425127993161,profiling
GSE80623,0.01340017400120147,-0.07781684213786769,uterine
GSE78510,0.013399264978998831,-0.07791471297951312,profiling
GSE36892,0.013397178547951747,-0.07813937590747524,profiling
GSE91052,0.01339532029111188,-0.07833949893056297,"malignant,targets"
GSE45930,0.01339523756172958,-0.078348409030176,npcs
GSE47656,0.013394845633325048,-0.07839062115482877,"primary,profiling"
GSE96950,0.013393680414780387,-0.07851612675479902,npcs
GSE78273,0.013390470397650716,-0.07886193393373479,"profiling,tissue"
GSE78270,0.01338980563694198,-0.0789335573163191,"profiling,tissue"
GSE78241,0.013389562929546581,-0.07895970825074965,profiling
GSE78272,0.013388505077711286,-0.0790736938898298,"profiling,tissue"
GSE67610,0.013388067937215276,-0.0791207992774737,hrs
GSE78274,0.013387238331155278,-0.07921020020062552,"profiling,tissue"
GSE72826,0.01338278685976104,-0.07968999920854704,profiling
GSE43948,0.013381573255648533,-0.07982083444080124,"primary,profiling,targets"
GSE60415,0.013381557086083731,-0.07982257771602026,"malignant,primary,subtypes"
GSE68265,0.013380975523906508,-0.07988527857332746,"primary,profiling,targets"
GSE107592,0.013376723767288897,-0.08034376255374492,profiling
GSE74650,0.01337670417382488,-0.08034587573291832,profiling
GSE89758,0.013375910075776988,-0.08043152278821684,profiling
GSE46240,0.013375438030487559,-0.08048243741094924,"new,primary,profiling"
GSE81789,0.013374808086756049,-0.08055038569775559,"center,new"
GSE76752,0.013374719631863168,-0.08055992705763637,"profiling,tissue"
GSE94965,0.013373335688753497,-0.08070921700331982,"profiling,tissue"
GSE78224,0.01337258148807802,-0.08079058131529607,profiling
GSE76722,0.013371681110494178,-0.08088772142307359,profiling
GSE78752,0.013370768918004663,-0.08098614289007199,"lymphatic,tissue"
GSE81670,0.013368475459319327,-0.08123362643397791,primary
GSE42339,0.01336786313855612,-0.08129970819198908,"targets,uterine"
GSE86573,0.01336696173837346,-0.08139699295670035,"primary,profiling,tissue"
GSE80113,0.013366484775837151,-0.08144847240103835,malignant
GSE47033,0.013365254226271944,-0.08158129636407399,profiling
GSE63482,0.013364882157511186,-0.08162145940315027,"profiling,subtypes"
GSE77105,0.01336300727938697,-0.08182386052299184,"micrornas,primary,targets,tissue"
GSE86962,0.013362641366590053,-0.08186336568782694,profiling
GSE102890,0.013362617697393463,-0.0818659211304111,"profiling,tissue"
GSE90932,0.013362415669641194,-0.08188773322189277,"hrs,primary,profiling,rich,targets"
GSE72064,0.013362025190926026,-0.0819298925103827,"primary,profiling"
GSE42704,0.013355530483297257,-0.08263129519757897,profiling
GSE92463,0.01335499191611847,-0.08268947363276716,"primary,profiling"
GSE99457,0.013354547303647362,-0.08273750442820432,"primary,profiling"
GSE117470,0.013354335616863243,-0.0827603731849835,"profiling,tissue"
GSE101905,0.013351517955512551,-0.08306480277841438,profiling
GSE70158,0.0133492186856483,-0.08331327122208321,"profiling,tissue"
GSE60927,0.013349171952120792,-0.0833183218807012,profiling
GSE74893,0.013348072178571462,-0.0834371834260239,profiling
GSE68056,0.013347189029206048,-0.08353263970947403,profiling
GSE40823,0.013346898922295505,-0.0835639976492504,"aid,profiling,tissue"
GSE75760,0.013346292430464745,-0.08362955614655898,"hrs,profiling"
GSE30641,0.013346016868092368,-0.08365934393776507,"profiling,tissue"
GSE67863,0.013345899496259247,-0.08367203180620235,malignant
GSE55744,0.013345842857920849,-0.0836781544376024,"lhpgds,profiling"
GSE84812,0.01334535042509895,-0.08373138775562401,profiling
GSE98510,0.013344847379937415,-0.08378577032448149,"center,new"
GSE93753,0.013343127663468846,-0.08397169873758435,profiling
GSE94373,0.013341662524844177,-0.08413012218519102,3seq
GSE96526,0.01334161293188416,-0.08413548490893885,primary
GSE69221,0.013338848174586844,-0.08443448286406863,"micrornas,profiling,tissue"
GSE95687,0.013338345585621044,-0.08448884260034127,"micrornas,targets"
GSE74366,0.013338249162145576,-0.0844992719427067,tissue
GSE72671,0.013337005252235285,-0.08463382231154763,"malignant,new"
GSE79028,0.013334980244995773,-0.08485288871049457,"microdissected,tissue"
GSE41937,0.013330191123089615,-0.08537111095652043,"profiling,tissue"
GSE85266,0.013329823142745672,-0.08541093714806632,"new,primary"
GSE81181,0.01332935903983991,-0.08546116816836462,"primary,profiling"
GSE72941,0.01332917663721389,-0.0854809105403535,profiling
GSE25602,0.013327729317480717,-0.08563757095752485,"micrornas,primary"
GSE72196,0.01332747344010324,-0.08566526934173391,profiling
GSE104205,0.013325292140952044,-0.08590141365220559,sl
GSE81385,0.013325202538256458,-0.08591111473776736,profiling
GSE87104,0.013322161634883199,-0.08624038529578298,microdissected
GSE75210,0.013321791267404256,-0.08628049400841806,profiling
GSE88840,0.01332161491917571,-0.08629959192052548,"aid,primary,profiling"
GSE35833,0.01332124911882873,-0.08633920765746912,"new,profiling"
GSE71493,0.01332099012144016,-0.086367257420459,profiling
GSE76138,0.013319228579116202,-0.0865580492759884,profiling
GSE64771,0.013316907040001094,-0.08680953267620606,primary
GSE89505,0.013312772892014995,-0.08725747759037607,"profiling,tissue"
GSE81849,0.013311991776115605,-0.08734212900786507,ram
GSE86366,0.013310171010722157,-0.08753946903834108,profiling
GSE105043,0.013308836855672962,-0.0876840859139603,hrs
GSE94583,0.013308451284940154,-0.0877258828830006,primary
GSE52868,0.0133077508470498,-0.08780181544964434,profiling
GSE82013,0.013307246060329608,-0.08785654048309453,profiling
GSE68715,0.013306739128758018,-0.08791150013376652,"primary,profiling"
GSE65922,0.013305401875782163,-0.08805649021464525,"micrornas,targets"
GSE65686,0.01330456621387972,-0.08814710327204159,profiling
GSE84410,0.01330441890975578,-0.08816307644261746,"profiling,subtypes"
GSE80678,0.013304339765650305,-0.08817165863992137,primary
GSE65921,0.013304049929834923,-0.08820308817762186,"micrornas,targets"
GSE79443,0.013303264493206117,-0.08828826366821232,"new,tissue"
GSE46363,0.013303108798157114,-0.08830514838020447,"profiling,rich"
GSE88801,0.013302774959239979,-0.08834135298476674,primary
GSE103670,0.013301513896251317,-0.08847812261099021,uterine
GSE70283,0.013300837030477816,-0.08855153799429051,profiling
GSE58905,0.013300661709900718,-0.08857055452637516,profiling
GSE45657,0.013300621852501747,-0.08857487778180786,profiling
GSE102227,0.013300200222938569,-0.08862061192327272,"new,profiling,tissue"
GSE53743,0.013300104256877875,-0.08863102156049792,profiling
GSE87130,0.013299702492964317,-0.08867460253920148,profiling
GSE76294,0.013299649157968454,-0.08868038810383085,tissue
GSE89992,0.013299595915346312,-0.0886861636712741,"profiling,tissue"
GSE75104,0.013299288903037897,-0.0887194677092354,"profiling,subtypes,targets"
GSE79883,0.013298145230773049,-0.08884353759489534,profiling
GSE89184,0.013297828149287597,-0.0888779376809614,profiling
GSE92905,0.013297497297194752,-0.08891383261103847,profiling
GSE76133,0.013296926964135411,-0.0889757114972597,tissue
GSE87647,0.013296808549415942,-0.08898855935975426,microdissected
GSE96552,0.013296430811086783,-0.08902954430385077,profiling
GSE82014,0.013295705874052328,-0.08910820387733356,profiling
GSE55590,0.013295462129691724,-0.08913465241695766,hrs
GSE69054,0.013294977959741766,-0.0891871908167342,profiling
GSE102204,0.013294926664715571,-0.0891927570706159,"cases,profiling"
GSE51619,0.013294391791597455,-0.08925079983665234,profiling
GSE76317,0.01329391922427559,-0.08930208331467429,tissue
GSE102566,0.013293857776386607,-0.08930875183492774,"profiling,tissue"
GSE66557,0.013292279877718388,-0.08948000097355434,profiling
GSE69278,0.013291232489473524,-0.08959368511029749,profiling
GSE100727,0.013290867950837977,-0.08963325445004398,"profiling,targets"
GSE39849,0.013290718834484651,-0.08964944079927871,profiling
GSE92562,0.013290479469474457,-0.08967542388019419,profiling
GSE97735,0.013290403226515183,-0.08968370015457573,profiling
GSE75103,0.013290135851394625,-0.08971272445384718,"profiling,subtypes,targets"
GSE84857,0.013289572253576442,-0.08977390644834164,"primary,profiling"
GSE89928,0.013288956012822714,-0.08984080612545284,"new,profiling,tissue"
GSE64936,0.013288448070479752,-0.08989595115745373,profiling
GSE88830,0.013287364302881167,-0.09001361801322885,lymphatic
GSE75105,0.013287102954957313,-0.0900419945259201,"profiling,subtypes,targets"
GSE124872,0.013286896339794466,-0.09006442868552941,tissue
GSE55131,0.013285564774637625,-0.09020901765993658,"profiling,tissue"
GSE62826,0.01328555109783314,-0.09021050284092022,"subtypes,tissue"
GSE74189,0.0132845930211999,-0.09031454536338261,"profiling,rich,tissue"
GSE83991,0.01328442803119396,-0.09033246324322472,profiling
GSE102334,0.013284075523140768,-0.09037074628910294,"primary,tissue"
GSE83567,0.013283794914585142,-0.09040122163883754,"profiling,reenter"
GSE86248,0.013283140199721436,-0.09047232911760325,profiling
GSE75106,0.013282195704147218,-0.09057491536658367,"profiling,subtypes,targets"
GSE63137,0.013281633446388628,-0.09063598837496223,"profiling,tissue"
GSE62205,0.013279587991140889,-0.09085818961333901,hrs
GSE99061,0.013278467767016675,-0.09097989594639,tissue
GSE80121,0.01327843973572084,-0.09098294152776934,profiling
GSE53075,0.01327817868042788,-0.09101130531796733,"profiling,tissue"
GSE85039,0.013277925693878279,-0.0910387929671639,"microdissected,tissue"
GSE66882,0.013277302784087208,-0.09110647597485548,"micrornas,primary"
GSE74549,0.013277079095195484,-0.09113078193356827,"primary,profiling"
GSE68582,0.013275696594980785,-0.09128101302269044,"npcs,primary"
GSE57654,0.013274086207047198,-0.09145602753831686,primary
GSE40918,0.01327306377624555,-0.09156715478541096,"new,profiling"
GSE72590,0.013272672258034529,-0.09160971087658659,profiling
GSE83351,0.01327206751592907,-0.0916754458164761,profiling
GSE64478,0.013270819818798412,-0.09181107887263602,profiling
GSE65976,0.0132701209609993,-0.09188705497986319,tissue
GSE89737,0.013269836263579903,-0.09191800691785303,"profiling,tissue"
GSE40969,0.013269674061290647,-0.09193564163947891,profiling
GSE47540,0.013268500077578921,-0.09206328421739206,hrs
GSE44942,0.013267976307767224,-0.09212023526839284,primary
GSE60896,0.013267833761194106,-0.09213573517087181,primary
GSE90929,0.013267484094593171,-0.09217375712138351,"primary,tissue"
GSE92275,0.013266981005502691,-0.09222846364237874,primary
GSE68902,0.013266075341993018,-0.09232695182538443,profiling
GSE51372,0.01326551634459625,-0.0923877444669894,primary
GSE69751,0.013265012091256825,-0.09244258572610634,profiling
GSE96968,0.013264691080568825,-0.09247749908527002,"profiling,targets,tissue"
GSE87890,0.013264410036484556,-0.0925080663408186,"profiling,targets"
GSE65118,0.013263629147313763,-0.09259300175023266,profiling
GSE104525,0.013262552981943771,-0.09271006182587788,tissue
GSE94852,0.013262551420746747,-0.09271023165225584,hrs
GSE73574,0.013262155071695479,-0.09275334698783423,"micrornas,profiling"
GSE79796,0.01326176619381991,-0.09279565085210967,"new,profiling"
GSE72369,0.013261647003293547,-0.09280861717586505,profiling
GSE57804,0.013260536650330109,-0.09292941422152645,"tissue,uterine"
GSE63809,0.013259577126115234,-0.09303381051776315,primary
GSE93131,0.013259028682601053,-0.093093484600476,aid
GSE41876,0.013258267197210486,-0.09317634306402076,"profiling,tissue"
GSE70800,0.013258104582093748,-0.09319403809593896,"microdissected,reeler"
GSE70437,0.01325799658444343,-0.09320579002534692,tissue
GSE105138,0.013257943982709176,-0.09321151399813672,profiling
GSE86631,0.013256468562929917,-0.09337207428189179,profiling
GSE89574,0.013255773250008344,-0.09344774683430195,npcs
GSE67957,0.013255098398236428,-0.09352119634722683,profiling
GSE76017,0.01325484857572164,-0.09354838747692254,"new,primary,profiling"
GSE108528,0.013254811380309553,-0.0935524359359862,"center,primary,targets"
GSE67266,0.013254505770811638,-0.09358569981106789,primary
GSE76992,0.013253884485117376,-0.09365332562927864,profiling
GSE90827,0.013253724888488732,-0.09367069794388046,profiling
GSE68160,0.013253654270682936,-0.09367838485684207,hrs
GSE52359,0.013252771661165903,-0.09377446241758229,profiling
GSE83848,0.013251251383522943,-0.09393996914197507,profiling
GSE101900,0.013251212567544983,-0.09394419513537805,profiling
GSE81432,0.01325109506123107,-0.0939569884195502,tissue
GSE56292,0.01325064690948471,-0.09400578115950041,profiling
GSE108753,0.013250255228763663,-0.09404842694045966,"center,primary,targets"
GSE83145,0.013249633025534651,-0.09411617435920143,profiling
GSE76587,0.013248787848009225,-0.0942082050074303,profiling
GSE78056,0.013247314727558936,-0.0943686258515443,profiling
GSE99975,0.01324712737273277,-0.09438902981986196,"micrornas,profiling"
GSE66066,0.013246840678187327,-0.09442025298720175,profiling
GSE59784,0.013246699582428004,-0.09443561961244441,"primary,profiling"
GSE94843,0.013246293723731565,-0.09447982226798685,hrs
GSE103753,0.013245921207853173,-0.09452039470119644,aid
GSE60397,0.013245706037307972,-0.09454383044379101,profiling
GSE81082,0.013245626900396618,-0.09455244989905438,tissue
GSE25432,0.013245585279070835,-0.09455698324240572,"hrs,new"
GSE97461,0.013243684957517987,-0.09476397909095918,"hundreds,profiling"
GSE54795,0.013243008808929932,-0.09483763692260122,profiling
GSE92590,0.01324286538156922,-0.0948532620018825,profiling
GSE94098,0.013242586125926622,-0.09488368479687379,"alkb,profiling"
GSE104875,0.013242283207702191,-0.09491668617699732,profiling
GSE89798,0.013242254566689681,-0.09491980650683397,"profiling,tissue"
GSE81830,0.013241924110833417,-0.0949558089089392,"profiling,smooth"
GSE79791,0.013241867062080144,-0.09496202432975263,"profiling,targets,tissue"
GSE89984,0.013241242708639755,-0.09503004894016868,"cases,profiling"
GSE58283,0.013241223489420684,-0.09503214296508573,profiling
GSE83841,0.013240230589413525,-0.0951403282567872,profiling
GSE48962,0.013239999410449009,-0.09516551842663667,primary
GSE73336,0.01323988151090083,-0.09517836539479234,tissue
GSE104734,0.01323985040732299,-0.0951817546268012,profiling
GSE104560,0.013239367803779165,-0.09523434301773637,profiling
GSE87113,0.013239283868813555,-0.09524348944710447,"profiling,tissue"
GSE99977,0.01323919781622378,-0.09525286669509014,"micrornas,profiling"
GSE68220,0.013238002806181164,-0.09538309459101114,profiling
GSE54124,0.013237624101534604,-0.09542436691423091,"aid,profiling,tissue"
GSE99972,0.013236732724574382,-0.09552151640337676,"micrornas,profiling"
GSE70133,0.013236677951722817,-0.09552748620623247,profiling
GSE94939,0.013235841023053703,-0.09561870781170663,profiling
GSE63526,0.0132350764320859,-0.09570204996255828,primary
GSE97196,0.01323483944616689,-0.09572788294304055,profiling
GSE38842,0.013233626080498004,-0.09586015480691192,"new,primary,profiling"
GSE81311,0.013233395713162748,-0.09588526906530916,profiling
GSE74381,0.01323309228325335,-0.09591834914949898,profiling
GSE89572,0.013233056386414076,-0.09592226269148416,profiling
GSE62535,0.013232650858089973,-0.09596647490140282,"profiling,tissue"
GSE74804,0.013231970821882273,-0.09604061802549901,profiling
GSE86850,0.01323138050144787,-0.09610498268989737,profiling
GSE87606,0.013229922059428943,-0.09626401394434311,"primary,profiling"
GSE99787,0.01322954592598136,-0.09630503108496558,profiling
GSE70307,0.013227787761634982,-0.09649677338351081,profiling
GSE77051,0.013227156591068231,-0.09656561394765178,profiling
GSE81940,0.013226841862583836,-0.0965999420076977,"tissue,uterine"
GSE80473,0.013226368220343988,-0.09665160464588142,"new,profiling,targets"
GSE76419,0.013224891976218503,-0.09681263818949054,3seq
GSE69445,0.013224453050740608,-0.09686052108486595,profiling
GSE83465,0.013224308276430067,-0.09687631503281557,"primary,profiling,tissue"
GSE74920,0.013224263177351394,-0.09688123508812103,"smooth,tissue"
GSE69374,0.01322400834029015,-0.09690903669052485,profiling
GSE68472,0.013223020563310553,-0.09701680387721551,profiling
GSE84586,0.013222464898601237,-0.09707743083918212,tissue
GSE101125,0.013221387673740424,-0.09719497097152303,profiling
GSE92967,0.013220889923772947,-0.09724928561269702,"primary,tissue"
GSE77646,0.013220737562878459,-0.0972659116926928,profiling
GSE75357,0.013220726705130026,-0.09726709653023884,tissue
GSE73438,0.01321986287221001,-0.09736136428222397,"new,profiling"
GSE84137,0.013219789111452267,-0.0973694138798113,profiling
GSE109238,0.013219761942196095,-0.09737237890376818,tissue
GSE84942,0.013219243452469803,-0.09742896367659179,"profiling,tissue"
GSE99973,0.013219187648388513,-0.09743505392234293,"micrornas,profiling"
GSE72901,0.013218512740905502,-0.09750871280073807,"profiling,rich"
GSE73018,0.013218351089947086,-0.09752635581902909,"new,profiling,tissue"
GSE99974,0.013217460095347865,-0.09762360522675342,"micrornas,profiling"
GSE79580,0.013217390624209922,-0.09763118807011872,profiling
GSE106895,0.013216869130022915,-0.09768811094857582,profiling
GSE55552,0.013216844682182208,-0.0976907795693227,profiling
GSE42878,0.013216775268110215,-0.09769835653665601,"profiling,tissue"
GSE49933,0.013216532290432414,-0.09772487933862047,"hundreds,subtypes,tissue"
GSE88706,0.01321647670616571,-0.09773094683898977,hrs
GSE75470,0.013215894291730014,-0.09779452391410905,profiling
GSE68818,0.013215601818597853,-0.09782645169720684,profiling
GSE72343,0.013215461865220565,-0.09784172993540315,"new,profiling,tissue"
GSE106913,0.013214496196840517,-0.09794715310560916,profiling
GSE106085,0.013214455052609722,-0.0979516450415297,"microdissected,tissue"
GSE99970,0.013214246445431047,-0.09797442001911956,"micrornas,profiling"
GSE45254,0.013214161073116772,-0.09798374076342468,profiling
GSE89771,0.01321384060551624,-0.09801872918394136,primary
GSE72403,0.013213518977749632,-0.09805384512372796,profiling
GSE99971,0.013213336273216532,-0.09807379353766905,"micrornas,profiling"
GSE93010,0.01321306143951123,-0.098103801503797,npcs
GSE66551,0.013213057128589075,-0.09810427220069474,profiling
GSE76183,0.01321266488984577,-0.09814710023691316,malignant
GSE85498,0.013212550472098024,-0.09815959360092195,tissue
GSE74534,0.013212363565795188,-0.0981800022800822,profiling
GSE100874,0.013212316640077632,-0.09818512623991682,"profiling,tissue"
GSE72368,0.013212087169149823,-0.09821018312081932,profiling
GSE99101,0.01321139752894337,-0.09828549041033421,profiling
GSE84271,0.013210889281045373,-0.09834099254967167,profiling
GSE95182,0.013210271432311986,-0.09840846629266968,profiling
GSE69968,0.013209748958241535,-0.09846552686562818,"hrs,primary,tissue"
GSE81017,0.013209514157747602,-0.09849117069276431,"new,profiling,targets"
GSE76619,0.013208338712838746,-0.09861955421812268,"primary,profiling,tissue"
GSE83264,0.013207687654457245,-0.09869066852467667,"micrornas,profiling"
GSE102856,0.013207546501533772,-0.09870608694735666,primary
GSE50807,0.01320481915053411,-0.0990040334340737,"new,profiling,tissue"
GSE84370,0.013204286853098615,-0.09906219086435285,profiling
GSE85278,0.01320393638476187,-0.09910048340125613,primary
GSE103545,0.013203218939715653,-0.09917887536720785,profiling
GSE80160,0.013201509466718492,-0.09936567889580501,"primary,tissue"
GSE85360,0.013201211557092122,-0.09939823559632284,profiling
GSE56786,0.013201077211612587,-0.0994129176232328,profiling
GSE27037,0.013200829144220287,-0.09944002821076874,"aid,primary,targets"
GSE45893,0.013200654904044873,-0.09945907073402524,microdissected
GSE80222,0.01320039779437166,-0.09948717043556049,aid
GSE74506,0.013200322020700183,-0.09949545189915963,rich
GSE97270,0.013199571441619618,-0.09957748683003265,"profiling,tissue"
GSE43028,0.013199544026104194,-0.09958048331134992,micrornas
GSE54390,0.013199425422081563,-0.0995934466533937,profiling
GSE64428,0.013199172272310175,-0.09962111614735866,profiling
GSE73279,0.013199138857356442,-0.09962476847100964,primary
GSE93591,0.013199023425038968,-0.0996373855335306,tissue
GSE61462,0.013198610959610701,-0.09968247001491087,profiling
GSE90136,0.01319850050586617,-0.09969454338662746,profiling
GSE66352,0.013197377989666925,-0.09981724803956925,micrornas
GSE104054,0.013196898210496803,-0.09986969691327835,"profiling,tissue"
GSE30839,0.01319685967794691,-0.09987390932735582,"new,profiling"
GSE36639,0.013196780302568668,-0.09988258675605784,"micrornas,new,profiling"
GSE99588,0.013196717809409349,-0.09988941863341315,profiling
GSE69256,0.01319661016886001,-0.0999011861897333,"hundreds,profiling"
GSE79436,0.013196589457468932,-0.0999034504260988,"primary,smooth"
GSE81222,0.013195773478625527,-0.09999265870457512,"profiling,uterine"
GSE75826,0.013195685756419983,-0.10000224941267422,profiling
GSE98802,0.013194562494851524,-0.10012506173940837,"lymphatic,tissue"
GSE84953,0.01319277690848949,-0.1003203111773407,hrs
GSE63426,0.013192765686536139,-0.10032153835365444,profiling
GSE84357,0.01319276501512245,-0.1003216117761079,profiling
GSE83222,0.013192705349874129,-0.10032813648509932,tissue
GSE87051,0.013192671160233635,-0.10033187531556632,profiling
GSE37338,0.013191922779818255,-0.10041371737208686,"new,npcs"
GSE85657,0.013191835250385607,-0.10042328979753663,primary
GSE102642,0.013191797854754913,-0.10042737949138114,tissue
GSE86955,0.01319170530797119,-0.10043750072396385,"profiling,tissue"
GSE85597,0.013191605343080117,-0.10044843330589212,tissue
GSE98167,0.013191579874992443,-0.10045121861657261,tissue
GSE47793,0.013191423958727626,-0.1004682704749179,"profiling,rich"
GSE99504,0.013191315012020269,-0.10048018560432126,primary
GSE63968,0.013190960777177305,-0.100518927739789,"micrornas,tissue"
GSE98142,0.01319090635285072,-0.10052488013926716,"dicerflfl,micrornas,profiling"
GSE74855,0.013190478038762188,-0.1005717257939415,profiling
GSE107586,0.013190016227579494,-0.10062223680381427,"profiling,subtypes"
GSE94653,0.013189820899700153,-0.10064360149697135,tissue
GSE84994,0.013189711367817422,-0.10065558208119349,profiling
GSE71333,0.013189398498608416,-0.10068980422580599,"new,profiling,targets"
GSE96766,0.013188929403248322,-0.10074111616280984,"primary,tissue"
GSE31920,0.013188891541711888,-0.10074525772180885,profiling
GSE38236,0.013188587969025244,-0.10077846505000815,"primary,targets"
GSE74138,0.013188042767815971,-0.10083810565299973,aid
GSE52125,0.013187974595442822,-0.10084556333270274,micrornas
GSE109913,0.013187712262873689,-0.10087426142110502,profiling
GSE33252,0.013187058146098841,-0.10094582155321573,"cases,primary"
GSE95257,0.01318691469972481,-0.10096151500779385,"profiling,tissue"
GSE87799,0.013186815201991805,-0.10097240045225109,new
GSE98168,0.013186787830922583,-0.10097539496959325,tissue
GSE84055,0.01318676361617585,-0.1009780441763258,profiling
GSE61209,0.013186600310520297,-0.10099591070712371,profiling
GSE78855,0.01318623550767858,-0.10103582293001137,"primary,profiling"
GSE95448,0.013186142004337797,-0.10104605308889608,profiling
GSE58239,0.0131857143196748,-0.10109284680222763,"new,tissue"
GSE23619,0.013185605361273507,-0.10110476837059133,"hundreds,profiling,tissue"
GSE89712,0.013185227812460863,-0.10114607823715065,profiling
GSE95445,0.013184954893885378,-0.10117594062224061,profiling
GSE70031,0.013184592374108618,-0.10121560800665734,profiling
GSE52023,0.013184225885894556,-0.1012557107313067,"micrornas,profiling"
GSE100560,0.013183860225966682,-0.10129572393229463,"hundreds,profiling"
GSE64608,0.013183850013295544,-0.10129684149387823,profiling
GSE56932,0.013183700928745372,-0.10131315575390801,"primary,profiling,targets"
GSE73369,0.01318358391453785,-0.10132596069896842,hrs
GSE76093,0.013183569665867813,-0.10132751994847483,"new,profiling,tissue"
GSE67305,0.013183491820549903,-0.1013360386872174,profiling
GSE77324,0.013182420823907231,-0.1014532446847398,"new,profiling"
GSE93314,0.013181914907135177,-0.1015086136973088,profiling
GSE92304,0.013181896651101581,-0.10151061173079326,tissue
GSE39918,0.013181715227238513,-0.10153046783463524,microdissected
GSE36026,0.013181477185707,-0.1015565209265118,primary
GSE81836,0.013181150552039271,-0.10159227098734272,"primary,tissue"
GSE93820,0.013180962118214996,-0.10161289547576849,tissue
GSE77107,0.013180805708360558,-0.10163001509557774,primary
GSE72811,0.013179458922446985,-0.10177743405267507,profiling
GSE104508,0.01317917299637368,-0.10180873341064686,profiling
GSE86339,0.013177854788111244,-0.10195304198293431,"profiling,tissue"
GSE85209,0.013177794130679025,-0.1019596826979419,rich
GSE59121,0.013177280399754961,-0.10201592667143067,profiling
GSE84651,0.013177163494944454,-0.1020287258783537,tissue
GSE63510,0.013177138932507585,-0.10203141508676371,"new,tissue"
GSE65207,0.013176915912601091,-0.10205583255990143,tissue
GSE40171,0.013176682207835048,-0.10208142031497548,"cases,primary,profiling,targets"
GSE71176,0.01317642082898822,-0.10211003857413059,"new,profiling,targets"
GSE65344,0.01317535637928572,-0.10222659058470426,profiling
GSE80187,0.013175130326959572,-0.10225134341553875,"lymphomas,profiling"
GSE84927,0.013174876579035653,-0.10227912943265757,tissue
GSE73127,0.013174874918115302,-0.10227931130925358,primary
GSE107338,0.013174769973941031,-0.10229080311040767,"profiling,tissue"
GSE57391,0.013174674997781882,-0.10230120345348546,profiling
GSE36290,0.013174127951320582,-0.10236110911360152,"tetraploid,profiling"
GSE63093,0.013173998347433649,-0.10237530206856466,profiling
GSE93031,0.013173877090750699,-0.10238858104550355,tissue
GSE77893,0.013173823136784155,-0.10239448965379182,aid
GSE92332,0.013173379366797541,-0.10244308872300659,tissue
GSE61205,0.013173284387937977,-0.10245349045970899,"primary,targets"
GSE48968,0.013172741746635274,-0.10251291998524753,primary
GSE98585,0.013171776016155448,-0.10261869186441051,profiling
GSE75931,0.013170591209252099,-0.10274846873908525,profiling
GSE58282,0.013170047100502095,-0.10280807116680292,"new,primary"
GSE96685,0.013170033048163159,-0.1028096105121339,tissue
GSE85018,0.0131699973941951,-0.1028135161874155,profiling
GSE81686,0.013169982679151452,-0.1028151281340028,tissue
GSE70108,0.01316974272452259,-0.10284141400811903,"profiling,targets"
GSE53915,0.013169322036421682,-0.10288749951969668,primary
GSE95363,0.013169070435012023,-0.1029150626374079,primary
GSE103127,0.013168970486199449,-0.10292601224878371,profiling
GSE67291,0.013168791414359397,-0.10294563016898399,profiling
GSE65936,0.013168748128219481,-0.10295037235071242,"profiling,tissue"
GSE103736,0.013168626696242013,-0.1029636758263146,tissue
GSE69913,0.013168586740729472,-0.10296805317777108,"micrornas,targets,tissue"
GSE105045,0.013168483171492577,-0.10297939983288151,profiling
GSE67478,0.013168203347655205,-0.10301005672377178,profiling
GSE68156,0.013167628032169143,-0.10307308908351392,profiling
GSE82002,0.013167266967586458,-0.10311264922475755,profiling
GSE30943,0.013167224763676372,-0.10311727337869282,profiling
GSE77390,0.01316698164204076,-0.10314391176472486,tissue
GSE29278,0.013166931768866953,-0.10314937633654157,"primary,tissue"
GSE102867,0.013165889579465927,-0.10326357309969307,profiling
GSE94626,0.013165826976771197,-0.10327043300926564,"primary,tissue"
GSE82294,0.013165573088294944,-0.10329825406281644,"new,tissue"
GSE76410,0.013165522477969845,-0.1033037999972691,profiling
GSE80425,0.013165046523588844,-0.10335595663886654,"hrs,hundreds"
GSE81530,0.013163965664101092,-0.10347440776894588,"new,profiling"
GSE87387,0.013162905827649894,-0.10359056443371341,primary
GSE102827,0.013162729821456838,-0.10360985538381823,primary
GSE86338,0.013162456272462856,-0.10363983790896837,profiling
GSE67112,0.013162288417449325,-0.10365823608136976,profiling
GSE79105,0.013162162874229838,-0.10367199671616258,"new,profiling"
GSE63748,0.013162142035423648,-0.10367428084426772,profiling
GSE93416,0.01316213385650481,-0.10367517733127446,profiling
GSE64867,0.013161994416726625,-0.10369046133797755,primary
GSE80204,0.013161857207645093,-0.10370550099587546,"hundreds,new,primary"
GSE69699,0.013161789590810744,-0.10371291261876675,profiling
GSE70210,0.013161768873567242,-0.10371518348685639,"primary,tissue"
GSE83795,0.01316155577822761,-0.1037385415993895,primary
GSE42671,0.013161501814890357,-0.10374445676625549,3seq
GSE98689,0.013161063316349824,-0.10379252348519176,"profiling,smooth,targets"
GSE69823,0.013160568242276826,-0.10384679374640116,aid
GSE96626,0.013160203825068247,-0.1038867426429091,primary
GSE66202,0.01316011444331067,-0.1038965412036323,profiling
GSE63310,0.013160024096726558,-0.10390644560202007,"primary,profiling"
GSE60307,0.013159955171582742,-0.10391400168420097,profiling
GSE106413,0.013159951491576656,-0.10391440511469936,profiling
GSE77967,0.013159815236855391,-0.10392934248194094,"new,profiling"
GSE94813,0.013159353019321834,-0.10398001573552185,profiling
GSE81282,0.013159312342378346,-0.10398447526444134,microdissected
GSE57967,0.013159135674883833,-0.10400384398390802,profiling
GSE65955,0.013159127386458839,-0.10400475268138618,profiling
GSE50983,0.013159009597479433,-0.10401766648121656,"profiling,targets"
GSE55090,0.013158975280065514,-0.10402142889411464,primary
GSE38841,0.013158887237955682,-0.10403108149528302,"new,profiling"
GSE61734,0.013158805882795882,-0.10404000102216218,"micrornas,profiling,targets"
GSE95487,0.013158593812531469,-0.10406325200609967,"primary,profiling"
GSE104213,0.013158271622453832,-0.1040985770358531,tissue
GSE71281,0.013158264774039127,-0.10409932790775997,profiling
GSE101939,0.01315750879088122,-0.10418221759751328,tissue
GSE64510,0.013157422354155422,-0.1041916952461511,tissue
GSE94560,0.013157372547376664,-0.10419715650799904,"new,profiling"
GSE75896,0.013157329251585144,-0.1042019038636176,profiling
GSE84804,0.013157246779502682,-0.10421094691749298,primary
GSE79169,0.013157224278241945,-0.104213414187856,primary
GSE94791,0.013157163687300048,-0.10422005802479517,primary
GSE97762,0.013156689747014422,-0.10427202694690926,"profiling,tissue"
GSE102014,0.013156325959475157,-0.10431191857200629,profiling
GSE58498,0.013156269153207343,-0.1043181478413366,micrornas
GSE98875,0.01315568455639244,-0.10438225519993312,"cases,tissue"
GSE92301,0.013155578743781104,-0.10439385900077666,profiling
GSE66029,0.013154922703759592,-0.10446580485005993,profiling
GSE100473,0.013154917973360637,-0.10446632363108918,profiling
GSE61470,0.013154837463512105,-0.10447515314373901,profiling
GSE96938,0.013154762106207477,-0.10448341762601612,"profiling,tissue"
GSE102007,0.01315472852602148,-0.10448710040106382,profiling
GSE72402,0.013154296635737778,-0.10453446711014794,"new,profiling"
GSE29898,0.013154236230328388,-0.10454109207741721,"hundreds,primary"
GSE95434,0.013153947352390963,-0.10457277520494679,profiling
GSE75386,0.01315386176829223,-0.10458216190486212,"new,tissue"
GSE31555,0.01315295549805824,-0.10468156363480625,"primary,subtypes"
GSE47496,0.013152571582806895,-0.1047236743765962,"new,profiling"
GSE57147,0.013152301543784495,-0.10475329504472115,primary
GSE75907,0.013152041438135975,-0.1047818266928598,cases
GSE89011,0.013151906019497742,-0.10479668133003095,profiling
GSE65337,0.013151493969154692,-0.10484188179740915,primary
GSE71916,0.013151185630686072,-0.10487570636482074,"new,profiling"
GSE63340,0.01315118533519829,-0.10487573878005484,"new,tissue"
GSE107678,0.01315110611146215,-0.10488442971038563,"micrornas,profilig"
GSE103246,0.013150989720351232,-0.1048971980372596,primary
GSE95762,0.013150982481109007,-0.10489799219967277,profiling
GSE53789,0.013150911125014464,-0.10490582015953592,"profiling,tissue"
GSE64960,0.013150667137522998,-0.10493258657944217,"new,profiling,tissue"
GSE75318,0.013150432374977023,-0.10495834145411656,tissue
GSE75426,0.01315021994059417,-0.10498164719018632,profiling
GSE32190,0.01315021492764372,-0.10498219715514234,"new,profiling"
GSE67169,0.013150006560832492,-0.10500505702081946,profiling
GSE66380,0.013149925597024407,-0.10501393963570335,profiling
GSE70368,0.013149909531102675,-0.10501570224946108,primary
GSE64824,0.013149646916861,-0.10504451431440173,profiling
GSE104762,0.01314910900559011,-0.10510353170102985,primary
GSE72942,0.013148810697213562,-0.10513626189569059,"profiling,targets"
GSE96991,0.01314877582319328,-0.10514008829824469,"new,primary,targets"
GSE77885,0.013148710467173178,-0.10514725923504477,primary
GSE64092,0.013148568851969203,-0.10516279753845716,profiling
GSE70793,0.013148497062807098,-0.10517067445282435,"profiling,targets"
GSE86788,0.01314841008761005,-0.10518021768045507,"profiling,targets"
GSE75631,0.01314834989500675,-0.10518682226370707,profiling
GSE81283,0.013148254332426114,-0.10519730785036199,"profiling,tissue"
GSE78938,0.013148220388352184,-0.1052010323759987,primary
GSE71554,0.013148016755123282,-0.10522337630664555,profiling
GSE78795,0.013147596413790668,-0.10526949992066435,"hrs,primary"
GSE100990,0.013147523713966871,-0.10527747734573442,profiling
GSE74552,0.013146849138278934,-0.10535150132077827,profiling
GSE46066,0.01314665458766157,-0.10537285086884951,"profiling,targets"
GSE89899,0.013146384235192645,-0.10540251926654598,profiling
GSE84820,0.013146215331508329,-0.10542105501514228,profiling
GSE84448,0.013145878043771875,-0.10545807019973144,"profiling,targets"
GSE79818,0.013145830851374565,-0.1054632493410217,profiling
GSE98969,0.013145370413629879,-0.10551378117060774,profiling
GSE69750,0.013144974782489726,-0.10555720205988879,profiling
GSE46730,0.013144923359568211,-0.10556284586980066,globel
GSE60163,0.013144728728254028,-0.10558420740253162,tissue
GSE95008,0.013144112363869706,-0.10565185784308835,profiling
GSE98671,0.01314395668607892,-0.10566894510623573,"aid,new"
GSE68461,0.013143294239784163,-0.10574165776738083,primary
GSE27016,0.01314297530246532,-0.10577666686500362,"cases,hundreds"
GSE44945,0.013142427499024298,-0.10583680011187281,"primary,profiling"
GSE108438,0.013142311137808345,-0.10584957358864398,profiling
GSE89823,0.013141904702974378,-0.10589419059552048,profiling
GSE39406,0.013141623592639042,-0.10592505072070504,profiling
GSE99791,0.01314154820092077,-0.10593332729089446,profiling
GSE63271,0.013141532107337121,-0.10593509406503573,primary
GSE95672,0.013141426790529534,-0.1059466559319183,primary
GSE79551,0.013141336355880457,-0.10595658408285297,"hundreds,rich"
GSE56690,0.01314082705124224,-0.10601249814628583,primary
GSE74724,0.01314075328312504,-0.1060205969664866,"profiling,targets"
GSE63166,0.013140292347953953,-0.10607120293513045,profiling
GSE104708,0.013140247708610877,-0.10607610397283712,"lymphatic,tissue"
GSE70020,0.013139910804022627,-0.1061130939003151,tissue
GSE81044,0.013139839627352965,-0.1061209087559865,profiling
GSE61239,0.01313950220329309,-0.10615795686936931,tissue
GSE77795,0.01313941866614901,-0.10616712913516323,tissue
GSE87183,0.01313906410357232,-0.10620606027708555,"new,primary,targets"
GSE86418,0.013138973876809804,-0.10621596738681241,"profiling,targets"
GSE63180,0.013138924832237754,-0.10622135262416811,profiling
GSE64357,0.013138773775920268,-0.10623793917563008,"profiling,targets,tissue"
GSE86073,0.01313874138100744,-0.10624149628366011,"primary,profiling"
GSE101986,0.013138407929551874,-0.10627811127226966,profiling
GSE79535,0.01313819219099227,-0.10630180116735867,"primary,tissue"
GSE80010,0.013137819924898101,-0.10634268000739086,profiling
GSE71924,0.013137674247178313,-0.10635867731062199,"hrs,new"
GSE89603,0.013137607689418502,-0.10636598627501248,profiling
GSE102659,0.013137489345587313,-0.10637898215914941,profiling
GSE100265,0.01313696708259372,-0.10643633567533389,"hundreds,micrornas"
GSE100941,0.013136691319245665,-0.10646662018376646,profiling
GSE72726,0.013136523554137969,-0.10648504456693204,profiling
GSE56872,0.01313643529397341,-0.10649473761311344,profiling
GSE81724,0.013136010843624087,-0.10654135317459697,profiling
GSE53018,0.013135963724344363,-0.10654652817589064,profiling
GSE63418,0.013135880952232669,-0.10655561889003998,"profiling,tissue"
GSE76033,0.013135787130744514,-0.10656592320686252,profiling
GSE73413,0.013135732799474328,-0.10657189038761719,micrornas
GSE33141,0.013135681029499913,-0.10657757628528854,"profiling,tissue"
GSE90046,0.013135437210963054,-0.10660435518299617,"new,primary"
GSE59285,0.0131349655189654,-0.10665616312160373,"new,smooth"
GSE58429,0.013134808893212944,-0.10667336640571282,new
GSE86389,0.013134460580077001,-0.10671162476949726,"new,profiling"
GSE84592,0.013134410223240914,-0.10671715599756115,"new,primary"
GSE81576,0.013134317588747219,-0.10672733108678711,"profiling,targets"
GSE81411,0.013134233488151318,-0.10673656886410397,profiling
GSE105051,0.013133935640727203,-0.10676928549537144,"obesogen,tissue"
GSE45376,0.013133650119081184,-0.10680064891541018,"new,profiling,tissue"
GSE95141,0.013133348475754094,-0.10683378397882895,tissue
GSE53427,0.013132710659517936,-0.10690384963400361,tissue
GSE89018,0.01313249887014644,-0.10692711596093939,primary
GSE68699,0.013132181125488878,-0.1069620228124094,"new,primary"
GSE79702,0.013132026906678156,-0.10697896531554282,"new,tissue"
GSE62432,0.013131827353040948,-0.10700088860524364,tissue
GSE70930,0.013131511127353543,-0.1070356303599054,"smooth,tissue"
GSE76157,0.013131095429326738,-0.10708130179625228,profiling
GSE83684,0.013130954521920065,-0.107096783178491,profiling
GSE60647,0.013130872001365304,-0.10710584972190297,"profiling,targets"
GSE81367,0.013130757106248453,-0.10711847335729324,profiling
GSE48043,0.013130750775079034,-0.10711916897208935,tissue
GSE76205,0.013130735416459524,-0.10712085644735546,"profiling,tissue"
GSE65524,0.013130723093099081,-0.10712221043544358,"profiling,targets"
GSE60556,0.013130631482608707,-0.10713227587207412,"profiling,targets"
GSE79812,0.013130453718079079,-0.10715180743395623,profiling
GSE80550,0.013130452341801093,-0.10715195865108626,profiling
GSE59017,0.013130146452957403,-0.10718556826687033,"profiling,tissue"
GSE89762,0.013130108166017607,-0.10718977510941445,tissue
GSE67374,0.01313010597942338,-0.10719001536553945,profiling
GSE90486,0.013129965700389917,-0.10720542886999523,profiling
GSE97390,0.013129308902948018,-0.10727759829788736,"new,primary"
GSE77172,0.013129306645088356,-0.10727784639953851,tissue
GSE85519,0.013129267907801771,-0.10728210299702755,profiling
GSE98048,0.013129144429096342,-0.10729567138141363,profiling
GSE74018,0.013128974572682927,-0.10731433616126966,profiling
GSE74683,0.013128563326851146,-0.10735952717075542,profiling
GSE103849,0.013128482003089966,-0.1073684638493107,primary
GSE79729,0.0131283389712714,-0.10738418176851634,primary
GSE78809,0.013128087920460272,-0.10741177042417997,"primary,tissue"
GSE73175,0.013128033188623428,-0.10741778512446762,primary
GSE38907,0.0131279299996096,-0.10742912504579955,"micrornas,primary"
GSE62786,0.013127892913150587,-0.10743320067128505,cases
GSE43631,0.013127874828029502,-0.10743518814426692,tissue
GSE103272,0.013127412144258539,-0.10748603592838309,profiling
GSE48974,0.013127089555215115,-0.10752148871423622,tissue
GSE33979,0.013126476675109994,-0.1075888471127655,"primary,tissue"
GSE39113,0.01312616788502751,-0.10762278578280504,profiling
GSE80101,0.013126138786041294,-0.10762598405133328,tissue
GSE78130,0.013126111572266567,-0.10762897512275053,tissue
GSE62040,0.013126034429530795,-0.10763745392995591,profiling
GSE36025,0.013125953103423162,-0.10764639258818369,"primary,tissue"
GSE62122,0.013125832670639295,-0.10765962961377444,"new,profiling"
GSE57546,0.01312576962210003,-0.10766655946239219,"new,profiling"
GSE60243,0.013125607563619097,-0.10768437193486749,"targets,tissue"
GSE45118,0.013125492598502594,-0.10769700832743247,profiling
GSE57776,0.01312512749407966,-0.10773713951965193,"new,smooth"
GSE95688,0.013124887543855865,-0.10776351474248032,"new,tissue"
GSE62771,0.013124757992411917,-0.1077777551805439,"sarcomas,targets"
GSE41090,0.013124386575088968,-0.10781858256282889,micrornas
GSE76288,0.013123982948396992,-0.10786295181223382,primary
GSE77801,0.013123886981040675,-0.10787350136382934,"hundreds,profiling"
GSE77846,0.01312380518734403,-0.1078824928865712,"cases,primary"
GSE60418,0.013123712898082103,-0.10789263824660682,profiling
GSE73436,0.013123706740107773,-0.10789331519536227,profiling
GSE106471,0.013123696980346948,-0.10789438809070015,"profiling,tissue"
GSE77847,0.013123665740052868,-0.1078978223570549,"cases,primary"
GSE101823,0.013123605198902271,-0.10790447770937231,profiling
GSE47459,0.013123537212617218,-0.1079119515497438,tissue
GSE53913,0.013123284091995722,-0.10793977784239464,primary
GSE39524,0.013123272425624204,-0.10794106037378678,profiling
GSE69464,0.013122755008728074,-0.10799794325193539,profiling
GSE62659,0.01312245599571562,-0.1080308166466416,"hundreds,profiling,targets"
GSE45152,0.013122339849141646,-0.10804358596573099,cases
GSE55113,0.013122254594976564,-0.10805295900149577,primary
GSE43366,0.01312175162215036,-0.10810825821123933,profiling
GSE72607,0.013121673355005805,-0.10811686346161435,profiling
GSE64622,0.01312160528750924,-0.10812434733137613,profiling
GSE41287,0.013121592054055975,-0.10812580232461887,"profiling,tissue"
GSE81470,0.01312152863320273,-0.10813277534825848,profiling
GSE53053,0.013121479762417756,-0.1081381486376363,profiling
GSE107115,0.01312143382230772,-0.10814319972075725,tissue
GSE44158,0.013121353063931028,-0.10815207909093008,"micrornas,targets"
GSE58405,0.01312103214163989,-0.10818736498391056,profiling
GSE64735,0.013120564768882924,-0.10823875487158334,"new,profiling"
GSE54588,0.013120498313695038,-0.10824606208849774,primary
GSE101810,0.013120448131665999,-0.10825157998127548,primary
GSE83084,0.013120312186264886,-0.1082665283100315,tissue
GSE103822,0.013120305687073373,-0.10826724295413093,primary
GSE85642,0.013119873032757277,-0.10831481795298832,"new,tissue"
GSE25626,0.013119454476653889,-0.10836084419466893,profiling
GSE56018,0.013119215100878774,-0.10838716765155434,profiling
GSE124829,0.013119085976257421,-0.1084013673095534,primary
GSE86187,0.013119001012420549,-0.10841071074272077,profiling
GSE91387,0.013118984060749066,-0.10841257491729937,profiling
GSE92238,0.013118760472443697,-0.10843716313897028,profiling
GSE52801,0.013118524828087372,-0.10846307762977214,primary
GSE74161,0.013118326574073977,-0.10848488055708097,"primary,tissue"
GSE99783,0.013118015878954198,-0.10851904982509977,"hundreds,npcs"
GSE105471,0.013117740980494001,-0.10854928296435415,profiling
GSE48387,0.013117418255632491,-0.10858477682609172,primary
GSE82192,0.013117351016935355,-0.10859217196907221,primary
GSE98197,0.013117335575929168,-0.1085938702293486,tissue
GSE56240,0.01311728449961737,-0.10859948780959373,profiling
GSE44775,0.013117251618922313,-0.10860310417357187,"primary,targets"
GSE75044,0.013117143619650664,-0.10861498247396423,"primary,smooth"
GSE97195,0.013117056799638064,-0.10862453144436367,profiling
GSE45474,0.013116809957770478,-0.10865168089522831,profiling
GSE92539,0.013116524871475311,-0.10868303738017066,primary
GSE100686,0.013116311227558372,-0.10870653640393826,micrornas
GSE74001,0.013116214961677237,-0.10871712496169421,profiling
GSE100608,0.013116171420076175,-0.1087219142516209,primary
GSE60808,0.013116010761956344,-0.10873958572638814,profiling
GSE78499,0.013115965467825782,-0.10874456786093814,tissue
GSE73984,0.013115750813359512,-0.10876817904449006,primary
GSE68949,0.01311571542920759,-0.10877207120515191,"primary,subtypes,targets"
GSE65987,0.013115477819874438,-0.10879820785881919,profiling
GSE75242,0.013115115924739903,-0.10883801666536257,primary
GSE66049,0.013115042167140073,-0.10884613020574836,profiling
GSE90478,0.013114821454236758,-0.10887040950934493,"primary,profiling"
GSE92641,0.01311479888320363,-0.1088728924364436,primary
GSE79937,0.013114541288877889,-0.10890122940976288,"profiling,targets"
GSE53782,0.013114513590411643,-0.10890427644596591,profiling
GSE76097,0.013114321810884502,-0.10892537378929215,tissue
GSE67071,0.01311404035401534,-0.10895633694488897,"lymphatic,primary"
GSE68376,0.013113717396770868,-0.10899186638811999,profiling
GSE63493,0.013113448358782365,-0.10902146468901579,"micrornas,targets"
GSE41285,0.013113412816712198,-0.1090253749067144,"micrornas,targets"
GSE60019,0.013112730383613642,-0.10910045593099815,"new,profiling"
GSE54302,0.013112426403349788,-0.1091339009794128,profiling
GSE71574,0.0131120691466199,-0.10917320869548167,profiling
GSE60641,0.013111807721793472,-0.10920197303895066,smooth
GSE58453,0.013111806762674478,-0.1092020785710251,primary
GSE86520,0.013111712418753094,-0.10921245929121572,"primary,tissue"
GSE62292,0.013111702360568413,-0.10921356600392128,"profiling,tissue"
GSE55280,0.013111651845047102,-0.10921912429303342,tissue
GSE95376,0.01311158285983175,-0.10922671486141329,profiling
GSE79352,0.013111402546436396,-0.10924655525999924,profiling
GSE59698,0.013111187556997765,-0.10927021151941066,profiling
GSE66630,0.013111043419518777,-0.10928607183475383,profiling
GSE72494,0.013111039866290166,-0.10928646282011079,profiling
GSE122108,0.013110829163017068,-0.10930964809091387,primary
GSE97462,0.013110828905351384,-0.10930967644404115,profiling
GSE89032,0.013110706559174005,-0.10932313928824536,micrornas
GSE76857,0.013110675777245768,-0.10932652651891431,primary
GSE94324,0.013110137139041415,-0.10938579933161052,profiling
GSE38359,0.013110054514089196,-0.10939489176010207,tissue
GSE44157,0.013110034593795021,-0.10939708388915996,"micrornas,targets"
GSE87478,0.013109815645783172,-0.10942117824576608,profiling
GSE76565,0.013109657385140298,-0.10943859444969789,tissue
GSE80036,0.013109606518577474,-0.10944419223750791,"primary,tissue"
GSE102299,0.01310942268099771,-0.1094644234644263,"cases,tissue"
GSE39978,0.013109152035858471,-0.10949420833293648,profiling
GSE66138,0.013109067021370241,-0.10950356442080106,tissue
GSE66716,0.013109016929951797,-0.10950907715324269,tissue
GSE102415,0.013108868042094513,-0.10952546289706495,profiling
GSE85388,0.013108865419387623,-0.10952575153881411,"primary,targets"
GSE89900,0.013108839564729883,-0.10952859697372361,cases
GSE94661,0.013108701371273747,-0.10954380595265424,"rich,smooth,tissue"
GSE62294,0.013108613513465796,-0.10955347528945647,"profiling,tissue"
GSE103390,0.013108571234807574,-0.10955812836042016,profiling
GSE95168,0.01310843990238749,-0.10957258253524371,"npcs,profiling"
GSE61874,0.013108368696652488,-0.109580419351871,npcs
GSE95712,0.013108028782117911,-0.10961783051896852,primary
GSE72136,0.013107921188021442,-0.10962967258226078,rich
GSE106709,0.013107594446611076,-0.1096656351182628,primary
GSE58996,0.013107470463637869,-0.10967928144118559,profiling
GSE109125,0.013107421533584806,-0.10968466701705697,primary
GSE85385,0.01310736270323006,-0.10969114231437598,"primary,targets"
GSE35724,0.013107359724873846,-0.10969147013472609,tissue
GSE86840,0.013107315913022322,-0.10969629240617412,profiling
GSE87386,0.013107297484413812,-0.10969832080626571,tissue
GSE98838,0.013107172634035246,-0.10971206291291125,profiling
GSE43351,0.0131066719676275,-0.10976717187954013,profiling
GSE64091,0.013106217748936718,-0.10981717011016784,profiling
GSE40436,0.01310602822201755,-0.10983803284331219,profiling
GSE93043,0.013106026078307268,-0.10983826882025301,profiling
GSE79374,0.013105821363215631,-0.10986080377878002,"profiling,tissue"
GSE81193,0.013105813176685082,-0.10986170495623294,profiling
GSE64687,0.013105563396113636,-0.10988920119938116,micrornas
GSE104555,0.013105481663453602,-0.10989819857457493,primary
GSE71079,0.013105478954747821,-0.10989849675795356,"npcs,targets"
GSE79410,0.013104929121894577,-0.10995902547070673,"new,profiling"
GSE43718,0.01310490193222203,-0.10996201872966127,profiling
GSE69855,0.013104878992452803,-0.10996454412973207,tissue
GSE54651,0.013104653594440555,-0.10998935804760164,tissue
GSE38198,0.013104322251927343,-0.11002583610027133,new
GSE66137,0.013104159891375554,-0.11004371098227514,tissue
GSE54287,0.01310395948239978,-0.11006577506336247,profiling
GSE88989,0.013103942048465255,-0.1100676944731139,profiling
GSE81115,0.013103874957941877,-0.11007508090788216,"rich,tissue"
GSE64391,0.013103812801310299,-0.1100819241719626,primary
GSE60101,0.013103626429469762,-0.11010244336330666,new
GSE102123,0.013103567362213615,-0.1101089466187258,profiling
GSE93252,0.013103562542728568,-0.1101094772412856,primary
GSE49313,0.013103529117611673,-0.11011315733299583,profiling
GSE52405,0.013103417425141073,-0.1101254546964585,profiling
GSE80597,0.013103320314989324,-0.11013614662887206,profiling
GSE82068,0.013102958384481658,-0.11017599626602025,"profiling,targets"
GSE92721,0.013102919179922769,-0.11018031287190766,tissue
GSE80446,0.013102883144493956,-0.11018428055309534,"primary,tissue"
GSE93306,0.013102860978793015,-0.1101867211132011,profiling
GSE106760,0.013102785375384854,-0.11019504547662681,profiling
GSE92983,0.013102743141635363,-0.11019969567255081,profiling
GSE106259,0.01310265190452134,-0.11020974149187274,primary
GSE57403,0.013102512813527626,-0.11022505647951161,"new,primary"
GSE65651,0.013102510331548361,-0.1102253297659847,profiling
GSE62424,0.013102488789812808,-0.11022770169165523,tissue
GSE75715,0.013102272417034202,-0.11025152636475337,primary
GSE87068,0.013102179068938728,-0.11026180498741328,tissue
GSE88764,0.013102004280096254,-0.11028105130338405,tissue
GSE99347,0.013101990514653253,-0.1102825670521474,tissue
GSE75966,0.013101903421119103,-0.11029215718482921,profiling
GSE47954,0.013101800494746291,-0.11030349080148967,"cases,new,targets"
GSE70520,0.013101768632051954,-0.11030699934270301,profiling
GSE61828,0.013101754965439754,-0.1103085042360104,"profiling,targets,tissue"
GSE102597,0.013101641320891432,-0.11032101821889242,profilies
GSE90574,0.013101351991471586,-0.11035287825215183,"profiling,targets"
GSE49109,0.013100041410371077,-0.1104972040768868,tissue
GSE77005,0.013099728647580236,-0.11053164875532068,primary
GSE70706,0.013099668893592556,-0.11053822957700274,primary
GSE68251,0.013099402940468663,-0.11056751987059728,"hundreds,micrornas,targets"
GSE89960,0.013099359068135433,-0.1105723517323137,tissue
GSE31385,0.01309921749090113,-0.11058794439425641,profiling
GSE101696,0.013098742462402588,-0.11064026306795655,profiling
GSE92308,0.013098673467735644,-0.11064786215819625,primary
GSE95826,0.01309841125018313,-0.11067674323154703,primary
GSE72744,0.013098268996096021,-0.11069241157303841,profiling
GSE72628,0.013098198442526594,-0.1107001826425515,profiling
GSE56983,0.013098153564084074,-0.11070512576642219,tissue
GSE99684,0.0130979345242345,-0.11072925209426779,tissue
GSE39656,0.013097904821080817,-0.11073252380409566,"profiling,targets"
GSE44575,0.01309780108850704,-0.11074394968208377,"new,primary"
GSE90615,0.013097690750329282,-0.11075610324979329,profiling
GSE28666,0.013097492060792491,-0.1107779888316941,tissue
GSE80155,0.013097446944643756,-0.11078295840570454,"new,primary"
GSE87046,0.013097365507749672,-0.1107919287774875,profiling
GSE60334,0.013097099033351612,-0.11082128164263315,"profiling,targets"
GSE77357,0.01309689182091799,-0.11084410705721513,profiling
GSE75580,0.013096873438484547,-0.11084613198530816,primary
GSE68391,0.013096804851662402,-0.11085368723334035,new
GSE90134,0.013096798610516764,-0.11085437473476609,new
GSE94749,0.01309673010308412,-0.11086192128066434,primary
GSE102721,0.013096655276770699,-0.11087016393809389,profiling
GSE60749,0.013096546447383403,-0.11088215236310643,profiling
GSE66575,0.013096266000235385,-0.11091304631239142,tissue
GSE60648,0.01309585454847522,-0.11095837287637837,"profiling,targets"
GSE68884,0.01309574056191944,-0.11097093017485987,micrornas
GSE61102,0.01309573589389167,-0.11097144442922233,profiling
GSE93380,0.013095625973685554,-0.11098355386721646,profiling
GSE55377,0.013095591218647368,-0.1109873827019644,tissue
GSE80102,0.013095535449767595,-0.11099352657559784,tissue
GSE71075,0.013095340257222084,-0.11101503050090228,"npcs,targets"
GSE75576,0.013095206359377401,-0.11102978191173303,primary
GSE81117,0.013095201872216609,-0.11103027626100524,"rich,tissue"
GSE55376,0.013095163078618117,-0.11103455014815924,tissue
GSE64027,0.013095162969133158,-0.11103456221012502,"profiling,tissue"
GSE69244,0.013094250361241018,-0.11113510779044711,"cases,tissue"
GSE88791,0.013094001033073118,-0.11116257846849868,micrornas
GSE80346,0.013093886072058946,-0.11117524491114664,"rich,tissue"
GSE70985,0.013093760928324611,-0.11118903341569782,"npcs,targets"
GSE107122,0.013093704048249853,-0.11119530058221065,profiling
GSE74537,0.01309364757039639,-0.11120152345807062,profiling
GSE108069,0.013093467882562927,-0.1112213221065101,tissue
GSE100385,0.013093461862658733,-0.11122198540579804,profiling
GSE46807,0.01309340639673382,-0.11122809689755932,profiling
GSE83467,0.013093388955226484,-0.11123001868873704,tissue
GSE87450,0.013093382125110327,-0.11123077126527105,primary
GSE105055,0.01309325917236616,-0.11124431888386464,profiling
GSE52006,0.013093201208244474,-0.11125070573796349,"new,profiling"
GSE105266,0.013092959387719559,-0.11127735136024247,hrs
GSE57231,0.013092847790087271,-0.11128964820101468,cases
GSE81097,0.013092797390254183,-0.11129520174676524,new
GSE74274,0.013092593187765837,-0.11131770298969311,tissue
GSE93293,0.013092591414869322,-0.11131789834817923,tissue
GSE97955,0.013092355467244009,-0.11134389805484197,smooth
GSE87681,0.013092337560527138,-0.11134587126351021,new
GSE29690,0.01309232627220437,-0.11134711516775743,profiling
GSE66686,0.01309203494811086,-0.1113792176751648,tissue
GSE47964,0.013091815761870799,-0.11140337141061632,profiling
GSE90019,0.013091496007781733,-0.11143860817842315,npcs
GSE89434,0.013091437562346412,-0.11144504893415255,profiling
GSE81424,0.013091207488608612,-0.11147040361011618,tissue
GSE41785,0.013091058548399245,-0.1114868174148757,"profiling,targets"
GSE48083,0.013090916833628823,-0.11150243512083761,profiling
GSE86209,0.01309083690228798,-0.1115112440455728,profiling
GSE60691,0.013090723752368676,-0.111523713953659,"new,targets"
GSE83338,0.013090393987484388,-0.11156005695230203,profiling
GSE72964,0.013090336415254424,-0.11156640201367991,tissue
GSE39129,0.013090325725269733,-0.11156758016477615,"new,tissue"
GSE63268,0.013090128376152225,-0.11158933032938786,primary
GSE60569,0.013089956236619687,-0.11160830237272627,doubletransgenic
GSE46104,0.013089556769620756,-0.11165232985774963,profiling
GSE88959,0.013089417273078326,-0.11166770486592667,profiling
GSE81555,0.0130891865702951,-0.11169313278891901,tissue
GSE65796,0.013089032144472322,-0.11171015376128823,profiling
GSE70883,0.013088999252266923,-0.11171377919980159,"npcs,targets"
GSE90461,0.013088990296414802,-0.11171476633163732,"hundreds,primary"
GSE49932,0.013088980072794583,-0.11171589320022053,"hundreds,subtypes,tissue"
GSE84993,0.013088823294833353,-0.11173317370187415,cases
GSE107915,0.013088690074357784,-0.11174785779480063,lymphomas
GSE28532,0.013088515404283595,-0.11176711085449298,"new,profiling"
GSE95138,0.013088057820653093,-0.11181754936139082,profiling
GSE103377,0.013087983453997821,-0.11182574681215449,cases
GSE76186,0.01308785712516254,-0.11183967217081729,"primary,targets"
GSE104294,0.013087823379916904,-0.11184339196702464,tissue
GSE75522,0.013087812569431596,-0.11184458362735884,profiling
GSE97026,0.01308753749114391,-0.11187490636081596,profiling
GSE41908,0.013087434826525612,-0.11188622356366873,profiling
GSE90153,0.013087285837373506,-0.11190264749526685,tissue
GSE73176,0.013086834069075052,-0.11195244965757112,profiling
GSE55808,0.013086685357007119,-0.1119688437969635,tissue
GSE57415,0.013086650486260653,-0.1119726880033954,new
GSE76132,0.013086352181617987,-0.11200557399925382,profiling
GSE59419,0.013086335539882752,-0.11200740865598827,profiling
GSE80083,0.013086327748633315,-0.1120082675977629,smooth
GSE99397,0.013086272658064523,-0.11201434104015401,primary
GSE53380,0.013086087492970898,-0.11203475469492419,tissue
GSE94840,0.013085839979241773,-0.11206204246957886,profiling
GSE65530,0.013085598383581705,-0.11208867828957929,tissue
GSE73308,0.013085526681775162,-0.11209658347825278,"primary,tissue"
GSE53459,0.013085481977907676,-0.11210151214178042,"hundreds,tissue"
GSE101925,0.013085477574766032,-0.11210199759517796,new
GSE89035,0.013085347294673194,-0.11211636125737066,tissue
GSE37111,0.013085328593469194,-0.11211842311732306,"profiling,targets"
GSE66828,0.013085196196179906,-0.1121330203723815,tissue
GSE54226,0.013085194791562086,-0.1121331752371036,"new,tissue"
GSE81357,0.01308505135470147,-0.11214898981113072,profiling
GSE56284,0.013084991855999017,-0.11215554986777836,profiling
GSE52464,0.013084715543576073,-0.1121860152112571,profiling
GSE65753,0.01308462755952508,-0.11219571619255751,profiling
GSE94011,0.01308452463529857,-0.11220706453659772,"profiling,subtypes"
GSE98739,0.013084424610144989,-0.11221809331667484,"new,profiling,targets"
GSE62917,0.013084361839457142,-0.11222501445994171,profiling
GSE78974,0.013084297432662812,-0.11223211603605347,new
GSE78973,0.013084297432662812,-0.11223211603605347,new
GSE58733,0.01308420757745188,-0.1122420236457666,tissue
GSE90148,0.01308386146091632,-0.11228018776163785,smooth
GSE66457,0.01308384574563511,-0.11228192061183281,profiling
GSE62874,0.013083764216123436,-0.11229091052129336,rich
GSE51606,0.013083733731767652,-0.11229427191480544,"new,tissue"
GSE76466,0.013083622512021092,-0.11230653575799371,profiling
GSE73897,0.013083598383788397,-0.11230919631425162,npcs
GSE84138,0.013083447381315196,-0.11232584706812018,primary
GSE71387,0.013083235013224837,-0.11234926481639967,"new,primary"
GSE71534,0.013083150950088376,-0.11235853453138928,"new,targets"
GSE78964,0.013083046642373548,-0.1123700367164031,new
GSE55338,0.013083008800167602,-0.1123742096619947,"hundreds,micrornas"
GSE59215,0.013082963534602641,-0.11237920121401945,"cases,targets"
GSE70016,0.013082758729706349,-0.11240178580046818,"profiling,targets"
GSE97148,0.013082517466375228,-0.11242839124569698,new
GSE65498,0.013082397692790399,-0.11244159952524334,primary
GSE96644,0.01308235825430902,-0.1124459487117306,tissue
GSE82255,0.013082235117893078,-0.11245952800142996,"cases,new"
GSE64063,0.01308199254342831,-0.1124862791046468,primary
GSE103341,0.013081766536520921,-0.11251120358461233,profiling
GSE83636,0.013081737405804268,-0.11251441620785615,micrornas
GSE74131,0.01308139803906853,-0.11255184312159518,tissue
GSE89136,0.01308128724656844,-0.1125640620348072,"primary,targets"
GSE21180,0.013081153791270528,-0.1125787804852913,"hundreds,tissue"
GSE89817,0.013081103547051486,-0.11258432183324982,"primary,targets"
GSE72480,0.013080950728488744,-0.11260117605886245,"primary,targets"
GSE37746,0.013080931146510613,-0.11260333575233376,"profiling,targets"
GSE90466,0.013080762807916866,-0.11262190192429611,profiling
GSE94920,0.013080750457495868,-0.11262326406959305,"primary,profiling"
GSE68242,0.013080583541070171,-0.11264167364302008,profiling
GSE75816,0.013080540295016353,-0.11264644338210104,tissue
GSE80804,0.013080286863457673,-0.11267439543810517,"profiling,tissue"
GSE86112,0.013079620104459783,-0.11274793774092089,tissue
GSE82300,0.013079161248696876,-0.11279855087344867,profiling
GSE75668,0.013078922113318939,-0.11282492890880291,"new,tissue"
GSE93381,0.013078479504944757,-0.11287375248202076,profiling
GSE98794,0.013078422299962714,-0.11288006281223678,primary
GSE98567,0.01307830107048126,-0.11289343583065546,"new,tissue"
GSE106273,0.013078241666415304,-0.1128999888336441,tissue
GSE79848,0.013078207468409176,-0.11290376131006823,tissue
GSE95830,0.013078092750105427,-0.11291641627476395,profiling
GSE64371,0.013078065512262012,-0.11291942098984672,tissue
GSE57419,0.013077925673135626,-0.11293484729984446,"primary,rich"
GSE83471,0.01307783497566382,-0.11294485265159486,tissue
GSE94054,0.013077597263389397,-0.11297107636805609,"new,tissue"
GSE58423,0.013077578582146785,-0.11297313724780195,profiling
GSE77471,0.01307756453347483,-0.11297468707295645,profiling
GSE87837,0.013077433260592922,-0.1129891689503571,tissue
GSE71513,0.013077232159413307,-0.11301135448933404,"primary,targets"
GSE86623,0.013077202489432931,-0.11301462771883607,tissue
GSE93167,0.013077119888145278,-0.11302374043575912,new
GSE76504,0.013076835906354495,-0.11305507023722394,tissue
GSE61008,0.01307674572434057,-0.11306501955476723,tissue
GSE59283,0.01307668869279711,-0.11307131158690406,profiling
GSE95478,0.0130766694350057,-0.11307343621809153,profiling
GSE79409,0.013076509643088844,-0.11309106550937856,profiling
GSE77656,0.013076462864083113,-0.11309622651656945,primary
GSE90988,0.013076334202649913,-0.11311042149626206,primary
GSE71159,0.013076270404098993,-0.11311746032504509,tissue
GSE77007,0.01307626084293626,-0.11311851520129612,tissue
GSE89692,0.013076008896736407,-0.11314631252341985,tissue
GSE37076,0.0130758124031643,-0.11316799210732341,tissue
GSE44333,0.013075679279209034,-0.11318268016201799,tissue
GSE71405,0.01307531574385583,-0.11322279111388239,alk4
GSE69800,0.013075062140471258,-0.1132507732980715,profiling
GSE98666,0.013074860485854696,-0.11327302392721858,profiling
GSE65619,0.01307453043859599,-0.11330944217839667,profiling
GSE65818,0.01307413600854746,-0.11335296579564762,primary
GSE67834,0.01307401080102512,-0.11336678216840082,profiling
GSE72165,0.01307397280198071,-0.11337097530495473,tissue
GSE77534,0.013073922537689438,-0.11337652191150258,tissue
GSE68360,0.013073828960516834,-0.11338684810133719,rich
GSE68746,0.013073794333041575,-0.113390669243035,new
GSE64370,0.013073775314437631,-0.1133927679501779,tissue
GSE48085,0.01307347384410212,-0.11342603567600243,"primary,targets"
GSE80682,0.013073345419938575,-0.11344020771750442,"primary,targets"
GSE90531,0.013073097802836399,-0.11346753349656485,profiling
GSE65831,0.013073031311297835,-0.11347487125677617,rich
GSE63300,0.013072694944950764,-0.11351199197441178,"new,tissue"
GSE60440,0.013072683142935516,-0.11351329443856539,profiling
GSE93682,0.013072540298695942,-0.11352905874645251,primary
GSE79510,0.013072175996754521,-0.11356926393348668,profiling
GSE78996,0.013072092443180932,-0.11357848525299268,tissue
GSE97344,0.013071874535896894,-0.11360253468346457,primary
GSE97115,0.0130718493737588,-0.11360531173940143,tissue
GSE49087,0.0130715425119434,-0.11363917941971405,"primary,targets"
GSE89633,0.013071463507161842,-0.11364789913667978,tissue
GSE60441,0.013071462258079014,-0.11364803699773,tissue
GSE66127,0.013071414846069777,-0.11365326986252403,l122a
GSE86167,0.01307117250708142,-0.11368001711993993,primary
GSE104325,0.013071133359662073,-0.113684337916127,tissue
GSE76552,0.013070898221647292,-0.11371029094481978,rich
GSE60642,0.013070690209875344,-0.11373325034169247,smooth
GSE64403,0.013070234850119773,-0.11378351216370079,"new,primary"
GSE82187,0.013069948104126294,-0.11381516358890535,"subtypes,tissue"
GSE37909,0.013069802684431007,-0.11383121548434516,cases
GSE87341,0.013069686429203165,-0.11384404824017719,primary
GSE76245,0.013069686429203165,-0.11384404824017719,primary
GSE102675,0.013069663636097286,-0.1138465642553602,tissue
GSE80433,0.013069624148094613,-0.11385092314578596,tissue
GSE63312,0.013069488360924277,-0.11386591213802477,"primary,targets"
GSE83295,0.013069369085494068,-0.11387907859505271,primary
GSE83550,0.01306900376436036,-0.11391940604703236,tissue
GSE86790,0.013068841494284712,-0.11393731924768913,profiling
GSE82210,0.013068778765105014,-0.11394424406146882,primary
GSE29087,0.013068730874146815,-0.11394953087332287,tissue
GSE58523,0.01306856880919624,-0.11396742180339822,cases
GSE53105,0.013068441550291658,-0.11398147052496412,profiling
GSE67572,0.013068394076221594,-0.11398671145056284,primary
GSE73698,0.01306838587631117,-0.11398761668602991,primary
GSE109418,0.013067660723237253,-0.11406767276795561,tetraploid
GSE107958,0.013067034693480143,-0.11413678932063041,tissue
GSE65849,0.013066801312876129,-0.11416255645561792,new
GSE95224,0.013066694066287854,-0.11417439751390833,profiling
GSE43390,0.013066593626275474,-0.11418548714866628,primary
GSE47395,0.013066495265501622,-0.11419634729621658,profiling
GSE59073,0.01306643778136678,-0.11420269423600464,profiling
GSE79408,0.013066212838425188,-0.11422753091032808,rich
GSE87212,0.013065683442738514,-0.11428598487966264,"new,tissue"
GSE78962,0.013065508969489015,-0.11430525010781246,profiling
GSE102317,0.01306538106454298,-0.11431937345616465,new
GSE40478,0.013065321208479941,-0.114325982849545,profiling
GSE80972,0.013065141882027991,-0.11434578451796817,"smooth,tissue"
GSE63412,0.01306510048078739,-0.11435035618352514,tissue
GSE72909,0.013065029406372705,-0.11435820449549619,profiling
GSE61636,0.013064726818321097,-0.11439161791717177,"primary,smooth"
GSE70538,0.013064479321801157,-0.1144189484070496,tissue
GSE92842,0.013064450496051145,-0.11442213160413298,tissue
GSE97054,0.013064387440168823,-0.11442909482300599,"primary,subtypes"
GSE46716,0.013064321408597205,-0.11443638668128098,tissue
GSE79543,0.013064250293234457,-0.11444423998320172,profiling
GSE49023,0.013063941908895925,-0.11447829550089444,primary
GSE99656,0.013063737284402079,-0.11450089304890772,profiling
GSE98415,0.013063615681007995,-0.11451432239353618,primary
GSE67541,0.01306352741036452,-0.11452407069392646,profiling
GSE35626,0.013063402874812034,-0.11453782407574568,new
GSE100464,0.0130630919149641,-0.11457216624327794,primary
GSE94136,0.013062762695482918,-0.11460852588164938,primary
GSE52031,0.013062550768975867,-0.11463193194115395,"primary,tissue"
GSE85152,0.013062539769355078,-0.11463314679614864,"subtypes,tissue"
GSE52564,0.013062502979364838,-0.11463721008033047,"new,tissue"
GSE85154,0.01306246475706091,-0.11464143156905225,"subtypes,tissue"
GSE95682,0.01306229012262435,-0.114660719347005,tissue
GSE85976,0.01306191384787708,-0.11470227848599736,"new,primary"
GSE100102,0.013061714279184771,-0.11472432111815511,primary
GSE95424,0.013061611596144513,-0.11473566273014375,tissue
GSE78084,0.013061462354093214,-0.1147521470663834,"primary,targets"
GSE86280,0.013061280983047971,-0.11477218042231074,profiling
GSE70815,0.01306108648967198,-0.11479366351562746,primary
GSE79068,0.013060948939248952,-0.11480885707232516,"new,primary"
GSE65850,0.013060608299434357,-0.11484648418366337,"subtypes,tissue"
GSE70123,0.013060548308459562,-0.11485311089496378,tissue
GSE70386,0.013060471132244981,-0.11486163596361992,tissue
GSE82158,0.01306046436347663,-0.11486238366031212,profiling
GSE116525,0.013060295016224428,-0.11488109034777025,profiling
GSE77793,0.01306003939168345,-0.11490932798453643,primary
GSE98132,0.013059843930277145,-0.11493092005660581,tissue
GSE95108,0.013059777783636541,-0.11493822716322603,"micrornas,targets"
GSE45703,0.013059528004760425,-0.11496582014359241,primary
GSE88700,0.013059491951294966,-0.11496980300021663,primary
GSE97870,0.01305914239968811,-0.11500841883004898,primary
GSE107281,0.013058444991468203,-0.11508546632800541,tissue
GSE104803,0.013058154740186787,-0.11511753360235441,tissue
GSE73225,0.013058109001134199,-0.11512258696718473,"profiling,targets"
GSE94534,0.01305805899844725,-0.1151281114092464,new
GSE97721,0.013057850585596657,-0.11515113769405144,primary
GSE106349,0.013057841683615212,-0.11515212122872878,tissue
GSE84164,0.013057654072840642,-0.11517284954548142,tetraploid
GSE71713,0.013057152482067553,-0.1152282696397836,tissue
GSE52957,0.013057063752474774,-0.11523807347554374,primary
GSE87181,0.013056962802557734,-0.1152492276301422,"new,targets"
GSE101334,0.013056938232458336,-0.11525194244172918,smooth
GSE106107,0.013056729817917324,-0.11527497088983497,tissue
GSE107289,0.013056714328997025,-0.11527668232922827,tissue
GSE99412,0.013056649074550487,-0.11528389260428629,tissue
GSE53398,0.013056586673409722,-0.11529078763768592,"new,primary"
GSE99485,0.013056391206197763,-0.11531238606117158,cases
GSE36103,0.013056195582907295,-0.11533400205451028,primary
GSE85772,0.013056021117107176,-0.11535328045952142,tissue
GSE69311,0.013055727977601841,-0.11538567284419989,smooth
GSE97399,0.013055683486981967,-0.11539058919249814,profiling
GSE67403,0.013055653445949899,-0.11539390882703836,tissue
GSE62202,0.013055587071224901,-0.11540124348327827,"new,targets"
GSE20846,0.01305539673987328,-0.11542227601878902,new
GSE107840,0.013055011285902035,-0.11546487148740806,new
GSE66377,0.01305493860233689,-0.11547290369117993,tissue
GSE99078,0.013054675768584382,-0.11550194961625176,tissue
GSE87266,0.013054449224173915,-0.11552698565232115,new
GSE84050,0.013054429684150649,-0.11552914509354152,"targets,tissue"
GSE90891,0.013054389391838684,-0.11553359795818374,"primary,profiling"
GSE39652,0.013054172702380757,-0.1155575454130642,micrornas
GSE65658,0.013053763811556707,-0.11560273510194317,tissue
GSE81889,0.01305350103248011,-0.11563177759819358,"new,targets"
GSE54569,0.013053216484352172,-0.11566322668196448,"npcs,targets"
GSE95734,0.013053113568937007,-0.11567460136073301,aid
GSE45182,0.01305296961057109,-0.11569051244315601,tissue
GSE81149,0.013052950697583466,-0.11569260282519445,primary
GSE87608,0.013052884795195759,-0.11569988679417158,tissue
GSE92618,0.013052834000520153,-0.11570550098370418,tissue
GSE103525,0.013052334671209717,-0.11576069158056124,primary
GSE26337,0.013052325152219667,-0.11576174372985801,new
GSE65487,0.013052045962258644,-0.11579260338707661,new
GSE57125,0.013052006330160416,-0.1157969840886576,tissue
GSE76868,0.013051947835118285,-0.11580344981462884,tissue
GSE67130,0.013051917150270608,-0.11580684156352113,tissue
GSE98469,0.013051706307532471,-0.11583014727609516,primary
GSE80280,0.013051252136830106,-0.11588035076712717,new
GSE54704,0.01305122466908735,-0.11588338707487333,globel
GSE63424,0.01305115196895126,-0.11589142344085356,new
GSE52502,0.013050572506346291,-0.11595547957840849,primary
GSE56933,0.013050455962956151,-0.11596836309916347,new
GSE104365,0.013050401881766826,-0.11597434165083483,"smooth,tissue"
GSE107653,0.013050140232440109,-0.11600326673480177,new
GSE66817,0.013050074624298148,-0.11601051974337426,tissue
GSE92865,0.013050053259384067,-0.11601288165177033,tissue
GSE61775,0.013049822259785225,-0.11603841908971413,"targets,tissue"
GSE102965,0.013049667276751827,-0.11605555300747862,lh
GSE72095,0.013049625955346856,-0.11606012126804459,tissue
GSE77214,0.013049602436593715,-0.11606272137468485,tissue
GSE80976,0.013049112279073455,-0.11611691161596834,primary
GSE103524,0.013048909520431407,-0.11613932855543087,primary
GSE75995,0.013048830032356892,-0.11614811683003842,primary
GSE75901,0.013048000140916288,-0.11623987358810373,"new,targets"
GSE92457,0.013047781366239295,-0.11626406333244917,tissue
GSE87219,0.013047727325030222,-0.1162700386889947,"new,targets"
GSE72059,0.013047600262352943,-0.11628408815388694,tissue
GSE60114,0.013047539743082965,-0.11629077988657399,primary
GSE92486,0.013046841624648156,-0.11636797443584498,tissue
GSE76190,0.013046280174429072,-0.11643005987377296,"targets,tissue"
GSE74747,0.013046124941697036,-0.11644722605616975,tissue
GSE80745,0.01304571181370544,-0.11649291220010552,primary
GSE71304,0.013045470998341803,-0.11651954365897037,tissue
GSE104990,0.013045421347304326,-0.11652503456396474,"new,targets"
GSE87561,0.013045405188953725,-0.11652682151941036,tissue
GSE52126,0.013044989963543575,-0.11657274214549708,tissue
GSE77588,0.013044904537170941,-0.11658218980379692,tissue
GSE86442,0.01304487113781031,-0.11658588359500097,primary
GSE96684,0.013044849612213586,-0.11658826421623801,"targets,tissue"
GSE67404,0.013044401704858273,-0.1166378013771553,tissue
GSE123021,0.013044338789852911,-0.11664475971738261,tissue
GSE56248,0.01304421570832009,-0.11665837251582581,smooth
GSE85874,0.01304413696858706,-0.1166670811854584,tissue
GSE45278,0.013043709040399726,-0.11671441126196755,tissue
GSE44229,0.013043661801610288,-0.1167196361018084,tissue
GSE49949,0.013043332220969588,-0.11675608985002679,"profiling,tissue"
GSE60853,0.013043106633359353,-0.11678104182820954,primary
GSE53599,0.013043055360677068,-0.1167867130990145,"targets,tissue"
GSE31271,0.013042952439688586,-0.11679809725567217,new
GSE97032,0.013042595858560973,-0.11683753961805862,tissue
GSE85798,0.013042397641133985,-0.11685946542754312,primary
GSE42237,0.013042152686475732,-0.11688656153357341,tissue
GSE92999,0.013042096667133728,-0.11689275828670267,tissue
GSE84302,0.01304206939012875,-0.11689577562677979,targets
GSE85535,0.013041864426591939,-0.11691844857789248,new
GSE39657,0.013041683624652354,-0.11693844908251046,primary
GSE54458,0.013041678680792063,-0.116938995981537,new
GSE78228,0.01304147355153904,-0.11696168794403033,new
GSE95105,0.013041276856136135,-0.11698344726602722,tissue
GSE104519,0.013040854113458025,-0.11703021405560018,new
GSE67379,0.01304082769834576,-0.11703313633275589,tissue
GSE53928,0.013040740558696931,-0.11704277654595098,new
GSE75957,0.013040589530871546,-0.1170594848268532,tissue
GSE63048,0.013040486946495946,-0.11707083389598232,new
GSE63792,0.013040457071158772,-0.11707413906781644,primary
GSE41545,0.013040426351063434,-0.11707753770493175,profiling
GSE69376,0.013040401277709682,-0.11708031163554707,tissue
GSE75054,0.013040396896196614,-0.11708079637432937,new
GSE106550,0.013040171157637778,-0.1171057706692686,tissue
GSE103194,0.013040016099402368,-0.11712292558806356,tissue
GSE59486,0.013039944088555435,-0.11713089260112741,new
GSE75064,0.01303980865413871,-0.11714587668194328,profiling
GSE75851,0.013039692995467866,-0.11715867295336789,new
GSE68921,0.01303967028813324,-0.11716118526616501,new
GSE94482,0.013039446406691215,-0.11718595547981464,"new,targets"
GSE90847,0.013039349557533287,-0.11719667098984425,tissue
GSE52261,0.013039165351472745,-0.11721705199474257,new
GSE67324,0.01303911690470617,-0.11722241231021109,tissue
GSE59956,0.013039108665159936,-0.11722332396368675,new
GSE81125,0.013039088604095523,-0.11722554359549994,tissue
GSE59104,0.013039070579824426,-0.1172275378717327,new
GSE86144,0.013038852911869552,-0.11725162172788507,primary
GSE80206,0.01303884005589478,-0.11725304418891896,tissue
GSE104790,0.013038813246195054,-0.1172560105770671,tissue
GSE98562,0.01303841128944873,-0.11730048624615724,tissue
GSE65617,0.013038351185617834,-0.11730713672654997,tissue
GSE77514,0.013038228011643222,-0.11732076600522155,primary
GSE57698,0.01303800894928129,-0.11734500571309714,npcs
GSE68139,0.013037801869421085,-0.11736791990659748,new
GSE77681,0.013037682331257235,-0.11738114743593946,tissue
GSE84665,0.013037669319785915,-0.11738258723129862,"hundreds,tissue"
GSE51144,0.013037667791286954,-0.11738275636873784,"cases,profiling,targets"
GSE83651,0.013037609850518385,-0.11738916787166605,"primary,tissue"
GSE90848,0.013037487420942564,-0.11740271555204933,tissue
GSE82127,0.013037264204234653,-0.11742741635397311,"new,targets"
GSE87202,0.013037201016298086,-0.11743440870621956,tissue
GSE77262,0.013037198561841806,-0.11743468031607153,"hundreds,new"
GSE88836,0.013037179298443911,-0.11743681200325971,"smooth,tissue"
GSE94388,0.013036822161534919,-0.11747633333628914,tissue
GSE92333,0.013036770911997939,-0.11748200477962563,primary
GSE88829,0.013036760436405727,-0.11748316404606583,primary
GSE73631,0.013036449951653602,-0.11751752382037196,new
GSE96870,0.013036438509944074,-0.11751879003202458,tissue
GSE57998,0.013035753159511491,-0.11759463725523638,tissue
GSE63199,0.013035747786633916,-0.11759523188335912,tissue
GSE108106,0.013035705308475788,-0.11759993304273476,tissue
GSE87899,0.01303556802023609,-0.1176151271654069,"new,targets"
GSE94387,0.013035336447992495,-0.11764075635889006,tissue
GSE93431,0.013035318109783348,-0.11764278595452897,primary
GSE66734,0.013034978711012312,-0.1176803496943859,new
GSE99265,0.01303486845859306,-0.1176925523450166,tissue
GSE70699,0.013034754953122861,-0.11770511514858183,tissue
GSE70813,0.013034671413511535,-0.1177143613959892,tissue
GSE72121,0.013034623847404083,-0.11771962608662616,primary
GSE100457,0.013034494638835131,-0.11773392718865738,tissue
GSE67265,0.013034460381641882,-0.11773771887749003,new
GSE69616,0.01303442266183796,-0.11774189382997823,new
GSE98527,0.013034190355866535,-0.11776760648854763,tissue
GSE84987,0.013034063528412777,-0.11778164450884619,tissue
GSE29362,0.013033545272727874,-0.11783900956387092,new
GSE56096,0.013033473007127249,-0.1178470087314419,new
GSE47735,0.01303333399796328,-0.11786239595024914,tissue
GSE68509,0.013033223919003405,-0.11787458093992263,new
GSE103847,0.013032991708333887,-0.11790028541395553,tissue
GSE62710,0.013032958997450285,-0.11790390636989827,tissue
GSE68462,0.0130329470662409,-0.11790522710638593,primary
GSE73143,0.013032940633950031,-0.11790593913539832,tissue
GSE102727,0.013032835173990495,-0.11791761318352609,tissue
GSE58495,0.013032701211706509,-0.11793244247534779,profiling
GSE76909,0.01303221898327289,-0.11798582522615864,tissue
GSE91067,0.013032209427314721,-0.11798688309193976,tissue
GSE66634,0.013031736801467414,-0.11803920479028869,tissue
GSE98910,0.013031541600025974,-0.11806081497663634,new
GSE42805,0.013031455737236906,-0.11807032069989473,new
GSE33468,0.013031414718202274,-0.11807486186952128,tissue
GSE43725,0.013031189041714769,-0.11809984650669533,tissue
GSE99622,0.013031184590944624,-0.11810033925567572,tissue
GSE91398,0.013030889502702913,-0.1181330091300249,tissue
GSE77586,0.013030763996450865,-0.11814690443006297,tissue
GSE98436,0.013030614854318966,-0.11816341672707643,new
GSE40350,0.013030424089366823,-0.11818453757732578,new
GSE89952,0.01303016846524246,-0.11821283990052038,lymphomas
GSE91040,0.013030147076675406,-0.1182152080360536,"new,targets"
GSE60545,0.013030118849379642,-0.1182183333594661,tissue
GSE80128,0.0130300722951173,-0.11822348785760765,tissue
GSE72491,0.013029444661467809,-0.11829298139083781,tissue
GSE77449,0.013029411453611825,-0.11829665836030531,tissue
GSE74570,0.013029395677261905,-0.11829840521400262,tissue
GSE86922,0.013029369054108116,-0.11830135309678527,"new,targets"
GSE71744,0.01302915166866712,-0.11832542360339872,tissue
GSE103722,0.013029081112295235,-0.11833323620747471,tissue
GSE72442,0.013028892952958716,-0.11835407102303021,new
GSE65929,0.013028748115086999,-0.11837010907334442,tissue
GSE73787,0.013028058802100279,-0.1184464398709708,tissue
GSE45568,0.013028050284378603,-0.1184473831027313,"primary,targets"
GSE97013,0.013028028556687953,-0.1184497891770867,"targets,tissue"
GSE62979,0.01302802682326914,-0.11844998113206136,"new,targets"
GSE69162,0.013027968476093024,-0.11845644238450377,"new,targets"
GSE84379,0.013027829667418429,-0.11847181390261023,new
GSE105035,0.01302781585499478,-0.11847334348398907,tissue
GSE84378,0.013027799696851727,-0.11847513283130309,new
GSE68025,0.013027728980951763,-0.11848296391233412,new
GSE68315,0.01302770358498893,-0.11848577627244708,new
GSE80162,0.013027680311126248,-0.11848835363506888,new
GSE74254,0.013027517168158054,-0.11850642032225157,new
GSE103956,0.013027437820359054,-0.11851520749353421,tissue
GSE74423,0.013027359934063188,-0.1185238328664009,"new,targets"
GSE101624,0.013027317612507286,-0.11852851970996006,tissue
GSE55754,0.013027295221566895,-0.11853099937057682,new
GSE84377,0.013027259472502545,-0.11853495837110152,new
GSE71619,0.013027156458829108,-0.11854636659581132,tissue
GSE44359,0.013027056927502084,-0.11855738925458688,new
GSE90962,0.013027014576559956,-0.11856207946158,tissue
GSE101623,0.013026972721662207,-0.11856671474851167,tissue
GSE76567,0.013026791795951315,-0.11858675182420571,new
GSE45284,0.01302635401892996,-0.11863523569960951,npcs
GSE77715,0.013026154892755631,-0.11865728949452002,new
GSE67991,0.013026076603694118,-0.11866596032494904,primary
GSE74672,0.013025804361091789,-0.118696112700729,smooth
GSE61613,0.01302559691237792,-0.11871908921762353,new
GSE93524,0.013025466364882778,-0.11873354852946355,new
GSE76711,0.013025011216217611,-0.11878396148025304,new
GSE72178,0.013024907224899468,-0.11879547996230293,"tetraploid,targets"
GSE43721,0.013024681760867211,-0.11882045354951923,new
GSE106365,0.01302468113161642,-0.11882052324926586,tissue
GSE75639,0.013024621231333718,-0.11882715819400239,new
GSE77454,0.01302445503943021,-0.11884556684946018,new
GSE62647,0.013023979229367232,-0.1188982724217995,tissue
GSE98906,0.01302396211412259,-0.11890016831662226,new
GSE69201,0.013023921197060409,-0.11890470080334999,tissue
GSE54549,0.013023813654493786,-0.11891661363403838,new
GSE73861,0.013023777703461536,-0.11892059606567514,new
GSE81091,0.013023557867823443,-0.11894494832880982,new
GSE63756,0.013023540324274595,-0.11894689173077626,"hundreds,primary"
GSE98262,0.013023378443022697,-0.11896482439155764,profiling
GSE75878,0.013023111104598967,-0.1189944397312727,tissue
GSE76223,0.013023048662948573,-0.11900135700891924,tissue
GSE89977,0.013023035291241073,-0.11900283832919221,new
GSE78140,0.013022936159696252,-0.11901382018781718,new
GSE99307,0.013022749114614107,-0.11903454139438907,"new,targets"
GSE93034,0.013022704662349293,-0.1190394659437982,tissue
GSE90908,0.013022190101889462,-0.11909647165109334,new
GSE69190,0.013022060643033469,-0.11911081413699326,new
GSE64138,0.013021922385334233,-0.11912613158646616,targets
GSE74889,0.013021843348301407,-0.11913488810320579,tissue
GSE43717,0.01302174982202514,-0.11914524995259286,new
GSE54107,0.013021703766540564,-0.1191503525031417,new
GSE53683,0.013021679093351715,-0.1191530860871303,profiling
GSE71943,0.013021413360355796,-0.11918252741988347,new
GSE39756,0.013021370121149916,-0.11918731807430327,new
GSE62270,0.013021158520247334,-0.11921076246228972,"hundreds,subtypes,tissue"
GSE38820,0.01302110709560111,-0.11921646012954988,profiling
GSE80958,0.013020536025352095,-0.11927973418737768,smooth
GSE92891,0.013020433221230296,-0.11929112508418328,new
GSE35681,0.013020336090787303,-0.1193018874089631,new
GSE79790,0.01302026387752459,-0.11930988889250257,new
GSE92894,0.013019957336042807,-0.11934385526106674,new
GSE83940,0.013019845327005087,-0.11935626663647898,new
GSE36873,0.01301956406645172,-0.11938743272011965,tissue
GSE36871,0.013019534512024623,-0.11939070764342624,tissue
GSE43410,0.013019294091230963,-0.11941734892533916,new
GSE36872,0.01301919072056452,-0.11942880368923417,tissue
GSE81672,0.01301918254477018,-0.1194297096734775,new
GSE77798,0.013019078844486338,-0.11944120106170805,profiling
GSE87821,0.013018972086866226,-0.1194530313395979,new
GSE60763,0.013018746600111084,-0.119478018830042,new
GSE80032,0.013018430680278867,-0.11951302846033889,new
GSE85136,0.013018243296772352,-0.11953379434278892,new
GSE69672,0.013018131754857951,-0.11954615558481582,"subtypes,subtypespecific"
GSE90047,0.013018036458001758,-0.11955671660905846,new
GSE83144,0.013017881506233567,-0.11957388889757589,new
GSE70844,0.013017590395407033,-0.1196061513545343,subtypes
GSE55009,0.013017547824458365,-0.11961086935495434,new
GSE61117,0.013017378319412779,-0.11962965520341994,new
GSE66567,0.013017224925380348,-0.11964665571676082,tissue
GSE96998,0.01301697408271112,-0.11967445680062257,new
GSE44402,0.013016809381975908,-0.11969271099976694,targets
GSE84794,0.01301653916863187,-0.11972265992859445,hundreds
GSE89547,0.013016533051591376,-0.11972333791418992,"micrornas,targets"
GSE89546,0.01301643267923026,-0.11973446278633246,"micrornas,targets"
GSE88789,0.013016389634221984,-0.11973923374963621,new
GSE83204,0.013016299045918315,-0.11974927430273256,subtypes
GSE75615,0.013015795597893745,-0.11980507634082593,"profiling,targets"
GSE89477,0.013015792666396906,-0.1198054012734355,profiling
GSE84481,0.013015688016393426,-0.11981700092409613,micrornas
GSE25409,0.013015529832744555,-0.11983453454600354,new
GSE78760,0.013015517657020978,-0.11983588415408462,tissue
GSE75417,0.013015361826635798,-0.11985315715664006,new
GSE64459,0.013015252838525929,-0.11986523805504747,tissue
GSE61528,0.013014801319611458,-0.11991528820821891,targets
GSE89811,0.013014606523443028,-0.11993688158966492,smooth
GSE56276,0.013014354151409682,-0.11996485780320092,new
GSE85513,0.01301409650188153,-0.11999341960286498,targets
GSE97234,0.013013175043983466,-0.12009557266475146,profiling
GSE120161,0.013012812248152789,-0.12013579428938628,"subtypes,subtypespecific"
GSE83217,0.013012671749458202,-0.12015137108096131,targets
GSE104305,0.013012460870242012,-0.12017475112700186,tissue
GSE40594,0.013011980558948647,-0.12022800435228126,"new,targets"
GSE67889,0.01301187842391853,-0.12023932855301167,new
GSE88984,0.013011722558518849,-0.12025661026889108,"new,subtypes"
GSE76030,0.013011142525870885,-0.12032092372724376,targets
GSE64080,0.013010492586464655,-0.12039299178556469,targets
GSE77076,0.013010223017358265,-0.12042288381612219,"hundreds,targets"
GSE57809,0.01300957463469584,-0.12049478433313476,targets
GSE94135,0.013009335553316974,-0.12052129747432139,subtypes
GSE84996,0.013009165597618914,-0.12054014515823247,new
GSE58332,0.013008802512274683,-0.12058041128688356,targets
GSE58724,0.01300860742063467,-0.12060204739457417,new
GSE95833,0.013008318968819207,-0.12063403795314297,targets
GSE100820,0.013007539063390708,-0.12072053640289626,targets
GSE79525,0.013007289621106017,-0.12074820286585754,targets
GSE95832,0.013006940629603713,-0.12078691154990207,targets
GSE106447,0.013005990148396141,-0.12089234023357749,subtypes
GSE61031,0.013005621457835346,-0.12093323797200062,targets
GSE77695,0.013005370346925829,-0.12096109361599941,subtypes
GSE50198,0.013005355676522052,-0.12096272101530825,new
GSE75809,0.013005297182904935,-0.12096920977603208,targets
GSE61425,0.013005199393950263,-0.12098005767657438,targets
GSE61033,0.013005151264392759,-0.12098539680289715,targets
GSE97181,0.01300513758994337,-0.12098691374570622,tissue
GSE52313,0.01300489881763515,-0.12101340164595993,hundreds
GSE75691,0.01300439670177437,-0.12106910481268737,targets
GSE41286,0.013004189866837485,-0.12109205106060772,profiling
GSE38324,0.013004149766585534,-0.1210964998209242,targets
GSE65457,0.013004124822537494,-0.12109926714439925,targets
GSE55870,0.013004110573414383,-0.12110084796208521,tissue
GSE52514,0.013004087492075047,-0.12110340864189191,targets
GSE81206,0.01300360422861175,-0.12115702368851049,targets
GSE74594,0.013003475090373485,-0.12117135110249258,subtypes
GSE57910,0.013003354693953114,-0.12118470877200122,targets
GSE95102,0.01300329587808411,-0.12119123428456588,targets
GSE79638,0.01300321353427498,-0.12120037022843257,"subtypes,subtypespecific"
GSE108184,0.013002855098975974,-0.12124013885595425,targets
GSE84914,0.013002562982437337,-0.12127255018503574,targets
GSE83373,0.013002535445544043,-0.12127560553508618,targets
GSE41538,0.01300225995235259,-0.12130617317886432,targets
GSE70766,0.013002241181603752,-0.12130825593108657,"hundreds,targets"
GSE99409,0.013002165662171756,-0.12131663539620469,targets
GSE77717,0.01300210677814696,-0.12132316906798919,targets
GSE103880,0.013002073831307248,-0.12132682480650143,targets
GSE75993,0.013002017600621028,-0.12133306411175597,targets
GSE63282,0.013001926108995067,-0.12134321599614169,targets
GSE79758,0.01300179720190926,-0.12135751961037462,targets
GSE92707,0.013001551701960096,-0.12138476083691968,targets
GSE93267,0.01300154802268122,-0.12138516910189154,targets
GSE69733,0.013001514015637816,-0.12138894264154618,targets
GSE90937,0.013001399893293854,-0.12140160612535937,subtypes
GSE74762,0.013001270248130897,-0.12141599221976103,targets
GSE85061,0.013001214478389868,-0.12142218076132999,targets
GSE95052,0.013001063124169356,-0.12143897605801066,targets
GSE90860,0.013000390716889456,-0.12151359332013106,subtypes
GSE41979,0.013000388409209938,-0.12151384941074907,"hundreds,targets"
GSE36005,0.013000274149519223,-0.12152652923294947,targets
GSE80636,0.01300008986185604,-0.12154698055414323,subtypes
GSE77456,0.012999982921466464,-0.12155884839551424,lymphomas
GSE75599,0.012999971937413316,-0.12156006736986173,subtypes
GSE41974,0.012999698533149775,-0.12159040921405007,"hundreds,targets"
GSE41985,0.012999692347066513,-0.12159109574026036,"hundreds,targets"
GSE74547,0.012999629964373665,-0.1215980189362215,targets
GSE75549,0.012999521720528028,-0.12161003185581219,targets
GSE74094,0.012999451621393286,-0.12161781152254994,targets
GSE57984,0.012999329784148377,-0.12163133323237828,targets
GSE77133,0.012999272578353135,-0.12163768207497787,targets
GSE41976,0.012999238870762011,-0.12164142304104447,"hundreds,targets"
GSE27218,0.01299916609123103,-0.1216495003572166,targets
GSE79889,0.012999153714405586,-0.12165087398326803,subtypes
GSE83796,0.012999017396841768,-0.1216660030992714,targets
GSE43735,0.012998961079070996,-0.12167225353667986,"hundreds,targets"
GSE64455,0.012998925892786912,-0.12167615870617388,targets
GSE27201,0.012998872954852948,-0.12168203407241178,targets
GSE89620,0.012998776485645909,-0.12169274085933994,targets
GSE39438,0.012998769938731787,-0.12169346748179749,tissue
GSE74290,0.012998556813803077,-0.12171712178138563,targets
GSE49669,0.012998218770882797,-0.12175464126861064,targets
GSE90731,0.012998206561747367,-0.12175599638254758,targets
GSE64787,0.012997913597316748,-0.12178851341421566,targets
GSE81741,0.012997818797015281,-0.12179903575093819,subtypes
GSE98839,0.012997751171624354,-0.12180654186188307,targets
GSE108108,0.012997720903875892,-0.12180990145700615,targets
GSE45119,0.012997692406663517,-0.1218130645370836,targets
GSE65935,0.012997478268026493,-0.12183683331733665,profiling
GSE49449,0.012997371061634413,-0.12184873306934095,targets
GSE97261,0.012997184870309784,-0.12186940026607297,targets
GSE70028,0.01299703524658482,-0.12188600868171581,targets
GSE104867,0.012996984655215189,-0.12189162442859558,targets
GSE55682,0.012996850394212155,-0.12190652778417181,targets
GSE79700,0.012996849752738689,-0.12190659898993182,"hundreds,targets"
GSE64411,0.012996819773115936,-0.12190992683504671,targets
GSE92761,0.012996716512183763,-0.12192138922578326,targets
GSE79260,0.01299661401227358,-0.1219327672299967,targets
GSE54794,0.01299658873574913,-0.12193557306480102,targets
GSE61891,0.012996587834888941,-0.12193567306539337,targets
GSE104658,0.012996552850707839,-0.12193955651335349,targets
GSE74315,0.012996533747776928,-0.12194167705441249,targets
GSE61890,0.012996520575094837,-0.12194313930374205,targets
GSE87631,0.01299650237262935,-0.121945159892632,targets
GSE101865,0.01299648117988549,-0.12194751242491503,targets
GSE104657,0.012996478159622132,-0.12194784769408618,targets
GSE93574,0.012996368190407259,-0.12196005505597438,targets
GSE118898,0.012996284050883097,-0.12196939520896258,targets
GSE79606,0.012996219890889811,-0.12197651751655894,targets
GSE42120,0.012996196321435238,-0.12197913393628325,lh
GSE52856,0.012996128073556757,-0.12198671008640659,targets
GSE56185,0.01299608137044275,-0.12199189458994905,targets
GSE66953,0.01299603014481041,-0.12199758115879139,targets
GSE65072,0.012996023999043399,-0.1219982634032605,targets
GSE73352,0.01299579329295984,-0.1220238744268317,targets
GSE83555,0.012995758308308684,-0.1220277581644018,targets
GSE86507,0.012995753372018158,-0.12202830615575763,targets
GSE74750,0.012995735653390522,-0.12203027315166128,hundreds
GSE49906,0.012995717925273839,-0.1220322412036554,targets
GSE84899,0.012995686164919253,-0.12203576702364563,targets
GSE94085,0.012995681671953203,-0.12203626580307728,targets
GSE86396,0.012995676239172528,-0.12203686891475507,targets
GSE55310,0.012995657504597502,-0.1220389487063311,targets
GSE79180,0.012995612096176397,-0.12204398966854242,"hundreds,targets"
GSE93573,0.012995570828770899,-0.12204857093607728,targets
GSE51553,0.012995503343674669,-0.12205606277062162,targets
GSE62684,0.012995499440985794,-0.122056496027463,hundreds
GSE97859,0.012995449154949624,-0.12206207854129404,targets
GSE65973,0.012995397884782586,-0.12206777033083958,targets
GSE78505,0.012995355395908804,-0.12207248727665766,targets
GSE94144,0.012995351567128085,-0.12207291233342628,targets
GSE69170,0.012995089579458975,-0.1221019975120025,targets
GSE79174,0.01299501774875113,-0.12210997206975883,targets
GSE92292,0.01299495636341157,-0.12211678703037289,targets
GSE80561,0.01299486051319219,-0.12212742832398596,targets
GSE60261,0.012994799989274499,-0.1221341477311826,targets
GSE89210,0.012994748011785557,-0.12213991833292848,targets
GSE89242,0.012994732324169709,-0.12214165999496214,targets
GSE78240,0.012994616411088192,-0.12215452889980331,targets
GSE81237,0.012994477468600479,-0.12216995472718474,targets
GSE77441,0.012994443082262315,-0.12217377243092094,targets
GSE70249,0.01299434291259958,-0.12218489371036083,hundreds
GSE75219,0.012994260014382175,-0.12219409750230643,targets
GSE85929,0.012994216078695619,-0.12219897549491257,targets
GSE87569,0.012994163431526658,-0.12220482070812007,targets
GSE43041,0.012994154308879072,-0.12220583356309309,targets
GSE80378,0.012994080529536952,-0.12221402504602055,targets
GSE81275,0.01299406563747116,-0.12221567846980289,targets
GSE58514,0.012994049290353067,-0.12221749344609273,targets
GSE83251,0.012993996078270743,-0.12222340145542517,targets
GSE38497,0.012993968986519524,-0.12222640939660367,targets
GSE74467,0.012993946447684696,-0.12222891184165866,targets
GSE97077,0.012993911012716991,-0.12223284612922054,hundreds
GSE92870,0.012993894648919656,-0.12223466297898246,targets
GSE66873,0.012993837386110802,-0.12224102080738013,targets
GSE85646,0.01299371176225191,-0.12225496878817715,targets
GSE93061,0.012993707061545333,-0.12225549070888907,targets
GSE83823,0.012993606278351286,-0.12226668073937476,hundreds
GSE86521,0.012993583273600427,-0.12226923498556713,targets
GSE81489,0.012993565405075227,-0.12227121895333613,targets
GSE47494,0.012993487690506301,-0.12227984774420236,hundreds
GSE68511,0.012993409256086033,-0.12228855651380943,hundreds
GSE37184,0.012993096388535083,-0.12232329550260662,targets
GSE101091,0.01299308117611586,-0.12232498462227179,subtypespecific
GSE68617,0.012992763413313523,-0.12236026804879699,hundreds
GSE48005,0.01299265482508591,-0.1223723255570533,hundreds
GSE84832,0.012992514788154065,-0.12238787524097874,targets
GSE73372,0.01299245036236928,-0.12239502912859618,targets
GSE100070,0.012992389610379696,-0.12240177510772758,new
GSE50612,0.012992203915089382,-0.12242239514738269,reenter
GSE95145,0.012992190383337194,-0.12242389775633718,targets
GSE45148,0.012992013467987968,-0.12244354314539359,targets
GSE85627,0.012991919642054905,-0.12245396206140331,hundreds
GSE95519,0.012991851561691473,-0.12246152210354923,hundreds
GSE31839,0.012991637661966567,-0.1224852750390939,hundreds
GSE89270,0.012991528418407011,-0.1224974063660563,targets
GSE102345,0.012988197411134881,-0.12286735851493828,tissue
GSE106161,0.012988082447440449,-0.12288012843832548,hrs
GSE87511,0.0129871204808681,-0.12298698607542605,
GSE85505,0.0129871204808681,-0.12298698607542605,
GSE85491,0.0129871204808681,-0.12298698607542605,
GSE85484,0.0129871204808681,-0.12298698607542605,
GSE87512,0.0129871204808681,-0.12298698607542605,
GSE85641,0.0129871204808681,-0.12298698607542605,
GSE87119,0.0129871204808681,-0.12298698607542605,
GSE87127,0.0129871204808681,-0.12298698607542605,
GSE85422,0.0129871204808681,-0.12298698607542605,
GSE87293,0.0129871204808681,-0.12298698607542605,
GSE85414,0.0129871204808681,-0.12298698607542605,
GSE85412,0.0129871204808681,-0.12298698607542605,
GSE87315,0.0129871204808681,-0.12298698607542605,
GSE87321,0.0129871204808681,-0.12298698607542605,
GSE41265,0.0129871204808681,-0.12298698607542605,
GSE41903,0.0129871204808681,-0.12298698607542605,
GSE41879,0.0129871204808681,-0.12298698607542605,
GSE86110,0.0129871204808681,-0.12298698607542605,
GSE97118,0.0129871204808681,-0.12298698607542605,
GSE97120,0.0129871204808681,-0.12298698607542605,
GSE87299,0.0129871204808681,-0.12298698607542605,
GSE35005,0.0129871204808681,-0.12298698607542605,
GSE87519,0.0129871204808681,-0.12298698607542605,
GSE36882,0.0129871204808681,-0.12298698607542605,
GSE36896,0.0129871204808681,-0.12298698607542605,
GSE37018,0.0129871204808681,-0.12298698607542605,
GSE31182,0.0129871204808681,-0.12298698607542605,
GSE85249,0.0129871204808681,-0.12298698607542605,
GSE85391,0.0129871204808681,-0.12298698607542605,
GSE85520,0.0129871204808681,-0.12298698607542605,
GSE31234,0.0129871204808681,-0.12298698607542605,
GSE87504,0.0129871204808681,-0.12298698607542605,
GSE31530,0.0129871204808681,-0.12298698607542605,
GSE86083,0.0129871204808681,-0.12298698607542605,
GSE86079,0.0129871204808681,-0.12298698607542605,
GSE86071,0.0129871204808681,-0.12298698607542605,
GSE87366,0.0129871204808681,-0.12298698607542605,
GSE87375,0.0129871204808681,-0.12298698607542605,
GSE87404,0.0129871204808681,-0.12298698607542605,
GSE87453,0.0129871204808681,-0.12298698607542605,
GSE86043,0.0129871204808681,-0.12298698607542605,
GSE87464,0.0129871204808681,-0.12298698607542605,
GSE85931,0.0129871204808681,-0.12298698607542605,
GSE33921,0.0129871204808681,-0.12298698607542605,
GSE87795,0.0129871204808681,-0.12298698607542605,
GSE42999,0.0129871204808681,-0.12298698607542605,
GSE85576,0.0129871204808681,-0.12298698607542605,
GSE87586,0.0129871204808681,-0.12298698607542605,
GSE40468,0.0129871204808681,-0.12298698607542605,
GSE40463,0.0129871204808681,-0.12298698607542605,
GSE87602,0.0129871204808681,-0.12298698607542605,
GSE40285,0.0129871204808681,-0.12298698607542605,
GSE41082,0.0129871204808681,-0.12298698607542605,
GSE86568,0.0129871204808681,-0.12298698607542605,
GSE40978,0.0129871204808681,-0.12298698607542605,
GSE87632,0.0129871204808681,-0.12298698607542605,
GSE42990,0.0129871204808681,-0.12298698607542605,
GSE87635,0.0129871204808681,-0.12298698607542605,
GSE87644,0.0129871204808681,-0.12298698607542605,
GSE37646,0.0129871204808681,-0.12298698607542605,
GSE37685,0.0129871204808681,-0.12298698607542605,
GSE42923,0.0129871204808681,-0.12298698607542605,
GSE87633,0.0129871204808681,-0.12298698607542605,
GSE42880,0.0129871204808681,-0.12298698607542605,
GSE87623,0.0129871204808681,-0.12298698607542605,
GSE86288,0.0129871204808681,-0.12298698607542605,
GSE86261,0.0129871204808681,-0.12298698607542605,
GSE86609,0.0129871204808681,-0.12298698607542605,
GSE86235,0.0129871204808681,-0.12298698607542605,
GSE85512,0.0129871204808681,-0.12298698607542605,
GSE40652,0.0129871204808681,-0.12298698607542605,
GSE97354,0.0129871204808681,-0.12298698607542605,
GSE97375,0.0129871204808681,-0.12298698607542605,
GSE42662,0.0129871204808681,-0.12298698607542605,
GSE97381,0.0129871204808681,-0.12298698607542605,
GSE89195,0.0129871204808681,-0.12298698607542605,
GSE87084,0.0129871204808681,-0.12298698607542605,
GSE87344,0.0129871204808681,-0.12298698607542605,
GSE87694,0.0129871204808681,-0.12298698607542605,
GSE87743,0.0129871204808681,-0.12298698607542605,
GSE87758,0.0129871204808681,-0.12298698607542605,
GSE87824,0.0129871204808681,-0.12298698607542605,
GSE42629,0.0129871204808681,-0.12298698607542605,
GSE87836,0.0129871204808681,-0.12298698607542605,
GSE87862,0.0129871204808681,-0.12298698607542605,
GSE42573,0.0129871204808681,-0.12298698607542605,
GSE87069,0.0129871204808681,-0.12298698607542605,
GSE86929,0.0129871204808681,-0.12298698607542605,
GSE86188,0.0129871204808681,-0.12298698607542605,
GSE37228,0.0129871204808681,-0.12298698607542605,
GSE86113,0.0129871204808681,-0.12298698607542605,
GSE86868,0.0129871204808681,-0.12298698607542605,
GSE37236,0.0129871204808681,-0.12298698607542605,
GSE42154,0.0129871204808681,-0.12298698607542605,
GSE42852,0.0129871204808681,-0.12298698607542605,
GSE38892,0.0129871204808681,-0.12298698607542605,
GSE97184,0.0129871204808681,-0.12298698607542605,
GSE38148,0.0129871204808681,-0.12298698607542605,
GSE97439,0.0129871204808681,-0.12298698607542605,
GSE97445,0.0129871204808681,-0.12298698607542605,
GSE39605,0.0129871204808681,-0.12298698607542605,
GSE39522,0.0129871204808681,-0.12298698607542605,
GSE97235,0.0129871204808681,-0.12298698607542605,
GSE97249,0.0129871204808681,-0.12298698607542605,
GSE41710,0.0129871204808681,-0.12298698607542605,
GSE86526,0.0129871204808681,-0.12298698607542605,
GSE86204,0.0129871204808681,-0.12298698607542605,
GSE86199,0.0129871204808681,-0.12298698607542605,
GSE97389,0.0129871204808681,-0.12298698607542605,
GSE37379,0.0129871204808681,-0.12298698607542605,
GSE39866,0.0129871204808681,-0.12298698607542605,
GSE37933,0.0129871204808681,-0.12298698607542605,
GSE87043,0.0129871204808681,-0.12298698607542605,
GSE37952,0.0129871204808681,-0.12298698607542605,
GSE38046,0.0129871204808681,-0.12298698607542605,
GSE87027,0.0129871204808681,-0.12298698607542605,
GSE86997,0.0129871204808681,-0.12298698607542605,
GSE38144,0.0129871204808681,-0.12298698607542605,
GSE37150,0.0129871204808681,-0.12298698607542605,
GSE86949,0.0129871204808681,-0.12298698607542605,
GSE39970,0.0129871204808681,-0.12298698607542605,
GSE40064,0.0129871204808681,-0.12298698607542605,
GSE86780,0.0129871204808681,-0.12298698607542605,
GSE86909,0.0129871204808681,-0.12298698607542605,
GSE40187,0.0129871204808681,-0.12298698607542605,
GSE86907,0.0129871204808681,-0.12298698607542605,
GSE86901,0.0129871204808681,-0.12298698607542605,
GSE40190,0.0129871204808681,-0.12298698607542605,
GSE97062,0.0129871204808681,-0.12298698607542605,
GSE39619,0.0129871204808681,-0.12298698607542605,
GSE86976,0.0129871204808681,-0.12298698607542605,
GSE38596,0.0129871204808681,-0.12298698607542605,
GSE38604,0.0129871204808681,-0.12298698607542605,
GSE35838,0.0129871204808681,-0.12298698607542605,
GSE97078,0.0129871204808681,-0.12298698607542605,
GSE97101,0.0129871204808681,-0.12298698607542605,
GSE86837,0.0129871204808681,-0.12298698607542605,
GSE38669,0.0129871204808681,-0.12298698607542605,
GSE38741,0.0129871204808681,-0.12298698607542605,
GSE86817,0.0129871204808681,-0.12298698607542605,
GSE85763,0.0129871204808681,-0.12298698607542605,
GSE86318,0.0129871204808681,-0.12298698607542605,
GSE85745,0.0129871204808681,-0.12298698607542605,
GSE38808,0.0129871204808681,-0.12298698607542605,
GSE85737,0.0129871204808681,-0.12298698607542605,
GSE85450,0.0129871204808681,-0.12298698607542605,
GSE85423,0.0129871204808681,-0.12298698607542605,
GSE38838,0.0129871204808681,-0.12298698607542605,
GSE85855,0.0129871204808681,-0.12298698607542605,
GSE85793,0.0129871204808681,-0.12298698607542605,
GSE85936,0.0129871204808681,-0.12298698607542605,
GSE85019,0.0129871204808681,-0.12298698607542605,
GSE85750,0.0129871204808681,-0.12298698607542605,
GSE86315,0.0129871204808681,-0.12298698607542605,
GSE86310,0.0129871204808681,-0.12298698607542605,
GSE42443,0.0129871204808681,-0.12298698607542605,
GSE34903,0.0129871204808681,-0.12298698607542605,
GSE39812,0.0129871204808681,-0.12298698607542605,
GSE42398,0.0129871204808681,-0.12298698607542605,
GSE39851,0.0129871204808681,-0.12298698607542605,
GSE39160,0.0129871204808681,-0.12298698607542605,
GSE42350,0.0129871204808681,-0.12298698607542605,
GSE85727,0.0129871204808681,-0.12298698607542605,
GSE35599,0.0129871204808681,-0.12298698607542605,
GSE97281,0.0129871204808681,-0.12298698607542605,
GSE86297,0.0129871204808681,-0.12298698607542605,
GSE86479,0.0129871204808681,-0.12298698607542605,
GSE86460,0.0129871204808681,-0.12298698607542605,
GSE86417,0.0129871204808681,-0.12298698607542605,
GSE86400,0.0129871204808681,-0.12298698607542605,
GSE97321,0.0129871204808681,-0.12298698607542605,
GSE35213,0.0129871204808681,-0.12298698607542605,
GSE35350,0.0129871204808681,-0.12298698607542605,
GSE35368,0.0129871204808681,-0.12298698607542605,
GSE35510,0.0129871204808681,-0.12298698607542605,
GSE85723,0.0129871204808681,-0.12298698607542605,
GSE45760,0.0129871204808681,-0.12298698607542605,
GSE45719,0.0129871204808681,-0.12298698607542605,
GSE45684,0.0129871204808681,-0.12298698607542605,
GSE47536,0.0129871204808681,-0.12298698607542605,
GSE47926,0.0129871204808681,-0.12298698607542605,
GSE47885,0.0129871204808681,-0.12298698607542605,
GSE47883,0.0129871204808681,-0.12298698607542605,
GSE82072,0.0129871204808681,-0.12298698607542605,
GSE82229,0.0129871204808681,-0.12298698607542605,
GSE82185,0.0129871204808681,-0.12298698607542605,
GSE82180,0.0129871204808681,-0.12298698607542605,
GSE98816,0.0129871204808681,-0.12298698607542605,
GSE98765,0.0129871204808681,-0.12298698607542605,
GSE98901,0.0129871204808681,-0.12298698607542605,
GSE85532,0.0129871204808681,-0.12298698607542605,
GSE83153,0.0129871204808681,-0.12298698607542605,
GSE83134,0.0129871204808681,-0.12298698607542605,
GSE82174,0.0129871204808681,-0.12298698607542605,
GSE82164,0.0129871204808681,-0.12298698607542605,
GSE83099,0.0129871204808681,-0.12298698607542605,
GSE82282,0.0129871204808681,-0.12298698607542605,
GSE82275,0.0129871204808681,-0.12298698607542605,
GSE82073,0.0129871204808681,-0.12298698607542605,
GSE98988,0.0129871204808681,-0.12298698607542605,
GSE99144,0.0129871204808681,-0.12298698607542605,
GSE99121,0.0129871204808681,-0.12298698607542605,
GSE99120,0.0129871204808681,-0.12298698607542605,
GSE99112,0.0129871204808681,-0.12298698607542605,
GSE98877,0.0129871204808681,-0.12298698607542605,
GSE98844,0.0129871204808681,-0.12298698607542605,
GSE47835,0.0129871204808681,-0.12298698607542605,
GSE83265,0.0129871204808681,-0.12298698607542605,
GSE83368,0.0129871204808681,-0.12298698607542605,
GSE83358,0.0129871204808681,-0.12298698607542605,
GSE83356,0.0129871204808681,-0.12298698607542605,
GSE83226,0.0129871204808681,-0.12298698607542605,
GSE83218,0.0129871204808681,-0.12298698607542605,
GSE83315,0.0129871204808681,-0.12298698607542605,
GSE84257,0.0129871204808681,-0.12298698607542605,
GSE84256,0.0129871204808681,-0.12298698607542605,
GSE84252,0.0129871204808681,-0.12298698607542605,
GSE84208,0.0129871204808681,-0.12298698607542605,
GSE84175,0.0129871204808681,-0.12298698607542605,
GSE83340,0.0129871204808681,-0.12298698607542605,
GSE83483,0.0129871204808681,-0.12298698607542605,
GSE83474,0.0129871204808681,-0.12298698607542605,
GSE45888,0.0129871204808681,-0.12298698607542605,
GSE46207,0.0129871204808681,-0.12298698607542605,
GSE45914,0.0129871204808681,-0.12298698607542605,
GSE46434,0.0129871204808681,-0.12298698607542605,
GSE46433,0.0129871204808681,-0.12298698607542605,
GSE46340,0.0129871204808681,-0.12298698607542605,
GSE46316,0.0129871204808681,-0.12298698607542605,
GSE84264,0.0129871204808681,-0.12298698607542605,
GSE47851,0.0129871204808681,-0.12298698607542605,
GSE47370,0.0129871204808681,-0.12298698607542605,
GSE47124,0.0129871204808681,-0.12298698607542605,
GSE47708,0.0129871204808681,-0.12298698607542605,
GSE47707,0.0129871204808681,-0.12298698607542605,
GSE47703,0.0129871204808681,-0.12298698607542605,
GSE83405,0.0129871204808681,-0.12298698607542605,
GSE83394,0.0129871204808681,-0.12298698607542605,
GSE46213,0.0129871204808681,-0.12298698607542605,
GSE81390,0.0129871204808681,-0.12298698607542605,
GSE81505,0.0129871204808681,-0.12298698607542605,
GSE51572,0.0129871204808681,-0.12298698607542605,
GSE48966,0.0129871204808681,-0.12298698607542605,
GSE48965,0.0129871204808681,-0.12298698607542605,
GSE81559,0.0129871204808681,-0.12298698607542605,
GSE97571,0.0129871204808681,-0.12298698607542605,
GSE97544,0.0129871204808681,-0.12298698607542605,
GSE81494,0.0129871204808681,-0.12298698607542605,
GSE81492,0.0129871204808681,-0.12298698607542605,
GSE81467,0.0129871204808681,-0.12298698607542605,
GSE81682,0.0129871204808681,-0.12298698607542605,
GSE99058,0.0129871204808681,-0.12298698607542605,
GSE99049,0.0129871204808681,-0.12298698607542605,
GSE83114,0.0129871204808681,-0.12298698607542605,
GSE48020,0.0129871204808681,-0.12298698607542605,
GSE81783,0.0129871204808681,-0.12298698607542605,
GSE81587,0.0129871204808681,-0.12298698607542605,
GSE81575,0.0129871204808681,-0.12298698607542605,
GSE97618,0.0129871204808681,-0.12298698607542605,
GSE97579,0.0129871204808681,-0.12298698607542605,
GSE97891,0.0129871204808681,-0.12298698607542605,
GSE97875,0.0129871204808681,-0.12298698607542605,
GSE97534,0.0129871204808681,-0.12298698607542605,
GSE97464,0.0129871204808681,-0.12298698607542605,
GSE97732,0.0129871204808681,-0.12298698607542605,
GSE97718,0.0129871204808681,-0.12298698607542605,
GSE81055,0.0129871204808681,-0.12298698607542605,
GSE97804,0.0129871204808681,-0.12298698607542605,
GSE97764,0.0129871204808681,-0.12298698607542605,
GSE97993,0.0129871204808681,-0.12298698607542605,
GSE81803,0.0129871204808681,-0.12298698607542605,
GSE47948,0.0129871204808681,-0.12298698607542605,
GSE99093,0.0129871204808681,-0.12298698607542605,
GSE99076,0.0129871204808681,-0.12298698607542605,
GSE47089,0.0129871204808681,-0.12298698607542605,
GSE47083,0.0129871204808681,-0.12298698607542605,
GSE47081,0.0129871204808681,-0.12298698607542605,
GSE81999,0.0129871204808681,-0.12298698607542605,
GSE81990,0.0129871204808681,-0.12298698607542605,
GSE81904,0.0129871204808681,-0.12298698607542605,
GSE81716,0.0129871204808681,-0.12298698607542605,
GSE81902,0.0129871204808681,-0.12298698607542605,
GSE81885,0.0129871204808681,-0.12298698607542605,
GSE81882,0.0129871204808681,-0.12298698607542605,
GSE81875,0.0129871204808681,-0.12298698607542605,
GSE82157,0.0129871204808681,-0.12298698607542605,
GSE81420,0.0129871204808681,-0.12298698607542605,
GSE82076,0.0129871204808681,-0.12298698607542605,
GSE81903,0.0129871204808681,-0.12298698607542605,
GSE82043,0.0129871204808681,-0.12298698607542605,
GSE82031,0.0129871204808681,-0.12298698607542605,
GSE82008,0.0129871204808681,-0.12298698607542605,
GSE82000,0.0129871204808681,-0.12298698607542605,
GSE48878,0.0129871204808681,-0.12298698607542605,
GSE48870,0.0129871204808681,-0.12298698607542605,
GSE48808,0.0129871204808681,-0.12298698607542605,
GSE48764,0.0129871204808681,-0.12298698607542605,
GSE48763,0.0129871204808681,-0.12298698607542605,
GSE48654,0.0129871204808681,-0.12298698607542605,
GSE48607,0.0129871204808681,-0.12298698607542605,
GSE48553,0.0129871204808681,-0.12298698607542605,
GSE81421,0.0129871204808681,-0.12298698607542605,
GSE82099,0.0129871204808681,-0.12298698607542605,
GSE87542,0.0129871204808681,-0.12298698607542605,
GSE85721,0.0129871204808681,-0.12298698607542605,
GSE85717,0.0129871204808681,-0.12298698607542605,
GSE85702,0.0129871204808681,-0.12298698607542605,
GSE84759,0.0129871204808681,-0.12298698607542605,
GSE84737,0.0129871204808681,-0.12298698607542605,
GSE84892,0.0129871204808681,-0.12298698607542605,
GSE84945,0.0129871204808681,-0.12298698607542605,
GSE84943,0.0129871204808681,-0.12298698607542605,
GSE84922,0.0129871204808681,-0.12298698607542605,
GSE84160,0.0129871204808681,-0.12298698607542605,
GSE84158,0.0129871204808681,-0.12298698607542605,
GSE84148,0.0129871204808681,-0.12298698607542605,
GSE84145,0.0129871204808681,-0.12298698607542605,
GSE84386,0.0129871204808681,-0.12298698607542605,
GSE82230,0.0129871204808681,-0.12298698607542605,
GSE84919,0.0129871204808681,-0.12298698607542605,
GSE84341,0.0129871204808681,-0.12298698607542605,
GSE84329,0.0129871204808681,-0.12298698607542605,
GSE84308,0.0129871204808681,-0.12298698607542605,
GSE85329,0.0129871204808681,-0.12298698607542605,
GSE85316,0.0129871204808681,-0.12298698607542605,
GSE85308,0.0129871204808681,-0.12298698607542605,
GSE84498,0.0129871204808681,-0.12298698607542605,
GSE84492,0.0129871204808681,-0.12298698607542605,
GSE84480,0.0129871204808681,-0.12298698607542605,
GSE84299,0.0129871204808681,-0.12298698607542605,
GSE44366,0.0129871204808681,-0.12298698607542605,
GSE44346,0.0129871204808681,-0.12298698607542605,
GSE42100,0.0129871204808681,-0.12298698607542605,
GSE44067,0.0129871204808681,-0.12298698607542605,
GSE84383,0.0129871204808681,-0.12298698607542605,
GSE85674,0.0129871204808681,-0.12298698607542605,
GSE84989,0.0129871204808681,-0.12298698607542605,
GSE43660,0.0129871204808681,-0.12298698607542605,
GSE43650,0.0129871204808681,-0.12298698607542605,
GSE43617,0.0129871204808681,-0.12298698607542605,
GSE43575,0.0129871204808681,-0.12298698607542605,
GSE85234,0.0129871204808681,-0.12298698607542605,
GSE85193,0.0129871204808681,-0.12298698607542605,
GSE84961,0.0129871204808681,-0.12298698607542605,
GSE84946,0.0129871204808681,-0.12298698607542605,
GSE85128,0.0129871204808681,-0.12298698607542605,
GSE85098,0.0129871204808681,-0.12298698607542605,
GSE85690,0.0129871204808681,-0.12298698607542605,
GSE44698,0.0129871204808681,-0.12298698607542605,
GSE42564,0.0129871204808681,-0.12298698607542605,
GSE85553,0.0129871204808681,-0.12298698607542605,
GSE85302,0.0129871204808681,-0.12298698607542605,
GSE84703,0.0129871204808681,-0.12298698607542605,
GSE84681,0.0129871204808681,-0.12298698607542605,
GSE84615,0.0129871204808681,-0.12298698607542605,
GSE45048,0.0129871204808681,-0.12298698607542605,
GSE44935,0.0129871204808681,-0.12298698607542605,
GSE44831,0.0129871204808681,-0.12298698607542605,
GSE44733,0.0129871204808681,-0.12298698607542605,
GSE84878,0.0129871204808681,-0.12298698607542605,
GSE84874,0.0129871204808681,-0.12298698607542605,
GSE84873,0.0129871204808681,-0.12298698607542605,
GSE84861,0.0129871204808681,-0.12298698607542605,
GSE84553,0.0129871204808681,-0.12298698607542605,
GSE84786,0.0129871204808681,-0.12298698607542605,
GSE85303,0.0129871204808681,-0.12298698607542605,
GSE42474,0.0129871204808681,-0.12298698607542605,
GSE46494,0.0129871204808681,-0.12298698607542605,
GSE44674,0.0129871204808681,-0.12298698607542605,
GSE44668,0.0129871204808681,-0.12298698607542605,
GSE44665,0.0129871204808681,-0.12298698607542605,
GSE44654,0.0129871204808681,-0.12298698607542605,
GSE44591,0.0129871204808681,-0.12298698607542605,
GSE44573,0.0129871204808681,-0.12298698607542605,
GSE83506,0.0129871204808681,-0.12298698607542605,
GSE83734,0.0129871204808681,-0.12298698607542605,
GSE83720,0.0129871204808681,-0.12298698607542605,
GSE46980,0.0129871204808681,-0.12298698607542605,
GSE46953,0.0129871204808681,-0.12298698607542605,
GSE47484,0.0129871204808681,-0.12298698607542605,
GSE47454,0.0129871204808681,-0.12298698607542605,
GSE83688,0.0129871204808681,-0.12298698607542605,
GSE43879,0.0129871204808681,-0.12298698607542605,
GSE83809,0.0129871204808681,-0.12298698607542605,
GSE83552,0.0129871204808681,-0.12298698607542605,
GSE83541,0.0129871204808681,-0.12298698607542605,
GSE83529,0.0129871204808681,-0.12298698607542605,
GSE84535,0.0129871204808681,-0.12298698607542605,
GSE84534,0.0129871204808681,-0.12298698607542605,
GSE83762,0.0129871204808681,-0.12298698607542605,
GSE83755,0.0129871204808681,-0.12298698607542605,
GSE83885,0.0129871204808681,-0.12298698607542605,
GSE83876,0.0129871204808681,-0.12298698607542605,
GSE83873,0.0129871204808681,-0.12298698607542605,
GSE83311,0.0129871204808681,-0.12298698607542605,
GSE83253,0.0129871204808681,-0.12298698607542605,
GSE83243,0.0129871204808681,-0.12298698607542605,
GSE83229,0.0129871204808681,-0.12298698607542605,
GSE83624,0.0129871204808681,-0.12298698607542605,
GSE44553,0.0129871204808681,-0.12298698607542605,
GSE45180,0.0129871204808681,-0.12298698607542605,
GSE84458,0.0129871204808681,-0.12298698607542605,
GSE84450,0.0129871204808681,-0.12298698607542605,
GSE84548,0.0129871204808681,-0.12298698607542605,
GSE84547,0.0129871204808681,-0.12298698607542605,
GSE84545,0.0129871204808681,-0.12298698607542605,
GSE45975,0.0129871204808681,-0.12298698607542605,
GSE43314,0.0129871204808681,-0.12298698607542605,
GSE43110,0.0129871204808681,-0.12298698607542605,
GSE43078,0.0129871204808681,-0.12298698607542605,
GSE45446,0.0129871204808681,-0.12298698607542605,
GSE45358,0.0129871204808681,-0.12298698607542605,
GSE45338,0.0129871204808681,-0.12298698607542605,
GSE45319,0.0129871204808681,-0.12298698607542605,
GSE47442,0.0129871204808681,-0.12298698607542605,
GSE83963,0.0129871204808681,-0.12298698607542605,
GSE83961,0.0129871204808681,-0.12298698607542605,
GSE83948,0.0129871204808681,-0.12298698607542605,
GSE83931,0.0129871204808681,-0.12298698607542605,
GSE45597,0.0129871204808681,-0.12298698607542605,
GSE46149,0.0129871204808681,-0.12298698607542605,
GSE46038,0.0129871204808681,-0.12298698607542605,
GSE84139,0.0129871204808681,-0.12298698607542605,
GSE84125,0.0129871204808681,-0.12298698607542605,
GSE84078,0.0129871204808681,-0.12298698607542605,
GSE84063,0.0129871204808681,-0.12298698607542605,
GSE84061,0.0129871204808681,-0.12298698607542605,
GSE84037,0.0129871204808681,-0.12298698607542605,
GSE83993,0.0129871204808681,-0.12298698607542605,
GSE84526,0.0129871204808681,-0.12298698607542605,
GSE83978,0.0129871204808681,-0.12298698607542605,
GSE94246,0.0129871204808681,-0.12298698607542605,
GSE94239,0.0129871204808681,-0.12298698607542605,
GSE94238,0.0129871204808681,-0.12298698607542605,
GSE94383,0.0129871204808681,-0.12298698607542605,
GSE94883,0.0129871204808681,-0.12298698607542605,
GSE94857,0.0129871204808681,-0.12298698607542605,
GSE101928,0.0129871204808681,-0.12298698607542605,
GSE102161,0.0129871204808681,-0.12298698607542605,
GSE102159,0.0129871204808681,-0.12298698607542605,
GSE95111,0.0129871204808681,-0.12298698607542605,
GSE95337,0.0129871204808681,-0.12298698607542605,
GSE94264,0.0129871204808681,-0.12298698607542605,
GSE93824,0.0129871204808681,-0.12298698607542605,
GSE94481,0.0129871204808681,-0.12298698607542605,
GSE94444,0.0129871204808681,-0.12298698607542605,
GSE34854,0.0129871204808681,-0.12298698607542605,
GSE94671,0.0129871204808681,-0.12298698607542605,
GSE94673,0.0129871204808681,-0.12298698607542605,
GSE94685,0.0129871204808681,-0.12298698607542605,
GSE94761,0.0129871204808681,-0.12298698607542605,
GSE93856,0.0129871204808681,-0.12298698607542605,
GSE94543,0.0129871204808681,-0.12298698607542605,
GSE94546,0.0129871204808681,-0.12298698607542605,
GSE94581,0.0129871204808681,-0.12298698607542605,
GSE94559,0.0129871204808681,-0.12298698607542605,
GSE93909,0.0129871204808681,-0.12298698607542605,
GSE93918,0.0129871204808681,-0.12298698607542605,
GSE93947,0.0129871204808681,-0.12298698607542605,
GSE94306,0.0129871204808681,-0.12298698607542605,
GSE94333,0.0129871204808681,-0.12298698607542605,
GSE94364,0.0129871204808681,-0.12298698607542605,
GSE94579,0.0129871204808681,-0.12298698607542605,
GSE94554,0.0129871204808681,-0.12298698607542605,
GSE95401,0.0129871204808681,-0.12298698607542605,
GSE95383,0.0129871204808681,-0.12298698607542605,
GSE95341,0.0129871204808681,-0.12298698607542605,
GSE94659,0.0129871204808681,-0.12298698607542605,
GSE95315,0.0129871204808681,-0.12298698607542605,
GSE95251,0.0129871204808681,-0.12298698607542605,
GSE95428,0.0129871204808681,-0.12298698607542605,
GSE95629,0.0129871204808681,-0.12298698607542605,
GSE95602,0.0129871204808681,-0.12298698607542605,
GSE95583,0.0129871204808681,-0.12298698607542605,
GSE94641,0.0129871204808681,-0.12298698607542605,
GSE94602,0.0129871204808681,-0.12298698607542605,
GSE94597,0.0129871204808681,-0.12298698607542605,
GSE94595,0.0129871204808681,-0.12298698607542605,
GSE94774,0.0129871204808681,-0.12298698607542605,
GSE94257,0.0129871204808681,-0.12298698607542605,
GSE94263,0.0129871204808681,-0.12298698607542605,
GSE103126,0.0129871204808681,-0.12298698607542605,
GSE94949,0.0129871204808681,-0.12298698607542605,
GSE94778,0.0129871204808681,-0.12298698607542605,
GSE94802,0.0129871204808681,-0.12298698607542605,
GSE94814,0.0129871204808681,-0.12298698607542605,
GSE94821,0.0129871204808681,-0.12298698607542605,
GSE103086,0.0129871204808681,-0.12298698607542605,
GSE94297,0.0129871204808681,-0.12298698607542605,
GSE102783,0.0129871204808681,-0.12298698607542605,
GSE101903,0.0129871204808681,-0.12298698607542605,
GSE102808,0.0129871204808681,-0.12298698607542605,
GSE102817,0.0129871204808681,-0.12298698607542605,
GSE102857,0.0129871204808681,-0.12298698607542605,
GSE103261,0.0129871204808681,-0.12298698607542605,
GSE102982,0.0129871204808681,-0.12298698607542605,
GSE94271,0.0129871204808681,-0.12298698607542605,
GSE93319,0.0129871204808681,-0.12298698607542605,
GSE93537,0.0129871204808681,-0.12298698607542605,
GSE93412,0.0129871204808681,-0.12298698607542605,
GSE94121,0.0129871204808681,-0.12298698607542605,
GSE94118,0.0129871204808681,-0.12298698607542605,
GSE93379,0.0129871204808681,-0.12298698607542605,
GSE103949,0.0129871204808681,-0.12298698607542605,
GSE104236,0.0129871204808681,-0.12298698607542605,
GSE104189,0.0129871204808681,-0.12298698607542605,
GSE104138,0.0129871204808681,-0.12298698607542605,
GSE104096,0.0129871204808681,-0.12298698607542605,
GSE103799,0.0129871204808681,-0.12298698607542605,
GSE104086,0.0129871204808681,-0.12298698607542605,
GSE104065,0.0129871204808681,-0.12298698607542605,
GSE93702,0.0129871204808681,-0.12298698607542605,
GSE93796,0.0129871204808681,-0.12298698607542605,
GSE94072,0.0129871204808681,-0.12298698607542605,
GSE93866,0.0129871204808681,-0.12298698607542605,
GSE93867,0.0129871204808681,-0.12298698607542605,
GSE103492,0.0129871204808681,-0.12298698607542605,
GSE93729,0.0129871204808681,-0.12298698607542605,
GSE93558,0.0129871204808681,-0.12298698607542605,
GSE93570,0.0129871204808681,-0.12298698607542605,
GSE93678,0.0129871204808681,-0.12298698607542605,
GSE92992,0.0129871204808681,-0.12298698607542605,
GSE93622,0.0129871204808681,-0.12298698607542605,
GSE93655,0.0129871204808681,-0.12298698607542605,
GSE104331,0.0129871204808681,-0.12298698607542605,
GSE104396,0.0129871204808681,-0.12298698607542605,
GSE104415,0.0129871204808681,-0.12298698607542605,
GSE106120,0.0129871204808681,-0.12298698607542605,
GSE93670,0.0129871204808681,-0.12298698607542605,
GSE93132,0.0129871204808681,-0.12298698607542605,
GSE103319,0.0129871204808681,-0.12298698607542605,
GSE103435,0.0129871204808681,-0.12298698607542605,
GSE103471,0.0129871204808681,-0.12298698607542605,
GSE102564,0.0129871204808681,-0.12298698607542605,
GSE103574,0.0129871204808681,-0.12298698607542605,
GSE94768,0.0129871204808681,-0.12298698607542605,
GSE102788,0.0129871204808681,-0.12298698607542605,
GSE93320,0.0129871204808681,-0.12298698607542605,
GSE102624,0.0129871204808681,-0.12298698607542605,
GSE102858,0.0129871204808681,-0.12298698607542605,
GSE102688,0.0129871204808681,-0.12298698607542605,
GSE102768,0.0129871204808681,-0.12298698607542605,
GSE102772,0.0129871204808681,-0.12298698607542605,
GSE93974,0.0129871204808681,-0.12298698607542605,
GSE93764,0.0129871204808681,-0.12298698607542605,
GSE93787,0.0129871204808681,-0.12298698607542605,
GSE102623,0.0129871204808681,-0.12298698607542605,
GSE94525,0.0129871204808681,-0.12298698607542605,
GSE94142,0.0129871204808681,-0.12298698607542605,
GSE94018,0.0129871204808681,-0.12298698607542605,
GSE93325,0.0129871204808681,-0.12298698607542605,
GSE93331,0.0129871204808681,-0.12298698607542605,
GSE93339,0.0129871204808681,-0.12298698607542605,
GSE93374,0.0129871204808681,-0.12298698607542605,
GSE103185,0.0129871204808681,-0.12298698607542605,
GSE103662,0.0129871204808681,-0.12298698607542605,
GSE103712,0.0129871204808681,-0.12298698607542605,
GSE103713,0.0129871204808681,-0.12298698607542605,
GSE103714,0.0129871204808681,-0.12298698607542605,
GSE103725,0.0129871204808681,-0.12298698607542605,
GSE94132,0.0129871204808681,-0.12298698607542605,
GSE103162,0.0129871204808681,-0.12298698607542605,
GSE103180,0.0129871204808681,-0.12298698607542605,
GSE103583,0.0129871204808681,-0.12298698607542605,
GSE100332,0.0129871204808681,-0.12298698607542605,
GSE100816,0.0129871204808681,-0.12298698607542605,
GSE100732,0.0129871204808681,-0.12298698607542605,
GSE100964,0.0129871204808681,-0.12298698607542605,
GSE100961,0.0129871204808681,-0.12298698607542605,
GSE99575,0.0129871204808681,-0.12298698607542605,
GSE100934,0.0129871204808681,-0.12298698607542605,
GSE100888,0.0129871204808681,-0.12298698607542605,
GSE99989,0.0129871204808681,-0.12298698607542605,
GSE100873,0.0129871204808681,-0.12298698607542605,
GSE100863,0.0129871204808681,-0.12298698607542605,
GSE100035,0.0129871204808681,-0.12298698607542605,
GSE99516,0.0129871204808681,-0.12298698607542605,
GSE101092,0.0129871204808681,-0.12298698607542605,
GSE101016,0.0129871204808681,-0.12298698607542605,
GSE95411,0.0129871204808681,-0.12298698607542605,
GSE96592,0.0129871204808681,-0.12298698607542605,
GSE101701,0.0129871204808681,-0.12298698607542605,
GSE101712,0.0129871204808681,-0.12298698607542605,
GSE100690,0.0129871204808681,-0.12298698607542605,
GSE101753,0.0129871204808681,-0.12298698607542605,
GSE101772,0.0129871204808681,-0.12298698607542605,
GSE101806,0.0129871204808681,-0.12298698607542605,
GSE99296,0.0129871204808681,-0.12298698607542605,
GSE101995,0.0129871204808681,-0.12298698607542605,
GSE99233,0.0129871204808681,-0.12298698607542605,
GSE99235,0.0129871204808681,-0.12298698607542605,
GSE99250,0.0129871204808681,-0.12298698607542605,
GSE99251,0.0129871204808681,-0.12298698607542605,
GSE99260,0.0129871204808681,-0.12298698607542605,
GSE100981,0.0129871204808681,-0.12298698607542605,
GSE100983,0.0129871204808681,-0.12298698607542605,
GSE101994,0.0129871204808681,-0.12298698607542605,
GSE66965,0.0129871204808681,-0.12298698607542605,
GSE100858,0.0129871204808681,-0.12298698607542605,
GSE100601,0.0129871204808681,-0.12298698607542605,
GSE100607,0.0129871204808681,-0.12298698607542605,
GSE100634,0.0129871204808681,-0.12298698607542605,
GSE100674,0.0129871204808681,-0.12298698607542605,
GSE66814,0.0129871204808681,-0.12298698607542605,
GSE100067,0.0129871204808681,-0.12298698607542605,
GSE66832,0.0129871204808681,-0.12298698607542605,
GSE100356,0.0129871204808681,-0.12298698607542605,
GSE100389,0.0129871204808681,-0.12298698607542605,
GSE100406,0.0129871204808681,-0.12298698607542605,
GSE100411,0.0129871204808681,-0.12298698607542605,
GSE99709,0.0129871204808681,-0.12298698607542605,
GSE99735,0.0129871204808681,-0.12298698607542605,
GSE100532,0.0129871204808681,-0.12298698607542605,
GSE66822,0.0129871204808681,-0.12298698607542605,
GSE100098,0.0129871204808681,-0.12298698607542605,
GSE100106,0.0129871204808681,-0.12298698607542605,
GSE100175,0.0129871204808681,-0.12298698607542605,
GSE99372,0.0129871204808681,-0.12298698607542605,
GSE66966,0.0129871204808681,-0.12298698607542605,
GSE66978,0.0129871204808681,-0.12298698607542605,
GSE67009,0.0129871204808681,-0.12298698607542605,
GSE66961,0.0129871204808681,-0.12298698607542605,
GSE67052,0.0129871204808681,-0.12298698607542605,
GSE67120,0.0129871204808681,-0.12298698607542605,
GSE99363,0.0129871204808681,-0.12298698607542605,
GSE66870,0.0129871204808681,-0.12298698607542605,
GSE67583,0.0129871204808681,-0.12298698607542605,
GSE67602,0.0129871204808681,-0.12298698607542605,
GSE66931,0.0129871204808681,-0.12298698607542605,
GSE66954,0.0129871204808681,-0.12298698607542605,
GSE67015,0.0129871204808681,-0.12298698607542605,
GSE95740,0.0129871204808681,-0.12298698607542605,
GSE101732,0.0129871204808681,-0.12298698607542605,
GSE101722,0.0129871204808681,-0.12298698607542605,
GSE96105,0.0129871204808681,-0.12298698607542605,
GSE96104,0.0129871204808681,-0.12298698607542605,
GSE96103,0.0129871204808681,-0.12298698607542605,
GSE96093,0.0129871204808681,-0.12298698607542605,
GSE96086,0.0129871204808681,-0.12298698607542605,
GSE95056,0.0129871204808681,-0.12298698607542605,
GSE101690,0.0129871204808681,-0.12298698607542605,
GSE101678,0.0129871204808681,-0.12298698607542605,
GSE101826,0.0129871204808681,-0.12298698607542605,
GSE101815,0.0129871204808681,-0.12298698607542605,
GSE101605,0.0129871204808681,-0.12298698607542605,
GSE101596,0.0129871204808681,-0.12298698607542605,
GSE96561,0.0129871204808681,-0.12298698607542605,
GSE102685,0.0129871204808681,-0.12298698607542605,
GSE102443,0.0129871204808681,-0.12298698607542605,
GSE102446,0.0129871204808681,-0.12298698607542605,
GSE102454,0.0129871204808681,-0.12298698607542605,
GSE102455,0.0129871204808681,-0.12298698607542605,
GSE102491,0.0129871204808681,-0.12298698607542605,
GSE102562,0.0129871204808681,-0.12298698607542605,
GSE101576,0.0129871204808681,-0.12298698607542605,
GSE101957,0.0129871204808681,-0.12298698607542605,
GSE101984,0.0129871204808681,-0.12298698607542605,
GSE101996,0.0129871204808681,-0.12298698607542605,
GSE102020,0.0129871204808681,-0.12298698607542605,
GSE101527,0.0129871204808681,-0.12298698607542605,
GSE101537,0.0129871204808681,-0.12298698607542605,
GSE101552,0.0129871204808681,-0.12298698607542605,
GSE101748,0.0129871204808681,-0.12298698607542605,
GSE102563,0.0129871204808681,-0.12298698607542605,
GSE99933,0.0129871204808681,-0.12298698607542605,
GSE99938,0.0129871204808681,-0.12298698607542605,
GSE99957,0.0129871204808681,-0.12298698607542605,
GSE96059,0.0129871204808681,-0.12298698607542605,
GSE96061,0.0129871204808681,-0.12298698607542605,
GSE96630,0.0129871204808681,-0.12298698607542605,
GSE96638,0.0129871204808681,-0.12298698607542605,
GSE95752,0.0129871204808681,-0.12298698607542605,
GSE96679,0.0129871204808681,-0.12298698607542605,
GSE96107,0.0129871204808681,-0.12298698607542605,
GSE96518,0.0129871204808681,-0.12298698607542605,
GSE101838,0.0129871204808681,-0.12298698607542605,
GSE101898,0.0129871204808681,-0.12298698607542605,
GSE101902,0.0129871204808681,-0.12298698607542605,
GSE96539,0.0129871204808681,-0.12298698607542605,
GSE96541,0.0129871204808681,-0.12298698607542605,
GSE96661,0.0129871204808681,-0.12298698607542605,
GSE95811,0.0129871204808681,-0.12298698607542605,
GSE95663,0.0129871204808681,-0.12298698607542605,
GSE95156,0.0129871204808681,-0.12298698607542605,
GSE95016,0.0129871204808681,-0.12298698607542605,
GSE95053,0.0129871204808681,-0.12298698607542605,
GSE95631,0.0129871204808681,-0.12298698607542605,
GSE95649,0.0129871204808681,-0.12298698607542605,
GSE96680,0.0129871204808681,-0.12298698607542605,
GSE95685,0.0129871204808681,-0.12298698607542605,
GSE95692,0.0129871204808681,-0.12298698607542605,
GSE95701,0.0129871204808681,-0.12298698607542605,
GSE95533,0.0129871204808681,-0.12298698607542605,
GSE95074,0.0129871204808681,-0.12298698607542605,
GSE95436,0.0129871204808681,-0.12298698607542605,
GSE96607,0.0129871204808681,-0.12298698607542605,
GSE96919,0.0129871204808681,-0.12298698607542605,
GSE95432,0.0129871204808681,-0.12298698607542605,
GSE90797,0.0129871204808681,-0.12298698607542605,
GSE90766,0.0129871204808681,-0.12298698607542605,
GSE90758,0.0129871204808681,-0.12298698607542605,
GSE89764,0.0129871204808681,-0.12298698607542605,
GSE89734,0.0129871204808681,-0.12298698607542605,
GSE89733,0.0129871204808681,-0.12298698607542605,
GSE89848,0.0129871204808681,-0.12298698607542605,
GSE89711,0.0129871204808681,-0.12298698607542605,
GSE33306,0.0129871204808681,-0.12298698607542605,
GSE117978,0.0129871204808681,-0.12298698607542605,
GSE116177,0.0129871204808681,-0.12298698607542605,
GSE114997,0.0129871204808681,-0.12298698607542605,
GSE19066,0.0129871204808681,-0.12298698607542605,
GSE110648,0.0129871204808681,-0.12298698607542605,
GSE109847,0.0129871204808681,-0.12298698607542605,
GSE94059,0.0129871204808681,-0.12298698607542605,
GSE108161,0.0129871204808681,-0.12298698607542605,
GSE89307,0.0129871204808681,-0.12298698607542605,
GSE89500,0.0129871204808681,-0.12298698607542605,
GSE89509,0.0129871204808681,-0.12298698607542605,
GSE89520,0.0129871204808681,-0.12298698607542605,
GSE89364,0.0129871204808681,-0.12298698607542605,
GSE89405,0.0129871204808681,-0.12298698607542605,
GSE109653,0.0129871204808681,-0.12298698607542605,
GSE89460,0.0129871204808681,-0.12298698607542605,
GSE33343,0.0129871204808681,-0.12298698607542605,
GSE33473,0.0129871204808681,-0.12298698607542605,
GSE33815,0.0129871204808681,-0.12298698607542605,
GSE33920,0.0129871204808681,-0.12298698607542605,
GSE89430,0.0129871204808681,-0.12298698607542605,
GSE89454,0.0129871204808681,-0.12298698607542605,
GSE89272,0.0129871204808681,-0.12298698607542605,
GSE89585,0.0129871204808681,-0.12298698607542605,
GSE21161,0.0129871204808681,-0.12298698607542605,
GSE108678,0.0129871204808681,-0.12298698607542605,
GSE108769,0.0129871204808681,-0.12298698607542605,
GSE106488,0.0129871204808681,-0.12298698607542605,
GSE106264,0.0129871204808681,-0.12298698607542605,
GSE106275,0.0129871204808681,-0.12298698607542605,
GSE106294,0.0129871204808681,-0.12298698607542605,
GSE28207,0.0129871204808681,-0.12298698607542605,
GSE106663,0.0129871204808681,-0.12298698607542605,
GSE106674,0.0129871204808681,-0.12298698607542605,
GSE106386,0.0129871204808681,-0.12298698607542605,
GSE90116,0.0129871204808681,-0.12298698607542605,
GSE90024,0.0129871204808681,-0.12298698607542605,
GSE90055,0.0129871204808681,-0.12298698607542605,
GSE90070,0.0129871204808681,-0.12298698607542605,
GSE90091,0.0129871204808681,-0.12298698607542605,
GSE106332,0.0129871204808681,-0.12298698607542605,
GSE29413,0.0129871204808681,-0.12298698607542605,
GSE89622,0.0129871204808681,-0.12298698607542605,
GSE89627,0.0129871204808681,-0.12298698607542605,
GSE89665,0.0129871204808681,-0.12298698607542605,
GSE89683,0.0129871204808681,-0.12298698607542605,
GSE89695,0.0129871204808681,-0.12298698607542605,
GSE108080,0.0129871204808681,-0.12298698607542605,
GSE20898,0.0129871204808681,-0.12298698607542605,
GSE109099,0.0129871204808681,-0.12298698607542605,
GSE109152,0.0129871204808681,-0.12298698607542605,
GSE109165,0.0129871204808681,-0.12298698607542605,
GSE108478,0.0129871204808681,-0.12298698607542605,
GSE108523,0.0129871204808681,-0.12298698607542605,
GSE108367,0.0129871204808681,-0.12298698607542605,
GSE108402,0.0129871204808681,-0.12298698607542605,
GSE20851,0.0129871204808681,-0.12298698607542605,
GSE109032,0.0129871204808681,-0.12298698607542605,
GSE34274,0.0129871204808681,-0.12298698607542605,
GSE34030,0.0129871204808681,-0.12298698607542605,
GSE33922,0.0129871204808681,-0.12298698607542605,
GSE36567,0.0129871204808681,-0.12298698607542605,
GSE36232,0.0129871204808681,-0.12298698607542605,
GSE27843,0.0129871204808681,-0.12298698607542605,
GSE27623,0.0129871204808681,-0.12298698607542605,
GSE26248,0.0129871204808681,-0.12298698607542605,
GSE88777,0.0129871204808681,-0.12298698607542605,
GSE88761,0.0129871204808681,-0.12298698607542605,
GSE88745,0.0129871204808681,-0.12298698607542605,
GSE88732,0.0129871204808681,-0.12298698607542605,
GSE88709,0.0129871204808681,-0.12298698607542605,
GSE87870,0.0129871204808681,-0.12298698607542605,
GSE35616,0.0129871204808681,-0.12298698607542605,
GSE90160,0.0129871204808681,-0.12298698607542605,
GSE87544,0.0129871204808681,-0.12298698607542605,
GSE87550,0.0129871204808681,-0.12298698607542605,
GSE87565,0.0129871204808681,-0.12298698607542605,
GSE31843,0.0129871204808681,-0.12298698607542605,
GSE32110,0.0129871204808681,-0.12298698607542605,
GSE32916,0.0129871204808681,-0.12298698607542605,
GSE33060,0.0129871204808681,-0.12298698607542605,
GSE36799,0.0129871204808681,-0.12298698607542605,
GSE38539,0.0129871204808681,-0.12298698607542605,
GSE88778,0.0129871204808681,-0.12298698607542605,
GSE88779,0.0129871204808681,-0.12298698607542605,
GSE87527,0.0129871204808681,-0.12298698607542605,
GSE88814,0.0129871204808681,-0.12298698607542605,
GSE88818,0.0129871204808681,-0.12298698607542605,
GSE88967,0.0129871204808681,-0.12298698607542605,
GSE88970,0.0129871204808681,-0.12298698607542605,
GSE38371,0.0129871204808681,-0.12298698607542605,
GSE88949,0.0129871204808681,-0.12298698607542605,
GSE89132,0.0129871204808681,-0.12298698607542605,
GSE89171,0.0129871204808681,-0.12298698607542605,
GSE88996,0.0129871204808681,-0.12298698607542605,
GSE89198,0.0129871204808681,-0.12298698607542605,
GSE89258,0.0129871204808681,-0.12298698607542605,
GSE88982,0.0129871204808681,-0.12298698607542605,
GSE34483,0.0129871204808681,-0.12298698607542605,
GSE89532,0.0129871204808681,-0.12298698607542605,
GSE88998,0.0129871204808681,-0.12298698607542605,
GSE89010,0.0129871204808681,-0.12298698607542605,
GSE89463,0.0129871204808681,-0.12298698607542605,
GSE89482,0.0129871204808681,-0.12298698607542605,
GSE89636,0.0129871204808681,-0.12298698607542605,
GSE89640,0.0129871204808681,-0.12298698607542605,
GSE90140,0.0129871204808681,-0.12298698607542605,
GSE88987,0.0129871204808681,-0.12298698607542605,
GSE34550,0.0129871204808681,-0.12298698607542605,
GSE97954,0.0129871204808681,-0.12298698607542605,
GSE22131,0.0129871204808681,-0.12298698607542605,
GSE22182,0.0129871204808681,-0.12298698607542605,
GSE89806,0.0129871204808681,-0.12298698607542605,
GSE111778,0.0129871204808681,-0.12298698607542605,
GSE30578,0.0129871204808681,-0.12298698607542605,
GSE89361,0.0129871204808681,-0.12298698607542605,
GSE109544,0.0129871204808681,-0.12298698607542605,
GSE89261,0.0129871204808681,-0.12298698607542605,
GSE89263,0.0129871204808681,-0.12298698607542605,
GSE89055,0.0129871204808681,-0.12298698607542605,
GSE89069,0.0129871204808681,-0.12298698607542605,
GSE89313,0.0129871204808681,-0.12298698607542605,
GSE89314,0.0129871204808681,-0.12298698607542605,
GSE89352,0.0129871204808681,-0.12298698607542605,
GSE30765,0.0129871204808681,-0.12298698607542605,
GSE92762,0.0129871204808681,-0.12298698607542605,
GSE92751,0.0129871204808681,-0.12298698607542605,
GSE104777,0.0129871204808681,-0.12298698607542605,
GSE104725,0.0129871204808681,-0.12298698607542605,
GSE104689,0.0129871204808681,-0.12298698607542605,
GSE104424,0.0129871204808681,-0.12298698607542605,
GSE104651,0.0129871204808681,-0.12298698607542605,
GSE104633,0.0129871204808681,-0.12298698607542605,
GSE104300,0.0129871204808681,-0.12298698607542605,
GSE91402,0.0129871204808681,-0.12298698607542605,
GSE91390,0.0129871204808681,-0.12298698607542605,
GSE106700,0.0129871204808681,-0.12298698607542605,
GSE106692,0.0129871204808681,-0.12298698607542605,
GSE104920,0.0129871204808681,-0.12298698607542605,
GSE104513,0.0129871204808681,-0.12298698607542605,
GSE90097,0.0129871204808681,-0.12298698607542605,
GSE108044,0.0129871204808681,-0.12298698607542605,
GSE108045,0.0129871204808681,-0.12298698607542605,
GSE90855,0.0129871204808681,-0.12298698607542605,
GSE105054,0.0129871204808681,-0.12298698607542605,
GSE105159,0.0129871204808681,-0.12298698607542605,
GSE104820,0.0129871204808681,-0.12298698607542605,
GSE106072,0.0129871204808681,-0.12298698607542605,
GSE92282,0.0129871204808681,-0.12298698607542605,
GSE106102,0.0129871204808681,-0.12298698607542605,
GSE106138,0.0129871204808681,-0.12298698607542605,
GSE91078,0.0129871204808681,-0.12298698607542605,
GSE91081,0.0129871204808681,-0.12298698607542605,
GSE92364,0.0129871204808681,-0.12298698607542605,
GSE92376,0.0129871204808681,-0.12298698607542605,
GSE92263,0.0129871204808681,-0.12298698607542605,
GSE92272,0.0129871204808681,-0.12298698607542605,
GSE106083,0.0129871204808681,-0.12298698607542605,
GSE93313,0.0129871204808681,-0.12298698607542605,
GSE92699,0.0129871204808681,-0.12298698607542605,
GSE92720,0.0129871204808681,-0.12298698607542605,
GSE92535,0.0129871204808681,-0.12298698607542605,
GSE92589,0.0129871204808681,-0.12298698607542605,
GSE92770,0.0129871204808681,-0.12298698607542605,
GSE92779,0.0129871204808681,-0.12298698607542605,
GSE104453,0.0129871204808681,-0.12298698607542605,
GSE93154,0.0129871204808681,-0.12298698607542605,
GSE93179,0.0129871204808681,-0.12298698607542605,
GSE93180,0.0129871204808681,-0.12298698607542605,
GSE93230,0.0129871204808681,-0.12298698607542605,
GSE93238,0.0129871204808681,-0.12298698607542605,
GSE92605,0.0129871204808681,-0.12298698607542605,
GSE93085,0.0129871204808681,-0.12298698607542605,
GSE93127,0.0129871204808681,-0.12298698607542605,
GSE93318,0.0129871204808681,-0.12298698607542605,
GSE104461,0.0129871204808681,-0.12298698607542605,
GSE104463,0.0129871204808681,-0.12298698607542605,
GSE104478,0.0129871204808681,-0.12298698607542605,
GSE104507,0.0129871204808681,-0.12298698607542605,
GSE103901,0.0129871204808681,-0.12298698607542605,
GSE103903,0.0129871204808681,-0.12298698607542605,
GSE103933,0.0129871204808681,-0.12298698607542605,
GSE93394,0.0129871204808681,-0.12298698607542605,
GSE103958,0.0129871204808681,-0.12298698607542605,
GSE103976,0.0129871204808681,-0.12298698607542605,
GSE104064,0.0129871204808681,-0.12298698607542605,
GSE92620,0.0129871204808681,-0.12298698607542605,
GSE92629,0.0129871204808681,-0.12298698607542605,
GSE92650,0.0129871204808681,-0.12298698607542605,
GSE93581,0.0129871204808681,-0.12298698607542605,
GSE93585,0.0129871204808681,-0.12298698607542605,
GSE103685,0.0129871204808681,-0.12298698607542605,
GSE90822,0.0129871204808681,-0.12298698607542605,
GSE90654,0.0129871204808681,-0.12298698607542605,
GSE90652,0.0129871204808681,-0.12298698607542605,
GSE90573,0.0129871204808681,-0.12298698607542605,
GSE90533,0.0129871204808681,-0.12298698607542605,
GSE90983,0.0129871204808681,-0.12298698607542605,
GSE90522,0.0129871204808681,-0.12298698607542605,
GSE92323,0.0129871204808681,-0.12298698607542605,
GSE92317,0.0129871204808681,-0.12298698607542605,
GSE92522,0.0129871204808681,-0.12298698607542605,
GSE90752,0.0129871204808681,-0.12298698607542605,
GSE90742,0.0129871204808681,-0.12298698607542605,
GSE90736,0.0129871204808681,-0.12298698607542605,
GSE90712,0.0129871204808681,-0.12298698607542605,
GSE108067,0.0129871204808681,-0.12298698607542605,
GSE107925,0.0129871204808681,-0.12298698607542605,
GSE90108,0.0129871204808681,-0.12298698607542605,
GSE91043,0.0129871204808681,-0.12298698607542605,
GSE107623,0.0129871204808681,-0.12298698607542605,
GSE107643,0.0129871204808681,-0.12298698607542605,
GSE107670,0.0129871204808681,-0.12298698607542605,
GSE21580,0.0129871204808681,-0.12298698607542605,
GSE21699,0.0129871204808681,-0.12298698607542605,
GSE107413,0.0129871204808681,-0.12298698607542605,
GSE122331,0.0129871204808681,-0.12298698607542605,
GSE90067,0.0129871204808681,-0.12298698607542605,
GSE90806,0.0129871204808681,-0.12298698607542605,
GSE90809,0.0129871204808681,-0.12298698607542605,
GSE90821,0.0129871204808681,-0.12298698607542605,
GSE106969,0.0129871204808681,-0.12298698607542605,
GSE107220,0.0129871204808681,-0.12298698607542605,
GSE107389,0.0129871204808681,-0.12298698607542605,
GSE121654,0.0129871204808681,-0.12298698607542605,
GSE90952,0.0129871204808681,-0.12298698607542605,
GSE90958,0.0129871204808681,-0.12298698607542605,
GSE90969,0.0129871204808681,-0.12298698607542605,
GSE90890,0.0129871204808681,-0.12298698607542605,
GSE92965,0.0129871204808681,-0.12298698607542605,
GSE90856,0.0129871204808681,-0.12298698607542605,
GSE90869,0.0129871204808681,-0.12298698607542605,
GSE90697,0.0129871204808681,-0.12298698607542605,
GSE92425,0.0129871204808681,-0.12298698607542605,
GSE92441,0.0129871204808681,-0.12298698607542605,
GSE90894,0.0129871204808681,-0.12298698607542605,
GSE90913,0.0129871204808681,-0.12298698607542605,
GSE106165,0.0129871204808681,-0.12298698607542605,
GSE106188,0.0129871204808681,-0.12298698607542605,
GSE106210,0.0129871204808681,-0.12298698607542605,
GSE107849,0.0129871204808681,-0.12298698607542605,
GSE92377,0.0129871204808681,-0.12298698607542605,
GSE109285,0.0129871204808681,-0.12298698607542605,
GSE109362,0.0129871204808681,-0.12298698607542605,
GSE109404,0.0129871204808681,-0.12298698607542605,
GSE108836,0.0129871204808681,-0.12298698607542605,
GSE108917,0.0129871204808681,-0.12298698607542605,
GSE109002,0.0129871204808681,-0.12298698607542605,
GSE90470,0.0129871204808681,-0.12298698607542605,
GSE90854,0.0129871204808681,-0.12298698607542605,
GSE106423,0.0129871204808681,-0.12298698607542605,
GSE106436,0.0129871204808681,-0.12298698607542605,
GSE106467,0.0129871204808681,-0.12298698607542605,
GSE106789,0.0129871204808681,-0.12298698607542605,
GSE106510,0.0129871204808681,-0.12298698607542605,
GSE106594,0.0129871204808681,-0.12298698607542605,
GSE106612,0.0129871204808681,-0.12298698607542605,
GSE90921,0.0129871204808681,-0.12298698607542605,
GSE90516,0.0129871204808681,-0.12298698607542605,
GSE62734,0.0129871204808681,-0.12298698607542605,
GSE62698,0.0129871204808681,-0.12298698607542605,
GSE62689,0.0129871204808681,-0.12298698607542605,
GSE71588,0.0129871204808681,-0.12298698607542605,
GSE71586,0.0129871204808681,-0.12298698607542605,
GSE72410,0.0129871204808681,-0.12298698607542605,
GSE72341,0.0129871204808681,-0.12298698607542605,
GSE72321,0.0129871204808681,-0.12298698607542605,
GSE72311,0.0129871204808681,-0.12298698607542605,
GSE72293,0.0129871204808681,-0.12298698607542605,
GSE72275,0.0129871204808681,-0.12298698607542605,
GSE62902,0.0129871204808681,-0.12298698607542605,
GSE62899,0.0129871204808681,-0.12298698607542605,
GSE71734,0.0129871204808681,-0.12298698607542605,
GSE71698,0.0129871204808681,-0.12298698607542605,
GSE81191,0.0129871204808681,-0.12298698607542605,
GSE71794,0.0129871204808681,-0.12298698607542605,
GSE71802,0.0129871204808681,-0.12298698607542605,
GSE71873,0.0129871204808681,-0.12298698607542605,
GSE71882,0.0129871204808681,-0.12298698607542605,
GSE71209,0.0129871204808681,-0.12298698607542605,
GSE71217,0.0129871204808681,-0.12298698607542605,
GSE63143,0.0129871204808681,-0.12298698607542605,
GSE71679,0.0129871204808681,-0.12298698607542605,
GSE63206,0.0129871204808681,-0.12298698607542605,
GSE63243,0.0129871204808681,-0.12298698607542605,
GSE63256,0.0129871204808681,-0.12298698607542605,
GSE63316,0.0129871204808681,-0.12298698607542605,
GSE63348,0.0129871204808681,-0.12298698607542605,
GSE63404,0.0129871204808681,-0.12298698607542605,
GSE71889,0.0129871204808681,-0.12298698607542605,
GSE71674,0.0129871204808681,-0.12298698607542605,
GSE62310,0.0129871204808681,-0.12298698607542605,
GSE61997,0.0129871204808681,-0.12298698607542605,
GSE61996,0.0129871204808681,-0.12298698607542605,
GSE72847,0.0129871204808681,-0.12298698607542605,
GSE72846,0.0129871204808681,-0.12298698607542605,
GSE72833,0.0129871204808681,-0.12298698607542605,
GSE72937,0.0129871204808681,-0.12298698607542605,
GSE72129,0.0129871204808681,-0.12298698607542605,
GSE61969,0.0129871204808681,-0.12298698607542605,
GSE61915,0.0129871204808681,-0.12298698607542605,
GSE62184,0.0129871204808681,-0.12298698607542605,
GSE62149,0.0129871204808681,-0.12298698607542605,
GSE61845,0.0129871204808681,-0.12298698607542605,
GSE61755,0.0129871204808681,-0.12298698607542605,
GSE62704,0.0129871204808681,-0.12298698607542605,
GSE62398,0.0129871204808681,-0.12298698607542605,
GSE62741,0.0129871204808681,-0.12298698607542605,
GSE62784,0.0129871204808681,-0.12298698607542605,
GSE62795,0.0129871204808681,-0.12298698607542605,
GSE72207,0.0129871204808681,-0.12298698607542605,
GSE72238,0.0129871204808681,-0.12298698607542605,
GSE62715,0.0129871204808681,-0.12298698607542605,
GSE62559,0.0129871204808681,-0.12298698607542605,
GSE62571,0.0129871204808681,-0.12298698607542605,
GSE62378,0.0129871204808681,-0.12298698607542605,
GSE61695,0.0129871204808681,-0.12298698607542605,
GSE61748,0.0129871204808681,-0.12298698607542605,
GSE62669,0.0129871204808681,-0.12298698607542605,
GSE72184,0.0129871204808681,-0.12298698607542605,
GSE62633,0.0129871204808681,-0.12298698607542605,
GSE62641,0.0129871204808681,-0.12298698607542605,
GSE62355,0.0129871204808681,-0.12298698607542605,
GSE62357,0.0129871204808681,-0.12298698607542605,
GSE62573,0.0129871204808681,-0.12298698607542605,
GSE70904,0.0129871204808681,-0.12298698607542605,
GSE70896,0.0129871204808681,-0.12298698607542605,
GSE70895,0.0129871204808681,-0.12298698607542605,
GSE70889,0.0129871204808681,-0.12298698607542605,
GSE71508,0.0129871204808681,-0.12298698607542605,
GSE71499,0.0129871204808681,-0.12298698607542605,
GSE70849,0.0129871204808681,-0.12298698607542605,
GSE64379,0.0129871204808681,-0.12298698607542605,
GSE64359,0.0129871204808681,-0.12298698607542605,
GSE64296,0.0129871204808681,-0.12298698607542605,
GSE64156,0.0129871204808681,-0.12298698607542605,
GSE63810,0.0129871204808681,-0.12298698607542605,
GSE64054,0.0129871204808681,-0.12298698607542605,
GSE70941,0.0129871204808681,-0.12298698607542605,
GSE71165,0.0129871204808681,-0.12298698607542605,
GSE71773,0.0129871204808681,-0.12298698607542605,
GSE70440,0.0129871204808681,-0.12298698607542605,
GSE71453,0.0129871204808681,-0.12298698607542605,
GSE71462,0.0129871204808681,-0.12298698607542605,
GSE71463,0.0129871204808681,-0.12298698607542605,
GSE70965,0.0129871204808681,-0.12298698607542605,
GSE70981,0.0129871204808681,-0.12298698607542605,
GSE70452,0.0129871204808681,-0.12298698607542605,
GSE71162,0.0129871204808681,-0.12298698607542605,
GSE70481,0.0129871204808681,-0.12298698607542605,
GSE70484,0.0129871204808681,-0.12298698607542605,
GSE70486,0.0129871204808681,-0.12298698607542605,
GSE70497,0.0129871204808681,-0.12298698607542605,
GSE64489,0.0129871204808681,-0.12298698607542605,
GSE65395,0.0129871204808681,-0.12298698607542605,
GSE71133,0.0129871204808681,-0.12298698607542605,
GSE71145,0.0129871204808681,-0.12298698607542605,
GSE70471,0.0129871204808681,-0.12298698607542605,
GSE71257,0.0129871204808681,-0.12298698607542605,
GSE63467,0.0129871204808681,-0.12298698607542605,
GSE63472,0.0129871204808681,-0.12298698607542605,
GSE63497,0.0129871204808681,-0.12298698607542605,
GSE63647,0.0129871204808681,-0.12298698607542605,
GSE63674,0.0129871204808681,-0.12298698607542605,
GSE63751,0.0129871204808681,-0.12298698607542605,
GSE70814,0.0129871204808681,-0.12298698607542605,
GSE71948,0.0129871204808681,-0.12298698607542605,
GSE72003,0.0129871204808681,-0.12298698607542605,
GSE71309,0.0129871204808681,-0.12298698607542605,
GSE71310,0.0129871204808681,-0.12298698607542605,
GSE71185,0.0129871204808681,-0.12298698607542605,
GSE71198,0.0129871204808681,-0.12298698607542605,
GSE72164,0.0129871204808681,-0.12298698607542605,
GSE72018,0.0129871204808681,-0.12298698607542605,
GSE71912,0.0129871204808681,-0.12298698607542605,
GSE63889,0.0129871204808681,-0.12298698607542605,
GSE64840,0.0129871204808681,-0.12298698607542605,
GSE71527,0.0129871204808681,-0.12298698607542605,
GSE71529,0.0129871204808681,-0.12298698607542605,
GSE71531,0.0129871204808681,-0.12298698607542605,
GSE71385,0.0129871204808681,-0.12298698607542605,
GSE71396,0.0129871204808681,-0.12298698607542605,
GSE71491,0.0129871204808681,-0.12298698607542605,
GSE62822,0.0129871204808681,-0.12298698607542605,
GSE62824,0.0129871204808681,-0.12298698607542605,
GSE63772,0.0129871204808681,-0.12298698607542605,
GSE63796,0.0129871204808681,-0.12298698607542605,
GSE63820,0.0129871204808681,-0.12298698607542605,
GSE63836,0.0129871204808681,-0.12298698607542605,
GSE63853,0.0129871204808681,-0.12298698607542605,
GSE63857,0.0129871204808681,-0.12298698607542605,
GSE70816,0.0129871204808681,-0.12298698607542605,
GSE73693,0.0129871204808681,-0.12298698607542605,
GSE73391,0.0129871204808681,-0.12298698607542605,
GSE73381,0.0129871204808681,-0.12298698607542605,
GSE73357,0.0129871204808681,-0.12298698607542605,
GSE73560,0.0129871204808681,-0.12298698607542605,
GSE73559,0.0129871204808681,-0.12298698607542605,
GSE73711,0.0129871204808681,-0.12298698607542605,
GSE73653,0.0129871204808681,-0.12298698607542605,
GSE73562,0.0129871204808681,-0.12298698607542605,
GSE73561,0.0129871204808681,-0.12298698607542605,
GSE98063,0.0129871204808681,-0.12298698607542605,
GSE73536,0.0129871204808681,-0.12298698607542605,
GSE73457,0.0129871204808681,-0.12298698607542605,
GSE73447,0.0129871204808681,-0.12298698607542605,
GSE98496,0.0129871204808681,-0.12298698607542605,
GSE62001,0.0129871204808681,-0.12298698607542605,
GSE61505,0.0129871204808681,-0.12298698607542605,
GSE61529,0.0129871204808681,-0.12298698607542605,
GSE61184,0.0129871204808681,-0.12298698607542605,
GSE61188,0.0129871204808681,-0.12298698607542605,
GSE61577,0.0129871204808681,-0.12298698607542605,
GSE61602,0.0129871204808681,-0.12298698607542605,
GSE61608,0.0129871204808681,-0.12298698607542605,
GSE98492,0.0129871204808681,-0.12298698607542605,
GSE61351,0.0129871204808681,-0.12298698607542605,
GSE61389,0.0129871204808681,-0.12298698607542605,
GSE73743,0.0129871204808681,-0.12298698607542605,
GSE73803,0.0129871204808681,-0.12298698607542605,
GSE73813,0.0129871204808681,-0.12298698607542605,
GSE73823,0.0129871204808681,-0.12298698607542605,
GSE98650,0.0129871204808681,-0.12298698607542605,
GSE98668,0.0129871204808681,-0.12298698607542605,
GSE61329,0.0129871204808681,-0.12298698607542605,
GSE73977,0.0129871204808681,-0.12298698607542605,
GSE74149,0.0129871204808681,-0.12298698607542605,
GSE74049,0.0129871204808681,-0.12298698607542605,
GSE74052,0.0129871204808681,-0.12298698607542605,
GSE74055,0.0129871204808681,-0.12298698607542605,
GSE61250,0.0129871204808681,-0.12298698607542605,
GSE61288,0.0129871204808681,-0.12298698607542605,
GSE73697,0.0129871204808681,-0.12298698607542605,
GSE61024,0.0129871204808681,-0.12298698607542605,
GSE61095,0.0129871204808681,-0.12298698607542605,
GSE73836,0.0129871204808681,-0.12298698607542605,
GSE98724,0.0129871204808681,-0.12298698607542605,
GSE98759,0.0129871204808681,-0.12298698607542605,
GSE98592,0.0129871204808681,-0.12298698607542605,
GSE98622,0.0129871204808681,-0.12298698607542605,
GSE60627,0.0129871204808681,-0.12298698607542605,
GSE61300,0.0129871204808681,-0.12298698607542605,
GSE98359,0.0129871204808681,-0.12298698607542605,
GSE98360,0.0129871204808681,-0.12298698607542605,
GSE98387,0.0129871204808681,-0.12298698607542605,
GSE98388,0.0129871204808681,-0.12298698607542605,
GSE73238,0.0129871204808681,-0.12298698607542605,
GSE73271,0.0129871204808681,-0.12298698607542605,
GSE73272,0.0129871204808681,-0.12298698607542605,
GSE73909,0.0129871204808681,-0.12298698607542605,
GSE74065,0.0129871204808681,-0.12298698607542605,
GSE74111,0.0129871204808681,-0.12298698607542605,
GSE74113,0.0129871204808681,-0.12298698607542605,
GSE74157,0.0129871204808681,-0.12298698607542605,
GSE74215,0.0129871204808681,-0.12298698607542605,
GSE60843,0.0129871204808681,-0.12298698607542605,
GSE73859,0.0129871204808681,-0.12298698607542605,
GSE73881,0.0129871204808681,-0.12298698607542605,
GSE73289,0.0129871204808681,-0.12298698607542605,
GSE73111,0.0129871204808681,-0.12298698607542605,
GSE72552,0.0129871204808681,-0.12298698607542605,
GSE72550,0.0129871204808681,-0.12298698607542605,
GSE72546,0.0129871204808681,-0.12298698607542605,
GSE72521,0.0129871204808681,-0.12298698607542605,
GSE72990,0.0129871204808681,-0.12298698607542605,
GSE73221,0.0129871204808681,-0.12298698607542605,
GSE72910,0.0129871204808681,-0.12298698607542605,
GSE61444,0.0129871204808681,-0.12298698607542605,
GSE98041,0.0129871204808681,-0.12298698607542605,
GSE98040,0.0129871204808681,-0.12298698607542605,
GSE98034,0.0129871204808681,-0.12298698607542605,
GSE98027,0.0129871204808681,-0.12298698607542605,
GSE98003,0.0129871204808681,-0.12298698607542605,
GSE97996,0.0129871204808681,-0.12298698607542605,
GSE61486,0.0129871204808681,-0.12298698607542605,
GSE72560,0.0129871204808681,-0.12298698607542605,
GSE72761,0.0129871204808681,-0.12298698607542605,
GSE72762,0.0129871204808681,-0.12298698607542605,
GSE72764,0.0129871204808681,-0.12298698607542605,
GSE72808,0.0129871204808681,-0.12298698607542605,
GSE72069,0.0129871204808681,-0.12298698607542605,
GSE72086,0.0129871204808681,-0.12298698607542605,
GSE98158,0.0129871204808681,-0.12298698607542605,
GSE71591,0.0129871204808681,-0.12298698607542605,
GSE72574,0.0129871204808681,-0.12298698607542605,
GSE72596,0.0129871204808681,-0.12298698607542605,
GSE72601,0.0129871204808681,-0.12298698607542605,
GSE72487,0.0129871204808681,-0.12298698607542605,
GSE72664,0.0129871204808681,-0.12298698607542605,
GSE72710,0.0129871204808681,-0.12298698607542605,
GSE72724,0.0129871204808681,-0.12298698607542605,
GSE72105,0.0129871204808681,-0.12298698607542605,
GSE98413,0.0129871204808681,-0.12298698607542605,
GSE98232,0.0129871204808681,-0.12298698607542605,
GSE72857,0.0129871204808681,-0.12298698607542605,
GSE72860,0.0129871204808681,-0.12298698607542605,
GSE98356,0.0129871204808681,-0.12298698607542605,
GSE61875,0.0129871204808681,-0.12298698607542605,
GSE61887,0.0129871204808681,-0.12298698607542605,
GSE62266,0.0129871204808681,-0.12298698607542605,
GSE61677,0.0129871204808681,-0.12298698607542605,
GSE61694,0.0129871204808681,-0.12298698607542605,
GSE98297,0.0129871204808681,-0.12298698607542605,
GSE98299,0.0129871204808681,-0.12298698607542605,
GSE98347,0.0129871204808681,-0.12298698607542605,
GSE61401,0.0129871204808681,-0.12298698607542605,
GSE98473,0.0129871204808681,-0.12298698607542605,
GSE98479,0.0129871204808681,-0.12298698607542605,
GSE61627,0.0129871204808681,-0.12298698607542605,
GSE62268,0.0129871204808681,-0.12298698607542605,
GSE73029,0.0129871204808681,-0.12298698607542605,
GSE73049,0.0129871204808681,-0.12298698607542605,
GSE73077,0.0129871204808681,-0.12298698607542605,
GSE73082,0.0129871204808681,-0.12298698607542605,
GSE73083,0.0129871204808681,-0.12298698607542605,
GSE73100,0.0129871204808681,-0.12298698607542605,
GSE98401,0.0129871204808681,-0.12298698607542605,
GSE61098,0.0129871204808681,-0.12298698607542605,
GSE62042,0.0129871204808681,-0.12298698607542605,
GSE62050,0.0129871204808681,-0.12298698607542605,
GSE62125,0.0129871204808681,-0.12298698607542605,
GSE62479,0.0129871204808681,-0.12298698607542605,
GSE62512,0.0129871204808681,-0.12298698607542605,
GSE98082,0.0129871204808681,-0.12298698607542605,
GSE98133,0.0129871204808681,-0.12298698607542605,
GSE61994,0.0129871204808681,-0.12298698607542605,
GSE67672,0.0129871204808681,-0.12298698607542605,
GSE69276,0.0129871204808681,-0.12298698607542605,
GSE68140,0.0129871204808681,-0.12298698607542605,
GSE68083,0.0129871204808681,-0.12298698607542605,
GSE67688,0.0129871204808681,-0.12298698607542605,
GSE67674,0.0129871204808681,-0.12298698607542605,
GSE67934,0.0129871204808681,-0.12298698607542605,
GSE67868,0.0129871204808681,-0.12298698607542605,
GSE66128,0.0129871204808681,-0.12298698607542605,
GSE65950,0.0129871204808681,-0.12298698607542605,
GSE66008,0.0129871204808681,-0.12298698607542605,
GSE66007,0.0129871204808681,-0.12298698607542605,
GSE69129,0.0129871204808681,-0.12298698607542605,
GSE69097,0.0129871204808681,-0.12298698607542605,
GSE69080,0.0129871204808681,-0.12298698607542605,
GSE70588,0.0129871204808681,-0.12298698607542605,
GSE66264,0.0129871204808681,-0.12298698607542605,
GSE67437,0.0129871204808681,-0.12298698607542605,
GSE67270,0.0129871204808681,-0.12298698607542605,
GSE67517,0.0129871204808681,-0.12298698607542605,
GSE67525,0.0129871204808681,-0.12298698607542605,
GSE67556,0.0129871204808681,-0.12298698607542605,
GSE67355,0.0129871204808681,-0.12298698607542605,
GSE68155,0.0129871204808681,-0.12298698607542605,
GSE68769,0.0129871204808681,-0.12298698607542605,
GSE68178,0.0129871204808681,-0.12298698607542605,
GSE68190,0.0129871204808681,-0.12298698607542605,
GSE67972,0.0129871204808681,-0.12298698607542605,
GSE67294,0.0129871204808681,-0.12298698607542605,
GSE67310,0.0129871204808681,-0.12298698607542605,
GSE68147,0.0129871204808681,-0.12298698607542605,
GSE68150,0.0129871204808681,-0.12298698607542605,
GSE67363,0.0129871204808681,-0.12298698607542605,
GSE67133,0.0129871204808681,-0.12298698607542605,
GSE66366,0.0129871204808681,-0.12298698607542605,
GSE66364,0.0129871204808681,-0.12298698607542605,
GSE69652,0.0129871204808681,-0.12298698607542605,
GSE69786,0.0129871204808681,-0.12298698607542605,
GSE69771,0.0129871204808681,-0.12298698607542605,
GSE68318,0.0129871204808681,-0.12298698607542605,
GSE68628,0.0129871204808681,-0.12298698607542605,
GSE68618,0.0129871204808681,-0.12298698607542605,
GSE68270,0.0129871204808681,-0.12298698607542605,
GSE68470,0.0129871204808681,-0.12298698607542605,
GSE65633,0.0129871204808681,-0.12298698607542605,
GSE65808,0.0129871204808681,-0.12298698607542605,
GSE65543,0.0129871204808681,-0.12298698607542605,
GSE65542,0.0129871204808681,-0.12298698607542605,
GSE67476,0.0129871204808681,-0.12298698607542605,
GSE67516,0.0129871204808681,-0.12298698607542605,
GSE67750,0.0129871204808681,-0.12298698607542605,
GSE67786,0.0129871204808681,-0.12298698607542605,
GSE68713,0.0129871204808681,-0.12298698607542605,
GSE68736,0.0129871204808681,-0.12298698607542605,
GSE68768,0.0129871204808681,-0.12298698607542605,
GSE66484,0.0129871204808681,-0.12298698607542605,
GSE65529,0.0129871204808681,-0.12298698607542605,
GSE66547,0.0129871204808681,-0.12298698607542605,
GSE66578,0.0129871204808681,-0.12298698607542605,
GSE67609,0.0129871204808681,-0.12298698607542605,
GSE67634,0.0129871204808681,-0.12298698607542605,
GSE67658,0.0129871204808681,-0.12298698607542605,
GSE69669,0.0129871204808681,-0.12298698607542605,
GSE69707,0.0129871204808681,-0.12298698607542605,
GSE65697,0.0129871204808681,-0.12298698607542605,
GSE66775,0.0129871204808681,-0.12298698607542605,
GSE101487,0.0129871204808681,-0.12298698607542605,
GSE101470,0.0129871204808681,-0.12298698607542605,
GSE99160,0.0129871204808681,-0.12298698607542605,
GSE96054,0.0129871204808681,-0.12298698607542605,
GSE95835,0.0129871204808681,-0.12298698607542605,
GSE96939,0.0129871204808681,-0.12298698607542605,
GSE97027,0.0129871204808681,-0.12298698607542605,
GSE96818,0.0129871204808681,-0.12298698607542605,
GSE99491,0.0129871204808681,-0.12298698607542605,
GSE99440,0.0129871204808681,-0.12298698607542605,
GSE99646,0.0129871204808681,-0.12298698607542605,
GSE99645,0.0129871204808681,-0.12298698607542605,
GSE99619,0.0129871204808681,-0.12298698607542605,
GSE100217,0.0129871204808681,-0.12298698607542605,
GSE100835,0.0129871204808681,-0.12298698607542605,
GSE66534,0.0129871204808681,-0.12298698607542605,
GSE99811,0.0129871204808681,-0.12298698607542605,
GSE99658,0.0129871204808681,-0.12298698607542605,
GSE99659,0.0129871204808681,-0.12298698607542605,
GSE99670,0.0129871204808681,-0.12298698607542605,
GSE100425,0.0129871204808681,-0.12298698607542605,
GSE100426,0.0129871204808681,-0.12298698607542605,
GSE100222,0.0129871204808681,-0.12298698607542605,
GSE96055,0.0129871204808681,-0.12298698607542605,
GSE100244,0.0129871204808681,-0.12298698607542605,
GSE100277,0.0129871204808681,-0.12298698607542605,
GSE100278,0.0129871204808681,-0.12298698607542605,
GSE100597,0.0129871204808681,-0.12298698607542605,
GSE100599,0.0129871204808681,-0.12298698607542605,
GSE99924,0.0129871204808681,-0.12298698607542605,
GSE68177,0.0129871204808681,-0.12298698607542605,
GSE99166,0.0129871204808681,-0.12298698607542605,
GSE100225,0.0129871204808681,-0.12298698607542605,
GSE99815,0.0129871204808681,-0.12298698607542605,
GSE99849,0.0129871204808681,-0.12298698607542605,
GSE99866,0.0129871204808681,-0.12298698607542605,
GSE99331,0.0129871204808681,-0.12298698607542605,
GSE66286,0.0129871204808681,-0.12298698607542605,
GSE66312,0.0129871204808681,-0.12298698607542605,
GSE66343,0.0129871204808681,-0.12298698607542605,
GSE101510,0.0129871204808681,-0.12298698607542605,
GSE66582,0.0129871204808681,-0.12298698607542605,
GSE66619,0.0129871204808681,-0.12298698607542605,
GSE66440,0.0129871204808681,-0.12298698607542605,
GSE66471,0.0129871204808681,-0.12298698607542605,
GSE68770,0.0129871204808681,-0.12298698607542605,
GSE68789,0.0129871204808681,-0.12298698607542605,
GSE68602,0.0129871204808681,-0.12298698607542605,
GSE66523,0.0129871204808681,-0.12298698607542605,
GSE66345,0.0129871204808681,-0.12298698607542605,
GSE96957,0.0129871204808681,-0.12298698607542605,
GSE96960,0.0129871204808681,-0.12298698607542605,
GSE96966,0.0129871204808681,-0.12298698607542605,
GSE96972,0.0129871204808681,-0.12298698607542605,
GSE96988,0.0129871204808681,-0.12298698607542605,
GSE96700,0.0129871204808681,-0.12298698607542605,
GSE96707,0.0129871204808681,-0.12298698607542605,
GSE100039,0.0129871204808681,-0.12298698607542605,
GSE96729,0.0129871204808681,-0.12298698607542605,
GSE101643,0.0129871204808681,-0.12298698607542605,
GSE101650,0.0129871204808681,-0.12298698607542605,
GSE101657,0.0129871204808681,-0.12298698607542605,
GSE101340,0.0129871204808681,-0.12298698607542605,
GSE99771,0.0129871204808681,-0.12298698607542605,
GSE99774,0.0129871204808681,-0.12298698607542605,
GSE99784,0.0129871204808681,-0.12298698607542605,
GSE96724,0.0129871204808681,-0.12298698607542605,
GSE64706,0.0129871204808681,-0.12298698607542605,
GSE64568,0.0129871204808681,-0.12298698607542605,
GSE64559,0.0129871204808681,-0.12298698607542605,
GSE70241,0.0129871204808681,-0.12298698607542605,
GSE70240,0.0129871204808681,-0.12298698607542605,
GSE65884,0.0129871204808681,-0.12298698607542605,
GSE65873,0.0129871204808681,-0.12298698607542605,
GSE65864,0.0129871204808681,-0.12298698607542605,
GSE65141,0.0129871204808681,-0.12298698607542605,
GSE64684,0.0129871204808681,-0.12298698607542605,
GSE64910,0.0129871204808681,-0.12298698607542605,
GSE64856,0.0129871204808681,-0.12298698607542605,
GSE64515,0.0129871204808681,-0.12298698607542605,
GSE69900,0.0129871204808681,-0.12298698607542605,
GSE69807,0.0129871204808681,-0.12298698607542605,
GSE67245,0.0129871204808681,-0.12298698607542605,
GSE65177,0.0129871204808681,-0.12298698607542605,
GSE65179,0.0129871204808681,-0.12298698607542605,
GSE65444,0.0129871204808681,-0.12298698607542605,
GSE70359,0.0129871204808681,-0.12298698607542605,
GSE70069,0.0129871204808681,-0.12298698607542605,
GSE69937,0.0129871204808681,-0.12298698607542605,
GSE69940,0.0129871204808681,-0.12298698607542605,
GSE70304,0.0129871204808681,-0.12298698607542605,
GSE69969,0.0129871204808681,-0.12298698607542605,
GSE69970,0.0129871204808681,-0.12298698607542605,
GSE69987,0.0129871204808681,-0.12298698607542605,
GSE70360,0.0129871204808681,-0.12298698607542605,
GSE70383,0.0129871204808681,-0.12298698607542605,
GSE70391,0.0129871204808681,-0.12298698607542605,
GSE70413,0.0129871204808681,-0.12298698607542605,
GSE70419,0.0129871204808681,-0.12298698607542605,
GSE69952,0.0129871204808681,-0.12298698607542605,
GSE70605,0.0129871204808681,-0.12298698607542605,
GSE70207,0.0129871204808681,-0.12298698607542605,
GSE70235,0.0129871204808681,-0.12298698607542605,
GSE70236,0.0129871204808681,-0.12298698607542605,
GSE70238,0.0129871204808681,-0.12298698607542605,
GSE70667,0.0129871204808681,-0.12298698607542605,
GSE70713,0.0129871204808681,-0.12298698607542605,
GSE64757,0.0129871204808681,-0.12298698607542605,
GSE70499,0.0129871204808681,-0.12298698607542605,
GSE70510,0.0129871204808681,-0.12298698607542605,
GSE70728,0.0129871204808681,-0.12298698607542605,
GSE70731,0.0129871204808681,-0.12298698607542605,
GSE70732,0.0129871204808681,-0.12298698607542605,
GSE71126,0.0129871204808681,-0.12298698607542605,
GSE70542,0.0129871204808681,-0.12298698607542605,
GSE70578,0.0129871204808681,-0.12298698607542605,
GSE70721,0.0129871204808681,-0.12298698607542605,
GSE71025,0.0129871204808681,-0.12298698607542605,
GSE71028,0.0129871204808681,-0.12298698607542605,
GSE71042,0.0129871204808681,-0.12298698607542605,
GSE70863,0.0129871204808681,-0.12298698607542605,
GSE70872,0.0129871204808681,-0.12298698607542605,
GSE63961,0.0129871204808681,-0.12298698607542605,
GSE64002,0.0129871204808681,-0.12298698607542605,
GSE70596,0.0129871204808681,-0.12298698607542605,
GSE70239,0.0129871204808681,-0.12298698607542605,
GSE70723,0.0129871204808681,-0.12298698607542605,
GSE70725,0.0129871204808681,-0.12298698607542605,
GSE70242,0.0129871204808681,-0.12298698607542605,
GSE70243,0.0129871204808681,-0.12298698607542605,
GSE70244,0.0129871204808681,-0.12298698607542605,
GSE70288,0.0129871204808681,-0.12298698607542605,
GSE70788,0.0129871204808681,-0.12298698607542605,
GSE64040,0.0129871204808681,-0.12298698607542605,
GSE65636,0.0129871204808681,-0.12298698607542605,
GSE69007,0.0129871204808681,-0.12298698607542605,
GSE68998,0.0129871204808681,-0.12298698607542605,
GSE68981,0.0129871204808681,-0.12298698607542605,
GSE69755,0.0129871204808681,-0.12298698607542605,
GSE69731,0.0129871204808681,-0.12298698607542605,
GSE68846,0.0129871204808681,-0.12298698607542605,
GSE66706,0.0129871204808681,-0.12298698607542605,
GSE68958,0.0129871204808681,-0.12298698607542605,
GSE68915,0.0129871204808681,-0.12298698607542605,
GSE68911,0.0129871204808681,-0.12298698607542605,
GSE69168,0.0129871204808681,-0.12298698607542605,
GSE69132,0.0129871204808681,-0.12298698607542605,
GSE68831,0.0129871204808681,-0.12298698607542605,
GSE68812,0.0129871204808681,-0.12298698607542605,
GSE65164,0.0129871204808681,-0.12298698607542605,
GSE68283,0.0129871204808681,-0.12298698607542605,
GSE68284,0.0129871204808681,-0.12298698607542605,
GSE69227,0.0129871204808681,-0.12298698607542605,
GSE65994,0.0129871204808681,-0.12298698607542605,
GSE66001,0.0129871204808681,-0.12298698607542605,
GSE66003,0.0129871204808681,-0.12298698607542605,
GSE66232,0.0129871204808681,-0.12298698607542605,
GSE68806,0.0129871204808681,-0.12298698607542605,
GSE66040,0.0129871204808681,-0.12298698607542605,
GSE66068,0.0129871204808681,-0.12298698607542605,
GSE70148,0.0129871204808681,-0.12298698607542605,
GSE70156,0.0129871204808681,-0.12298698607542605,
GSE70022,0.0129871204808681,-0.12298698607542605,
GSE65031,0.0129871204808681,-0.12298698607542605,
GSE65082,0.0129871204808681,-0.12298698607542605,
GSE65348,0.0129871204808681,-0.12298698607542605,
GSE66243,0.0129871204808681,-0.12298698607542605,
GSE69354,0.0129871204808681,-0.12298698607542605,
GSE69363,0.0129871204808681,-0.12298698607542605,
GSE69709,0.0129871204808681,-0.12298698607542605,
GSE69726,0.0129871204808681,-0.12298698607542605,
GSE69407,0.0129871204808681,-0.12298698607542605,
GSE65504,0.0129871204808681,-0.12298698607542605,
GSE65321,0.0129871204808681,-0.12298698607542605,
GSE65887,0.0129871204808681,-0.12298698607542605,
GSE66211,0.0129871204808681,-0.12298698607542605,
GSE66231,0.0129871204808681,-0.12298698607542605,
GSE70116,0.0129871204808681,-0.12298698607542605,
GSE70132,0.0129871204808681,-0.12298698607542605,
GSE65358,0.0129871204808681,-0.12298698607542605,
GSE65361,0.0129871204808681,-0.12298698607542605,
GSE65388,0.0129871204808681,-0.12298698607542605,
GSE65160,0.0129871204808681,-0.12298698607542605,
GSE65582,0.0129871204808681,-0.12298698607542605,
GSE65713,0.0129871204808681,-0.12298698607542605,
GSE65731,0.0129871204808681,-0.12298698607542605,
GSE65732,0.0129871204808681,-0.12298698607542605,
GSE65747,0.0129871204808681,-0.12298698607542605,
GSE65970,0.0129871204808681,-0.12298698607542605,
GSE66679,0.0129871204808681,-0.12298698607542605,
GSE69473,0.0129871204808681,-0.12298698607542605,
GSE69314,0.0129871204808681,-0.12298698607542605,
GSE69545,0.0129871204808681,-0.12298698607542605,
GSE70314,0.0129871204808681,-0.12298698607542605,
GSE70352,0.0129871204808681,-0.12298698607542605,
GSE70355,0.0129871204808681,-0.12298698607542605,
GSE70357,0.0129871204808681,-0.12298698607542605,
GSE70358,0.0129871204808681,-0.12298698607542605,
GSE70135,0.0129871204808681,-0.12298698607542605,
GSE69556,0.0129871204808681,-0.12298698607542605,
GSE69484,0.0129871204808681,-0.12298698607542605,
GSE54154,0.0129871204808681,-0.12298698607542605,
GSE54113,0.0129871204808681,-0.12298698607542605,
GSE53545,0.0129871204808681,-0.12298698607542605,
GSE53538,0.0129871204808681,-0.12298698607542605,
GSE78514,0.0129871204808681,-0.12298698607542605,
GSE79137,0.0129871204808681,-0.12298698607542605,
GSE79124,0.0129871204808681,-0.12298698607542605,
GSE79115,0.0129871204808681,-0.12298698607542605,
GSE79108,0.0129871204808681,-0.12298698607542605,
GSE79363,0.0129871204808681,-0.12298698607542605,
GSE55735,0.0129871204808681,-0.12298698607542605,
GSE78497,0.0129871204808681,-0.12298698607542605,
GSE78781,0.0129871204808681,-0.12298698607542605,
GSE79313,0.0129871204808681,-0.12298698607542605,
GSE79291,0.0129871204808681,-0.12298698607542605,
GSE98690,0.0129871204808681,-0.12298698607542605,
GSE56367,0.0129871204808681,-0.12298698607542605,
GSE56446,0.0129871204808681,-0.12298698607542605,
GSE56461,0.0129871204808681,-0.12298698607542605,
GSE56507,0.0129871204808681,-0.12298698607542605,
GSE56529,0.0129871204808681,-0.12298698607542605,
GSE56566,0.0129871204808681,-0.12298698607542605,
GSE78965,0.0129871204808681,-0.12298698607542605,
GSE79244,0.0129871204808681,-0.12298698607542605,
GSE54462,0.0129871204808681,-0.12298698607542605,
GSE54877,0.0129871204808681,-0.12298698607542605,
GSE54932,0.0129871204808681,-0.12298698607542605,
GSE54952,0.0129871204808681,-0.12298698607542605,
GSE54973,0.0129871204808681,-0.12298698607542605,
GSE54982,0.0129871204808681,-0.12298698607542605,
GSE54619,0.0129871204808681,-0.12298698607542605,
GSE56890,0.0129871204808681,-0.12298698607542605,
GSE78966,0.0129871204808681,-0.12298698607542605,
GSE79602,0.0129871204808681,-0.12298698607542605,
GSE79600,0.0129871204808681,-0.12298698607542605,
GSE79095,0.0129871204808681,-0.12298698607542605,
GSE79661,0.0129871204808681,-0.12298698607542605,
GSE79633,0.0129871204808681,-0.12298698607542605,
GSE79632,0.0129871204808681,-0.12298698607542605,
GSE79020,0.0129871204808681,-0.12298698607542605,
GSE79578,0.0129871204808681,-0.12298698607542605,
GSE52870,0.0129871204808681,-0.12298698607542605,
GSE52854,0.0129871204808681,-0.12298698607542605,
GSE79814,0.0129871204808681,-0.12298698607542605,
GSE79929,0.0129871204808681,-0.12298698607542605,
GSE79018,0.0129871204808681,-0.12298698607542605,
GSE79014,0.0129871204808681,-0.12298698607542605,
GSE79013,0.0129871204808681,-0.12298698607542605,
GSE53793,0.0129871204808681,-0.12298698607542605,
GSE55596,0.0129871204808681,-0.12298698607542605,
GSE55633,0.0129871204808681,-0.12298698607542605,
GSE53595,0.0129871204808681,-0.12298698607542605,
GSE53627,0.0129871204808681,-0.12298698607542605,
GSE54984,0.0129871204808681,-0.12298698607542605,
GSE55060,0.0129871204808681,-0.12298698607542605,
GSE53794,0.0129871204808681,-0.12298698607542605,
GSE53150,0.0129871204808681,-0.12298698607542605,
GSE53528,0.0129871204808681,-0.12298698607542605,
GSE52899,0.0129871204808681,-0.12298698607542605,
GSE54286,0.0129871204808681,-0.12298698607542605,
GSE53074,0.0129871204808681,-0.12298698607542605,
GSE53076,0.0129871204808681,-0.12298698607542605,
GSE53090,0.0129871204808681,-0.12298698607542605,
GSE53110,0.0129871204808681,-0.12298698607542605,
GSE53506,0.0129871204808681,-0.12298698607542605,
GSE54006,0.0129871204808681,-0.12298698607542605,
GSE77645,0.0129871204808681,-0.12298698607542605,
GSE54461,0.0129871204808681,-0.12298698607542605,
GSE54697,0.0129871204808681,-0.12298698607542605,
GSE54695,0.0129871204808681,-0.12298698607542605,
GSE55790,0.0129871204808681,-0.12298698607542605,
GSE55788,0.0129871204808681,-0.12298698607542605,
GSE55782,0.0129871204808681,-0.12298698607542605,
GSE54561,0.0129871204808681,-0.12298698607542605,
GSE54473,0.0129871204808681,-0.12298698607542605,
GSE55291,0.0129871204808681,-0.12298698607542605,
GSE55228,0.0129871204808681,-0.12298698607542605,
GSE55190,0.0129871204808681,-0.12298698607542605,
GSE55188,0.0129871204808681,-0.12298698607542605,
GSE55581,0.0129871204808681,-0.12298698607542605,
GSE56867,0.0129871204808681,-0.12298698607542605,
GSE78105,0.0129871204808681,-0.12298698607542605,
GSE56986,0.0129871204808681,-0.12298698607542605,
GSE57043,0.0129871204808681,-0.12298698607542605,
GSE77851,0.0129871204808681,-0.12298698607542605,
GSE77857,0.0129871204808681,-0.12298698607542605,
GSE77862,0.0129871204808681,-0.12298698607542605,
GSE77891,0.0129871204808681,-0.12298698607542605,
GSE77458,0.0129871204808681,-0.12298698607542605,
GSE56762,0.0129871204808681,-0.12298698607542605,
GSE55385,0.0129871204808681,-0.12298698607542605,
GSE55394,0.0129871204808681,-0.12298698607542605,
GSE55423,0.0129871204808681,-0.12298698607542605,
GSE55480,0.0129871204808681,-0.12298698607542605,
GSE57249,0.0129871204808681,-0.12298698607542605,
GSE57272,0.0129871204808681,-0.12298698607542605,
GSE57396,0.0129871204808681,-0.12298698607542605,
GSE56636,0.0129871204808681,-0.12298698607542605,
GSE77323,0.0129871204808681,-0.12298698607542605,
GSE78143,0.0129871204808681,-0.12298698607542605,
GSE77647,0.0129871204808681,-0.12298698607542605,
GSE78127,0.0129871204808681,-0.12298698607542605,
GSE78128,0.0129871204808681,-0.12298698607542605,
GSE77894,0.0129871204808681,-0.12298698607542605,
GSE77896,0.0129871204808681,-0.12298698607542605,
GSE79199,0.0129871204808681,-0.12298698607542605,
GSE78849,0.0129871204808681,-0.12298698607542605,
GSE79087,0.0129871204808681,-0.12298698607542605,
GSE78971,0.0129871204808681,-0.12298698607542605,
GSE78816,0.0129871204808681,-0.12298698607542605,
GSE78845,0.0129871204808681,-0.12298698607542605,
GSE77941,0.0129871204808681,-0.12298698607542605,
GSE77997,0.0129871204808681,-0.12298698607542605,
GSE78907,0.0129871204808681,-0.12298698607542605,
GSE78948,0.0129871204808681,-0.12298698607542605,
GSE79086,0.0129871204808681,-0.12298698607542605,
GSE78902,0.0129871204808681,-0.12298698607542605,
GSE78905,0.0129871204808681,-0.12298698607542605,
GSE78706,0.0129871204808681,-0.12298698607542605,
GSE78708,0.0129871204808681,-0.12298698607542605,
GSE78728,0.0129871204808681,-0.12298698607542605,
GSE78730,0.0129871204808681,-0.12298698607542605,
GSE77652,0.0129871204808681,-0.12298698607542605,
GSE78247,0.0129871204808681,-0.12298698607542605,
GSE77705,0.0129871204808681,-0.12298698607542605,
GSE77722,0.0129871204808681,-0.12298698607542605,
GSE77736,0.0129871204808681,-0.12298698607542605,
GSE78151,0.0129871204808681,-0.12298698607542605,
GSE78156,0.0129871204808681,-0.12298698607542605,
GSE78183,0.0129871204808681,-0.12298698607542605,
GSE78209,0.0129871204808681,-0.12298698607542605,
GSE78082,0.0129871204808681,-0.12298698607542605,
GSE77693,0.0129871204808681,-0.12298698607542605,
GSE81230,0.0129871204808681,-0.12298698607542605,
GSE81197,0.0129871204808681,-0.12298698607542605,
GSE52619,0.0129871204808681,-0.12298698607542605,
GSE52616,0.0129871204808681,-0.12298698607542605,
GSE80465,0.0129871204808681,-0.12298698607542605,
GSE80444,0.0129871204808681,-0.12298698607542605,
GSE99164,0.0129871204808681,-0.12298698607542605,
GSE81286,0.0129871204808681,-0.12298698607542605,
GSE81257,0.0129871204808681,-0.12298698607542605,
GSE50856,0.0129871204808681,-0.12298698607542605,
GSE51685,0.0129871204808681,-0.12298698607542605,
GSE51620,0.0129871204808681,-0.12298698607542605,
GSE50775,0.0129871204808681,-0.12298698607542605,
GSE50763,0.0129871204808681,-0.12298698607542605,
GSE50739,0.0129871204808681,-0.12298698607542605,
GSE79452,0.0129871204808681,-0.12298698607542605,
GSE80671,0.0129871204808681,-0.12298698607542605,
GSE80707,0.0129871204808681,-0.12298698607542605,
GSE80708,0.0129871204808681,-0.12298698607542605,
GSE80810,0.0129871204808681,-0.12298698607542605,
GSE80812,0.0129871204808681,-0.12298698607542605,
GSE80960,0.0129871204808681,-0.12298698607542605,
GSE80964,0.0129871204808681,-0.12298698607542605,
GSE50708,0.0129871204808681,-0.12298698607542605,
GSE50896,0.0129871204808681,-0.12298698607542605,
GSE50927,0.0129871204808681,-0.12298698607542605,
GSE50934,0.0129871204808681,-0.12298698607542605,
GSE52071,0.0129871204808681,-0.12298698607542605,
GSE53297,0.0129871204808681,-0.12298698607542605,
GSE53401,0.0129871204808681,-0.12298698607542605,
GSE53489,0.0129871204808681,-0.12298698607542605,
GSE80664,0.0129871204808681,-0.12298698607542605,
GSE80168,0.0129871204808681,-0.12298698607542605,
GSE48229,0.0129871204808681,-0.12298698607542605,
GSE48252,0.0129871204808681,-0.12298698607542605,
GSE48364,0.0129871204808681,-0.12298698607542605,
GSE48419,0.0129871204808681,-0.12298698607542605,
GSE48480,0.0129871204808681,-0.12298698607542605,
GSE48519,0.0129871204808681,-0.12298698607542605,
GSE97925,0.0129871204808681,-0.12298698607542605,
GSE81095,0.0129871204808681,-0.12298698607542605,
GSE97947,0.0129871204808681,-0.12298698607542605,
GSE81441,0.0129871204808681,-0.12298698607542605,
GSE81466,0.0129871204808681,-0.12298698607542605,
GSE81329,0.0129871204808681,-0.12298698607542605,
GSE81384,0.0129871204808681,-0.12298698607542605,
GSE48109,0.0129871204808681,-0.12298698607542605,
GSE97690,0.0129871204808681,-0.12298698607542605,
GSE97716,0.0129871204808681,-0.12298698607542605,
GSE97941,0.0129871204808681,-0.12298698607542605,
GSE81251,0.0129871204808681,-0.12298698607542605,
GSE49844,0.0129871204808681,-0.12298698607542605,
GSE49929,0.0129871204808681,-0.12298698607542605,
GSE50050,0.0129871204808681,-0.12298698607542605,
GSE50068,0.0129871204808681,-0.12298698607542605,
GSE50561,0.0129871204808681,-0.12298698607542605,
GSE50566,0.0129871204808681,-0.12298698607542605,
GSE48206,0.0129871204808681,-0.12298698607542605,
GSE49581,0.0129871204808681,-0.12298698607542605,
GSE49622,0.0129871204808681,-0.12298698607542605,
GSE49715,0.0129871204808681,-0.12298698607542605,
GSE49761,0.0129871204808681,-0.12298698607542605,
GSE49843,0.0129871204808681,-0.12298698607542605,
GSE49114,0.0129871204808681,-0.12298698607542605,
GSE49147,0.0129871204808681,-0.12298698607542605,
GSE48172,0.0129871204808681,-0.12298698607542605,
GSE50590,0.0129871204808681,-0.12298698607542605,
GSE53244,0.0129871204808681,-0.12298698607542605,
GSE53218,0.0129871204808681,-0.12298698607542605,
GSE53214,0.0129871204808681,-0.12298698607542605,
GSE53212,0.0129871204808681,-0.12298698607542605,
GSE53207,0.0129871204808681,-0.12298698607542605,
GSE52234,0.0129871204808681,-0.12298698607542605,
GSE52123,0.0129871204808681,-0.12298698607542605,
GSE52080,0.0129871204808681,-0.12298698607542605,
GSE52069,0.0129871204808681,-0.12298698607542605,
GSE52038,0.0129871204808681,-0.12298698607542605,
GSE52016,0.0129871204808681,-0.12298698607542605,
GSE52320,0.0129871204808681,-0.12298698607542605,
GSE54826,0.0129871204808681,-0.12298698607542605,
GSE79863,0.0129871204808681,-0.12298698607542605,
GSE54424,0.0129871204808681,-0.12298698607542605,
GSE49538,0.0129871204808681,-0.12298698607542605,
GSE79457,0.0129871204808681,-0.12298698607542605,
GSE79484,0.0129871204808681,-0.12298698607542605,
GSE79487,0.0129871204808681,-0.12298698607542605,
GSE79696,0.0129871204808681,-0.12298698607542605,
GSE79561,0.0129871204808681,-0.12298698607542605,
GSE79898,0.0129871204808681,-0.12298698607542605,
GSE79902,0.0129871204808681,-0.12298698607542605,
GSE54412,0.0129871204808681,-0.12298698607542605,
GSE79941,0.0129871204808681,-0.12298698607542605,
GSE79951,0.0129871204808681,-0.12298698607542605,
GSE79975,0.0129871204808681,-0.12298698607542605,
GSE79993,0.0129871204808681,-0.12298698607542605,
GSE79996,0.0129871204808681,-0.12298698607542605,
GSE52450,0.0129871204808681,-0.12298698607542605,
GSE52477,0.0129871204808681,-0.12298698607542605,
GSE54411,0.0129871204808681,-0.12298698607542605,
GSE79903,0.0129871204808681,-0.12298698607542605,
GSE80326,0.0129871204808681,-0.12298698607542605,
GSE79824,0.0129871204808681,-0.12298698607542605,
GSE79698,0.0129871204808681,-0.12298698607542605,
GSE79519,0.0129871204808681,-0.12298698607542605,
GSE79403,0.0129871204808681,-0.12298698607542605,
GSE79416,0.0129871204808681,-0.12298698607542605,
GSE79423,0.0129871204808681,-0.12298698607542605,
GSE53249,0.0129871204808681,-0.12298698607542605,
GSE80375,0.0129871204808681,-0.12298698607542605,
GSE80232,0.0129871204808681,-0.12298698607542605,
GSE80041,0.0129871204808681,-0.12298698607542605,
GSE80044,0.0129871204808681,-0.12298698607542605,
GSE81140,0.0129871204808681,-0.12298698607542605,
GSE49366,0.0129871204808681,-0.12298698607542605,
GSE49433,0.0129871204808681,-0.12298698607542605,
GSE49434,0.0129871204808681,-0.12298698607542605,
GSE80166,0.0129871204808681,-0.12298698607542605,
GSE55180,0.0129871204808681,-0.12298698607542605,
GSE50776,0.0129871204808681,-0.12298698607542605,
GSE50809,0.0129871204808681,-0.12298698607542605,
GSE50172,0.0129871204808681,-0.12298698607542605,
GSE50459,0.0129871204808681,-0.12298698607542605,
GSE50534,0.0129871204808681,-0.12298698607542605,
GSE50554,0.0129871204808681,-0.12298698607542605,
GSE80288,0.0129871204808681,-0.12298698607542605,
GSE79723,0.0129871204808681,-0.12298698607542605,
GSE79739,0.0129871204808681,-0.12298698607542605,
GSE80503,0.0129871204808681,-0.12298698607542605,
GSE80587,0.0129871204808681,-0.12298698607542605,
GSE80588,0.0129871204808681,-0.12298698607542605,
GSE80262,0.0129871204808681,-0.12298698607542605,
GSE80268,0.0129871204808681,-0.12298698607542605,
GSE79756,0.0129871204808681,-0.12298698607542605,
GSE51006,0.0129871204808681,-0.12298698607542605,
GSE75477,0.0129871204808681,-0.12298698607542605,
GSE75616,0.0129871204808681,-0.12298698607542605,
GSE58993,0.0129871204808681,-0.12298698607542605,
GSE58973,0.0129871204808681,-0.12298698607542605,
GSE58972,0.0129871204808681,-0.12298698607542605,
GSE58926,0.0129871204808681,-0.12298698607542605,
GSE58917,0.0129871204808681,-0.12298698607542605,
GSE58843,0.0129871204808681,-0.12298698607542605,
GSE76143,0.0129871204808681,-0.12298698607542605,
GSE76140,0.0129871204808681,-0.12298698607542605,
GSE75176,0.0129871204808681,-0.12298698607542605,
GSE75154,0.0129871204808681,-0.12298698607542605,
GSE74973,0.0129871204808681,-0.12298698607542605,
GSE74966,0.0129871204808681,-0.12298698607542605,
GSE74961,0.0129871204808681,-0.12298698607542605,
GSE77453,0.0129871204808681,-0.12298698607542605,
GSE75936,0.0129871204808681,-0.12298698607542605,
GSE75944,0.0129871204808681,-0.12298698607542605,
GSE59970,0.0129871204808681,-0.12298698607542605,
GSE59442,0.0129871204808681,-0.12298698607542605,
GSE59463,0.0129871204808681,-0.12298698607542605,
GSE59547,0.0129871204808681,-0.12298698607542605,
GSE75192,0.0129871204808681,-0.12298698607542605,
GSE74957,0.0129871204808681,-0.12298698607542605,
GSE75038,0.0129871204808681,-0.12298698607542605,
GSE75049,0.0129871204808681,-0.12298698607542605,
GSE75246,0.0129871204808681,-0.12298698607542605,
GSE75330,0.0129871204808681,-0.12298698607542605,
GSE75431,0.0129871204808681,-0.12298698607542605,
GSE75453,0.0129871204808681,-0.12298698607542605,
GSE75066,0.0129871204808681,-0.12298698607542605,
GSE75074,0.0129871204808681,-0.12298698607542605,
GSE75028,0.0129871204808681,-0.12298698607542605,
GSE76505,0.0129871204808681,-0.12298698607542605,
GSE76316,0.0129871204808681,-0.12298698607542605,
GSE58609,0.0129871204808681,-0.12298698607542605,
GSE58619,0.0129871204808681,-0.12298698607542605,
GSE58372,0.0129871204808681,-0.12298698607542605,
GSE58384,0.0129871204808681,-0.12298698607542605,
GSE75762,0.0129871204808681,-0.12298698607542605,
GSE75484,0.0129871204808681,-0.12298698607542605,
GSE75778,0.0129871204808681,-0.12298698607542605,
GSE75804,0.0129871204808681,-0.12298698607542605,
GSE75951,0.0129871204808681,-0.12298698607542605,
GSE75854,0.0129871204808681,-0.12298698607542605,
GSE75858,0.0129871204808681,-0.12298698607542605,
GSE59373,0.0129871204808681,-0.12298698607542605,
GSE59383,0.0129871204808681,-0.12298698607542605,
GSE75832,0.0129871204808681,-0.12298698607542605,
GSE75775,0.0129871204808681,-0.12298698607542605,
GSE75510,0.0129871204808681,-0.12298698607542605,
GSE75579,0.0129871204808681,-0.12298698607542605,
GSE75596,0.0129871204808681,-0.12298698607542605,
GSE75767,0.0129871204808681,-0.12298698607542605,
GSE60283,0.0129871204808681,-0.12298698607542605,
GSE60005,0.0129871204808681,-0.12298698607542605,
GSE75544,0.0129871204808681,-0.12298698607542605,
GSE76498,0.0129871204808681,-0.12298698607542605,
GSE58836,0.0129871204808681,-0.12298698607542605,
GSE58645,0.0129871204808681,-0.12298698607542605,
GSE58664,0.0129871204808681,-0.12298698607542605,
GSE58669,0.0129871204808681,-0.12298698607542605,
GSE58707,0.0129871204808681,-0.12298698607542605,
GSE60226,0.0129871204808681,-0.12298698607542605,
GSE60231,0.0129871204808681,-0.12298698607542605,
GSE75889,0.0129871204808681,-0.12298698607542605,
GSE75413,0.0129871204808681,-0.12298698607542605,
GSE74985,0.0129871204808681,-0.12298698607542605,
GSE74980,0.0129871204808681,-0.12298698607542605,
GSE74746,0.0129871204808681,-0.12298698607542605,
GSE74923,0.0129871204808681,-0.12298698607542605,
GSE60875,0.0129871204808681,-0.12298698607542605,
GSE60072,0.0129871204808681,-0.12298698607542605,
GSE60050,0.0129871204808681,-0.12298698607542605,
GSE60756,0.0129871204808681,-0.12298698607542605,
GSE60745,0.0129871204808681,-0.12298698607542605,
GSE60968,0.0129871204808681,-0.12298698607542605,
GSE60941,0.0129871204808681,-0.12298698607542605,
GSE60659,0.0129871204808681,-0.12298698607542605,
GSE74155,0.0129871204808681,-0.12298698607542605,
GSE74344,0.0129871204808681,-0.12298698607542605,
GSE74283,0.0129871204808681,-0.12298698607542605,
GSE75925,0.0129871204808681,-0.12298698607542605,
GSE98700,0.0129871204808681,-0.12298698607542605,
GSE98723,0.0129871204808681,-0.12298698607542605,
GSE74630,0.0129871204808681,-0.12298698607542605,
GSE74643,0.0129871204808681,-0.12298698607542605,
GSE74647,0.0129871204808681,-0.12298698607542605,
GSE75229,0.0129871204808681,-0.12298698607542605,
GSE60297,0.0129871204808681,-0.12298698607542605,
GSE74278,0.0129871204808681,-0.12298698607542605,
GSE74371,0.0129871204808681,-0.12298698607542605,
GSE74429,0.0129871204808681,-0.12298698607542605,
GSE74456,0.0129871204808681,-0.12298698607542605,
GSE74517,0.0129871204808681,-0.12298698607542605,
GSE74518,0.0129871204808681,-0.12298698607542605,
GSE74528,0.0129871204808681,-0.12298698607542605,
GSE98517,0.0129871204808681,-0.12298698607542605,
GSE98423,0.0129871204808681,-0.12298698607542605,
GSE60361,0.0129871204808681,-0.12298698607542605,
GSE60425,0.0129871204808681,-0.12298698607542605,
GSE60450,0.0129871204808681,-0.12298698607542605,
GSE60520,0.0129871204808681,-0.12298698607542605,
GSE60285,0.0129871204808681,-0.12298698607542605,
GSE59127,0.0129871204808681,-0.12298698607542605,
GSE59129,0.0129871204808681,-0.12298698607542605,
GSE59130,0.0129871204808681,-0.12298698607542605,
GSE75001,0.0129871204808681,-0.12298698607542605,
GSE59622,0.0129871204808681,-0.12298698607542605,
GSE59623,0.0129871204808681,-0.12298698607542605,
GSE59725,0.0129871204808681,-0.12298698607542605,
GSE59813,0.0129871204808681,-0.12298698607542605,
GSE59859,0.0129871204808681,-0.12298698607542605,
GSE59958,0.0129871204808681,-0.12298698607542605,
GSE58833,0.0129871204808681,-0.12298698607542605,
GSE75909,0.0129871204808681,-0.12298698607542605,
GSE59571,0.0129871204808681,-0.12298698607542605,
GSE75648,0.0129871204808681,-0.12298698607542605,
GSE75667,0.0129871204808681,-0.12298698607542605,
GSE74690,0.0129871204808681,-0.12298698607542605,
GSE74720,0.0129871204808681,-0.12298698607542605,
GSE74583,0.0129871204808681,-0.12298698607542605,
GSE74822,0.0129871204808681,-0.12298698607542605,
GSE74660,0.0129871204808681,-0.12298698607542605,
GSE60377,0.0129871204808681,-0.12298698607542605,
GSE59148,0.0129871204808681,-0.12298698607542605,
GSE59168,0.0129871204808681,-0.12298698607542605,
GSE60699,0.0129871204808681,-0.12298698607542605,
GSE60701,0.0129871204808681,-0.12298698607542605,
GSE60731,0.0129871204808681,-0.12298698607542605,
GSE60537,0.0129871204808681,-0.12298698607542605,
GSE74679,0.0129871204808681,-0.12298698607542605,
GSE74682,0.0129871204808681,-0.12298698607542605,
GSE74900,0.0129871204808681,-0.12298698607542605,
GSE58455,0.0129871204808681,-0.12298698607542605,
GSE58432,0.0129871204808681,-0.12298698607542605,
GSE56902,0.0129871204808681,-0.12298698607542605,
GSE56893,0.0129871204808681,-0.12298698607542605,
GSE57206,0.0129871204808681,-0.12298698607542605,
GSE57170,0.0129871204808681,-0.12298698607542605,
GSE76748,0.0129871204808681,-0.12298698607542605,
GSE77256,0.0129871204808681,-0.12298698607542605,
GSE77243,0.0129871204808681,-0.12298698607542605,
GSE77197,0.0129871204808681,-0.12298698607542605,
GSE76642,0.0129871204808681,-0.12298698607542605,
GSE58359,0.0129871204808681,-0.12298698607542605,
GSE58318,0.0129871204808681,-0.12298698607542605,
GSE76678,0.0129871204808681,-0.12298698607542605,
GSE76837,0.0129871204808681,-0.12298698607542605,
GSE75735,0.0129871204808681,-0.12298698607542605,
GSE76303,0.0129871204808681,-0.12298698607542605,
GSE76309,0.0129871204808681,-0.12298698607542605,
GSE76315,0.0129871204808681,-0.12298698607542605,
GSE76687,0.0129871204808681,-0.12298698607542605,
GSE76724,0.0129871204808681,-0.12298698607542605,
GSE77636,0.0129871204808681,-0.12298698607542605,
GSE77476,0.0129871204808681,-0.12298698607542605,
GSE76824,0.0129871204808681,-0.12298698607542605,
GSE57423,0.0129871204808681,-0.12298698607542605,
GSE57482,0.0129871204808681,-0.12298698607542605,
GSE57244,0.0129871204808681,-0.12298698607542605,
GSE76749,0.0129871204808681,-0.12298698607542605,
GSE76602,0.0129871204808681,-0.12298698607542605,
GSE76606,0.0129871204808681,-0.12298698607542605,
GSE76609,0.0129871204808681,-0.12298698607542605,
GSE76779,0.0129871204808681,-0.12298698607542605,
GSE77494,0.0129871204808681,-0.12298698607542605,
GSE57712,0.0129871204808681,-0.12298698607542605,
GSE57745,0.0129871204808681,-0.12298698607542605,
GSE77003,0.0129871204808681,-0.12298698607542605,
GSE77547,0.0129871204808681,-0.12298698607542605,
GSE77569,0.0129871204808681,-0.12298698607542605,
GSE56312,0.0129871204808681,-0.12298698607542605,
GSE55966,0.0129871204808681,-0.12298698607542605,
GSE58286,0.0129871204808681,-0.12298698607542605,
GSE56127,0.0129871204808681,-0.12298698607542605,
GSE56170,0.0129871204808681,-0.12298698607542605,
GSE56575,0.0129871204808681,-0.12298698607542605,
GSE77351,0.0129871204808681,-0.12298698607542605,
GSE77375,0.0129871204808681,-0.12298698607542605,
GSE77541,0.0129871204808681,-0.12298698607542605,
GSE77410,0.0129871204808681,-0.12298698607542605,
GSE77420,0.0129871204808681,-0.12298698607542605,
GSE56122,0.0129871204808681,-0.12298698607542605,
GSE58313,0.0129871204808681,-0.12298698607542605,
GSE77029,0.0129871204808681,-0.12298698607542605,
GSE77067,0.0129871204808681,-0.12298698607542605,
GSE77892,0.0129871204808681,-0.12298698607542605,
GSE77740,0.0129871204808681,-0.12298698607542605,
GSE77769,0.0129871204808681,-0.12298698607542605,
GSE77778,0.0129871204808681,-0.12298698607542605,
GSE57980,0.0129871204808681,-0.12298698607542605,
GSE77625,0.0129871204808681,-0.12298698607542605,
GSE77081,0.0129871204808681,-0.12298698607542605,
GSE77083,0.0129871204808681,-0.12298698607542605,
GSE76929,0.0129871204808681,-0.12298698607542605,
GSE76932,0.0129871204808681,-0.12298698607542605,
GSE76988,0.0129871204808681,-0.12298698607542605,
GSE77185,0.0129871204808681,-0.12298698607542605,
GSE77188,0.0129871204808681,-0.12298698607542605,
GSE56613,0.0129871204808681,-0.12298698607542605,
GSE58971,0.0129871204808681,-0.12298698607542605,
GSE58928,0.0129871204808681,-0.12298698607542605,
GSE57648,0.0129871204808681,-0.12298698607542605,
GSE57609,0.0129871204808681,-0.12298698607542605,
GSE57575,0.0129871204808681,-0.12298698607542605,
GSE57567,0.0129871204808681,-0.12298698607542605,
GSE76482,0.0129871204808681,-0.12298698607542605,
GSE76458,0.0129871204808681,-0.12298698607542605,
GSE76010,0.0129871204808681,-0.12298698607542605,
GSE75997,0.0129871204808681,-0.12298698607542605,
GSE58827,0.0129871204808681,-0.12298698607542605,
GSE58818,0.0129871204808681,-0.12298698607542605,
GSE58801,0.0129871204808681,-0.12298698607542605,
GSE76772,0.0129871204808681,-0.12298698607542605,
GSE76771,0.0129871204808681,-0.12298698607542605,
GSE76853,0.0129871204808681,-0.12298698607542605,
GSE75737,0.0129871204808681,-0.12298698607542605,
GSE75738,0.0129871204808681,-0.12298698607542605,
GSE75751,0.0129871204808681,-0.12298698607542605,
GSE75761,0.0129871204808681,-0.12298698607542605,
GSE58998,0.0129871204808681,-0.12298698607542605,
GSE58360,0.0129871204808681,-0.12298698607542605,
GSE58363,0.0129871204808681,-0.12298698607542605,
GSE76755,0.0129871204808681,-0.12298698607542605,
GSE58108,0.0129871204808681,-0.12298698607542605,
GSE58174,0.0129871204808681,-0.12298698607542605,
GSE59269,0.0129871204808681,-0.12298698607542605,
GSE59318,0.0129871204808681,-0.12298698607542605,
GSE76026,0.0129871204808681,-0.12298698607542605,
GSE76069,0.0129871204808681,-0.12298698607542605,
GSE75976,0.0129871204808681,-0.12298698607542605,
GSE76130,0.0129871204808681,-0.12298698607542605,
GSE58371,0.0129871204808681,-0.12298698607542605,
GSE58088,0.0129871204808681,-0.12298698607542605,
GSE58089,0.0129871204808681,-0.12298698607542605,
GSE57875,0.0129871204808681,-0.12298698607542605,
GSE57919,0.0129871204808681,-0.12298698607542605,
GSE76217,0.0129871204808681,-0.12298698607542605,
GSE76222,0.0129871204808681,-0.12298698607542605,
GSE76408,0.0129871204808681,-0.12298698607542605,
GSE58757,0.0129871204808681,-0.12298698607542605,
GSE76279,0.0129871204808681,-0.12298698607542605,
GSE77303,0.0129871204808681,-0.12298698607542605,
GSE77304,0.0129871204808681,-0.12298698607542605,
GSE77113,0.0129871204808681,-0.12298698607542605,
GSE76253,0.0129871204808681,-0.12298698607542605,
GSE76254,0.0129871204808681,-0.12298698607542605,
GSE76838,0.0129871204808681,-0.12298698607542605,
GSE76840,0.0129871204808681,-0.12298698607542605,
GSE76261,0.0129871204808681,-0.12298698607542605,
GSE58797,0.0129871204808681,-0.12298698607542605,
GSE57680,0.0129871204808681,-0.12298698607542605,
GSE57682,0.0129871204808681,-0.12298698607542605,
GSE58465,0.0129871204808681,-0.12298698607542605,
GSE58510,0.0129871204808681,-0.12298698607542605,
GSE57837,0.0129871204808681,-0.12298698607542605,
GSE57849,0.0129871204808681,-0.12298698607542605,
GSE58025,0.0129871204808681,-0.12298698607542605,
GSE57959,0.0129871204808681,-0.12298698607542605,
GSE56904,0.0129871204808681,-0.12298698607542605,
GSE56905,0.0129871204808681,-0.12298698607542605,
GSE56966,0.0129871204808681,-0.12298698607542605,
GSE58001,0.0129871204808681,-0.12298698607542605,
GSE57054,0.0129871204808681,-0.12298698607542605,
GSE57092,0.0129871204808681,-0.12298698607542605,
GSE77115,0.0129871204808681,-0.12298698607542605,
GSE57926,0.0129871204808681,-0.12298698607542605,
GSE57500,0.01298539940281369,-0.1231781874520221,targets
GSE67113,0.012985004746711415,-0.12322203493305289,targets
GSE90625,0.012981074453632795,-0.12365877506107281,primary
GSE72921,0.012979280539558422,-0.12385816146728164,primary
GSE56175,0.012978617028922695,-0.1239319150138793,primary
GSE54443,0.012976403998417055,-0.12417793509147419,primary
GSE101859,0.012975668305102814,-0.12425973057076717,targets
GSE99808,0.01297377952708307,-0.12446974896536728,
GSE59354,0.012973682339898608,-0.12448055630134322,
GSE97914,0.012972898426629376,-0.12456773139362445,
GSE49088,0.01297268682157357,-0.12459126384137799,targets
GSE59119,0.012972388027523684,-0.12462449316883574,
GSE76095,0.012972123294943485,-0.12465393510943591,
GSE64218,0.012971010951873778,-0.12477764967808827,
GSE47919,0.01297081928217879,-0.12479896821390139,
GSE107470,0.012970419413895169,-0.12484344473228158,tissue
GSE98140,0.012970392587783694,-0.124846428594004,
GSE50932,0.012969914995490207,-0.12489955209928602,
GSE100771,0.012969574761178288,-0.12493739820645144,
GSE53001,0.012969337951108136,-0.12496374046047273,
GSE81285,0.012969162192310747,-0.12498329181031863,
GSE83580,0.012968912190113126,-0.12501110242766916,new
GSE60066,0.012967877125653744,-0.12512625024686638,
GSE88908,0.012967842556283903,-0.12513009614426546,
GSE65315,0.012967728288016568,-0.12514280874377645,
GSE44566,0.012967588257994982,-0.12515838754863595,
GSE97137,0.012966658851757433,-0.12526179134245227,
GSE83964,0.012966512401417237,-0.12527808577690266,
GSE72851,0.012966392556335426,-0.12529142018008563,
GSE49555,0.012966229021044736,-0.12530961591491996,
GSE83855,0.01296620898183405,-0.12531184559111766,
GSE72855,0.012966114080445327,-0.12532240490449317,
GSE74064,0.012965761968135179,-0.125361583765503,new
GSE63800,0.012965689909292654,-0.12536960174577313,
GSE93279,0.012965183408155228,-0.12542596133461648,
GSE70014,0.012964355168279458,-0.1255181263037944,
GSE71877,0.01296408075291368,-0.12554866402605194,
GSE95782,0.012963827394847405,-0.12557685900604892,
GSE60982,0.012963799573672602,-0.12557995512209297,
GSE78045,0.012963706281371149,-0.1255903373271082,
GSE58018,0.012963492735033466,-0.12561410250453336,
GSE81380,0.012963285726986963,-0.1256371404213003,
GSE58016,0.012962556858514052,-0.12571825909107065,
GSE44640,0.012962391070346576,-0.12573671095201286,tissue
GSE67186,0.012962152375984783,-0.12576327752764185,
GSE84527,0.012961929045080539,-0.12578813460032295,
GSE58017,0.012961870615789874,-0.1257946379408045,
GSE84517,0.012960442836858047,-0.12595356276750094,
GSE94839,0.01295998612260737,-0.12600440292802856,
GSE109345,0.01295910610646587,-0.12610236893027216,new
GSE67790,0.012959056648384617,-0.1261078749477496,
GSE71629,0.012957800739831594,-0.1262476984622702,primary
GSE93309,0.012956641760328338,-0.12637674264162643,targets
GSE89801,0.012955869481416731,-0.12646273685082476,
GSE86065,0.012954574837808095,-0.12660690851322015,
GSE95661,0.012954455186737192,-0.12662023359767652,
GSE85648,0.012954257891509502,-0.126642205885202,
GSE76356,0.012953869403704306,-0.1266854718012335,
GSE72537,0.01295358997848569,-0.12671659221109421,
GSE46815,0.012953412160444726,-0.12673639667974784,primary
GSE109279,0.012953377368654814,-0.12674027164408594,
GSE90497,0.012952854264454833,-0.126798534061096,
GSE97939,0.01295232856384248,-0.12685708803244317,
GSE29752,0.012952082213915403,-0.1268845279785726,new
GSE98760,0.012951585249149985,-0.12693988451089966,
GSE81079,0.012951389617395264,-0.12696167636792274,
GSE97060,0.012951111683396991,-0.12699263662124813,"targets,tissue"
GSE49571,0.012950632071811182,-0.12704606416365752,
GSE85131,0.012947905911368492,-0.1273497892749683,
GSE53190,0.012946046374676114,-0.12755699938638118,"targets,tissue"
GSE98860,0.01294575900155758,-0.12758902432763083,
GSE74170,0.012945221003788376,-0.12764898086180543,targets
GSE69654,0.0129444588427287,-0.1277339232780878,
GSE54631,0.012944187688947983,-0.12776414441879475,
GSE80776,0.012943984228407987,-0.12778682130096408,
GSE49047,0.012942595137744484,-0.1279416532071159,
GSE98964,0.012941939171727665,-0.12801477477912057,
GSE69926,0.012941903941642898,-0.12801870203739985,
GSE85462,0.012941347283249435,-0.12808075670718333,
GSE58261,0.012940575871287491,-0.1281667558970938,
GSE65383,0.012940401596306501,-0.12818618527538087,tissue
GSE104443,0.012940269536682791,-0.128200908368399,
GSE43431,0.012939705277873003,-0.12826381827403993,new
GSE93774,0.012938684348631132,-0.12837764989775147,
GSE93007,0.012937695841278287,-0.1284878751028271,
GSE106330,0.012937318283932476,-0.12852997750384274,tissue
GSE93006,0.012936856103695856,-0.12858151809605262,
GSE85810,0.012936664766338974,-0.12860285585346898,primary
GSE67681,0.012936542329078376,-0.12861651010421826,
GSE76075,0.012935485594963402,-0.12873436287343576,"targets,tissue"
GSE109522,0.012935265208298907,-0.12875894281318084,
GSE106901,0.012934046757882154,-0.1288948453356302,
GSE98960,0.012933415507290744,-0.12896525828055938,hundreds
GSE84234,0.012933253445164347,-0.1289833360799468,hundreds
GSE83240,0.01293284434571712,-0.1290289715483166,targets
GSE95739,0.012931971140768921,-0.12912638329668838,targets
GSE76123,0.012931845654850999,-0.1291403826157309,targets
GSE78184,0.012931509309035652,-0.12917790631986972,
GSE63204,0.012930433541971766,-0.12929792853305438,
GSE75984,0.012929900693855974,-0.12935738154145693,targets
GSE85967,0.0129298070043904,-0.12936783528122434,"new,primary,tissue"
GSE77729,0.012929142081483816,-0.12944202862735968,
GSE63804,0.012928386927247864,-0.12952629478220049,new
GSE67207,0.012927337208988135,-0.12964343892563993,targets
GSE67647,0.01292714210267758,-0.12966521301772627,
GSE94382,0.01292553675092503,-0.12984438462530923,new
GSE93017,0.012923525523533807,-0.13006888698895133,
GSE97353,0.012923178223281784,-0.13010765776268174,
GSE100276,0.012922678939807898,-0.130163396969729,
GSE52332,0.01292248673354237,-0.13018485514334757,
GSE97450,0.01292192203821782,-0.130247900357627,"cases,primary"
GSE87800,0.012921521104020844,-0.13029266418995092,
GSE70351,0.012921515751969178,-0.13029326174962946,
GSE75946,0.012919875041806578,-0.1304764596616296,primary
GSE83736,0.012918209455563155,-0.13066245897726256,
GSE71076,0.012917060586239102,-0.1307907694671355,
GSE77195,0.01291653285977682,-0.1308497119717295,
GSE41792,0.012916460664829715,-0.1308577757133217,
GSE39509,0.012916083696605903,-0.13089988152988355,
GSE54246,0.012915810990623463,-0.13093034244444401,
GSE63943,0.012914539175316547,-0.13107241110599216,
GSE83350,0.012914154994375857,-0.13111532895033515,
GSE92602,0.012912619911307268,-0.1312868297855035,
GSE75787,0.012911476854156306,-0.13141454638285044,
GSE100807,0.012911125240125458,-0.13145383536052888,targets
GSE80312,0.012910113373895889,-0.13156690618675942,
GSE31223,0.012909330108982856,-0.1316544380816145,
GSE121611,0.012907691143571352,-0.1318376139214151,tissue
GSE76362,0.012906428596620933,-0.1319787359309233,
GSE100397,0.01290571118451195,-0.13205893128868504,targets
GSE96690,0.0129054789559705,-0.13208489173167795,
GSE75000,0.01290527830258559,-0.13210732281655102,cases
GSE77623,0.012905268362561369,-0.13210843402305408,
GSE89834,0.012903183050062305,-0.1323415723822334,primary
GSE106575,0.01290317319220074,-0.13234267458262625,
GSE90883,0.012900876343152744,-0.1325995065760253,targets
GSE119498,0.012900792073693872,-0.13260893039532642,
GSE93946,0.012900777935090998,-0.1326105115155639,"primary,targets"
GSE90725,0.012900704247266824,-0.1326187520544414,
GSE78691,0.012900486978619582,-0.1326430495682407,
GSE54133,0.012900343356842568,-0.13265911125484298,
GSE80436,0.01289942110664791,-0.1327622537300188,
GSE85891,0.012898837981403394,-0.13282747300669565,
GSE69869,0.012897424803784849,-0.1329855412013942,
GSE98563,0.012897039464308247,-0.13302864559357808,
GSE94566,0.012896166965801474,-0.13312624875686033,
GSE38983,0.012895519785366088,-0.13319865069116538,
GSE35553,0.012894720451706638,-0.13328807945927862,
GSE102757,0.01289369579335554,-0.13340272546998874,
GSE74890,0.012891919729183457,-0.1336014656532647,
GSE87808,0.012891151345378013,-0.1336874556815848,
GSE66793,0.012889238309358626,-0.13390156629979022,
GSE74148,0.012888716590709094,-0.13395996355523115,
GSE106586,0.012881373006375568,-0.1347821999659502,"new,targets"
GSE57533,0.012879880996349066,-0.13494931259706444,
GSE85731,0.012872944325601815,-0.1357265089321655,
GSE90885,0.012871112072468537,-0.1359318675961324,
GSE104264,0.012865987702595425,-0.136506361471971,
GSE90800,0.012865983743945736,-0.13650680536522558,
GSE81316,0.012862803112329525,-0.13686350166098254,profiling
GSE65408,0.012860136230460877,-0.1371626507752457,
GSE77703,0.012859439609440674,-0.13724080227336732,
GSE85954,0.012859368197418689,-0.13724881397987815,
GSE55798,0.012858402842813112,-0.13735712136784262,targets
GSE112204,0.012857635778525955,-0.13744318748865927,
GSE86039,0.012855404657577528,-0.13769355283491194,
GSE86031,0.012855404657577528,-0.13769355283491194,
GSE86030,0.012855404657577528,-0.13769355283491194,
GSE86028,0.012855404657577528,-0.13769355283491194,
GSE52594,0.012854809592104277,-0.1377603354761672,
GSE74558,0.012849782717186746,-0.1383246118918272,
GSE89549,0.01284892117018051,-0.1384213443651304,
GSE102903,0.012848120116101244,-0.13851129065389878,
GSE60837,0.012847451772414318,-0.13858633985904126,
GSE85951,0.01284669998738855,-0.13867076346943608,
GSE71233,0.01284422333719508,-0.13894892014898116,
GSE71234,0.01284396144767385,-0.13897833652983607,
GSE105158,0.012843218710013444,-0.1390617667804957,
GSE71229,0.012839340845198423,-0.13949743802800965,
GSE100212,0.012839312752353933,-0.13950059468941922,"new,targets"
GSE108811,0.012833756521292376,-0.14012505817200896,
GSE56473,0.012833562507340837,-0.1401468682383769,
GSE77720,0.012833149137255813,-0.14019333831058772,
GSE88905,0.012829510760914212,-0.14060242042139884,
GSE59831,0.012828035617443107,-0.14076831174563734,
GSE82005,0.01282463033639045,-0.1411513348688635,
GSE42605,0.012822292106922324,-0.1414143958326051,
GSE81941,0.01282205565468847,-0.14144100040593008,
GSE78696,0.012815545681778107,-0.14217366690719097,
GSE74490,0.012804776516503096,-0.1433865027280329,
GSE96738,0.012785929130351653,-0.1455115739023866,
GSE87388,0.012783966282195898,-0.14573306806653544,
GSE86895,0.012767328178496953,-0.1476119328047459,
GSE65267,0.01275831445715507,-0.1486308338217371,
GSE72737,0.012752093150071562,-0.14933450341364252,
GSE98782,0.012747848833123883,-0.14981475980583028,
GSE86301,0.012664738196327607,-0.15925132216009194,
