ID,prob,log2(prob/prior),related_words
GSE78696,0.01601852408221698,1.7128495383751532,"cancer,colorectal"
GSE90153,0.013949939572534487,1.5133671845048495,colon
GSE85731,0.01379808458396503,1.4975763213510707,"cancer,colon,colonic,colorectal"
GSE81066,0.01322803026354936,1.436706563105451,"colon,colonic"
GSE72560,0.012948525541043514,1.405896138238625,"colon,enteric"
GSE98496,0.012662801671102116,1.3737049511616495,"adenoma,apcmin,colon"
GSE67186,0.011854871023082234,1.2785882786915925,"apc,cancer,colon,colorectal,tumors"
GSE60837,0.011370971914135275,1.2184638831728956,"cancer,colorectal,tumors"
GSE53190,0.010403429176437592,1.0901674594470039,"cancer,colon,colorectal,tumors"
GSE71513,0.009962090417851845,1.027628722172628,"cancer,colon,colorectal,tumors"
GSE78902,0.009674064098894136,0.9853023138204388,colon
GSE86895,0.009072931242203973,0.8927489424735772,"cancer,colon,colorectal"
GSE106330,0.008901160094333973,0.8651735926972142,"cancer,colon,colorectal,serrated,tumors"
GSE100276,0.008684939595031109,0.8296960317494645,"cancer,colonic,colorectal,stage"
GSE63256,0.008186922181042177,0.7445013991079004,"colon,colonic"
GSE73100,0.008002062030320051,0.711552029123245,"colon,colonic"
GSE99670,0.007960172231597857,0.7039798631437488,"colon,samples"
GSE68156,0.00788109257323338,0.689575864464229,"colon,samples"
GSE67634,0.007847378384646365,0.6833909826272028,"apc,apcmin,colon,colonic,colorectal,samples"
GSE90800,0.007471171847172039,0.6125147632203222,"apcmin,cancer,colon,samples"
GSE97013,0.007269149450083982,0.5729667838297612,"cancer,colon,colonic,colorectal,samples,tumors"
GSE38983,0.006996955489494999,0.5179075310312848,"adenoma,apc,apcmin,cancer,colon"
GSE101678,0.006970193053654248,0.512378831941161,"colon,colonic"
GSE86111,0.006965530869706967,0.5114135272396068,colonic
GSE112204,0.006799887457664403,0.47669108599151433,"cancer,colon"
GSE76095,0.006767415341638396,0.46978515179002417,"apc,apcmin,cancer,colon,2lane,samples,tumors"
GSE89992,0.006650229101701986,0.4445842595227555,"apc,cancer,colorectal,samples"
GSE95661,0.006563516813845787,0.42564925286232086,"apcmin,cancer,colon"
GSE71304,0.006553219166930926,0.42338399918779585,colonic
GSE71924,0.006527480676987626,0.4177064987226873,colon
GSE100473,0.006497098988012325,0.41097590278099566,colon
GSE104803,0.006424151343644182,0.3946860979729842,colon
GSE83552,0.006405228193366949,0.39043018601991225,"colon,colonic"
GSE82180,0.006320841520936764,0.37129686033681003,"colon,colonic,ii"
GSE90055,0.00626740300436392,0.35904798070720706,femur
GSE84857,0.0062389160988986815,0.3524756250871369,"colon,colorectal"
GSE98802,0.00623784260470787,0.35222736754106765,enteric
GSE74215,0.00622704811431204,0.3497286434034845,"enteric,samples"
GSE57776,0.006207394854779394,0.3451681361502004,colon
GSE59283,0.006175845857379021,0.3378169618281651,"apc,cancer,colorectal,stage,tumors"
GSE67790,0.006138698132175524,0.3291129446046955,"cancer,colon"
GSE53105,0.0060453954974044165,0.3070169424170935,femur
GSE57533,0.005952991006104521,0.2847949316403061,"cancer,colon,tumors"
GSE64054,0.005889300771722621,0.2692765720242926,colon
GSE87027,0.005766004453937602,0.23875216816447303,"colon,samples"
GSE92332,0.005753831775135919,0.2357032585222835,"enteric,samples"
GSE58765,0.00575081057000575,0.23494553348777372,"colon,enteric"
GSE33921,0.005735300177097595,0.23104921365860154,stage
GSE99808,0.005684938713913074,0.21832501325225412,"cancer,colorectal,tumors"
GSE49109,0.005666378129967261,0.21360709608959672,"colon,colonic,samples"
GSE106594,0.0056536778480943475,0.21036989630910877,colonic
GSE65408,0.005639356801456418,0.20671084191294936,"cancer,colon,colonic,samples"
GSE83550,0.0055961188912574955,0.19560683025024858,colon
GSE70014,0.005586108692086429,0.19302386215155087,"cancer,femur"
GSE71734,0.005585920186587451,0.19297517700196237,"colon,colonic"
GSE47033,0.00556471650578866,0.18748840833533684,stage
GSE95663,0.005562372249500599,0.18688051402519432,apcmin
GSE84892,0.005544270674827065,0.18217790941021592,stage
GSE74344,0.005450278367446237,0.1575101328835742,"samples,stage"
GSE56175,0.005423570584854368,0.15042317349143636,"cancer,colon"
GSE82229,0.0054155395965745975,0.1482853099784894,"apc,samples"
GSE60647,0.005403091877827881,0.1449654316605387,"cancer,colon"
GSE74938,0.0053741881744930374,0.13722705440052138,stage
GSE98356,0.005346001339335353,0.12964041594444267,colon
GSE78140,0.005315265609825883,0.12132200358295693,"samples,stage"
GSE71257,0.005272962014365158,0.10979382071905137,"samples,stage"
GSE84138,0.005268899319577665,0.10868182925434398,"apcmin,samples,tumors"
GSE54107,0.005246581655512685,0.10255797592019351,colorectal
GSE53001,0.00523767336536873,0.1001063092866074,"cancer,colon,tumors"
GSE97875,0.005235485609805486,0.09950357535405463,colonic
GSE84264,0.005214413339782786,0.09368516489572816,"colon,tumors"
GSE65936,0.005207600984913663,0.09179912795891579,"cancer,colon,samples,tumors"
GSE77941,0.00517749317982807,0.08343396494840245,stage
GSE87795,0.005162847396070193,0.07934717233810586,"samples,stage"
GSE104507,0.005161443995595237,0.07895495579921506,colon
GSE81115,0.005125306708644264,0.06881855789390985,"colon,samples"
GSE44553,0.0051152095955633,0.06597357249334682,stage
GSE101623,0.005109681360295352,0.06441354443681305,"enteric,samples"
GSE101624,0.005107882022287133,0.06390542015101693,"enteric,samples"
GSE48808,0.005092739465251869,0.059622130546554394,"colon,samples"
GSE81117,0.00509012931239666,0.058882524695812274,"colon,samples"
GSE29446,0.0050544934744216116,0.04874673960584364,stage
GSE52023,0.005051196653439749,0.0478054268622728,"samples,stage"
GSE51144,0.005035065285615541,0.043190701536607035,"cancer,stage,tumors"
GSE81836,0.005025422484605569,0.04042510492235639,"adenoma,apcmin"
GSE63796,0.00501560991447817,0.03760536483885177,stage
GSE104443,0.00501259416419937,0.03673765052653655,"cancer,stage"
GSE57919,0.005011619190915496,0.03645701222081633,colonic
GSE100934,0.00498297404845343,0.028187277346776722,stage
GSE58827,0.004982469662006046,0.028041237521938923,stage
GSE70605,0.004980067567350982,0.027345533198034063,"samples,stage"
GSE87388,0.004976474912164443,0.02630438742743034,cancer
GSE89627,0.004972058798395282,0.025023574387320027,enteric
GSE93946,0.004971012996975681,0.02472009221230856,cancer
GSE94583,0.004966365508726118,0.023370660119081118,"cancer,stage,tumors"
GSE47735,0.004953800178453599,0.019715892661014454,serrated
GSE76184,0.004948652087372497,0.018215834707186913,"cancer,samples,stage,tumors"
GSE84447,0.004946442959039312,0.017571657257859828,"cancer,samples,tumors"
GSE80010,0.004946307130919584,0.017532040659244366,apc
GSE74490,0.00494469035137646,0.017060395639816598,"cancer,samples"
GSE84922,0.004942311428338248,0.016366138551048095,stage
GSE106332,0.004936891830930732,0.014783252384503474,stage
GSE68715,0.00493515852169859,0.01427664300349109,"samples,stage"
GSE106612,0.004932584328846488,0.013523932803699233,stage
GSE89712,0.004930969899125322,0.013051662926217844,ii
GSE68139,0.004925378468188228,0.011414803056995309,stage
GSE93010,0.0049238978891447596,0.010981060722584075,ii
GSE82005,0.0049199450465292165,0.009822418354427657,"cancer,samples,stage"
GSE89509,0.004918189212016692,0.009307456125987872,"samples,stage,tumors"
GSE108478,0.004916165305183915,0.008713643814872865,stage
GSE80102,0.004914752703557866,0.008299042986574787,ii
GSE54952,0.004912758081430343,0.007713415241299957,"samples,stage"
GSE44346,0.004910927549399773,0.007175755627077308,"ii,samples"
GSE86301,0.0049072384421479836,0.006091590418928272,cancer
GSE72855,0.004906427002637098,0.005853012943959107,"cancer,ii"
GSE90891,0.0049059987432090585,0.005727081238702544,"cancer,samples,tumors"
GSE59831,0.0049057800378380315,0.005662765652040942,cancer
GSE62266,0.004903417357347698,0.004967779639382868,ii
GSE72851,0.004903365398231564,0.004952492024465186,"cancer,ii"
GSE66630,0.004902829122290552,0.004794697348905849,"samples,stage"
GSE95053,0.00490252968564255,0.004706583129787774,stage
GSE46316,0.0048998200344217225,0.003908978353374665,ii
GSE80041,0.004898765130647708,0.003598340761594589,ii
GSE108811,0.0048984384613917475,0.0035021328771031807,cancer
GSE93581,0.0048934191320601905,0.0020230749761144923,stage
GSE89532,0.004893397178957745,0.0020166026707143904,stage
GSE43351,0.0048931470065934,0.0019428437579372276,stage
GSE40171,0.00489119117619918,0.001366071615472434,cancer
GSE75470,0.004881626054850208,-0.0014579978858449917,stage
GSE60450,0.004881604489052179,-0.0014643713643219514,stage
GSE80101,0.004878933461320397,-0.002253975088728248,ii
GSE89549,0.00487784099012435,-0.0025770537437246324,cancer
GSE75667,0.004871508440426415,-0.004451217634409002,"colorectal,ii,samples"
GSE94082,0.00487121500856123,-0.0045381199670238475,"stage,tumors"
GSE72909,0.004869486379694383,-0.005050174329541331,colonic
GSE81492,0.004868988327358231,-0.0051977411010759485,stage
GSE64771,0.004863112046346786,-0.0069399513493898675,"cancer,samples"
GSE51372,0.004860379158870192,-0.007750920008772801,"cancer,tumors"
GSE92762,0.004859440504555167,-0.008029565493256608,apc
GSE104396,0.004859015077651418,-0.008155873892672487,stage
GSE38148,0.004857161350443629,-0.00870637091216963,ii
GSE47948,0.004857140011401335,-0.008712709140591333,stage
GSE99938,0.004856373254143031,-0.008940473671544893,"samples,stage"
GSE104513,0.004855752158381234,-0.009124995954489718,stage
GSE85627,0.004854665062223635,-0.009448019817720154,stage
GSE75946,0.004852263301159623,-0.010161944700534921,"cancer,tumors"
GSE95519,0.004851542394806063,-0.010376303490421363,stage
GSE95224,0.00485009361649666,-0.010807188610297025,ii
GSE54461,0.004849216200294155,-0.011068205946893752,"ii,samples,stage"
GSE60648,0.004848598037075697,-0.01125212801203314,cancer
GSE64138,0.004847939198561094,-0.011448178011353324,"samples,stage"
GSE107470,0.004846129734670023,-0.011986755698517034,cancer
GSE80378,0.004845590649566323,-0.012147250507631014,stage
GSE81941,0.004845140592174589,-0.012281253928309971,"cancer,tumors"
GSE108769,0.004844247170942485,-0.012547304666735478,stage
GSE43390,0.004844128234843388,-0.012582726192671801,ii
GSE85513,0.004842552413139383,-0.013052119220142416,stage
GSE78728,0.004842542243837757,-0.013055148865498346,stage
GSE78966,0.004841377553156266,-0.013402176415020424,"ii,stage"
GSE93252,0.004839838164457312,-0.013860975914066107,stage
GSE20898,0.0048380769245999836,-0.014386074969524517,stage
GSE85360,0.00483605082287936,-0.014990376881535039,"ii,stage"
GSE99397,0.004831327945262477,-0.01639999841847688,ii
GSE101391,0.004830767304998075,-0.01656742233826508,stage
GSE78795,0.004830489862863304,-0.01665028202932266,ii
GSE90752,0.004830064362590617,-0.016777369382568345,stage
GSE90047,0.00482938696352695,-0.016979716335508495,stage
GSE77304,0.00482828988020115,-0.017307488056594628,"apc,ii"
GSE35005,0.00482727896575939,-0.017609581341927957,stage
GSE87315,0.004826839957713875,-0.01774079056684685,"samples,stage"
GSE32110,0.004825398408079511,-0.01817171994205272,ii
GSE76030,0.0048249036174051125,-0.018319659778748658,stage
GSE44067,0.004822036587674015,-0.019177185503793784,"ii,stage"
GSE60556,0.004821847509274667,-0.01923375658373856,cancer
GSE94920,0.004821744841919899,-0.019264474946397877,"cancer,ii,stage,tumors"
GSE72312,0.004819622373420844,-0.019899670092294403,stage
GSE39509,0.004818069252610813,-0.020364652745169003,"cancer,samples,tumors"
GSE42605,0.00481796259918056,-0.020396588790481573,cancer
GSE74290,0.004817835232864712,-0.020434727978426975,stage
GSE87043,0.004816933558310407,-0.020704758622645574,"stage,tumors"
GSE75417,0.004815852515380539,-0.021028572578135677,stage
GSE80436,0.004815193758044437,-0.02122593139387494,"cancer,tumors"
GSE77623,0.004813659084786641,-0.02168581286746161,"cancer,tumors"
GSE69054,0.004813607088844669,-0.02170139658277121,stage
GSE70355,0.004812672256677011,-0.0219816040623539,stage
GSE76362,0.00481033278657948,-0.022683077658042155,"cancer,samples,tumors"
GSE78228,0.004810252085191028,-0.022707281486492818,stage
GSE27037,0.004810229722407928,-0.022713988567681465,ii
GSE82255,0.004809490881704151,-0.022935600372287424,"ii,samples"
GSE77454,0.004809047873906512,-0.023068494810709005,ii
GSE76606,0.004808769336841011,-0.023152057231247688,"samples,stage"
GSE72917,0.004808413273857076,-0.023258884838083433,stage
GSE93017,0.004808323551473628,-0.02328580499613958,"cancer,samples,tumors"
GSE94566,0.004808292137308977,-0.023295230569755583,cancer
GSE89683,0.004808123237460465,-0.023345908699679247,stage
GSE22182,0.004808092925088587,-0.023355004066889277,stage
GSE75054,0.004807716949452133,-0.02346782206008195,stage
GSE82185,0.004806864904456941,-0.023723525555267543,"ii,stage"
GSE73560,0.004806484595189343,-0.023837673136123453,stage
GSE76062,0.004805892479910017,-0.02401541101958856,"ii,samples,tumors"
GSE89622,0.004805024035064023,-0.024276135597532878,"samples,stage"
GSE52332,0.004804829594011489,-0.02433451716151933,"cancer,tumors"
GSE67324,0.004804385333988462,-0.024467916557275367,"apc,tumors"
GSE29362,0.004804109869632084,-0.024550637327297255,"ii,samples"
GSE73562,0.004803577933456098,-0.024710388913668047,stage
GSE46066,0.004803071023436455,-0.02486264108307201,ii
GSE73559,0.004802810912559564,-0.024940772518532925,stage
GSE75901,0.004802666697789967,-0.024984093203120603,stage
GSE59813,0.004802261822816253,-0.02510572057720256,ii
GSE81316,0.004801645589617191,-0.025290861175369106,"cancer,tumors"
GSE73561,0.00480159428662399,-0.02530627567606447,stage
GSE90024,0.004801483525919427,-0.02533955540623519,"samples,tumors"
GSE31223,0.004800264373840641,-0.025705918840470025,"cancer,samples,tumors"
GSE78224,0.004799834753062719,-0.025835044958438507,ii
GSE50807,0.00479828104337882,-0.026302121897925343,"ii,stage"
GSE61996,0.0047977577745023136,-0.02645946128103193,stage
GSE66734,0.004797509667461665,-0.026534069477082277,stage
GSE53401,0.004797271465992968,-0.026605702601989033,stage
GSE76033,0.004797226890948167,-0.02661910782520956,"cancer,tumors"
GSE67572,0.00479705755897131,-0.02667003281176304,stage
GSE45180,0.004797051760735561,-0.02667177660802023,"samples,tumors"
GSE61994,0.00479587278828539,-0.027026391659369285,stage
GSE67071,0.004795736761842843,-0.027067311730829557,cancer
GSE102566,0.004795706320161979,-0.027076469489811943,stage
GSE67404,0.004795487893970193,-0.027142180260902316,stage
GSE77303,0.004795457736510733,-0.027151252988219406,apc
GSE42671,0.004793915558012348,-0.027615286084571474,"samples,stage"
GSE96539,0.004793734666319528,-0.02766972518948123,"samples,stage"
GSE81530,0.004793679908393302,-0.027686204916732373,stage
GSE83688,0.00479363392211986,-0.027700044907748994,tumors
GSE39918,0.004793632817480578,-0.02770037736071122,"samples,stage"
GSE98003,0.00479170845225845,-0.02827965192632068,stage
GSE76294,0.004791214240005477,-0.02842845779485142,ii
GSE90736,0.004790740138965109,-0.028571222661667624,"samples,stage"
GSE95376,0.0047898056042784175,-0.02885267814415028,stage
GSE85810,0.004789757483967831,-0.02886717211069352,"cancer,tumors"
GSE94324,0.004789159828788458,-0.029047199589041693,stage
GSE67052,0.004788170456477167,-0.02934527065679341,"samples,stage"
GSE61997,0.004787499809840445,-0.02954735334169397,stage
GSE66882,0.0047874642796906655,-0.029558060258275662,cancer
GSE64218,0.004786477560242554,-0.02985543730179222,"cancer,stage"
GSE44575,0.004786430995663014,-0.029869472427604,ii
GSE80304,0.004785905053723029,-0.03002800715213969,ii
GSE62659,0.0047858130286213,-0.0300557480773872,stage
GSE76678,0.004785443669063663,-0.030167096716171533,"samples,stage"
GSE98063,0.004784904293583332,-0.030329714488171577,ii
GSE102455,0.004784263662658142,-0.03052288385554346,"samples,stage"
GSE100874,0.004783990136830936,-0.03060536794571156,stage
GSE67207,0.0047829249100976665,-0.030926641276627927,"cancer,tumors"
GSE76642,0.0047826268275292854,-0.03101655605731453,stage
GSE70713,0.004782304611801017,-0.031113756761029635,stage
GSE84899,0.004782290748071706,-0.031117939088200472,stage
GSE54246,0.00478195401504987,-0.031219526421636522,cancer
GSE90742,0.004781837421833806,-0.03125470252428039,stage
GSE70046,0.004781570733728679,-0.03133516538868447,"cancer,samples,tumors"
GSE97721,0.00478125769102221,-0.03142961969452614,"samples,stage"
GSE57419,0.0047812309220460905,-0.03143769697872685,"ii,samples"
GSE76075,0.004780416481182362,-0.03168346839205934,"cancer,tumors"
GSE90885,0.004779986469732117,-0.03181324856772722,"cancer,ii"
GSE67647,0.0047799581864268045,-0.031821785057379,"cancer,tumors"
GSE97859,0.004779487716584105,-0.03196379004728841,stage
GSE87862,0.004778722072503926,-0.032194919295191075,"samples,stage"
GSE96700,0.004778092709920873,-0.03238493622017596,stage
GSE55870,0.004777895368002524,-0.03244452277568035,"cancer,tumors"
GSE53913,0.0047776841084062865,-0.032508314442660634,stage
GSE101696,0.00477731982561878,-0.03261831941490344,stage
GSE87104,0.004776324384478978,-0.032918962388308035,stage
GSE90625,0.004776181669689978,-0.03296207022141486,"cancer,tumors"
GSE41286,0.004775768357843608,-0.033086920738796606,"cancer,tumors"
GSE74178,0.004775219621958246,-0.033252695953489446,cancer
GSE41979,0.00477492670510223,-0.03334119505732052,stage
GSE76097,0.004774918210115862,-0.03334376173244746,"ii,samples"
GSE60843,0.0047742533066350455,-0.03354466983307409,ii
GSE80561,0.004773902452487707,-0.03365069565658127,stage
GSE70981,0.004773775758136158,-0.03368898377410413,stage
GSE47083,0.004773271644537048,-0.0338413412851715,stage
GSE94271,0.004773106344801494,-0.03389130308409346,stage
GSE95487,0.004773084947534215,-0.03389777052863691,stage
GSE88732,0.004772860422965564,-0.03396563609233708,stage
GSE70351,0.004772580850374774,-0.03405014512211707,cancer
GSE89823,0.004772271190161611,-0.03414375479823366,"cancer,tumors"
GSE52623,0.004772190939146846,-0.03416801551391612,cancer
GSE84665,0.004772054737086809,-0.03420919174580568,stage
GSE65542,0.004770897302563034,-0.03455915160075492,stage
GSE47540,0.0047704045355302215,-0.034708169537142945,"cancer,ii"
GSE69221,0.004770326425509101,-0.034731792242903625,stage
GSE77107,0.004770154942805887,-0.03478365487666411,tumors
GSE52594,0.004770122687831299,-0.03479341016758627,"cancer,samples,tumors"
GSE80810,0.004770073616021661,-0.03480825171888299,stage
GSE71843,0.00476934252224066,-0.03502938587616328,tumors
GSE75522,0.004769288737651378,-0.03504565545575372,stage
GSE83351,0.004769044001610532,-0.03511968924807055,ii
GSE66457,0.004768396552970424,-0.035315563799194157,"cancer,tumors"
GSE75760,0.0047683524797263845,-0.035328898374822504,cancer
GSE83240,0.00476816972160418,-0.03538419405411785,"cancer,samples"
GSE61887,0.004768003960561395,-0.0354343488944957,ii
GSE74868,0.004767992588224704,-0.03543778992211444,ii
GSE85674,0.0047674137613892935,-0.03561294147316277,stage
GSE49622,0.004765763407713736,-0.036112451142392706,ii
GSE60520,0.004765625386772728,-0.036154233537684405,stage
GSE72491,0.004765357891914069,-0.03623521437562491,stage
GSE81275,0.004764418707038616,-0.03651957725708613,stage
GSE84234,0.00476364973624842,-0.036752445094805235,cancer
GSE87800,0.0047636472562083785,-0.036753196187475315,stage
GSE67672,0.004763634571021845,-0.03675703796649192,tumors
GSE98960,0.004763400659484345,-0.03682788120514096,cancer
GSE33306,0.0047630038234168235,-0.036948076275173464,stage
GSE77729,0.004762122227775665,-0.037215132827782715,cancer
GSE21161,0.00476210555235834,-0.03722018468971539,ii
GSE57482,0.004761938156654599,-0.03727089864253965,stage
GSE61851,0.004761850787821769,-0.03729736848192602,"samples,tumors"
GSE86389,0.004761781366073703,-0.03731840130008797,"cancer,tumors"
GSE72403,0.004761456958695668,-0.03741669158743343,"samples,tumors"
GSE79903,0.004761446411024173,-0.03741988747691538,"samples,stage"
GSE87681,0.004761414936057813,-0.037429424269739504,"cancer,samples,tumors"
GSE104658,0.004761256877475666,-0.03747731636076584,"ii,samples"
GSE78156,0.004760963001783262,-0.03756636555508816,tumors
GSE72628,0.004760796539775783,-0.03761680873455771,cancer
GSE104657,0.0047607541663932116,-0.03762964947254022,"ii,samples"
GSE97654,0.0047606061064028446,-0.03767451814839188,"cancer,tumors"
GSE53595,0.004760518152749894,-0.0377011726264743,"samples,stage"
GSE101859,0.004759926724702519,-0.03788041851741167,"cancer,tumors"
GSE90712,0.004759532843449946,-0.03799980565825564,stage
GSE108069,0.0047594707793998875,-0.03801861844597699,"ii,samples"
GSE62771,0.0047592587253295505,-0.03808289789746768,"cancer,ii"
GSE49761,0.004759241898254655,-0.038087998771746984,stage
GSE67681,0.004758936700105654,-0.03818051812335468,"cancer,tumors"
GSE42350,0.0047574985053672495,-0.03861657981829097,ii
GSE89314,0.004757492525584241,-0.0386183931680384,ii
GSE66953,0.004756971602968199,-0.038776370005293305,ii
GSE100601,0.004756857474136416,-0.03881098342924918,stage
GSE75738,0.004756717430693112,-0.038853457469386274,ii
GSE89848,0.004755696739818066,-0.039163062506123454,stage
GSE67834,0.004755110895323666,-0.03934079608676066,apc
GSE79374,0.004753754770761994,-0.039752301362346705,stage
GSE49313,0.004753410595435564,-0.03985675732113719,ii
GSE77514,0.004752617890985965,-0.040097369009312024,apc
GSE93006,0.004752589903173599,-0.04010586495784477,cancer
GSE76223,0.0047524036872538915,-0.04016239372482933,stage
GSE89928,0.004752229624496525,-0.040215235211428016,"cancer,tumors"
GSE81212,0.004751658295587374,-0.04038869125212899,cancer
GSE94364,0.004751555402900909,-0.04041993179311271,ii
GSE93007,0.004751329636424346,-0.04048848195968851,cancer
GSE39160,0.004750865426376721,-0.04062944171261821,stage
GSE72823,0.004750236963717555,-0.04082029955749952,"cancer,tumors"
GSE76315,0.004750016246372156,-0.04088733520647876,ii
GSE65976,0.004749977651767899,-0.04089905737067472,"ii,samples"
GSE63800,0.004749343140595743,-0.041091788228559925,"cancer,ii"
GSE88989,0.004749264175590675,-0.04111577541266505,"cancer,tumors"
GSE40478,0.004748806313336752,-0.04125486800087593,stage
GSE83760,0.004748763382138522,-0.04126791062731035,"cancer,samples,tumors"
GSE92721,0.0047485008575084975,-0.04134766896031795,"cancer,tumors"
GSE106510,0.004748459370850513,-0.04136027353995165,ii
GSE93774,0.004748053101131457,-0.041483713236583925,cancer
GSE94373,0.004747955302396583,-0.041513429669808435,cancer
GSE85462,0.004747776732268133,-0.04156769030771539,"cancer,samples"
GSE83651,0.004747309112969797,-0.041709791612384965,cancer
GSE39438,0.004747000815696315,-0.04180348540394443,"cancer,tumors"
GSE85535,0.004746895831194193,-0.04183539234926328,cancer
GSE95537,0.004744924198986599,-0.04243474295646358,cancer
GSE76010,0.004744399034676182,-0.04259442809488875,stage
GSE71877,0.004744108810613436,-0.04268268323953906,"cancer,tumors"
GSE80776,0.00474321689633709,-0.042953942042476496,"cancer,samples"
GSE69654,0.004743205352636791,-0.042957453174226404,"cancer,samples"
GSE98901,0.004743031905330536,-0.04301020993369008,"samples,stage"
GSE106700,0.0047428506567125835,-0.043065341647710344,ii
GSE54098,0.004742167602717665,-0.04327313009595129,tumors
GSE49027,0.004739980431777867,-0.04393867986651061,ii
GSE56905,0.004739585003153039,-0.044059040429515826,tumors
GSE71076,0.004739418079102425,-0.044109851785512015,cancer
GSE55782,0.004739380131840204,-0.04412140310790603,ii
GSE101748,0.00473930714386669,-0.04414362124515913,"samples,stage"
GSE71629,0.0047392800318541775,-0.04415187445110117,"cancer,tumors"
GSE41792,0.004738753646888325,-0.04431212139816948,cancer
GSE104189,0.0047386260786934165,-0.044350959559667606,ii
GSE98860,0.0047385088118344874,-0.044386662399777156,cancer
GSE65924,0.004737730785709317,-0.04462356110277715,"ii,samples"
GSE74315,0.004737263023248912,-0.044766007334636614,stage
GSE52123,0.004737204891312554,-0.04478371105310555,ii
GSE73225,0.004736872109792765,-0.04488506177010763,stage
GSE97939,0.004736586761524939,-0.04497197206055902,"cancer,tumors"
GSE98048,0.004735771447059086,-0.045220326295830816,"cancer,tumors"
GSE76356,0.004735730319731212,-0.04523285528931668,"cancer,tumors"
GSE85131,0.004735542118708637,-0.045290190073794534,cancer
GSE81380,0.004735504773368228,-0.04530156747230667,tumors
GSE93309,0.004734990781568128,-0.04545816612493016,cancer
GSE109522,0.004734489055601734,-0.04561104412387528,cancer
GSE86280,0.0047342262489841625,-0.04569112886436738,cancer
GSE71281,0.00473414455924525,-0.04571602298472032,ii
GSE63418,0.004733999245238386,-0.04576030701787822,tumors
GSE102345,0.004733522267458811,-0.045905674203337854,"cancer,tumors"
GSE49087,0.004733415359804984,-0.04593825815985858,"cancer,tumors"
GSE73077,0.004732974834398852,-0.04607253190227412,"ii,samples"
GSE81079,0.004732277300570528,-0.04628516830803449,cancer
GSE69751,0.004732093910698718,-0.046341078130829015,"samples,tumors"
GSE63312,0.0047320591987623254,-0.046351660955919666,"cancer,tumors"
GSE98760,0.0047319990659122945,-0.046369994182979074,cancer
GSE64608,0.00473187381254113,-0.0464081820199809,tumors
GSE80288,0.004731605424922292,-0.046490012703416,"samples,stage"
GSE36026,0.004731415529583218,-0.04654791409987788,"ii,samples"
GSE74001,0.004731316246964222,-0.04657818750199035,"cancer,tumors"
GSE49088,0.004731189174404206,-0.046616935580647285,"cancer,samples,tumors"
GSE86573,0.004731164956372636,-0.046624320473151334,"samples,tumors"
GSE78128,0.004731148993308479,-0.04662918816906997,"ii,samples"
GSE76102,0.004731127184647604,-0.04663583841818571,ii
GSE81282,0.004730931857415252,-0.046695402119543324,"samples,stage"
GSE75631,0.004730828413552342,-0.04672694761293203,ii
GSE49571,0.004730819095515478,-0.04672978920802669,cancer
GSE98142,0.004730145688613189,-0.04693516378075597,stage
GSE90478,0.004729970713882016,-0.04698853208326575,ii
GSE89307,0.004729492483657632,-0.047134405133205576,tumors
GSE92999,0.004729408130885301,-0.04716013652235741,cancer
GSE61608,0.0047292519674556254,-0.047207774602854975,ii
GSE90497,0.0047285038298650285,-0.047436017838827255,cancer
GSE70596,0.004728286443557563,-0.047502345237178153,ii
GSE69926,0.0047281285834213874,-0.047550512335382995,cancer
GSE109279,0.004727820527196939,-0.04764451266941301,cancer
GSE72537,0.004727791381035719,-0.04765340665166638,cancer
GSE104264,0.004727156285770729,-0.04784722026607431,"cancer,samples"
GSE103725,0.004727108452781475,-0.047861818633752,tumors
GSE85648,0.00472657750722929,-0.04802387024392095,cancer
GSE103525,0.004726470364724231,-0.04805657376194336,"cancer,tumors"
GSE86065,0.004726389718158649,-0.04808119031168856,cancer
GSE98469,0.0047262358545276635,-0.04812815679644107,"cancer,tumors"
GSE60982,0.0047257449241800194,-0.048278022268067974,"cancer,tumors"
GSE54631,0.00472565654494088,-0.04830500330161001,"cancer,samples"
GSE103712,0.004725419087408597,-0.0483774985005999,tumors
GSE67113,0.004725167195628262,-0.04845440442189045,"cancer,tumors"
GSE98831,0.004724997995707285,-0.0485060657171156,"cancer,samples"
GSE103713,0.004724901687409352,-0.048535472061836386,tumors
GSE89419,0.0047248227022991226,-0.048559589469315274,"samples,tumors"
GSE83580,0.004724807986633676,-0.04856408281265573,"cancer,tumors"
GSE103524,0.004724165242783743,-0.04876035458605914,"cancer,tumors"
GSE79180,0.004724054653198443,-0.048794127518537476,ii
GSE63180,0.004723962856897606,-0.048822161773946667,cancer
GSE23619,0.004723567605525096,-0.04894287632419347,"ii,samples"
GSE85049,0.004723425997399403,-0.048986127616464585,"cancer,tumors"
GSE43028,0.004723240995721061,-0.04904263453136457,"samples,tumors"
GSE81470,0.004722642102310612,-0.04922557572287983,ii
GSE62479,0.004722266655651639,-0.04934027350285517,ii
GSE106789,0.004722256223683037,-0.049343460566841815,ii
GSE66040,0.004721868003831834,-0.04946207036928143,ii
GSE85532,0.004721679648883847,-0.049519620510269986,ii
GSE70016,0.00472161879350639,-0.049538214807973296,"cancer,samples,tumors"
GSE119498,0.00472104640700014,-0.04971311864232863,"ii,samples"
GSE66054,0.004720957823105826,-0.049740189069733196,"cancer,tumors"
GSE54704,0.004720898143656042,-0.04975842684979475,"samples,tumors"
GSE70481,0.004720748062156732,-0.0498042921216091,ii
GSE48966,0.004720558277471491,-0.04986229287159473,ii
GSE85266,0.00472054141163149,-0.049867447411750164,"ii,samples"
GSE52856,0.004720454961668366,-0.049893868549552946,"ii,samples"
GSE82127,0.004720166855066162,-0.049981924182846214,"ii,samples"
GSE94263,0.004720033973919689,-0.050022539202490224,"samples,tumors"
GSE94264,0.004719934603405216,-0.05005291247063664,"samples,tumors"
GSE72402,0.004719911851945263,-0.050059866697827055,"ii,samples"
GSE79535,0.00471989411524763,-0.050065288132506235,cancer
GSE71362,0.004719710818226506,-0.05012131626192096,tumors
GSE39978,0.004719523334580219,-0.050178626361957045,ii
GSE73352,0.0047186706938590305,-0.050439290751724646,"ii,samples"
GSE94839,0.0047185673756668205,-0.050470879791323434,cancer
GSE85951,0.0047185286042954015,-0.05048273412986013,cancer
GSE72178,0.004718517406700477,-0.05048615781024656,"cancer,samples"
GSE99364,0.004718421635347376,-0.050515440367984395,ii
GSE75767,0.004718272985468961,-0.05056089196964233,ii
GSE84517,0.0047181543491840285,-0.05059716755867195,cancer
GSE85019,0.004717856990221827,-0.05068809544861263,ii
GSE41937,0.004717709022637115,-0.05073334384185218,ii
GSE76838,0.0047175438092545595,-0.050783867666061785,ii
GSE84527,0.004717404610867509,-0.05082643723057228,cancer
GSE107289,0.004717210604292786,-0.05088577029650214,"cancer,samples,tumors"
GSE96998,0.004716754991100507,-0.05102512015673406,cancer
GSE47793,0.004716621631630626,-0.051065910862662676,ii
GSE77472,0.004716565727390323,-0.051083010654531795,"ii,samples"
GSE57609,0.004716289692035353,-0.051167446346616956,ii
GSE86031,0.0047162502456570485,-0.05117951289385385,cancer
GSE86028,0.0047162502456570485,-0.05117951289385385,cancer
GSE86039,0.0047162502456570485,-0.05117951289385385,cancer
GSE86030,0.0047162502456570485,-0.05117951289385385,cancer
GSE84553,0.0047162250616354555,-0.051187216675073095,"ii,samples"
GSE90697,0.0047160322117646815,-0.05124621073008579,ii
GSE58017,0.004715866165280538,-0.0512970073840953,cancer
GSE90148,0.004715649471101659,-0.051363300783664544,ii
GSE63679,0.004715400746186812,-0.05143939712352307,"samples,tumors"
GSE69285,0.004715372710317104,-0.05144797483146635,tumors
GSE85954,0.0047152649724221205,-0.05148093822843798,cancer
GSE95782,0.004715149668287215,-0.05151621742028024,"cancer,samples"
GSE60827,0.004715134137458538,-0.05152096939805195,tumors
GSE99101,0.004714934605188251,-0.05158202180917211,ii
GSE60749,0.0047148178209255286,-0.05161775637972665,ii
GSE69869,0.004714718335613234,-0.051648198379059616,"cancer,tumors"
GSE107281,0.004714571751451128,-0.05169305355729855,"cancer,samples,tumors"
GSE58016,0.004714236574635128,-0.051795623874510276,cancer
GSE94098,0.004713881497117038,-0.051904292130639976,"ii,samples"
GSE101690,0.004713867415986918,-0.051908601701627144,tumors
GSE76711,0.004713798946910368,-0.05192955704590685,"ii,samples"
GSE46807,0.004713726095215743,-0.05195185404922171,ii
GSE73143,0.004713565794046778,-0.052000917068432934,ii
GSE58018,0.004713551273757547,-0.05200536134320249,cancer
GSE106107,0.0047134163627014685,-0.05204665468780369,"cancer,samples,tumors"
GSE89210,0.004713218240082414,-0.05210729786155216,ii
GSE87647,0.004713205520443106,-0.052111191291556454,"ii,samples"
GSE78045,0.004713085843223413,-0.052147824517648815,cancer
GSE89242,0.004713026328804022,-0.05216604224223143,ii
GSE86817,0.0047129241476106245,-0.05219732106156349,ii
GSE78240,0.004712881097638669,-0.05221049934807254,ii
GSE98418,0.004712831193802973,-0.05222577586279223,ii
GSE45888,0.004712799699810153,-0.052235416857177,ii
GSE67437,0.004712614144367254,-0.052292220711467226,ii
GSE47885,0.004712531616692604,-0.052317485523274955,ii
GSE74660,0.004712332868165531,-0.05237833170624012,ii
GSE52031,0.004712163994632267,-0.05243003377852049,"samples,tumors"
GSE54549,0.0047121103424938755,-0.05244646022605862,ii
GSE92967,0.004711995724194674,-0.05248155305092534,"cancer,samples"
GSE38144,0.004711883151349427,-0.052516020447573565,"ii,samples"
GSE41287,0.004711826165402762,-0.05253346863912768,cancer
GSE83855,0.0047116160382213446,-0.052597808067563055,"cancer,samples"
GSE93279,0.004711563346782885,-0.05261394225621807,cancer
GSE104305,0.004711369706860292,-0.052673236608516354,"cancer,tumors"
GSE98765,0.004711245870714337,-0.0527111576702834,tumors
GSE84535,0.004711109085907025,-0.05275304502521732,tumors
GSE88984,0.004711044033181155,-0.05277296642615928,"cancer,samples"
GSE72574,0.004711041892152567,-0.05277362208804784,ii
GSE89660,0.0047110020514025,-0.05278582284892146,tumors
GSE95074,0.004710753202816733,-0.05286203213498654,ii
GSE97060,0.004710465872018926,-0.05295003151466893,cancer
GSE83338,0.004710227705558386,-0.05302297764517849,cancer
GSE41293,0.004710225072823062,-0.05302378402556915,"samples,tumors"
GSE97955,0.004710147881501135,-0.05304742715262735,"ii,samples"
GSE79409,0.004710147012999775,-0.053047693170330104,cancer
GSE83358,0.004710005282494943,-0.05309110518535198,tumors
GSE49555,0.00470979595647767,-0.05315522407691614,cancer
GSE92301,0.004709762935647182,-0.053165338985466645,tumors
GSE77115,0.0047096387910675955,-0.05320336746636804,ii
GSE99061,0.004709637892182611,-0.05320364282018849,tumors
GSE83964,0.004709498968124076,-0.05324619980885845,cancer
GSE72724,0.004709401762795702,-0.05327597773076348,ii
GSE97137,0.0047092734110434015,-0.05331529800312186,cancer
GSE73176,0.004709106133331209,-0.053366544764779485,cancer
GSE70210,0.004709040244197565,-0.05338673088687789,cancer
GSE73413,0.004708997370064783,-0.05339986617074085,ii
GSE85798,0.004708596663400581,-0.05352263585386593,ii
GSE64027,0.004708257013671633,-0.05362670691551947,"cancer,tumors"
GSE86144,0.004708119511444291,-0.05366884069829308,cancer
GSE100816,0.004708079718353049,-0.05368103442826744,"ii,samples"
GSE56690,0.0047079345703405035,-0.05372551276304697,"samples,tumors"
GSE44566,0.00470792151797708,-0.053729512522560426,cancer
GSE88908,0.004707859849167707,-0.053748410430655855,cancer
GSE65315,0.004707832843115628,-0.053756686294935095,cancer
GSE66567,0.004707810983248235,-0.053763385172433883,cancer
GSE46433,0.0047077349929775586,-0.053786672358740406,ii
GSE60066,0.004707689926826666,-0.05380048303918424,cancer
GSE84996,0.004707543465421835,-0.0538453675648556,cancer
GSE45284,0.004707454718239832,-0.05387256568361779,cancer
GSE95478,0.004707281806540947,-0.05392555895642257,"cancer,samples"
GSE74890,0.004707015174403041,-0.0540072791027022,cancer
GSE89801,0.0047069818088156384,-0.0540175056552639,cancer
GSE92333,0.004706798988235461,-0.054073541450044685,cancer
GSE37111,0.004706407495725195,-0.05419354398146551,cancer
GSE66814,0.004706337559891707,-0.054214982165450995,ii
GSE81285,0.0047061846608873175,-0.05426185305302733,cancer
GSE78760,0.004705977317792498,-0.054325416101641204,cancer
GSE71491,0.004705943806095755,-0.05433568970212453,tumors
GSE97489,0.004705526345568209,-0.05446367570718999,"samples,tumors"
GSE63681,0.0047054687164778675,-0.0544813446576676,cancer
GSE100771,0.004705180839197051,-0.05456961042999094,cancer
GSE91052,0.004705116857849688,-0.05458922842200856,cancer
GSE64867,0.004704997637083042,-0.054625784663467965,tumors
GSE79889,0.004704739264344573,-0.05470501176035497,tumors
GSE50932,0.004704679401479471,-0.0547233686560748,cancer
GSE66961,0.00470467381629067,-0.05472508136129475,ii
GSE56904,0.004704457769969948,-0.05479133379972764,tumors
GSE85772,0.004703930387692431,-0.05495307283184932,cancer
GSE98140,0.0047038130988010666,-0.054989045773112956,cancer
GSE46815,0.004703717085420772,-0.05501849410331285,"cancer,samples"
GSE47919,0.004703171141795807,-0.05518595227698349,cancer
GSE40594,0.004703116764571947,-0.05520263255553374,cancer
GSE70440,0.004702916150947546,-0.05526417269337947,ii
GSE89952,0.004702815448101989,-0.05529506523892251,"samples,tumors"
GSE88836,0.004702339676417886,-0.05544102635083365,cancer
GSE74189,0.004702217052381355,-0.05547864834504529,ii
GSE59119,0.004701901634192953,-0.05557542557033355,cancer
GSE95168,0.004701832949312019,-0.05559650046057633,"samples,tumors"
GSE71574,0.004701706485107203,-0.055635304845334264,tumors
GSE73541,0.004701519182521532,-0.05569277884863474,tumors
GSE75976,0.00470138230034074,-0.055734782743664085,"samples,tumors"
GSE84383,0.004701356209652725,-0.055742789114610586,tumors
GSE106273,0.004701346322455547,-0.055745823180675856,cancer
GSE68472,0.0047012143301869294,-0.05578632801726624,tumors
GSE56461,0.004701180842506662,-0.05579660465622169,norrinfz4
GSE106901,0.004701049483509817,-0.055836916575152704,"cancer,tumors"
GSE97914,0.004700855287466812,-0.055896514215219836,cancer
GSE108528,0.004700659823254441,-0.0559565035353623,"cancer,samples,tumors"
GSE40187,0.004700568062000915,-0.05598466655981528,tumors
GSE62270,0.004700473313270239,-0.05601374706662839,"cancer,samples"
GSE108753,0.004700325388419791,-0.05605914968718339,"cancer,samples,tumors"
GSE104294,0.004700219258194266,-0.05609172515080092,tumors
GSE77195,0.004700154139952596,-0.05611171281732238,cancer
GSE74762,0.004699620098629595,-0.05627564415218154,"samples,tumors"
GSE59354,0.004699456906871417,-0.05632574182456433,cancer
GSE65831,0.004699409527223625,-0.05634028706433079,tumors
GSE65935,0.00469936663826679,-0.05635345381801147,cancer
GSE92949,0.004699224858949344,-0.0563969804077682,tumors
GSE61462,0.0046989039397059,-0.056495508234134816,tumors
GSE57500,0.0046986037319784,-0.056587683354385805,cancer
GSE107053,0.004698595099627165,-0.05659033389962622,tumors
GSE72480,0.004698559778324962,-0.05660117928169919,tumors
GSE104633,0.004698014250197477,-0.05676869368060334,tumors
GSE92589,0.004697939209323001,-0.05679173787679674,tumors
GSE58818,0.004696748863595841,-0.057157328702884244,tumors
GSE60853,0.004696488658297366,-0.05723725788447778,tumors
GSE67291,0.004696305571691646,-0.057293500602393646,tumors
GSE101767,0.004696126973491323,-0.05734836663133952,tumors
GSE80678,0.0046954563330450245,-0.05755440849162216,tumors
GSE78146,0.004695148260145553,-0.057649068050556446,tumors
GSE90655,0.0046950951996814014,-0.05766537222175874,cancer
GSE88987,0.004694511347944089,-0.05784478762172218,"samples,tumors"
GSE79437,0.0046944830685305946,-0.057853478343603104,tumors
GSE79035,0.0046944764597270944,-0.057855509343525326,"samples,tumors"
GSE94967,0.004694438507109086,-0.05786717289655208,tumors
GSE81420,0.004694398613556112,-0.05787943303703584,"samples,tumors"
GSE81421,0.0046941328547474275,-0.05796110905138556,"samples,tumors"
GSE107670,0.004694067350539339,-0.05798124125864602,tumors
GSE66484,0.004693565141330543,-0.05813560067489668,ii
GSE81441,0.004693537502441154,-0.05814409626510613,adenoma
GSE64425,0.0046934781527472385,-0.05816233923225064,tumors
GSE52564,0.004693400235192575,-0.05818628995688303,"ii,samples"
GSE60367,0.004692669499588019,-0.05841092682083397,"samples,tumors"
GSE64411,0.004692203516566729,-0.058554193840717896,tumors
GSE65543,0.004692095950012445,-0.05858726732371808,samples
GSE78962,0.004691801621643653,-0.05867776832821979,samples
GSE49949,0.004691638182427004,-0.05872802557978087,cancer
GSE38741,0.004691536120897027,-0.05875941019620345,tumors
GSE35368,0.004691354121605197,-0.058815377913828855,samples
GSE72710,0.004691245557520604,-0.05884876415470568,samples
GSE98689,0.004691215581222358,-0.05885798277148099,tumors
GSE99251,0.004691108495305568,-0.0588909154051971,samples
GSE75453,0.0046909972414362075,-0.05892513062513109,samples
GSE77482,0.004690900776495158,-0.05895479828764692,"samples,tumors"
GSE61024,0.004690802362616877,-0.05898506597189368,samples
GSE70391,0.004690775714102971,-0.05899326196590349,samples
GSE68768,0.004690638256313248,-0.05903553910497949,samples
GSE87578,0.00469051832102407,-0.05907242795669163,tumors
GSE46688,0.00469050261382004,-0.059077259137757604,"samples,tumors"
GSE37076,0.0046903562595815105,-0.05912227517243113,samples
GSE68769,0.004690158993708988,-0.05918295296856107,samples
GSE34903,0.004690157709230735,-0.05918334807471039,tumors
GSE68770,0.004690156107997892,-0.05918384061488064,samples
GSE93313,0.0046901455636977115,-0.05918708405205612,tumors
GSE76587,0.0046900448794026176,-0.059218055008160804,samples
GSE101510,0.004690042691551073,-0.0592187280088232,samples
GSE49844,0.004690041510096037,-0.059219091433987285,samples
GSE70135,0.004689863031461707,-0.05927399396301481,tumors
GSE85388,0.004689829722735202,-0.05928424042541104,"samples,tumors"
GSE75192,0.004689809832811107,-0.05929035901764182,samples
GSE76776,0.004689681217311441,-0.05932992469184943,tumors
GSE72521,0.004689558650348025,-0.05936763067928583,samples
GSE84462,0.004689523017424622,-0.059378592827544686,tumors
GSE60415,0.004689093071915631,-0.05951086826097738,tumors
GSE72596,0.004688913412607085,-0.05956614516741754,samples
GSE66366,0.004688773344421462,-0.05960924229404063,samples
GSE53427,0.004688605188567522,-0.05966098332502241,samples
GSE73611,0.004688569091667249,-0.05967209047040729,tumors
GSE123021,0.00468854843799948,-0.05967844571634986,samples
GSE68147,0.004688507296768269,-0.05969110518045539,samples
GSE62355,0.004688409022457372,-0.05972134536948053,samples
GSE35616,0.004688407754593112,-0.059721735510724426,samples
GSE74957,0.004688337495340249,-0.059743355523422303,tumors
GSE78130,0.004688256825444049,-0.05976817947446853,samples
GSE67120,0.004688212585188917,-0.059781793382623453,samples
GSE64371,0.0046880883555994015,-0.059820022832353735,samples
GSE75077,0.004688072234663962,-0.059824983838170614,samples
GSE44831,0.004688016205966216,-0.059842226065544624,samples
GSE107655,0.0046879418865621355,-0.059865097378460595,samples
GSE73127,0.004687941862618224,-0.05986510474710176,samples
GSE61444,0.004687920122355792,-0.0598717952399544,samples
GSE64568,0.004687760218976434,-0.05992100592206915,samples
GSE64370,0.004687747279125362,-0.059924988268406476,samples
GSE41785,0.00468773148794475,-0.059929848149917336,samples
GSE104213,0.004687659467651895,-0.059952013267050054,samples
GSE73336,0.004687573533726015,-0.059978460918792824,samples
GSE92282,0.004687322309954849,-0.06005578215946481,samples
GSE72808,0.0046872964171987995,-0.06006375162506866,samples
GSE100426,0.004687275083398743,-0.06007031793426853,samples
GSE105045,0.00468719204026358,-0.06009587798321888,samples
GSE100425,0.004687147396120621,-0.06010961929994642,samples
GSE90958,0.004687110690178128,-0.06012091736337039,samples
GSE66978,0.004687090789383152,-0.06012704285113232,samples
GSE57648,0.00468706271317063,-0.06013568478612139,samples
GSE75484,0.004687019267360793,-0.06014905762722305,samples
GSE81476,0.004687015063871345,-0.0601503514892182,samples
GSE87068,0.0046870038073565864,-0.06015381632500367,samples
GSE58797,0.004686997854900649,-0.06015564853689609,samples
GSE65422,0.004686963337269457,-0.060166273376133894,samples
GSE92844,0.004686945416395937,-0.060171789614030954,samples
GSE59215,0.004686874132599137,-0.06019373174329937,samples
GSE60072,0.004686864928143509,-0.06019656502517396,samples
GSE95424,0.004686828706112171,-0.06020771481244486,samples
GSE99684,0.004686783811077987,-0.06022153442426685,samples
GSE95141,0.004686760708596822,-0.06022864589313299,samples
GSE59419,0.004686622544678356,-0.06027117661968696,samples
GSE78497,0.004686619370620923,-0.060272153698259875,samples
GSE99771,0.0046865668553489,-0.060288319710690166,samples
GSE98964,0.0046865078249738205,-0.06030649151285629,tumors
GSE87870,0.004686492979842809,-0.06031106144672012,samples
GSE89018,0.0046864775407613425,-0.06031581423799772,samples
GSE86113,0.0046863755087902395,-0.06034722431515349,samples
GSE38324,0.0046863152032353955,-0.06036578942683505,samples
GSE77051,0.0046863146299711365,-0.0603659659078268,samples
GSE72833,0.004686245371997571,-0.06038728732587806,samples
GSE75668,0.004686235220715417,-0.0603904124759976,samples
GSE53380,0.00468613381027049,-0.060421632831387545,samples
GSE64459,0.0046861206353171455,-0.060425688939758034,samples
GSE92304,0.004686017290836993,-0.06045750549435856,samples
GSE66828,0.004686001611331262,-0.06046233278832756,samples
GSE79087,0.0046859945148927384,-0.06046451759432364,samples
GSE92263,0.0046859836398076915,-0.060467865752206015,samples
GSE53244,0.004685977392458801,-0.06046978915313195,samples
GSE84927,0.004685950436756462,-0.06047808816242792,samples
GSE75816,0.004685783149624501,-0.06052959289492712,samples
GSE39970,0.004685702214268864,-0.060554512111396924,samples
GSE61209,0.004685690028795487,-0.06055826393856542,samples
GSE55131,0.00468567152934525,-0.06056395981636305,samples
GSE75639,0.0046856458295962255,-0.060571872663415155,samples
GSE57546,0.004685612934120557,-0.060582001108442855,samples
GSE75751,0.0046855971936846175,-0.06058684757940276,samples
GSE122108,0.0046855887029639415,-0.060589461874060516,samples
GSE84329,0.00468557352916489,-0.06059413390173446,samples
GSE55188,0.00468554014160711,-0.060604414016933,samples
GSE76857,0.004685531799488698,-0.06060698258815704,samples
GSE59725,0.004685530968409021,-0.06060723848112432,samples
GSE70368,0.004685516422670168,-0.060611717183329854,samples
GSE35833,0.004685471372766315,-0.06062558835130069,samples
GSE82099,0.0046854620623091965,-0.06062845512021041,samples
GSE67972,0.004685429843978083,-0.06063837546226269,samples
GSE85874,0.004685412855859886,-0.06064360629894668,samples
GSE107592,0.004685391184014071,-0.060650279336682045,samples
GSE64510,0.00468537481504879,-0.06065531957032755,samples
GSE93764,0.004685358666407961,-0.06066029198024344,samples
GSE95108,0.004685345634748185,-0.06066430463720672,samples
GSE95052,0.004685343488085271,-0.060664965630203134,samples
GSE58001,0.004685343021533169,-0.060665109289347596,samples
GSE83226,0.004685328564799027,-0.06066956076509564,samples
GSE68160,0.004685312036601972,-0.060674650096538336,samples
GSE84252,0.004685275757874271,-0.060685821037292975,samples
GSE97464,0.0046852509738974975,-0.06069345256568168,samples
GSE66231,0.004685243132900638,-0.06069586698847635,samples
GSE84534,0.0046852329763945955,-0.06069899441567,samples
GSE57391,0.004685229863925203,-0.06069995281958965,samples
GSE71698,0.004685229157700987,-0.06070017028303974,samples
GSE50934,0.004685212726069794,-0.06070522998740167,samples
GSE62704,0.004685117395558955,-0.06073458495215776,samples
GSE89198,0.004685094128878943,-0.060741749512698166,samples
GSE72546,0.004685084730624793,-0.06074464354809666,samples
GSE92650,0.0046850681699688815,-0.06074974313962131,samples
GSE77351,0.004685038685757338,-0.06075882237989756,samples
GSE89258,0.004684966230602501,-0.06078113414888903,samples
GSE38046,0.0046849208884111055,-0.060795096954169216,samples
GSE53249,0.0046849114499600795,-0.060798003475011304,samples
GSE48005,0.0046848584932798094,-0.0608143113119105,samples
GSE75896,0.004684840054947915,-0.06081998937932093,samples
GSE77744,0.004684774128320224,-0.06084029160670683,samples
GSE90046,0.00468476997086223,-0.06084157191319082,samples
GSE97764,0.0046847438278209315,-0.06084962279754731,samples
GSE77997,0.004684740083412141,-0.060850775911218326,samples
GSE81575,0.004684722516580787,-0.060856185737066165,samples
GSE75778,0.004684702224239171,-0.06086243492768937,samples
GSE77081,0.004684697503842453,-0.06086388861589458,samples
GSE48043,0.004684670943215087,-0.06087206822492586,samples
GSE53599,0.004684663962855641,-0.060874217903650676,samples
GSE100244,0.004684647726509861,-0.06087921807790367,samples
GSE84987,0.004684633181070302,-0.06088369753235201,samples
GSE71145,0.004684623695214759,-0.060886618830579047,samples
GSE45148,0.004684617840811446,-0.06088842177665402,samples
GSE75300,0.004684609164778092,-0.06089109368764234,samples
GSE60101,0.004684573124281264,-0.060902192937169405,samples
GSE65504,0.004684565953901094,-0.06090440118102742,samples
GSE72847,0.004684561309610861,-0.06090583147315605,samples
GSE47081,0.004684556066716726,-0.06090744611775149,samples
GSE46207,0.0046845507280109016,-0.06090909027115622,samples
GSE94768,0.004684524866770368,-0.060917054746005776,samples
GSE89711,0.004684492126057118,-0.06092713795210456,samples
GSE70941,0.00468449085280722,-0.06092753007819087,samples
GSE99078,0.004684489300708056,-0.060928008082355725,samples
GSE94659,0.004684483639160151,-0.06092975168587312,samples
GSE79632,0.004684454712390825,-0.060938660380773044,samples
GSE89692,0.004684449386671992,-0.06094030057007764,samples
GSE31271,0.0046844381096828435,-0.060943773609182406,samples
GSE43879,0.004684433349255823,-0.060945239707737554,samples
GSE70667,0.004684424371744983,-0.06094800457208997,samples
GSE76069,0.004684410925959979,-0.06095214557077991,samples
GSE70249,0.0046843934397848485,-0.06095753093633138,samples
GSE89263,0.004684388994509664,-0.06095889998860871,samples
GSE107617,0.004684380647140093,-0.06096147080828831,samples
GSE56966,0.0046843778447404885,-0.060962333891271155,samples
GSE90516,0.004684362873710642,-0.06096694467753698,samples
GSE79199,0.004684360355148735,-0.060967720347110045,samples
GSE117470,0.004684341711595775,-0.06097346222281662,samples
GSE48649,0.00468433884806373,-0.060974344140703594,samples
GSE92770,0.004684336205232943,-0.060975158086933504,samples
GSE69545,0.004684331928679978,-0.06097647519234635,samples
GSE74647,0.004684312843242274,-0.060982353196475964,samples
GSE90140,0.004684300750602881,-0.060986077544952645,samples
GSE81390,0.004684284558424779,-0.06099106450387517,samples
GSE68921,0.004684222066660841,-0.06101031123369857,samples
GSE75386,0.004684188146988689,-0.06102075820211407,samples
GSE74643,0.0046841828084406775,-0.06102240243605355,samples
GSE59547,0.0046841779198165,-0.06102390809837005,samples
GSE65636,0.004684169757983473,-0.061026421889795776,samples
GSE76772,0.004684166737475255,-0.06102735218776879,samples
GSE103685,0.004684166104218353,-0.061027547227080155,samples
GSE67750,0.004684149283518713,-0.061032727910895826,samples
GSE75616,0.004684136656083818,-0.06103661710424886,samples
GSE86418,0.004684133665035858,-0.0610375383351507,samples
GSE40969,0.004684128258174179,-0.061039203628583935,samples
GSE84873,0.004684127380469249,-0.06103947395864311,samples
GSE90961,0.004684123610545397,-0.061040635082624556,samples
GSE62040,0.004684113236381349,-0.06104383029539958,samples
GSE42120,0.004684111070670354,-0.06104449732906787,samples
GSE108161,0.004684104954355342,-0.06104638114073768,samples
GSE89136,0.004684102879672911,-0.061047020138955396,samples
GSE81329,0.004684100584842294,-0.061047726942722695,samples
GSE83795,0.004684100317665309,-0.06104780923278347,samples
GSE72069,0.004684099355408175,-0.06104810560639725,samples
GSE39524,0.004684082424491026,-0.06105332031097552,samples
GSE79633,0.004684078796108055,-0.061054437851546156,samples
GSE88761,0.004684051272944496,-0.06106291500361037,samples
GSE95428,0.004684044912594499,-0.06106487400258235,samples
GSE77862,0.004684044246546869,-0.06106507914657628,samples
GSE54651,0.004684041997325695,-0.06106577191138415,samples
GSE74961,0.004684034628368244,-0.06106804156796289,samples
GSE80623,0.00468403234274838,-0.06106874554509129,samples
GSE41082,0.004684031727568648,-0.06106893502217919,samples
GSE83876,0.004684024204089653,-0.06107125227688274,samples
GSE52359,0.0046840133358590315,-0.06107459973196169,samples
GSE90827,0.004684011660373899,-0.06107511578824724,samples
GSE73049,0.004683997640544568,-0.06107943396035828,samples
GSE58116,0.004683979158648853,-0.06108512648925035,samples
GSE65348,0.004683974948079329,-0.06108642337172905,samples
GSE86187,0.004683957791001796,-0.06109170787394798,samples
GSE55480,0.004683951893266467,-0.06109352442295379,samples
GSE66345,0.004683945218723107,-0.06109558023772022,samples
GSE74506,0.004683939865510183,-0.06109722907385939,samples
GSE45376,0.004683937673867287,-0.06109790411947675,samples
GSE63794,0.00468393265957535,-0.061099448567436154,samples
GSE55291,0.004683922308753787,-0.06110263672075155,samples
GSE47877,0.004683912895052999,-0.06110553623790758,samples
GSE89405,0.004683895088364315,-0.061111020898033774,samples
GSE85793,0.004683865383837989,-0.06112017027219856,samples
GSE42100,0.004683861782351302,-0.06112127958012153,samples
GSE49929,0.004683860541986009,-0.06112166163005756,samples
GSE104762,0.004683856687785624,-0.061122848778569036,samples
GSE58283,0.004683853832256738,-0.061123728322690966,samples
GSE85891,0.00468385339277533,-0.06112386368935731,samples
GSE72343,0.004683827984566869,-0.06113168980872833,samples
GSE77967,0.004683819220799768,-0.06113438919376254,samples
GSE65873,0.004683816084386008,-0.06113535526223764,samples
GSE54462,0.0046838087856421835,-0.06113760340126256,samples
GSE54795,0.004683804289685557,-0.06113898823521677,samples
GSE79606,0.0046837926385269405,-0.06114257700379543,samples
GSE45474,0.004683788476183964,-0.06114385908323449,samples
GSE81466,0.004683785114281856,-0.06114489461275618,samples
GSE87550,0.004683757905579416,-0.061153275435773695,samples
GSE72664,0.004683757653002106,-0.06115335323485089,samples
GSE61775,0.004683751662233709,-0.06115519851763988,samples
GSE100961,0.004683731666222512,-0.06116135772714777,samples
GSE75858,0.004683722024531788,-0.061164327588510994,samples
GSE74274,0.004683702608377846,-0.06117030822675525,samples
GSE85641,0.004683702032095632,-0.061170485735792916,samples
GSE50554,0.00468370082206014,-0.061170858456435204,samples
GSE86840,0.0046836996337647615,-0.06117122448068239,samples
GSE95156,0.0046836867694533164,-0.061175187011430585,samples
GSE74381,0.004683682767915362,-0.06117641958775614,samples
GSE27843,0.004683665674645914,-0.06118168476502949,samples
GSE105051,0.0046836625251929,-0.06118265488161927,samples
GSE35350,0.004683661232024462,-0.06118305321261355,samples
GSE63813,0.0046836585095113795,-0.061183891820930716,samples
GSE71773,0.0046836350698319,-0.06119111190196249,samples
GSE52071,0.004683634373502711,-0.06119132639150465,samples
GSE93412,0.004683633673183923,-0.06119154210999123,samples
GSE99971,0.004683630635155763,-0.061192477911099344,samples
GSE80958,0.004683628469228435,-0.06119314508013575,samples
GSE85855,0.004683610418835703,-0.061198705141620874,samples
GSE98844,0.004683610085843329,-0.061198807713444554,samples
GSE76190,0.004683596690110591,-0.061202934014412076,samples
GSE98723,0.004683570768347812,-0.061210918754468775,samples
GSE94121,0.004683566310441806,-0.06121229193793642,samples
GSE55808,0.004683555455782472,-0.06121563553986284,samples
GSE81555,0.004683551822206819,-0.06121675480569809,samples
GSE94054,0.004683546684650148,-0.06121833735071493,samples
GSE94543,0.004683541428808268,-0.06121995633346048,samples
GSE65796,0.004683533457977822,-0.06122241163091355,samples
GSE100035,0.004683526143730148,-0.06122466468134688,samples
GSE59285,0.004683518403569291,-0.06122704893213749,samples
GSE99765,0.004683517544844241,-0.061227313450898435,samples
GSE69314,0.004683516249117629,-0.06122771258223459,samples
GSE74534,0.004683508512316227,-0.06123009580322514,samples
GSE80155,0.004683505026731791,-0.06123116949343781,samples
GSE73532,0.004683485430717116,-0.06123720581285595,samples
GSE35857,0.0046834804703992875,-0.06123873378381425,samples
GSE87633,0.004683479425984077,-0.06123905550455651,samples
GSE87899,0.004683478718380988,-0.06123927347402992,samples
GSE56473,0.0046834737427133314,-0.06124080617553195,samples
GSE104163,0.004683464774491359,-0.06124356874503989,samples
GSE107220,0.004683460718419016,-0.06124481817858334,samples
GSE55113,0.004683457538412598,-0.06124579774931583,samples
GSE84271,0.004683450766470314,-0.061247883783945876,samples
GSE44359,0.0046834413611591295,-0.06125078100868577,samples
GSE68315,0.004683436702847263,-0.06125221596350913,samples
GSE84874,0.004683412304058594,-0.06125973183387068,samples
GSE84651,0.004683404678374247,-0.06126208087880496,samples
GSE108184,0.0046834030263244,-0.06126258978305408,samples
GSE103822,0.004683401698931701,-0.06126299867870654,samples
GSE95102,0.004683399845592682,-0.061263569589277964,samples
GSE63310,0.004683376973670233,-0.061270615173843294,samples
GSE85422,0.0046833709179006835,-0.061272480629986685,samples
GSE83483,0.004683369477167612,-0.06127292444253407,samples
GSE76929,0.004683366563481747,-0.06127382199321327,samples
GSE86112,0.004683364046532023,-0.061274597331169904,samples
GSE56636,0.004683363191614753,-0.06127486068567436,samples
GSE65177,0.004683361558824889,-0.06127536366145362,samples
GSE74720,0.004683360344396178,-0.06127573776250961,samples
GSE58025,0.004683330899196864,-0.06128480829594013,samples
GSE65344,0.00468332694238682,-0.06128602718752862,samples
GSE70486,0.0046833263861626685,-0.06128619853193472,samples
GSE29690,0.004683311692354817,-0.06129072495508499,samples
GSE105158,0.004683311141773145,-0.06129089456188163,samples
GSE73861,0.004683302465596247,-0.06129356726258437,samples
GSE41538,0.004683298704057732,-0.06129472600797395,samples
GSE72990,0.004683298271443318,-0.06129485927530068,samples
GSE84861,0.004683297005047361,-0.061295249389982265,samples
GSE46104,0.00468329482290965,-0.06129592160017612,samples
GSE62710,0.004683285506712731,-0.061298791469567376,samples
GSE48083,0.004683272721883258,-0.061302729866069196,samples
GSE69170,0.004683267285141651,-0.06130440467024408,samples
GSE88814,0.004683257701563065,-0.061307356924430165,samples
GSE98040,0.004683250231699866,-0.06130965804554594,samples
GSE69256,0.004683235618972089,-0.061314159565162646,samples
GSE106674,0.004683230269501862,-0.06131580749817375,samples
GSE71028,0.004683219514831566,-0.061319120537769216,samples
GSE77494,0.004683219063043455,-0.06131925971392723,samples
GSE97027,0.00468321237789775,-0.061321319116510994,samples
GSE63143,0.004683209675540855,-0.0613221515959508,samples
GSE92779,0.004683194654487336,-0.06132677894250936,samples
GSE69771,0.004683192090335709,-0.06132756884985295,samples
GSE94840,0.004683184023492252,-0.0613300539080887,samples
GSE60545,0.004683182298921467,-0.06133058517702147,samples
GSE84208,0.004683169508057323,-0.06133452551935517,samples
GSE71744,0.0046831673393970645,-0.061335193595989795,samples
GSE84160,0.004683163460767283,-0.061336388445941484,samples
GSE94852,0.004683162200503694,-0.061336776682715505,samples
GSE84942,0.004683155384742846,-0.06133887634766632,samples
GSE57249,0.004683154834125337,-0.061339045971163846,samples
GSE59383,0.00468314513404967,-0.06134203418446208,samples
GSE49047,0.004683137831952122,-0.06134428367872977,samples
GSE21180,0.004683136007564516,-0.06134484570264622,samples
GSE97450,0.004683133407609809,-0.06134564664944711,samples
GSE73536,0.004683128497522022,-0.061347159261281495,samples
GSE65950,0.004683126940946089,-0.061347638783624814,samples
GSE72311,0.004683119906579617,-0.061349805808643534,samples
GSE94814,0.00468310284959523,-0.06135506044061833,samples
GSE100560,0.004683095884584287,-0.06135720611081645,samples
GSE64391,0.004683088339688519,-0.061359530426343074,samples
GSE94382,0.0046830853406225285,-0.061360454333539115,samples
GSE53076,0.004683080650008066,-0.0613618993487633,samples
GSE93918,0.004683066874942055,-0.061366142976011055,samples
GSE66965,0.004683064986290722,-0.06136672480593895,samples
GSE29087,0.004683059352545925,-0.061368460374544694,samples
GSE101537,0.004683055546701594,-0.06136963282924998,samples
GSE36639,0.004683047948970867,-0.0613719734415328,samples
GSE98585,0.004683046633051425,-0.061372378833649335,samples
GSE86073,0.004683045167140868,-0.06137283043329963,samples
GSE102365,0.004683040425073183,-0.061374291312012726,samples
GSE56986,0.004683035328240222,-0.06137586148415974,samples
GSE90573,0.004683035266592748,-0.06137588047579633,samples
GSE75931,0.004683026593563775,-0.06137855236416838,samples
GSE58757,0.0046830209805360495,-0.06138028156470908,samples
GSE94297,0.004683010021452846,-0.06138365772585721,samples
GSE70706,0.004683006882984266,-0.0613846245942927,samples
GSE90130,0.004683002520635683,-0.06138596850468108,samples
GSE78948,0.004683001170305469,-0.061386384501677806,samples
GSE30943,0.004682997359216587,-0.061387558586643236,samples
GSE79551,0.004682993232596075,-0.0613888298787485,samples
GSE92894,0.004682982383347851,-0.061392172222835585,samples
GSE75580,0.004682973649841864,-0.06139486277268069,samples
GSE63412,0.004682970511935459,-0.06139582947543509,samples
GSE93179,0.004682957240778899,-0.061399917961330326,samples
GSE93180,0.004682950171097534,-0.0614020959444767,samples
GSE70538,0.004682948315202749,-0.0614026676974604,samples
GSE75576,0.0046829400412676395,-0.06140521668474205,samples
GSE68150,0.004682939716217124,-0.06140531682456407,samples
GSE75431,0.004682935254193238,-0.06140669146169168,samples
GSE93416,0.004682932883812386,-0.06140742171683724,samples
GSE63748,0.0046829209946838935,-0.06141108446599797,samples
GSE60307,0.004682919692084571,-0.06141148576549594,samples
GSE66679,0.00468291685117108,-0.061412360982949346,samples
GSE40190,0.004682913491875879,-0.06141339590208648,samples
GSE75246,0.004682912778194921,-0.061413615770349914,samples
GSE62684,0.0046829109401598495,-0.06141418202574021,samples
GSE65082,0.0046829059253297,-0.06141572697813264,samples
GSE86526,0.004682904131099276,-0.06141627973914733,samples
GSE86927,0.004682883628707902,-0.06142259606813545,samples
GSE60440,0.0046828728486392026,-0.0614259171776883,samples
GSE62535,0.004682869865202494,-0.06142683631234224,samples
GSE124872,0.0046828691655668685,-0.06142705185557792,samples
GSE101091,0.004682867600151904,-0.06142753412760046,samples
GSE70471,0.004682862001167643,-0.06142925906034383,samples
GSE78273,0.004682855871845935,-0.06143114738159187,samples
GSE94238,0.004682854727123662,-0.061431500047869486,samples
GSE78270,0.004682852441692228,-0.06143220414432185,samples
GSE63482,0.004682852128354763,-0.0614323006774559,samples
GSE70499,0.004682848412795765,-0.061433445368878827,samples
GSE65808,0.004682846143962633,-0.061434144352662624,samples
GSE78272,0.00468284600045116,-0.06143418856579425,samples
GSE78274,0.00468283860358908,-0.061436467398937294,samples
GSE72066,0.004682835570773803,-0.061437401752936445,samples
GSE102007,0.004682834862645054,-0.061437619914325274,samples
GSE66029,0.004682834175019257,-0.06143783175916462,samples
GSE55009,0.004682834006356552,-0.061437883721041524,samples
GSE79020,0.004682818606735517,-0.06144262806888718,samples
GSE76026,0.0046828177163364074,-0.061442902385406784,samples
GSE75878,0.004682816037981561,-0.061443419457561765,samples
GSE96630,0.0046828102740525184,-0.06144519522600872,samples
GSE72275,0.004682808580677136,-0.0614457169265615,samples
GSE72410,0.004682808239134196,-0.06144582215023543,samples
GSE67556,0.004682805623787032,-0.06144662789525935,samples
GSE96707,0.004682779057801393,-0.061454812459713584,samples
GSE104777,0.004682778236090146,-0.06145506561683034,samples
GSE76752,0.004682776851382478,-0.06145549222494209,samples
GSE67169,0.00468277472602397,-0.06145614701695399,samples
GSE81903,0.004682773661304825,-0.061456475041532475,samples
GSE64824,0.004682764762784223,-0.06145921655002075,samples
GSE74889,0.004682763307098483,-0.0614596650267284,samples
GSE99412,0.004682750839134519,-0.061463506240248565,samples
GSE52525,0.004682741407984475,-0.06146641185866977,samples
GSE102992,0.004682740115075032,-0.061466810188224266,samples
GSE94949,0.004682735197895385,-0.06146832511201729,samples
GSE92376,0.004682732146679492,-0.061469265155664046,samples
GSE62669,0.004682723194996811,-0.061472023067103476,samples
GSE65887,0.0046827085458778445,-0.06147653630511992,samples
GSE72121,0.004682702620135309,-0.061478361967489244,samples
GSE52616,0.004682698932124786,-0.06147949820803645,samples
GSE64684,0.004682686307004241,-0.06148338789294231,samples
GSE65658,0.004682679573450312,-0.061485462444002985,samples
GSE84137,0.004682674371493196,-0.061487065125071676,samples
GSE72942,0.004682672289882138,-0.0614877064531632,samples
GSE80465,0.004682671121346985,-0.061488066469832334,samples
GSE67009,0.004682667516802535,-0.061489177002745914,samples
GSE81889,0.00468265193428881,-0.061493977867338734,samples
GSE90731,0.004682649516040447,-0.06149472291434842,samples
GSE61250,0.004682642668076166,-0.06149683273087389,samples
GSE89603,0.004682641296903162,-0.06149725518138378,samples
GSE72136,0.0046826347792021505,-0.061499263249240356,samples
GSE72726,0.004682631144320891,-0.06150038313739085,samples
GSE102788,0.004682623241915303,-0.06150281783075472,samples
GSE87366,0.004682622125622982,-0.061503161755410964,samples
GSE98041,0.0046826164442840285,-0.06150491215172424,samples
GSE71554,0.004682612218984097,-0.061506213949998716,samples
GSE77656,0.004682610253579368,-0.061506819483858784,samples
GSE84448,0.004682608834699232,-0.06150725663568958,samples
GSE76291,0.004682603762226595,-0.06150881944722069,samples
GSE73391,0.004682598034947936,-0.06151058400429026,samples
GSE65207,0.004682589558620921,-0.06151319553872588,samples
GSE66817,0.004682589529522885,-0.06151320450376377,samples
GSE25432,0.004682588401915065,-0.06151355191717589,samples
GSE97390,0.004682586301869377,-0.061514198936712824,samples
GSE45119,0.004682585337306113,-0.06151449611666645,samples
GSE73977,0.004682584930906976,-0.06151462132742153,samples
GSE97270,0.0046825781882240845,-0.06151669873601453,samples
GSE98082,0.00468257731342463,-0.06151696826038801,samples
GSE48553,0.0046825739863337774,-0.06151799333244935,samples
GSE75851,0.004682569639240556,-0.061519332666918565,samples
GSE86315,0.004682561393534881,-0.06152187316285913,samples
GSE74594,0.004682560188887498,-0.06152224431421888,samples
GSE57745,0.004682558164003086,-0.06152286818048295,samples
GSE52261,0.00468255752596538,-0.0615230647597597,samples
GSE90070,0.004682557430045647,-0.0615230943126106,samples
GSE85745,0.004682553013725056,-0.061524454980774454,samples
GSE66793,0.004682550536192698,-0.06152521830893792,samples
GSE33252,0.004682549796806376,-0.06152544611407424,samples
GSE79095,0.004682536619026677,-0.06152950619778891,samples
GSE75477,0.004682534305777709,-0.06153021891269346,samples
GSE101928,0.004682529578144932,-0.06153167550336868,samples
GSE90976,0.004682525755206294,-0.0615328533575121,samples
GSE84786,0.004682524675278565,-0.06153318608532609,samples
GSE96685,0.004682513761637362,-0.061536548603515116,samples
GSE97718,0.004682510222176915,-0.06153763912117812,samples
GSE74517,0.0046825091398620365,-0.06153797258558377,samples
GSE68902,0.004682508407701128,-0.06153819816656228,samples
GSE72590,0.004682500542057618,-0.061540621597217224,samples
GSE97261,0.004682498653987384,-0.06154120331847645,samples
GSE87386,0.0046824914098307505,-0.06154343527148014,samples
GSE69807,0.004682490362427878,-0.061543757980689257,samples
GSE95260,0.004682486359872319,-0.061544991185474685,samples
GSE75000,0.004682486222453644,-0.06154503352478532,samples
GSE85412,0.004682485996983626,-0.061545102993112326,samples
GSE43366,0.004682483972696706,-0.061545726685171304,samples
GSE76824,0.004682483606366598,-0.061545839553181936,samples
GSE70497,0.004682482633272475,-0.06154613936805134,samples
GSE73111,0.004682481120945545,-0.061546605323205064,samples
GSE101925,0.004682478560775081,-0.061547394124301345,samples
GSE55385,0.004682462397709001,-0.06155237405431525,samples
GSE95688,0.0046824619167063685,-0.061552522254148895,samples
GSE44402,0.004682460389869694,-0.061552992681906095,samples
GSE43650,0.004682447460268658,-0.061556976377548096,samples
GSE65179,0.004682443855403816,-0.06155808706222261,samples
GSE97716,0.0046824429598707655,-0.06155836298250142,samples
GSE65337,0.004682441159912406,-0.0615589175629886,samples
GSE97062,0.004682438496489339,-0.06155973818373164,samples
GSE63300,0.004682438088877264,-0.061559863772128666,samples
GSE97618,0.0046824373931269635,-0.06156007813814129,samples
GSE66547,0.004682434862569332,-0.06156085782265723,samples
GSE62424,0.004682428018115281,-0.06156296665437066,samples
GSE36025,0.0046824269133786504,-0.06156330703296058,samples
GSE106085,0.004682411588373799,-0.06156802880333505,samples
GSE98034,0.0046824112748536685,-0.06156812540183877,samples
GSE98563,0.004682408365264934,-0.061569021873826554,samples
GSE94597,0.004682406903519045,-0.06156947225186038,samples
GSE57423,0.004682401435440974,-0.061571157020801986,samples
GSE61891,0.004682396895055728,-0.061572555959902964,samples
GSE58732,0.00468239357939518,-0.061573577549663486,samples
GSE86235,0.004682386700324519,-0.0615756970657296,samples
GSE61890,0.004682385936089531,-0.06157593253498652,samples
GSE80346,0.0046823814871037464,-0.061577303317503176,samples
GSE34274,0.004682379047243423,-0.06157805506644025,samples
GSE100674,0.004682360741015563,-0.06158369543760886,samples
GSE53782,0.004682358443175354,-0.06158440343164661,samples
GSE50561,0.00468235757609715,-0.06158467058965189,samples
GSE100599,0.004682355490780877,-0.06158531310275919,samples
GSE43110,0.004682355436398241,-0.06158532985876128,samples
GSE73697,0.004682353778684565,-0.06158584062214873,samples
GSE101826,0.0046823457304919535,-0.06158832037871907,samples
GSE102623,0.004682335603938965,-0.06159144051217709,samples
GSE102624,0.00468233198444596,-0.0615925557305358,samples
GSE80707,0.0046823301791730845,-0.06159311196164795,samples
GSE110648,0.004682326114952516,-0.061594364208537825,samples
GSE103390,0.004682322636691403,-0.061595435913455225,samples
GSE87478,0.004682321672136185,-0.06159573310766433,samples
GSE90809,0.004682313313576305,-0.06159830851031614,samples
GSE100983,0.004682312185350689,-0.06159865613457544,samples
GSE89695,0.0046823090431077075,-0.06159962431006412,samples
GSE77262,0.00468230737655026,-0.061600137803421905,samples
GSE81193,0.00468230496751237,-0.061600880067359726,samples
GSE89771,0.004682304607586921,-0.06160099096630445,samples
GSE38604,0.004682295134574031,-0.06160390976029348,samples
GSE81103,0.004682291775884018,-0.06160494463037836,samples
GSE66686,0.004682288902582025,-0.06160582994466609,samples
GSE68884,0.004682288640348798,-0.06160591074330847,samples
GSE45684,0.004682287466029265,-0.06160627257174526,samples
GSE81125,0.004682285821630723,-0.06160677923991875,samples
GSE61695,0.0046822856969965035,-0.06160681764192579,samples
GSE32190,0.004682279594217566,-0.06160869801728445,samples
GSE58239,0.004682277382397617,-0.06160937951918122,samples
GSE79363,0.004682276536789076,-0.06160964006661562,samples
GSE68981,0.004682275128570399,-0.06161007396461194,samples
GSE79484,0.004682274574983582,-0.061610244534896975,samples
GSE93293,0.004682268257196307,-0.061612191162839114,samples
GSE49906,0.0046822664635549965,-0.06161274381761592,samples
GSE106188,0.004682265739189253,-0.061612967008447726,samples
GSE86507,0.0046822654913953885,-0.061613043358447764,samples
GSE75951,0.004682264515090359,-0.06161334417662519,samples
GSE96690,0.0046822627384018834,-0.061613891608349826,samples
GSE98562,0.004682256789143263,-0.06161572469031061,samples
GSE51685,0.004682255536786286,-0.06161611056608017,samples
GSE96938,0.004682255448055255,-0.06161613790585667,samples
GSE85597,0.00468225446036411,-0.06161644223296636,samples
GSE85553,0.004682253730581268,-0.06161666709348551,samples
GSE90160,0.004682250632273952,-0.06161762174360418,samples
GSE102415,0.004682247297785206,-0.06161864916662536,samples
GSE75691,0.004682247043426773,-0.06161872753960231,samples
GSE94133,0.00468224495403,-0.061619371325162216,samples
GSE87375,0.004682242902232349,-0.06162000352594922,samples
GSE38820,0.00468223716879709,-0.06162177011599025,samples
GSE92364,0.004682234156645775,-0.06162269822300516,samples
GSE75966,0.004682228957205512,-0.061624300281039074,samples
GSE79729,0.004682227383486298,-0.061624785177721506,samples
GSE60731,0.004682221788714548,-0.06162650904835396,samples
GSE94653,0.004682218739644343,-0.061627448533943155,samples
GSE51553,0.0046822180346451844,-0.061627665759776386,samples
GSE76130,0.00468221232853039,-0.06162942394114926,samples
GSE98360,0.004682210175895548,-0.06163008721656435,samples
GSE97996,0.004682207910142448,-0.061630785346598875,samples
GSE71527,0.0046822026463917464,-0.06163240722914837,samples
GSE86909,0.004682198522439296,-0.06163367791493848,samples
GSE101996,0.004682197556015585,-0.061633975692752176,samples
GSE80312,0.0046821963150719265,-0.061634358056690895,samples
GSE52854,0.004682194289298476,-0.061634982245371964,samples
GSE102204,0.004682193513375843,-0.061635221325546566,samples
GSE84078,0.004682193222795288,-0.0616353108603208,samples
GSE76288,0.00468218486055804,-0.06163788746671179,samples
GSE47835,0.004682183235627053,-0.06163838814755908,samples
GSE82230,0.004682181181646727,-0.0616390210292152,samples
GSE77798,0.0046821693043021155,-0.06164268073550134,samples
GSE91081,0.004682167912951955,-0.06164310944581598,samples
GSE77705,0.0046821658273659686,-0.06164375206805541,samples
GSE83873,0.004682164164489323,-0.061644264442969936,samples
GSE93380,0.004682160552034474,-0.061645377533524594,samples
GSE89834,0.004682159331757153,-0.06164575353264928,samples
GSE69097,0.004682158093384233,-0.06164613510759793,samples
GSE86400,0.004682155011304274,-0.06164708477714085,samples
GSE111778,0.0046821546849176625,-0.061647185345439066,samples
GSE79174,0.004682151313297104,-0.061648224230811,samples
GSE65849,0.004682144268192138,-0.061650395016196596,samples
GSE92292,0.004682135346832314,-0.061653143930604254,samples
GSE33473,0.004682131266270049,-0.06165440126493411,samples
GSE52801,0.004682130835227906,-0.061654534081028986,samples
GSE65929,0.004682122498786328,-0.061657102773373315,samples
GSE66954,0.004682118573549664,-0.06165831225087925,samples
GSE53459,0.004682118056887386,-0.06165847144935656,samples
GSE104920,0.004682116660566048,-0.0616589016961265,samples
GSE58523,0.004682103811496092,-0.061662860870210806,samples
GSE61613,0.004682099922595989,-0.061664059156162736,samples
GSE67868,0.004682094676352962,-0.06166567568147484,samples
GSE89897,0.004682093322976634,-0.061666092697732156,samples
GSE58928,0.004682090784877582,-0.06166687476328606,samples
GSE74679,0.004682089818707289,-0.061667172469865965,samples
GSE58455,0.004682085807779037,-0.06166840836003489,samples
GSE81940,0.004682083159728379,-0.061669224306343716,samples
GSE109544,0.004682078601617586,-0.061670628802337084,samples
GSE88959,0.004682074518692624,-0.061671886879927064,samples
GSE74157,0.00468207293513443,-0.06167237482430531,samples
GSE98133,0.0046820723214431445,-0.061672563922049894,samples
GSE76205,0.00468206548111703,-0.06167467164510378,samples
GSE71159,0.004682062253830166,-0.06167566607638161,samples
GSE81091,0.004682059064771377,-0.061676648729028456,samples
GSE90854,0.00468205689731511,-0.061677316593121756,samples
GSE56122,0.004682056155026266,-0.06167754531663845,samples
GSE69970,0.004682053084269039,-0.06167849151795031,samples
GSE63948,0.004682052865745164,-0.06167855885236799,samples
GSE76482,0.004682047597167738,-0.061680182275900296,samples
GSE83253,0.004682042878377084,-0.0616816362934354,samples
GSE106120,0.004682040323420563,-0.06168242356177168,samples
GSE65160,0.004682035527463263,-0.06168390135924423,samples
GSE90855,0.0046820347725881045,-0.0616841339620791,samples
GSE48138,0.004682034626444784,-0.06168417899383494,samples
GSE38497,0.004682030866752155,-0.061685337484218325,samples
GSE67786,0.004682029341302809,-0.061685807527801444,samples
GSE77449,0.0046820218417799025,-0.061688118391826884,samples
GSE75889,0.004682021837352939,-0.061688119755929464,samples
GSE94534,0.004682020778585863,-0.061688445999214296,samples
GSE85061,0.004682016954640359,-0.061689624291607334,samples
GSE72811,0.00468201420474775,-0.061690471631041056,samples
GSE70304,0.004682013245467051,-0.06169076721956103,samples
GSE87836,0.004682011175955458,-0.06169140490993363,samples
GSE92425,0.004682006805042586,-0.06169275174509305,samples
GSE76261,0.004682005900222133,-0.061693030552912094,samples
GSE73787,0.004682000876777245,-0.06169457845846176,samples
GSE41908,0.004681996250242455,-0.061696004063085015,samples
GSE35213,0.0046819956753149684,-0.06169618121937494,samples
GSE80113,0.004681993219386069,-0.06169693798158032,samples
GSE86442,0.00468199281294946,-0.06169706321971685,samples
GSE66312,0.004681989896435364,-0.061697961905789404,samples
GSE103435,0.004681988446936477,-0.06169840855032005,samples
GSE105035,0.004681986551599205,-0.06169899257445186,samples
GSE108044,0.004681984583848555,-0.0616995989120971,samples
GSE70883,0.004681980661440377,-0.061700807553666734,samples
GSE31839,0.004681979084702691,-0.06170129340616972,samples
GSE83251,0.004681977912721643,-0.06170165453795327,samples
GSE70148,0.004681973902937854,-0.061702890105009095,samples
GSE50927,0.004681973203042241,-0.06170310576960408,samples
GSE77703,0.004681966731038544,-0.061705100042891606,samples
GSE93381,0.004681962842251088,-0.061706298329216605,samples
GSE67541,0.004681962398517392,-0.06170643506085123,samples
GSE67310,0.004681961901994487,-0.06170658805891275,samples
GSE97234,0.004681960087611888,-0.061707147141053825,samples
GSE72184,0.004681959881074798,-0.06170721078321166,samples
GSE95830,0.0046819511237224005,-0.061709909268677504,samples
GSE90962,0.004681950590891416,-0.06171007345506929,samples
GSE99485,0.004681950200119386,-0.061710193867466394,samples
GSE68949,0.004681948512396612,-0.06171071392206153,samples
GSE85646,0.004681946368582773,-0.06171137451674635,samples
GSE108523,0.0046819379742589476,-0.06171396114616447,samples
GSE71529,0.0046819340062766585,-0.06171518384301098,samples
GSE83940,0.004681925067946783,-0.06171793811004624,samples
GSE93379,0.004681920627741425,-0.06171930632188112,samples
GSE94011,0.004681919408870258,-0.06171968190697901,samples
GSE107653,0.004681915326978126,-0.061720939709087326,samples
GSE103219,0.004681908605487011,-0.06172301088470308,samples
GSE80083,0.004681901193979544,-0.061725294686979446,samples
GSE98666,0.00468190021785604,-0.06172559547262755,samples
GSE101650,0.004681896772731877,-0.06172665706410587,samples
GSE106365,0.004681895915099321,-0.061726921337841203,samples
GSE104365,0.004681894817530568,-0.06172725954638144,samples
GSE96819,0.004681880359746684,-0.061731714624107314,samples
GSE69201,0.004681880300648387,-0.0617317328349148,samples
GSE91040,0.00468187010741023,-0.061734873827251756,samples
GSE79519,0.004681864135520902,-0.06173671403648781,samples
GSE73018,0.004681855446469944,-0.061739391530322915,samples
GSE90869,0.004681854845207385,-0.06173957680698885,samples
GSE99307,0.004681848557048687,-0.06174151447950571,samples
GSE92272,0.004681845562456189,-0.061742437252866676,samples
GSE52477,0.004681840037017017,-0.06174413989945983,samples
GSE41246,0.004681835854323627,-0.061745428784526026,samples
GSE104461,0.004681835817221912,-0.061745440217319134,samples
GSE94059,0.004681832793351944,-0.06174637201496991,samples
GSE79252,0.004681830516722351,-0.0617470735528435,samples
GSE47395,0.004681824558509553,-0.061748909563244934,samples
GSE56613,0.004681813840203221,-0.061752212392067,samples
GSE62979,0.004681809118693398,-0.061753667320108604,samples
GSE52006,0.00468179329672887,-0.06175854285171485,samples
GSE89010,0.004681786433053574,-0.061760657895447574,samples
GSE105266,0.004681772444500207,-0.06176496848223091,samples
GSE55621,0.004681766532192853,-0.061766790369558316,samples
GSE75615,0.004681765406990691,-0.06176713710273311,samples
GSE85976,0.004681761374587246,-0.061768379696168024,samples
GSE88982,0.004681749676604148,-0.0617719844598323,samples
GSE45893,0.0046817256725639475,-0.06177938139493767,samples
GSE95145,0.004681704565691038,-0.06178588558840097,samples
GSE71916,0.004681702868028734,-0.061786408733207836,samples
GSE97399,0.004681696163364698,-0.06178847481744161,samples
GSE58261,0.004681683003556307,-0.06179253010345867,samples
GSE77188,0.0046816821989911425,-0.061792778036151234,samples
GSE72059,0.004681663201380116,-0.06179863230255817,samples
GSE81789,0.004681652121120939,-0.0618020467843768,samples
GSE69940,0.004681631679522768,-0.06180834606846074,samples
GSE87453,0.004681537981911203,-0.06183722028188229,samples
GSE42880,0.0046812434687295654,-0.061927982350612525,samples
GSE84302,0.00468089967727513,-0.06203393805304149,
GSE84480,0.00468089967727513,-0.06203393805304149,
GSE84458,0.00468089967727513,-0.06203393805304149,
GSE85576,0.00468089967727513,-0.06203393805304149,
GSE84450,0.00468089967727513,-0.06203393805304149,
GSE85642,0.00468089967727513,-0.06203393805304149,
GSE84548,0.00468089967727513,-0.06203393805304149,
GSE85484,0.00468089967727513,-0.06203393805304149,
GSE84547,0.00468089967727513,-0.06203393805304149,
GSE84545,0.00468089967727513,-0.06203393805304149,
GSE84989,0.00468089967727513,-0.06203393805304149,
GSE85721,0.00468089967727513,-0.06203393805304149,
GSE84379,0.00468089967727513,-0.06203393805304149,
GSE84378,0.00468089967727513,-0.06203393805304149,
GSE84377,0.00468089967727513,-0.06203393805304149,
GSE84386,0.00468089967727513,-0.06203393805304149,
GSE84410,0.00468089967727513,-0.06203393805304149,
GSE84374,0.00468089967727513,-0.06203393805304149,
GSE84498,0.00468089967727513,-0.06203393805304149,
GSE84993,0.00468089967727513,-0.06203393805304149,
GSE84481,0.00468089967727513,-0.06203393805304149,
GSE84299,0.00468089967727513,-0.06203393805304149,
GSE84308,0.00468089967727513,-0.06203393805304149,
GSE85657,0.00468089967727513,-0.06203393805304149,
GSE84994,0.00468089967727513,-0.06203393805304149,
GSE85690,0.00468089967727513,-0.06203393805304149,
GSE85702,0.00468089967727513,-0.06203393805304149,
GSE85717,0.00468089967727513,-0.06203393805304149,
GSE84492,0.00468089967727513,-0.06203393805304149,
GSE84681,0.00468089967727513,-0.06203393805304149,
GSE84737,0.00468089967727513,-0.06203393805304149,
GSE109913,0.00468089967727513,-0.06203393805304149,
GSE84759,0.00468089967727513,-0.06203393805304149,
GSE109847,0.00468089967727513,-0.06203393805304149,
GSE84794,0.00468089967727513,-0.06203393805304149,
GSE84803,0.00468089967727513,-0.06203393805304149,
GSE84804,0.00468089967727513,-0.06203393805304149,
GSE109653,0.00468089967727513,-0.06203393805304149,
GSE109556,0.00468089967727513,-0.06203393805304149,
GSE84812,0.00468089967727513,-0.06203393805304149,
GSE84586,0.00468089967727513,-0.06203393805304149,
GSE84592,0.00468089967727513,-0.06203393805304149,
GSE120161,0.00468089967727513,-0.06203393805304149,
GSE84615,0.00468089967727513,-0.06203393805304149,
GSE85491,0.00468089967727513,-0.06203393805304149,
GSE21699,0.00468089967727513,-0.06203393805304149,
GSE21580,0.00468089967727513,-0.06203393805304149,
GSE20851,0.00468089967727513,-0.06203393805304149,
GSE22001,0.00468089967727513,-0.06203393805304149,
GSE121611,0.00468089967727513,-0.06203393805304149,
GSE121654,0.00468089967727513,-0.06203393805304149,
GSE20846,0.00468089967727513,-0.06203393805304149,
GSE118898,0.00468089967727513,-0.06203393805304149,
GSE122331,0.00468089967727513,-0.06203393805304149,
GSE124829,0.00468089967727513,-0.06203393805304149,
GSE19066,0.00468089967727513,-0.06203393805304149,
GSE108367,0.00468089967727513,-0.06203393805304149,
GSE114997,0.00468089967727513,-0.06203393805304149,
GSE116177,0.00468089967727513,-0.06203393805304149,
GSE116525,0.00468089967727513,-0.06203393805304149,
GSE117978,0.00468089967727513,-0.06203393805304149,
GSE108402,0.00468089967727513,-0.06203393805304149,
GSE84341,0.00468089967727513,-0.06203393805304149,
GSE84357,0.00468089967727513,-0.06203393805304149,
GSE84961,0.00468089967727513,-0.06203393805304149,
GSE84953,0.00468089967727513,-0.06203393805304149,
GSE84370,0.00468089967727513,-0.06203393805304149,
GSE84946,0.00468089967727513,-0.06203393805304149,
GSE84914,0.00468089967727513,-0.06203393805304149,
GSE84919,0.00468089967727513,-0.06203393805304149,
GSE85128,0.00468089967727513,-0.06203393805304149,
GSE85098,0.00468089967727513,-0.06203393805304149,
GSE84943,0.00468089967727513,-0.06203393805304149,
GSE85039,0.00468089967727513,-0.06203393805304149,
GSE85018,0.00468089967727513,-0.06203393805304149,
GSE85249,0.00468089967727513,-0.06203393805304149,
GSE85234,0.00468089967727513,-0.06203393805304149,
GSE84724,0.00468089967727513,-0.06203393805304149,
GSE84703,0.00468089967727513,-0.06203393805304149,
GSE85278,0.00468089967727513,-0.06203393805304149,
GSE85302,0.00468089967727513,-0.06203393805304149,
GSE85303,0.00468089967727513,-0.06203393805304149,
GSE85308,0.00468089967727513,-0.06203393805304149,
GSE84878,0.00468089967727513,-0.06203393805304149,
GSE85316,0.00468089967727513,-0.06203393805304149,
GSE84945,0.00468089967727513,-0.06203393805304149,
GSE85329,0.00468089967727513,-0.06203393805304149,
GSE84820,0.00468089967727513,-0.06203393805304149,
GSE85385,0.00468089967727513,-0.06203393805304149,
GSE85136,0.00468089967727513,-0.06203393805304149,
GSE85152,0.00468089967727513,-0.06203393805304149,
GSE85154,0.00468089967727513,-0.06203393805304149,
GSE85193,0.00468089967727513,-0.06203393805304149,
GSE85209,0.00468089967727513,-0.06203393805304149,
GSE84832,0.00468089967727513,-0.06203393805304149,
GSE86568,0.00468089967727513,-0.06203393805304149,
GSE86609,0.00468089967727513,-0.06203393805304149,
GSE86623,0.00468089967727513,-0.06203393805304149,
GSE87354,0.00468089967727513,-0.06203393805304149,
GSE87387,0.00468089967727513,-0.06203393805304149,
GSE87404,0.00468089967727513,-0.06203393805304149,
GSE87450,0.00468089967727513,-0.06203393805304149,
GSE87219,0.00468089967727513,-0.06203393805304149,
GSE87266,0.00468089967727513,-0.06203393805304149,
GSE85750,0.00468089967727513,-0.06203393805304149,
GSE87299,0.00468089967727513,-0.06203393805304149,
GSE87321,0.00468089967727513,-0.06203393805304149,
GSE87341,0.00468089967727513,-0.06203393805304149,
GSE87344,0.00468089967727513,-0.06203393805304149,
GSE87119,0.00468089967727513,-0.06203393805304149,
GSE87127,0.00468089967727513,-0.06203393805304149,
GSE87130,0.00468089967727513,-0.06203393805304149,
GSE87144,0.00468089967727513,-0.06203393805304149,
GSE87181,0.00468089967727513,-0.06203393805304149,
GSE87293,0.00468089967727513,-0.06203393805304149,
GSE86188,0.00468089967727513,-0.06203393805304149,
GSE86929,0.00468089967727513,-0.06203393805304149,
GSE86949,0.00468089967727513,-0.06203393805304149,
GSE86955,0.00468089967727513,-0.06203393805304149,
GSE86962,0.00468089967727513,-0.06203393805304149,
GSE86976,0.00468089967727513,-0.06203393805304149,
GSE86997,0.00468089967727513,-0.06203393805304149,
GSE86865,0.00468089967727513,-0.06203393805304149,
GSE86868,0.00468089967727513,-0.06203393805304149,
GSE86521,0.00468089967727513,-0.06203393805304149,
GSE86907,0.00468089967727513,-0.06203393805304149,
GSE86922,0.00468089967727513,-0.06203393805304149,
GSE86631,0.00468089967727513,-0.06203393805304149,
GSE86780,0.00468089967727513,-0.06203393805304149,
GSE86788,0.00468089967727513,-0.06203393805304149,
GSE86790,0.00468089967727513,-0.06203393805304149,
GSE86837,0.00468089967727513,-0.06203393805304149,
GSE86850,0.00468089967727513,-0.06203393805304149,
GSE86520,0.00468089967727513,-0.06203393805304149,
GSE86901,0.00468089967727513,-0.06203393805304149,
GSE87542,0.00468089967727513,-0.06203393805304149,
GSE87544,0.00468089967727513,-0.06203393805304149,
GSE87561,0.00468089967727513,-0.06203393805304149,
GSE87565,0.00468089967727513,-0.06203393805304149,
GSE87569,0.00468089967727513,-0.06203393805304149,
GSE87464,0.00468089967727513,-0.06203393805304149,
GSE87504,0.00468089967727513,-0.06203393805304149,
GSE87511,0.00468089967727513,-0.06203393805304149,
GSE87512,0.00468089967727513,-0.06203393805304149,
GSE87183,0.00468089967727513,-0.06203393805304149,
GSE106678,0.00468089967727513,-0.06203393805304149,
GSE106692,0.00468089967727513,-0.06203393805304149,
GSE106709,0.00468089967727513,-0.06203393805304149,
GSE106760,0.00468089967727513,-0.06203393805304149,
GSE106895,0.00468089967727513,-0.06203393805304149,
GSE106550,0.00468089967727513,-0.06203393805304149,
GSE106575,0.00468089967727513,-0.06203393805304149,
GSE106586,0.00468089967727513,-0.06203393805304149,
GSE106663,0.00468089967727513,-0.06203393805304149,
GSE104990,0.00468089967727513,-0.06203393805304149,
GSE87202,0.00468089967727513,-0.06203393805304149,
GSE87212,0.00468089967727513,-0.06203393805304149,
GSE87046,0.00468089967727513,-0.06203393805304149,
GSE87050,0.00468089967727513,-0.06203393805304149,
GSE87051,0.00468089967727513,-0.06203393805304149,
GSE87069,0.00468089967727513,-0.06203393805304149,
GSE87084,0.00468089967727513,-0.06203393805304149,
GSE87113,0.00468089967727513,-0.06203393805304149,
GSE87635,0.00468089967727513,-0.06203393805304149,
GSE87531,0.00468089967727513,-0.06203393805304149,
GSE87694,0.00468089967727513,-0.06203393805304149,
GSE87743,0.00468089967727513,-0.06203393805304149,
GSE87758,0.00468089967727513,-0.06203393805304149,
GSE87586,0.00468089967727513,-0.06203393805304149,
GSE87602,0.00468089967727513,-0.06203393805304149,
GSE87606,0.00468089967727513,-0.06203393805304149,
GSE87608,0.00468089967727513,-0.06203393805304149,
GSE87623,0.00468089967727513,-0.06203393805304149,
GSE87631,0.00468089967727513,-0.06203393805304149,
GSE87632,0.00468089967727513,-0.06203393805304149,
GSE87644,0.00468089967727513,-0.06203393805304149,
GSE109165,0.00468089967727513,-0.06203393805304149,
GSE108438,0.00468089967727513,-0.06203393805304149,
GSE108678,0.00468089967727513,-0.06203393805304149,
GSE108080,0.00468089967727513,-0.06203393805304149,
GSE108106,0.00468089967727513,-0.06203393805304149,
GSE108108,0.00468089967727513,-0.06203393805304149,
GSE85450,0.00468089967727513,-0.06203393805304149,
GSE86043,0.00468089967727513,-0.06203393805304149,
GSE86071,0.00468089967727513,-0.06203393805304149,
GSE107122,0.00468089967727513,-0.06203393805304149,
GSE86083,0.00468089967727513,-0.06203393805304149,
GSE85931,0.00468089967727513,-0.06203393805304149,
GSE85936,0.00468089967727513,-0.06203393805304149,
GSE85967,0.00468089967727513,-0.06203393805304149,
GSE85875,0.00468089967727513,-0.06203393805304149,
GSE85929,0.00468089967727513,-0.06203393805304149,
GSE85723,0.00468089967727513,-0.06203393805304149,
GSE85727,0.00468089967727513,-0.06203393805304149,
GSE85737,0.00468089967727513,-0.06203393805304149,
GSE86079,0.00468089967727513,-0.06203393805304149,
GSE85498,0.00468089967727513,-0.06203393805304149,
GSE85505,0.00468089967727513,-0.06203393805304149,
GSE85512,0.00468089967727513,-0.06203393805304149,
GSE85519,0.00468089967727513,-0.06203393805304149,
GSE85520,0.00468089967727513,-0.06203393805304149,
GSE85391,0.00468089967727513,-0.06203393805304149,
GSE85414,0.00468089967727513,-0.06203393805304149,
GSE85423,0.00468089967727513,-0.06203393805304149,
GSE109238,0.00468089967727513,-0.06203393805304149,
GSE109152,0.00468089967727513,-0.06203393805304149,
GSE109345,0.00468089967727513,-0.06203393805304149,
GSE109362,0.00468089967727513,-0.06203393805304149,
GSE109404,0.00468089967727513,-0.06203393805304149,
GSE109418,0.00468089967727513,-0.06203393805304149,
GSE108836,0.00468089967727513,-0.06203393805304149,
GSE108917,0.00468089967727513,-0.06203393805304149,
GSE109002,0.00468089967727513,-0.06203393805304149,
GSE109032,0.00468089967727513,-0.06203393805304149,
GSE109099,0.00468089967727513,-0.06203393805304149,
GSE109125,0.00468089967727513,-0.06203393805304149,
GSE109285,0.00468089967727513,-0.06203393805304149,
GSE107849,0.00468089967727513,-0.06203393805304149,
GSE107915,0.00468089967727513,-0.06203393805304149,
GSE107925,0.00468089967727513,-0.06203393805304149,
GSE107958,0.00468089967727513,-0.06203393805304149,
GSE108045,0.00468089967727513,-0.06203393805304149,
GSE108067,0.00468089967727513,-0.06203393805304149,
GSE107623,0.00468089967727513,-0.06203393805304149,
GSE107632,0.00468089967727513,-0.06203393805304149,
GSE107643,0.00468089967727513,-0.06203393805304149,
GSE84526,0.00468089967727513,-0.06203393805304149,
GSE107740,0.00468089967727513,-0.06203393805304149,
GSE107338,0.00468089967727513,-0.06203393805304149,
GSE107389,0.00468089967727513,-0.06203393805304149,
GSE107413,0.00468089967727513,-0.06203393805304149,
GSE107583,0.00468089967727513,-0.06203393805304149,
GSE107586,0.00468089967727513,-0.06203393805304149,
GSE106913,0.00468089967727513,-0.06203393805304149,
GSE106969,0.00468089967727513,-0.06203393805304149,
GSE107115,0.00468089967727513,-0.06203393805304149,
GSE107678,0.00468089967727513,-0.06203393805304149,
GSE85763,0.00468089967727513,-0.06203393805304149,
GSE86396,0.00468089967727513,-0.06203393805304149,
GSE86417,0.00468089967727513,-0.06203393805304149,
GSE86460,0.00468089967727513,-0.06203393805304149,
GSE86479,0.00468089967727513,-0.06203393805304149,
GSE86297,0.00468089967727513,-0.06203393805304149,
GSE86310,0.00468089967727513,-0.06203393805304149,
GSE86318,0.00468089967727513,-0.06203393805304149,
GSE86338,0.00468089967727513,-0.06203393805304149,
GSE107840,0.00468089967727513,-0.06203393805304149,
GSE86366,0.00468089967727513,-0.06203393805304149,
GSE86199,0.00468089967727513,-0.06203393805304149,
GSE86204,0.00468089967727513,-0.06203393805304149,
GSE86209,0.00468089967727513,-0.06203393805304149,
GSE86248,0.00468089967727513,-0.06203393805304149,
GSE86261,0.00468089967727513,-0.06203393805304149,
GSE86288,0.00468089967727513,-0.06203393805304149,
GSE86110,0.00468089967727513,-0.06203393805304149,
GSE86167,0.00468089967727513,-0.06203393805304149,
GSE106349,0.00468089967727513,-0.06203393805304149,
GSE86339,0.00468089967727513,-0.06203393805304149,
GSE80120,0.00468089967727513,-0.06203393805304149,
GSE80804,0.00468089967727513,-0.06203393805304149,
GSE80812,0.00468089967727513,-0.06203393805304149,
GSE80960,0.00468089967727513,-0.06203393805304149,
GSE80964,0.00468089967727513,-0.06203393805304149,
GSE80972,0.00468089967727513,-0.06203393805304149,
GSE80664,0.00468089967727513,-0.06203393805304149,
GSE80669,0.00468089967727513,-0.06203393805304149,
GSE80671,0.00468089967727513,-0.06203393805304149,
GSE80682,0.00468089967727513,-0.06203393805304149,
GSE84256,0.00468089967727513,-0.06203393805304149,
GSE80745,0.00468089967727513,-0.06203393805304149,
GSE80503,0.00468089967727513,-0.06203393805304149,
GSE80550,0.00468089967727513,-0.06203393805304149,
GSE80587,0.00468089967727513,-0.06203393805304149,
GSE80588,0.00468089967727513,-0.06203393805304149,
GSE80597,0.00468089967727513,-0.06203393805304149,
GSE80636,0.00468089967727513,-0.06203393805304149,
GSE80425,0.00468089967727513,-0.06203393805304149,
GSE80433,0.00468089967727513,-0.06203393805304149,
GSE80444,0.00468089967727513,-0.06203393805304149,
GSE80708,0.00468089967727513,-0.06203393805304149,
GSE79758,0.00468089967727513,-0.06203393805304149,
GSE80326,0.00468089967727513,-0.06203393805304149,
GSE80353,0.00468089967727513,-0.06203393805304149,
GSE80354,0.00468089967727513,-0.06203393805304149,
GSE80375,0.00468089967727513,-0.06203393805304149,
GSE80187,0.00468089967727513,-0.06203393805304149,
GSE80204,0.00468089967727513,-0.06203393805304149,
GSE80206,0.00468089967727513,-0.06203393805304149,
GSE80222,0.00468089967727513,-0.06203393805304149,
GSE80232,0.00468089967727513,-0.06203393805304149,
GSE80087,0.00468089967727513,-0.06203393805304149,
GSE80268,0.00468089967727513,-0.06203393805304149,
GSE80280,0.00468089967727513,-0.06203393805304149,
GSE80121,0.00468089967727513,-0.06203393805304149,
GSE80122,0.00468089967727513,-0.06203393805304149,
GSE80128,0.00468089967727513,-0.06203393805304149,
GSE80160,0.00468089967727513,-0.06203393805304149,
GSE80162,0.00468089967727513,-0.06203393805304149,
GSE80166,0.00468089967727513,-0.06203393805304149,
GSE80168,0.00468089967727513,-0.06203393805304149,
GSE80044,0.00468089967727513,-0.06203393805304149,
GSE80262,0.00468089967727513,-0.06203393805304149,
GSE36871,0.00468089967727513,-0.06203393805304149,
GSE36872,0.00468089967727513,-0.06203393805304149,
GSE36873,0.00468089967727513,-0.06203393805304149,
GSE36882,0.00468089967727513,-0.06203393805304149,
GSE36892,0.00468089967727513,-0.06203393805304149,
GSE36896,0.00468089967727513,-0.06203393805304149,
GSE37018,0.00468089967727513,-0.06203393805304149,
GSE36103,0.00468089967727513,-0.06203393805304149,
GSE36232,0.00468089967727513,-0.06203393805304149,
GSE36290,0.00468089967727513,-0.06203393805304149,
GSE80446,0.00468089967727513,-0.06203393805304149,
GSE36799,0.00468089967727513,-0.06203393805304149,
GSE35626,0.00468089967727513,-0.06203393805304149,
GSE35681,0.00468089967727513,-0.06203393805304149,
GSE35724,0.00468089967727513,-0.06203393805304149,
GSE35838,0.00468089967727513,-0.06203393805304149,
GSE36005,0.00468089967727513,-0.06203393805304149,
GSE35510,0.00468089967727513,-0.06203393805304149,
GSE81082,0.00468089967727513,-0.06203393805304149,
GSE81559,0.00468089967727513,-0.06203393805304149,
GSE81576,0.00468089967727513,-0.06203393805304149,
GSE36567,0.00468089967727513,-0.06203393805304149,
GSE80473,0.00468089967727513,-0.06203393805304149,
GSE81237,0.00468089967727513,-0.06203393805304149,
GSE81251,0.00468089967727513,-0.06203393805304149,
GSE81257,0.00468089967727513,-0.06203393805304149,
GSE81283,0.00468089967727513,-0.06203393805304149,
GSE81286,0.00468089967727513,-0.06203393805304149,
GSE81181,0.00468089967727513,-0.06203393805304149,
GSE81191,0.00468089967727513,-0.06203393805304149,
GSE81197,0.00468089967727513,-0.06203393805304149,
GSE81206,0.00468089967727513,-0.06203393805304149,
GSE31555,0.00468089967727513,-0.06203393805304149,
GSE81230,0.00468089967727513,-0.06203393805304149,
GSE81095,0.00468089967727513,-0.06203393805304149,
GSE81097,0.00468089967727513,-0.06203393805304149,
GSE81140,0.00468089967727513,-0.06203393805304149,
GSE81149,0.00468089967727513,-0.06203393805304149,
GSE80976,0.00468089967727513,-0.06203393805304149,
GSE81017,0.00468089967727513,-0.06203393805304149,
GSE81044,0.00468089967727513,-0.06203393805304149,
GSE81055,0.00468089967727513,-0.06203393805304149,
GSE31530,0.00468089967727513,-0.06203393805304149,
GSE81222,0.00468089967727513,-0.06203393805304149,
GSE79578,0.00468089967727513,-0.06203393805304149,
GSE79580,0.00468089967727513,-0.06203393805304149,
GSE79600,0.00468089967727513,-0.06203393805304149,
GSE79602,0.00468089967727513,-0.06203393805304149,
GSE79443,0.00468089967727513,-0.06203393805304149,
GSE79452,0.00468089967727513,-0.06203393805304149,
GSE79457,0.00468089967727513,-0.06203393805304149,
GSE79487,0.00468089967727513,-0.06203393805304149,
GSE79510,0.00468089967727513,-0.06203393805304149,
GSE79525,0.00468089967727513,-0.06203393805304149,
GSE79756,0.00468089967727513,-0.06203393805304149,
GSE79408,0.00468089967727513,-0.06203393805304149,
GSE79410,0.00468089967727513,-0.06203393805304149,
GSE79416,0.00468089967727513,-0.06203393805304149,
GSE79423,0.00468089967727513,-0.06203393805304149,
GSE79436,0.00468089967727513,-0.06203393805304149,
GSE79941,0.00468089967727513,-0.06203393805304149,
GSE79951,0.00468089967727513,-0.06203393805304149,
GSE79975,0.00468089967727513,-0.06203393805304149,
GSE79993,0.00468089967727513,-0.06203393805304149,
GSE79996,0.00468089967727513,-0.06203393805304149,
GSE79403,0.00468089967727513,-0.06203393805304149,
GSE79124,0.00468089967727513,-0.06203393805304149,
GSE79137,0.00468089967727513,-0.06203393805304149,
GSE79169,0.00468089967727513,-0.06203393805304149,
GSE79039,0.00468089967727513,-0.06203393805304149,
GSE79061,0.00468089967727513,-0.06203393805304149,
GSE79068,0.00468089967727513,-0.06203393805304149,
GSE79086,0.00468089967727513,-0.06203393805304149,
GSE79105,0.00468089967727513,-0.06203393805304149,
GSE78973,0.00468089967727513,-0.06203393805304149,
GSE78974,0.00468089967727513,-0.06203393805304149,
GSE79561,0.00468089967727513,-0.06203393805304149,
GSE79013,0.00468089967727513,-0.06203393805304149,
GSE79014,0.00468089967727513,-0.06203393805304149,
GSE79018,0.00468089967727513,-0.06203393805304149,
GSE79028,0.00468089967727513,-0.06203393805304149,
GSE79638,0.00468089967727513,-0.06203393805304149,
GSE79661,0.00468089967727513,-0.06203393805304149,
GSE79672,0.00468089967727513,-0.06203393805304149,
GSE79685,0.00468089967727513,-0.06203393805304149,
GSE79696,0.00468089967727513,-0.06203393805304149,
GSE79543,0.00468089967727513,-0.06203393805304149,
GSE78996,0.00468089967727513,-0.06203393805304149,
GSE38596,0.00468089967727513,-0.06203393805304149,
GSE38669,0.00468089967727513,-0.06203393805304149,
GSE38808,0.00468089967727513,-0.06203393805304149,
GSE38838,0.00468089967727513,-0.06203393805304149,
GSE38841,0.00468089967727513,-0.06203393805304149,
GSE38198,0.00468089967727513,-0.06203393805304149,
GSE38236,0.00468089967727513,-0.06203393805304149,
GSE38359,0.00468089967727513,-0.06203393805304149,
GSE38371,0.00468089967727513,-0.06203393805304149,
GSE38539,0.00468089967727513,-0.06203393805304149,
GSE80032,0.00468089967727513,-0.06203393805304149,
GSE37685,0.00468089967727513,-0.06203393805304149,
GSE37746,0.00468089967727513,-0.06203393805304149,
GSE37909,0.00468089967727513,-0.06203393805304149,
GSE37933,0.00468089967727513,-0.06203393805304149,
GSE37952,0.00468089967727513,-0.06203393805304149,
GSE37150,0.00468089967727513,-0.06203393805304149,
GSE37184,0.00468089967727513,-0.06203393805304149,
GSE37228,0.00468089967727513,-0.06203393805304149,
GSE37236,0.00468089967727513,-0.06203393805304149,
GSE37338,0.00468089967727513,-0.06203393805304149,
GSE37646,0.00468089967727513,-0.06203393805304149,
GSE80036,0.00468089967727513,-0.06203393805304149,
GSE79863,0.00468089967727513,-0.06203393805304149,
GSE79883,0.00468089967727513,-0.06203393805304149,
GSE79898,0.00468089967727513,-0.06203393805304149,
GSE79902,0.00468089967727513,-0.06203393805304149,
GSE79929,0.00468089967727513,-0.06203393805304149,
GSE79937,0.00468089967727513,-0.06203393805304149,
GSE79790,0.00468089967727513,-0.06203393805304149,
GSE79791,0.00468089967727513,-0.06203393805304149,
GSE79796,0.00468089967727513,-0.06203393805304149,
GSE35599,0.00468089967727513,-0.06203393805304149,
GSE79814,0.00468089967727513,-0.06203393805304149,
GSE79818,0.00468089967727513,-0.06203393805304149,
GSE79824,0.00468089967727513,-0.06203393805304149,
GSE79848,0.00468089967727513,-0.06203393805304149,
GSE79698,0.00468089967727513,-0.06203393805304149,
GSE79700,0.00468089967727513,-0.06203393805304149,
GSE79702,0.00468089967727513,-0.06203393805304149,
GSE79723,0.00468089967727513,-0.06203393805304149,
GSE79739,0.00468089967727513,-0.06203393805304149,
GSE35553,0.00468089967727513,-0.06203393805304149,
GSE79812,0.00468089967727513,-0.06203393805304149,
GSE83848,0.00468089967727513,-0.06203393805304149,
GSE83865,0.00468089967727513,-0.06203393805304149,
GSE83867,0.00468089967727513,-0.06203393805304149,
GSE83868,0.00468089967727513,-0.06203393805304149,
GSE83885,0.00468089967727513,-0.06203393805304149,
GSE83755,0.00468089967727513,-0.06203393805304149,
GSE83762,0.00468089967727513,-0.06203393805304149,
GSE83796,0.00468089967727513,-0.06203393805304149,
GSE83809,0.00468089967727513,-0.06203393805304149,
GSE83823,0.00468089967727513,-0.06203393805304149,
GSE81587,0.00468089967727513,-0.06203393805304149,
GSE83624,0.00468089967727513,-0.06203393805304149,
GSE83636,0.00468089967727513,-0.06203393805304149,
GSE83684,0.00468089967727513,-0.06203393805304149,
GSE83720,0.00468089967727513,-0.06203393805304149,
GSE83734,0.00468089967727513,-0.06203393805304149,
GSE83736,0.00468089967727513,-0.06203393805304149,
GSE83506,0.00468089967727513,-0.06203393805304149,
GSE83529,0.00468089967727513,-0.06203393805304149,
GSE83541,0.00468089967727513,-0.06203393805304149,
GSE83555,0.00468089967727513,-0.06203393805304149,
GSE83841,0.00468089967727513,-0.06203393805304149,
GSE83436,0.00468089967727513,-0.06203393805304149,
GSE83465,0.00468089967727513,-0.06203393805304149,
GSE83467,0.00468089967727513,-0.06203393805304149,
GSE83471,0.00468089967727513,-0.06203393805304149,
GSE83474,0.00468089967727513,-0.06203393805304149,
GSE83340,0.00468089967727513,-0.06203393805304149,
GSE83350,0.00468089967727513,-0.06203393805304149,
GSE83356,0.00468089967727513,-0.06203393805304149,
GSE83368,0.00468089967727513,-0.06203393805304149,
GSE83373,0.00468089967727513,-0.06203393805304149,
GSE83243,0.00468089967727513,-0.06203393805304149,
GSE83265,0.00468089967727513,-0.06203393805304149,
GSE83295,0.00468089967727513,-0.06203393805304149,
GSE83298,0.00468089967727513,-0.06203393805304149,
GSE83311,0.00468089967727513,-0.06203393805304149,
GSE83312,0.00468089967727513,-0.06203393805304149,
GSE83315,0.00468089967727513,-0.06203393805304149,
GSE83332,0.00468089967727513,-0.06203393805304149,
GSE83218,0.00468089967727513,-0.06203393805304149,
GSE83222,0.00468089967727513,-0.06203393805304149,
GSE83229,0.00468089967727513,-0.06203393805304149,
GSE83264,0.00468089967727513,-0.06203393805304149,
GSE30578,0.00468089967727513,-0.06203393805304149,
GSE30581,0.00468089967727513,-0.06203393805304149,
GSE30641,0.00468089967727513,-0.06203393805304149,
GSE30765,0.00468089967727513,-0.06203393805304149,
GSE30839,0.00468089967727513,-0.06203393805304149,
GSE28207,0.00468089967727513,-0.06203393805304149,
GSE28532,0.00468089967727513,-0.06203393805304149,
GSE28666,0.00468089967727513,-0.06203393805304149,
GSE29278,0.00468089967727513,-0.06203393805304149,
GSE29413,0.00468089967727513,-0.06203393805304149,
GSE83567,0.00468089967727513,-0.06203393805304149,
GSE26337,0.00468089967727513,-0.06203393805304149,
GSE27016,0.00468089967727513,-0.06203393805304149,
GSE27201,0.00468089967727513,-0.06203393805304149,
GSE27218,0.00468089967727513,-0.06203393805304149,
GSE27623,0.00468089967727513,-0.06203393805304149,
GSE22131,0.00468089967727513,-0.06203393805304149,
GSE23943,0.00468089967727513,-0.06203393805304149,
GSE25409,0.00468089967727513,-0.06203393805304149,
GSE83978,0.00468089967727513,-0.06203393805304149,
GSE83991,0.00468089967727513,-0.06203393805304149,
GSE26248,0.00468089967727513,-0.06203393805304149,
GSE84164,0.00468089967727513,-0.06203393805304149,
GSE84175,0.00468089967727513,-0.06203393805304149,
GSE106386,0.00468089967727513,-0.06203393805304149,
GSE84257,0.00468089967727513,-0.06203393805304149,
GSE84125,0.00468089967727513,-0.06203393805304149,
GSE84139,0.00468089967727513,-0.06203393805304149,
GSE84145,0.00468089967727513,-0.06203393805304149,
GSE84148,0.00468089967727513,-0.06203393805304149,
GSE84158,0.00468089967727513,-0.06203393805304149,
GSE83993,0.00468089967727513,-0.06203393805304149,
GSE29898,0.00468089967727513,-0.06203393805304149,
GSE84050,0.00468089967727513,-0.06203393805304149,
GSE84055,0.00468089967727513,-0.06203393805304149,
GSE84061,0.00468089967727513,-0.06203393805304149,
GSE84063,0.00468089967727513,-0.06203393805304149,
GSE84112,0.00468089967727513,-0.06203393805304149,
GSE83931,0.00468089967727513,-0.06203393805304149,
GSE83948,0.00468089967727513,-0.06203393805304149,
GSE83961,0.00468089967727513,-0.06203393805304149,
GSE83963,0.00468089967727513,-0.06203393805304149,
GSE29752,0.00468089967727513,-0.06203393805304149,
GSE84037,0.00468089967727513,-0.06203393805304149,
GSE81904,0.00468089967727513,-0.06203393805304149,
GSE81925,0.00468089967727513,-0.06203393805304149,
GSE81990,0.00468089967727513,-0.06203393805304149,
GSE81999,0.00468089967727513,-0.06203393805304149,
GSE82000,0.00468089967727513,-0.06203393805304149,
GSE81842,0.00468089967727513,-0.06203393805304149,
GSE81849,0.00468089967727513,-0.06203393805304149,
GSE81875,0.00468089967727513,-0.06203393805304149,
GSE81882,0.00468089967727513,-0.06203393805304149,
GSE81885,0.00468089967727513,-0.06203393805304149,
GSE83405,0.00468089967727513,-0.06203393805304149,
GSE81686,0.00468089967727513,-0.06203393805304149,
GSE81716,0.00468089967727513,-0.06203393805304149,
GSE81724,0.00468089967727513,-0.06203393805304149,
GSE81741,0.00468089967727513,-0.06203393805304149,
GSE81783,0.00468089967727513,-0.06203393805304149,
GSE81803,0.00468089967727513,-0.06203393805304149,
GSE81830,0.00468089967727513,-0.06203393805304149,
GSE83114,0.00468089967727513,-0.06203393805304149,
GSE83127,0.00468089967727513,-0.06203393805304149,
GSE83134,0.00468089967727513,-0.06203393805304149,
GSE81902,0.00468089967727513,-0.06203393805304149,
GSE81670,0.00468089967727513,-0.06203393805304149,
GSE81672,0.00468089967727513,-0.06203393805304149,
GSE81682,0.00468089967727513,-0.06203393805304149,
GSE81467,0.00468089967727513,-0.06203393805304149,
GSE81489,0.00468089967727513,-0.06203393805304149,
GSE81494,0.00468089967727513,-0.06203393805304149,
GSE81505,0.00468089967727513,-0.06203393805304149,
GSE81411,0.00468089967727513,-0.06203393805304149,
GSE81424,0.00468089967727513,-0.06203393805304149,
GSE81432,0.00468089967727513,-0.06203393805304149,
GSE82068,0.00468089967727513,-0.06203393805304149,
GSE81357,0.00468089967727513,-0.06203393805304149,
GSE81367,0.00468089967727513,-0.06203393805304149,
GSE81384,0.00468089967727513,-0.06203393805304149,
GSE81385,0.00468089967727513,-0.06203393805304149,
GSE82002,0.00468089967727513,-0.06203393805304149,
GSE82008,0.00468089967727513,-0.06203393805304149,
GSE82013,0.00468089967727513,-0.06203393805304149,
GSE82014,0.00468089967727513,-0.06203393805304149,
GSE82031,0.00468089967727513,-0.06203393805304149,
GSE82043,0.00468089967727513,-0.06203393805304149,
GSE81311,0.00468089967727513,-0.06203393805304149,
GSE33979,0.00468089967727513,-0.06203393805304149,
GSE34030,0.00468089967727513,-0.06203393805304149,
GSE34483,0.00468089967727513,-0.06203393805304149,
GSE34550,0.00468089967727513,-0.06203393805304149,
GSE34854,0.00468089967727513,-0.06203393805304149,
GSE33343,0.00468089967727513,-0.06203393805304149,
GSE33468,0.00468089967727513,-0.06203393805304149,
GSE33527,0.00468089967727513,-0.06203393805304149,
GSE33815,0.00468089967727513,-0.06203393805304149,
GSE33920,0.00468089967727513,-0.06203393805304149,
GSE83144,0.00468089967727513,-0.06203393805304149,
GSE31920,0.00468089967727513,-0.06203393805304149,
GSE32916,0.00468089967727513,-0.06203393805304149,
GSE33060,0.00468089967727513,-0.06203393805304149,
GSE33141,0.00468089967727513,-0.06203393805304149,
GSE31182,0.00468089967727513,-0.06203393805304149,
GSE31234,0.00468089967727513,-0.06203393805304149,
GSE31385,0.00468089967727513,-0.06203393805304149,
GSE82157,0.00468089967727513,-0.06203393805304149,
GSE82158,0.00468089967727513,-0.06203393805304149,
GSE83394,0.00468089967727513,-0.06203393805304149,
GSE31843,0.00468089967727513,-0.06203393805304149,
GSE83145,0.00468089967727513,-0.06203393805304149,
GSE83153,0.00468089967727513,-0.06203393805304149,
GSE83204,0.00468089967727513,-0.06203393805304149,
GSE83217,0.00468089967727513,-0.06203393805304149,
GSE82275,0.00468089967727513,-0.06203393805304149,
GSE82282,0.00468089967727513,-0.06203393805304149,
GSE82294,0.00468089967727513,-0.06203393805304149,
GSE82300,0.00468089967727513,-0.06203393805304149,
GSE83084,0.00468089967727513,-0.06203393805304149,
GSE83099,0.00468089967727513,-0.06203393805304149,
GSE33922,0.00468089967727513,-0.06203393805304149,
GSE82174,0.00468089967727513,-0.06203393805304149,
GSE82187,0.00468089967727513,-0.06203393805304149,
GSE82192,0.00468089967727513,-0.06203393805304149,
GSE82210,0.00468089967727513,-0.06203393805304149,
GSE82072,0.00468089967727513,-0.06203393805304149,
GSE82073,0.00468089967727513,-0.06203393805304149,
GSE82076,0.00468089967727513,-0.06203393805304149,
GSE82144,0.00468089967727513,-0.06203393805304149,
GSE25602,0.00468089967727513,-0.06203393805304149,
GSE25626,0.00468089967727513,-0.06203393805304149,
GSE82164,0.00468089967727513,-0.06203393805304149,
GSE96638,0.00468089967727513,-0.06203393805304149,
GSE96644,0.00468089967727513,-0.06203393805304149,
GSE96661,0.00468089967727513,-0.06203393805304149,
GSE96679,0.00468089967727513,-0.06203393805304149,
GSE96107,0.00468089967727513,-0.06203393805304149,
GSE96518,0.00468089967727513,-0.06203393805304149,
GSE96526,0.00468089967727513,-0.06203393805304149,
GSE96541,0.00468089967727513,-0.06203393805304149,
GSE96552,0.00468089967727513,-0.06203393805304149,
GSE96561,0.00468089967727513,-0.06203393805304149,
GSE88949,0.00468089967727513,-0.06203393805304149,
GSE96059,0.00468089967727513,-0.06203393805304149,
GSE96061,0.00468089967727513,-0.06203393805304149,
GSE96086,0.00468089967727513,-0.06203393805304149,
GSE96093,0.00468089967727513,-0.06203393805304149,
GSE96096,0.00468089967727513,-0.06203393805304149,
GSE96103,0.00468089967727513,-0.06203393805304149,
GSE96104,0.00468089967727513,-0.06203393805304149,
GSE96105,0.00468089967727513,-0.06203393805304149,
GSE95826,0.00468089967727513,-0.06203393805304149,
GSE95832,0.00468089967727513,-0.06203393805304149,
GSE96592,0.00468089967727513,-0.06203393805304149,
GSE95762,0.00468089967727513,-0.06203393805304149,
GSE95811,0.00468089967727513,-0.06203393805304149,
GSE95672,0.00468089967727513,-0.06203393805304149,
GSE95682,0.00468089967727513,-0.06203393805304149,
GSE95685,0.00468089967727513,-0.06203393805304149,
GSE95687,0.00468089967727513,-0.06203393805304149,
GSE95692,0.00468089967727513,-0.06203393805304149,
GSE95701,0.00468089967727513,-0.06203393805304149,
GSE95533,0.00468089967727513,-0.06203393805304149,
GSE95583,0.00468089967727513,-0.06203393805304149,
GSE96627,0.00468089967727513,-0.06203393805304149,
GSE95629,0.00468089967727513,-0.06203393805304149,
GSE95631,0.00468089967727513,-0.06203393805304149,
GSE95649,0.00468089967727513,-0.06203393805304149,
GSE95432,0.00468089967727513,-0.06203393805304149,
GSE95434,0.00468089967727513,-0.06203393805304149,
GSE95436,0.00468089967727513,-0.06203393805304149,
GSE95445,0.00468089967727513,-0.06203393805304149,
GSE95448,0.00468089967727513,-0.06203393805304149,
GSE96607,0.00468089967727513,-0.06203393805304149,
GSE96626,0.00468089967727513,-0.06203393805304149,
GSE95602,0.00468089967727513,-0.06203393805304149,
GSE96919,0.00468089967727513,-0.06203393805304149,
GSE96680,0.00468089967727513,-0.06203393805304149,
GSE96684,0.00468089967727513,-0.06203393805304149,
GSE101552,0.00468089967727513,-0.06203393805304149,
GSE102227,0.00468089967727513,-0.06203393805304149,
GSE102269,0.00468089967727513,-0.06203393805304149,
GSE102299,0.00468089967727513,-0.06203393805304149,
GSE102317,0.00468089967727513,-0.06203393805304149,
GSE102334,0.00468089967727513,-0.06203393805304149,
GSE102014,0.00468089967727513,-0.06203393805304149,
GSE95833,0.00468089967727513,-0.06203393805304149,
GSE102123,0.00468089967727513,-0.06203393805304149,
GSE102159,0.00468089967727513,-0.06203393805304149,
GSE102161,0.00468089967727513,-0.06203393805304149,
GSE101939,0.00468089967727513,-0.06203393805304149,
GSE101957,0.00468089967727513,-0.06203393805304149,
GSE101984,0.00468089967727513,-0.06203393805304149,
GSE101986,0.00468089967727513,-0.06203393805304149,
GSE101994,0.00468089967727513,-0.06203393805304149,
GSE101995,0.00468089967727513,-0.06203393805304149,
GSE101838,0.00468089967727513,-0.06203393805304149,
GSE102020,0.00468089967727513,-0.06203393805304149,
GSE95835,0.00468089967727513,-0.06203393805304149,
GSE95859,0.00468089967727513,-0.06203393805304149,
GSE96054,0.00468089967727513,-0.06203393805304149,
GSE96055,0.00468089967727513,-0.06203393805304149,
GSE96991,0.00468089967727513,-0.06203393805304149,
GSE97026,0.00468089967727513,-0.06203393805304149,
GSE97032,0.00468089967727513,-0.06203393805304149,
GSE97037,0.00468089967727513,-0.06203393805304149,
GSE97054,0.00468089967727513,-0.06203393805304149,
GSE96939,0.00468089967727513,-0.06203393805304149,
GSE96889,0.00468089967727513,-0.06203393805304149,
GSE96957,0.00468089967727513,-0.06203393805304149,
GSE96960,0.00468089967727513,-0.06203393805304149,
GSE96966,0.00468089967727513,-0.06203393805304149,
GSE96968,0.00468089967727513,-0.06203393805304149,
GSE96972,0.00468089967727513,-0.06203393805304149,
GSE96988,0.00468089967727513,-0.06203393805304149,
GSE96738,0.00468089967727513,-0.06203393805304149,
GSE96766,0.00468089967727513,-0.06203393805304149,
GSE96818,0.00468089967727513,-0.06203393805304149,
GSE96870,0.00468089967727513,-0.06203393805304149,
GSE96950,0.00468089967727513,-0.06203393805304149,
GSE94965,0.00468089967727513,-0.06203393805304149,
GSE94778,0.00468089967727513,-0.06203393805304149,
GSE94791,0.00468089967727513,-0.06203393805304149,
GSE94802,0.00468089967727513,-0.06203393805304149,
GSE94813,0.00468089967727513,-0.06203393805304149,
GSE94821,0.00468089967727513,-0.06203393805304149,
GSE94661,0.00468089967727513,-0.06203393805304149,
GSE94671,0.00468089967727513,-0.06203393805304149,
GSE94673,0.00468089967727513,-0.06203393805304149,
GSE94685,0.00468089967727513,-0.06203393805304149,
GSE95752,0.00468089967727513,-0.06203393805304149,
GSE94761,0.00468089967727513,-0.06203393805304149,
GSE94774,0.00468089967727513,-0.06203393805304149,
GSE94595,0.00468089967727513,-0.06203393805304149,
GSE94602,0.00468089967727513,-0.06203393805304149,
GSE94626,0.00468089967727513,-0.06203393805304149,
GSE94641,0.00468089967727513,-0.06203393805304149,
GSE101903,0.00468089967727513,-0.06203393805304149,
GSE101905,0.00468089967727513,-0.06203393805304149,
GSE102789,0.00468089967727513,-0.06203393805304149,
GSE102808,0.00468089967727513,-0.06203393805304149,
GSE94749,0.00468089967727513,-0.06203393805304149,
GSE94559,0.00468089967727513,-0.06203393805304149,
GSE94560,0.00468089967727513,-0.06203393805304149,
GSE94579,0.00468089967727513,-0.06203393805304149,
GSE94581,0.00468089967727513,-0.06203393805304149,
GSE94387,0.00468089967727513,-0.06203393805304149,
GSE94388,0.00468089967727513,-0.06203393805304149,
GSE94413,0.00468089967727513,-0.06203393805304149,
GSE94444,0.00468089967727513,-0.06203393805304149,
GSE94481,0.00468089967727513,-0.06203393805304149,
GSE94482,0.00468089967727513,-0.06203393805304149,
GSE94939,0.00468089967727513,-0.06203393805304149,
GSE94306,0.00468089967727513,-0.06203393805304149,
GSE94333,0.00468089967727513,-0.06203393805304149,
GSE94383,0.00468089967727513,-0.06203393805304149,
GSE94385,0.00468089967727513,-0.06203393805304149,
GSE94239,0.00468089967727513,-0.06203393805304149,
GSE94246,0.00468089967727513,-0.06203393805304149,
GSE94257,0.00468089967727513,-0.06203393805304149,
GSE94843,0.00468089967727513,-0.06203393805304149,
GSE94857,0.00468089967727513,-0.06203393805304149,
GSE94883,0.00468089967727513,-0.06203393805304149,
GSE94525,0.00468089967727513,-0.06203393805304149,
GSE95341,0.00468089967727513,-0.06203393805304149,
GSE95363,0.00468089967727513,-0.06203393805304149,
GSE95383,0.00468089967727513,-0.06203393805304149,
GSE95401,0.00468089967727513,-0.06203393805304149,
GSE95411,0.00468089967727513,-0.06203393805304149,
GSE95182,0.00468089967727513,-0.06203393805304149,
GSE95251,0.00468089967727513,-0.06203393805304149,
GSE95257,0.00468089967727513,-0.06203393805304149,
GSE95315,0.00468089967727513,-0.06203393805304149,
GSE95337,0.00468089967727513,-0.06203393805304149,
GSE102817,0.00468089967727513,-0.06203393805304149,
GSE95111,0.00468089967727513,-0.06203393805304149,
GSE95138,0.00468089967727513,-0.06203393805304149,
GSE95002,0.00468089967727513,-0.06203393805304149,
GSE95008,0.00468089967727513,-0.06203393805304149,
GSE95016,0.00468089967727513,-0.06203393805304149,
GSE95056,0.00468089967727513,-0.06203393805304149,
GSE95712,0.00468089967727513,-0.06203393805304149,
GSE95734,0.00468089967727513,-0.06203393805304149,
GSE95739,0.00468089967727513,-0.06203393805304149,
GSE95740,0.00468089967727513,-0.06203393805304149,
GSE95105,0.00468089967727513,-0.06203393805304149,
GSE102827,0.00468089967727513,-0.06203393805304149,
GSE102856,0.00468089967727513,-0.06203393805304149,
GSE102857,0.00468089967727513,-0.06203393805304149,
GSE102858,0.00468089967727513,-0.06203393805304149,
GSE102867,0.00468089967727513,-0.06203393805304149,
GSE102688,0.00468089967727513,-0.06203393805304149,
GSE102721,0.00468089967727513,-0.06203393805304149,
GSE102727,0.00468089967727513,-0.06203393805304149,
GSE102757,0.00468089967727513,-0.06203393805304149,
GSE102768,0.00468089967727513,-0.06203393805304149,
GSE102562,0.00468089967727513,-0.06203393805304149,
GSE102783,0.00468089967727513,-0.06203393805304149,
GSE102597,0.00468089967727513,-0.06203393805304149,
GSE102642,0.00468089967727513,-0.06203393805304149,
GSE102659,0.00468089967727513,-0.06203393805304149,
GSE102675,0.00468089967727513,-0.06203393805304149,
GSE102685,0.00468089967727513,-0.06203393805304149,
GSE102443,0.00468089967727513,-0.06203393805304149,
GSE102446,0.00468089967727513,-0.06203393805304149,
GSE102454,0.00468089967727513,-0.06203393805304149,
GSE102491,0.00468089967727513,-0.06203393805304149,
GSE102772,0.00468089967727513,-0.06203393805304149,
GSE99093,0.00468089967727513,-0.06203393805304149,
GSE99112,0.00468089967727513,-0.06203393805304149,
GSE99120,0.00468089967727513,-0.06203393805304149,
GSE99121,0.00468089967727513,-0.06203393805304149,
GSE99144,0.00468089967727513,-0.06203393805304149,
GSE99331,0.00468089967727513,-0.06203393805304149,
GSE99347,0.00468089967727513,-0.06203393805304149,
GSE99363,0.00468089967727513,-0.06203393805304149,
GSE99372,0.00468089967727513,-0.06203393805304149,
GSE99160,0.00468089967727513,-0.06203393805304149,
GSE101865,0.00468089967727513,-0.06203393805304149,
GSE100858,0.00468089967727513,-0.06203393805304149,
GSE99233,0.00468089967727513,-0.06203393805304149,
GSE99235,0.00468089967727513,-0.06203393805304149,
GSE99250,0.00468089967727513,-0.06203393805304149,
GSE99735,0.00468089967727513,-0.06203393805304149,
GSE100457,0.00468089967727513,-0.06203393805304149,
GSE100464,0.00468089967727513,-0.06203393805304149,
GSE100532,0.00468089967727513,-0.06203393805304149,
GSE100570,0.00468089967727513,-0.06203393805304149,
GSE100597,0.00468089967727513,-0.06203393805304149,
GSE99164,0.00468089967727513,-0.06203393805304149,
GSE98724,0.00468089967727513,-0.06203393805304149,
GSE98725,0.00468089967727513,-0.06203393805304149,
GSE98739,0.00468089967727513,-0.06203393805304149,
GSE98759,0.00468089967727513,-0.06203393805304149,
GSE98567,0.00468089967727513,-0.06203393805304149,
GSE98592,0.00468089967727513,-0.06203393805304149,
GSE98622,0.00468089967727513,-0.06203393805304149,
GSE98650,0.00468089967727513,-0.06203393805304149,
GSE98668,0.00468089967727513,-0.06203393805304149,
GSE98671,0.00468089967727513,-0.06203393805304149,
GSE99076,0.00468089967727513,-0.06203393805304149,
GSE98507,0.00468089967727513,-0.06203393805304149,
GSE98510,0.00468089967727513,-0.06203393805304149,
GSE98517,0.00468089967727513,-0.06203393805304149,
GSE98527,0.00468089967727513,-0.06203393805304149,
GSE98423,0.00468089967727513,-0.06203393805304149,
GSE98436,0.00468089967727513,-0.06203393805304149,
GSE98451,0.00468089967727513,-0.06203393805304149,
GSE98468,0.00468089967727513,-0.06203393805304149,
GSE98473,0.00468089967727513,-0.06203393805304149,
GSE98479,0.00468089967727513,-0.06203393805304149,
GSE98492,0.00468089967727513,-0.06203393805304149,
GSE98906,0.00468089967727513,-0.06203393805304149,
GSE98778,0.00468089967727513,-0.06203393805304149,
GSE98782,0.00468089967727513,-0.06203393805304149,
GSE98794,0.00468089967727513,-0.06203393805304149,
GSE99260,0.00468089967727513,-0.06203393805304149,
GSE100981,0.00468089967727513,-0.06203393805304149,
GSE100990,0.00468089967727513,-0.06203393805304149,
GSE101016,0.00468089967727513,-0.06203393805304149,
GSE101092,0.00468089967727513,-0.06203393805304149,
GSE101125,0.00468089967727513,-0.06203393805304149,
GSE100356,0.00468089967727513,-0.06203393805304149,
GSE100863,0.00468089967727513,-0.06203393805304149,
GSE100873,0.00468089967727513,-0.06203393805304149,
GSE100888,0.00468089967727513,-0.06203393805304149,
GSE100941,0.00468089967727513,-0.06203393805304149,
GSE100964,0.00468089967727513,-0.06203393805304149,
GSE100732,0.00468089967727513,-0.06203393805304149,
GSE100807,0.00468089967727513,-0.06203393805304149,
GSE100820,0.00468089967727513,-0.06203393805304149,
GSE100827,0.00468089967727513,-0.06203393805304149,
GSE100835,0.00468089967727513,-0.06203393805304149,
GSE101334,0.00468089967727513,-0.06203393805304149,
GSE100385,0.00468089967727513,-0.06203393805304149,
GSE100389,0.00468089967727513,-0.06203393805304149,
GSE100397,0.00468089967727513,-0.06203393805304149,
GSE100406,0.00468089967727513,-0.06203393805304149,
GSE100411,0.00468089967727513,-0.06203393805304149,
GSE100222,0.00468089967727513,-0.06203393805304149,
GSE100225,0.00468089967727513,-0.06203393805304149,
GSE100265,0.00468089967727513,-0.06203393805304149,
GSE100277,0.00468089967727513,-0.06203393805304149,
GSE100278,0.00468089967727513,-0.06203393805304149,
GSE98877,0.00468089967727513,-0.06203393805304149,
GSE100067,0.00468089967727513,-0.06203393805304149,
GSE99989,0.00468089967727513,-0.06203393805304149,
GSE98910,0.00468089967727513,-0.06203393805304149,
GSE98969,0.00468089967727513,-0.06203393805304149,
GSE98988,0.00468089967727513,-0.06203393805304149,
GSE99049,0.00468089967727513,-0.06203393805304149,
GSE99058,0.00468089967727513,-0.06203393805304149,
GSE98838,0.00468089967727513,-0.06203393805304149,
GSE98839,0.00468089967727513,-0.06203393805304149,
GSE100217,0.00468089967727513,-0.06203393805304149,
GSE100332,0.00468089967727513,-0.06203393805304149,
GSE97196,0.00468089967727513,-0.06203393805304149,
GSE97077,0.00468089967727513,-0.06203393805304149,
GSE97078,0.00468089967727513,-0.06203393805304149,
GSE97101,0.00468089967727513,-0.06203393805304149,
GSE97115,0.00468089967727513,-0.06203393805304149,
GSE97118,0.00468089967727513,-0.06203393805304149,
GSE97120,0.00468089967727513,-0.06203393805304149,
GSE97925,0.00468089967727513,-0.06203393805304149,
GSE97941,0.00468089967727513,-0.06203393805304149,
GSE97947,0.00468089967727513,-0.06203393805304149,
GSE98700,0.00468089967727513,-0.06203393805304149,
GSE97993,0.00468089967727513,-0.06203393805304149,
GSE97735,0.00468089967727513,-0.06203393805304149,
GSE97762,0.00468089967727513,-0.06203393805304149,
GSE97804,0.00468089967727513,-0.06203393805304149,
GSE97870,0.00468089967727513,-0.06203393805304149,
GSE97891,0.00468089967727513,-0.06203393805304149,
GSE97579,0.00468089967727513,-0.06203393805304149,
GSE97690,0.00468089967727513,-0.06203393805304149,
GSE97732,0.00468089967727513,-0.06203393805304149,
GSE97461,0.00468089967727513,-0.06203393805304149,
GSE97954,0.00468089967727513,-0.06203393805304149,
GSE101898,0.00468089967727513,-0.06203393805304149,
GSE101900,0.00468089967727513,-0.06203393805304149,
GSE101902,0.00468089967727513,-0.06203393805304149,
GSE96724,0.00468089967727513,-0.06203393805304149,
GSE96729,0.00468089967727513,-0.06203393805304149,
GSE97354,0.00468089967727513,-0.06203393805304149,
GSE97375,0.00468089967727513,-0.06203393805304149,
GSE97381,0.00468089967727513,-0.06203393805304149,
GSE97389,0.00468089967727513,-0.06203393805304149,
GSE97439,0.00468089967727513,-0.06203393805304149,
GSE97195,0.00468089967727513,-0.06203393805304149,
GSE97235,0.00468089967727513,-0.06203393805304149,
GSE97249,0.00468089967727513,-0.06203393805304149,
GSE97281,0.00468089967727513,-0.06203393805304149,
GSE97321,0.00468089967727513,-0.06203393805304149,
GSE97344,0.00468089967727513,-0.06203393805304149,
GSE97353,0.00468089967727513,-0.06203393805304149,
GSE97126,0.00468089967727513,-0.06203393805304149,
GSE97148,0.00468089967727513,-0.06203393805304149,
GSE97181,0.00468089967727513,-0.06203393805304149,
GSE97184,0.00468089967727513,-0.06203393805304149,
GSE97445,0.00468089967727513,-0.06203393805304149,
GSE100727,0.00468089967727513,-0.06203393805304149,
GSE101753,0.00468089967727513,-0.06203393805304149,
GSE101772,0.00468089967727513,-0.06203393805304149,
GSE101806,0.00468089967727513,-0.06203393805304149,
GSE101810,0.00468089967727513,-0.06203393805304149,
GSE101815,0.00468089967727513,-0.06203393805304149,
GSE101823,0.00468089967727513,-0.06203393805304149,
GSE101701,0.00468089967727513,-0.06203393805304149,
GSE101712,0.00468089967727513,-0.06203393805304149,
GSE101722,0.00468089967727513,-0.06203393805304149,
GSE97462,0.00468089967727513,-0.06203393805304149,
GSE101576,0.00468089967727513,-0.06203393805304149,
GSE101596,0.00468089967727513,-0.06203393805304149,
GSE101605,0.00468089967727513,-0.06203393805304149,
GSE101643,0.00468089967727513,-0.06203393805304149,
GSE101657,0.00468089967727513,-0.06203393805304149,
GSE101340,0.00468089967727513,-0.06203393805304149,
GSE101470,0.00468089967727513,-0.06203393805304149,
GSE101487,0.00468089967727513,-0.06203393805304149,
GSE101527,0.00468089967727513,-0.06203393805304149,
GSE98690,0.00468089967727513,-0.06203393805304149,
GSE101732,0.00468089967727513,-0.06203393805304149,
GSE97534,0.00468089967727513,-0.06203393805304149,
GSE97544,0.00468089967727513,-0.06203393805304149,
GSE97571,0.00468089967727513,-0.06203393805304149,
GSE98359,0.00468089967727513,-0.06203393805304149,
GSE98387,0.00468089967727513,-0.06203393805304149,
GSE98388,0.00468089967727513,-0.06203393805304149,
GSE98401,0.00468089967727513,-0.06203393805304149,
GSE98413,0.00468089967727513,-0.06203393805304149,
GSE98415,0.00468089967727513,-0.06203393805304149,
GSE98168,0.00468089967727513,-0.06203393805304149,
GSE100690,0.00468089967727513,-0.06203393805304149,
GSE98232,0.00468089967727513,-0.06203393805304149,
GSE98255,0.00468089967727513,-0.06203393805304149,
GSE98262,0.00468089967727513,-0.06203393805304149,
GSE98297,0.00468089967727513,-0.06203393805304149,
GSE98299,0.00468089967727513,-0.06203393805304149,
GSE98347,0.00468089967727513,-0.06203393805304149,
GSE98086,0.00468089967727513,-0.06203393805304149,
GSE98132,0.00468089967727513,-0.06203393805304149,
GSE98158,0.00468089967727513,-0.06203393805304149,
GSE98167,0.00468089967727513,-0.06203393805304149,
GSE98027,0.00468089967727513,-0.06203393805304149,
GSE98197,0.00468089967727513,-0.06203393805304149,
GSE89619,0.00468089967727513,-0.06203393805304149,
GSE89620,0.00468089967727513,-0.06203393805304149,
GSE89621,0.00468089967727513,-0.06203393805304149,
GSE89633,0.00468089967727513,-0.06203393805304149,
GSE89636,0.00468089967727513,-0.06203393805304149,
GSE89640,0.00468089967727513,-0.06203393805304149,
GSE90134,0.00468089967727513,-0.06203393805304149,
GSE90136,0.00468089967727513,-0.06203393805304149,
GSE90447,0.00468089967727513,-0.06203393805304149,
GSE90459,0.00468089967727513,-0.06203393805304149,
GSE94554,0.00468089967727513,-0.06203393805304149,
GSE90094,0.00468089967727513,-0.06203393805304149,
GSE90097,0.00468089967727513,-0.06203393805304149,
GSE90101,0.00468089967727513,-0.06203393805304149,
GSE90108,0.00468089967727513,-0.06203393805304149,
GSE90116,0.00468089967727513,-0.06203393805304149,
GSE90019,0.00468089967727513,-0.06203393805304149,
GSE90059,0.00468089967727513,-0.06203393805304149,
GSE90067,0.00468089967727513,-0.06203393805304149,
GSE89899,0.00468089967727513,-0.06203393805304149,
GSE89900,0.00468089967727513,-0.06203393805304149,
GSE90091,0.00468089967727513,-0.06203393805304149,
GSE105054,0.00468089967727513,-0.06203393805304149,
GSE105055,0.00468089967727513,-0.06203393805304149,
GSE105138,0.00468089967727513,-0.06203393805304149,
GSE105159,0.00468089967727513,-0.06203393805304149,
GSE104790,0.00468089967727513,-0.06203393805304149,
GSE104820,0.00468089967727513,-0.06203393805304149,
GSE104867,0.00468089967727513,-0.06203393805304149,
GSE104875,0.00468089967727513,-0.06203393805304149,
GSE89352,0.00468089967727513,-0.06203393805304149,
GSE89361,0.00468089967727513,-0.06203393805304149,
GSE89732,0.00468089967727513,-0.06203393805304149,
GSE89811,0.00468089967727513,-0.06203393805304149,
GSE89817,0.00468089967727513,-0.06203393805304149,
GSE89733,0.00468089967727513,-0.06203393805304149,
GSE89734,0.00468089967727513,-0.06203393805304149,
GSE89737,0.00468089967727513,-0.06203393805304149,
GSE89758,0.00468089967727513,-0.06203393805304149,
GSE89762,0.00468089967727513,-0.06203393805304149,
GSE89764,0.00468089967727513,-0.06203393805304149,
GSE89798,0.00468089967727513,-0.06203393805304149,
GSE89665,0.00468089967727513,-0.06203393805304149,
GSE89806,0.00468089967727513,-0.06203393805304149,
GSE89984,0.00468089967727513,-0.06203393805304149,
GSE90758,0.00468089967727513,-0.06203393805304149,
GSE90766,0.00468089967727513,-0.06203393805304149,
GSE90797,0.00468089967727513,-0.06203393805304149,
GSE90806,0.00468089967727513,-0.06203393805304149,
GSE90821,0.00468089967727513,-0.06203393805304149,
GSE90822,0.00468089967727513,-0.06203393805304149,
GSE90725,0.00468089967727513,-0.06203393805304149,
GSE90531,0.00468089967727513,-0.06203393805304149,
GSE90533,0.00468089967727513,-0.06203393805304149,
GSE89945,0.00468089967727513,-0.06203393805304149,
GSE90615,0.00468089967727513,-0.06203393805304149,
GSE90652,0.00468089967727513,-0.06203393805304149,
GSE90654,0.00468089967727513,-0.06203393805304149,
GSE90461,0.00468089967727513,-0.06203393805304149,
GSE90466,0.00468089967727513,-0.06203393805304149,
GSE90470,0.00468089967727513,-0.06203393805304149,
GSE90486,0.00468089967727513,-0.06203393805304149,
GSE90522,0.00468089967727513,-0.06203393805304149,
GSE90983,0.00468089967727513,-0.06203393805304149,
GSE90987,0.00468089967727513,-0.06203393805304149,
GSE90574,0.00468089967727513,-0.06203393805304149,
GSE89960,0.00468089967727513,-0.06203393805304149,
GSE103736,0.00468089967727513,-0.06203393805304149,
GSE103753,0.00468089967727513,-0.06203393805304149,
GSE104686,0.00468089967727513,-0.06203393805304149,
GSE104689,0.00468089967727513,-0.06203393805304149,
GSE104708,0.00468089967727513,-0.06203393805304149,
GSE104725,0.00468089967727513,-0.06203393805304149,
GSE104734,0.00468089967727513,-0.06203393805304149,
GSE104519,0.00468089967727513,-0.06203393805304149,
GSE104525,0.00468089967727513,-0.06203393805304149,
GSE89977,0.00468089967727513,-0.06203393805304149,
GSE104560,0.00468089967727513,-0.06203393805304149,
GSE104651,0.00468089967727513,-0.06203393805304149,
GSE104424,0.00468089967727513,-0.06203393805304149,
GSE104453,0.00468089967727513,-0.06203393805304149,
GSE104463,0.00468089967727513,-0.06203393805304149,
GSE104478,0.00468089967727513,-0.06203393805304149,
GSE104508,0.00468089967727513,-0.06203393805304149,
GSE104300,0.00468089967727513,-0.06203393805304149,
GSE104325,0.00468089967727513,-0.06203393805304149,
GSE104331,0.00468089967727513,-0.06203393805304149,
GSE104555,0.00468089967727513,-0.06203393805304149,
GSE88789,0.00468089967727513,-0.06203393805304149,
GSE88791,0.00468089967727513,-0.06203393805304149,
GSE88801,0.00468089967727513,-0.06203393805304149,
GSE87890,0.00468089967727513,-0.06203393805304149,
GSE88700,0.00468089967727513,-0.06203393805304149,
GSE88706,0.00468089967727513,-0.06203393805304149,
GSE88709,0.00468089967727513,-0.06203393805304149,
GSE88745,0.00468089967727513,-0.06203393805304149,
GSE87799,0.00468089967727513,-0.06203393805304149,
GSE87808,0.00468089967727513,-0.06203393805304149,
GSE105043,0.00468089967727513,-0.06203393805304149,
GSE87824,0.00468089967727513,-0.06203393805304149,
GSE87837,0.00468089967727513,-0.06203393805304149,
GSE89195,0.00468089967727513,-0.06203393805304149,
GSE89196,0.00468089967727513,-0.06203393805304149,
GSE89261,0.00468089967727513,-0.06203393805304149,
GSE89055,0.00468089967727513,-0.06203393805304149,
GSE89069,0.00468089967727513,-0.06203393805304149,
GSE89082,0.00468089967727513,-0.06203393805304149,
GSE89108,0.00468089967727513,-0.06203393805304149,
GSE89132,0.00468089967727513,-0.06203393805304149,
GSE87821,0.00468089967727513,-0.06203393805304149,
GSE106413,0.00468089967727513,-0.06203393805304149,
GSE106423,0.00468089967727513,-0.06203393805304149,
GSE106436,0.00468089967727513,-0.06203393805304149,
GSE106447,0.00468089967727513,-0.06203393805304149,
GSE106467,0.00468089967727513,-0.06203393805304149,
GSE106471,0.00468089967727513,-0.06203393805304149,
GSE106488,0.00468089967727513,-0.06203393805304149,
GSE106264,0.00468089967727513,-0.06203393805304149,
GSE106275,0.00468089967727513,-0.06203393805304149,
GSE106294,0.00468089967727513,-0.06203393805304149,
GSE88779,0.00468089967727513,-0.06203393805304149,
GSE87527,0.00468089967727513,-0.06203393805304149,
GSE88818,0.00468089967727513,-0.06203393805304149,
GSE88829,0.00468089967727513,-0.06203393805304149,
GSE88830,0.00468089967727513,-0.06203393805304149,
GSE88840,0.00468089967727513,-0.06203393805304149,
GSE88841,0.00468089967727513,-0.06203393805304149,
GSE88905,0.00468089967727513,-0.06203393805304149,
GSE88764,0.00468089967727513,-0.06203393805304149,
GSE88777,0.00468089967727513,-0.06203393805304149,
GSE88778,0.00468089967727513,-0.06203393805304149,
GSE87519,0.00468089967727513,-0.06203393805304149,
GSE89378,0.00468089967727513,-0.06203393805304149,
GSE89412,0.00468089967727513,-0.06203393805304149,
GSE89430,0.00468089967727513,-0.06203393805304149,
GSE89434,0.00468089967727513,-0.06203393805304149,
GSE89454,0.00468089967727513,-0.06203393805304149,
GSE89264,0.00468089967727513,-0.06203393805304149,
GSE89270,0.00468089967727513,-0.06203393805304149,
GSE89272,0.00468089967727513,-0.06203393805304149,
GSE89313,0.00468089967727513,-0.06203393805304149,
GSE104415,0.00468089967727513,-0.06203393805304149,
GSE89171,0.00468089967727513,-0.06203393805304149,
GSE106161,0.00468089967727513,-0.06203393805304149,
GSE106165,0.00468089967727513,-0.06203393805304149,
GSE106210,0.00468089967727513,-0.06203393805304149,
GSE106259,0.00468089967727513,-0.06203393805304149,
GSE105455,0.00468089967727513,-0.06203393805304149,
GSE105471,0.00468089967727513,-0.06203393805304149,
GSE105806,0.00468089967727513,-0.06203393805304149,
GSE106072,0.00468089967727513,-0.06203393805304149,
GSE106083,0.00468089967727513,-0.06203393805304149,
GSE106102,0.00468089967727513,-0.06203393805304149,
GSE106138,0.00468089967727513,-0.06203393805304149,
GSE89184,0.00468089967727513,-0.06203393805304149,
GSE88996,0.00468089967727513,-0.06203393805304149,
GSE88998,0.00468089967727513,-0.06203393805304149,
GSE89011,0.00468089967727513,-0.06203393805304149,
GSE89032,0.00468089967727513,-0.06203393805304149,
GSE89035,0.00468089967727513,-0.06203393805304149,
GSE79115,0.00468089967727513,-0.06203393805304149,
GSE88967,0.00468089967727513,-0.06203393805304149,
GSE88970,0.00468089967727513,-0.06203393805304149,
GSE89546,0.00468089967727513,-0.06203393805304149,
GSE89364,0.00468089967727513,-0.06203393805304149,
GSE89572,0.00468089967727513,-0.06203393805304149,
GSE89574,0.00468089967727513,-0.06203393805304149,
GSE89585,0.00468089967727513,-0.06203393805304149,
GSE89460,0.00468089967727513,-0.06203393805304149,
GSE89463,0.00468089967727513,-0.06203393805304149,
GSE89477,0.00468089967727513,-0.06203393805304149,
GSE89482,0.00468089967727513,-0.06203393805304149,
GSE89500,0.00468089967727513,-0.06203393805304149,
GSE89505,0.00468089967727513,-0.06203393805304149,
GSE89520,0.00468089967727513,-0.06203393805304149,
GSE89547,0.00468089967727513,-0.06203393805304149,
GSE93570,0.00468089967727513,-0.06203393805304149,
GSE93573,0.00468089967727513,-0.06203393805304149,
GSE93574,0.00468089967727513,-0.06203393805304149,
GSE93585,0.00468089967727513,-0.06203393805304149,
GSE93591,0.00468089967727513,-0.06203393805304149,
GSE93604,0.00468089967727513,-0.06203393805304149,
GSE93394,0.00468089967727513,-0.06203393805304149,
GSE93431,0.00468089967727513,-0.06203393805304149,
GSE93524,0.00468089967727513,-0.06203393805304149,
GSE93537,0.00468089967727513,-0.06203393805304149,
GSE90988,0.00468089967727513,-0.06203393805304149,
GSE93319,0.00468089967727513,-0.06203393805304149,
GSE93320,0.00468089967727513,-0.06203393805304149,
GSE93325,0.00468089967727513,-0.06203393805304149,
GSE93331,0.00468089967727513,-0.06203393805304149,
GSE93339,0.00468089967727513,-0.06203393805304149,
GSE93374,0.00468089967727513,-0.06203393805304149,
GSE102563,0.00468089967727513,-0.06203393805304149,
GSE102564,0.00468089967727513,-0.06203393805304149,
GSE103545,0.00468089967727513,-0.06203393805304149,
GSE103574,0.00468089967727513,-0.06203393805304149,
GSE93554,0.00468089967727513,-0.06203393805304149,
GSE93230,0.00468089967727513,-0.06203393805304149,
GSE93238,0.00468089967727513,-0.06203393805304149,
GSE93031,0.00468089967727513,-0.06203393805304149,
GSE93034,0.00468089967727513,-0.06203393805304149,
GSE93043,0.00468089967727513,-0.06203393805304149,
GSE93061,0.00468089967727513,-0.06203393805304149,
GSE93085,0.00468089967727513,-0.06203393805304149,
GSE93127,0.00468089967727513,-0.06203393805304149,
GSE93131,0.00468089967727513,-0.06203393805304149,
GSE93132,0.00468089967727513,-0.06203393805304149,
GSE93558,0.00468089967727513,-0.06203393805304149,
GSE92992,0.00468089967727513,-0.06203393805304149,
GSE93027,0.00468089967727513,-0.06203393805304149,
GSE93622,0.00468089967727513,-0.06203393805304149,
GSE93655,0.00468089967727513,-0.06203393805304149,
GSE93670,0.00468089967727513,-0.06203393805304149,
GSE93678,0.00468089967727513,-0.06203393805304149,
GSE93682,0.00468089967727513,-0.06203393805304149,
GSE93702,0.00468089967727513,-0.06203393805304149,
GSE93729,0.00468089967727513,-0.06203393805304149,
GSE93753,0.00468089967727513,-0.06203393805304149,
GSE92983,0.00468089967727513,-0.06203393805304149,
GSE94132,0.00468089967727513,-0.06203393805304149,
GSE94135,0.00468089967727513,-0.06203393805304149,
GSE94136,0.00468089967727513,-0.06203393805304149,
GSE94142,0.00468089967727513,-0.06203393805304149,
GSE94144,0.00468089967727513,-0.06203393805304149,
GSE94018,0.00468089967727513,-0.06203393805304149,
GSE94072,0.00468089967727513,-0.06203393805304149,
GSE94085,0.00468089967727513,-0.06203393805304149,
GSE93866,0.00468089967727513,-0.06203393805304149,
GSE93867,0.00468089967727513,-0.06203393805304149,
GSE103583,0.00468089967727513,-0.06203393805304149,
GSE93941,0.00468089967727513,-0.06203393805304149,
GSE93947,0.00468089967727513,-0.06203393805304149,
GSE93974,0.00468089967727513,-0.06203393805304149,
GSE93787,0.00468089967727513,-0.06203393805304149,
GSE93796,0.00468089967727513,-0.06203393805304149,
GSE93820,0.00468089967727513,-0.06203393805304149,
GSE93824,0.00468089967727513,-0.06203393805304149,
GSE93827,0.00468089967727513,-0.06203393805304149,
GSE93856,0.00468089967727513,-0.06203393805304149,
GSE94546,0.00468089967727513,-0.06203393805304149,
GSE93909,0.00468089967727513,-0.06203393805304149,
GSE103662,0.00468089967727513,-0.06203393805304149,
GSE103667,0.00468089967727513,-0.06203393805304149,
GSE103670,0.00468089967727513,-0.06203393805304149,
GSE103272,0.00468089967727513,-0.06203393805304149,
GSE103319,0.00468089967727513,-0.06203393805304149,
GSE103341,0.00468089967727513,-0.06203393805304149,
GSE103377,0.00468089967727513,-0.06203393805304149,
GSE103471,0.00468089967727513,-0.06203393805304149,
GSE103492,0.00468089967727513,-0.06203393805304149,
GSE103162,0.00468089967727513,-0.06203393805304149,
GSE94118,0.00468089967727513,-0.06203393805304149,
GSE103183,0.00468089967727513,-0.06203393805304149,
GSE103185,0.00468089967727513,-0.06203393805304149,
GSE103194,0.00468089967727513,-0.06203393805304149,
GSE103246,0.00468089967727513,-0.06203393805304149,
GSE103261,0.00468089967727513,-0.06203393805304149,
GSE102890,0.00468089967727513,-0.06203393805304149,
GSE102903,0.00468089967727513,-0.06203393805304149,
GSE102965,0.00468089967727513,-0.06203393805304149,
GSE102982,0.00468089967727513,-0.06203393805304149,
GSE103086,0.00468089967727513,-0.06203393805304149,
GSE103180,0.00468089967727513,-0.06203393805304149,
GSE92486,0.00468089967727513,-0.06203393805304149,
GSE92522,0.00468089967727513,-0.06203393805304149,
GSE92317,0.00468089967727513,-0.06203393805304149,
GSE92323,0.00468089967727513,-0.06203393805304149,
GSE92344,0.00468089967727513,-0.06203393805304149,
GSE92361,0.00468089967727513,-0.06203393805304149,
GSE92275,0.00468089967727513,-0.06203393805304149,
GSE92308,0.00468089967727513,-0.06203393805304149,
GSE91067,0.00468089967727513,-0.06203393805304149,
GSE91078,0.00468089967727513,-0.06203393805304149,
GSE93202,0.00468089967727513,-0.06203393805304149,
GSE91390,0.00468089967727513,-0.06203393805304149,
GSE91398,0.00468089967727513,-0.06203393805304149,
GSE103126,0.00468089967727513,-0.06203393805304149,
GSE103127,0.00468089967727513,-0.06203393805304149,
GSE104096,0.00468089967727513,-0.06203393805304149,
GSE104138,0.00468089967727513,-0.06203393805304149,
GSE104205,0.00468089967727513,-0.06203393805304149,
GSE104236,0.00468089967727513,-0.06203393805304149,
GSE103949,0.00468089967727513,-0.06203393805304149,
GSE103956,0.00468089967727513,-0.06203393805304149,
GSE91387,0.00468089967727513,-0.06203393805304149,
GSE91043,0.00468089967727513,-0.06203393805304149,
GSE91058,0.00468089967727513,-0.06203393805304149,
GSE90929,0.00468089967727513,-0.06203393805304149,
GSE90932,0.00468089967727513,-0.06203393805304149,
GSE90937,0.00468089967727513,-0.06203393805304149,
GSE90952,0.00468089967727513,-0.06203393805304149,
GSE90969,0.00468089967727513,-0.06203393805304149,
GSE90883,0.00468089967727513,-0.06203393805304149,
GSE90890,0.00468089967727513,-0.06203393805304149,
GSE90894,0.00468089967727513,-0.06203393805304149,
GSE92463,0.00468089967727513,-0.06203393805304149,
GSE90913,0.00468089967727513,-0.06203393805304149,
GSE90921,0.00468089967727513,-0.06203393805304149,
GSE90847,0.00468089967727513,-0.06203393805304149,
GSE90848,0.00468089967727513,-0.06203393805304149,
GSE90856,0.00468089967727513,-0.06203393805304149,
GSE90860,0.00468089967727513,-0.06203393805304149,
GSE92377,0.00468089967727513,-0.06203393805304149,
GSE92395,0.00468089967727513,-0.06203393805304149,
GSE92441,0.00468089967727513,-0.06203393805304149,
GSE92457,0.00468089967727513,-0.06203393805304149,
GSE90908,0.00468089967727513,-0.06203393805304149,
GSE92842,0.00468089967727513,-0.06203393805304149,
GSE92620,0.00468089967727513,-0.06203393805304149,
GSE92629,0.00468089967727513,-0.06203393805304149,
GSE92641,0.00468089967727513,-0.06203393805304149,
GSE92699,0.00468089967727513,-0.06203393805304149,
GSE92704,0.00468089967727513,-0.06203393805304149,
GSE92707,0.00468089967727513,-0.06203393805304149,
GSE92720,0.00468089967727513,-0.06203393805304149,
GSE92535,0.00468089967727513,-0.06203393805304149,
GSE92539,0.00468089967727513,-0.06203393805304149,
GSE103958,0.00468089967727513,-0.06203393805304149,
GSE92590,0.00468089967727513,-0.06203393805304149,
GSE92602,0.00468089967727513,-0.06203393805304149,
GSE92605,0.00468089967727513,-0.06203393805304149,
GSE92618,0.00468089967727513,-0.06203393805304149,
GSE93267,0.00468089967727513,-0.06203393805304149,
GSE93306,0.00468089967727513,-0.06203393805304149,
GSE93314,0.00468089967727513,-0.06203393805304149,
GSE93318,0.00468089967727513,-0.06203393805304149,
GSE93154,0.00468089967727513,-0.06203393805304149,
GSE93167,0.00468089967727513,-0.06203393805304149,
GSE92562,0.00468089967727513,-0.06203393805304149,
GSE103976,0.00468089967727513,-0.06203393805304149,
GSE104054,0.00468089967727513,-0.06203393805304149,
GSE104064,0.00468089967727513,-0.06203393805304149,
GSE104065,0.00468089967727513,-0.06203393805304149,
GSE104086,0.00468089967727513,-0.06203393805304149,
GSE103799,0.00468089967727513,-0.06203393805304149,
GSE103847,0.00468089967727513,-0.06203393805304149,
GSE103849,0.00468089967727513,-0.06203393805304149,
GSE103880,0.00468089967727513,-0.06203393805304149,
GSE103901,0.00468089967727513,-0.06203393805304149,
GSE92761,0.00468089967727513,-0.06203393805304149,
GSE103933,0.00468089967727513,-0.06203393805304149,
GSE103714,0.00468089967727513,-0.06203393805304149,
GSE103722,0.00468089967727513,-0.06203393805304149,
GSE91402,0.00468089967727513,-0.06203393805304149,
GSE92238,0.00468089967727513,-0.06203393805304149,
GSE92865,0.00468089967727513,-0.06203393805304149,
GSE92870,0.00468089967727513,-0.06203393805304149,
GSE92891,0.00468089967727513,-0.06203393805304149,
GSE92905,0.00468089967727513,-0.06203393805304149,
GSE92965,0.00468089967727513,-0.06203393805304149,
GSE92751,0.00468089967727513,-0.06203393805304149,
GSE103903,0.00468089967727513,-0.06203393805304149,
GSE66127,0.00468089967727513,-0.06203393805304149,
GSE66128,0.00468089967727513,-0.06203393805304149,
GSE65973,0.00468089967727513,-0.06203393805304149,
GSE65987,0.00468089967727513,-0.06203393805304149,
GSE65994,0.00468089967727513,-0.06203393805304149,
GSE66001,0.00468089967727513,-0.06203393805304149,
GSE66003,0.00468089967727513,-0.06203393805304149,
GSE66007,0.00468089967727513,-0.06203393805304149,
GSE66008,0.00468089967727513,-0.06203393805304149,
GSE65922,0.00468089967727513,-0.06203393805304149,
GSE39656,0.00468089967727513,-0.06203393805304149,
GSE53743,0.00468089967727513,-0.06203393805304149,
GSE54984,0.00468089967727513,-0.06203393805304149,
GSE55060,0.00468089967727513,-0.06203393805304149,
GSE55090,0.00468089967727513,-0.06203393805304149,
GSE55163,0.00468089967727513,-0.06203393805304149,
GSE55180,0.00468089967727513,-0.06203393805304149,
GSE54794,0.00468089967727513,-0.06203393805304149,
GSE54826,0.00468089967727513,-0.06203393805304149,
GSE54877,0.00468089967727513,-0.06203393805304149,
GSE54932,0.00468089967727513,-0.06203393805304149,
GSE53683,0.00468089967727513,-0.06203393805304149,
GSE65619,0.00468089967727513,-0.06203393805304149,
GSE65633,0.00468089967727513,-0.06203393805304149,
GSE65651,0.00468089967727513,-0.06203393805304149,
GSE65665,0.00468089967727513,-0.06203393805304149,
GSE65686,0.00468089967727513,-0.06203393805304149,
GSE65697,0.00468089967727513,-0.06203393805304149,
GSE65506,0.00468089967727513,-0.06203393805304149,
GSE65524,0.00468089967727513,-0.06203393805304149,
GSE65529,0.00468089967727513,-0.06203393805304149,
GSE65530,0.00468089967727513,-0.06203393805304149,
GSE66068,0.00468089967727513,-0.06203393805304149,
GSE65617,0.00468089967727513,-0.06203393805304149,
GSE66137,0.00468089967727513,-0.06203393805304149,
GSE66138,0.00468089967727513,-0.06203393805304149,
GSE66145,0.00468089967727513,-0.06203393805304149,
GSE66202,0.00468089967727513,-0.06203393805304149,
GSE66211,0.00468089967727513,-0.06203393805304149,
GSE66232,0.00468089967727513,-0.06203393805304149,
GSE66243,0.00468089967727513,-0.06203393805304149,
GSE66049,0.00468089967727513,-0.06203393805304149,
GSE66066,0.00468089967727513,-0.06203393805304149,
GSE65582,0.00468089967727513,-0.06203393805304149,
GSE66380,0.00468089967727513,-0.06203393805304149,
GSE66440,0.00468089967727513,-0.06203393805304149,
GSE66471,0.00468089967727513,-0.06203393805304149,
GSE66523,0.00468089967727513,-0.06203393805304149,
GSE66534,0.00468089967727513,-0.06203393805304149,
GSE66264,0.00468089967727513,-0.06203393805304149,
GSE66286,0.00468089967727513,-0.06203393805304149,
GSE66343,0.00468089967727513,-0.06203393805304149,
GSE66352,0.00468089967727513,-0.06203393805304149,
GSE66364,0.00468089967727513,-0.06203393805304149,
GSE54973,0.00468089967727513,-0.06203393805304149,
GSE67133,0.00468089967727513,-0.06203393805304149,
GSE67135,0.00468089967727513,-0.06203393805304149,
GSE67245,0.00468089967727513,-0.06203393805304149,
GSE67265,0.00468089967727513,-0.06203393805304149,
GSE67015,0.00468089967727513,-0.06203393805304149,
GSE67112,0.00468089967727513,-0.06203393805304149,
GSE66873,0.00468089967727513,-0.06203393805304149,
GSE66931,0.00468089967727513,-0.06203393805304149,
GSE66966,0.00468089967727513,-0.06203393805304149,
GSE66781,0.00468089967727513,-0.06203393805304149,
GSE67130,0.00468089967727513,-0.06203393805304149,
GSE54982,0.00468089967727513,-0.06203393805304149,
GSE54569,0.00468089967727513,-0.06203393805304149,
GSE54588,0.00468089967727513,-0.06203393805304149,
GSE54619,0.00468089967727513,-0.06203393805304149,
GSE54695,0.00468089967727513,-0.06203393805304149,
GSE54697,0.00468089967727513,-0.06203393805304149,
GSE54443,0.00468089967727513,-0.06203393805304149,
GSE54447,0.00468089967727513,-0.06203393805304149,
GSE54458,0.00468089967727513,-0.06203393805304149,
GSE54473,0.00468089967727513,-0.06203393805304149,
GSE66377,0.00468089967727513,-0.06203393805304149,
GSE65970,0.00468089967727513,-0.06203393805304149,
GSE66634,0.00468089967727513,-0.06203393805304149,
GSE66706,0.00468089967727513,-0.06203393805304149,
GSE66716,0.00468089967727513,-0.06203393805304149,
GSE66775,0.00468089967727513,-0.06203393805304149,
GSE66551,0.00468089967727513,-0.06203393805304149,
GSE66557,0.00468089967727513,-0.06203393805304149,
GSE66575,0.00468089967727513,-0.06203393805304149,
GSE66578,0.00468089967727513,-0.06203393805304149,
GSE66582,0.00468089967727513,-0.06203393805304149,
GSE66619,0.00468089967727513,-0.06203393805304149,
GSE65955,0.00468089967727513,-0.06203393805304149,
GSE64757,0.00468089967727513,-0.06203393805304149,
GSE64779,0.00468089967727513,-0.06203393805304149,
GSE64787,0.00468089967727513,-0.06203393805304149,
GSE64515,0.00468089967727513,-0.06203393805304149,
GSE64526,0.00468089967727513,-0.06203393805304149,
GSE64545,0.00468089967727513,-0.06203393805304149,
GSE64559,0.00468089967727513,-0.06203393805304149,
GSE64622,0.00468089967727513,-0.06203393805304149,
GSE64428,0.00468089967727513,-0.06203393805304149,
GSE64452,0.00468089967727513,-0.06203393805304149,
GSE65818,0.00468089967727513,-0.06203393805304149,
GSE54561,0.00468089967727513,-0.06203393805304149,
GSE55788,0.00468089967727513,-0.06203393805304149,
GSE55790,0.00468089967727513,-0.06203393805304149,
GSE55797,0.00468089967727513,-0.06203393805304149,
GSE55798,0.00468089967727513,-0.06203393805304149,
GSE55800,0.00468089967727513,-0.06203393805304149,
GSE55831,0.00468089967727513,-0.06203393805304149,
GSE55596,0.00468089967727513,-0.06203393805304149,
GSE55633,0.00468089967727513,-0.06203393805304149,
GSE55682,0.00468089967727513,-0.06203393805304149,
GSE64455,0.00468089967727513,-0.06203393805304149,
GSE64099,0.00468089967727513,-0.06203393805304149,
GSE64156,0.00468089967727513,-0.06203393805304149,
GSE63961,0.00468089967727513,-0.06203393805304149,
GSE63968,0.00468089967727513,-0.06203393805304149,
GSE64002,0.00468089967727513,-0.06203393805304149,
GSE64008,0.00468089967727513,-0.06203393805304149,
GSE64040,0.00468089967727513,-0.06203393805304149,
GSE63810,0.00468089967727513,-0.06203393805304149,
GSE63820,0.00468089967727513,-0.06203393805304149,
GSE63836,0.00468089967727513,-0.06203393805304149,
GSE64735,0.00468089967727513,-0.06203393805304149,
GSE63857,0.00468089967727513,-0.06203393805304149,
GSE63889,0.00468089967727513,-0.06203393805304149,
GSE63943,0.00468089967727513,-0.06203393805304149,
GSE64840,0.00468089967727513,-0.06203393805304149,
GSE64856,0.00468089967727513,-0.06203393805304149,
GSE64893,0.00468089967727513,-0.06203393805304149,
GSE64899,0.00468089967727513,-0.06203393805304149,
GSE64910,0.00468089967727513,-0.06203393805304149,
GSE64936,0.00468089967727513,-0.06203393805304149,
GSE64687,0.00468089967727513,-0.06203393805304149,
GSE64706,0.00468089967727513,-0.06203393805304149,
GSE63853,0.00468089967727513,-0.06203393805304149,
GSE65383,0.00468089967727513,-0.06203393805304149,
GSE65388,0.00468089967727513,-0.06203393805304149,
GSE65164,0.00468089967727513,-0.06203393805304149,
GSE65246,0.00468089967727513,-0.06203393805304149,
GSE65267,0.00468089967727513,-0.06203393805304149,
GSE64959,0.00468089967727513,-0.06203393805304149,
GSE64960,0.00468089967727513,-0.06203393805304149,
GSE64969,0.00468089967727513,-0.06203393805304149,
GSE65031,0.00468089967727513,-0.06203393805304149,
GSE65072,0.00468089967727513,-0.06203393805304149,
GSE55735,0.00468089967727513,-0.06203393805304149,
GSE65141,0.00468089967727513,-0.06203393805304149,
GSE65850,0.00468089967727513,-0.06203393805304149,
GSE65864,0.00468089967727513,-0.06203393805304149,
GSE65884,0.00468089967727513,-0.06203393805304149,
GSE65921,0.00468089967727513,-0.06203393805304149,
GSE65713,0.00468089967727513,-0.06203393805304149,
GSE65731,0.00468089967727513,-0.06203393805304149,
GSE65732,0.00468089967727513,-0.06203393805304149,
GSE65747,0.00468089967727513,-0.06203393805304149,
GSE65753,0.00468089967727513,-0.06203393805304149,
GSE65118,0.00468089967727513,-0.06203393805304149,
GSE55744,0.00468089967727513,-0.06203393805304149,
GSE55754,0.00468089967727513,-0.06203393805304149,
GSE55776,0.00468089967727513,-0.06203393805304149,
GSE55377,0.00468089967727513,-0.06203393805304149,
GSE55394,0.00468089967727513,-0.06203393805304149,
GSE55423,0.00468089967727513,-0.06203393805304149,
GSE55552,0.00468089967727513,-0.06203393805304149,
GSE55581,0.00468089967727513,-0.06203393805304149,
GSE55590,0.00468089967727513,-0.06203393805304149,
GSE55190,0.00468089967727513,-0.06203393805304149,
GSE65361,0.00468089967727513,-0.06203393805304149,
GSE55280,0.00468089967727513,-0.06203393805304149,
GSE55310,0.00468089967727513,-0.06203393805304149,
GSE64478,0.00468089967727513,-0.06203393805304149,
GSE64489,0.00468089967727513,-0.06203393805304149,
GSE65395,0.00468089967727513,-0.06203393805304149,
GSE65444,0.00468089967727513,-0.06203393805304149,
GSE65457,0.00468089967727513,-0.06203393805304149,
GSE65487,0.00468089967727513,-0.06203393805304149,
GSE65498,0.00468089967727513,-0.06203393805304149,
GSE65321,0.00468089967727513,-0.06203393805304149,
GSE65358,0.00468089967727513,-0.06203393805304149,
GSE55228,0.00468089967727513,-0.06203393805304149,
GSE68284,0.00468089967727513,-0.06203393805304149,
GSE69190,0.00468089967727513,-0.06203393805304149,
GSE69227,0.00468089967727513,-0.06203393805304149,
GSE69244,0.00468089967727513,-0.06203393805304149,
GSE69276,0.00468089967727513,-0.06203393805304149,
GSE69018,0.00468089967727513,-0.06203393805304149,
GSE69080,0.00468089967727513,-0.06203393805304149,
GSE69129,0.00468089967727513,-0.06203393805304149,
GSE69132,0.00468089967727513,-0.06203393805304149,
GSE69162,0.00468089967727513,-0.06203393805304149,
GSE66822,0.00468089967727513,-0.06203393805304149,
GSE68911,0.00468089967727513,-0.06203393805304149,
GSE68915,0.00468089967727513,-0.06203393805304149,
GSE68958,0.00468089967727513,-0.06203393805304149,
GSE68998,0.00468089967727513,-0.06203393805304149,
GSE69007,0.00468089967727513,-0.06203393805304149,
GSE68806,0.00468089967727513,-0.06203393805304149,
GSE68812,0.00468089967727513,-0.06203393805304149,
GSE68818,0.00468089967727513,-0.06203393805304149,
GSE68822,0.00468089967727513,-0.06203393805304149,
GSE68831,0.00468089967727513,-0.06203393805304149,
GSE69168,0.00468089967727513,-0.06203393805304149,
GSE68789,0.00468089967727513,-0.06203393805304149,
GSE68509,0.00468089967727513,-0.06203393805304149,
GSE68511,0.00468089967727513,-0.06203393805304149,
GSE68582,0.00468089967727513,-0.06203393805304149,
GSE68602,0.00468089967727513,-0.06203393805304149,
GSE68617,0.00468089967727513,-0.06203393805304149,
GSE68618,0.00468089967727513,-0.06203393805304149,
GSE68628,0.00468089967727513,-0.06203393805304149,
GSE68699,0.00468089967727513,-0.06203393805304149,
GSE68318,0.00468089967727513,-0.06203393805304149,
GSE68283,0.00468089967727513,-0.06203393805304149,
GSE68376,0.00468089967727513,-0.06203393805304149,
GSE68391,0.00468089967727513,-0.06203393805304149,
GSE68461,0.00468089967727513,-0.06203393805304149,
GSE68462,0.00468089967727513,-0.06203393805304149,
GSE68470,0.00468089967727513,-0.06203393805304149,
GSE68220,0.00468089967727513,-0.06203393805304149,
GSE68242,0.00468089967727513,-0.06203393805304149,
GSE68251,0.00468089967727513,-0.06203393805304149,
GSE68265,0.00468089967727513,-0.06203393805304149,
GSE68270,0.00468089967727513,-0.06203393805304149,
GSE68360,0.00468089967727513,-0.06203393805304149,
GSE69363,0.00468089967727513,-0.06203393805304149,
GSE50566,0.00468089967727513,-0.06203393805304149,
GSE50590,0.00468089967727513,-0.06203393805304149,
GSE52514,0.00468089967727513,-0.06203393805304149,
GSE52619,0.00468089967727513,-0.06203393805304149,
GSE52396,0.00468089967727513,-0.06203393805304149,
GSE52405,0.00468089967727513,-0.06203393805304149,
GSE52450,0.00468089967727513,-0.06203393805304149,
GSE52464,0.00468089967727513,-0.06203393805304149,
GSE52502,0.00468089967727513,-0.06203393805304149,
GSE68846,0.00468089967727513,-0.06203393805304149,
GSE52125,0.00468089967727513,-0.06203393805304149,
GSE52126,0.00468089967727513,-0.06203393805304149,
GSE52234,0.00468089967727513,-0.06203393805304149,
GSE52313,0.00468089967727513,-0.06203393805304149,
GSE52320,0.00468089967727513,-0.06203393805304149,
GSE51735,0.00468089967727513,-0.06203393805304149,
GSE52016,0.00468089967727513,-0.06203393805304149,
GSE52038,0.00468089967727513,-0.06203393805304149,
GSE69374,0.00468089967727513,-0.06203393805304149,
GSE69376,0.00468089967727513,-0.06203393805304149,
GSE52080,0.00468089967727513,-0.06203393805304149,
GSE69731,0.00468089967727513,-0.06203393805304149,
GSE69733,0.00468089967727513,-0.06203393805304149,
GSE69750,0.00468089967727513,-0.06203393805304149,
GSE69755,0.00468089967727513,-0.06203393805304149,
GSE69786,0.00468089967727513,-0.06203393805304149,
GSE69800,0.00468089967727513,-0.06203393805304149,
GSE69652,0.00468089967727513,-0.06203393805304149,
GSE69669,0.00468089967727513,-0.06203393805304149,
GSE69672,0.00468089967727513,-0.06203393805304149,
GSE69699,0.00468089967727513,-0.06203393805304149,
GSE69354,0.00468089967727513,-0.06203393805304149,
GSE69709,0.00468089967727513,-0.06203393805304149,
GSE69726,0.00468089967727513,-0.06203393805304149,
GSE69407,0.00468089967727513,-0.06203393805304149,
GSE69445,0.00468089967727513,-0.06203393805304149,
GSE69464,0.00468089967727513,-0.06203393805304149,
GSE69473,0.00468089967727513,-0.06203393805304149,
GSE69484,0.00468089967727513,-0.06203393805304149,
GSE69556,0.00468089967727513,-0.06203393805304149,
GSE69616,0.00468089967727513,-0.06203393805304149,
GSE69278,0.00468089967727513,-0.06203393805304149,
GSE69311,0.00468089967727513,-0.06203393805304149,
GSE69707,0.00468089967727513,-0.06203393805304149,
GSE53627,0.00468089967727513,-0.06203393805304149,
GSE66832,0.00468089967727513,-0.06203393805304149,
GSE66870,0.00468089967727513,-0.06203393805304149,
GSE67583,0.00468089967727513,-0.06203393805304149,
GSE67602,0.00468089967727513,-0.06203393805304149,
GSE67609,0.00468089967727513,-0.06203393805304149,
GSE67610,0.00468089967727513,-0.06203393805304149,
GSE67658,0.00468089967727513,-0.06203393805304149,
GSE67476,0.00468089967727513,-0.06203393805304149,
GSE67478,0.00468089967727513,-0.06203393805304149,
GSE68746,0.00468089967727513,-0.06203393805304149,
GSE67517,0.00468089967727513,-0.06203393805304149,
GSE67525,0.00468089967727513,-0.06203393805304149,
GSE67335,0.00468089967727513,-0.06203393805304149,
GSE67355,0.00468089967727513,-0.06203393805304149,
GSE67363,0.00468089967727513,-0.06203393805304149,
GSE67374,0.00468089967727513,-0.06203393805304149,
GSE67379,0.00468089967727513,-0.06203393805304149,
GSE67403,0.00468089967727513,-0.06203393805304149,
GSE67266,0.00468089967727513,-0.06203393805304149,
GSE67270,0.00468089967727513,-0.06203393805304149,
GSE67516,0.00468089967727513,-0.06203393805304149,
GSE52974,0.00468089967727513,-0.06203393805304149,
GSE54286,0.00468089967727513,-0.06203393805304149,
GSE54287,0.00468089967727513,-0.06203393805304149,
GSE54302,0.00468089967727513,-0.06203393805304149,
GSE54390,0.00468089967727513,-0.06203393805304149,
GSE54411,0.00468089967727513,-0.06203393805304149,
GSE54412,0.00468089967727513,-0.06203393805304149,
GSE54424,0.00468089967727513,-0.06203393805304149,
GSE54016,0.00468089967727513,-0.06203393805304149,
GSE54113,0.00468089967727513,-0.06203393805304149,
GSE53545,0.00468089967727513,-0.06203393805304149,
GSE54133,0.00468089967727513,-0.06203393805304149,
GSE54154,0.00468089967727513,-0.06203393805304149,
GSE54226,0.00468089967727513,-0.06203393805304149,
GSE53789,0.00468089967727513,-0.06203393805304149,
GSE53793,0.00468089967727513,-0.06203393805304149,
GSE53794,0.00468089967727513,-0.06203393805304149,
GSE53915,0.00468089967727513,-0.06203393805304149,
GSE53928,0.00468089967727513,-0.06203393805304149,
GSE54006,0.00468089967727513,-0.06203393805304149,
GSE53528,0.00468089967727513,-0.06203393805304149,
GSE53538,0.00468089967727513,-0.06203393805304149,
GSE54124,0.00468089967727513,-0.06203393805304149,
GSE53297,0.00468089967727513,-0.06203393805304149,
GSE53398,0.00468089967727513,-0.06203393805304149,
GSE53489,0.00468089967727513,-0.06203393805304149,
GSE53506,0.00468089967727513,-0.06203393805304149,
GSE53150,0.00468089967727513,-0.06203393805304149,
GSE53207,0.00468089967727513,-0.06203393805304149,
GSE53212,0.00468089967727513,-0.06203393805304149,
GSE53214,0.00468089967727513,-0.06203393805304149,
GSE53218,0.00468089967727513,-0.06203393805304149,
GSE53018,0.00468089967727513,-0.06203393805304149,
GSE67294,0.00468089967727513,-0.06203393805304149,
GSE53074,0.00468089967727513,-0.06203393805304149,
GSE53075,0.00468089967727513,-0.06203393805304149,
GSE53090,0.00468089967727513,-0.06203393805304149,
GSE53110,0.00468089967727513,-0.06203393805304149,
GSE52868,0.00468089967727513,-0.06203393805304149,
GSE52870,0.00468089967727513,-0.06203393805304149,
GSE52899,0.00468089967727513,-0.06203393805304149,
GSE52957,0.00468089967727513,-0.06203393805304149,
GSE68713,0.00468089967727513,-0.06203393805304149,
GSE68736,0.00468089967727513,-0.06203393805304149,
GSE53053,0.00468089967727513,-0.06203393805304149,
GSE67305,0.00468089967727513,-0.06203393805304149,
GSE67334,0.00468089967727513,-0.06203393805304149,
GSE68155,0.00468089967727513,-0.06203393805304149,
GSE68177,0.00468089967727513,-0.06203393805304149,
GSE68178,0.00468089967727513,-0.06203393805304149,
GSE68190,0.00468089967727513,-0.06203393805304149,
GSE67957,0.00468089967727513,-0.06203393805304149,
GSE67991,0.00468089967727513,-0.06203393805304149,
GSE68025,0.00468089967727513,-0.06203393805304149,
GSE68056,0.00468089967727513,-0.06203393805304149,
GSE52069,0.00468089967727513,-0.06203393805304149,
GSE68140,0.00468089967727513,-0.06203393805304149,
GSE67828,0.00468089967727513,-0.06203393805304149,
GSE67863,0.00468089967727513,-0.06203393805304149,
GSE67889,0.00468089967727513,-0.06203393805304149,
GSE67933,0.00468089967727513,-0.06203393805304149,
GSE67934,0.00468089967727513,-0.06203393805304149,
GSE67674,0.00468089967727513,-0.06203393805304149,
GSE67688,0.00468089967727513,-0.06203393805304149,
GSE67691,0.00468089967727513,-0.06203393805304149,
GSE67715,0.00468089967727513,-0.06203393805304149,
GSE67741,0.00468089967727513,-0.06203393805304149,
GSE68083,0.00468089967727513,-0.06203393805304149,
GSE59571,0.00468089967727513,-0.06203393805304149,
GSE59622,0.00468089967727513,-0.06203393805304149,
GSE59623,0.00468089967727513,-0.06203393805304149,
GSE59698,0.00468089967727513,-0.06203393805304149,
GSE59269,0.00468089967727513,-0.06203393805304149,
GSE59318,0.00468089967727513,-0.06203393805304149,
GSE59373,0.00468089967727513,-0.06203393805304149,
GSE59121,0.00468089967727513,-0.06203393805304149,
GSE59127,0.00468089967727513,-0.06203393805304149,
GSE59129,0.00468089967727513,-0.06203393805304149,
GSE64092,0.00468089967727513,-0.06203393805304149,
GSE59148,0.00468089967727513,-0.06203393805304149,
GSE59168,0.00468089967727513,-0.06203393805304149,
GSE60402,0.00468089967727513,-0.06203393805304149,
GSE60418,0.00468089967727513,-0.06203393805304149,
GSE60425,0.00468089967727513,-0.06203393805304149,
GSE60441,0.00468089967727513,-0.06203393805304149,
GSE60285,0.00468089967727513,-0.06203393805304149,
GSE60297,0.00468089967727513,-0.06203393805304149,
GSE60334,0.00468089967727513,-0.06203393805304149,
GSE60361,0.00468089967727513,-0.06203393805304149,
GSE59130,0.00468089967727513,-0.06203393805304149,
GSE58916,0.00468089967727513,-0.06203393805304149,
GSE58917,0.00468089967727513,-0.06203393805304149,
GSE58926,0.00468089967727513,-0.06203393805304149,
GSE58971,0.00468089967727513,-0.06203393805304149,
GSE58801,0.00468089967727513,-0.06203393805304149,
GSE58833,0.00468089967727513,-0.06203393805304149,
GSE58836,0.00468089967727513,-0.06203393805304149,
GSE58645,0.00468089967727513,-0.06203393805304149,
GSE58664,0.00468089967727513,-0.06203393805304149,
GSE58669,0.00468089967727513,-0.06203393805304149,
GSE59486,0.00468089967727513,-0.06203393805304149,
GSE58724,0.00468089967727513,-0.06203393805304149,
GSE58733,0.00468089967727513,-0.06203393805304149,
GSE58746,0.00468089967727513,-0.06203393805304149,
GSE59784,0.00468089967727513,-0.06203393805304149,
GSE59859,0.00468089967727513,-0.06203393805304149,
GSE59956,0.00468089967727513,-0.06203393805304149,
GSE59958,0.00468089967727513,-0.06203393805304149,
GSE59970,0.00468089967727513,-0.06203393805304149,
GSE59442,0.00468089967727513,-0.06203393805304149,
GSE59463,0.00468089967727513,-0.06203393805304149,
GSE58707,0.00468089967727513,-0.06203393805304149,
GSE57984,0.00468089967727513,-0.06203393805304149,
GSE57698,0.00468089967727513,-0.06203393805304149,
GSE57712,0.00468089967727513,-0.06203393805304149,
GSE57804,0.00468089967727513,-0.06203393805304149,
GSE57809,0.00468089967727513,-0.06203393805304149,
GSE57837,0.00468089967727513,-0.06203393805304149,
GSE57849,0.00468089967727513,-0.06203393805304149,
GSE57567,0.00468089967727513,-0.06203393805304149,
GSE57575,0.00468089967727513,-0.06203393805304149,
GSE57654,0.00468089967727513,-0.06203393805304149,
GSE60377,0.00468089967727513,-0.06203393805304149,
GSE60114,0.00468089967727513,-0.06203393805304149,
GSE60875,0.00468089967727513,-0.06203393805304149,
GSE60896,0.00468089967727513,-0.06203393805304149,
GSE60927,0.00468089967727513,-0.06203393805304149,
GSE60930,0.00468089967727513,-0.06203393805304149,
GSE60941,0.00468089967727513,-0.06203393805304149,
GSE60968,0.00468089967727513,-0.06203393805304149,
GSE60745,0.00468089967727513,-0.06203393805304149,
GSE60756,0.00468089967727513,-0.06203393805304149,
GSE60763,0.00468089967727513,-0.06203393805304149,
GSE57680,0.00468089967727513,-0.06203393805304149,
GSE60397,0.00468089967727513,-0.06203393805304149,
GSE60163,0.00468089967727513,-0.06203393805304149,
GSE60165,0.00468089967727513,-0.06203393805304149,
GSE60188,0.00468089967727513,-0.06203393805304149,
GSE60226,0.00468089967727513,-0.06203393805304149,
GSE60231,0.00468089967727513,-0.06203393805304149,
GSE60243,0.00468089967727513,-0.06203393805304149,
GSE60261,0.00468089967727513,-0.06203393805304149,
GSE60283,0.00468089967727513,-0.06203393805304149,
GSE60005,0.00468089967727513,-0.06203393805304149,
GSE57980,0.00468089967727513,-0.06203393805304149,
GSE60050,0.00468089967727513,-0.06203393805304149,
GSE60097,0.00468089967727513,-0.06203393805304149,
GSE56983,0.00468089967727513,-0.06203393805304149,
GSE57998,0.00468089967727513,-0.06203393805304149,
GSE58088,0.00468089967727513,-0.06203393805304149,
GSE58089,0.00468089967727513,-0.06203393805304149,
GSE57875,0.00468089967727513,-0.06203393805304149,
GSE57910,0.00468089967727513,-0.06203393805304149,
GSE57926,0.00468089967727513,-0.06203393805304149,
GSE57959,0.00468089967727513,-0.06203393805304149,
GSE57967,0.00468089967727513,-0.06203393805304149,
GSE60019,0.00468089967727513,-0.06203393805304149,
GSE99973,0.00468089967727513,-0.06203393805304149,
GSE99974,0.00468089967727513,-0.06203393805304149,
GSE99975,0.00468089967727513,-0.06203393805304149,
GSE99977,0.00468089967727513,-0.06203393805304149,
GSE100039,0.00468089967727513,-0.06203393805304149,
GSE99815,0.00468089967727513,-0.06203393805304149,
GSE99849,0.00468089967727513,-0.06203393805304149,
GSE99866,0.00468089967727513,-0.06203393805304149,
GSE99924,0.00468089967727513,-0.06203393805304149,
GSE99933,0.00468089967727513,-0.06203393805304149,
GSE58905,0.00468089967727513,-0.06203393805304149,
GSE99957,0.00468089967727513,-0.06203393805304149,
GSE99774,0.00468089967727513,-0.06203393805304149,
GSE99783,0.00468089967727513,-0.06203393805304149,
GSE99784,0.00468089967727513,-0.06203393805304149,
GSE99787,0.00468089967727513,-0.06203393805304149,
GSE99791,0.00468089967727513,-0.06203393805304149,
GSE99811,0.00468089967727513,-0.06203393805304149,
GSE99658,0.00468089967727513,-0.06203393805304149,
GSE99659,0.00468089967727513,-0.06203393805304149,
GSE99701,0.00468089967727513,-0.06203393805304149,
GSE99954,0.00468089967727513,-0.06203393805304149,
GSE99588,0.00468089967727513,-0.06203393805304149,
GSE99619,0.00468089967727513,-0.06203393805304149,
GSE99622,0.00468089967727513,-0.06203393805304149,
GSE99645,0.00468089967727513,-0.06203393805304149,
GSE99646,0.00468089967727513,-0.06203393805304149,
GSE99656,0.00468089967727513,-0.06203393805304149,
GSE99409,0.00468089967727513,-0.06203393805304149,
GSE99440,0.00468089967727513,-0.06203393805304149,
GSE99457,0.00468089967727513,-0.06203393805304149,
GSE99491,0.00468089967727513,-0.06203393805304149,
GSE99516,0.00468089967727513,-0.06203393805304149,
GSE99265,0.00468089967727513,-0.06203393805304149,
GSE99296,0.00468089967727513,-0.06203393805304149,
GSE98875,0.00468089967727513,-0.06203393805304149,
GSE100070,0.00468089967727513,-0.06203393805304149,
GSE99972,0.00468089967727513,-0.06203393805304149,
GSE100607,0.00468089967727513,-0.06203393805304149,
GSE100608,0.00468089967727513,-0.06203393805304149,
GSE100634,0.00468089967727513,-0.06203393805304149,
GSE100686,0.00468089967727513,-0.06203393805304149,
GSE98816,0.00468089967727513,-0.06203393805304149,
GSE99970,0.00468089967727513,-0.06203393805304149,
GSE99504,0.00468089967727513,-0.06203393805304149,
GSE58313,0.00468089967727513,-0.06203393805304149,
GSE58318,0.00468089967727513,-0.06203393805304149,
GSE58332,0.00468089967727513,-0.06203393805304149,
GSE58359,0.00468089967727513,-0.06203393805304149,
GSE58360,0.00468089967727513,-0.06203393805304149,
GSE58363,0.00468089967727513,-0.06203393805304149,
GSE58371,0.00468089967727513,-0.06203393805304149,
GSE58108,0.00468089967727513,-0.06203393805304149,
GSE58174,0.00468089967727513,-0.06203393805304149,
GSE58242,0.00468089967727513,-0.06203393805304149,
GSE99709,0.00468089967727513,-0.06203393805304149,
GSE58972,0.00468089967727513,-0.06203393805304149,
GSE58973,0.00468089967727513,-0.06203393805304149,
GSE58993,0.00468089967727513,-0.06203393805304149,
GSE58996,0.00468089967727513,-0.06203393805304149,
GSE58998,0.00468089967727513,-0.06203393805304149,
GSE59017,0.00468089967727513,-0.06203393805304149,
GSE59073,0.00468089967727513,-0.06203393805304149,
GSE59104,0.00468089967727513,-0.06203393805304149,
GSE58843,0.00468089967727513,-0.06203393805304149,
GSE58858,0.00468089967727513,-0.06203393805304149,
GSE58282,0.00468089967727513,-0.06203393805304149,
GSE100212,0.00468089967727513,-0.06203393805304149,
GSE99166,0.00468089967727513,-0.06203393805304149,
GSE100098,0.00468089967727513,-0.06203393805304149,
GSE100102,0.00468089967727513,-0.06203393805304149,
GSE100106,0.00468089967727513,-0.06203393805304149,
GSE100175,0.00468089967727513,-0.06203393805304149,
GSE57682,0.00468089967727513,-0.06203393805304149,
GSE57694,0.00468089967727513,-0.06203393805304149,
GSE58465,0.00468089967727513,-0.06203393805304149,
GSE58495,0.00468089967727513,-0.06203393805304149,
GSE58286,0.00468089967727513,-0.06203393805304149,
GSE58510,0.00468089967727513,-0.06203393805304149,
GSE58514,0.00468089967727513,-0.06203393805304149,
GSE58609,0.00468089967727513,-0.06203393805304149,
GSE58619,0.00468089967727513,-0.06203393805304149,
GSE58372,0.00468089967727513,-0.06203393805304149,
GSE58384,0.00468089967727513,-0.06203393805304149,
GSE58405,0.00468089967727513,-0.06203393805304149,
GSE58423,0.00468089967727513,-0.06203393805304149,
GSE58429,0.00468089967727513,-0.06203393805304149,
GSE58432,0.00468089967727513,-0.06203393805304149,
GSE58453,0.00468089967727513,-0.06203393805304149,
GSE58498,0.00468089967727513,-0.06203393805304149,
GSE62899,0.00468089967727513,-0.06203393805304149,
GSE62902,0.00468089967727513,-0.06203393805304149,
GSE62917,0.00468089967727513,-0.06203393805304149,
GSE63031,0.00468089967727513,-0.06203393805304149,
GSE63048,0.00468089967727513,-0.06203393805304149,
GSE62734,0.00468089967727513,-0.06203393805304149,
GSE62741,0.00468089967727513,-0.06203393805304149,
GSE62784,0.00468089967727513,-0.06203393805304149,
GSE62786,0.00468089967727513,-0.06203393805304149,
GSE62795,0.00468089967727513,-0.06203393805304149,
GSE60808,0.00468089967727513,-0.06203393805304149,
GSE62824,0.00468089967727513,-0.06203393805304149,
GSE63758,0.00468089967727513,-0.06203393805304149,
GSE63772,0.00468089967727513,-0.06203393805304149,
GSE63792,0.00468089967727513,-0.06203393805304149,
GSE63804,0.00468089967727513,-0.06203393805304149,
GSE63809,0.00468089967727513,-0.06203393805304149,
GSE63526,0.00468089967727513,-0.06203393805304149,
GSE63647,0.00468089967727513,-0.06203393805304149,
GSE63674,0.00468089967727513,-0.06203393805304149,
GSE63751,0.00468089967727513,-0.06203393805304149,
GSE62822,0.00468089967727513,-0.06203393805304149,
GSE62398,0.00468089967727513,-0.06203393805304149,
GSE62432,0.00468089967727513,-0.06203393805304149,
GSE62512,0.00468089967727513,-0.06203393805304149,
GSE62202,0.00468089967727513,-0.06203393805304149,
GSE62205,0.00468089967727513,-0.06203393805304149,
GSE62268,0.00468089967727513,-0.06203393805304149,
GSE62292,0.00468089967727513,-0.06203393805304149,
GSE62294,0.00468089967727513,-0.06203393805304149,
GSE62310,0.00468089967727513,-0.06203393805304149,
GSE63204,0.00468089967727513,-0.06203393805304149,
GSE62874,0.00468089967727513,-0.06203393805304149,
GSE63243,0.00468089967727513,-0.06203393805304149,
GSE63268,0.00468089967727513,-0.06203393805304149,
GSE63271,0.00468089967727513,-0.06203393805304149,
GSE63282,0.00468089967727513,-0.06203393805304149,
GSE63078,0.00468089967727513,-0.06203393805304149,
GSE63093,0.00468089967727513,-0.06203393805304149,
GSE63137,0.00468089967727513,-0.06203393805304149,
GSE63166,0.00468089967727513,-0.06203393805304149,
GSE63194,0.00468089967727513,-0.06203393805304149,
GSE63199,0.00468089967727513,-0.06203393805304149,
GSE62826,0.00468089967727513,-0.06203393805304149,
GSE63206,0.00468089967727513,-0.06203393805304149,
GSE56575,0.00468089967727513,-0.06203393805304149,
GSE56185,0.00468089967727513,-0.06203393805304149,
GSE56240,0.00468089967727513,-0.06203393805304149,
GSE56248,0.00468089967727513,-0.06203393805304149,
GSE56253,0.00468089967727513,-0.06203393805304149,
GSE56276,0.00468089967727513,-0.06203393805304149,
GSE56284,0.00468089967727513,-0.06203393805304149,
GSE56292,0.00468089967727513,-0.06203393805304149,
GSE56312,0.00468089967727513,-0.06203393805304149,
GSE55966,0.00468089967727513,-0.06203393805304149,
GSE63756,0.00468089967727513,-0.06203393805304149,
GSE56096,0.00468089967727513,-0.06203393805304149,
GSE56127,0.00468089967727513,-0.06203393805304149,
GSE64296,0.00468089967727513,-0.06203393805304149,
GSE64357,0.00468089967727513,-0.06203393805304149,
GSE64359,0.00468089967727513,-0.06203393805304149,
GSE64379,0.00468089967727513,-0.06203393805304149,
GSE64403,0.00468089967727513,-0.06203393805304149,
GSE64063,0.00468089967727513,-0.06203393805304149,
GSE64080,0.00468089967727513,-0.06203393805304149,
GSE64091,0.00468089967727513,-0.06203393805304149,
GSE56018,0.00468089967727513,-0.06203393805304149,
GSE63424,0.00468089967727513,-0.06203393805304149,
GSE63426,0.00468089967727513,-0.06203393805304149,
GSE63467,0.00468089967727513,-0.06203393805304149,
GSE63472,0.00468089967727513,-0.06203393805304149,
GSE63493,0.00468089967727513,-0.06203393805304149,
GSE63497,0.00468089967727513,-0.06203393805304149,
GSE63510,0.00468089967727513,-0.06203393805304149,
GSE63316,0.00468089967727513,-0.06203393805304149,
GSE63340,0.00468089967727513,-0.06203393805304149,
GSE63348,0.00468089967727513,-0.06203393805304149,
GSE56566,0.00468089967727513,-0.06203393805304149,
GSE55338,0.00468089967727513,-0.06203393805304149,
GSE55376,0.00468089967727513,-0.06203393805304149,
GSE56762,0.00468089967727513,-0.06203393805304149,
GSE56786,0.00468089967727513,-0.06203393805304149,
GSE56867,0.00468089967727513,-0.06203393805304149,
GSE56872,0.00468089967727513,-0.06203393805304149,
GSE56890,0.00468089967727513,-0.06203393805304149,
GSE56367,0.00468089967727513,-0.06203393805304149,
GSE56446,0.00468089967727513,-0.06203393805304149,
GSE56507,0.00468089967727513,-0.06203393805304149,
GSE56529,0.00468089967727513,-0.06203393805304149,
GSE63404,0.00468089967727513,-0.06203393805304149,
GSE61470,0.00468089967727513,-0.06203393805304149,
GSE61184,0.00468089967727513,-0.06203393805304149,
GSE61188,0.00468089967727513,-0.06203393805304149,
GSE61205,0.00468089967727513,-0.06203393805304149,
GSE61239,0.00468089967727513,-0.06203393805304149,
GSE61288,0.00468089967727513,-0.06203393805304149,
GSE61300,0.00468089967727513,-0.06203393805304149,
GSE61008,0.00468089967727513,-0.06203393805304149,
GSE61031,0.00468089967727513,-0.06203393805304149,
GSE61033,0.00468089967727513,-0.06203393805304149,
GSE62378,0.00468089967727513,-0.06203393805304149,
GSE61098,0.00468089967727513,-0.06203393805304149,
GSE56170,0.00468089967727513,-0.06203393805304149,
GSE57415,0.00468089967727513,-0.06203393805304149,
GSE57514,0.00468089967727513,-0.06203393805304149,
GSE57231,0.00468089967727513,-0.06203393805304149,
GSE57244,0.00468089967727513,-0.06203393805304149,
GSE57272,0.00468089967727513,-0.06203393805304149,
GSE57313,0.00468089967727513,-0.06203393805304149,
GSE57396,0.00468089967727513,-0.06203393805304149,
GSE57403,0.00468089967727513,-0.06203393805304149,
GSE61095,0.00468089967727513,-0.06203393805304149,
GSE60659,0.00468089967727513,-0.06203393805304149,
GSE60691,0.00468089967727513,-0.06203393805304149,
GSE60699,0.00468089967727513,-0.06203393805304149,
GSE60701,0.00468089967727513,-0.06203393805304149,
GSE60738,0.00468089967727513,-0.06203393805304149,
GSE60537,0.00468089967727513,-0.06203393805304149,
GSE60569,0.00468089967727513,-0.06203393805304149,
GSE60599,0.00468089967727513,-0.06203393805304149,
GSE60627,0.00468089967727513,-0.06203393805304149,
GSE60641,0.00468089967727513,-0.06203393805304149,
GSE61425,0.00468089967727513,-0.06203393805304149,
GSE61486,0.00468089967727513,-0.06203393805304149,
GSE61505,0.00468089967727513,-0.06203393805304149,
GSE61523,0.00468089967727513,-0.06203393805304149,
GSE61528,0.00468089967727513,-0.06203393805304149,
GSE61529,0.00468089967727513,-0.06203393805304149,
GSE61577,0.00468089967727513,-0.06203393805304149,
GSE61602,0.00468089967727513,-0.06203393805304149,
GSE61329,0.00468089967727513,-0.06203393805304149,
GSE61351,0.00468089967727513,-0.06203393805304149,
GSE61389,0.00468089967727513,-0.06203393805304149,
GSE61401,0.00468089967727513,-0.06203393805304149,
GSE60642,0.00468089967727513,-0.06203393805304149,
GSE61828,0.00468089967727513,-0.06203393805304149,
GSE61845,0.00468089967727513,-0.06203393805304149,
GSE61874,0.00468089967727513,-0.06203393805304149,
GSE61875,0.00468089967727513,-0.06203393805304149,
GSE61627,0.00468089967727513,-0.06203393805304149,
GSE61636,0.00468089967727513,-0.06203393805304149,
GSE61677,0.00468089967727513,-0.06203393805304149,
GSE61694,0.00468089967727513,-0.06203393805304149,
GSE61734,0.00468089967727513,-0.06203393805304149,
GSE61748,0.00468089967727513,-0.06203393805304149,
GSE57043,0.00468089967727513,-0.06203393805304149,
GSE62698,0.00468089967727513,-0.06203393805304149,
GSE62715,0.00468089967727513,-0.06203393805304149,
GSE62559,0.00468089967727513,-0.06203393805304149,
GSE62571,0.00468089967727513,-0.06203393805304149,
GSE62573,0.00468089967727513,-0.06203393805304149,
GSE62621,0.00468089967727513,-0.06203393805304149,
GSE62633,0.00468089967727513,-0.06203393805304149,
GSE62641,0.00468089967727513,-0.06203393805304149,
GSE62647,0.00468089967727513,-0.06203393805304149,
GSE62357,0.00468089967727513,-0.06203393805304149,
GSE62689,0.00468089967727513,-0.06203393805304149,
GSE57054,0.00468089967727513,-0.06203393805304149,
GSE57092,0.00468089967727513,-0.06203393805304149,
GSE57125,0.00468089967727513,-0.06203393805304149,
GSE57147,0.00468089967727513,-0.06203393805304149,
GSE57170,0.00468089967727513,-0.06203393805304149,
GSE57206,0.00468089967727513,-0.06203393805304149,
GSE56893,0.00468089967727513,-0.06203393805304149,
GSE56902,0.00468089967727513,-0.06203393805304149,
GSE56932,0.00468089967727513,-0.06203393805304149,
GSE56933,0.00468089967727513,-0.06203393805304149,
GSE61755,0.00468089967727513,-0.06203393805304149,
GSE61117,0.00468089967727513,-0.06203393805304149,
GSE62042,0.00468089967727513,-0.06203393805304149,
GSE62050,0.00468089967727513,-0.06203393805304149,
GSE62122,0.00468089967727513,-0.06203393805304149,
GSE62125,0.00468089967727513,-0.06203393805304149,
GSE62129,0.00468089967727513,-0.06203393805304149,
GSE62149,0.00468089967727513,-0.06203393805304149,
GSE62184,0.00468089967727513,-0.06203393805304149,
GSE61915,0.00468089967727513,-0.06203393805304149,
GSE61969,0.00468089967727513,-0.06203393805304149,
GSE62001,0.00468089967727513,-0.06203393805304149,
GSE61102,0.00468089967727513,-0.06203393805304149,
GSE43078,0.00468089967727513,-0.06203393805304149,
GSE43314,0.00468089967727513,-0.06203393805304149,
GSE75762,0.00468089967727513,-0.06203393805304149,
GSE76140,0.00468089967727513,-0.06203393805304149,
GSE76143,0.00468089967727513,-0.06203393805304149,
GSE76157,0.00468089967727513,-0.06203393805304149,
GSE76183,0.00468089967727513,-0.06203393805304149,
GSE76186,0.00468089967727513,-0.06203393805304149,
GSE76198,0.00468089967727513,-0.06203393805304149,
GSE76123,0.00468089967727513,-0.06203393805304149,
GSE70108,0.00468089967727513,-0.06203393805304149,
GSE76133,0.00468089967727513,-0.06203393805304149,
GSE76138,0.00468089967727513,-0.06203393805304149,
GSE76017,0.00468089967727513,-0.06203393805304149,
GSE76093,0.00468089967727513,-0.06203393805304149,
GSE75984,0.00468089967727513,-0.06203393805304149,
GSE75993,0.00468089967727513,-0.06203393805304149,
GSE75995,0.00468089967727513,-0.06203393805304149,
GSE75997,0.00468089967727513,-0.06203393805304149,
GSE76005,0.00468089967727513,-0.06203393805304149,
GSE76458,0.00468089967727513,-0.06203393805304149,
GSE76132,0.00468089967727513,-0.06203393805304149,
GSE75809,0.00468089967727513,-0.06203393805304149,
GSE75826,0.00468089967727513,-0.06203393805304149,
GSE75832,0.00468089967727513,-0.06203393805304149,
GSE75735,0.00468089967727513,-0.06203393805304149,
GSE75737,0.00468089967727513,-0.06203393805304149,
GSE75761,0.00468089967727513,-0.06203393805304149,
GSE44229,0.00468089967727513,-0.06203393805304149,
GSE44333,0.00468089967727513,-0.06203393805304149,
GSE44366,0.00468089967727513,-0.06203393805304149,
GSE43721,0.00468089967727513,-0.06203393805304149,
GSE43718,0.00468089967727513,-0.06203393805304149,
GSE43735,0.00468089967727513,-0.06203393805304149,
GSE43948,0.00468089967727513,-0.06203393805304149,
GSE44157,0.00468089967727513,-0.06203393805304149,
GSE44158,0.00468089967727513,-0.06203393805304149,
GSE43504,0.00468089967727513,-0.06203393805304149,
GSE43575,0.00468089967727513,-0.06203393805304149,
GSE43617,0.00468089967727513,-0.06203393805304149,
GSE43631,0.00468089967727513,-0.06203393805304149,
GSE43660,0.00468089967727513,-0.06203393805304149,
GSE43717,0.00468089967727513,-0.06203393805304149,
GSE43725,0.00468089967727513,-0.06203393805304149,
GSE42999,0.00468089967727513,-0.06203393805304149,
GSE43041,0.00468089967727513,-0.06203393805304149,
GSE42573,0.00468089967727513,-0.06203393805304149,
GSE42629,0.00468089967727513,-0.06203393805304149,
GSE42662,0.00468089967727513,-0.06203393805304149,
GSE42704,0.00468089967727513,-0.06203393805304149,
GSE42805,0.00468089967727513,-0.06203393805304149,
GSE42852,0.00468089967727513,-0.06203393805304149,
GSE42154,0.00468089967727513,-0.06203393805304149,
GSE42237,0.00468089967727513,-0.06203393805304149,
GSE76466,0.00468089967727513,-0.06203393805304149,
GSE42398,0.00468089967727513,-0.06203393805304149,
GSE42443,0.00468089967727513,-0.06203393805304149,
GSE42474,0.00468089967727513,-0.06203393805304149,
GSE42564,0.00468089967727513,-0.06203393805304149,
GSE41974,0.00468089967727513,-0.06203393805304149,
GSE41976,0.00468089967727513,-0.06203393805304149,
GSE41985,0.00468089967727513,-0.06203393805304149,
GSE76253,0.00468089967727513,-0.06203393805304149,
GSE76254,0.00468089967727513,-0.06203393805304149,
GSE76840,0.00468089967727513,-0.06203393805304149,
GSE42339,0.00468089967727513,-0.06203393805304149,
GSE76498,0.00468089967727513,-0.06203393805304149,
GSE76504,0.00468089967727513,-0.06203393805304149,
GSE76505,0.00468089967727513,-0.06203393805304149,
GSE76552,0.00468089967727513,-0.06203393805304149,
GSE76565,0.00468089967727513,-0.06203393805304149,
GSE76316,0.00468089967727513,-0.06203393805304149,
GSE76317,0.00468089967727513,-0.06203393805304149,
GSE76359,0.00468089967727513,-0.06203393805304149,
GSE76408,0.00468089967727513,-0.06203393805304149,
GSE76410,0.00468089967727513,-0.06203393805304149,
GSE42990,0.00468089967727513,-0.06203393805304149,
GSE76279,0.00468089967727513,-0.06203393805304149,
GSE76303,0.00468089967727513,-0.06203393805304149,
GSE76309,0.00468089967727513,-0.06203393805304149,
GSE76215,0.00468089967727513,-0.06203393805304149,
GSE76217,0.00468089967727513,-0.06203393805304149,
GSE76222,0.00468089967727513,-0.06203393805304149,
GSE76245,0.00468089967727513,-0.06203393805304149,
GSE40652,0.00468089967727513,-0.06203393805304149,
GSE42878,0.00468089967727513,-0.06203393805304149,
GSE42912,0.00468089967727513,-0.06203393805304149,
GSE42923,0.00468089967727513,-0.06203393805304149,
GSE76419,0.00468089967727513,-0.06203393805304149,
GSE75103,0.00468089967727513,-0.06203393805304149,
GSE75104,0.00468089967727513,-0.06203393805304149,
GSE75105,0.00468089967727513,-0.06203393805304149,
GSE75106,0.00468089967727513,-0.06203393805304149,
GSE75154,0.00468089967727513,-0.06203393805304149,
GSE75176,0.00468089967727513,-0.06203393805304149,
GSE75028,0.00468089967727513,-0.06203393805304149,
GSE75038,0.00468089967727513,-0.06203393805304149,
GSE75044,0.00468089967727513,-0.06203393805304149,
GSE75049,0.00468089967727513,-0.06203393805304149,
GSE75804,0.00468089967727513,-0.06203393805304149,
GSE75066,0.00468089967727513,-0.06203393805304149,
GSE75074,0.00468089967727513,-0.06203393805304149,
GSE74966,0.00468089967727513,-0.06203393805304149,
GSE74973,0.00468089967727513,-0.06203393805304149,
GSE74980,0.00468089967727513,-0.06203393805304149,
GSE74985,0.00468089967727513,-0.06203393805304149,
GSE43410,0.00468089967727513,-0.06203393805304149,
GSE43431,0.00468089967727513,-0.06203393805304149,
GSE45319,0.00468089967727513,-0.06203393805304149,
GSE45338,0.00468089967727513,-0.06203393805304149,
GSE75064,0.00468089967727513,-0.06203393805304149,
GSE74724,0.00468089967727513,-0.06203393805304149,
GSE74746,0.00468089967727513,-0.06203393805304149,
GSE74747,0.00468089967727513,-0.06203393805304149,
GSE74750,0.00468089967727513,-0.06203393805304149,
GSE74804,0.00468089967727513,-0.06203393805304149,
GSE74822,0.00468089967727513,-0.06203393805304149,
GSE74855,0.00468089967727513,-0.06203393805304149,
GSE74650,0.00468089967727513,-0.06203393805304149,
GSE74672,0.00468089967727513,-0.06203393805304149,
GSE74682,0.00468089967727513,-0.06203393805304149,
GSE75330,0.00468089967727513,-0.06203393805304149,
GSE74690,0.00468089967727513,-0.06203393805304149,
GSE74552,0.00468089967727513,-0.06203393805304149,
GSE74558,0.00468089967727513,-0.06203393805304149,
GSE74570,0.00468089967727513,-0.06203393805304149,
GSE74583,0.00468089967727513,-0.06203393805304149,
GSE74630,0.00468089967727513,-0.06203393805304149,
GSE75210,0.00468089967727513,-0.06203393805304149,
GSE75219,0.00468089967727513,-0.06203393805304149,
GSE75229,0.00468089967727513,-0.06203393805304149,
GSE75242,0.00468089967727513,-0.06203393805304149,
GSE75318,0.00468089967727513,-0.06203393805304149,
GSE74683,0.00468089967727513,-0.06203393805304149,
GSE75715,0.00468089967727513,-0.06203393805304149,
GSE75579,0.00468089967727513,-0.06203393805304149,
GSE75589,0.00468089967727513,-0.06203393805304149,
GSE75596,0.00468089967727513,-0.06203393805304149,
GSE75599,0.00468089967727513,-0.06203393805304149,
GSE75510,0.00468089967727513,-0.06203393805304149,
GSE75544,0.00468089967727513,-0.06203393805304149,
GSE75549,0.00468089967727513,-0.06203393805304149,
GSE75332,0.00468089967727513,-0.06203393805304149,
GSE75357,0.00468089967727513,-0.06203393805304149,
GSE45358,0.00468089967727513,-0.06203393805304149,
GSE75426,0.00468089967727513,-0.06203393805304149,
GSE75909,0.00468089967727513,-0.06203393805304149,
GSE75925,0.00468089967727513,-0.06203393805304149,
GSE75936,0.00468089967727513,-0.06203393805304149,
GSE75944,0.00468089967727513,-0.06203393805304149,
GSE75957,0.00468089967727513,-0.06203393805304149,
GSE75854,0.00468089967727513,-0.06203393805304149,
GSE75907,0.00468089967727513,-0.06203393805304149,
GSE75775,0.00468089967727513,-0.06203393805304149,
GSE75787,0.00468089967727513,-0.06203393805304149,
GSE75413,0.00468089967727513,-0.06203393805304149,
GSE45446,0.00468089967727513,-0.06203393805304149,
GSE45568,0.00468089967727513,-0.06203393805304149,
GSE45118,0.00468089967727513,-0.06203393805304149,
GSE45152,0.00468089967727513,-0.06203393805304149,
GSE45182,0.00468089967727513,-0.06203393805304149,
GSE45254,0.00468089967727513,-0.06203393805304149,
GSE45278,0.00468089967727513,-0.06203393805304149,
GSE44698,0.00468089967727513,-0.06203393805304149,
GSE44733,0.00468089967727513,-0.06203393805304149,
GSE44775,0.00468089967727513,-0.06203393805304149,
GSE75714,0.00468089967727513,-0.06203393805304149,
GSE44942,0.00468089967727513,-0.06203393805304149,
GSE44945,0.00468089967727513,-0.06203393805304149,
GSE45048,0.00468089967727513,-0.06203393805304149,
GSE44573,0.00468089967727513,-0.06203393805304149,
GSE44591,0.00468089967727513,-0.06203393805304149,
GSE44640,0.00468089967727513,-0.06203393805304149,
GSE44654,0.00468089967727513,-0.06203393805304149,
GSE44665,0.00468089967727513,-0.06203393805304149,
GSE75001,0.00468089967727513,-0.06203393805304149,
GSE75648,0.00468089967727513,-0.06203393805304149,
GSE75706,0.00468089967727513,-0.06203393805304149,
GSE44935,0.00468089967727513,-0.06203393805304149,
GSE78241,0.00468089967727513,-0.06203393805304149,
GSE78247,0.00468089967727513,-0.06203393805304149,
GSE78143,0.00468089967727513,-0.06203393805304149,
GSE78151,0.00468089967727513,-0.06203393805304149,
GSE78183,0.00468089967727513,-0.06203393805304149,
GSE78184,0.00468089967727513,-0.06203393805304149,
GSE78209,0.00468089967727513,-0.06203393805304149,
GSE78056,0.00468089967727513,-0.06203393805304149,
GSE78082,0.00468089967727513,-0.06203393805304149,
GSE78084,0.00468089967727513,-0.06203393805304149,
GSE76853,0.00468089967727513,-0.06203393805304149,
GSE78127,0.00468089967727513,-0.06203393805304149,
GSE77893,0.00468089967727513,-0.06203393805304149,
GSE77894,0.00468089967727513,-0.06203393805304149,
GSE77896,0.00468089967727513,-0.06203393805304149,
GSE77988,0.00468089967727513,-0.06203393805304149,
GSE37379,0.00468089967727513,-0.06203393805304149,
GSE37641,0.00468089967727513,-0.06203393805304149,
GSE39866,0.00468089967727513,-0.06203393805304149,
GSE40064,0.00468089967727513,-0.06203393805304149,
GSE39619,0.00468089967727513,-0.06203393805304149,
GSE78105,0.00468089967727513,-0.06203393805304149,
GSE41545,0.00468089967727513,-0.06203393805304149,
GSE41658,0.00468089967727513,-0.06203393805304149,
GSE41710,0.00468089967727513,-0.06203393805304149,
GSE41876,0.00468089967727513,-0.06203393805304149,
GSE41879,0.00468089967727513,-0.06203393805304149,
GSE41903,0.00468089967727513,-0.06203393805304149,
GSE41265,0.00468089967727513,-0.06203393805304149,
GSE41285,0.00468089967727513,-0.06203393805304149,
GSE41317,0.00468089967727513,-0.06203393805304149,
GSE40688,0.00468089967727513,-0.06203393805304149,
GSE77695,0.00468089967727513,-0.06203393805304149,
GSE40918,0.00468089967727513,-0.06203393805304149,
GSE40948,0.00468089967727513,-0.06203393805304149,
GSE40978,0.00468089967727513,-0.06203393805304149,
GSE41090,0.00468089967727513,-0.06203393805304149,
GSE40285,0.00468089967727513,-0.06203393805304149,
GSE40350,0.00468089967727513,-0.06203393805304149,
GSE40436,0.00468089967727513,-0.06203393805304149,
GSE40463,0.00468089967727513,-0.06203393805304149,
GSE40468,0.00468089967727513,-0.06203393805304149,
GSE77693,0.00468089967727513,-0.06203393805304149,
GSE40823,0.00468089967727513,-0.06203393805304149,
GSE78849,0.00468089967727513,-0.06203393805304149,
GSE78855,0.00468089967727513,-0.06203393805304149,
GSE78905,0.00468089967727513,-0.06203393805304149,
GSE78706,0.00468089967727513,-0.06203393805304149,
GSE78708,0.00468089967727513,-0.06203393805304149,
GSE78730,0.00468089967727513,-0.06203393805304149,
GSE78752,0.00468089967727513,-0.06203393805304149,
GSE78772,0.00468089967727513,-0.06203393805304149,
GSE78781,0.00468089967727513,-0.06203393805304149,
GSE78499,0.00468089967727513,-0.06203393805304149,
GSE39652,0.00468089967727513,-0.06203393805304149,
GSE78510,0.00468089967727513,-0.06203393805304149,
GSE78514,0.00468089967727513,-0.06203393805304149,
GSE78691,0.00468089967727513,-0.06203393805304149,
GSE78701,0.00468089967727513,-0.06203393805304149,
GSE79244,0.00468089967727513,-0.06203393805304149,
GSE79260,0.00468089967727513,-0.06203393805304149,
GSE79291,0.00468089967727513,-0.06203393805304149,
GSE79313,0.00468089967727513,-0.06203393805304149,
GSE79352,0.00468089967727513,-0.06203393805304149,
GSE79108,0.00468089967727513,-0.06203393805304149,
GSE78505,0.00468089967727513,-0.06203393805304149,
GSE99575,0.00468089967727513,-0.06203393805304149,
GSE39657,0.00468089967727513,-0.06203393805304149,
GSE39756,0.00468089967727513,-0.06203393805304149,
GSE39812,0.00468089967727513,-0.06203393805304149,
GSE39849,0.00468089967727513,-0.06203393805304149,
GSE39851,0.00468089967727513,-0.06203393805304149,
GSE39406,0.00468089967727513,-0.06203393805304149,
GSE39513,0.00468089967727513,-0.06203393805304149,
GSE39522,0.00468089967727513,-0.06203393805304149,
GSE39605,0.00468089967727513,-0.06203393805304149,
GSE78845,0.00468089967727513,-0.06203393805304149,
GSE38845,0.00468089967727513,-0.06203393805304149,
GSE38892,0.00468089967727513,-0.06203393805304149,
GSE38907,0.00468089967727513,-0.06203393805304149,
GSE38990,0.00468089967727513,-0.06203393805304149,
GSE78907,0.00468089967727513,-0.06203393805304149,
GSE78938,0.00468089967727513,-0.06203393805304149,
GSE78964,0.00468089967727513,-0.06203393805304149,
GSE78965,0.00468089967727513,-0.06203393805304149,
GSE78971,0.00468089967727513,-0.06203393805304149,
GSE78809,0.00468089967727513,-0.06203393805304149,
GSE78816,0.00468089967727513,-0.06203393805304149,
GSE38842,0.00468089967727513,-0.06203393805304149,
GSE77105,0.00468089967727513,-0.06203393805304149,
GSE77113,0.00468089967727513,-0.06203393805304149,
GSE77133,0.00468089967727513,-0.06203393805304149,
GSE77172,0.00468089967727513,-0.06203393805304149,
GSE77185,0.00468089967727513,-0.06203393805304149,
GSE77007,0.00468089967727513,-0.06203393805304149,
GSE77010,0.00468089967727513,-0.06203393805304149,
GSE77029,0.00468089967727513,-0.06203393805304149,
GSE77067,0.00468089967727513,-0.06203393805304149,
GSE77076,0.00468089967727513,-0.06203393805304149,
GSE39129,0.00468089967727513,-0.06203393805304149,
GSE76926,0.00468089967727513,-0.06203393805304149,
GSE76932,0.00468089967727513,-0.06203393805304149,
GSE76983,0.00468089967727513,-0.06203393805304149,
GSE76988,0.00468089967727513,-0.06203393805304149,
GSE76992,0.00468089967727513,-0.06203393805304149,
GSE77003,0.00468089967727513,-0.06203393805304149,
GSE77005,0.00468089967727513,-0.06203393805304149,
GSE77547,0.00468089967727513,-0.06203393805304149,
GSE77550,0.00468089967727513,-0.06203393805304149,
GSE77569,0.00468089967727513,-0.06203393805304149,
GSE77083,0.00468089967727513,-0.06203393805304149,
GSE76864,0.00468089967727513,-0.06203393805304149,
GSE76865,0.00468089967727513,-0.06203393805304149,
GSE76868,0.00468089967727513,-0.06203393805304149,
GSE76909,0.00468089967727513,-0.06203393805304149,
GSE76755,0.00468089967727513,-0.06203393805304149,
GSE76771,0.00468089967727513,-0.06203393805304149,
GSE76779,0.00468089967727513,-0.06203393805304149,
GSE76837,0.00468089967727513,-0.06203393805304149,
GSE76687,0.00468089967727513,-0.06203393805304149,
GSE76722,0.00468089967727513,-0.06203393805304149,
GSE77256,0.00468089967727513,-0.06203393805304149,
GSE76733,0.00468089967727513,-0.06203393805304149,
GSE76748,0.00468089967727513,-0.06203393805304149,
GSE76749,0.00468089967727513,-0.06203393805304149,
GSE76567,0.00468089967727513,-0.06203393805304149,
GSE76602,0.00468089967727513,-0.06203393805304149,
GSE76609,0.00468089967727513,-0.06203393805304149,
GSE76619,0.00468089967727513,-0.06203393805304149,
GSE76634,0.00468089967727513,-0.06203393805304149,
GSE77197,0.00468089967727513,-0.06203393805304149,
GSE77214,0.00468089967727513,-0.06203393805304149,
GSE77243,0.00468089967727513,-0.06203393805304149,
GSE76724,0.00468089967727513,-0.06203393805304149,
GSE77857,0.00468089967727513,-0.06203393805304149,
GSE77885,0.00468089967727513,-0.06203393805304149,
GSE77891,0.00468089967727513,-0.06203393805304149,
GSE77892,0.00468089967727513,-0.06203393805304149,
GSE77740,0.00468089967727513,-0.06203393805304149,
GSE77769,0.00468089967727513,-0.06203393805304149,
GSE77778,0.00468089967727513,-0.06203393805304149,
GSE77793,0.00468089967727513,-0.06203393805304149,
GSE77795,0.00468089967727513,-0.06203393805304149,
GSE77801,0.00468089967727513,-0.06203393805304149,
GSE77586,0.00468089967727513,-0.06203393805304149,
GSE77717,0.00468089967727513,-0.06203393805304149,
GSE77720,0.00468089967727513,-0.06203393805304149,
GSE77722,0.00468089967727513,-0.06203393805304149,
GSE77736,0.00468089967727513,-0.06203393805304149,
GSE77645,0.00468089967727513,-0.06203393805304149,
GSE77646,0.00468089967727513,-0.06203393805304149,
GSE77647,0.00468089967727513,-0.06203393805304149,
GSE77652,0.00468089967727513,-0.06203393805304149,
GSE77681,0.00468089967727513,-0.06203393805304149,
GSE39113,0.00468089967727513,-0.06203393805304149,
GSE77715,0.00468089967727513,-0.06203393805304149,
GSE77588,0.00468089967727513,-0.06203393805304149,
GSE77625,0.00468089967727513,-0.06203393805304149,
GSE77636,0.00468089967727513,-0.06203393805304149,
GSE77471,0.00468089967727513,-0.06203393805304149,
GSE77476,0.00468089967727513,-0.06203393805304149,
GSE77534,0.00468089967727513,-0.06203393805304149,
GSE77541,0.00468089967727513,-0.06203393805304149,
GSE77410,0.00468089967727513,-0.06203393805304149,
GSE77420,0.00468089967727513,-0.06203393805304149,
GSE77441,0.00468089967727513,-0.06203393805304149,
GSE77851,0.00468089967727513,-0.06203393805304149,
GSE77456,0.00468089967727513,-0.06203393805304149,
GSE77458,0.00468089967727513,-0.06203393805304149,
GSE77319,0.00468089967727513,-0.06203393805304149,
GSE77323,0.00468089967727513,-0.06203393805304149,
GSE77324,0.00468089967727513,-0.06203393805304149,
GSE77357,0.00468089967727513,-0.06203393805304149,
GSE77374,0.00468089967727513,-0.06203393805304149,
GSE77375,0.00468089967727513,-0.06203393805304149,
GSE77390,0.00468089967727513,-0.06203393805304149,
GSE77846,0.00468089967727513,-0.06203393805304149,
GSE77847,0.00468089967727513,-0.06203393805304149,
GSE77453,0.00468089967727513,-0.06203393805304149,
GSE71499,0.00468089967727513,-0.06203393805304149,
GSE71508,0.00468089967727513,-0.06203393805304149,
GSE71531,0.00468089967727513,-0.06203393805304149,
GSE71534,0.00468089967727513,-0.06203393805304149,
GSE71385,0.00468089967727513,-0.06203393805304149,
GSE71387,0.00468089967727513,-0.06203393805304149,
GSE71396,0.00468089967727513,-0.06203393805304149,
GSE71405,0.00468089967727513,-0.06203393805304149,
GSE71453,0.00468089967727513,-0.06203393805304149,
GSE71462,0.00468089967727513,-0.06203393805304149,
GSE74923,0.00468089967727513,-0.06203393805304149,
GSE71295,0.00468089967727513,-0.06203393805304149,
GSE71309,0.00468089967727513,-0.06203393805304149,
GSE71310,0.00468089967727513,-0.06203393805304149,
GSE71333,0.00468089967727513,-0.06203393805304149,
GSE71176,0.00468089967727513,-0.06203393805304149,
GSE71185,0.00468089967727513,-0.06203393805304149,
GSE71198,0.00468089967727513,-0.06203393805304149,
GSE71209,0.00468089967727513,-0.06203393805304149,
GSE71217,0.00468089967727513,-0.06203393805304149,
GSE71229,0.00468089967727513,-0.06203393805304149,
GSE71463,0.00468089967727513,-0.06203393805304149,
GSE51606,0.00468089967727513,-0.06203393805304149,
GSE51619,0.00468089967727513,-0.06203393805304149,
GSE51620,0.00468089967727513,-0.06203393805304149,
GSE50856,0.00468089967727513,-0.06203393805304149,
GSE50896,0.00468089967727513,-0.06203393805304149,
GSE50983,0.00468089967727513,-0.06203393805304149,
GSE51006,0.00468089967727513,-0.06203393805304149,
GSE51008,0.00468089967727513,-0.06203393805304149,
GSE50612,0.00468089967727513,-0.06203393805304149,
GSE50708,0.00468089967727513,-0.06203393805304149,
GSE71493,0.00468089967727513,-0.06203393805304149,
GSE50763,0.00468089967727513,-0.06203393805304149,
GSE50775,0.00468089967727513,-0.06203393805304149,
GSE50776,0.00468089967727513,-0.06203393805304149,
GSE50809,0.00468089967727513,-0.06203393805304149,
GSE50172,0.00468089967727513,-0.06203393805304149,
GSE50198,0.00468089967727513,-0.06203393805304149,
GSE50459,0.00468089967727513,-0.06203393805304149,
GSE50534,0.00468089967727513,-0.06203393805304149,
GSE70844,0.00468089967727513,-0.06203393805304149,
GSE70849,0.00468089967727513,-0.06203393805304149,
GSE50739,0.00468089967727513,-0.06203393805304149,
GSE50050,0.00468089967727513,-0.06203393805304149,
GSE50068,0.00468089967727513,-0.06203393805304149,
GSE49581,0.00468089967727513,-0.06203393805304149,
GSE49669,0.00468089967727513,-0.06203393805304149,
GSE49715,0.00468089967727513,-0.06203393805304149,
GSE49843,0.00468089967727513,-0.06203393805304149,
GSE49114,0.00468089967727513,-0.06203393805304149,
GSE49147,0.00468089967727513,-0.06203393805304149,
GSE49366,0.00468089967727513,-0.06203393805304149,
GSE49433,0.00468089967727513,-0.06203393805304149,
GSE71233,0.00468089967727513,-0.06203393805304149,
GSE49449,0.00468089967727513,-0.06203393805304149,
GSE49538,0.00468089967727513,-0.06203393805304149,
GSE48968,0.00468089967727513,-0.06203393805304149,
GSE48974,0.00468089967727513,-0.06203393805304149,
GSE49023,0.00468089967727513,-0.06203393805304149,
GSE71635,0.00468089967727513,-0.06203393805304149,
GSE72368,0.00468089967727513,-0.06203393805304149,
GSE72369,0.00468089967727513,-0.06203393805304149,
GSE72442,0.00468089967727513,-0.06203393805304149,
GSE72207,0.00468089967727513,-0.06203393805304149,
GSE49434,0.00468089967727513,-0.06203393805304149,
GSE71234,0.00468089967727513,-0.06203393805304149,
GSE71912,0.00468089967727513,-0.06203393805304149,
GSE71943,0.00468089967727513,-0.06203393805304149,
GSE71948,0.00468089967727513,-0.06203393805304149,
GSE72003,0.00468089967727513,-0.06203393805304149,
GSE72018,0.00468089967727513,-0.06203393805304149,
GSE71794,0.00468089967727513,-0.06203393805304149,
GSE71802,0.00468089967727513,-0.06203393805304149,
GSE71873,0.00468089967727513,-0.06203393805304149,
GSE71882,0.00468089967727513,-0.06203393805304149,
GSE49933,0.00468089967727513,-0.06203393805304149,
GSE71636,0.00468089967727513,-0.06203393805304149,
GSE71674,0.00468089967727513,-0.06203393805304149,
GSE71679,0.00468089967727513,-0.06203393805304149,
GSE71699,0.00468089967727513,-0.06203393805304149,
GSE71713,0.00468089967727513,-0.06203393805304149,
GSE71586,0.00468089967727513,-0.06203393805304149,
GSE71588,0.00468089967727513,-0.06203393805304149,
GSE71591,0.00468089967727513,-0.06203393805304149,
GSE71619,0.00468089967727513,-0.06203393805304149,
GSE48048,0.00468089967727513,-0.06203393805304149,
GSE49932,0.00468089967727513,-0.06203393805304149,
GSE71889,0.00468089967727513,-0.06203393805304149,
GSE70383,0.00468089967727513,-0.06203393805304149,
GSE70386,0.00468089967727513,-0.06203393805304149,
GSE70413,0.00468089967727513,-0.06203393805304149,
GSE70419,0.00468089967727513,-0.06203393805304149,
GSE70307,0.00468089967727513,-0.06203393805304149,
GSE70314,0.00468089967727513,-0.06203393805304149,
GSE70352,0.00468089967727513,-0.06203393805304149,
GSE70357,0.00468089967727513,-0.06203393805304149,
GSE70358,0.00468089967727513,-0.06203393805304149,
GSE70240,0.00468089967727513,-0.06203393805304149,
GSE51572,0.00468089967727513,-0.06203393805304149,
GSE70242,0.00468089967727513,-0.06203393805304149,
GSE70243,0.00468089967727513,-0.06203393805304149,
GSE70244,0.00468089967727513,-0.06203393805304149,
GSE70283,0.00468089967727513,-0.06203393805304149,
GSE70288,0.00468089967727513,-0.06203393805304149,
GSE70158,0.00468089967727513,-0.06203393805304149,
GSE70159,0.00468089967727513,-0.06203393805304149,
GSE70207,0.00468089967727513,-0.06203393805304149,
GSE70235,0.00468089967727513,-0.06203393805304149,
GSE70236,0.00468089967727513,-0.06203393805304149,
GSE70241,0.00468089967727513,-0.06203393805304149,
GSE70116,0.00468089967727513,-0.06203393805304149,
GSE70123,0.00468089967727513,-0.06203393805304149,
GSE70132,0.00468089967727513,-0.06203393805304149,
GSE70133,0.00468089967727513,-0.06203393805304149,
GSE70156,0.00468089967727513,-0.06203393805304149,
GSE70020,0.00468089967727513,-0.06203393805304149,
GSE70022,0.00468089967727513,-0.06203393805304149,
GSE70028,0.00468089967727513,-0.06203393805304149,
GSE70031,0.00468089967727513,-0.06203393805304149,
GSE70069,0.00468089967727513,-0.06203393805304149,
GSE70360,0.00468089967727513,-0.06203393805304149,
GSE69952,0.00468089967727513,-0.06203393805304149,
GSE69968,0.00468089967727513,-0.06203393805304149,
GSE69969,0.00468089967727513,-0.06203393805304149,
GSE69987,0.00468089967727513,-0.06203393805304149,
GSE69823,0.00468089967727513,-0.06203393805304149,
GSE69855,0.00468089967727513,-0.06203393805304149,
GSE69858,0.00468089967727513,-0.06203393805304149,
GSE69887,0.00468089967727513,-0.06203393805304149,
GSE69900,0.00468089967727513,-0.06203393805304149,
GSE69913,0.00468089967727513,-0.06203393805304149,
GSE70359,0.00468089967727513,-0.06203393805304149,
GSE69937,0.00468089967727513,-0.06203393805304149,
GSE71133,0.00468089967727513,-0.06203393805304149,
GSE71162,0.00468089967727513,-0.06203393805304149,
GSE71165,0.00468089967727513,-0.06203393805304149,
GSE70965,0.00468089967727513,-0.06203393805304149,
GSE70985,0.00468089967727513,-0.06203393805304149,
GSE71025,0.00468089967727513,-0.06203393805304149,
GSE71042,0.00468089967727513,-0.06203393805304149,
GSE71075,0.00468089967727513,-0.06203393805304149,
GSE70863,0.00468089967727513,-0.06203393805304149,
GSE70872,0.00468089967727513,-0.06203393805304149,
GSE70238,0.00468089967727513,-0.06203393805304149,
GSE70895,0.00468089967727513,-0.06203393805304149,
GSE70896,0.00468089967727513,-0.06203393805304149,
GSE70904,0.00468089967727513,-0.06203393805304149,
GSE70930,0.00468089967727513,-0.06203393805304149,
GSE70800,0.00468089967727513,-0.06203393805304149,
GSE70813,0.00468089967727513,-0.06203393805304149,
GSE70814,0.00468089967727513,-0.06203393805304149,
GSE70815,0.00468089967727513,-0.06203393805304149,
GSE70816,0.00468089967727513,-0.06203393805304149,
GSE70819,0.00468089967727513,-0.06203393805304149,
GSE70889,0.00468089967727513,-0.06203393805304149,
GSE70239,0.00468089967727513,-0.06203393805304149,
GSE70723,0.00468089967727513,-0.06203393805304149,
GSE70725,0.00468089967727513,-0.06203393805304149,
GSE70728,0.00468089967727513,-0.06203393805304149,
GSE70731,0.00468089967727513,-0.06203393805304149,
GSE70732,0.00468089967727513,-0.06203393805304149,
GSE70766,0.00468089967727513,-0.06203393805304149,
GSE70788,0.00468089967727513,-0.06203393805304149,
GSE70793,0.00468089967727513,-0.06203393805304149,
GSE70699,0.00468089967727513,-0.06203393805304149,
GSE71126,0.00468089967727513,-0.06203393805304149,
GSE70721,0.00468089967727513,-0.06203393805304149,
GSE70510,0.00468089967727513,-0.06203393805304149,
GSE70520,0.00468089967727513,-0.06203393805304149,
GSE70542,0.00468089967727513,-0.06203393805304149,
GSE70546,0.00468089967727513,-0.06203393805304149,
GSE70578,0.00468089967727513,-0.06203393805304149,
GSE70588,0.00468089967727513,-0.06203393805304149,
GSE70437,0.00468089967727513,-0.06203393805304149,
GSE70452,0.00468089967727513,-0.06203393805304149,
GSE70484,0.00468089967727513,-0.06203393805304149,
GSE71079,0.00468089967727513,-0.06203393805304149,
GSE70711,0.00468089967727513,-0.06203393805304149,
GSE74149,0.00468089967727513,-0.06203393805304149,
GSE73984,0.00468089967727513,-0.06203393805304149,
GSE73993,0.00468089967727513,-0.06203393805304149,
GSE74018,0.00468089967727513,-0.06203393805304149,
GSE74049,0.00468089967727513,-0.06203393805304149,
GSE74052,0.00468089967727513,-0.06203393805304149,
GSE74055,0.00468089967727513,-0.06203393805304149,
GSE74064,0.00468089967727513,-0.06203393805304149,
GSE73836,0.00468089967727513,-0.06203393805304149,
GSE73859,0.00468089967727513,-0.06203393805304149,
GSE72238,0.00468089967727513,-0.06203393805304149,
GSE73897,0.00468089967727513,-0.06203393805304149,
GSE73909,0.00468089967727513,-0.06203393805304149,
GSE73932,0.00468089967727513,-0.06203393805304149,
GSE73698,0.00468089967727513,-0.06203393805304149,
GSE73711,0.00468089967727513,-0.06203393805304149,
GSE73729,0.00468089967727513,-0.06203393805304149,
GSE73743,0.00468089967727513,-0.06203393805304149,
GSE73803,0.00468089967727513,-0.06203393805304149,
GSE73813,0.00468089967727513,-0.06203393805304149,
GSE73823,0.00468089967727513,-0.06203393805304149,
GSE73881,0.00468089967727513,-0.06203393805304149,
GSE73693,0.00468089967727513,-0.06203393805304149,
GSE73447,0.00468089967727513,-0.06203393805304149,
GSE73457,0.00468089967727513,-0.06203393805304149,
GSE73467,0.00468089967727513,-0.06203393805304149,
GSE73357,0.00468089967727513,-0.06203393805304149,
GSE73369,0.00468089967727513,-0.06203393805304149,
GSE73372,0.00468089967727513,-0.06203393805304149,
GSE73381,0.00468089967727513,-0.06203393805304149,
GSE73436,0.00468089967727513,-0.06203393805304149,
GSE73438,0.00468089967727513,-0.06203393805304149,
GSE74148,0.00468089967727513,-0.06203393805304149,
GSE73271,0.00468089967727513,-0.06203393805304149,
GSE73272,0.00468089967727513,-0.06203393805304149,
GSE73279,0.00468089967727513,-0.06203393805304149,
GSE73289,0.00468089967727513,-0.06203393805304149,
GSE73308,0.00468089967727513,-0.06203393805304149,
GSE74065,0.00468089967727513,-0.06203393805304149,
GSE74094,0.00468089967727513,-0.06203393805304149,
GSE74111,0.00468089967727513,-0.06203393805304149,
GSE74113,0.00468089967727513,-0.06203393805304149,
GSE74131,0.00468089967727513,-0.06203393805304149,
GSE74138,0.00468089967727513,-0.06203393805304149,
GSE73238,0.00468089967727513,-0.06203393805304149,
GSE46716,0.00468089967727513,-0.06203393805304149,
GSE46730,0.00468089967727513,-0.06203393805304149,
GSE46213,0.00468089967727513,-0.06203393805304149,
GSE46240,0.00468089967727513,-0.06203393805304149,
GSE46340,0.00468089967727513,-0.06203393805304149,
GSE46363,0.00468089967727513,-0.06203393805304149,
GSE46434,0.00468089967727513,-0.06203393805304149,
GSE45909,0.00468089967727513,-0.06203393805304149,
GSE45914,0.00468089967727513,-0.06203393805304149,
GSE45930,0.00468089967727513,-0.06203393805304149,
GSE74518,0.00468089967727513,-0.06203393805304149,
GSE46038,0.00468089967727513,-0.06203393805304149,
GSE46149,0.00468089967727513,-0.06203393805304149,
GSE45597,0.00468089967727513,-0.06203393805304149,
GSE45657,0.00468089967727513,-0.06203393805304149,
GSE45703,0.00468089967727513,-0.06203393805304149,
GSE45719,0.00468089967727513,-0.06203393805304149,
GSE45760,0.00468089967727513,-0.06203393805304149,
GSE74893,0.00468089967727513,-0.06203393805304149,
GSE74900,0.00468089967727513,-0.06203393805304149,
GSE74920,0.00468089967727513,-0.06203393805304149,
GSE45975,0.00468089967727513,-0.06203393805304149,
GSE74528,0.00468089967727513,-0.06203393805304149,
GSE74537,0.00468089967727513,-0.06203393805304149,
GSE74547,0.00468089967727513,-0.06203393805304149,
GSE74549,0.00468089967727513,-0.06203393805304149,
GSE74371,0.00468089967727513,-0.06203393805304149,
GSE74406,0.00468089967727513,-0.06203393805304149,
GSE74423,0.00468089967727513,-0.06203393805304149,
GSE74429,0.00468089967727513,-0.06203393805304149,
GSE74456,0.00468089967727513,-0.06203393805304149,
GSE74467,0.00468089967727513,-0.06203393805304149,
GSE46700,0.00468089967727513,-0.06203393805304149,
GSE74278,0.00468089967727513,-0.06203393805304149,
GSE74283,0.00468089967727513,-0.06203393805304149,
GSE74366,0.00468089967727513,-0.06203393805304149,
GSE74155,0.00468089967727513,-0.06203393805304149,
GSE74161,0.00468089967727513,-0.06203393805304149,
GSE74170,0.00468089967727513,-0.06203393805304149,
GSE74176,0.00468089967727513,-0.06203393805304149,
GSE44668,0.00468089967727513,-0.06203393805304149,
GSE44674,0.00468089967727513,-0.06203393805304149,
GSE46494,0.00468089967727513,-0.06203393805304149,
GSE46664,0.00468089967727513,-0.06203393805304149,
GSE74254,0.00468089967727513,-0.06203393805304149,
GSE72601,0.00468089967727513,-0.06203393805304149,
GSE72607,0.00468089967727513,-0.06203393805304149,
GSE72487,0.00468089967727513,-0.06203393805304149,
GSE72494,0.00468089967727513,-0.06203393805304149,
GSE47089,0.00468089967727513,-0.06203393805304149,
GSE48763,0.00468089967727513,-0.06203393805304149,
GSE48764,0.00468089967727513,-0.06203393805304149,
GSE48870,0.00468089967727513,-0.06203393805304149,
GSE48878,0.00468089967727513,-0.06203393805304149,
GSE48962,0.00468089967727513,-0.06203393805304149,
GSE73653,0.00468089967727513,-0.06203393805304149,
GSE48387,0.00468089967727513,-0.06203393805304149,
GSE48419,0.00468089967727513,-0.06203393805304149,
GSE48480,0.00468089967727513,-0.06203393805304149,
GSE48519,0.00468089967727513,-0.06203393805304149,
GSE48607,0.00468089967727513,-0.06203393805304149,
GSE48654,0.00468089967727513,-0.06203393805304149,
GSE48085,0.00468089967727513,-0.06203393805304149,
GSE48109,0.00468089967727513,-0.06203393805304149,
GSE48172,0.00468089967727513,-0.06203393805304149,
GSE48206,0.00468089967727513,-0.06203393805304149,
GSE48965,0.00468089967727513,-0.06203393805304149,
GSE72293,0.00468089967727513,-0.06203393805304149,
GSE72321,0.00468089967727513,-0.06203393805304149,
GSE72341,0.00468089967727513,-0.06203393805304149,
GSE72146,0.00468089967727513,-0.06203393805304149,
GSE72148,0.00468089967727513,-0.06203393805304149,
GSE72164,0.00468089967727513,-0.06203393805304149,
GSE72165,0.00468089967727513,-0.06203393805304149,
GSE72196,0.00468089967727513,-0.06203393805304149,
GSE72064,0.00468089967727513,-0.06203393805304149,
GSE72086,0.00468089967727513,-0.06203393805304149,
GSE72568,0.00468089967727513,-0.06203393805304149,
GSE72105,0.00468089967727513,-0.06203393805304149,
GSE72129,0.00468089967727513,-0.06203393805304149,
GSE72761,0.00468089967727513,-0.06203393805304149,
GSE72762,0.00468089967727513,-0.06203393805304149,
GSE72764,0.00468089967727513,-0.06203393805304149,
GSE72826,0.00468089967727513,-0.06203393805304149,
GSE72831,0.00468089967727513,-0.06203393805304149,
GSE72671,0.00468089967727513,-0.06203393805304149,
GSE72700,0.00468089967727513,-0.06203393805304149,
GSE72737,0.00468089967727513,-0.06203393805304149,
GSE72744,0.00468089967727513,-0.06203393805304149,
GSE72095,0.00468089967727513,-0.06203393805304149,
GSE47496,0.00468089967727513,-0.06203393805304149,
GSE47536,0.00468089967727513,-0.06203393805304149,
GSE47656,0.00468089967727513,-0.06203393805304149,
GSE47703,0.00468089967727513,-0.06203393805304149,
GSE47707,0.00468089967727513,-0.06203393805304149,
GSE47708,0.00468089967727513,-0.06203393805304149,
GSE47124,0.00468089967727513,-0.06203393805304149,
GSE47370,0.00468089967727513,-0.06203393805304149,
GSE47442,0.00468089967727513,-0.06203393805304149,
GSE47454,0.00468089967727513,-0.06203393805304149,
GSE48229,0.00468089967727513,-0.06203393805304149,
GSE47484,0.00468089967727513,-0.06203393805304149,
GSE47494,0.00468089967727513,-0.06203393805304149,
GSE46953,0.00468089967727513,-0.06203393805304149,
GSE46980,0.00468089967727513,-0.06203393805304149,
GSE47019,0.00468089967727513,-0.06203393805304149,
GSE47062,0.00468089967727513,-0.06203393805304149,
GSE72860,0.00468089967727513,-0.06203393805304149,
GSE72901,0.00468089967727513,-0.06203393805304149,
GSE73574,0.00468089967727513,-0.06203393805304149,
GSE73631,0.00468089967727513,-0.06203393805304149,
GSE47459,0.00468089967727513,-0.06203393805304149,
GSE48252,0.00468089967727513,-0.06203393805304149,
GSE48364,0.00468089967727513,-0.06203393805304149,
GSE47954,0.00468089967727513,-0.06203393805304149,
GSE47964,0.00468089967727513,-0.06203393805304149,
GSE48020,0.00468089967727513,-0.06203393805304149,
GSE72550,0.00468089967727513,-0.06203393805304149,
GSE72552,0.00468089967727513,-0.06203393805304149,
GSE73175,0.00468089967727513,-0.06203393805304149,
GSE73216,0.00468089967727513,-0.06203393805304149,
GSE73221,0.00468089967727513,-0.06203393805304149,
GSE47926,0.00468089967727513,-0.06203393805304149,
GSE73082,0.00468089967727513,-0.06203393805304149,
GSE73083,0.00468089967727513,-0.06203393805304149,
GSE72910,0.00468089967727513,-0.06203393805304149,
GSE72921,0.00468089967727513,-0.06203393805304149,
GSE72937,0.00468089967727513,-0.06203393805304149,
GSE72941,0.00468089967727513,-0.06203393805304149,
GSE72964,0.00468089967727513,-0.06203393805304149,
GSE72846,0.00468089967727513,-0.06203393805304149,
GSE72857,0.00468089967727513,-0.06203393805304149,
GSE47851,0.00468089967727513,-0.06203393805304149,
GSE47883,0.00468089967727513,-0.06203393805304149,
GSE73029,0.00468089967727513,-0.06203393805304149,
