ID,prob,log2(prob/prior),related_words
GSE92720,0.009257176796848045,0.758515586610907,"neural,stem"
GSE78938,0.009070306725200575,0.7290946496344057,"induced,neural,stem"
GSE54569,0.008639460764613156,0.6588845801031605,"neural,pluripotent,stem"
GSE74643,0.008519206950731568,0.6386624481383776,"neural,stem"
GSE88709,0.008324357288072983,0.6052821993175834,"neural,stem"
GSE103246,0.00830701335044531,0.602273184315816,"neural,stem"
GSE67404,0.00824516241997652,0.5914912246240098,stem
GSE92629,0.008231187089319398,0.5890438202329252,"neural,stem"
GSE99784,0.008224631336253611,0.5878943237213491,"neural,stem"
GSE75522,0.008146856176439813,0.5741867505514103,"induced,neural,pluripotent,stem"
GSE69484,0.008110725225229296,0.5677742309195352,"induced,ipscs,pluripotent,populations,stem"
GSE70031,0.007919455931891367,0.5333446315795991,stem
GSE64856,0.007909420643237425,0.5315153339606619,"induced,pluripotent,stem"
GSE76130,0.007849768190519045,0.5205933620683034,"induced,neural,pluripotent,populations,stem"
GSE73221,0.007820265369574544,0.5151608754564094,"pluripotent,stem"
GSE70766,0.007765947857828659,0.5051053320179986,stem
GSE83394,0.007751538326706834,0.5024259592356959,stem
GSE38990,0.007730618121812834,0.49852708451182326,"neural,stem,undifferentiated"
GSE104300,0.007727072240566,0.49786519709395016,"induced,neural,stem"
GSE81044,0.007654991852354584,0.48434415347342896,"pluripotent,stem"
GSE53545,0.007649011965593155,0.4832167160371244,stem
GSE73369,0.007636527689746251,0.4808601087776697,"induced,pluripotent,stem"
GSE76245,0.007635868883481616,0.4807356415367977,"induced,pluripotent,stem"
GSE87341,0.007635868883481616,0.4807356415367977,"induced,pluripotent,stem"
GSE87824,0.007494462391971549,0.45376830283846303,stem
GSE72146,0.007480326840112788,0.4510446188776433,stem
GSE100389,0.007473931134809151,0.4498105820029816,"neural,stem"
GSE46149,0.007433593915029417,0.44200318959290735,"induced,pluripotent,stem"
GSE77851,0.0074270796466233855,0.4407383608773881,"neural,stem"
GSE60097,0.007391726565719173,0.43385470094783823,"induced,stem,undifferentiated"
GSE89434,0.007353328073840308,0.42634066449366453,"crest,neural,pluripotent"
GSE101605,0.007339617584794063,0.42364820775206485,"neural,stem"
GSE96966,0.007317694813392316,0.41933256020231074,stem
GSE55798,0.007302453611402834,0.4163245997009628,"nerve,neural,neuropathy,schwann,stem"
GSE99933,0.00725305640720222,0.40653238011701776,"nerve,schwann,stem"
GSE67135,0.007251066414451469,0.4061364992042279,"neural,stem"
GSE61288,0.007249543162854324,0.40583339642477634,"neural,populations,stem"
GSE80262,0.0072383775574869375,0.40360967267693965,stem
GSE106969,0.007236259722636518,0.4031875011504559,"nerve,schwann"
GSE48252,0.0072278806977890036,0.4015160048021284,"induced,pluripotent,stem"
GSE47707,0.007209237540052089,0.3977899971985611,stem
GSE68582,0.007207531042030823,0.3974484565502461,"induced,ipscs,neural,pluripotent,stem"
GSE79115,0.007200150498722061,0.3959703736079091,schwann
GSE27843,0.007160887309643037,0.38808167502407726,"pluripotent,stem"
GSE65337,0.007154211845507376,0.38673615033048525,"neural,stem"
GSE80550,0.007144565082284657,0.3847895027754008,"induced,pluripotent,stem"
GSE79606,0.007101784503973928,0.3761248952813123,"pluripotent,stem"
GSE92983,0.007100734501421847,0.37591157629515315,"induced,ipscs,pluripotent,stem"
GSE92905,0.007091931710399971,0.3741219556006062,"neural,stem"
GSE103849,0.007086646987399566,0.37304649603858325,"crest,neural"
GSE81285,0.0070253515623412985,0.3605137337136751,"induced,pluripotent,stem"
GSE102597,0.007014739392157174,0.35833281789725874,stem
GSE68270,0.007009745535777194,0.3573053844940601,"neural,populations,stem"
GSE87632,0.0070023867840039306,0.3557900639954875,stem
GSE57244,0.006997514979842115,0.35478598152309593,stem
GSE47919,0.006985330885114579,0.3522717669405003,"crest,neural"
GSE65732,0.006962744534061108,0.34759940259504063,stem
GSE80636,0.006958230123282329,0.3466637039917894,stem
GSE47948,0.006954079349827791,0.345802840384928,stem
GSE87527,0.006941099382810965,0.34310749693476456,stem
GSE84061,0.006923754500916326,0.33949788253019053,stem
GSE87899,0.0069126798146377285,0.33718841492877305,"diabetic,dn"
GSE70965,0.006900363741300718,0.3346157244767129,stem
GSE95376,0.006890478374489536,0.3325474574341775,"diabetic,dn"
GSE81830,0.006888507059926938,0.33213465407119647,stem
GSE64684,0.0068843976895528085,0.3312737509365719,"induced,ipscs,pluripotent,stem"
GSE39657,0.00687448772204362,0.329195521047232,"neural,stem,undifferentiated"
GSE87404,0.006845945100981001,0.32319303442103575,stem
GSE99491,0.006830404297371978,0.3199142866652922,"pluripotent,stem"
GSE46980,0.006826694037394188,0.31913040510116386,stem
GSE46730,0.006824877699966216,0.31874650483447053,"pluripotent,stem"
GSE48419,0.006818186066554508,0.31733128208423167,"stem,undifferentiated"
GSE84480,0.0068124652712276525,0.3161202814756656,stem
GSE76837,0.006810726701037836,0.315752052559886,stem
GSE63206,0.006798939221114054,0.31325298415068786,"populations,stem"
GSE41876,0.006772693665502642,0.30767305424189006,"diabetic,neural"
GSE79729,0.006752580875817138,0.3033823253199019,"pluripotent,stem"
GSE84386,0.006741474790748044,0.3010075466963885,stem
GSE73467,0.006710220997789717,0.29430359294157976,"neural,stem"
GSE61695,0.006704874177029496,0.2931535702092423,"crest,neural,populations,schwann,stem"
GSE102721,0.006698404237189245,0.29176075412963787,"nerve,neural,allodynia,neuropathic,pain,sensory"
GSE62784,0.0066951166142724455,0.291052495647609,stem
GSE106165,0.006682101146798776,0.2882451321674486,"induced,neural,stem"
GSE57403,0.006671420502278263,0.28593728910191474,"pluripotent,stem"
GSE68846,0.006664384207375163,0.28441488697831757,stem
GSE63256,0.006645623332293076,0.2803478360336976,stem
GSE85723,0.0066422276173007675,0.2796104735655449,"populations,stem"
GSE97375,0.006639213444021156,0.27895564508760273,stem
GSE44067,0.006637710470610526,0.2786290133603581,"neural,pluripotent,stem"
GSE98517,0.006636154554328362,0.2782907979708871,"pluripotent,stem"
GSE46716,0.0066291143126067,0.2767594422367478,"induced,ipscs,pluripotent,stem"
GSE104065,0.006620586131802328,0.27490225823399095,stem
GSE78127,0.006619816167726688,0.2747344652425528,stem
GSE49715,0.006619467091735732,0.2746583870755869,stem
GSE37111,0.006616410202159249,0.27399199233453175,stem
GSE90827,0.006615040965180146,0.2736934020466454,"neural,stem"
GSE102727,0.006613454115829135,0.27334727957597854,"pluripotent,stem"
GSE72148,0.006609599505439654,0.27250616864801,stem
GSE33060,0.006608825830609456,0.2723372866800468,neural
GSE80587,0.00660873446207653,0.2723173409523287,"fd,neural"
GSE89210,0.006608556923302198,0.27227858349411127,"neural,pluripotent,stem,undifferentiated"
GSE71713,0.006598901652598884,0.27016922785032454,stem
GSE56170,0.006592204427977813,0.26870429329219037,stem
GSE45278,0.006591227978235834,0.2684905827561784,"neural,stem"
GSE49433,0.006577869404394875,0.2655636767907885,stem
GSE88967,0.0065644780986011675,0.26262362713202553,stem
GSE106332,0.006554112337987396,0.2603437122864289,"induced,ipscs,pluripotent,stem"
GSE37338,0.0065533532625961,0.2601766144908248,"neural,stem,undifferentiated"
GSE78971,0.006552133906545097,0.25990815305780324,stem
GSE53075,0.00654238252112597,0.25775942491434295,"diabetic,neural"
GSE86790,0.006541673470130493,0.2576030598916622,"induced,ipscs,pluripotent,stem"
GSE30581,0.006523066203835151,0.25349358207125666,"populations,stem"
GSE103933,0.006511126874460412,0.2508505621321558,stem
GSE99078,0.006511082601324823,0.2508407523324781,"induced,ipscs,pluripotent,stem"
GSE60843,0.006504825008396947,0.24945355763946236,stem
GSE105054,0.006498440424530052,0.24803683531373333,"pluripotent,stem"
GSE73631,0.006496391166766578,0.2475818153288103,"pluripotent,stem"
GSE69311,0.006489041980513935,0.24594881078086278,"crest,neural"
GSE48878,0.006487152378086585,0.24552863827186322,stem
GSE67324,0.00648483083691748,0.2450122521631038,stem
GSE70383,0.006478735416871857,0.24365555250995935,stem
GSE65487,0.006473252515316524,0.2424340943990522,"neural,stem"
GSE98387,0.006466162119832049,0.24085299050591996,stem
GSE67265,0.006461345859986573,0.2397780123234229,"induced,ipscs,neural,pluripotent,stem"
GSE54424,0.006457247992943485,0.23886274666419147,stem
GSE103162,0.006454154556884156,0.23817143757824638,stem
GSE47793,0.0064503436435004,0.23731933377467984,stem
GSE98759,0.006449483677984626,0.23712697957398213,stem
GSE60749,0.006449326140429413,0.23709173932269245,"neural,pluripotent,populations,stem"
GSE58465,0.006447733079933612,0.23673533241635064,stem
GSE57147,0.0064437511007887594,0.23584408022732897,"induced,stem"
GSE20851,0.006438655264500691,0.2347027192242737,"neural,pluripotent,stem"
GSE57648,0.006434226782776659,0.23371009785937621,"stem,undifferentiated"
GSE99372,0.006431594272480629,0.23311971041564258,neural
GSE61528,0.006431417697002698,0.23308010156400286,schwann
GSE76223,0.006430874809617414,0.23295831597429242,stem
GSE33527,0.006430287304987628,0.23282650984216693,"neural,stem"
GSE48229,0.0064282862109561615,0.23237747582524806,"stem,undifferentiated"
GSE75589,0.006425286974042869,0.23170420245020892,"induced,stem"
GSE53297,0.006425233011872256,0.2316920860602066,stem
GSE64867,0.006418671222066123,0.2302179762780321,stem
GSE63316,0.006416734496427822,0.22978260172791273,"populations,stem"
GSE60066,0.006414984464878164,0.22938908284531276,"pluripotent,stem"
GSE109002,0.006413994570682604,0.22916644385809254,stem
GSE88840,0.006412711493272395,0.22887781333771884,stem
GSE74868,0.006410968280675335,0.22848558205483965,stem
GSE89532,0.006410214610954985,0.22831596969091672,dn
GSE99265,0.006409253313788341,0.2280996021059467,"nerve,allodynia,neuropathic,neuropathy,pain,nociception"
GSE89619,0.0064067254964816035,0.22753048918933155,"induced,pluripotent,stem"
GSE99160,0.006402887587697295,0.22666599279903493,"induced,stem"
GSE87084,0.006396913327583024,0.22531924746716944,stem
GSE65747,0.006396206742116087,0.2251598825359256,"neural,stem"
GSE86962,0.0063907234222631785,0.22392256306321334,stem
GSE103471,0.006386623157901009,0.22299663822779078,stem
GSE71889,0.0063820838296667955,0.22197087005647448,"neural,stem"
GSE85412,0.006378137686594067,0.22107855306716517,stem
GSE64008,0.006368921235247543,0.21899234148679292,"neural,stem"
GSE79578,0.006361340729095238,0.21727417418487585,"pluripotent,stem"
GSE101984,0.00636075761125734,0.21714192222595008,trigeminal
GSE81682,0.006353110044013787,0.21540631997383336,"populations,stem"
GSE103822,0.006352394220359243,0.21524375810833535,"crest,neural"
GSE84993,0.006350635068074935,0.2148441809310593,"populations,stem"
GSE50534,0.006348668696732174,0.214397404594347,"induced,pluripotent,stem,undifferentiated"
GSE78974,0.006347437031524999,0.2141174892675479,stem
GSE78973,0.006347437031524999,0.2141174892675479,stem
GSE76102,0.006344853867296351,0.2135302480352699,"induced,stem"
GSE69987,0.006342310615127328,0.2129518465577436,stem
GSE89928,0.0063388342305463865,0.21216085126799317,"populations,stem"
GSE56529,0.006338543340300878,0.2120946442133613,"pluripotent,stem"
GSE94082,0.006335487384275395,0.2113989203691654,"crest,familial,neural,schwann"
GSE97381,0.006334926626409608,0.21127122089668438,"pluripotent,stem"
GSE104415,0.006331046511440914,0.21038730574265732,stem
GSE61694,0.006329316896704698,0.20999311380082009,"induced,ipscs,pluripotent,stem"
GSE88949,0.006325481554331193,0.209118626607177,stem
GSE85234,0.006320709631185272,0.20802985132553214,neural
GSE74547,0.006320632835414755,0.20801232266865402,stem
GSE104651,0.006319329780040466,0.20771486743237805,"neural,stem"
GSE35510,0.006317726704204687,0.20734884080683644,stem
GSE99815,0.006317625162986195,0.2073256530058307,"populations,stem"
GSE70816,0.006315193126344391,0.2067701653600215,"induced,ipscs,pluripotent,stem"
GSE50775,0.006309191364055364,0.20539842112173556,stem
GSE64054,0.006301058544562085,0.2035375254117838,"populations,stem"
GSE94385,0.006299924019739747,0.2032777403781928,"populations,stem"
GSE97389,0.00629955606522623,0.2031934756071872,stem
GSE73352,0.006299482441246598,0.2031766144871496,"pluripotent,stem"
GSE67715,0.006297899468922638,0.2028140397315462,"pluripotent,stem"
GSE54462,0.006293870143972959,0.20189072434377167,"induced,pluripotent,populations,stem"
GSE87631,0.006290861241827673,0.20120085212430786,stem
GSE72066,0.006286808050269521,0.20027102650601006,stem
GSE80166,0.0062867992967371574,0.20026901774633082,"induced,stem"
GSE77076,0.006283906663705756,0.1996050634041794,neural
GSE81095,0.006276891557261346,0.19799359570079403,"induced,stem"
GSE77256,0.00627609145639892,0.197809686976192,stem
GSE53459,0.006275612472933215,0.19769957808980243,neural
GSE90752,0.006275508942044666,0.19767577726841704,stem
GSE74178,0.006274588630077994,0.19746418855284925,stem
GSE108367,0.006270419763309509,0.19650533648263693,stem
GSE67691,0.0062645616659948375,0.19515687839231263,"pluripotent,stem"
GSE87799,0.006256845735234642,0.19337884560480237,"populations,stem"
GSE65697,0.006251535218415498,0.1921538338677522,"pluripotent,stem"
GSE100406,0.006248300456133189,0.19140713995451616,stem
GSE96107,0.00624760576101915,0.1912467301083522,"neural,stem"
GSE89977,0.006240318097067296,0.18956288290428058,"induced,pluripotent,stem"
GSE57125,0.006239556389422036,0.18938677346584376,"crest,neural,stem"
GSE90742,0.006234602058966112,0.18824079021012602,"populations,stem"
GSE108067,0.006234372614242593,0.18818769542511088,stem
GSE63312,0.006233841003035476,0.18806467012634792,stem
GSE71943,0.006231365096401913,0.18749155833975978,stem
GSE76840,0.0062289788600858875,0.18693898750325205,"induced,stem"
GSE64411,0.006226456265702427,0.18635461057539723,"neural,populations,stem,undifferentiated"
GSE77003,0.006222492958574878,0.1854360039317997,stem
GSE58836,0.006221848364036665,0.1852865459057962,"pluripotent,stem"
GSE89364,0.006216964394100999,0.18415362756300432,stem
GSE71794,0.006214689123970932,0.18362553675590285,stem
GSE30839,0.006207657683812988,0.18199231477514274,stem
GSE89242,0.006207385582404536,0.18192907547033516,"neural,pluripotent,stem,undifferentiated"
GSE107122,0.006207308102584313,0.18191106781662386,"neural,stem"
GSE64002,0.00620621239826903,0.18165638306608323,stem
GSE85875,0.006201112780561041,0.1804704395228943,stem
GSE61505,0.006200795492752082,0.18039662031079684,stem
GSE51606,0.006197044077437325,0.17952354102864468,"neural,populations,stem"
GSE67609,0.006190119503641305,0.17791057301526342,stem
GSE61748,0.006188234024778272,0.17747106851732025,"neural,stem"
GSE65457,0.006185725650803047,0.1768861597509755,neural
GSE60896,0.006185131602367778,0.17674760334947004,stem
GSE58423,0.00618302599918014,0.17625638333043445,"neural,stem"
GSE66127,0.006180994384793218,0.1757822656993783,stem
GSE70578,0.006179729148009271,0.17548691877485845,"pluripotent,stem"
GSE65358,0.006179638282659532,0.1754657055549758,stem
GSE72059,0.006177352508780145,0.1749319712933494,"neural,populations"
GSE66264,0.006172845220662138,0.17387892863818466,stem
GSE48172,0.006167418259523241,0.17261000104364782,"induced,stem"
GSE101732,0.00616631992873991,0.17235305438978357,"populations,stem"
GSE37641,0.0061662608802509926,0.1723392391205463,stem
GSE69937,0.0061650331467328874,0.1720519626903387,stem
GSE98297,0.006158324218047833,0.1704811344146804,"pluripotent,stem"
GSE45893,0.0061547596916767325,0.16964584007248892,"crest,neural"
GSE77357,0.006154028402835742,0.1694744134823981,stem
GSE106510,0.00615344779571163,0.16933829475167397,stem
GSE92865,0.006149808090870262,0.16848470212114913,stem
GSE99251,0.006146236185041804,0.167646518579425,stem
GSE81849,0.006141394290706037,0.1665095414670268,"neural,stem"
GSE62355,0.0061324141424469614,0.16439844160064887,stem
GSE96539,0.006123176371043487,0.16222355014976805,"neural,stem"
GSE92779,0.006119955890811717,0.16146456611407473,"induced,stem"
GSE101905,0.006117665126757046,0.16092444904795947,"pluripotent,stem"
GSE104686,0.006116998034505862,0.16076712380395905,"neural,stem"
GSE94481,0.006116203837235229,0.16057980007997394,"pluripotent,stem"
GSE84804,0.006104131696510962,0.15772939991326093,stem
GSE87069,0.00609869304584268,0.15644341653917407,"neural,stem"
GSE73447,0.0060893774515177156,0.15423805280165043,"neural,stem"
GSE62270,0.006085406872060844,0.15329703646119983,"populations,stem"
GSE65970,0.006084181701080791,0.15300655037080926,"neural,stem"
GSE103583,0.006078129736744729,0.15157078058304602,stem
GSE46700,0.006076617071816769,0.15121169219795116,"induced,pluripotent,stem"
GSE102903,0.006074222193352451,0.15064299414288798,"induced,pluripotent,stem"
GSE100175,0.006072880891851701,0.15032438500328338,"populations,sensory,trigeminal"
GSE89132,0.006071230667274836,0.14993229854780912,stem
GSE61874,0.006070564874050869,0.14977407868977105,"neural,stem"
GSE62357,0.006070473949067791,0.1497524698267911,"pluripotent,stem"
GSE59318,0.0060688262804204215,0.14936083548935042,neural
GSE84458,0.006061795398563695,0.1476884695064614,stem
GSE62734,0.006060835173311577,0.14745991973683012,stem
GSE46066,0.006060072701476014,0.14727841281526965,stem
GSE90856,0.006057488780883448,0.14666313894405797,stem
GSE27037,0.006047633513143303,0.14431402611539462,"pluripotent,stem"
GSE100686,0.006046252685933873,0.1439845848517292,hypohidrotic
GSE101576,0.006045105607509438,0.14371085475139694,stem
GSE75616,0.006042838399500185,0.14316967259700036,"neural,pluripotent"
GSE79638,0.0060418344845364486,0.14292997340830318,"induced,pluripotent,stem"
GSE73176,0.0060406541480501445,0.14264810008690887,"induced,ipscs,pluripotent,stem"
GSE81842,0.006040172442116027,0.14253304922387394,"induced,stem"
GSE91390,0.006036090163716565,0.1415576674821879,stem
GSE23943,0.006031731144374162,0.14051543530102223,"pluripotent,stem"
GSE80168,0.006029939368487134,0.1400868070769534,stem
GSE70872,0.006029344793363143,0.13994454480466612,"neural,stem"
GSE84545,0.006026710110657098,0.13931398302220926,"neural,stem"
GSE84548,0.006026710110657098,0.13931398302220926,"neural,stem"
GSE84547,0.006026474883982345,0.1392576725354217,"neural,stem"
GSE78964,0.0060264228349632765,0.13924521231822826,"pluripotent,populations,stem"
GSE62432,0.006025862938556971,0.139111169733353,"neural,stem"
GSE25409,0.006023535207852133,0.1385537633724102,"pluripotent,stem"
GSE70930,0.006020648122966117,0.137862112803326,stem
GSE90019,0.00601576587264806,0.13669173120776082,"induced,neural,stem"
GSE69823,0.006012697816377692,0.13595576528944409,"induced,pluripotent,stem"
GSE94579,0.006009486790233066,0.13518510142813084,"neural,stem,undifferentiated"
GSE58757,0.00600750158385208,0.13470843500591465,stem
GSE61996,0.006006021469329987,0.13435294330172062,"pluripotent,stem"
GSE65383,0.006005935479613153,0.1343322877268506,stem
GSE38604,0.0060042246129007396,0.13392125924441525,"neural,sensory,stem"
GSE90847,0.005997607397941296,0.13233039808834968,stem
GSE61994,0.0059942780840536464,0.1315293256021434,"pluripotent,stem"
GSE62684,0.005991076861876029,0.1307586538129316,stem
GSE81385,0.005987121329931334,0.12980581826342016,"populations,stem"
GSE40594,0.0059869332887242934,0.1297605059401441,"induced,pluripotent,stem"
GSE42662,0.0059862370094588115,0.12959271100872666,"neural,stem"
GSE100874,0.005985157236927297,0.12933246020607683,stem
GSE65542,0.005984868452660697,0.12926284838732313,"neural,populations,stem"
GSE87821,0.005982516080081761,0.1286956808013936,stem
GSE76983,0.005981390799666494,0.12842429178176648,stem
GSE97399,0.005978070093225829,0.12762312409030951,"populations,stem"
GSE90848,0.005973128016352322,0.12642995330724102,stem
GSE96950,0.005971357097017242,0.12600215813030308,neural
GSE86526,0.005970688655342523,0.12584065188417992,stem
GSE49434,0.005970368817744526,0.12576336758709455,stem
GSE71453,0.005968148797091971,0.12522681641275973,"nerve,sciatic,sensory"
GSE38148,0.005964401384774555,0.12432066085307791,"stem,undifferentiated"
GSE48364,0.005960551257235668,0.12338907474671838,"ipscs,stem"
GSE44158,0.005958439242496858,0.12287779097282399,"pluripotent,stem"
GSE79313,0.005957588173843317,0.12267171012303973,stem
GSE51553,0.005956804385893021,0.12248189482444809,stem
GSE92395,0.005956426663073798,0.12239041018252916,"neural,stem"
GSE74283,0.005955409932540553,0.12214412874808848,stem
GSE60941,0.005954877950514502,0.12201525061535609,stem
GSE61997,0.005937361127659134,0.11776517599510487,"pluripotent,stem"
GSE75804,0.0059373154165097055,0.11775406878753628,stem
GSE71674,0.0059355877658266555,0.11733420970974569,stem
GSE70725,0.005933872025227188,0.1169171240942049,pluripotent
GSE89314,0.005933612053165868,0.11685391602057826,neural
GSE90937,0.005932139148349244,0.11649575033018535,neural
GSE55754,0.005931560085013319,0.11635491537013982,stem
GSE57092,0.005929426966192156,0.11583599734673873,"neural,stem"
GSE79791,0.005928620098517629,0.11563966417515698,stem
GSE49087,0.005926968226090006,0.11523763466642518,stem
GSE100990,0.0059210697589139666,0.11380116222136298,stem
GSE41903,0.00592044693449096,0.11364940029246291,stem
GSE65246,0.005918089190142406,0.1130747505066271,stem
GSE56312,0.0059178081363227605,0.11300623437460663,"induced,stem"
GSE65994,0.005916535350903045,0.11269591023669372,"neural,stem"
GSE86417,0.005913700249952927,0.11200443015168851,stem
GSE67674,0.005913267775984947,0.1118989207687547,stem
GSE100385,0.005912248966689519,0.11165033440187608,stem
GSE76408,0.005910905566203357,0.1113224832818956,stem
GSE81941,0.005908470520898257,0.11072803095043206,stem
GSE77550,0.0059043324028832484,0.10971725601046366,"induced,pluripotent,stem"
GSE44157,0.005903600566526891,0.10953842425622744,"pluripotent,stem"
GSE44566,0.0059034083670331675,0.10949145465401228,"pluripotent,stem"
GSE106488,0.005902197966542958,0.10919562253129174,nerve
GSE45338,0.005900636765535463,0.10881396219026222,"pluripotent,stem"
GSE53212,0.005898481388751661,0.1082868801844434,"induced,ipscs,pluripotent,stem"
GSE108438,0.005897032921459806,0.10793255962929094,stem
GSE85391,0.005896247326336803,0.1077403528528952,stem
GSE75001,0.005893608709924031,0.10709459112936538,neural
GSE63804,0.00589342747169043,0.10705022518413088,"neural,pluripotent,stem"
GSE78795,0.005891335584341036,0.1065380459366707,"induced,pluripotent,stem"
GSE63282,0.005890448912940747,0.10632089777294311,stem
GSE31271,0.005890389942384378,0.10630645456897825,stem
GSE94364,0.005889732849041913,0.10614550797710592,"pluripotent,stem"
GSE45909,0.005888528034308847,0.10585035740031667,stem
GSE71802,0.005886863907360369,0.10544258707320493,stem
GSE102446,0.005882673535998948,0.10441528616743183,"induced,stem"
GSE77476,0.005882140709563142,0.10428460734138781,stem
GSE61636,0.005882076361979574,0.10426882491589479,"schwann,stem"
GSE106330,0.0058798842429715805,0.10373106435628933,stem
GSE74111,0.005879431665458448,0.10362001515253975,stem
GSE63271,0.005879241556201881,0.10357336538576253,lsd1n
GSE45446,0.0058787127015796315,0.10344358499630726,stem
GSE49088,0.005878001434634896,0.10326902239602946,stem
GSE92344,0.005877659278614275,0.10318504127300449,stem
GSE65731,0.005876828495519556,0.1029811078178285,stem
GSE85745,0.005876554618988764,0.10291387265515047,"induced,stem"
GSE55621,0.00587569712410002,0.10270334217081145,"neural,stem"
GSE98469,0.005873520602261973,0.10216882874682237,stem
GSE109418,0.005872650765619454,0.10195515758989172,"pluripotent,stem"
GSE68806,0.005871889437104278,0.10176811495460567,"populations,stem"
GSE82174,0.00587071925370721,0.10148057786060528,"stem,undifferentiated"
GSE69926,0.005869559354370219,0.10119551119690606,stem
GSE99866,0.005869093661991569,0.10108104285293622,stem
GSE93043,0.005869040382997591,0.10106794616480806,"pluripotent,stem"
GSE78140,0.005868790785230828,0.1010065901178146,stem
GSE62715,0.005868688501715263,0.1009814460614005,stem
GSE106447,0.005866634411685407,0.10047640234820353,"neural,populations,stem"
GSE40948,0.005866293472616629,0.10039255778548888,"neural,stem"
GSE58017,0.005865923177062185,0.10030148828409981,stem
GSE54461,0.005865167221344953,0.10011555270115718,"populations,stem"
GSE58801,0.005864682439928942,0.09999630279337678,stem
GSE53928,0.005863863936290042,0.09979493919641781,stem
GSE86248,0.005863188611060821,0.0996287783718921,stem
GSE98794,0.005863111756739242,0.0996098674886405,"nerve,neural,sensory"
GSE104519,0.0058630249995388645,0.09958851959114472,stem
GSE93027,0.005862633181532711,0.09949210301718521,"pluripotent,stem"
GSE81390,0.005861792133816119,0.09928512052732753,stem
GSE36799,0.005860242654749716,0.09890371476998233,stem
GSE90447,0.005859836186858025,0.09880364561178229,"neural,populations"
GSE93238,0.0058594654310572016,0.09871236243248632,pluripotent
GSE85061,0.005857235376736199,0.09816318252229636,stem
GSE83636,0.005852800021851921,0.09707029687604062,"induced,neural"
GSE79814,0.005851961058414987,0.09686348045600018,stem
GSE64091,0.005851471087703237,0.09674268199147956,"dn,nerve,pain,sensory"
GSE58016,0.0058507450296747384,0.09656365943576031,stem
GSE60285,0.005847250559648489,0.09570172463866308,stem
GSE106413,0.005845012475536866,0.09514941532460645,"sciatic,schwann"
GSE57396,0.005844431806005705,0.09500608446412855,stem
GSE34483,0.005843899961010393,0.09487479282164589,stem
GSE47964,0.0058427755101411365,0.09459717072085076,"neural,stem"
GSE70314,0.0058385886283581065,0.09356297749269456,stem
GSE47883,0.0058384483791368005,0.09352832197932291,stem
GSE77988,0.005834756938574416,0.0926158693965634,"induced,neural,stem"
GSE78855,0.005830070828355469,0.09145672183387213,"populations,stem,undifferentiated"
GSE100426,0.005829046951270371,0.09120333346866842,stem
GSE81576,0.00582886885602201,0.09115925404042691,stem
GSE58018,0.005827859531481157,0.09090941592719856,stem
GSE63853,0.00582662330010788,0.09060335260305441,"neural,stem"
GSE50896,0.005826493123432083,0.09057111998170364,stem
GSE89549,0.005825868584094432,0.09041646982086117,stem
GSE105159,0.005824956858425388,0.09019067601585477,stem
GSE92308,0.005823975260443764,0.08994753844253253,"ipscs,stem"
GSE76143,0.005822269983577967,0.08952505129003652,stem
GSE77705,0.005821377596802144,0.0893039106260532,"pluripotent,stem"
GSE104867,0.0058210455561834365,0.08922161962050948,neural
GSE104163,0.005820994443134196,0.08920895164433558,"crest,neural"
GSE83405,0.005820628489399182,0.08911824957608724,stem
GSE85450,0.005819688963786437,0.08888536091979585,stem
GSE100425,0.005818462159157531,0.08858120522665852,stem
GSE99975,0.0058169470740476,0.08820548904114815,stem
GSE98875,0.005816718743890745,0.08814885843301869,stem
GSE57231,0.005816391972085502,0.08806780838981687,stem
GSE84946,0.005815902143193605,0.08794630635304934,stem
GSE59442,0.00581499046624947,0.08772013767398851,"stem,undifferentiated"
GSE66619,0.005812424769044677,0.0870834495332539,"nerve,sciatic"
GSE74155,0.0058098497983350445,0.08644417750221231,stem
GSE94883,0.00580965247166372,0.08639517674407873,"pluripotent,stem"
GSE63310,0.0058082694092686,0.08605168377028295,"populations,stem"
GSE61602,0.005806508918066757,0.08561433544140408,stem
GSE66457,0.0058062336777765155,0.08554594715180215,"induced,stem"
GSE97859,0.00580360455830097,0.08489253276014835,"induced,ipscs,pluripotent,stem"
GSE45930,0.005801248154861602,0.08430664482394469,neural
GSE56893,0.005800694868989619,0.08416904325450636,"pluripotent,stem,undifferentiated"
GSE62378,0.0058002698932996324,0.08406334336949149,stem
GSE60397,0.005799343877554719,0.08383299805762141,stem
GSE86631,0.0057988778705612325,0.08371706546148995,stem
GSE99977,0.0057984755444864255,0.08361696782500275,stem
GSE83134,0.0057984560325290155,0.08361211312632524,stem
GSE43390,0.005796788756271854,0.08319722387674278,stem
GSE65395,0.005795985445068544,0.08299728328081067,"stem,undifferentiated"
GSE66734,0.005794607039397899,0.08265413964300065,stem
GSE99972,0.00579358443074214,0.08239951622845575,stem
GSE65884,0.005793515120743616,0.08238225682877377,stem
GSE78696,0.0057934207309054435,0.08235875177908877,cmt93
GSE56986,0.005792437519784144,0.08211388881226189,"pluripotent,stem"
GSE42154,0.005788322141657605,0.08108852673964528,stem
GSE99575,0.005787204615136523,0.08080996490675242,stem
GSE98003,0.0057867277348962205,0.08069107830237905,stem
GSE103261,0.005786326900566529,0.08059114242233537,stem
GSE64040,0.005786130104121984,0.0805420746652425,stem
GSE72341,0.0057841916400524825,0.08005866329812383,stem
GSE61031,0.005783810592231893,0.07996361909078942,stem
GSE60808,0.005782196739959644,0.07956100881774696,stem
GSE41286,0.0057817947827281035,0.07946071443346134,"populations,stem"
GSE63800,0.005781498888261296,0.0793868798510094,stem
GSE52899,0.00578126928553156,0.0793295844500069,stem
GSE77029,0.0057810163002389465,0.07926645149512151,stem
GSE84953,0.005780405988469594,0.07911413567413152,"pluripotent,stem"
GSE99112,0.005780202447849622,0.07906333436125917,"neural,stem"
GSE68025,0.005778640603498166,0.07867345708648528,"populations,stem"
GSE72129,0.005778600379617199,0.07866341476000255,sensory
GSE65118,0.0057781711492431295,0.07855624840635304,nerve
GSE71882,0.005777005120653577,0.0782650847529219,stem
GSE68981,0.005776964702417337,0.07825499104662391,"populations,stem"
GSE54016,0.005776438454234483,0.07812356385864991,"neural,stem"
GSE50776,0.005776365933726118,0.07810545137716554,pluripotent
GSE76824,0.005774791217791295,0.07771209946371636,"induced,pluripotent,stem"
GSE76198,0.005774748964349995,0.07770154340187119,"neural,populations"
GSE95341,0.005773431251454455,0.07737230401827379,stem
GSE90725,0.0057724657770232566,0.077131026069266,stem
GSE92463,0.0057724467593745265,0.07712627303758647,"neural,populations,stem"
GSE52396,0.005771861473713733,0.07697998645133015,"induced,ipscs,pluripotent,stem"
GSE61033,0.005771268255291551,0.07683170200912252,stem
GSE72744,0.005770932715532307,0.07674782172527655,"induced,ipscs,pluripotent,stem"
GSE96607,0.005769377797683587,0.07635905016140151,stem
GSE67741,0.0057687306520614,0.07619721535374534,stem
GSE67478,0.005765767528102424,0.0754559807948731,"sensory,stem"
GSE85737,0.00576395306363457,0.07500189886107014,stem
GSE78708,0.005762874602048882,0.07473193886320659,stem
GSE97390,0.0057624466637789685,0.07462480355550344,"neural,stem"
GSE74690,0.0057620852789412366,0.07453432385255139,"populations,stem"
GSE92967,0.005761601475295665,0.07441318534271067,stem
GSE41658,0.005761091753845483,0.07428554632737502,stem
GSE90091,0.0057604926909853365,0.07413552095153685,stem
GSE74647,0.005759635587831902,0.07392084652407495,"neural,stem"
GSE83964,0.005758870929809851,0.073729299410511,stem
GSE99973,0.005757909864507946,0.0734885161268819,stem
GSE92842,0.0057578434680472254,0.07347187981280869,"sensory,stem"
GSE83555,0.005754898816205244,0.07273387411489203,stem
GSE99974,0.005754563762580423,0.07264987710811815,stem
GSE68958,0.0057535339093898515,0.0723916651712373,"populations,stem"
GSE60556,0.005753418257796668,0.07236266531488289,stem
GSE69669,0.00575340450352078,0.07235921636532897,stem
GSE48965,0.005753205557934584,0.07230932889906272,"neural,stem"
GSE60647,0.005751332049399136,0.07183944447792369,stem
GSE95383,0.005750876515892486,0.07172517147937443,stem
GSE84370,0.005750849114900846,0.07171829750654239,stem
GSE99970,0.0057504806887464935,0.07162586878828542,stem
GSE60837,0.005749855676929135,0.0714690557314121,stem
GSE66954,0.0057498482539139915,0.07146719322309002,"populations,stem"
GSE80041,0.005749281228648738,0.07132491383748187,stem
GSE60648,0.005748863479700556,0.07122008225787829,stem
GSE99971,0.0057487801146025455,0.07119916137743909,stem
GSE55735,0.005747708673819582,0.07093025104540446,stem
GSE80354,0.005747383745046333,0.07084869047801577,"induced,neural,stem"
GSE70800,0.00574495426714517,0.07023871959681634,neural
GSE70863,0.005744550660422311,0.07013736076169687,stem
GSE72560,0.005743384764590352,0.0698445262220682,schwann
GSE88745,0.005742957209637753,0.06973712363706934,"pluripotent,stem"
GSE79796,0.005742867674552465,0.06971463124756538,stem
GSE66352,0.005741893811452786,0.0694699613918628,stem
GSE75901,0.005741886048123043,0.06946801079415764,"neural,stem"
GSE90160,0.005740674137023359,0.06916347624579695,stem
GSE81181,0.005740508972881061,0.06912196806902438,"neural,populations,stem"
GSE89574,0.0057394124085580825,0.06884635504642185,neural
GSE73216,0.005738972873458278,0.06873586649014603,"induced,stem"
GSE102123,0.005738357950075716,0.06858127533493089,"crest,neural,sensory"
GSE57170,0.005737836941327579,0.06845028126506254,stem
GSE98723,0.005736849658616538,0.06820202213183339,stem
GSE42474,0.005735238387454986,0.06779676496849081,"pluripotent,stem"
GSE99457,0.0057332893371505635,0.06730639945632984,stem
GSE63968,0.00573291039976544,0.06721104247684788,stem
GSE98988,0.005732248519233605,0.06704446968553351,"familial,stem"
GSE74534,0.0057320405545455986,0.06699212808420647,stem
GSE82127,0.005729358562611467,0.06631694061465779,stem
GSE99765,0.005726264646076381,0.06553765902180031,neural
GSE80708,0.005724657603767489,0.06513271836563804,stem
GSE64545,0.005722440685288496,0.0645739152078555,stem
GSE31385,0.005721127028698484,0.06424268881001642,stem
GSE68602,0.00572107330263965,0.06422914066081364,stem
GSE107220,0.005720185984187722,0.06400536635402455,stem
GSE73693,0.005719525323270488,0.06383873064016016,pluripotent
GSE72442,0.005719216052126798,0.06376071787096473,neural
GSE76288,0.005719115634125814,0.0637353868076573,stem
GSE96661,0.005719077277170628,0.06372571091051864,"stem,undifferentiated"
GSE61102,0.005715340075849934,0.06278265594974662,stem
GSE94444,0.005715067195619758,0.06271377249781761,stem
GSE97450,0.005713749780302868,0.06238116964716549,"induced,populations,stem"
GSE73859,0.005713366746287819,0.06228445211165689,stem
GSE74149,0.005712118647756722,0.061969257525796316,stem
GSE62899,0.00570543961302309,0.06028136399073748,"neural,stem"
GSE66822,0.005704751553080327,0.06010736854157976,stem
GSE59547,0.005704310892848152,0.05999592409379876,"nerve,sciatic"
GSE46815,0.005703645261023573,0.05982756725221973,"induced,stem"
GSE99588,0.005702983838915338,0.05966025570238465,stem
GSE70132,0.005702745714115198,0.05960001554558828,stem
GSE99076,0.005701766173548856,0.059352187609626496,"induced,stem"
GSE63681,0.005701639508076313,0.059320137596814766,stem
GSE97954,0.005701171931984654,0.059201821212719656,stem
GSE58523,0.0056990460138620705,0.05866375227703628,stem
GSE95826,0.0056985773891888945,0.05854511658106673,dn
GSE104689,0.005698511308699365,0.0585283870465212,stem
GSE100863,0.005697995577161476,0.05839781311889543,stem
GSE75639,0.005697873874914773,0.05836699858060524,stem
GSE34854,0.005696651789467743,0.05805753477795767,stem
GSE48083,0.0056963066268541675,0.05797011860862538,stem
GSE76711,0.005695410387762669,0.05774311161858797,stem
GSE70546,0.0056948480639923554,0.05760066327662967,"pluripotent,stem"
GSE76678,0.005694480218574495,0.057507472748237164,"pluripotent,stem"
GSE106386,0.005694362154808208,0.05747756101453252,stem
GSE70419,0.005693705443306769,0.05731117028681538,"neural,stem"
GSE86043,0.005693343611384774,0.05721948487874067,"induced,pluripotent,stem"
GSE67868,0.005692974290001759,0.05712589568993147,stem
GSE76909,0.0056916901648709755,0.05680044016627297,neural
GSE75931,0.0056910932703400086,0.056649135033315,"populations,stem"
GSE77441,0.005690548554442485,0.05651104266724884,stem
GSE30765,0.005689412855262769,0.05622308605281582,"populations,stem"
GSE99989,0.00568911146535548,0.05614665896746305,"induced,stem"
GSE70728,0.00568882961898865,0.05607518411049407,stem
GSE99120,0.005687363406834485,0.055703302759568495,stem
GSE40652,0.005687357280645445,0.05570174874821446,"pluripotent,stem"
GSE40688,0.005686317582385374,0.055437987466822894,stem
GSE90929,0.005684280426282402,0.054921041034193645,sensory
GSE36290,0.005683868559038617,0.054816503553001474,"induced,pluripotent,stem"
GSE56284,0.005683774235564093,0.05479256191243477,stem
GSE95734,0.005683333577187807,0.054680706607640475,stem
GSE57698,0.005681827098377546,0.05429824135553564,stem
GSE77390,0.005681480668187543,0.0542102752232167,stem
GSE59463,0.00568083054509775,0.05404518040385665,stem
GSE90821,0.005680774445953228,0.05403093348052746,"induced,pluripotent,stem"
GSE68391,0.00568044797779537,0.053948020925009874,stem
GSE58724,0.00567999242182728,0.05383231619645287,"glm,populations,stem"
GSE85717,0.005679981075822477,0.053829434354366365,stem
GSE96096,0.005679041914763326,0.05359087105418758,"familial,neural"
GSE78781,0.005678864059681192,0.05354568831617406,stem
GSE57609,0.005677338115012648,0.053157975454891274,"pluripotent,stem"
GSE70069,0.005677039839013332,0.05308217714927352,stem
GSE79437,0.00567525097135624,0.0526275040683661,"populations,stem"
GSE75066,0.005671420005578837,0.05165331251030983,"pluripotent,populations"
GSE41785,0.005670184340859002,0.0513389500416313,stem
GSE79252,0.005669830632882392,0.05124895144019662,"nerve,stem,trigeminal"
GSE55782,0.005669261303156367,0.051104077551230954,stem
GSE80664,0.005668868388428319,0.051004086433596114,"diabetic,induced"
GSE92425,0.005667942461660994,0.0507684240456318,stem
GSE89811,0.0056671430106074675,0.05056492067107139,stem
GSE41710,0.005665627984784307,0.05017918619257511,stem
GSE84724,0.005664510839775467,0.04989468843056409,"neural,stem"
GSE95074,0.005663588522956431,0.04965976430758729,stem
GSE102858,0.005663097159729773,0.04953459313030225,stem
GSE101903,0.00566266621901302,0.04942480520440518,stem
GSE66523,0.005661446860411089,0.049114111977919137,"induced,stem"
GSE101838,0.005661384100687089,0.0490981189558747,"stem,undifferentiated"
GSE58495,0.005661306852121925,0.04907843350789324,"populations,stem"
GSE55291,0.005660101019070995,0.04877111318358592,pluripotent
GSE94142,0.005659522534054147,0.0486236564308336,stem
GSE71362,0.005658702810829497,0.04841468186156413,stem
GSE52125,0.0056578689470201,0.04820207132711717,"pluripotent,stem"
GSE73357,0.0056576989771330915,0.048158730203675504,stem
GSE40823,0.005656355364597988,0.04781607263958153,stem
GSE97721,0.005656005226496291,0.047726764577124124,"induced,ipscs,pluripotent"
GSE58514,0.0056550528728986525,0.04748382429626622,stem
GSE62621,0.005654950752023655,0.04745777138155122,"induced,stem"
GSE40064,0.005653948081733015,0.04720194674627787,stem
GSE94239,0.005653157950091209,0.04700031796523872,stem
GSE55831,0.0056531262691877325,0.04699223292484008,neural
GSE85750,0.005652973973662128,0.04695336611933993,stem
GSE72596,0.0056523253145465135,0.046787812379187506,"induced,stem"
GSE65818,0.00565004205333493,0.04620491685569278,neural
GSE53506,0.005647742333941338,0.045617581552297906,stem
GSE99783,0.005647214778250974,0.04548281309390114,neural
GSE90130,0.005647014641455581,0.045431683202429456,stem
GSE63078,0.005645619449002465,0.045075196447024936,neural
GSE90921,0.005645479883572376,0.0450395311237562,stem
GSE69190,0.005644659043549807,0.04482975127256833,"induced,pluripotent,stem"
GSE90067,0.0056422278034928,0.044208226830047256,stem
GSE39522,0.005639157930228113,0.043423058917350155,stem
GSE80204,0.00563901649142867,0.0433868734414161,"neural,stem"
GSE53489,0.005638835717508663,0.04334062320988156,stem
GSE76123,0.0056386107969616074,0.04328307618317518,stem
GSE43650,0.0056380387325185915,0.04313670034103187,neural
GSE50739,0.005637865360597943,0.043092336215884326,stem
GSE76095,0.005637560937046769,0.04301443399984017,stem
GSE80280,0.005637256891396336,0.042936624289942646,stem
GSE89011,0.005636288443472019,0.042688756386864014,"induced,stem"
GSE54107,0.005635034869539231,0.0423678490979053,"induced,pluripotent,stem"
GSE63424,0.005632935672286582,0.0418303074900283,stem
GSE71554,0.005632592459186029,0.04174240183083318,stem
GSE121611,0.005632032868693766,0.0415990648967972,"populations,stem"
GSE79889,0.005631517564158677,0.04146705904264477,"neural,stem"
GSE40187,0.005631515569062233,0.041466547934187324,schwann
GSE77107,0.005630518770629436,0.04121116314026098,stem
GSE54412,0.005629678911223731,0.040995951820506915,"pluripotent,stem"
GSE76482,0.005629229028061754,0.04088065747568959,"pluripotent,stem"
GSE60763,0.005629064370764852,0.04083845742683865,stem
GSE85329,0.0056284140750715445,0.04067178095885291,sensory
GSE72628,0.005628396032766893,0.040667156283976644,stem
GSE65955,0.005627921202852022,0.040545440673174483,stem
GSE52464,0.00562761546046634,0.04046706270917061,"neural,sensory"
GSE92361,0.005626284557252591,0.04012583211847643,stem
GSE53090,0.005625612061631425,0.039953380107638936,stem
GSE77647,0.005624822397831884,0.0397508556533982,"neural,stem"
GSE64840,0.005622263692100154,0.03909443102849008,"induced,ipscs,pluripotent"
GSE77197,0.005621183895192944,0.03881732427170686,"populations,stem"
GSE102857,0.005620261678479011,0.038580614949212326,stem
GSE60627,0.005619296392230675,0.03833280917639182,"ipscs,pluripotent"
GSE76606,0.005618647694827338,0.03816625335076723,dn
GSE73175,0.005618123455557916,0.03803163863188402,"populations,stem"
GSE76254,0.005616011306189318,0.037489151378486484,"populations,stem"
GSE56566,0.00561596351196724,0.03747687348643436,stem
GSE60738,0.005615599513814749,0.03738336231110277,"neural,stem,undifferentiated"
GSE69354,0.005614408643117436,0.03707738510578193,"pluripotent,stem"
GSE90059,0.005614224870988553,0.03703016170345402,stem
GSE94098,0.005613746293510741,0.03690717575270216,"neural,stem"
GSE75426,0.00561321709841845,0.03677116976261842,stem
GSE59373,0.005609077504644237,0.03570682919922008,"pluripotent,stem"
GSE107840,0.00560749568345655,0.035299916043141415,"pluripotent,stem"
GSE66380,0.005606870811039174,0.03513914007080068,stem
GSE74018,0.005605648559926221,0.0348246102906464,"induced,stem"
GSE99849,0.00560368908014859,0.03432022156091481,pluripotent
GSE48607,0.005603372757058238,0.03423878045520472,stem
GSE48764,0.005603062896412165,0.03415899872417218,stem
GSE90466,0.005602405956647842,0.033989837798615904,"neural,stem"
GSE92441,0.0056020845974281515,0.033907081094867564,pluripotent
GSE74161,0.005602064851485667,0.03390199594789934,"populations,stem"
GSE56613,0.005600663456151154,0.03354105063985437,stem
GSE29413,0.005598892022796222,0.03308466857316554,"induced,stem"
GSE71527,0.005598764037472221,0.033051689565548895,"neuropathic,analgesia,pain,nociception"
GSE83251,0.005598421199917728,0.032963344141343665,"neural,stem"
GSE67120,0.005597817544913676,0.032807775811398925,"populations,stem"
GSE39406,0.005597451083818286,0.03271332669673805,stem
GSE57967,0.005597094044331557,0.032621299894186835,"induced,pluripotent"
GSE96592,0.005596942500361365,0.032582237714353236,nerve
GSE74001,0.005596851484714571,0.032558776889104794,stem
GSE93867,0.005595879670093107,0.03230825141517313,"populations,stem"
GSE62398,0.005594741164433417,0.032014699073580434,neural
GSE100035,0.005594323262561145,0.03190693225126586,"nerve,neuropathic,sciatic,pain"
GSE60853,0.005594039516919849,0.03183375649932999,"neural,stem"
GSE119498,0.005593848411164956,0.03178446974803825,"crest,neural"
GSE90809,0.005592539004946572,0.03144672463048983,neural
GSE96998,0.0055915711404735105,0.031197025144188265,stem
GSE73993,0.0055911478216683795,0.031087799482122317,pluripotent
GSE77243,0.005590465047442537,0.03091161112675267,sensory
GSE42923,0.005589914189808226,0.030769447867164502,stem
GSE100607,0.005587072676003545,0.030035898116741372,stem
GSE87043,0.005586891873314857,0.0299892104543239,"ipscs,neural"
GSE81206,0.00558430153279503,0.02932015543875112,neural
GSE72857,0.005584206600599692,0.02929562965503805,stem
GSE74900,0.005583063246841728,0.029000210841864427,cpd
GSE90883,0.005583039364309415,0.028994039447577488,sensory
GSE68699,0.005581936598239517,0.028709049107999214,stem
GSE81125,0.005581858761651349,0.028688931494565376,"populations,stem"
GSE64568,0.005581234417101095,0.028527553501392126,stem
GSE70440,0.005580234177325093,0.02826897803595172,stem
GSE89683,0.005578173977596675,0.02773624255541795,stem
GSE55113,0.005577534827455865,0.027570928319334186,neural
GSE78691,0.005576903383938169,0.027407588774071703,"induced,stem"
GSE54695,0.005575797439952956,0.02712146258214874,stem
GSE77769,0.005575218219686653,0.026971585973230836,stem
GSE93010,0.005574747844469134,0.02684986219574647,neural
GSE64425,0.005573094536734003,0.026421937435696777,"induced,neural,stem"
GSE72164,0.005572934377680991,0.02638047680907834,"pluripotent,stem"
GSE96061,0.00557257225533096,0.026286729232414357,"induced,stem"
GSE59104,0.005572067490441002,0.026156043661473078,stem
GSE77420,0.005569631891493975,0.025525291303508904,stem
GSE66138,0.005569558927817765,0.025506391486539784,stem
GSE43110,0.005567261853765284,0.02491125263029727,"populations,stem"
GSE68902,0.0055666533434055735,0.024753555205157783,stem
GSE88989,0.005566053199200238,0.024598009010459984,stem
GSE85627,0.005565975796470545,0.02457794644426935,"induced,populations,stem"
GSE95145,0.0055659559886853125,0.024572812278146495,stem
GSE78045,0.005565731019349509,0.024514499078193083,stem
GSE100397,0.005564944060865871,0.02431049687788807,sensory
GSE89695,0.005564655732973492,0.024235746800925113,"induced,stem"
GSE38983,0.005563157404954429,0.02384723732669212,stem
GSE61755,0.005562394999857703,0.0236495090676543,"crest,induced,neural"
GSE92333,0.005561864385291248,0.023511879230426837,"crest,neural"
GSE87644,0.0055618074871962055,0.023497120326982698,"induced,stem"
GSE49622,0.005561747399697645,0.023481533954267376,stem
GSE61098,0.005561238701292665,0.023349573586786625,"neural,undifferentiated"
GSE102685,0.005560622656978302,0.02318975068492194,stem
GSE85731,0.005560427262149429,0.02313905490480936,stem
GSE66137,0.005560126106549178,0.023060915683366302,stem
GSE75751,0.005559560508671825,0.022914151609569118,stem
GSE70014,0.0055586294847497315,0.022672532497233847,stem
GSE53207,0.005558491111465607,0.022636618440337635,stem
GSE50856,0.0055568405456797604,0.022208153835797613,stem
GSE67933,0.005553654053345865,0.021380623292847716,"familial,induced"
GSE71591,0.005552974407380439,0.021204058123935735,stem
GSE67583,0.005552772579409657,0.021151621090580483,"induced,stem,undifferentiated"
GSE61470,0.005552442174811079,0.02106577438044555,"neural,populations"
GSE50198,0.005552298327714341,0.02102839800175825,stem
GSE84050,0.005552251053156127,0.021016114248792624,stem
GSE77720,0.005552093332260488,0.020975131522374794,familial
GSE77736,0.005550900829841505,0.0206652300115547,stem
GSE84379,0.005550591136854616,0.020584737670914656,"stem,undifferentiated"
GSE84378,0.005550418357295491,0.02053982856363588,"stem,undifferentiated"
GSE79291,0.005549863962481231,0.02039572003975348,"diabetic,induced"
GSE92761,0.0055494054018796835,0.02027651163342333,stem
GSE71133,0.005549198544713567,0.020222733372806213,"nerve,neuropathic,pain"
GSE94085,0.005549120130068355,0.020202346785774723,"stem,undifferentiated"
GSE60699,0.005548255062089302,0.019977423456730165,stem
GSE84377,0.005548068361404484,0.019928875457205748,"stem,undifferentiated"
GSE73813,0.005547237082225446,0.019712697118082104,stem
GSE94136,0.005547203459234191,0.019703952608151883,stem
GSE54794,0.005546808809920462,0.019601310102584975,stem
GSE43078,0.00554635742522788,0.019483902602494087,stem
GSE118898,0.005545861091200784,0.019354792517089082,stem
GSE80346,0.005545439911772135,0.019245223139580693,neural
GSE77740,0.005543870870551069,0.018836965485318075,stem
GSE76857,0.005543766827725854,0.018809889913033798,neural
GSE54473,0.005543463641601932,0.018730987410056542,sensory
GSE48553,0.005543013239435016,0.01861376478289626,"hmgn1,induced"
GSE42237,0.005542435156151746,0.01846329763768224,stem
GSE107053,0.005542400154017529,0.01845418655861933,"crest,neural"
GSE106072,0.005541966778965863,0.018341373974557162,"populations,stem"
GSE54619,0.005541658311098961,0.018261070814110724,ipscs
GSE95687,0.005541610364906794,0.018248588623938692,stem
GSE68461,0.005541346607804057,0.018179920836970804,stem
GSE48085,0.005541113295052954,0.018119176353887777,stem
GSE60701,0.005540504822868268,0.017960744652866296,"induced,stem"
GSE56762,0.005540288714108908,0.01790447087889503,pluripotent
GSE83855,0.005540288170238999,0.017904329254784683,stem
GSE54302,0.005540101101772485,0.01785561566858374,stem
GSE77185,0.00554001508618486,0.01783321621724159,"eml1,pluripotent"
GSE57875,0.005539723827628576,0.01775736654639057,stem
GSE45474,0.00553953188744507,0.017707379226295977,stem
GSE90470,0.005539242339250249,0.01763196840262307,stem
GSE62704,0.005538429028390639,0.01742012612873196,stem
GSE70210,0.005538330091877215,0.01739435411081008,stem
GSE38596,0.005538328389962274,0.017393910774175625,stem
GSE94324,0.005538198794087963,0.01736015157833924,stem
GSE104657,0.005537975314724161,0.01730193426128098,stem
GSE64910,0.005537932481706118,0.017290775811093142,stem
GSE76253,0.0055373889957571485,0.017149184528962462,stem
GSE49555,0.005537085176007471,0.017070026053445868,stem
GSE103574,0.005536563392191332,0.016934068167500368,stem
GSE63820,0.005536297343634042,0.016864740657027796,stem
GSE99516,0.005535385523060074,0.01662711119472146,stem
GSE75738,0.005534689463868149,0.01644568493575505,stem
GSE84703,0.005534351480826722,0.016357582188577902,"populations,stem"
GSE53190,0.0055339703530752115,0.016258226364719887,stem
GSE85641,0.0055329823231112935,0.01600062592588373,stem
GSE93581,0.005530812610826094,0.01543477429670369,stem
GSE67786,0.005530793858688191,0.015429882852330913,"crest,neural"
GSE106188,0.005530496576369061,0.015352335349139943,"neural,populations"
GSE91043,0.00552859406632171,0.014855957857298546,neuro
GSE70721,0.005527984140816292,0.014696788087703461,stem
GSE93537,0.005527919313418267,0.014679869313759385,stem
GSE61184,0.005527831795563344,0.014657028427772362,stem
GSE104790,0.005527682769853525,0.014618134054966373,stem
GSE64379,0.005525697224701039,0.014099824510343225,stem
GSE74055,0.005525394895335721,0.014020887682845833,stem
GSE84899,0.005524005468946272,0.013658059202345798,stem
GSE98255,0.005523428857330375,0.01350745867466493,stem
GSE63748,0.005521940566765868,0.013118671419595662,neural
GSE109522,0.00552127869678723,0.012945736967376902,stem
GSE48138,0.005520965061566478,0.012863782613234538,dn
GSE33343,0.005520158965160408,0.012653124479738865,"populations,sensory"
GSE99938,0.005518488598087907,0.012216507530688455,stem
GSE66567,0.005518365476671643,0.012184319616365307,stem
GSE70605,0.005517185244258009,0.011875732306171664,stem
GSE75787,0.005516690696487692,0.011746406651247012,stem
GSE71079,0.00551619870046593,0.011617736781430472,"populations,stem"
GSE75028,0.005516085283930536,0.011588073753646703,stem
GSE103180,0.005515594668466563,0.011459750868940308,"induced,stem"
GSE90822,0.005515553935818952,0.011449096531696071,sensory
GSE73381,0.005514947319384817,0.011290416068880834,pluripotent
GSE71333,0.005514817274980044,0.011256396409391982,stem
GSE106423,0.005514732517716236,0.01123422344921219,"induced,nerve,sciatic"
GSE81494,0.005514585084227893,0.011195653236587546,stem
GSE93682,0.005514186600688624,0.011091400425367255,"induced,neural"
GSE66931,0.005512781609485124,0.010723761049953233,pluripotent
GSE74254,0.005512568509876004,0.010667991800722308,stem
GSE67130,0.005512451894556169,0.01063747206698021,"nerve,sciatic"
GSE88841,0.005511119212408346,0.010288646098252276,"populations,stem"
GSE43366,0.005510121080161054,0.010027332415031594,"induced,neural"
GSE92292,0.005509638483461435,0.009900970335765683,stem
GSE55800,0.005509455200105119,0.00985297691691439,neural
GSE65849,0.005509194000886125,0.009784578184705949,stem
GSE75878,0.0055076667130616805,0.009384571206009685,neural
GSE43314,0.0055071953753418335,0.009261102280849637,diabetic
GSE105035,0.00550664731048013,0.009117521065596582,"induced,stem"
GSE73143,0.005505859042835186,0.008910986823942521,stem
GSE87119,0.005505415522046886,0.008794766809921906,stem
GSE90574,0.005505036404345688,0.008695415533279363,stem
GSE74215,0.005504114298419824,0.008453740642010174,sensory
GSE70486,0.005503460278417199,0.008282303890171107,stem
GSE85128,0.005502886766862268,0.008131953865129044,"induced,neural"
GSE97270,0.00550287548197005,0.008128995295304987,sensory
GSE105055,0.00550251149594858,0.008033565515439465,stem
GSE81672,0.005502485732025789,0.00802681049626495,"induced,neural,populations"
GSE86817,0.005502211177287142,0.007954823277853825,stem
GSE61188,0.00550132828660164,0.007723308314775785,stem
GSE77717,0.005500254984073283,0.007441812787841238,diabetic
GSE77703,0.00549996767277072,0.007366450205751032,"populations,stem"
GSE75044,0.005499607566309593,0.007271987684325871,stem
GSE86209,0.005498927623772137,0.007093609434645269,stem
GSE45182,0.005498314114826618,0.006932640650799507,"populations,stem"
GSE67403,0.005497858336926112,0.006813044760490027,neural
GSE74381,0.005497754252515853,0.006785731673329673,sciatic
GSE92894,0.005497652236706009,0.006758960911720584,"induced,stem"
GSE102827,0.005496439277230914,0.006440620715188441,sensory
GSE56253,0.005496151696328053,0.006365135046067261,stem
GSE46316,0.005495604758051287,0.00622156106069225,stem
GSE61462,0.005495433202637966,0.0061765239777634194,populations
GSE107740,0.005495218639385337,0.006120194408777935,"neural,populations"
GSE77051,0.005494976242484093,0.006056554989974726,induced
GSE46104,0.005494698966148828,0.005983754805013097,stem
GSE81091,0.005494032382634427,0.00580872518581149,stem
GSE97261,0.005493868533240568,0.005765698822577962,pluripotent
GSE53074,0.005493867579439879,0.00576544835359879,"induced,pluripotent"
GSE99924,0.00549354845930914,0.0056816446587954405,"induced,stem"
GSE84681,0.005493314260488367,0.005620138934007641,stem
GSE69968,0.005493278701874088,0.005610800236076827,"induced,stem"
GSE98140,0.005491394936357212,0.005115983678837256,stem
GSE84922,0.005491063985025044,0.005029033780047399,stem
GSE51572,0.00549089040843422,0.004983428402744364,sensory
GSE90712,0.005490392443146776,0.0048525853927006484,"populations,stem"
GSE77115,0.005490304715171249,0.00482953317417246,stem
GSE104138,0.005489596490494108,0.004643419982109139,stem
GSE59419,0.005489412257544724,0.004595001774496947,stem
GSE75889,0.005488669565882674,0.004399798715051899,stem
GSE95363,0.005488654066947538,0.004395724819153972,neural
GSE84164,0.005487681882690672,0.004140163142413405,stem
GSE52016,0.0054875820465190754,0.004113916274803471,stem
GSE56096,0.0054871367734652095,0.003996848450553295,pluripotent
GSE72811,0.005486217673675355,0.0037551756387628416,stem
GSE100835,0.0054857664515221985,0.0036365141540875934,stem
GSE69887,0.005485588784122061,0.00358978886416243,stem
GSE78809,0.005485543994507696,0.003578009268411916,stem
GSE95833,0.005485301527774443,0.003514239242119826,neural
GSE80745,0.005485300469955186,0.003513961023915343,stem
GSE107655,0.005485159983010993,0.003477010921669783,"neural,populations"
GSE81925,0.00548501569732365,0.0034390607098085998,neural
GSE64218,0.005484614001900756,0.003333400990983661,stem
GSE55338,0.005483819795502764,0.0031244746018579813,stem
GSE72700,0.005483704046964984,0.0030940229075921023,neural
GSE77645,0.005483549642353557,0.0030534003828433694,dn
GSE80958,0.005482658778207356,0.002818999350258943,"induced,neural"
GSE76093,0.005482383465294907,0.0027465522835271074,stem
GSE81559,0.005481814941632211,0.0025969369192125557,stem
GSE48519,0.005480178777964188,0.0021662697818562384,neural
GSE70207,0.005479528864985208,0.0019951655401319593,induced
GSE39524,0.005477209696975998,0.0013844268213205036,lis
GSE71028,0.005475785723995405,0.001009304091860872,"populations,sensory"
GSE89737,0.005475633538464206,0.0009692074969067871,"neural,populations"
GSE81587,0.005475412770301993,0.0009110393321718554,neural
GSE101823,0.005475178862362998,0.0008494065300396601,neural
GSE79068,0.0054747745083351534,0.0007428563866278586,"induced,stem"
GSE58242,0.005474412576614523,0.0006474781462829601,stem
GSE98671,0.005474213201399853,0.0005949349980661074,stem
GSE72178,0.005474152224532563,0.0005788648322237398,"induced,stem"
GSE54246,0.0054733546146919455,0.0003686420334517437,induced
GSE85798,0.005473348365275036,0.0003669947789677769,stem
GSE95832,0.005473108312538143,0.0003037189805397689,neural
GSE102688,0.005473002770473358,0.0002758981385404268,stem
GSE67863,0.005472067323291283,2.9291218289046498e-05,stem
GSE83311,0.005471867998714075,-2.3261098704173757e-05,undifferentiated
GSE62266,0.005471702464013453,-6.690610332383569e-05,stem
GSE70883,0.00547154739950039,-0.00010779172812806531,stem
GSE87890,0.005471286590933959,-0.00017656134042621943,neural
GSE46433,0.0054712036827105235,-0.00019842314332670698,stem
GSE80044,0.005469009120402235,-0.0007772206966346987,sensory
GSE99347,0.005468623640709778,-0.0008789117394860388,neural
GSE67310,0.005467745502780572,-0.001110594708812243,"induced,neural"
GSE71075,0.005466045099073801,-0.0015593254563406348,stem
GSE81222,0.005465988508256746,-0.0015742619803321494,stem
GSE90047,0.005465856207923486,-0.0016091818021310967,stem
GSE77778,0.005465545760441055,-0.001691125736637615,stem
GSE61845,0.0054648876991179336,-0.001864839215088056,neural
GSE79352,0.005464808647834646,-0.0018857083940215414,neural
GSE70985,0.005464393492377136,-0.0019953125009548444,stem
GSE65924,0.00546369215886826,-0.0021804886441411956,stem
GSE92618,0.005463551957202069,-0.002217509551956674,"populations,stem"
GSE56461,0.005462987139108657,-0.0023666620431368047,neural
GSE93570,0.005462267745713125,-0.002556655832137476,sensory
GSE102443,0.005461903761529837,-0.0026527945967178054,sensory
GSE87586,0.005461595617222984,-0.002734189440637174,nerve
GSE100599,0.005461467270264599,-0.002768093030187255,neural
GSE100816,0.00546099375079956,-0.0028931828214141826,induced
GSE66814,0.005460879492194652,-0.0029233681786358227,stem
GSE58733,0.005460357986547924,-0.003061149929534915,pluripotent
GSE94118,0.005460154669361223,-0.003114869879551445,"induced,neural"
GSE52477,0.0054592988110641555,-0.003341024517349834,stem
GSE89572,0.0054583357403790115,-0.0035955516859483535,neural
GSE87046,0.0054580105239995244,-0.003681512326382106,"induced,nerve"
GSE93796,0.005457975120246664,-0.0036908704952815434,neural
GSE62042,0.005457963443003012,-0.0036939571197453966,neural
GSE53110,0.005456975395848918,-0.003955149739202907,populations
GSE79700,0.00545676455362433,-0.004010892506259805,stem
GSE57926,0.0054565281850710535,-0.0040733865211922396,stem
GSE87623,0.0054553488176797985,-0.004385242582792879,induced
GSE99485,0.005455275838789338,-0.004404542354652686,stem
GSE98838,0.005454524218026896,-0.004603328683031355,neural
GSE75413,0.00545449063745517,-0.0046122106077407955,sensory
GSE52071,0.005454037835876197,-0.0047319801246764335,stem
GSE89945,0.005453759474040602,-0.004805613916809386,neural
GSE50807,0.005453546660318458,-0.004861911099235112,stem
GSE100807,0.005453491042667176,-0.004876624408545378,"induced,populations"
GSE85505,0.005453172555169008,-0.004960881217275198,stem
GSE65713,0.005450635180914255,-0.005632326901001892,neural
GSE83465,0.00545020464865078,-0.005746286333759647,"induced,neural"
GSE45284,0.005449702659271381,-0.005879171425034429,neural
GSE43617,0.005448806255572187,-0.006116495114813051,sensory
GSE68462,0.005447004646668441,-0.006593590812978816,stem
GSE57546,0.005446811112124023,-0.0066448513324670585,pluripotent
GSE48649,0.005445401478672325,-0.007018268796483073,stem
GSE93416,0.005443122955018455,-0.007622063157048131,induced
GSE51619,0.005442263489447811,-0.007849881751359655,populations
GSE103685,0.005440554339124838,-0.008303033270424375,stem
GSE83867,0.005440362956452249,-0.008353783924102489,induced
GSE63300,0.005439783620078158,-0.008507422610643831,neural
GSE109125,0.00543901167346915,-0.008712166521429011,populations
GSE93524,0.005437394923684266,-0.009141072317356223,neural
GSE57206,0.0054372236547444025,-0.009186515538824163,induced
GSE47459,0.005436592004853159,-0.009354125179308616,neural
GSE33141,0.005436028713655254,-0.009503612122624693,neural
GSE103799,0.005435472701198102,-0.009651182616284035,sciatic
GSE56292,0.005434455386329812,-0.009921225823188672,"induced,populations"
GSE98415,0.005433791570336625,-0.010097461060839029,"nerve,populations"
GSE89505,0.005433742003926874,-0.010110621215910855,neural
GSE54154,0.005433207720636015,-0.010252483996969056,"diabetic,induced"
GSE99622,0.005432798217230299,-0.010361224694574348,neural
GSE96103,0.005431674775550367,-0.010659588682817392,neural
GSE77623,0.0054312089472297875,-0.010783321611488622,induced
GSE86418,0.0054303682912216645,-0.011006642816099864,pain
GSE95835,0.005429829383411285,-0.011149822461528347,neural
GSE83253,0.005429469903454151,-0.011245338744475432,neural
GSE90854,0.005429064505953565,-0.011353063220340333,neural
GSE60545,0.0054283358434417004,-0.01154670769509424,neural
GSE102345,0.005427940388221015,-0.011651812110983118,nerve
GSE76853,0.00542704762661556,-0.01188911918898828,neural
GSE96738,0.005426984704638699,-0.011905846101385514,"induced,nerve"
GSE37379,0.005426647712295921,-0.01199543402241024,induced
GSE64559,0.005426562824752175,-0.012018001876959838,sciatic
GSE90855,0.005426400959231042,-0.012061035759555258,neural
GSE93753,0.005426352785722392,-0.012073843510226757,populations
GSE93974,0.005426348149132444,-0.012075076232912898,induced
GSE87127,0.005426024075677822,-0.012161239729026194,"induced,undifferentiated"
GSE81889,0.005425724867907971,-0.012240796594581,induced
GSE66575,0.005424901659151824,-0.012459703620719463,diabetic
GSE58928,0.005424402878099665,-0.012592355248014945,undifferentiated
GSE83868,0.005424287748059761,-0.012622976000943992,induced
GSE83315,0.005423405805516856,-0.012857564880048236,populations
GSE97947,0.005421611903176101,-0.01333484469718983,stem
GSE83865,0.00541885188838955,-0.014069473732983291,induced
GSE57533,0.005418736198657024,-0.014100274867343112,induced
GSE72607,0.005418117592307291,-0.014264983246953456,induced
GSE62698,0.005418037340654799,-0.0142863522033392,induced
GSE28532,0.005417796083728289,-0.014350594640054849,stem
GSE69707,0.005417621331142111,-0.014397129938111186,induced
GSE86083,0.005415828666462635,-0.014874589744033382,induced
GSE69285,0.005414582752722637,-0.015206520547477521,induced
GSE95631,0.005412955263116822,-0.015640224164616485,induced
GSE86895,0.005411747617229559,-0.015962129487874295,"vnn1,induced"
GSE41545,0.005411320808983561,-0.01607591499046598,stem
GSE109913,0.005410928751854735,-0.01618044388209247,induced
GSE93678,0.005409718059924817,-0.016503282115519446,nerve
GSE94852,0.005409593347453281,-0.01653654154533987,induced
GSE87531,0.005409365343447978,-0.0165973496613889,induced
GSE76410,0.005409072542532733,-0.016675442715662705,nerve
GSE55596,0.005408465049189052,-0.01683748100354345,populations
GSE81492,0.005408423685635058,-0.016848514674256472,apol1
GSE76033,0.005407165543308025,-0.017184162721849555,populations
GSE95168,0.005407057705172992,-0.017212935485100476,neural
GSE107632,0.005406219110028694,-0.0174367042980317,sensory
GSE61401,0.005406027976102516,-0.017487710895508463,populations
GSE108108,0.0054057282770437086,-0.01756769315479888,populations
GSE63194,0.005405214697916024,-0.01770476502038696,induced
GSE124829,0.005404561466863888,-0.017879128149882365,populations
GSE90625,0.005404291713604825,-0.017951137951976615,induced
GSE74893,0.005400451507304723,-0.018976659189299767,nerve
GSE72990,0.0054001179714668335,-0.01906576384260174,populations
GSE85810,0.005399491822621276,-0.019233055411941643,elp3
GSE90958,0.005399252782878492,-0.019296926068049263,stem
GSE66345,0.005396519538517024,-0.02002744132025865,populations
GSE94238,0.005396254047408229,-0.020098418943033314,induced
GSE93702,0.005395985428093053,-0.020170236429079745,induced
GSE71493,0.005395864657313744,-0.02020252661158271,induced
GSE98567,0.005393725449403341,-0.020774601111852323,"induced,populations"
GSE57391,0.00539267494695691,-0.021055613241758357,populations
GSE69201,0.005392390908368672,-0.021131603702690713,"diabetic,induced"
GSE87315,0.0053921636249669525,-0.02119241300836448,induced
GSE53528,0.005391567957841313,-0.021351794944469774,"induced,populations"
GSE100244,0.0053912637530749525,-0.021433197440535002,induced
GSE39918,0.0053905922801173334,-0.0216128939054699,neural
GSE92992,0.005390224584215606,-0.02171130445466256,induced
GSE70283,0.005390167376814283,-0.021726616112066062,induced
GSE60927,0.005388771408152206,-0.022100299851709186,populations
GSE73127,0.005388140469203472,-0.02226922625731434,induced
GSE69278,0.005388002776498761,-0.022306094472172612,induced
GSE80160,0.005387584414175818,-0.022418119782390767,"induced,populations"
GSE75484,0.005387461962444925,-0.022450910454234016,populations
GSE70020,0.005387366023981988,-0.022476601805388227,populations
GSE34030,0.005386562645501121,-0.0226917564046077,induced
GSE75854,0.005386335050255827,-0.022752715032645945,induced
GSE58998,0.0053849871120727555,-0.02311379674814686,"induced,populations"
GSE95811,0.005384822199172099,-0.023157979336175777,populations
GSE87836,0.005384655875152579,-0.023202541354224473,"induced,undifferentiated"
GSE70235,0.005384123775472041,-0.023345112303933022,populations
GSE85931,0.0053838652188420676,-0.023414395132531785,induced
GSE87633,0.005383659628976803,-0.02346948736278938,populations
GSE95762,0.005383316331093318,-0.023561486110823506,populations
GSE67610,0.005382677880222687,-0.023732597090062535,induced
GSE55228,0.005381930755666861,-0.023932859436759227,nerve
GSE87266,0.0053814905250121,-0.024050873693799456,induced
GSE80288,0.005381482965583683,-0.02405290026199599,neural
GSE31223,0.005381395863576147,-0.024076251195574556,induced
GSE35724,0.005380727532769459,-0.024255434709127173,induced
GSE81282,0.005380456279055534,-0.02432816581284721,neural
GSE74170,0.0053802899569239965,-0.024372763484628822,induced
GSE98969,0.005379976747640867,-0.024456751268959118,populations
GSE62479,0.0053798605480247005,-0.0244879117048274,induced
GSE45657,0.005379405959319031,-0.024609822036030078,populations
GSE62559,0.005379311909742913,-0.024635045275214863,induced
GSE97925,0.005379291453320159,-0.024640531559756818,induced
GSE106789,0.005379197509553804,-0.0246657269577934,induced
GSE97344,0.0053791900578042135,-0.02466772551047849,induced
GSE74290,0.0053789142476168015,-0.024741699507829177,populations
GSE69407,0.005378764284277662,-0.024781922194362215,diabetic
GSE47494,0.005378670971550691,-0.024806950801135853,induced
GSE76458,0.005378660001926853,-0.024809893133569596,nerve
GSE59622,0.00537842032656695,-0.02487418166589495,induced
GSE65388,0.005377983451836219,-0.024991372693834505,sensory
GSE70240,0.005377038267920276,-0.025244949522836017,populations
GSE72018,0.0053769465058228555,-0.02526957011244611,populations
GSE70236,0.0053767938322683475,-0.025310534720676164,populations
GSE106692,0.0053764667292630795,-0.02539830528682298,induced
GSE48968,0.005376203760720162,-0.025468870717653726,populations
GSE73836,0.005375885995351918,-0.025554145028316183,induced
GSE43504,0.005375834411447351,-0.025567988365101876,induced
GSE49929,0.005375806408880204,-0.025575503341732943,induced
GSE70241,0.005375692652306524,-0.02560603230216688,populations
GSE70239,0.005375555545524024,-0.02564282863903065,populations
GSE70238,0.005375555545524024,-0.02564282863903065,populations
GSE74138,0.00537529123880827,-0.025713765188647205,populations
GSE103667,0.0053752827715359865,-0.025716037754134696,induced
GSE57776,0.005375253979533997,-0.02572376538289396,populations
GSE70242,0.005375055488092483,-0.025777040615430458,populations
GSE70815,0.005374995328766069,-0.0257931878064273,"induced,populations"
GSE78907,0.005374385235424977,-0.025956951408127135,populations
GSE89633,0.005374269437560774,-0.025988036415417803,populations
GSE70243,0.0053739918286193735,-0.02606256103539793,populations
GSE72917,0.005373589154891419,-0.026170666364695658,populations
GSE59958,0.0053735070024497275,-0.026192722726431392,induced
GSE70244,0.005373245724017969,-0.02626287323746606,populations
GSE41265,0.005373114282844835,-0.026298165099740967,populations
GSE98860,0.005373087649536148,-0.02630531622952746,induced
GSE92535,0.0053729455726033385,-0.026343464945833,induced
GSE94059,0.005372805871213808,-0.02638097679466855,induced
GSE78151,0.005372764273196157,-0.02639214665405619,nerve
GSE75858,0.005372736169825118,-0.026399692992962565,induced
GSE74594,0.0053727335048509755,-0.026400408595927367,populations
GSE89509,0.0053722702568566785,-0.026524806055306663,induced
GSE43660,0.005372139056018488,-0.02656003978349308,induced
GSE54877,0.00537185942289738,-0.02663513758213358,populations
GSE87862,0.00537181848805548,-0.02664613130214243,undifferentiated
GSE71773,0.0053712394906804605,-0.026801639471993197,induced
GSE86318,0.005370997760510873,-0.026866568761637732,induced
GSE86460,0.005370931360378367,-0.02688440450432504,populations
GSE73111,0.005370783969978378,-0.02692399583450133,populations
GSE31234,0.0053705629236090275,-0.02698337432847838,populations
GSE76190,0.0053705326808788836,-0.02699149846002097,induced
GSE100570,0.005370496800369548,-0.027001137132547374,populations
GSE45703,0.005370428783864932,-0.02701940875600097,induced
GSE65831,0.0053700998581925116,-0.027107773016715877,nerve
GSE94133,0.005369814785398947,-0.02718436079591386,induced
GSE94121,0.00536977613095492,-0.027194746028487506,induced
GSE71636,0.005369714922805738,-0.02721119088473728,induced
GSE55552,0.005369678116752033,-0.027221079695205517,induced
GSE56507,0.005369602352759445,-0.027241435683988204,diabetic
GSE60019,0.00536944536711139,-0.027283614920334542,sensory
GSE62786,0.005369371539805605,-0.027303451423529124,sensory
GSE103847,0.005368911303255582,-0.027427117562420247,nerve
GSE95411,0.005368802794527976,-0.02745627553809176,populations
GSE63340,0.005368340771219541,-0.02758043495389635,populations
GSE89952,0.005368045202181804,-0.027659868757067434,induced
GSE93320,0.0053680118283515816,-0.02766883820632069,populations
GSE36103,0.005367836724779159,-0.027715899424509083,induced
GSE72568,0.005367753463360049,-0.027738277483720562,populations
GSE50566,0.005367497921789377,-0.02780696121428124,populations
GSE91081,0.005367482672478057,-0.027811059983836473,induced
GSE59623,0.005367000907093672,-0.027940556764233817,induced
GSE71877,0.005366561226802293,-0.02805875137071967,populations
GSE80597,0.0053664159915046425,-0.028097795568696345,"induced,populations"
GSE92590,0.005366322333007174,-0.02812297472535766,populations
GSE93380,0.0053662332457204125,-0.02814692536523588,induced
GSE83841,0.005366160853756922,-0.02816638784970327,populations
GSE96105,0.005365979623321833,-0.028215112565997114,populations
GSE54588,0.005365864070952761,-0.028246180262206457,induced
GSE77375,0.0053654265671509195,-0.028363814680455342,induced
GSE66145,0.005365260834257131,-0.02840837883838012,induced
GSE42880,0.005364995087021766,-0.028479838870924312,stem
GSE101334,0.005364256195975206,-0.02867854694890596,populations
GSE63674,0.0053642261662177285,-0.028686623353513845,populations
GSE67071,0.00536378098757124,-0.0288063579914124,populations
GSE83298,0.005363626382764349,-0.028847942613029916,induced
GSE97137,0.00536357662864283,-0.028861325416413668,populations
GSE82164,0.005363545462642127,-0.028869708472796508,induced
GSE91067,0.005363405065960663,-0.02890747309109636,induced
GSE79672,0.005363110990599996,-0.028986578191457085,induced
GSE75330,0.0053630711142560235,-0.028997305103071233,populations
GSE74176,0.005362767166180932,-0.029079071090824367,induced
GSE52594,0.00536270473357976,-0.029095866846748985,"induced,populations"
GSE58174,0.005362684181623687,-0.029101395822032,induced
GSE92602,0.005362573398274655,-0.02913119959822589,diabetic
GSE84994,0.0053621965301726675,-0.029232592121451694,induced
GSE83222,0.005362082730269525,-0.029263210226768855,populations
GSE85855,0.005362036924773088,-0.029275534476158396,populations
GSE77494,0.005361963465195741,-0.029295299445216902,induced
GSE74855,0.005361918299142597,-0.029307451918047133,induced
GSE74985,0.005361900981361991,-0.029312111503507526,populations
GSE109362,0.005361488070940238,-0.029423215150905378,induced
GSE84759,0.005361246938044339,-0.029488101811421724,populations
GSE72487,0.005360747014008794,-0.02962263610245937,induced
GSE97249,0.00536072553139899,-0.029628417557291835,induced
GSE48048,0.005360518734798243,-0.029684072371789237,induced
GSE74467,0.005359857506726132,-0.02986204195797685,populations
GSE76771,0.0053595979699837554,-0.029931902292215318,induced
GSE79416,0.005359426025384188,-0.02997818703254833,induced
GSE103976,0.005359359416352927,-0.029996117519095172,populations
GSE97618,0.005359290753694893,-0.030014601054739957,induced
GSE106259,0.005359158910497032,-0.030050093039812008,induced
GSE88998,0.0053590686768305315,-0.030074384306651467,induced
GSE58993,0.005359063108508284,-0.03007588333485037,induced
GSE70813,0.005358652886363438,-0.030186322061647078,populations
GSE52502,0.005358431582974644,-0.030245904180739937,populations
GSE70156,0.005358376719473171,-0.03026067561254447,"diabetic,induced"
GSE99093,0.005358273291532371,-0.03028852292996793,"induced,populations"
GSE59168,0.005358247120150937,-0.030295569493732626,induced
GSE93381,0.005358023076288258,-0.030355894021530213,induced
GSE74131,0.0053579522788133405,-0.030374956992951483,populations
GSE65619,0.00535780433281262,-0.03041479383682676,"induced,undifferentiated"
GSE94843,0.005357749281403121,-0.03042961759644567,induced
GSE60231,0.005357362968358594,-0.030533644862015992,induced
GSE98765,0.005356856184687752,-0.030670124110541385,induced
GSE78845,0.005356603617212198,-0.030738146551709325,populations
GSE86338,0.00535645987727494,-0.03077686057497213,induced
GSE85193,0.005356438526002752,-0.03078261128282809,induced
GSE58609,0.005356404145120238,-0.030791871407376884,induced
GSE38808,0.005356392798140022,-0.030794927608698335,induced
GSE68156,0.00535627409909948,-0.03082689845569623,induced
GSE93379,0.005356142243373182,-0.030862413804683814,induced
GSE101722,0.005356041101037094,-0.030889657092445334,"diabetic,induced"
GSE63836,0.00535567116326067,-0.030989306407611474,populations
GSE75984,0.005355556158767068,-0.03102028631451054,"diabetic,induced"
GSE107281,0.005355201846492762,-0.03111573512607053,populations
GSE60307,0.005355140614235566,-0.031132231232357397,induced
GSE122108,0.005355069683945804,-0.031151340245988354,populations
GSE73897,0.005354867318933923,-0.03120585989424525,populations
GSE104396,0.005354564046163109,-0.03128756920404715,populations
GSE32110,0.00535431378079871,-0.0313550004710809,"induced,populations"
GSE106107,0.0053541653887041185,-0.031394984587517834,populations
GSE97126,0.005354163645688377,-0.03139545424812649,populations
GSE107289,0.0053541510296827004,-0.0313988536717291,populations
GSE67681,0.005354127838120005,-0.031405102734329046,populations
GSE94382,0.005353959865128072,-0.03145036456056738,diabetic
GSE70386,0.005353823110244635,-0.03148721543672284,induced
GSE72826,0.00535363372224352,-0.0315382507356394,populations
GSE93314,0.005353454097942754,-0.03158665663130664,populations
GSE66211,0.0053532460033528404,-0.03164273684838611,populations
GSE72275,0.005353086611013637,-0.031685693581681086,induced
GSE99235,0.00535277263824533,-0.03177031396485516,populations
GSE44945,0.005352740251887159,-0.031779042857866896,populations
GSE93034,0.005352688206294733,-0.031793070492237105,induced
GSE46688,0.005352594903810364,-0.031818218268362286,"induced,populations"
GSE65031,0.0053525408674074265,-0.031832782875894854,induced
GSE66775,0.005352528408124358,-0.03183614108786611,populations
GSE58858,0.005352242209440013,-0.031913283781990424,induced
GSE87681,0.0053519426334651165,-0.031994036642634865,populations
GSE50612,0.005351929024356317,-0.03199770518321586,induced
GSE40478,0.0053514909694254474,-0.03211579448123893,induced
GSE42878,0.005351268982729069,-0.03217564055972453,induced
GSE98167,0.005351257170497042,-0.0321788251253726,induced
GSE94949,0.005351132351797088,-0.032212476548555614,induced
GSE77172,0.005351107367545202,-0.03221921245753191,induced
GSE86113,0.005350970564320626,-0.032256096011350245,induced
GSE63180,0.005350964147067988,-0.03225782619169748,populations
GSE83436,0.005350928393672142,-0.0322674658412614,populations
GSE72121,0.0053505769503798244,-0.03236222363072402,induced
GSE61486,0.005350201122746289,-0.03246356292767025,induced
GSE89184,0.005350014099766536,-0.03251399502082686,induced
GSE89069,0.0053499718332259485,-0.03252539274207312,induced
GSE93179,0.005349953168110902,-0.032530426061262156,populations
GSE93180,0.0053498201293248745,-0.03256630240957761,populations
GSE66557,0.005349760661031678,-0.03258233941389913,induced
GSE106273,0.0053495615974978455,-0.0326360228091974,populations
GSE75431,0.0053494940221433755,-0.03265424696509448,populations
GSE80010,0.00534941940469115,-0.032674370546620306,induced
GSE66882,0.0053493956736131625,-0.032680770640140334,induced
GSE41246,0.005349375107868765,-0.032686317089926066,"induced,populations"
GSE69731,0.005349370304214406,-0.03268761260786856,populations
GSE90731,0.005349245881739552,-0.03272116903878175,induced
GSE66202,0.005349240235811359,-0.03272269175003548,populations
GSE75246,0.005349096238718532,-0.03276152842192947,populations
GSE98168,0.005349037741081732,-0.03277730579968077,induced
GSE104096,0.005348982352182981,-0.032792244879782044,induced
GSE86929,0.005348916899795589,-0.03280989840828908,populations
GSE38539,0.005348826952452209,-0.03283415896042634,induced
GSE76010,0.0053483728424104735,-0.03295664752157998,induced
GSE100858,0.0053483325799978275,-0.03296750813347225,induced
GSE96561,0.005348237114669291,-0.03299325982022621,induced
GSE78128,0.005348140177738431,-0.03301940894073894,induced
GSE25432,0.005348096097937722,-0.033031299798092516,induced
GSE59127,0.005348055415353733,-0.03304227431768468,populations
GSE75054,0.005348047723895035,-0.03304434917226993,induced
GSE59130,0.005347945509514865,-0.033071922895656726,populations
GSE71588,0.005347911698921606,-0.03308104388040331,populations
GSE75691,0.005347863438966962,-0.03309406292695975,pain
GSE81505,0.005347845690806628,-0.03309885086249309,"induced,populations"
GSE95692,0.005347821212673428,-0.033105454374307015,induced
GSE76779,0.005347640019531352,-0.03315433612739212,populations
GSE38371,0.005347567607182967,-0.03317387178103476,induced
GSE90070,0.005347381961605108,-0.033223957095200034,induced
GSE74724,0.005347299070065779,-0.03324632096231654,induced
GSE77324,0.005347221738825468,-0.03326718499145811,induced
GSE90800,0.005347206954706265,-0.0332711737927431,induced
GSE67374,0.005347105556277083,-0.033298531701124554,neuropathic
GSE75477,0.005347073332832967,-0.03330722588952534,induced
GSE74517,0.005346743492455993,-0.03339622293970313,induced
GSE59859,0.005346732478570418,-0.03339919478499312,induced
GSE79169,0.005346726135322044,-0.03340090636836462,induced
GSE90976,0.005346710245582625,-0.03340519386724597,induced
GSE81420,0.005346556031044801,-0.03344680595156355,induced
GSE95537,0.005346462318424531,-0.033472093242414,induced
GSE68139,0.005346331536043607,-0.03350738412989797,induced
GSE60569,0.005346289222599838,-0.033518802358762166,induced
GSE96541,0.005346232451994497,-0.033534121976208246,induced
GSE59129,0.005346178587649123,-0.03354865748623755,populations
GSE98356,0.0053461539887823895,-0.03355529563797738,induced
GSE70022,0.005345771802757534,-0.03365843475318278,induced
GSE40468,0.005345745872860949,-0.033665432624644887,induced
GSE74672,0.0053456386507632625,-0.033694369716612646,induced
GSE62826,0.0053456380425231965,-0.033694533870053264,populations
GSE94566,0.005345550524773154,-0.03371815358701623,induced
GSE73532,0.00534551382227925,-0.03372805915005927,populations
GSE70028,0.005345477880959672,-0.03373775934718942,induced
GSE98816,0.005345328005918881,-0.03377820980160867,populations
GSE87837,0.0053450540671562945,-0.033852147307616466,induced
GSE72833,0.00534496458222918,-0.0338763005789662,populations
GSE108478,0.005344923571278413,-0.033887370160695006,induced
GSE107389,0.005344887039098755,-0.03389723091433166,induced
GSE82229,0.005344883734355393,-0.033898122932871796,induced
GSE122331,0.005344856795809762,-0.03390539422371015,populations
GSE41287,0.005344692054913718,-0.0339498621198004,induced
GSE100067,0.00534462329042252,-0.03396842386809522,induced
GSE77303,0.005344533203720131,-0.03399274152849453,induced
GSE66817,0.005344433662063271,-0.034019611899882306,diabetic
GSE63794,0.005344337101181561,-0.03404567811615297,induced
GSE58261,0.005344273794565207,-0.034062767734693924,nerve
GSE65498,0.005344119927551671,-0.03410430497278054,populations
GSE80436,0.005344104114475543,-0.034108573866550175,induced
GSE41090,0.005344026287257512,-0.03412958426542854,populations
GSE89960,0.005343992487770105,-0.034138708941178715,induced
GSE49109,0.005343974632098885,-0.03414352936924171,induced
GSE69616,0.005343863370703595,-0.034173566550417395,induced
GSE34274,0.005343764785865973,-0.034200181970464795,induced
GSE86235,0.005343727268525648,-0.03421031083522706,induced
GSE98262,0.005343696940358688,-0.03421849883173928,induced
GSE80804,0.005343646625296258,-0.034232082991470694,induced
GSE79086,0.005343516783071442,-0.034267138642196895,induced
GSE53782,0.00534343365285634,-0.034289583127140866,induced
GSE73697,0.0053433799370897934,-0.034304086134864055,induced
GSE99774,0.005343304852365721,-0.034324358906299146,induced
GSE106083,0.0053432175355651495,-0.034347934679707905,induced
GSE100608,0.0053430384339645896,-0.034396293804120424,hamp1
GSE88982,0.005343021543562167,-0.03440085445600978,populations
GSE93554,0.00534297602254462,-0.03441314585807434,induced
GSE54133,0.005342969747584798,-0.03441484020569898,induced
GSE79409,0.005342690479974833,-0.03449024930302926,induced
GSE100464,0.005342682097015143,-0.03449251296848141,induced
GSE77304,0.005342647197829137,-0.034501936895661105,induced
GSE89817,0.005342552738357155,-0.03452744436629514,induced
GSE103390,0.005342448555829673,-0.03455557793626176,induced
GSE102415,0.005342333939985795,-0.03458652956483069,induced
GSE101826,0.005342315274873128,-0.0345915700794871,induced
GSE84447,0.005342312253320412,-0.034592386051613105,populations
GSE66686,0.005342047998516289,-0.03466375000537935,induced
GSE65072,0.005342036134443744,-0.034666954068247324,induced
GSE86573,0.0053420296108993666,-0.034668715847956784,populations
GSE78966,0.005341962891154084,-0.034686734626167615,diabetic
GSE81686,0.0053417163910229664,-0.03475330804294892,populations
GSE62001,0.005341621332301476,-0.034778981807018224,fip1
GSE83720,0.005341487370368498,-0.03481516345072596,induced
GSE77793,0.005341411028528956,-0.03483578294727253,induced
GSE83474,0.005341401540552766,-0.03483834561625308,populations
GSE120161,0.005341339089166859,-0.034855213629409514,populations
GSE85936,0.005341288185775076,-0.034868962694878165,induced
GSE80425,0.005341166610810257,-0.034901800764814014,induced
GSE74065,0.005341082554356695,-0.034924505314546286,induced
GSE89660,0.0053410027673793,-0.03494605696352695,induced
GSE77893,0.005340992460092744,-0.034948841138371066,populations
GSE79702,0.005340909037061269,-0.03497137532740846,induced
GSE82005,0.0053408619633606765,-0.034984091008057,populations
GSE65164,0.005340769316274188,-0.03500911742747454,induced
GSE96957,0.005340680343771245,-0.03503315165370011,induced
GSE64391,0.0053404955269150504,-0.03508307768528317,glm
GSE97184,0.005340455462293994,-0.03509390088448548,induced
GSE76017,0.005340386394541794,-0.03511255928331225,populations
GSE80669,0.005340152705254442,-0.03517569137297105,induced
GSE66366,0.005340144659157807,-0.03517786510715041,induced
GSE84919,0.005340122784874626,-0.03518377468198702,induced
GSE92275,0.0053400527628024545,-0.03520269206697291,induced
GSE94653,0.005340006091322753,-0.035215301119645145,induced
GSE91387,0.005339977463971808,-0.03522303531455812,populations
GSE71304,0.0053397179220134395,-0.035293157145337324,populations
GSE74890,0.005339491011449258,-0.0353544655714124,induced
GSE35857,0.0053394852526764585,-0.03535602155444952,induced
GSE100532,0.005339462540279673,-0.03536215831302241,induced
GSE108106,0.005339423247000166,-0.03537277519208898,induced
GSE82230,0.0053394180387541035,-0.03537418244416171,induced
GSE65267,0.005339283265035962,-0.035410598365776716,induced
GSE52619,0.005338943435956648,-0.03550242442292462,induced
GSE53599,0.00533890457880753,-0.035512924481786445,induced
GSE58089,0.005338896238588761,-0.03551517820284072,induced
GSE68360,0.005338849618688046,-0.035527776048953144,induced
GSE59698,0.005338842858198883,-0.035529602908868786,populations
GSE77967,0.005338765831911396,-0.035550417577434185,populations
GSE70413,0.0053387394473906535,-0.03555754748582319,induced
GSE29446,0.005338727436703575,-0.035560793154271214,induced
GSE97461,0.005338591969928724,-0.035597401077449284,populations
GSE74920,0.005338564267213273,-0.03560488744728664,populations
GSE75946,0.005338563956781368,-0.03560497133849047,induced
GSE56690,0.00533854310915821,-0.035610605217097926,populations
GSE38741,0.005338415757901673,-0.03564502120175299,populations
GSE77472,0.005338382696208451,-0.03565395607882482,induced
GSE102317,0.00533821347277022,-0.035699689346487026,induced
GSE56636,0.00533820357534886,-0.035702364206535935,induced
GSE69869,0.005338137319848066,-0.035720270431780436,induced
GSE83350,0.005338008196378691,-0.035755168005751514,induced
GSE47735,0.00533789824114223,-0.03578488573984672,induced
GSE53001,0.00533787069948951,-0.03579232955134496,induced
GSE67052,0.005337696870317879,-0.035839312062065226,populations
GSE72494,0.005337634518169157,-0.03585616496011171,populations
GSE87113,0.005337578818419349,-0.035871219975930776,induced
GSE63418,0.0053375598237868525,-0.03587635404735123,induced
GSE85763,0.005337526284897764,-0.035885419339841185,induced
GSE76504,0.005337363462163796,-0.03592942982733537,induced
GSE75767,0.005337361724667108,-0.03592989947462116,populations
GSE47124,0.005337181166284858,-0.03597870543949464,undifferentiated
GSE94482,0.005337174895645751,-0.035980400458827,populations
GSE104236,0.005337118259578092,-0.03599570987046864,induced
GSE86909,0.005337111701754477,-0.03599748253971836,diabetic
GSE100098,0.005337070188757341,-0.036008704120110195,induced
GSE98133,0.0053369868635108845,-0.03603122843663902,induced
GSE54549,0.00533696098800676,-0.036038223123515956,induced
GSE80976,0.0053369213956073035,-0.03604892583810459,induced
GSE93827,0.005336893351630678,-0.03605650680272929,induced
GSE76205,0.005336892446803603,-0.036056751400018155,induced
GSE65617,0.005336891896107894,-0.03605690026680095,populations
GSE102455,0.0053368884218002385,-0.036057839459153904,populations
GSE98906,0.005336851255311796,-0.036067886529849866,induced
GSE81237,0.005336747768564474,-0.03609586206403088,induced
GSE42852,0.005336722363870011,-0.036102729788634644,induced
GSE72737,0.005336707035016539,-0.03610687369778705,populations
GSE82043,0.005336676672605879,-0.03611508172262491,induced
GSE87375,0.005336658975158442,-0.03611986598510786,populations
GSE89734,0.0053365311261637845,-0.03615442868076553,populations
GSE60114,0.005336529880394789,-0.03615476546601415,induced
GSE96684,0.0053365031848948506,-0.03616198243332589,populations
GSE77534,0.005336447720506354,-0.03617697701147784,induced
GSE106120,0.005336444975377953,-0.03617771915013566,induced
GSE58332,0.005336358605961436,-0.0362010691027413,induced
GSE53789,0.0053363367899320795,-0.03620696712122619,populations
GSE76279,0.005336278742724868,-0.03622266044733288,populations
GSE73289,0.00533626045727119,-0.0362276040381403,induced
GSE35833,0.005336218499960096,-0.03623894753291556,induced
GSE85648,0.005335981394967227,-0.03630305244114556,induced
GSE71491,0.005335978805690733,-0.036303752506791846,induced
GSE64735,0.005335978121105066,-0.03630393759905811,induced
GSE89621,0.00533591079838969,-0.036322139840169444,induced
GSE47835,0.005335833715483642,-0.03634298125483246,populations
GSE42605,0.00533581033256272,-0.0363493035091923,induced
GSE94054,0.0053357811298363,-0.03635719935654284,populations
GSE72921,0.005335761162994917,-0.03636259802568658,induced
GSE64779,0.005335747470894667,-0.0363663001311352,induced
GSE102204,0.005335614535697857,-0.03640224398705328,populations
GSE73336,0.005335596915223141,-0.03640700838922222,induced
GSE53913,0.005335595410153298,-0.036407415345958295,populations
GSE60520,0.005335559300481629,-0.036417179096116054,induced
GSE76215,0.005335541049920709,-0.03642211391874308,induced
GSE93820,0.005335395404240798,-0.03646149608563184,populations
GSE49027,0.005335361476308263,-0.03647067025398059,induced
GSE104305,0.005335244369385537,-0.03650233660528632,induced
GSE31839,0.005335077128789911,-0.03654756058059142,induced
GSE81741,0.00533495901678936,-0.036579500415685785,induced
GSE38907,0.005334908200344125,-0.03659324241116611,induced
GSE29752,0.0053348934262255595,-0.03659723771460928,populations
GSE71698,0.005334876703340269,-0.03660176002828327,induced
GSE61095,0.005334757749148875,-0.03663392881959267,induced
GSE79790,0.0053347351319919,-0.0366400452602839,induced
GSE98700,0.0053346759206121756,-0.036656058133622924,populations
GSE40463,0.0053346695785784016,-0.03665777325676249,populations
GSE101624,0.0053346406476628356,-0.0366655972842827,induced
GSE56127,0.005334571194627681,-0.036684380217994174,induced
GSE89733,0.005334548707395877,-0.03669046173513981,induced
GSE101623,0.005334447218063921,-0.03671790914573839,induced
GSE45319,0.005334418810745786,-0.03672559189231857,induced
GSE67790,0.00533438787057332,-0.03673395969477558,induced
GSE85646,0.005334375341297492,-0.03673734826451793,induced
GSE73272,0.00533433567195366,-0.036748076976833716,induced
GSE74720,0.005334170194667573,-0.03679283174624978,populations
GSE67113,0.0053341467828380475,-0.036799163791018615,induced
GSE82255,0.0053341236995307125,-0.03680540700974361,undifferentiated
GSE78082,0.005334117334687421,-0.03680712847963217,populations
GSE98760,0.005334089067743295,-0.03681477373480904,populations
GSE100212,0.005334058090266522,-0.03682315214419121,induced
GSE62424,0.005333866806410606,-0.03687488934201241,pain
GSE68949,0.0053338395913718785,-0.03688225043725562,induced
GSE101900,0.005333773731049319,-0.036900064423922956,pain
GSE81940,0.005333763251567457,-0.03690289894824445,populations
GSE95138,0.005333650004564672,-0.03693353072098947,populations
GSE97054,0.0053335882620478255,-0.03695023150532394,populations
GSE104478,0.0053335276419357635,-0.03696662887755425,populations
GSE87647,0.005333427042018837,-0.03699384095552175,populations
GSE106365,0.005333239887916483,-0.03704446713465504,induced
GSE71924,0.005333234180413366,-0.03704601107249088,induced
GSE97234,0.005333211428596116,-0.03705216568764945,induced
GSE80032,0.0053331097290812085,-0.03707967683861774,induced
GSE64027,0.005333028437150145,-0.037101667828043174,induced
GSE97914,0.005333019525856268,-0.03710407852027498,induced
GSE64403,0.005332962956635682,-0.037119381776986926,induced
GSE53915,0.0053329285628880676,-0.03712868614484602,populations
GSE67834,0.005332842423837753,-0.03715198917298578,induced
GSE70016,0.005332827138465735,-0.03715612433398629,populations
GSE79137,0.005332804511458037,-0.03716224565391677,populations
GSE85772,0.005332794355151932,-0.03716499326380444,populations
GSE74683,0.005332789966562697,-0.03716618052101128,elp3
GSE63204,0.005332674597859787,-0.037197391886360495,induced
GSE98650,0.005332369549556458,-0.037279921629037746,populations
GSE61117,0.005332286512810056,-0.037302387745440806,induced
GSE93167,0.005332242257125104,-0.03731436154355015,induced
GSE64138,0.0053322141970949125,-0.03732195350411162,populations
GSE79519,0.005332165129156751,-0.037335229489311846,induced
GSE88829,0.005332085369558531,-0.03735680977323943,induced
GSE75219,0.0053320647318211385,-0.037362393708406876,populations
GSE87800,0.005332063069537566,-0.03736284347200878,populations
GSE92272,0.0053319244991806335,-0.03740033690783361,induced
GSE68242,0.00533180556908762,-0.03743251699009604,populations
GSE105051,0.00533167705850769,-0.0374672901655867,induced
GSE100634,0.005331554703821317,-0.0375003984207954,induced
GSE86073,0.005331546397538007,-0.03750264606594561,populations
GSE78184,0.00533145080098862,-0.03752851434015847,induced
GSE69913,0.005331185674530718,-0.03760025956508109,induced
GSE84137,0.005330974712886694,-0.03765734993075417,induced
GSE67541,0.00533088414648005,-0.03768185967290386,induced
GSE57500,0.005330759977942758,-0.03771546374576599,induced
GSE57272,0.005330734626621423,-0.03772232473982472,populations
GSE87219,0.005330723027785602,-0.037725463819575776,induced
GSE80972,0.00533071289388109,-0.03772820643959253,induced
GSE83144,0.005330596989803938,-0.03775957486226424,diabetic
GSE97762,0.005330094554976324,-0.03789556233205658,induced
GSE89848,0.00532978848314023,-0.0379784090797425,populations
GSE81079,0.005329654266856016,-0.03801473990344384,induced
GSE41317,0.005329599392327384,-0.03802959407857859,induced
GSE100601,0.005329506713439129,-0.038054681993297944,populations
GSE71916,0.005328985814865858,-0.038195695891289204,induced
GSE93824,0.005328858662823327,-0.03823011966648885,populations
GSE109165,0.005328771289440695,-0.03825377467166303,analgesics
GSE87366,0.005327659886686334,-0.038554703795392914,populations
GSE94920,0.005327595772301158,-0.03857206565108261,populations
GSE75667,0.005325966589599262,-0.03901331032459291,induced
GSE78105,0.005311722125929187,-0.04287701228641965,
GSE79551,0.005311722125929187,-0.04287701228641965,
GSE80378,0.005311722125929187,-0.04287701228641965,
GSE79436,0.005311722125929187,-0.04287701228641965,
GSE79561,0.005311722125929187,-0.04287701228641965,
GSE80102,0.005311722125929187,-0.04287701228641965,
GSE80206,0.005311722125929187,-0.04287701228641965,
GSE83483,0.005311722125929187,-0.04287701228641965,
GSE79602,0.005311722125929187,-0.04287701228641965,
GSE83506,0.005311722125929187,-0.04287701228641965,
GSE81283,0.005311722125929187,-0.04287701228641965,
GSE80087,0.005311722125929187,-0.04287701228641965,
GSE83467,0.005311722125929187,-0.04287701228641965,
GSE79457,0.005311722125929187,-0.04287701228641965,
GSE83948,0.005311722125929187,-0.04287701228641965,
GSE78084,0.005311722125929187,-0.04287701228641965,
GSE81275,0.005311722125929187,-0.04287701228641965,
GSE79632,0.005311722125929187,-0.04287701228641965,
GSE81149,0.005311722125929187,-0.04287701228641965,
GSE83471,0.005311722125929187,-0.04287701228641965,
GSE79443,0.005311722125929187,-0.04287701228641965,
GSE80083,0.005311722125929187,-0.04287701228641965,
GSE79452,0.005311722125929187,-0.04287701228641965,
GSE80101,0.005311722125929187,-0.04287701228641965,
GSE83373,0.005311722125929187,-0.04287701228641965,
GSE83963,0.005311722125929187,-0.04287701228641965,
GSE83368,0.005311722125929187,-0.04287701228641965,
GSE81103,0.005311722125929187,-0.04287701228641965,
GSE80187,0.005311722125929187,-0.04287701228641965,
GSE83358,0.005311722125929187,-0.04287701228641965,
GSE80222,0.005311722125929187,-0.04287701228641965,
GSE83961,0.005311722125929187,-0.04287701228641965,
GSE83734,0.005311722125929187,-0.04287701228641965,
GSE83848,0.005311722125929187,-0.04287701228641965,
GSE80155,0.005311722125929187,-0.04287701228641965,
GSE79510,0.005311722125929187,-0.04287701228641965,
GSE83688,0.005311722125929187,-0.04287701228641965,
GSE81140,0.005311722125929187,-0.04287701228641965,
GSE83684,0.005311722125929187,-0.04287701228641965,
GSE80312,0.005311722125929187,-0.04287701228641965,
GSE81212,0.005311722125929187,-0.04287701228641965,
GSE77857,0.005311722125929187,-0.04287701228641965,
GSE79525,0.005311722125929187,-0.04287701228641965,
GSE79535,0.005311722125929187,-0.04287701228641965,
GSE77862,0.005311722125929187,-0.04287701228641965,
GSE79543,0.005311722125929187,-0.04287701228641965,
GSE80326,0.005311722125929187,-0.04287701228641965,
GSE83651,0.005311722125929187,-0.04287701228641965,
GSE80122,0.005311722125929187,-0.04287701228641965,
GSE80162,0.005311722125929187,-0.04287701228641965,
GSE83762,0.005311722125929187,-0.04287701228641965,
GSE80268,0.005311722125929187,-0.04287701228641965,
GSE83760,0.005311722125929187,-0.04287701228641965,
GSE77795,0.005311722125929187,-0.04287701228641965,
GSE83755,0.005311722125929187,-0.04287701228641965,
GSE83795,0.005311722125929187,-0.04287701228641965,
GSE83796,0.005311722125929187,-0.04287701228641965,
GSE77798,0.005311722125929187,-0.04287701228641965,
GSE80128,0.005311722125929187,-0.04287701228641965,
GSE83809,0.005311722125929187,-0.04287701228641965,
GSE77846,0.005311722125929187,-0.04287701228641965,
GSE81191,0.005311722125929187,-0.04287701228641965,
GSE77847,0.005311722125929187,-0.04287701228641965,
GSE83736,0.005311722125929187,-0.04287701228641965,
GSE80304,0.005311722125929187,-0.04287701228641965,
GSE83823,0.005311722125929187,-0.04287701228641965,
GSE81193,0.005311722125929187,-0.04287701228641965,
GSE77801,0.005311722125929187,-0.04287701228641965,
GSE77941,0.005311722125929187,-0.04287701228641965,
GSE83550,0.005311722125929187,-0.04287701228641965,
GSE83541,0.005311722125929187,-0.04287701228641965,
GSE80113,0.005311722125929187,-0.04287701228641965,
GSE80353,0.005311722125929187,-0.04287701228641965,
GSE80375,0.005311722125929187,-0.04287701228641965,
GSE83931,0.005311722125929187,-0.04287701228641965,
GSE81230,0.005311722125929187,-0.04287701228641965,
GSE80121,0.005311722125929187,-0.04287701228641965,
GSE77997,0.005311722125929187,-0.04287701228641965,
GSE78056,0.005311722125929187,-0.04287701228641965,
GSE79600,0.005311722125929187,-0.04287701228641965,
GSE83940,0.005311722125929187,-0.04287701228641965,
GSE81257,0.005311722125929187,-0.04287701228641965,
GSE80232,0.005311722125929187,-0.04287701228641965,
GSE79484,0.005311722125929187,-0.04287701228641965,
GSE83529,0.005311722125929187,-0.04287701228641965,
GSE81251,0.005311722125929187,-0.04287701228641965,
GSE79580,0.005311722125929187,-0.04287701228641965,
GSE83873,0.005311722125929187,-0.04287701228641965,
GSE80120,0.005311722125929187,-0.04287701228641965,
GSE77885,0.005311722125929187,-0.04287701228641965,
GSE77891,0.005311722125929187,-0.04287701228641965,
GSE77892,0.005311722125929187,-0.04287701228641965,
GSE81117,0.005311722125929187,-0.04287701228641965,
GSE81197,0.005311722125929187,-0.04287701228641965,
GSE81115,0.005311722125929187,-0.04287701228641965,
GSE83876,0.005311722125929187,-0.04287701228641965,
GSE83624,0.005311722125929187,-0.04287701228641965,
GSE83580,0.005311722125929187,-0.04287701228641965,
GSE83885,0.005311722125929187,-0.04287701228641965,
GSE77894,0.005311722125929187,-0.04287701228641965,
GSE77896,0.005311722125929187,-0.04287701228641965,
GSE83567,0.005311722125929187,-0.04287701228641965,
GSE83552,0.005311722125929187,-0.04287701228641965,
GSE79487,0.005311722125929187,-0.04287701228641965,
GSE80682,0.005311722125929187,-0.04287701228641965,
GSE82014,0.005311722125929187,-0.04287701228641965,
GSE82013,0.005311722125929187,-0.04287701228641965,
GSE81055,0.005311722125929187,-0.04287701228641965,
GSE82008,0.005311722125929187,-0.04287701228641965,
GSE78849,0.005311722125929187,-0.04287701228641965,
GSE81530,0.005311722125929187,-0.04287701228641965,
GSE79903,0.005311722125929187,-0.04287701228641965,
GSE81555,0.005311722125929187,-0.04287701228641965,
GSE78902,0.005311722125929187,-0.04287701228641965,
GSE83978,0.005311722125929187,-0.04287701228641965,
GSE82002,0.005311722125929187,-0.04287701228641965,
GSE78905,0.005311722125929187,-0.04287701228641965,
GSE82000,0.005311722125929187,-0.04287701228641965,
GSE81999,0.005311722125929187,-0.04287701228641965,
GSE81990,0.005311722125929187,-0.04287701228641965,
GSE80707,0.005311722125929187,-0.04287701228641965,
GSE79898,0.005311722125929187,-0.04287701228641965,
GSE80776,0.005311722125929187,-0.04287701228641965,
GSE78948,0.005311722125929187,-0.04287701228641965,
GSE81575,0.005311722125929187,-0.04287701228641965,
GSE79260,0.005311722125929187,-0.04287701228641965,
GSE79902,0.005311722125929187,-0.04287701228641965,
GSE82180,0.005311722125929187,-0.04287701228641965,
GSE81476,0.005311722125929187,-0.04287701228641965,
GSE78728,0.005311722125929187,-0.04287701228641965,
GSE81489,0.005311722125929187,-0.04287701228641965,
GSE79937,0.005311722125929187,-0.04287701228641965,
GSE82158,0.005311722125929187,-0.04287701228641965,
GSE82157,0.005311722125929187,-0.04287701228641965,
GSE78730,0.005311722125929187,-0.04287701228641965,
GSE81082,0.005311722125929187,-0.04287701228641965,
GSE78752,0.005311722125929187,-0.04287701228641965,
GSE82144,0.005311722125929187,-0.04287701228641965,
GSE82031,0.005311722125929187,-0.04287701228641965,
GSE82099,0.005311722125929187,-0.04287701228641965,
GSE82076,0.005311722125929187,-0.04287701228641965,
GSE82073,0.005311722125929187,-0.04287701228641965,
GSE82072,0.005311722125929187,-0.04287701228641965,
GSE82068,0.005311722125929187,-0.04287701228641965,
GSE80671,0.005311722125929187,-0.04287701228641965,
GSE78772,0.005311722125929187,-0.04287701228641965,
GSE80678,0.005311722125929187,-0.04287701228641965,
GSE81066,0.005311722125929187,-0.04287701228641965,
GSE79929,0.005311722125929187,-0.04287701228641965,
GSE78816,0.005311722125929187,-0.04287701228641965,
GSE78760,0.005311722125929187,-0.04287701228641965,
GSE79014,0.005311722125929187,-0.04287701228641965,
GSE79018,0.005311722125929187,-0.04287701228641965,
GSE79020,0.005311722125929187,-0.04287701228641965,
GSE79174,0.005311722125929187,-0.04287701228641965,
GSE79812,0.005311722125929187,-0.04287701228641965,
GSE79028,0.005311722125929187,-0.04287701228641965,
GSE79035,0.005311722125929187,-0.04287701228641965,
GSE81716,0.005311722125929187,-0.04287701228641965,
GSE79039,0.005311722125929187,-0.04287701228641965,
GSE81803,0.005311722125929187,-0.04287701228641965,
GSE81789,0.005311722125929187,-0.04287701228641965,
GSE79883,0.005311722125929187,-0.04287701228641965,
GSE80960,0.005311722125929187,-0.04287701228641965,
GSE81724,0.005311722125929187,-0.04287701228641965,
GSE79087,0.005311722125929187,-0.04287701228641965,
GSE79095,0.005311722125929187,-0.04287701228641965,
GSE79105,0.005311722125929187,-0.04287701228641965,
GSE79108,0.005311722125929187,-0.04287701228641965,
GSE79758,0.005311722125929187,-0.04287701228641965,
GSE80964,0.005311722125929187,-0.04287701228641965,
GSE79756,0.005311722125929187,-0.04287701228641965,
GSE79124,0.005311722125929187,-0.04287701228641965,
GSE81783,0.005311722125929187,-0.04287701228641965,
GSE79061,0.005311722125929187,-0.04287701228641965,
GSE81904,0.005311722125929187,-0.04287701228641965,
GSE79863,0.005311722125929187,-0.04287701228641965,
GSE80810,0.005311722125929187,-0.04287701228641965,
GSE79244,0.005311722125929187,-0.04287701228641965,
GSE79199,0.005311722125929187,-0.04287701228641965,
GSE81903,0.005311722125929187,-0.04287701228641965,
GSE78962,0.005311722125929187,-0.04287701228641965,
GSE81902,0.005311722125929187,-0.04287701228641965,
GSE79848,0.005311722125929187,-0.04287701228641965,
GSE79824,0.005311722125929187,-0.04287701228641965,
GSE81885,0.005311722125929187,-0.04287701228641965,
GSE79180,0.005311722125929187,-0.04287701228641965,
GSE81882,0.005311722125929187,-0.04287701228641965,
GSE81670,0.005311722125929187,-0.04287701228641965,
GSE79818,0.005311722125929187,-0.04287701228641965,
GSE81875,0.005311722125929187,-0.04287701228641965,
GSE78965,0.005311722125929187,-0.04287701228641965,
GSE79723,0.005311722125929187,-0.04287701228641965,
GSE79739,0.005311722125929187,-0.04287701228641965,
GSE81017,0.005311722125929187,-0.04287701228641965,
GSE78996,0.005311722125929187,-0.04287701228641965,
GSE79013,0.005311722125929187,-0.04287701228641965,
GSE81836,0.005311722125929187,-0.04287701228641965,
GSE80812,0.005311722125929187,-0.04287701228641965,
GSE81329,0.005311722125929187,-0.04287701228641965,
GSE78156,0.005311722125929187,-0.04287701228641965,
GSE81357,0.005311722125929187,-0.04287701228641965,
GSE78183,0.005311722125929187,-0.04287701228641965,
GSE78209,0.005311722125929187,-0.04287701228641965,
GSE80465,0.005311722125929187,-0.04287701228641965,
GSE78224,0.005311722125929187,-0.04287701228641965,
GSE78228,0.005311722125929187,-0.04287701228641965,
GSE83226,0.005311722125929187,-0.04287701228641965,
GSE81097,0.005311722125929187,-0.04287701228641965,
GSE80623,0.005311722125929187,-0.04287701228641965,
GSE81380,0.005311722125929187,-0.04287701228641965,
GSE79410,0.005311722125929187,-0.04287701228641965,
GSE79661,0.005311722125929187,-0.04287701228641965,
GSE78240,0.005311722125929187,-0.04287701228641965,
GSE79996,0.005311722125929187,-0.04287701228641965,
GSE81384,0.005311722125929187,-0.04287701228641965,
GSE78241,0.005311722125929187,-0.04287701228641965,
GSE80473,0.005311722125929187,-0.04287701228641965,
GSE83218,0.005311722125929187,-0.04287701228641965,
GSE78247,0.005311722125929187,-0.04287701228641965,
GSE79408,0.005311722125929187,-0.04287701228641965,
GSE81367,0.005311722125929187,-0.04287701228641965,
GSE83356,0.005311722125929187,-0.04287701228641965,
GSE79423,0.005311722125929187,-0.04287701228641965,
GSE83351,0.005311722125929187,-0.04287701228641965,
GSE78130,0.005311722125929187,-0.04287701228641965,
GSE83340,0.005311722125929187,-0.04287701228641965,
GSE81286,0.005311722125929187,-0.04287701228641965,
GSE79633,0.005311722125929187,-0.04287701228641965,
GSE83338,0.005311722125929187,-0.04287701228641965,
GSE83332,0.005311722125929187,-0.04287701228641965,
GSE80433,0.005311722125929187,-0.04287701228641965,
GSE83312,0.005311722125929187,-0.04287701228641965,
GSE81316,0.005311722125929187,-0.04287701228641965,
GSE83295,0.005311722125929187,-0.04287701228641965,
GSE78143,0.005311722125929187,-0.04287701228641965,
GSE83265,0.005311722125929187,-0.04287701228641965,
GSE83264,0.005311722125929187,-0.04287701228641965,
GSE78146,0.005311722125929187,-0.04287701228641965,
GSE80036,0.005311722125929187,-0.04287701228641965,
GSE80444,0.005311722125929187,-0.04287701228641965,
GSE83243,0.005311722125929187,-0.04287701228641965,
GSE83240,0.005311722125929187,-0.04287701228641965,
GSE80446,0.005311722125929187,-0.04287701228641965,
GSE83229,0.005311722125929187,-0.04287701228641965,
GSE81311,0.005311722125929187,-0.04287701228641965,
GSE78505,0.005311722125929187,-0.04287701228641965,
GSE82294,0.005311722125929187,-0.04287701228641965,
GSE80588,0.005311722125929187,-0.04287701228641965,
GSE82282,0.005311722125929187,-0.04287701228641965,
GSE82275,0.005311722125929187,-0.04287701228641965,
GSE79685,0.005311722125929187,-0.04287701228641965,
GSE78510,0.005311722125929187,-0.04287701228641965,
GSE79975,0.005311722125929187,-0.04287701228641965,
GSE81466,0.005311722125929187,-0.04287701228641965,
GSE79696,0.005311722125929187,-0.04287701228641965,
GSE79363,0.005311722125929187,-0.04287701228641965,
GSE78270,0.005311722125929187,-0.04287701228641965,
GSE81467,0.005311722125929187,-0.04287701228641965,
GSE78514,0.005311722125929187,-0.04287701228641965,
GSE81470,0.005311722125929187,-0.04287701228641965,
GSE79941,0.005311722125929187,-0.04287701228641965,
GSE82210,0.005311722125929187,-0.04287701228641965,
GSE82192,0.005311722125929187,-0.04287701228641965,
GSE82187,0.005311722125929187,-0.04287701228641965,
GSE82185,0.005311722125929187,-0.04287701228641965,
GSE78701,0.005311722125929187,-0.04287701228641965,
GSE78706,0.005311722125929187,-0.04287701228641965,
GSE79698,0.005311722125929187,-0.04287701228641965,
GSE79951,0.005311722125929187,-0.04287701228641965,
GSE78272,0.005311722125929187,-0.04287701228641965,
GSE80503,0.005311722125929187,-0.04287701228641965,
GSE83217,0.005311722125929187,-0.04287701228641965,
GSE83204,0.005311722125929187,-0.04287701228641965,
GSE78273,0.005311722125929187,-0.04287701228641965,
GSE83153,0.005311722125929187,-0.04287701228641965,
GSE79993,0.005311722125929187,-0.04287701228641965,
GSE83145,0.005311722125929187,-0.04287701228641965,
GSE79403,0.005311722125929187,-0.04287701228641965,
GSE80561,0.005311722125929187,-0.04287701228641965,
GSE78274,0.005311722125929187,-0.04287701228641965,
GSE82300,0.005311722125929187,-0.04287701228641965,
GSE79374,0.005311722125929187,-0.04287701228641965,
GSE81411,0.005311722125929187,-0.04287701228641965,
GSE81421,0.005311722125929187,-0.04287701228641965,
GSE81424,0.005311722125929187,-0.04287701228641965,
GSE81432,0.005311722125929187,-0.04287701228641965,
GSE83127,0.005311722125929187,-0.04287701228641965,
GSE83114,0.005311722125929187,-0.04287701228641965,
GSE83099,0.005311722125929187,-0.04287701228641965,
GSE83084,0.005311722125929187,-0.04287701228641965,
GSE78499,0.005311722125929187,-0.04287701228641965,
GSE81441,0.005311722125929187,-0.04287701228641965,
GSE78497,0.005311722125929187,-0.04287701228641965,
GSE94641,0.005311722125929187,-0.04287701228641965,
GSE94659,0.005311722125929187,-0.04287701228641965,
GSE94661,0.005311722125929187,-0.04287701228641965,
GSE94671,0.005311722125929187,-0.04287701228641965,
GSE94673,0.005311722125929187,-0.04287701228641965,
GSE94685,0.005311722125929187,-0.04287701228641965,
GSE94749,0.005311722125929187,-0.04287701228641965,
GSE94761,0.005311722125929187,-0.04287701228641965,
GSE94768,0.005311722125929187,-0.04287701228641965,
GSE94774,0.005311722125929187,-0.04287701228641965,
GSE88700,0.005311722125929187,-0.04287701228641965,
GSE94791,0.005311722125929187,-0.04287701228641965,
GSE94802,0.005311722125929187,-0.04287701228641965,
GSE94813,0.005311722125929187,-0.04287701228641965,
GSE94814,0.005311722125929187,-0.04287701228641965,
GSE94821,0.005311722125929187,-0.04287701228641965,
GSE94839,0.005311722125929187,-0.04287701228641965,
GSE94840,0.005311722125929187,-0.04287701228641965,
GSE94857,0.005311722125929187,-0.04287701228641965,
GSE94939,0.005311722125929187,-0.04287701228641965,
GSE94965,0.005311722125929187,-0.04287701228641965,
GSE94778,0.005311722125929187,-0.04287701228641965,
GSE94271,0.005311722125929187,-0.04287701228641965,
GSE94297,0.005311722125929187,-0.04287701228641965,
GSE94306,0.005311722125929187,-0.04287701228641965,
GSE94333,0.005311722125929187,-0.04287701228641965,
GSE94373,0.005311722125929187,-0.04287701228641965,
GSE94383,0.005311722125929187,-0.04287701228641965,
GSE94387,0.005311722125929187,-0.04287701228641965,
GSE94388,0.005311722125929187,-0.04287701228641965,
GSE94413,0.005311722125929187,-0.04287701228641965,
GSE94525,0.005311722125929187,-0.04287701228641965,
GSE94626,0.005311722125929187,-0.04287701228641965,
GSE94543,0.005311722125929187,-0.04287701228641965,
GSE94546,0.005311722125929187,-0.04287701228641965,
GSE94554,0.005311722125929187,-0.04287701228641965,
GSE94559,0.005311722125929187,-0.04287701228641965,
GSE94560,0.005311722125929187,-0.04287701228641965,
GSE94581,0.005311722125929187,-0.04287701228641965,
GSE94583,0.005311722125929187,-0.04287701228641965,
GSE94595,0.005311722125929187,-0.04287701228641965,
GSE94597,0.005311722125929187,-0.04287701228641965,
GSE94602,0.005311722125929187,-0.04287701228641965,
GSE94534,0.005311722125929187,-0.04287701228641965,
GSE95434,0.005311722125929187,-0.04287701228641965,
GSE95436,0.005311722125929187,-0.04287701228641965,
GSE95445,0.005311722125929187,-0.04287701228641965,
GSE95448,0.005311722125929187,-0.04287701228641965,
GSE95478,0.005311722125929187,-0.04287701228641965,
GSE95487,0.005311722125929187,-0.04287701228641965,
GSE95519,0.005311722125929187,-0.04287701228641965,
GSE95533,0.005311722125929187,-0.04287701228641965,
GSE95583,0.005311722125929187,-0.04287701228641965,
GSE95602,0.005311722125929187,-0.04287701228641965,
GSE94967,0.005311722125929187,-0.04287701228641965,
GSE95649,0.005311722125929187,-0.04287701228641965,
GSE95661,0.005311722125929187,-0.04287701228641965,
GSE95663,0.005311722125929187,-0.04287701228641965,
GSE95672,0.005311722125929187,-0.04287701228641965,
GSE95682,0.005311722125929187,-0.04287701228641965,
GSE95685,0.005311722125929187,-0.04287701228641965,
GSE95688,0.005311722125929187,-0.04287701228641965,
GSE95701,0.005311722125929187,-0.04287701228641965,
GSE95712,0.005311722125929187,-0.04287701228641965,
GSE95739,0.005311722125929187,-0.04287701228641965,
GSE95629,0.005311722125929187,-0.04287701228641965,
GSE95002,0.005311722125929187,-0.04287701228641965,
GSE95008,0.005311722125929187,-0.04287701228641965,
GSE95016,0.005311722125929187,-0.04287701228641965,
GSE95052,0.005311722125929187,-0.04287701228641965,
GSE95053,0.005311722125929187,-0.04287701228641965,
GSE95056,0.005311722125929187,-0.04287701228641965,
GSE95102,0.005311722125929187,-0.04287701228641965,
GSE95105,0.005311722125929187,-0.04287701228641965,
GSE95108,0.005311722125929187,-0.04287701228641965,
GSE95111,0.005311722125929187,-0.04287701228641965,
GSE95432,0.005311722125929187,-0.04287701228641965,
GSE95156,0.005311722125929187,-0.04287701228641965,
GSE95182,0.005311722125929187,-0.04287701228641965,
GSE95224,0.005311722125929187,-0.04287701228641965,
GSE95251,0.005311722125929187,-0.04287701228641965,
GSE95257,0.005311722125929187,-0.04287701228641965,
GSE95260,0.005311722125929187,-0.04287701228641965,
GSE95315,0.005311722125929187,-0.04287701228641965,
GSE95337,0.005311722125929187,-0.04287701228641965,
GSE95401,0.005311722125929187,-0.04287701228641965,
GSE95424,0.005311722125929187,-0.04287701228641965,
GSE95428,0.005311722125929187,-0.04287701228641965,
GSE95141,0.005311722125929187,-0.04287701228641965,
GSE92751,0.005311722125929187,-0.04287701228641965,
GSE92762,0.005311722125929187,-0.04287701228641965,
GSE92770,0.005311722125929187,-0.04287701228641965,
GSE92844,0.005311722125929187,-0.04287701228641965,
GSE92870,0.005311722125929187,-0.04287701228641965,
GSE92891,0.005311722125929187,-0.04287701228641965,
GSE92949,0.005311722125929187,-0.04287701228641965,
GSE92965,0.005311722125929187,-0.04287701228641965,
GSE92999,0.005311722125929187,-0.04287701228641965,
GSE93006,0.005311722125929187,-0.04287701228641965,
GSE94264,0.005311722125929187,-0.04287701228641965,
GSE93017,0.005311722125929187,-0.04287701228641965,
GSE93031,0.005311722125929187,-0.04287701228641965,
GSE93061,0.005311722125929187,-0.04287701228641965,
GSE93085,0.005311722125929187,-0.04287701228641965,
GSE93127,0.005311722125929187,-0.04287701228641965,
GSE93131,0.005311722125929187,-0.04287701228641965,
GSE93132,0.005311722125929187,-0.04287701228641965,
GSE93154,0.005311722125929187,-0.04287701228641965,
GSE93202,0.005311722125929187,-0.04287701228641965,
GSE93230,0.005311722125929187,-0.04287701228641965,
GSE93007,0.005311722125929187,-0.04287701228641965,
GSE92301,0.005311722125929187,-0.04287701228641965,
GSE92304,0.005311722125929187,-0.04287701228641965,
GSE92317,0.005311722125929187,-0.04287701228641965,
GSE92323,0.005311722125929187,-0.04287701228641965,
GSE92332,0.005311722125929187,-0.04287701228641965,
GSE92364,0.005311722125929187,-0.04287701228641965,
GSE92376,0.005311722125929187,-0.04287701228641965,
GSE92377,0.005311722125929187,-0.04287701228641965,
GSE92457,0.005311722125929187,-0.04287701228641965,
GSE92486,0.005311722125929187,-0.04287701228641965,
GSE92721,0.005311722125929187,-0.04287701228641965,
GSE92539,0.005311722125929187,-0.04287701228641965,
GSE92562,0.005311722125929187,-0.04287701228641965,
GSE92589,0.005311722125929187,-0.04287701228641965,
GSE92605,0.005311722125929187,-0.04287701228641965,
GSE92620,0.005311722125929187,-0.04287701228641965,
GSE92641,0.005311722125929187,-0.04287701228641965,
GSE92650,0.005311722125929187,-0.04287701228641965,
GSE92699,0.005311722125929187,-0.04287701228641965,
GSE92704,0.005311722125929187,-0.04287701228641965,
GSE92707,0.005311722125929187,-0.04287701228641965,
GSE92522,0.005311722125929187,-0.04287701228641965,
GSE93670,0.005311722125929187,-0.04287701228641965,
GSE93729,0.005311722125929187,-0.04287701228641965,
GSE93764,0.005311722125929187,-0.04287701228641965,
GSE93774,0.005311722125929187,-0.04287701228641965,
GSE93787,0.005311722125929187,-0.04287701228641965,
GSE93856,0.005311722125929187,-0.04287701228641965,
GSE93866,0.005311722125929187,-0.04287701228641965,
GSE93909,0.005311722125929187,-0.04287701228641965,
GSE93918,0.005311722125929187,-0.04287701228641965,
GSE93941,0.005311722125929187,-0.04287701228641965,
GSE93252,0.005311722125929187,-0.04287701228641965,
GSE93947,0.005311722125929187,-0.04287701228641965,
GSE94011,0.005311722125929187,-0.04287701228641965,
GSE94018,0.005311722125929187,-0.04287701228641965,
GSE94072,0.005311722125929187,-0.04287701228641965,
GSE94132,0.005311722125929187,-0.04287701228641965,
GSE94135,0.005311722125929187,-0.04287701228641965,
GSE94144,0.005311722125929187,-0.04287701228641965,
GSE94246,0.005311722125929187,-0.04287701228641965,
GSE94257,0.005311722125929187,-0.04287701228641965,
GSE94263,0.005311722125929187,-0.04287701228641965,
GSE93946,0.005311722125929187,-0.04287701228641965,
GSE93267,0.005311722125929187,-0.04287701228641965,
GSE93279,0.005311722125929187,-0.04287701228641965,
GSE93293,0.005311722125929187,-0.04287701228641965,
GSE93306,0.005311722125929187,-0.04287701228641965,
GSE93309,0.005311722125929187,-0.04287701228641965,
GSE93313,0.005311722125929187,-0.04287701228641965,
GSE93318,0.005311722125929187,-0.04287701228641965,
GSE93319,0.005311722125929187,-0.04287701228641965,
GSE93325,0.005311722125929187,-0.04287701228641965,
GSE93331,0.005311722125929187,-0.04287701228641965,
GSE93655,0.005311722125929187,-0.04287701228641965,
GSE93374,0.005311722125929187,-0.04287701228641965,
GSE93394,0.005311722125929187,-0.04287701228641965,
GSE93412,0.005311722125929187,-0.04287701228641965,
GSE93431,0.005311722125929187,-0.04287701228641965,
GSE93558,0.005311722125929187,-0.04287701228641965,
GSE93573,0.005311722125929187,-0.04287701228641965,
GSE93574,0.005311722125929187,-0.04287701228641965,
GSE93585,0.005311722125929187,-0.04287701228641965,
GSE93591,0.005311722125929187,-0.04287701228641965,
GSE93604,0.005311722125929187,-0.04287701228641965,
GSE93622,0.005311722125929187,-0.04287701228641965,
GSE93339,0.005311722125929187,-0.04287701228641965,
GSE98479,0.005311722125929187,-0.04287701228641965,
GSE98492,0.005311722125929187,-0.04287701228641965,
GSE98496,0.005311722125929187,-0.04287701228641965,
GSE98507,0.005311722125929187,-0.04287701228641965,
GSE98510,0.005311722125929187,-0.04287701228641965,
GSE98527,0.005311722125929187,-0.04287701228641965,
GSE98562,0.005311722125929187,-0.04287701228641965,
GSE98563,0.005311722125929187,-0.04287701228641965,
GSE98585,0.005311722125929187,-0.04287701228641965,
GSE98592,0.005311722125929187,-0.04287701228641965,
GSE95740,0.005311722125929187,-0.04287701228641965,
GSE98666,0.005311722125929187,-0.04287701228641965,
GSE98668,0.005311722125929187,-0.04287701228641965,
GSE98689,0.005311722125929187,-0.04287701228641965,
GSE98690,0.005311722125929187,-0.04287701228641965,
GSE98724,0.005311722125929187,-0.04287701228641965,
GSE98725,0.005311722125929187,-0.04287701228641965,
GSE98739,0.005311722125929187,-0.04287701228641965,
GSE98778,0.005311722125929187,-0.04287701228641965,
GSE98782,0.005311722125929187,-0.04287701228641965,
GSE98802,0.005311722125929187,-0.04287701228641965,
GSE98622,0.005311722125929187,-0.04287701228641965,
GSE98048,0.005311722125929187,-0.04287701228641965,
GSE98063,0.005311722125929187,-0.04287701228641965,
GSE98082,0.005311722125929187,-0.04287701228641965,
GSE98086,0.005311722125929187,-0.04287701228641965,
GSE98132,0.005311722125929187,-0.04287701228641965,
GSE98142,0.005311722125929187,-0.04287701228641965,
GSE98158,0.005311722125929187,-0.04287701228641965,
GSE98197,0.005311722125929187,-0.04287701228641965,
GSE98232,0.005311722125929187,-0.04287701228641965,
GSE98299,0.005311722125929187,-0.04287701228641965,
GSE98473,0.005311722125929187,-0.04287701228641965,
GSE98359,0.005311722125929187,-0.04287701228641965,
GSE98360,0.005311722125929187,-0.04287701228641965,
GSE98388,0.005311722125929187,-0.04287701228641965,
GSE98401,0.005311722125929187,-0.04287701228641965,
GSE98413,0.005311722125929187,-0.04287701228641965,
GSE98418,0.005311722125929187,-0.04287701228641965,
GSE98423,0.005311722125929187,-0.04287701228641965,
GSE98436,0.005311722125929187,-0.04287701228641965,
GSE98451,0.005311722125929187,-0.04287701228641965,
GSE98468,0.005311722125929187,-0.04287701228641965,
GSE98347,0.005311722125929187,-0.04287701228641965,
GSE99808,0.005311722125929187,-0.04287701228641965,
GSE99811,0.005311722125929187,-0.04287701228641965,
GSE99954,0.005311722125929187,-0.04287701228641965,
GSE99957,0.005311722125929187,-0.04287701228641965,
GSE100070,0.005311722125929187,-0.04287701228641965,
GSE100102,0.005311722125929187,-0.04287701228641965,
GSE100106,0.005311722125929187,-0.04287701228641965,
GSE100217,0.005311722125929187,-0.04287701228641965,
GSE100222,0.005311722125929187,-0.04287701228641965,
GSE100225,0.005311722125929187,-0.04287701228641965,
GSE98831,0.005311722125929187,-0.04287701228641965,
GSE100276,0.005311722125929187,-0.04287701228641965,
GSE100277,0.005311722125929187,-0.04287701228641965,
GSE100278,0.005311722125929187,-0.04287701228641965,
GSE100332,0.005311722125929187,-0.04287701228641965,
GSE100356,0.005311722125929187,-0.04287701228641965,
GSE100411,0.005311722125929187,-0.04287701228641965,
GSE100457,0.005311722125929187,-0.04287701228641965,
GSE100473,0.005311722125929187,-0.04287701228641965,
GSE100560,0.005311722125929187,-0.04287701228641965,
GSE100597,0.005311722125929187,-0.04287701228641965,
GSE100265,0.005311722125929187,-0.04287701228641965,
GSE98839,0.005311722125929187,-0.04287701228641965,
GSE98844,0.005311722125929187,-0.04287701228641965,
GSE98877,0.005311722125929187,-0.04287701228641965,
GSE98901,0.005311722125929187,-0.04287701228641965,
GSE98910,0.005311722125929187,-0.04287701228641965,
GSE98960,0.005311722125929187,-0.04287701228641965,
GSE98964,0.005311722125929187,-0.04287701228641965,
GSE99049,0.005311722125929187,-0.04287701228641965,
GSE99058,0.005311722125929187,-0.04287701228641965,
GSE99061,0.005311722125929187,-0.04287701228641965,
GSE99791,0.005311722125929187,-0.04287701228641965,
GSE99121,0.005311722125929187,-0.04287701228641965,
GSE99144,0.005311722125929187,-0.04287701228641965,
GSE99658,0.005311722125929187,-0.04287701228641965,
GSE99659,0.005311722125929187,-0.04287701228641965,
GSE99670,0.005311722125929187,-0.04287701228641965,
GSE99684,0.005311722125929187,-0.04287701228641965,
GSE99701,0.005311722125929187,-0.04287701228641965,
GSE99709,0.005311722125929187,-0.04287701228641965,
GSE99735,0.005311722125929187,-0.04287701228641965,
GSE99771,0.005311722125929187,-0.04287701228641965,
GSE99787,0.005311722125929187,-0.04287701228641965,
GSE99101,0.005311722125929187,-0.04287701228641965,
GSE96707,0.005311722125929187,-0.04287701228641965,
GSE96724,0.005311722125929187,-0.04287701228641965,
GSE96729,0.005311722125929187,-0.04287701228641965,
GSE96766,0.005311722125929187,-0.04287701228641965,
GSE96818,0.005311722125929187,-0.04287701228641965,
GSE96819,0.005311722125929187,-0.04287701228641965,
GSE96870,0.005311722125929187,-0.04287701228641965,
GSE96889,0.005311722125929187,-0.04287701228641965,
GSE96919,0.005311722125929187,-0.04287701228641965,
GSE96938,0.005311722125929187,-0.04287701228641965,
GSE98041,0.005311722125929187,-0.04287701228641965,
GSE96960,0.005311722125929187,-0.04287701228641965,
GSE96968,0.005311722125929187,-0.04287701228641965,
GSE96972,0.005311722125929187,-0.04287701228641965,
GSE96988,0.005311722125929187,-0.04287701228641965,
GSE96991,0.005311722125929187,-0.04287701228641965,
GSE97013,0.005311722125929187,-0.04287701228641965,
GSE97026,0.005311722125929187,-0.04287701228641965,
GSE97027,0.005311722125929187,-0.04287701228641965,
GSE97032,0.005311722125929187,-0.04287701228641965,
GSE97037,0.005311722125929187,-0.04287701228641965,
GSE96939,0.005311722125929187,-0.04287701228641965,
GSE95752,0.005311722125929187,-0.04287701228641965,
GSE95782,0.005311722125929187,-0.04287701228641965,
GSE95830,0.005311722125929187,-0.04287701228641965,
GSE95859,0.005311722125929187,-0.04287701228641965,
GSE96054,0.005311722125929187,-0.04287701228641965,
GSE96055,0.005311722125929187,-0.04287701228641965,
GSE96059,0.005311722125929187,-0.04287701228641965,
GSE96086,0.005311722125929187,-0.04287701228641965,
GSE96093,0.005311722125929187,-0.04287701228641965,
GSE96104,0.005311722125929187,-0.04287701228641965,
GSE96700,0.005311722125929187,-0.04287701228641965,
GSE96526,0.005311722125929187,-0.04287701228641965,
GSE96552,0.005311722125929187,-0.04287701228641965,
GSE96626,0.005311722125929187,-0.04287701228641965,
GSE96627,0.005311722125929187,-0.04287701228641965,
GSE96630,0.005311722125929187,-0.04287701228641965,
GSE96638,0.005311722125929187,-0.04287701228641965,
GSE96644,0.005311722125929187,-0.04287701228641965,
GSE96679,0.005311722125929187,-0.04287701228641965,
GSE96680,0.005311722125929187,-0.04287701228641965,
GSE96685,0.005311722125929187,-0.04287701228641965,
GSE96690,0.005311722125929187,-0.04287701228641965,
GSE96518,0.005311722125929187,-0.04287701228641965,
GSE97571,0.005311722125929187,-0.04287701228641965,
GSE97579,0.005311722125929187,-0.04287701228641965,
GSE97654,0.005311722125929187,-0.04287701228641965,
GSE97690,0.005311722125929187,-0.04287701228641965,
GSE97716,0.005311722125929187,-0.04287701228641965,
GSE97718,0.005311722125929187,-0.04287701228641965,
GSE97732,0.005311722125929187,-0.04287701228641965,
GSE97735,0.005311722125929187,-0.04287701228641965,
GSE97764,0.005311722125929187,-0.04287701228641965,
GSE97804,0.005311722125929187,-0.04287701228641965,
GSE97060,0.005311722125929187,-0.04287701228641965,
GSE97875,0.005311722125929187,-0.04287701228641965,
GSE97891,0.005311722125929187,-0.04287701228641965,
GSE97939,0.005311722125929187,-0.04287701228641965,
GSE97941,0.005311722125929187,-0.04287701228641965,
GSE97955,0.005311722125929187,-0.04287701228641965,
GSE97993,0.005311722125929187,-0.04287701228641965,
GSE97996,0.005311722125929187,-0.04287701228641965,
GSE98027,0.005311722125929187,-0.04287701228641965,
GSE98034,0.005311722125929187,-0.04287701228641965,
GSE98040,0.005311722125929187,-0.04287701228641965,
GSE97870,0.005311722125929187,-0.04287701228641965,
GSE97062,0.005311722125929187,-0.04287701228641965,
GSE97077,0.005311722125929187,-0.04287701228641965,
GSE97078,0.005311722125929187,-0.04287701228641965,
GSE97101,0.005311722125929187,-0.04287701228641965,
GSE97115,0.005311722125929187,-0.04287701228641965,
GSE97118,0.005311722125929187,-0.04287701228641965,
GSE97120,0.005311722125929187,-0.04287701228641965,
GSE97148,0.005311722125929187,-0.04287701228641965,
GSE97181,0.005311722125929187,-0.04287701228641965,
GSE97195,0.005311722125929187,-0.04287701228641965,
GSE97544,0.005311722125929187,-0.04287701228641965,
GSE97235,0.005311722125929187,-0.04287701228641965,
GSE97281,0.005311722125929187,-0.04287701228641965,
GSE97321,0.005311722125929187,-0.04287701228641965,
GSE97353,0.005311722125929187,-0.04287701228641965,
GSE97354,0.005311722125929187,-0.04287701228641965,
GSE97439,0.005311722125929187,-0.04287701228641965,
GSE97445,0.005311722125929187,-0.04287701228641965,
GSE97462,0.005311722125929187,-0.04287701228641965,
GSE97464,0.005311722125929187,-0.04287701228641965,
GSE97489,0.005311722125929187,-0.04287701228641965,
GSE97534,0.005311722125929187,-0.04287701228641965,
GSE97196,0.005311722125929187,-0.04287701228641965,
GSE85727,0.005311722125929187,-0.04287701228641965,
GSE85793,0.005311722125929187,-0.04287701228641965,
GSE85874,0.005311722125929187,-0.04287701228641965,
GSE85891,0.005311722125929187,-0.04287701228641965,
GSE85929,0.005311722125929187,-0.04287701228641965,
GSE85951,0.005311722125929187,-0.04287701228641965,
GSE85954,0.005311722125929187,-0.04287701228641965,
GSE85967,0.005311722125929187,-0.04287701228641965,
GSE85976,0.005311722125929187,-0.04287701228641965,
GSE86028,0.005311722125929187,-0.04287701228641965,
GSE92282,0.005311722125929187,-0.04287701228641965,
GSE86031,0.005311722125929187,-0.04287701228641965,
GSE86039,0.005311722125929187,-0.04287701228641965,
GSE86065,0.005311722125929187,-0.04287701228641965,
GSE86071,0.005311722125929187,-0.04287701228641965,
GSE86079,0.005311722125929187,-0.04287701228641965,
GSE86110,0.005311722125929187,-0.04287701228641965,
GSE86111,0.005311722125929187,-0.04287701228641965,
GSE86112,0.005311722125929187,-0.04287701228641965,
GSE86144,0.005311722125929187,-0.04287701228641965,
GSE86167,0.005311722125929187,-0.04287701228641965,
GSE86030,0.005311722125929187,-0.04287701228641965,
GSE85414,0.005311722125929187,-0.04287701228641965,
GSE85422,0.005311722125929187,-0.04287701228641965,
GSE85423,0.005311722125929187,-0.04287701228641965,
GSE85462,0.005311722125929187,-0.04287701228641965,
GSE85484,0.005311722125929187,-0.04287701228641965,
GSE85491,0.005311722125929187,-0.04287701228641965,
GSE85498,0.005311722125929187,-0.04287701228641965,
GSE85512,0.005311722125929187,-0.04287701228641965,
GSE85513,0.005311722125929187,-0.04287701228641965,
GSE85519,0.005311722125929187,-0.04287701228641965,
GSE85721,0.005311722125929187,-0.04287701228641965,
GSE85532,0.005311722125929187,-0.04287701228641965,
GSE85535,0.005311722125929187,-0.04287701228641965,
GSE85553,0.005311722125929187,-0.04287701228641965,
GSE85576,0.005311722125929187,-0.04287701228641965,
GSE85597,0.005311722125929187,-0.04287701228641965,
GSE85642,0.005311722125929187,-0.04287701228641965,
GSE85657,0.005311722125929187,-0.04287701228641965,
GSE85674,0.005311722125929187,-0.04287701228641965,
GSE85690,0.005311722125929187,-0.04287701228641965,
GSE85702,0.005311722125929187,-0.04287701228641965,
GSE85520,0.005311722125929187,-0.04287701228641965,
GSE86780,0.005311722125929187,-0.04287701228641965,
GSE86788,0.005311722125929187,-0.04287701228641965,
GSE86837,0.005311722125929187,-0.04287701228641965,
GSE86840,0.005311722125929187,-0.04287701228641965,
GSE86850,0.005311722125929187,-0.04287701228641965,
GSE86865,0.005311722125929187,-0.04287701228641965,
GSE86868,0.005311722125929187,-0.04287701228641965,
GSE86901,0.005311722125929187,-0.04287701228641965,
GSE86907,0.005311722125929187,-0.04287701228641965,
GSE86922,0.005311722125929187,-0.04287701228641965,
GSE86187,0.005311722125929187,-0.04287701228641965,
GSE86949,0.005311722125929187,-0.04287701228641965,
GSE86955,0.005311722125929187,-0.04287701228641965,
GSE86976,0.005311722125929187,-0.04287701228641965,
GSE86997,0.005311722125929187,-0.04287701228641965,
GSE87027,0.005311722125929187,-0.04287701228641965,
GSE87050,0.005311722125929187,-0.04287701228641965,
GSE87051,0.005311722125929187,-0.04287701228641965,
GSE87068,0.005311722125929187,-0.04287701228641965,
GSE87104,0.005311722125929187,-0.04287701228641965,
GSE87130,0.005311722125929187,-0.04287701228641965,
GSE86927,0.005311722125929187,-0.04287701228641965,
GSE86188,0.005311722125929187,-0.04287701228641965,
GSE86199,0.005311722125929187,-0.04287701228641965,
GSE86204,0.005311722125929187,-0.04287701228641965,
GSE86261,0.005311722125929187,-0.04287701228641965,
GSE86280,0.005311722125929187,-0.04287701228641965,
GSE86288,0.005311722125929187,-0.04287701228641965,
GSE86297,0.005311722125929187,-0.04287701228641965,
GSE86301,0.005311722125929187,-0.04287701228641965,
GSE86310,0.005311722125929187,-0.04287701228641965,
GSE86315,0.005311722125929187,-0.04287701228641965,
GSE86623,0.005311722125929187,-0.04287701228641965,
GSE86366,0.005311722125929187,-0.04287701228641965,
GSE86389,0.005311722125929187,-0.04287701228641965,
GSE86396,0.005311722125929187,-0.04287701228641965,
GSE86400,0.005311722125929187,-0.04287701228641965,
GSE86442,0.005311722125929187,-0.04287701228641965,
GSE86479,0.005311722125929187,-0.04287701228641965,
GSE86507,0.005311722125929187,-0.04287701228641965,
GSE86520,0.005311722125929187,-0.04287701228641965,
GSE86521,0.005311722125929187,-0.04287701228641965,
GSE86568,0.005311722125929187,-0.04287701228641965,
GSE86609,0.005311722125929187,-0.04287701228641965,
GSE86339,0.005311722125929187,-0.04287701228641965,
GSE84302,0.005311722125929187,-0.04287701228641965,
GSE84308,0.005311722125929187,-0.04287701228641965,
GSE84329,0.005311722125929187,-0.04287701228641965,
GSE84341,0.005311722125929187,-0.04287701228641965,
GSE84357,0.005311722125929187,-0.04287701228641965,
GSE84374,0.005311722125929187,-0.04287701228641965,
GSE84383,0.005311722125929187,-0.04287701228641965,
GSE84410,0.005311722125929187,-0.04287701228641965,
GSE84448,0.005311722125929187,-0.04287701228641965,
GSE84450,0.005311722125929187,-0.04287701228641965,
GSE85388,0.005311722125929187,-0.04287701228641965,
GSE84481,0.005311722125929187,-0.04287701228641965,
GSE84492,0.005311722125929187,-0.04287701228641965,
GSE84498,0.005311722125929187,-0.04287701228641965,
GSE84517,0.005311722125929187,-0.04287701228641965,
GSE84526,0.005311722125929187,-0.04287701228641965,
GSE84527,0.005311722125929187,-0.04287701228641965,
GSE84534,0.005311722125929187,-0.04287701228641965,
GSE84535,0.005311722125929187,-0.04287701228641965,
GSE84553,0.005311722125929187,-0.04287701228641965,
GSE84586,0.005311722125929187,-0.04287701228641965,
GSE84462,0.005311722125929187,-0.04287701228641965,
GSE83991,0.005311722125929187,-0.04287701228641965,
GSE83993,0.005311722125929187,-0.04287701228641965,
GSE84037,0.005311722125929187,-0.04287701228641965,
GSE84055,0.005311722125929187,-0.04287701228641965,
GSE84063,0.005311722125929187,-0.04287701228641965,
GSE84078,0.005311722125929187,-0.04287701228641965,
GSE84112,0.005311722125929187,-0.04287701228641965,
GSE84125,0.005311722125929187,-0.04287701228641965,
GSE84138,0.005311722125929187,-0.04287701228641965,
GSE84139,0.005311722125929187,-0.04287701228641965,
GSE84299,0.005311722125929187,-0.04287701228641965,
GSE84148,0.005311722125929187,-0.04287701228641965,
GSE84158,0.005311722125929187,-0.04287701228641965,
GSE84160,0.005311722125929187,-0.04287701228641965,
GSE84175,0.005311722125929187,-0.04287701228641965,
GSE84208,0.005311722125929187,-0.04287701228641965,
GSE84234,0.005311722125929187,-0.04287701228641965,
GSE84252,0.005311722125929187,-0.04287701228641965,
GSE84256,0.005311722125929187,-0.04287701228641965,
GSE84257,0.005311722125929187,-0.04287701228641965,
GSE84264,0.005311722125929187,-0.04287701228641965,
GSE84271,0.005311722125929187,-0.04287701228641965,
GSE84145,0.005311722125929187,-0.04287701228641965,
GSE84989,0.005311722125929187,-0.04287701228641965,
GSE84996,0.005311722125929187,-0.04287701228641965,
GSE85018,0.005311722125929187,-0.04287701228641965,
GSE85019,0.005311722125929187,-0.04287701228641965,
GSE85039,0.005311722125929187,-0.04287701228641965,
GSE85049,0.005311722125929187,-0.04287701228641965,
GSE85098,0.005311722125929187,-0.04287701228641965,
GSE85131,0.005311722125929187,-0.04287701228641965,
GSE85136,0.005311722125929187,-0.04287701228641965,
GSE85152,0.005311722125929187,-0.04287701228641965,
GSE84592,0.005311722125929187,-0.04287701228641965,
GSE85209,0.005311722125929187,-0.04287701228641965,
GSE85249,0.005311722125929187,-0.04287701228641965,
GSE85266,0.005311722125929187,-0.04287701228641965,
GSE85278,0.005311722125929187,-0.04287701228641965,
GSE85302,0.005311722125929187,-0.04287701228641965,
GSE85303,0.005311722125929187,-0.04287701228641965,
GSE85308,0.005311722125929187,-0.04287701228641965,
GSE85316,0.005311722125929187,-0.04287701228641965,
GSE85360,0.005311722125929187,-0.04287701228641965,
GSE85385,0.005311722125929187,-0.04287701228641965,
GSE85154,0.005311722125929187,-0.04287701228641965,
GSE84615,0.005311722125929187,-0.04287701228641965,
GSE84651,0.005311722125929187,-0.04287701228641965,
GSE84665,0.005311722125929187,-0.04287701228641965,
GSE84737,0.005311722125929187,-0.04287701228641965,
GSE84786,0.005311722125929187,-0.04287701228641965,
GSE84794,0.005311722125929187,-0.04287701228641965,
GSE84803,0.005311722125929187,-0.04287701228641965,
GSE84812,0.005311722125929187,-0.04287701228641965,
GSE84820,0.005311722125929187,-0.04287701228641965,
GSE84832,0.005311722125929187,-0.04287701228641965,
GSE84987,0.005311722125929187,-0.04287701228641965,
GSE84861,0.005311722125929187,-0.04287701228641965,
GSE84873,0.005311722125929187,-0.04287701228641965,
GSE84874,0.005311722125929187,-0.04287701228641965,
GSE84878,0.005311722125929187,-0.04287701228641965,
GSE84892,0.005311722125929187,-0.04287701228641965,
GSE84914,0.005311722125929187,-0.04287701228641965,
GSE84927,0.005311722125929187,-0.04287701228641965,
GSE84942,0.005311722125929187,-0.04287701228641965,
GSE84943,0.005311722125929187,-0.04287701228641965,
GSE84945,0.005311722125929187,-0.04287701228641965,
GSE84961,0.005311722125929187,-0.04287701228641965,
GSE84857,0.005311722125929187,-0.04287701228641965,
GSE89801,0.005311722125929187,-0.04287701228641965,
GSE89806,0.005311722125929187,-0.04287701228641965,
GSE89823,0.005311722125929187,-0.04287701228641965,
GSE89834,0.005311722125929187,-0.04287701228641965,
GSE89897,0.005311722125929187,-0.04287701228641965,
GSE89899,0.005311722125929187,-0.04287701228641965,
GSE89900,0.005311722125929187,-0.04287701228641965,
GSE89984,0.005311722125929187,-0.04287701228641965,
GSE89992,0.005311722125929187,-0.04287701228641965,
GSE90024,0.005311722125929187,-0.04287701228641965,
GSE87144,0.005311722125929187,-0.04287701228641965,
GSE90055,0.005311722125929187,-0.04287701228641965,
GSE90094,0.005311722125929187,-0.04287701228641965,
GSE90097,0.005311722125929187,-0.04287701228641965,
GSE90101,0.005311722125929187,-0.04287701228641965,
GSE90108,0.005311722125929187,-0.04287701228641965,
GSE90116,0.005311722125929187,-0.04287701228641965,
GSE90134,0.005311722125929187,-0.04287701228641965,
GSE90136,0.005311722125929187,-0.04287701228641965,
GSE90140,0.005311722125929187,-0.04287701228641965,
GSE90148,0.005311722125929187,-0.04287701228641965,
GSE90046,0.005311722125929187,-0.04287701228641965,
GSE89482,0.005311722125929187,-0.04287701228641965,
GSE89500,0.005311722125929187,-0.04287701228641965,
GSE89520,0.005311722125929187,-0.04287701228641965,
GSE89546,0.005311722125929187,-0.04287701228641965,
GSE89547,0.005311722125929187,-0.04287701228641965,
GSE89585,0.005311722125929187,-0.04287701228641965,
GSE89603,0.005311722125929187,-0.04287701228641965,
GSE89620,0.005311722125929187,-0.04287701228641965,
GSE89622,0.005311722125929187,-0.04287701228641965,
GSE89627,0.005311722125929187,-0.04287701228641965,
GSE89798,0.005311722125929187,-0.04287701228641965,
GSE89640,0.005311722125929187,-0.04287701228641965,
GSE89665,0.005311722125929187,-0.04287701228641965,
GSE89692,0.005311722125929187,-0.04287701228641965,
GSE89711,0.005311722125929187,-0.04287701228641965,
GSE89712,0.005311722125929187,-0.04287701228641965,
GSE89732,0.005311722125929187,-0.04287701228641965,
GSE89758,0.005311722125929187,-0.04287701228641965,
GSE89762,0.005311722125929187,-0.04287701228641965,
GSE89764,0.005311722125929187,-0.04287701228641965,
GSE89771,0.005311722125929187,-0.04287701228641965,
GSE89636,0.005311722125929187,-0.04287701228641965,
GSE90890,0.005311722125929187,-0.04287701228641965,
GSE90891,0.005311722125929187,-0.04287701228641965,
GSE90894,0.005311722125929187,-0.04287701228641965,
GSE90908,0.005311722125929187,-0.04287701228641965,
GSE90913,0.005311722125929187,-0.04287701228641965,
GSE90932,0.005311722125929187,-0.04287701228641965,
GSE90952,0.005311722125929187,-0.04287701228641965,
GSE90961,0.005311722125929187,-0.04287701228641965,
GSE90962,0.005311722125929187,-0.04287701228641965,
GSE90969,0.005311722125929187,-0.04287701228641965,
GSE90153,0.005311722125929187,-0.04287701228641965,
GSE90987,0.005311722125929187,-0.04287701228641965,
GSE90988,0.005311722125929187,-0.04287701228641965,
GSE91040,0.005311722125929187,-0.04287701228641965,
GSE91052,0.005311722125929187,-0.04287701228641965,
GSE91058,0.005311722125929187,-0.04287701228641965,
GSE91078,0.005311722125929187,-0.04287701228641965,
GSE91398,0.005311722125929187,-0.04287701228641965,
GSE91402,0.005311722125929187,-0.04287701228641965,
GSE92238,0.005311722125929187,-0.04287701228641965,
GSE92263,0.005311722125929187,-0.04287701228641965,
GSE90983,0.005311722125929187,-0.04287701228641965,
GSE90459,0.005311722125929187,-0.04287701228641965,
GSE90461,0.005311722125929187,-0.04287701228641965,
GSE90478,0.005311722125929187,-0.04287701228641965,
GSE90486,0.005311722125929187,-0.04287701228641965,
GSE90497,0.005311722125929187,-0.04287701228641965,
GSE90516,0.005311722125929187,-0.04287701228641965,
GSE90522,0.005311722125929187,-0.04287701228641965,
GSE90531,0.005311722125929187,-0.04287701228641965,
GSE90533,0.005311722125929187,-0.04287701228641965,
GSE90573,0.005311722125929187,-0.04287701228641965,
GSE90885,0.005311722125929187,-0.04287701228641965,
GSE90652,0.005311722125929187,-0.04287701228641965,
GSE90654,0.005311722125929187,-0.04287701228641965,
GSE90655,0.005311722125929187,-0.04287701228641965,
GSE90697,0.005311722125929187,-0.04287701228641965,
GSE90736,0.005311722125929187,-0.04287701228641965,
GSE90758,0.005311722125929187,-0.04287701228641965,
GSE90766,0.005311722125929187,-0.04287701228641965,
GSE90797,0.005311722125929187,-0.04287701228641965,
GSE90806,0.005311722125929187,-0.04287701228641965,
GSE90860,0.005311722125929187,-0.04287701228641965,
GSE90869,0.005311722125929187,-0.04287701228641965,
GSE90615,0.005311722125929187,-0.04287701228641965,
GSE87561,0.005311722125929187,-0.04287701228641965,
GSE87565,0.005311722125929187,-0.04287701228641965,
GSE87569,0.005311722125929187,-0.04287701228641965,
GSE87578,0.005311722125929187,-0.04287701228641965,
GSE87602,0.005311722125929187,-0.04287701228641965,
GSE87606,0.005311722125929187,-0.04287701228641965,
GSE87608,0.005311722125929187,-0.04287701228641965,
GSE87635,0.005311722125929187,-0.04287701228641965,
GSE87694,0.005311722125929187,-0.04287701228641965,
GSE87743,0.005311722125929187,-0.04287701228641965,
GSE89477,0.005311722125929187,-0.04287701228641965,
GSE87795,0.005311722125929187,-0.04287701228641965,
GSE87808,0.005311722125929187,-0.04287701228641965,
GSE87870,0.005311722125929187,-0.04287701228641965,
GSE77744,0.005311722125929187,-0.04287701228641965,
GSE88706,0.005311722125929187,-0.04287701228641965,
GSE88732,0.005311722125929187,-0.04287701228641965,
GSE88761,0.005311722125929187,-0.04287701228641965,
GSE88764,0.005311722125929187,-0.04287701228641965,
GSE88777,0.005311722125929187,-0.04287701228641965,
GSE88778,0.005311722125929187,-0.04287701228641965,
GSE87758,0.005311722125929187,-0.04287701228641965,
GSE87181,0.005311722125929187,-0.04287701228641965,
GSE87183,0.005311722125929187,-0.04287701228641965,
GSE87202,0.005311722125929187,-0.04287701228641965,
GSE87212,0.005311722125929187,-0.04287701228641965,
GSE87293,0.005311722125929187,-0.04287701228641965,
GSE87299,0.005311722125929187,-0.04287701228641965,
GSE87321,0.005311722125929187,-0.04287701228641965,
GSE87344,0.005311722125929187,-0.04287701228641965,
GSE87354,0.005311722125929187,-0.04287701228641965,
GSE87386,0.005311722125929187,-0.04287701228641965,
GSE87550,0.005311722125929187,-0.04287701228641965,
GSE87388,0.005311722125929187,-0.04287701228641965,
GSE87450,0.005311722125929187,-0.04287701228641965,
GSE87453,0.005311722125929187,-0.04287701228641965,
GSE87464,0.005311722125929187,-0.04287701228641965,
GSE87478,0.005311722125929187,-0.04287701228641965,
GSE87504,0.005311722125929187,-0.04287701228641965,
GSE87511,0.005311722125929187,-0.04287701228641965,
GSE87512,0.005311722125929187,-0.04287701228641965,
GSE87519,0.005311722125929187,-0.04287701228641965,
GSE87542,0.005311722125929187,-0.04287701228641965,
GSE87544,0.005311722125929187,-0.04287701228641965,
GSE87387,0.005311722125929187,-0.04287701228641965,
GSE89195,0.005311722125929187,-0.04287701228641965,
GSE89196,0.005311722125929187,-0.04287701228641965,
GSE89198,0.005311722125929187,-0.04287701228641965,
GSE89258,0.005311722125929187,-0.04287701228641965,
GSE89261,0.005311722125929187,-0.04287701228641965,
GSE89263,0.005311722125929187,-0.04287701228641965,
GSE89264,0.005311722125929187,-0.04287701228641965,
GSE89270,0.005311722125929187,-0.04287701228641965,
GSE89272,0.005311722125929187,-0.04287701228641965,
GSE89307,0.005311722125929187,-0.04287701228641965,
GSE88779,0.005311722125929187,-0.04287701228641965,
GSE89352,0.005311722125929187,-0.04287701228641965,
GSE89361,0.005311722125929187,-0.04287701228641965,
GSE89378,0.005311722125929187,-0.04287701228641965,
GSE89405,0.005311722125929187,-0.04287701228641965,
GSE89412,0.005311722125929187,-0.04287701228641965,
GSE89419,0.005311722125929187,-0.04287701228641965,
GSE89430,0.005311722125929187,-0.04287701228641965,
GSE89454,0.005311722125929187,-0.04287701228641965,
GSE89460,0.005311722125929187,-0.04287701228641965,
GSE89463,0.005311722125929187,-0.04287701228641965,
GSE89313,0.005311722125929187,-0.04287701228641965,
GSE88789,0.005311722125929187,-0.04287701228641965,
GSE88791,0.005311722125929187,-0.04287701228641965,
GSE88801,0.005311722125929187,-0.04287701228641965,
GSE88814,0.005311722125929187,-0.04287701228641965,
GSE88818,0.005311722125929187,-0.04287701228641965,
GSE88830,0.005311722125929187,-0.04287701228641965,
GSE88836,0.005311722125929187,-0.04287701228641965,
GSE88905,0.005311722125929187,-0.04287701228641965,
GSE88908,0.005311722125929187,-0.04287701228641965,
GSE88959,0.005311722125929187,-0.04287701228641965,
GSE89171,0.005311722125929187,-0.04287701228641965,
GSE88984,0.005311722125929187,-0.04287701228641965,
GSE88987,0.005311722125929187,-0.04287701228641965,
GSE88996,0.005311722125929187,-0.04287701228641965,
GSE89010,0.005311722125929187,-0.04287701228641965,
GSE89018,0.005311722125929187,-0.04287701228641965,
GSE89032,0.005311722125929187,-0.04287701228641965,
GSE89035,0.005311722125929187,-0.04287701228641965,
GSE89055,0.005311722125929187,-0.04287701228641965,
GSE89082,0.005311722125929187,-0.04287701228641965,
GSE89108,0.005311722125929187,-0.04287701228641965,
GSE89136,0.005311722125929187,-0.04287701228641965,
GSE88970,0.005311722125929187,-0.04287701228641965,
GSE49023,0.005311722125929187,-0.04287701228641965,
GSE49047,0.005311722125929187,-0.04287701228641965,
GSE49114,0.005311722125929187,-0.04287701228641965,
GSE49147,0.005311722125929187,-0.04287701228641965,
GSE49313,0.005311722125929187,-0.04287701228641965,
GSE49366,0.005311722125929187,-0.04287701228641965,
GSE49449,0.005311722125929187,-0.04287701228641965,
GSE49538,0.005311722125929187,-0.04287701228641965,
GSE49571,0.005311722125929187,-0.04287701228641965,
GSE49581,0.005311722125929187,-0.04287701228641965,
GSE49669,0.005311722125929187,-0.04287701228641965,
GSE72184,0.005311722125929187,-0.04287701228641965,
GSE49843,0.005311722125929187,-0.04287701228641965,
GSE49844,0.005311722125929187,-0.04287701228641965,
GSE49906,0.005311722125929187,-0.04287701228641965,
GSE49932,0.005311722125929187,-0.04287701228641965,
GSE49933,0.005311722125929187,-0.04287701228641965,
GSE49949,0.005311722125929187,-0.04287701228641965,
GSE50050,0.005311722125929187,-0.04287701228641965,
GSE50068,0.005311722125929187,-0.04287701228641965,
GSE50172,0.005311722125929187,-0.04287701228641965,
GSE50459,0.005311722125929187,-0.04287701228641965,
GSE50554,0.005311722125929187,-0.04287701228641965,
GSE49761,0.005311722125929187,-0.04287701228641965,
GSE47536,0.005311722125929187,-0.04287701228641965,
GSE47540,0.005311722125929187,-0.04287701228641965,
GSE47656,0.005311722125929187,-0.04287701228641965,
GSE47703,0.005311722125929187,-0.04287701228641965,
GSE47708,0.005311722125929187,-0.04287701228641965,
GSE47851,0.005311722125929187,-0.04287701228641965,
GSE47877,0.005311722125929187,-0.04287701228641965,
GSE47885,0.005311722125929187,-0.04287701228641965,
GSE47926,0.005311722125929187,-0.04287701228641965,
GSE47954,0.005311722125929187,-0.04287701228641965,
GSE48005,0.005311722125929187,-0.04287701228641965,
GSE48974,0.005311722125929187,-0.04287701228641965,
GSE48043,0.005311722125929187,-0.04287701228641965,
GSE48109,0.005311722125929187,-0.04287701228641965,
GSE48206,0.005311722125929187,-0.04287701228641965,
GSE48387,0.005311722125929187,-0.04287701228641965,
GSE48480,0.005311722125929187,-0.04287701228641965,
GSE48654,0.005311722125929187,-0.04287701228641965,
GSE48763,0.005311722125929187,-0.04287701228641965,
GSE48808,0.005311722125929187,-0.04287701228641965,
GSE48870,0.005311722125929187,-0.04287701228641965,
GSE48962,0.005311722125929187,-0.04287701228641965,
GSE48966,0.005311722125929187,-0.04287701228641965,
GSE48020,0.005311722125929187,-0.04287701228641965,
GSE52261,0.005311722125929187,-0.04287701228641965,
GSE52313,0.005311722125929187,-0.04287701228641965,
GSE52320,0.005311722125929187,-0.04287701228641965,
GSE52332,0.005311722125929187,-0.04287701228641965,
GSE52359,0.005311722125929187,-0.04287701228641965,
GSE52405,0.005311722125929187,-0.04287701228641965,
GSE52450,0.005311722125929187,-0.04287701228641965,
GSE52514,0.005311722125929187,-0.04287701228641965,
GSE52525,0.005311722125929187,-0.04287701228641965,
GSE52564,0.005311722125929187,-0.04287701228641965,
GSE52616,0.005311722125929187,-0.04287701228641965,
GSE50561,0.005311722125929187,-0.04287701228641965,
GSE52801,0.005311722125929187,-0.04287701228641965,
GSE52854,0.005311722125929187,-0.04287701228641965,
GSE52856,0.005311722125929187,-0.04287701228641965,
GSE52868,0.005311722125929187,-0.04287701228641965,
GSE52870,0.005311722125929187,-0.04287701228641965,
GSE52957,0.005311722125929187,-0.04287701228641965,
GSE52974,0.005311722125929187,-0.04287701228641965,
GSE53018,0.005311722125929187,-0.04287701228641965,
GSE53053,0.005311722125929187,-0.04287701228641965,
GSE53076,0.005311722125929187,-0.04287701228641965,
GSE53105,0.005311722125929187,-0.04287701228641965,
GSE52623,0.005311722125929187,-0.04287701228641965,
GSE50590,0.005311722125929187,-0.04287701228641965,
GSE50708,0.005311722125929187,-0.04287701228641965,
GSE50763,0.005311722125929187,-0.04287701228641965,
GSE50809,0.005311722125929187,-0.04287701228641965,
GSE50927,0.005311722125929187,-0.04287701228641965,
GSE50932,0.005311722125929187,-0.04287701228641965,
GSE50934,0.005311722125929187,-0.04287701228641965,
GSE50983,0.005311722125929187,-0.04287701228641965,
GSE51006,0.005311722125929187,-0.04287701228641965,
GSE51008,0.005311722125929187,-0.04287701228641965,
GSE51144,0.005311722125929187,-0.04287701228641965,
GSE52234,0.005311722125929187,-0.04287701228641965,
GSE51620,0.005311722125929187,-0.04287701228641965,
GSE51685,0.005311722125929187,-0.04287701228641965,
GSE51735,0.005311722125929187,-0.04287701228641965,
GSE52006,0.005311722125929187,-0.04287701228641965,
GSE52023,0.005311722125929187,-0.04287701228641965,
GSE52031,0.005311722125929187,-0.04287701228641965,
GSE52038,0.005311722125929187,-0.04287701228641965,
GSE52069,0.005311722125929187,-0.04287701228641965,
GSE52080,0.005311722125929187,-0.04287701228641965,
GSE52123,0.005311722125929187,-0.04287701228641965,
GSE52126,0.005311722125929187,-0.04287701228641965,
GSE51372,0.005311722125929187,-0.04287701228641965,
GSE43351,0.005311722125929187,-0.04287701228641965,
GSE43410,0.005311722125929187,-0.04287701228641965,
GSE43431,0.005311722125929187,-0.04287701228641965,
GSE43575,0.005311722125929187,-0.04287701228641965,
GSE43631,0.005311722125929187,-0.04287701228641965,
GSE43717,0.005311722125929187,-0.04287701228641965,
GSE43718,0.005311722125929187,-0.04287701228641965,
GSE43721,0.005311722125929187,-0.04287701228641965,
GSE43725,0.005311722125929187,-0.04287701228641965,
GSE43735,0.005311722125929187,-0.04287701228641965,
GSE43879,0.005311722125929187,-0.04287701228641965,
GSE47496,0.005311722125929187,-0.04287701228641965,
GSE44229,0.005311722125929187,-0.04287701228641965,
GSE44333,0.005311722125929187,-0.04287701228641965,
GSE44346,0.005311722125929187,-0.04287701228641965,
GSE44359,0.005311722125929187,-0.04287701228641965,
GSE44366,0.005311722125929187,-0.04287701228641965,
GSE44402,0.005311722125929187,-0.04287701228641965,
GSE44553,0.005311722125929187,-0.04287701228641965,
GSE44573,0.005311722125929187,-0.04287701228641965,
GSE44575,0.005311722125929187,-0.04287701228641965,
GSE44591,0.005311722125929187,-0.04287701228641965,
GSE44640,0.005311722125929187,-0.04287701228641965,
GSE43948,0.005311722125929187,-0.04287701228641965,
GSE41879,0.005311722125929187,-0.04287701228641965,
GSE41908,0.005311722125929187,-0.04287701228641965,
GSE41937,0.005311722125929187,-0.04287701228641965,
GSE41974,0.005311722125929187,-0.04287701228641965,
GSE41976,0.005311722125929187,-0.04287701228641965,
GSE41979,0.005311722125929187,-0.04287701228641965,
GSE41985,0.005311722125929187,-0.04287701228641965,
GSE42100,0.005311722125929187,-0.04287701228641965,
GSE42120,0.005311722125929187,-0.04287701228641965,
GSE42339,0.005311722125929187,-0.04287701228641965,
GSE42350,0.005311722125929187,-0.04287701228641965,
GSE43041,0.005311722125929187,-0.04287701228641965,
GSE42443,0.005311722125929187,-0.04287701228641965,
GSE42564,0.005311722125929187,-0.04287701228641965,
GSE42573,0.005311722125929187,-0.04287701228641965,
GSE42629,0.005311722125929187,-0.04287701228641965,
GSE42671,0.005311722125929187,-0.04287701228641965,
GSE42704,0.005311722125929187,-0.04287701228641965,
GSE42805,0.005311722125929187,-0.04287701228641965,
GSE42912,0.005311722125929187,-0.04287701228641965,
GSE42990,0.005311722125929187,-0.04287701228641965,
GSE42999,0.005311722125929187,-0.04287701228641965,
GSE43028,0.005311722125929187,-0.04287701228641965,
GSE42398,0.005311722125929187,-0.04287701228641965,
GSE45975,0.005311722125929187,-0.04287701228641965,
GSE46038,0.005311722125929187,-0.04287701228641965,
GSE46207,0.005311722125929187,-0.04287701228641965,
GSE46213,0.005311722125929187,-0.04287701228641965,
GSE46240,0.005311722125929187,-0.04287701228641965,
GSE46340,0.005311722125929187,-0.04287701228641965,
GSE46363,0.005311722125929187,-0.04287701228641965,
GSE46434,0.005311722125929187,-0.04287701228641965,
GSE46494,0.005311722125929187,-0.04287701228641965,
GSE46664,0.005311722125929187,-0.04287701228641965,
GSE46807,0.005311722125929187,-0.04287701228641965,
GSE44654,0.005311722125929187,-0.04287701228641965,
GSE47019,0.005311722125929187,-0.04287701228641965,
GSE47033,0.005311722125929187,-0.04287701228641965,
GSE47062,0.005311722125929187,-0.04287701228641965,
GSE47081,0.005311722125929187,-0.04287701228641965,
GSE47083,0.005311722125929187,-0.04287701228641965,
GSE47089,0.005311722125929187,-0.04287701228641965,
GSE47370,0.005311722125929187,-0.04287701228641965,
GSE47395,0.005311722125929187,-0.04287701228641965,
GSE47442,0.005311722125929187,-0.04287701228641965,
GSE47454,0.005311722125929187,-0.04287701228641965,
GSE47484,0.005311722125929187,-0.04287701228641965,
GSE46953,0.005311722125929187,-0.04287701228641965,
GSE44665,0.005311722125929187,-0.04287701228641965,
GSE44668,0.005311722125929187,-0.04287701228641965,
GSE44674,0.005311722125929187,-0.04287701228641965,
GSE44698,0.005311722125929187,-0.04287701228641965,
GSE44733,0.005311722125929187,-0.04287701228641965,
GSE44775,0.005311722125929187,-0.04287701228641965,
GSE44831,0.005311722125929187,-0.04287701228641965,
GSE44935,0.005311722125929187,-0.04287701228641965,
GSE44942,0.005311722125929187,-0.04287701228641965,
GSE45048,0.005311722125929187,-0.04287701228641965,
GSE45118,0.005311722125929187,-0.04287701228641965,
GSE45914,0.005311722125929187,-0.04287701228641965,
GSE45148,0.005311722125929187,-0.04287701228641965,
GSE45152,0.005311722125929187,-0.04287701228641965,
GSE45180,0.005311722125929187,-0.04287701228641965,
GSE45254,0.005311722125929187,-0.04287701228641965,
GSE45358,0.005311722125929187,-0.04287701228641965,
GSE45376,0.005311722125929187,-0.04287701228641965,
GSE45568,0.005311722125929187,-0.04287701228641965,
GSE45597,0.005311722125929187,-0.04287701228641965,
GSE45684,0.005311722125929187,-0.04287701228641965,
GSE45719,0.005311722125929187,-0.04287701228641965,
GSE45760,0.005311722125929187,-0.04287701228641965,
GSE45888,0.005311722125929187,-0.04287701228641965,
GSE45119,0.005311722125929187,-0.04287701228641965,
GSE58239,0.005311722125929187,-0.04287701228641965,
GSE58282,0.005311722125929187,-0.04287701228641965,
GSE58283,0.005311722125929187,-0.04287701228641965,
GSE58286,0.005311722125929187,-0.04287701228641965,
GSE58313,0.005311722125929187,-0.04287701228641965,
GSE58318,0.005311722125929187,-0.04287701228641965,
GSE58359,0.005311722125929187,-0.04287701228641965,
GSE58360,0.005311722125929187,-0.04287701228641965,
GSE58363,0.005311722125929187,-0.04287701228641965,
GSE58371,0.005311722125929187,-0.04287701228641965,
GSE58372,0.005311722125929187,-0.04287701228641965,
GSE53150,0.005311722125929187,-0.04287701228641965,
GSE58405,0.005311722125929187,-0.04287701228641965,
GSE58429,0.005311722125929187,-0.04287701228641965,
GSE58432,0.005311722125929187,-0.04287701228641965,
GSE58453,0.005311722125929187,-0.04287701228641965,
GSE58455,0.005311722125929187,-0.04287701228641965,
GSE58498,0.005311722125929187,-0.04287701228641965,
GSE58510,0.005311722125929187,-0.04287701228641965,
GSE58619,0.005311722125929187,-0.04287701228641965,
GSE58645,0.005311722125929187,-0.04287701228641965,
GSE58664,0.005311722125929187,-0.04287701228641965,
GSE58669,0.005311722125929187,-0.04287701228641965,
GSE58384,0.005311722125929187,-0.04287701228641965,
GSE57514,0.005311722125929187,-0.04287701228641965,
GSE57567,0.005311722125929187,-0.04287701228641965,
GSE57575,0.005311722125929187,-0.04287701228641965,
GSE57654,0.005311722125929187,-0.04287701228641965,
GSE57680,0.005311722125929187,-0.04287701228641965,
GSE57682,0.005311722125929187,-0.04287701228641965,
GSE57694,0.005311722125929187,-0.04287701228641965,
GSE57712,0.005311722125929187,-0.04287701228641965,
GSE57745,0.005311722125929187,-0.04287701228641965,
GSE57804,0.005311722125929187,-0.04287701228641965,
GSE57809,0.005311722125929187,-0.04287701228641965,
GSE58116,0.005311722125929187,-0.04287701228641965,
GSE57849,0.005311722125929187,-0.04287701228641965,
GSE57910,0.005311722125929187,-0.04287701228641965,
GSE57919,0.005311722125929187,-0.04287701228641965,
GSE57959,0.005311722125929187,-0.04287701228641965,
GSE57980,0.005311722125929187,-0.04287701228641965,
GSE57984,0.005311722125929187,-0.04287701228641965,
GSE57998,0.005311722125929187,-0.04287701228641965,
GSE58001,0.005311722125929187,-0.04287701228641965,
GSE58025,0.005311722125929187,-0.04287701228641965,
GSE58088,0.005311722125929187,-0.04287701228641965,
GSE58108,0.005311722125929187,-0.04287701228641965,
GSE57837,0.005311722125929187,-0.04287701228641965,
GSE59354,0.005311722125929187,-0.04287701228641965,
GSE59383,0.005311722125929187,-0.04287701228641965,
GSE59486,0.005311722125929187,-0.04287701228641965,
GSE59571,0.005311722125929187,-0.04287701228641965,
GSE59725,0.005311722125929187,-0.04287701228641965,
GSE59784,0.005311722125929187,-0.04287701228641965,
GSE59813,0.005311722125929187,-0.04287701228641965,
GSE59831,0.005311722125929187,-0.04287701228641965,
GSE59956,0.005311722125929187,-0.04287701228641965,
GSE59970,0.005311722125929187,-0.04287701228641965,
GSE60005,0.005311722125929187,-0.04287701228641965,
GSE58707,0.005311722125929187,-0.04287701228641965,
GSE60072,0.005311722125929187,-0.04287701228641965,
GSE60101,0.005311722125929187,-0.04287701228641965,
GSE60163,0.005311722125929187,-0.04287701228641965,
GSE60165,0.005311722125929187,-0.04287701228641965,
GSE60188,0.005311722125929187,-0.04287701228641965,
GSE60226,0.005311722125929187,-0.04287701228641965,
GSE60243,0.005311722125929187,-0.04287701228641965,
GSE60261,0.005311722125929187,-0.04287701228641965,
GSE60283,0.005311722125929187,-0.04287701228641965,
GSE60297,0.005311722125929187,-0.04287701228641965,
GSE60334,0.005311722125929187,-0.04287701228641965,
GSE60050,0.005311722125929187,-0.04287701228641965,
GSE58732,0.005311722125929187,-0.04287701228641965,
GSE58746,0.005311722125929187,-0.04287701228641965,
GSE58765,0.005311722125929187,-0.04287701228641965,
GSE58797,0.005311722125929187,-0.04287701228641965,
GSE58818,0.005311722125929187,-0.04287701228641965,
GSE58827,0.005311722125929187,-0.04287701228641965,
GSE58833,0.005311722125929187,-0.04287701228641965,
GSE58843,0.005311722125929187,-0.04287701228641965,
GSE58905,0.005311722125929187,-0.04287701228641965,
GSE58916,0.005311722125929187,-0.04287701228641965,
GSE58917,0.005311722125929187,-0.04287701228641965,
GSE59285,0.005311722125929187,-0.04287701228641965,
GSE58971,0.005311722125929187,-0.04287701228641965,
GSE58972,0.005311722125929187,-0.04287701228641965,
GSE58973,0.005311722125929187,-0.04287701228641965,
GSE58996,0.005311722125929187,-0.04287701228641965,
GSE59017,0.005311722125929187,-0.04287701228641965,
GSE59073,0.005311722125929187,-0.04287701228641965,
GSE59119,0.005311722125929187,-0.04287701228641965,
GSE59121,0.005311722125929187,-0.04287701228641965,
GSE59148,0.005311722125929187,-0.04287701228641965,
GSE59215,0.005311722125929187,-0.04287701228641965,
GSE59269,0.005311722125929187,-0.04287701228641965,
GSE59283,0.005311722125929187,-0.04287701228641965,
GSE58926,0.005311722125929187,-0.04287701228641965,
GSE54443,0.005311722125929187,-0.04287701228641965,
GSE54447,0.005311722125929187,-0.04287701228641965,
GSE54458,0.005311722125929187,-0.04287701228641965,
GSE54561,0.005311722125929187,-0.04287701228641965,
GSE54631,0.005311722125929187,-0.04287701228641965,
GSE54651,0.005311722125929187,-0.04287701228641965,
GSE54697,0.005311722125929187,-0.04287701228641965,
GSE54704,0.005311722125929187,-0.04287701228641965,
GSE54795,0.005311722125929187,-0.04287701228641965,
GSE54826,0.005311722125929187,-0.04287701228641965,
GSE54932,0.005311722125929187,-0.04287701228641965,
GSE57482,0.005311722125929187,-0.04287701228641965,
GSE54973,0.005311722125929187,-0.04287701228641965,
GSE54982,0.005311722125929187,-0.04287701228641965,
GSE54984,0.005311722125929187,-0.04287701228641965,
GSE55009,0.005311722125929187,-0.04287701228641965,
GSE55060,0.005311722125929187,-0.04287701228641965,
GSE55090,0.005311722125929187,-0.04287701228641965,
GSE55131,0.005311722125929187,-0.04287701228641965,
GSE55163,0.005311722125929187,-0.04287701228641965,
GSE55180,0.005311722125929187,-0.04287701228641965,
GSE55188,0.005311722125929187,-0.04287701228641965,
GSE55190,0.005311722125929187,-0.04287701228641965,
GSE54952,0.005311722125929187,-0.04287701228641965,
GSE53214,0.005311722125929187,-0.04287701228641965,
GSE53218,0.005311722125929187,-0.04287701228641965,
GSE53244,0.005311722125929187,-0.04287701228641965,
GSE53249,0.005311722125929187,-0.04287701228641965,
GSE53380,0.005311722125929187,-0.04287701228641965,
GSE53398,0.005311722125929187,-0.04287701228641965,
GSE53401,0.005311722125929187,-0.04287701228641965,
GSE53427,0.005311722125929187,-0.04287701228641965,
GSE53538,0.005311722125929187,-0.04287701228641965,
GSE53595,0.005311722125929187,-0.04287701228641965,
GSE53627,0.005311722125929187,-0.04287701228641965,
GSE54411,0.005311722125929187,-0.04287701228641965,
GSE53743,0.005311722125929187,-0.04287701228641965,
GSE53793,0.005311722125929187,-0.04287701228641965,
GSE53794,0.005311722125929187,-0.04287701228641965,
GSE54006,0.005311722125929187,-0.04287701228641965,
GSE54098,0.005311722125929187,-0.04287701228641965,
GSE54113,0.005311722125929187,-0.04287701228641965,
GSE54124,0.005311722125929187,-0.04287701228641965,
GSE54226,0.005311722125929187,-0.04287701228641965,
GSE54286,0.005311722125929187,-0.04287701228641965,
GSE54287,0.005311722125929187,-0.04287701228641965,
GSE54390,0.005311722125929187,-0.04287701228641965,
GSE53683,0.005311722125929187,-0.04287701228641965,
GSE56276,0.005311722125929187,-0.04287701228641965,
GSE56367,0.005311722125929187,-0.04287701228641965,
GSE56446,0.005311722125929187,-0.04287701228641965,
GSE56473,0.005311722125929187,-0.04287701228641965,
GSE56575,0.005311722125929187,-0.04287701228641965,
GSE56786,0.005311722125929187,-0.04287701228641965,
GSE56867,0.005311722125929187,-0.04287701228641965,
GSE56872,0.005311722125929187,-0.04287701228641965,
GSE56890,0.005311722125929187,-0.04287701228641965,
GSE56902,0.005311722125929187,-0.04287701228641965,
GSE56904,0.005311722125929187,-0.04287701228641965,
GSE55280,0.005311722125929187,-0.04287701228641965,
GSE56932,0.005311722125929187,-0.04287701228641965,
GSE56933,0.005311722125929187,-0.04287701228641965,
GSE56966,0.005311722125929187,-0.04287701228641965,
GSE56983,0.005311722125929187,-0.04287701228641965,
GSE57043,0.005311722125929187,-0.04287701228641965,
GSE57054,0.005311722125929187,-0.04287701228641965,
GSE57249,0.005311722125929187,-0.04287701228641965,
GSE57313,0.005311722125929187,-0.04287701228641965,
GSE57415,0.005311722125929187,-0.04287701228641965,
GSE57419,0.005311722125929187,-0.04287701228641965,
GSE57423,0.005311722125929187,-0.04287701228641965,
GSE56905,0.005311722125929187,-0.04287701228641965,
GSE55310,0.005311722125929187,-0.04287701228641965,
GSE55376,0.005311722125929187,-0.04287701228641965,
GSE55377,0.005311722125929187,-0.04287701228641965,
GSE55385,0.005311722125929187,-0.04287701228641965,
GSE55394,0.005311722125929187,-0.04287701228641965,
GSE55423,0.005311722125929187,-0.04287701228641965,
GSE55480,0.005311722125929187,-0.04287701228641965,
GSE55581,0.005311722125929187,-0.04287701228641965,
GSE55590,0.005311722125929187,-0.04287701228641965,
GSE55633,0.005311722125929187,-0.04287701228641965,
GSE55682,0.005311722125929187,-0.04287701228641965,
GSE56248,0.005311722125929187,-0.04287701228641965,
GSE55776,0.005311722125929187,-0.04287701228641965,
GSE55788,0.005311722125929187,-0.04287701228641965,
GSE55790,0.005311722125929187,-0.04287701228641965,
GSE55797,0.005311722125929187,-0.04287701228641965,
GSE55808,0.005311722125929187,-0.04287701228641965,
GSE55870,0.005311722125929187,-0.04287701228641965,
GSE55966,0.005311722125929187,-0.04287701228641965,
GSE56018,0.005311722125929187,-0.04287701228641965,
GSE56122,0.005311722125929187,-0.04287701228641965,
GSE56175,0.005311722125929187,-0.04287701228641965,
GSE56185,0.005311722125929187,-0.04287701228641965,
GSE56240,0.005311722125929187,-0.04287701228641965,
GSE55744,0.005311722125929187,-0.04287701228641965,
GSE103492,0.005311722125929187,-0.04287701228641965,
GSE103524,0.005311722125929187,-0.04287701228641965,
GSE103525,0.005311722125929187,-0.04287701228641965,
GSE103545,0.005311722125929187,-0.04287701228641965,
GSE103662,0.005311722125929187,-0.04287701228641965,
GSE103670,0.005311722125929187,-0.04287701228641965,
GSE103712,0.005311722125929187,-0.04287701228641965,
GSE103713,0.005311722125929187,-0.04287701228641965,
GSE103714,0.005311722125929187,-0.04287701228641965,
GSE103722,0.005311722125929187,-0.04287701228641965,
GSE103725,0.005311722125929187,-0.04287701228641965,
GSE41792,0.005311722125929187,-0.04287701228641965,
GSE103753,0.005311722125929187,-0.04287701228641965,
GSE103880,0.005311722125929187,-0.04287701228641965,
GSE103901,0.005311722125929187,-0.04287701228641965,
GSE103903,0.005311722125929187,-0.04287701228641965,
GSE103949,0.005311722125929187,-0.04287701228641965,
GSE103956,0.005311722125929187,-0.04287701228641965,
GSE103958,0.005311722125929187,-0.04287701228641965,
GSE104054,0.005311722125929187,-0.04287701228641965,
GSE104064,0.005311722125929187,-0.04287701228641965,
GSE104086,0.005311722125929187,-0.04287701228641965,
GSE104189,0.005311722125929187,-0.04287701228641965,
GSE103736,0.005311722125929187,-0.04287701228641965,
GSE102772,0.005311722125929187,-0.04287701228641965,
GSE102783,0.005311722125929187,-0.04287701228641965,
GSE102788,0.005311722125929187,-0.04287701228641965,
GSE102789,0.005311722125929187,-0.04287701228641965,
GSE102808,0.005311722125929187,-0.04287701228641965,
GSE102817,0.005311722125929187,-0.04287701228641965,
GSE102856,0.005311722125929187,-0.04287701228641965,
GSE102867,0.005311722125929187,-0.04287701228641965,
GSE102890,0.005311722125929187,-0.04287701228641965,
GSE102965,0.005311722125929187,-0.04287701228641965,
GSE102982,0.005311722125929187,-0.04287701228641965,
GSE103435,0.005311722125929187,-0.04287701228641965,
GSE103086,0.005311722125929187,-0.04287701228641965,
GSE103126,0.005311722125929187,-0.04287701228641965,
GSE103127,0.005311722125929187,-0.04287701228641965,
GSE103183,0.005311722125929187,-0.04287701228641965,
GSE103185,0.005311722125929187,-0.04287701228641965,
GSE103194,0.005311722125929187,-0.04287701228641965,
GSE103219,0.005311722125929187,-0.04287701228641965,
GSE103272,0.005311722125929187,-0.04287701228641965,
GSE103319,0.005311722125929187,-0.04287701228641965,
GSE103341,0.005311722125929187,-0.04287701228641965,
GSE103377,0.005311722125929187,-0.04287701228641965,
GSE102992,0.005311722125929187,-0.04287701228641965,
GSE104820,0.005311722125929187,-0.04287701228641965,
GSE104875,0.005311722125929187,-0.04287701228641965,
GSE104920,0.005311722125929187,-0.04287701228641965,
GSE104990,0.005311722125929187,-0.04287701228641965,
GSE105043,0.005311722125929187,-0.04287701228641965,
GSE105045,0.005311722125929187,-0.04287701228641965,
GSE105138,0.005311722125929187,-0.04287701228641965,
GSE105158,0.005311722125929187,-0.04287701228641965,
GSE105266,0.005311722125929187,-0.04287701228641965,
GSE105455,0.005311722125929187,-0.04287701228641965,
GSE105471,0.005311722125929187,-0.04287701228641965,
GSE104205,0.005311722125929187,-0.04287701228641965,
GSE106085,0.005311722125929187,-0.04287701228641965,
GSE106102,0.005311722125929187,-0.04287701228641965,
GSE106138,0.005311722125929187,-0.04287701228641965,
GSE106161,0.005311722125929187,-0.04287701228641965,
GSE106210,0.005311722125929187,-0.04287701228641965,
GSE106264,0.005311722125929187,-0.04287701228641965,
GSE106275,0.005311722125929187,-0.04287701228641965,
GSE106294,0.005311722125929187,-0.04287701228641965,
GSE106349,0.005311722125929187,-0.04287701228641965,
GSE106436,0.005311722125929187,-0.04287701228641965,
GSE106467,0.005311722125929187,-0.04287701228641965,
GSE105806,0.005311722125929187,-0.04287701228641965,
GSE104213,0.005311722125929187,-0.04287701228641965,
GSE104264,0.005311722125929187,-0.04287701228641965,
GSE104294,0.005311722125929187,-0.04287701228641965,
GSE104325,0.005311722125929187,-0.04287701228641965,
GSE104331,0.005311722125929187,-0.04287701228641965,
GSE104365,0.005311722125929187,-0.04287701228641965,
GSE104424,0.005311722125929187,-0.04287701228641965,
GSE104443,0.005311722125929187,-0.04287701228641965,
GSE104453,0.005311722125929187,-0.04287701228641965,
GSE104461,0.005311722125929187,-0.04287701228641965,
GSE104463,0.005311722125929187,-0.04287701228641965,
GSE104803,0.005311722125929187,-0.04287701228641965,
GSE104508,0.005311722125929187,-0.04287701228641965,
GSE104513,0.005311722125929187,-0.04287701228641965,
GSE104525,0.005311722125929187,-0.04287701228641965,
GSE104555,0.005311722125929187,-0.04287701228641965,
GSE104560,0.005311722125929187,-0.04287701228641965,
GSE104633,0.005311722125929187,-0.04287701228641965,
GSE104658,0.005311722125929187,-0.04287701228641965,
GSE104708,0.005311722125929187,-0.04287701228641965,
GSE104725,0.005311722125929187,-0.04287701228641965,
GSE104734,0.005311722125929187,-0.04287701228641965,
GSE104762,0.005311722125929187,-0.04287701228641965,
GSE104777,0.005311722125929187,-0.04287701228641965,
GSE104507,0.005311722125929187,-0.04287701228641965,
GSE100820,0.005311722125929187,-0.04287701228641965,
GSE100827,0.005311722125929187,-0.04287701228641965,
GSE100873,0.005311722125929187,-0.04287701228641965,
GSE100888,0.005311722125929187,-0.04287701228641965,
GSE100934,0.005311722125929187,-0.04287701228641965,
GSE100941,0.005311722125929187,-0.04287701228641965,
GSE100961,0.005311722125929187,-0.04287701228641965,
GSE100964,0.005311722125929187,-0.04287701228641965,
GSE100981,0.005311722125929187,-0.04287701228641965,
GSE100983,0.005311722125929187,-0.04287701228641965,
GSE101016,0.005311722125929187,-0.04287701228641965,
GSE102768,0.005311722125929187,-0.04287701228641965,
GSE101092,0.005311722125929187,-0.04287701228641965,
GSE101125,0.005311722125929187,-0.04287701228641965,
GSE101340,0.005311722125929187,-0.04287701228641965,
GSE101391,0.005311722125929187,-0.04287701228641965,
GSE101470,0.005311722125929187,-0.04287701228641965,
GSE101487,0.005311722125929187,-0.04287701228641965,
GSE101510,0.005311722125929187,-0.04287701228641965,
GSE101527,0.005311722125929187,-0.04287701228641965,
GSE101537,0.005311722125929187,-0.04287701228641965,
GSE101552,0.005311722125929187,-0.04287701228641965,
GSE101596,0.005311722125929187,-0.04287701228641965,
GSE101091,0.005311722125929187,-0.04287701228641965,
GSE99260,0.005311722125929187,-0.04287701228641965,
GSE99164,0.005311722125929187,-0.04287701228641965,
GSE99166,0.005311722125929187,-0.04287701228641965,
GSE99233,0.005311722125929187,-0.04287701228641965,
GSE99250,0.005311722125929187,-0.04287701228641965,
GSE99296,0.005311722125929187,-0.04287701228641965,
GSE99307,0.005311722125929187,-0.04287701228641965,
GSE99331,0.005311722125929187,-0.04287701228641965,
GSE99363,0.005311722125929187,-0.04287701228641965,
GSE99364,0.005311722125929187,-0.04287701228641965,
GSE99397,0.005311722125929187,-0.04287701228641965,
GSE100771,0.005311722125929187,-0.04287701228641965,
GSE99412,0.005311722125929187,-0.04287701228641965,
GSE99440,0.005311722125929187,-0.04287701228641965,
GSE99504,0.005311722125929187,-0.04287701228641965,
GSE99619,0.005311722125929187,-0.04287701228641965,
GSE99645,0.005311722125929187,-0.04287701228641965,
GSE99646,0.005311722125929187,-0.04287701228641965,
GSE99656,0.005311722125929187,-0.04287701228641965,
GSE100674,0.005311722125929187,-0.04287701228641965,
GSE100690,0.005311722125929187,-0.04287701228641965,
GSE100727,0.005311722125929187,-0.04287701228641965,
GSE100732,0.005311722125929187,-0.04287701228641965,
GSE99409,0.005311722125929187,-0.04287701228641965,
GSE101996,0.005311722125929187,-0.04287701228641965,
GSE102007,0.005311722125929187,-0.04287701228641965,
GSE102014,0.005311722125929187,-0.04287701228641965,
GSE102020,0.005311722125929187,-0.04287701228641965,
GSE102159,0.005311722125929187,-0.04287701228641965,
GSE102161,0.005311722125929187,-0.04287701228641965,
GSE102227,0.005311722125929187,-0.04287701228641965,
GSE102269,0.005311722125929187,-0.04287701228641965,
GSE102299,0.005311722125929187,-0.04287701228641965,
GSE102334,0.005311722125929187,-0.04287701228641965,
GSE102365,0.005311722125929187,-0.04287701228641965,
GSE101643,0.005311722125929187,-0.04287701228641965,
GSE102491,0.005311722125929187,-0.04287701228641965,
GSE102562,0.005311722125929187,-0.04287701228641965,
GSE102563,0.005311722125929187,-0.04287701228641965,
GSE102564,0.005311722125929187,-0.04287701228641965,
GSE102566,0.005311722125929187,-0.04287701228641965,
GSE102623,0.005311722125929187,-0.04287701228641965,
GSE102624,0.005311722125929187,-0.04287701228641965,
GSE102642,0.005311722125929187,-0.04287701228641965,
GSE102659,0.005311722125929187,-0.04287701228641965,
GSE102675,0.005311722125929187,-0.04287701228641965,
GSE102757,0.005311722125929187,-0.04287701228641965,
GSE102454,0.005311722125929187,-0.04287701228641965,
GSE101650,0.005311722125929187,-0.04287701228641965,
GSE101657,0.005311722125929187,-0.04287701228641965,
GSE101678,0.005311722125929187,-0.04287701228641965,
GSE101690,0.005311722125929187,-0.04287701228641965,
GSE101696,0.005311722125929187,-0.04287701228641965,
GSE101701,0.005311722125929187,-0.04287701228641965,
GSE101712,0.005311722125929187,-0.04287701228641965,
GSE101748,0.005311722125929187,-0.04287701228641965,
GSE101753,0.005311722125929187,-0.04287701228641965,
GSE101767,0.005311722125929187,-0.04287701228641965,
GSE101772,0.005311722125929187,-0.04287701228641965,
GSE101995,0.005311722125929187,-0.04287701228641965,
GSE101810,0.005311722125929187,-0.04287701228641965,
GSE101815,0.005311722125929187,-0.04287701228641965,
GSE101859,0.005311722125929187,-0.04287701228641965,
GSE101865,0.005311722125929187,-0.04287701228641965,
GSE101898,0.005311722125929187,-0.04287701228641965,
GSE101902,0.005311722125929187,-0.04287701228641965,
GSE101925,0.005311722125929187,-0.04287701228641965,
GSE101928,0.005311722125929187,-0.04287701228641965,
GSE101939,0.005311722125929187,-0.04287701228641965,
GSE101957,0.005311722125929187,-0.04287701228641965,
GSE101986,0.005311722125929187,-0.04287701228641965,
GSE101994,0.005311722125929187,-0.04287701228641965,
GSE101806,0.005311722125929187,-0.04287701228641965,
GSE35599,0.005311722125929187,-0.04287701228641965,
GSE35616,0.005311722125929187,-0.04287701228641965,
GSE35626,0.005311722125929187,-0.04287701228641965,
GSE35681,0.005311722125929187,-0.04287701228641965,
GSE35838,0.005311722125929187,-0.04287701228641965,
GSE36005,0.005311722125929187,-0.04287701228641965,
GSE36025,0.005311722125929187,-0.04287701228641965,
GSE36026,0.005311722125929187,-0.04287701228641965,
GSE36232,0.005311722125929187,-0.04287701228641965,
GSE36567,0.005311722125929187,-0.04287701228641965,
GSE36639,0.005311722125929187,-0.04287701228641965,
GSE106471,0.005311722125929187,-0.04287701228641965,
GSE36872,0.005311722125929187,-0.04287701228641965,
GSE36873,0.005311722125929187,-0.04287701228641965,
GSE36882,0.005311722125929187,-0.04287701228641965,
GSE36892,0.005311722125929187,-0.04287701228641965,
GSE36896,0.005311722125929187,-0.04287701228641965,
GSE37018,0.005311722125929187,-0.04287701228641965,
GSE37076,0.005311722125929187,-0.04287701228641965,
GSE37150,0.005311722125929187,-0.04287701228641965,
GSE37184,0.005311722125929187,-0.04287701228641965,
GSE37228,0.005311722125929187,-0.04287701228641965,
GSE37236,0.005311722125929187,-0.04287701228641965,
GSE36871,0.005311722125929187,-0.04287701228641965,
GSE30943,0.005311722125929187,-0.04287701228641965,
GSE31182,0.005311722125929187,-0.04287701228641965,
GSE31530,0.005311722125929187,-0.04287701228641965,
GSE31555,0.005311722125929187,-0.04287701228641965,
GSE31843,0.005311722125929187,-0.04287701228641965,
GSE31920,0.005311722125929187,-0.04287701228641965,
GSE32190,0.005311722125929187,-0.04287701228641965,
GSE32916,0.005311722125929187,-0.04287701228641965,
GSE33252,0.005311722125929187,-0.04287701228641965,
GSE33306,0.005311722125929187,-0.04287701228641965,
GSE33468,0.005311722125929187,-0.04287701228641965,
GSE35553,0.005311722125929187,-0.04287701228641965,
GSE33815,0.005311722125929187,-0.04287701228641965,
GSE33920,0.005311722125929187,-0.04287701228641965,
GSE33921,0.005311722125929187,-0.04287701228641965,
GSE33922,0.005311722125929187,-0.04287701228641965,
GSE33979,0.005311722125929187,-0.04287701228641965,
GSE34550,0.005311722125929187,-0.04287701228641965,
GSE34903,0.005311722125929187,-0.04287701228641965,
GSE35005,0.005311722125929187,-0.04287701228641965,
GSE35213,0.005311722125929187,-0.04287701228641965,
GSE35350,0.005311722125929187,-0.04287701228641965,
GSE35368,0.005311722125929187,-0.04287701228641965,
GSE33473,0.005311722125929187,-0.04287701228641965,
GSE39605,0.005311722125929187,-0.04287701228641965,
GSE39619,0.005311722125929187,-0.04287701228641965,
GSE39652,0.005311722125929187,-0.04287701228641965,
GSE39656,0.005311722125929187,-0.04287701228641965,
GSE39756,0.005311722125929187,-0.04287701228641965,
GSE39812,0.005311722125929187,-0.04287701228641965,
GSE39849,0.005311722125929187,-0.04287701228641965,
GSE39851,0.005311722125929187,-0.04287701228641965,
GSE39866,0.005311722125929187,-0.04287701228641965,
GSE39970,0.005311722125929187,-0.04287701228641965,
GSE39978,0.005311722125929187,-0.04287701228641965,
GSE37646,0.005311722125929187,-0.04287701228641965,
GSE40190,0.005311722125929187,-0.04287701228641965,
GSE40285,0.005311722125929187,-0.04287701228641965,
GSE40350,0.005311722125929187,-0.04287701228641965,
GSE40436,0.005311722125929187,-0.04287701228641965,
GSE40918,0.005311722125929187,-0.04287701228641965,
GSE40969,0.005311722125929187,-0.04287701228641965,
GSE40978,0.005311722125929187,-0.04287701228641965,
GSE41082,0.005311722125929187,-0.04287701228641965,
GSE41285,0.005311722125929187,-0.04287701228641965,
GSE41293,0.005311722125929187,-0.04287701228641965,
GSE41538,0.005311722125929187,-0.04287701228641965,
GSE40171,0.005311722125929187,-0.04287701228641965,
GSE37685,0.005311722125929187,-0.04287701228641965,
GSE37746,0.005311722125929187,-0.04287701228641965,
GSE37909,0.005311722125929187,-0.04287701228641965,
GSE37933,0.005311722125929187,-0.04287701228641965,
GSE37952,0.005311722125929187,-0.04287701228641965,
GSE38046,0.005311722125929187,-0.04287701228641965,
GSE38144,0.005311722125929187,-0.04287701228641965,
GSE38198,0.005311722125929187,-0.04287701228641965,
GSE38236,0.005311722125929187,-0.04287701228641965,
GSE38324,0.005311722125929187,-0.04287701228641965,
GSE38359,0.005311722125929187,-0.04287701228641965,
GSE39513,0.005311722125929187,-0.04287701228641965,
GSE38669,0.005311722125929187,-0.04287701228641965,
GSE38820,0.005311722125929187,-0.04287701228641965,
GSE38838,0.005311722125929187,-0.04287701228641965,
GSE38841,0.005311722125929187,-0.04287701228641965,
GSE38842,0.005311722125929187,-0.04287701228641965,
GSE38845,0.005311722125929187,-0.04287701228641965,
GSE38892,0.005311722125929187,-0.04287701228641965,
GSE39113,0.005311722125929187,-0.04287701228641965,
GSE39129,0.005311722125929187,-0.04287701228641965,
GSE39160,0.005311722125929187,-0.04287701228641965,
GSE39438,0.005311722125929187,-0.04287701228641965,
GSE39509,0.005311722125929187,-0.04287701228641965,
GSE38497,0.005311722125929187,-0.04287701228641965,
GSE107653,0.005311722125929187,-0.04287701228641965,
GSE107670,0.005311722125929187,-0.04287701228641965,
GSE107678,0.005311722125929187,-0.04287701228641965,
GSE107849,0.005311722125929187,-0.04287701228641965,
GSE107915,0.005311722125929187,-0.04287701228641965,
GSE107925,0.005311722125929187,-0.04287701228641965,
GSE107958,0.005311722125929187,-0.04287701228641965,
GSE108044,0.005311722125929187,-0.04287701228641965,
GSE108045,0.005311722125929187,-0.04287701228641965,
GSE108069,0.005311722125929187,-0.04287701228641965,
GSE108080,0.005311722125929187,-0.04287701228641965,
GSE30641,0.005311722125929187,-0.04287701228641965,
GSE108184,0.005311722125929187,-0.04287701228641965,
GSE108402,0.005311722125929187,-0.04287701228641965,
GSE108523,0.005311722125929187,-0.04287701228641965,
GSE108528,0.005311722125929187,-0.04287701228641965,
GSE108678,0.005311722125929187,-0.04287701228641965,
GSE108753,0.005311722125929187,-0.04287701228641965,
GSE108769,0.005311722125929187,-0.04287701228641965,
GSE108811,0.005311722125929187,-0.04287701228641965,
GSE108836,0.005311722125929187,-0.04287701228641965,
GSE108917,0.005311722125929187,-0.04287701228641965,
GSE109032,0.005311722125929187,-0.04287701228641965,
GSE108161,0.005311722125929187,-0.04287701228641965,
GSE106550,0.005311722125929187,-0.04287701228641965,
GSE106575,0.005311722125929187,-0.04287701228641965,
GSE106586,0.005311722125929187,-0.04287701228641965,
GSE106594,0.005311722125929187,-0.04287701228641965,
GSE106612,0.005311722125929187,-0.04287701228641965,
GSE106663,0.005311722125929187,-0.04287701228641965,
GSE106674,0.005311722125929187,-0.04287701228641965,
GSE106678,0.005311722125929187,-0.04287701228641965,
GSE106700,0.005311722125929187,-0.04287701228641965,
GSE106709,0.005311722125929187,-0.04287701228641965,
GSE106760,0.005311722125929187,-0.04287701228641965,
GSE107643,0.005311722125929187,-0.04287701228641965,
GSE106901,0.005311722125929187,-0.04287701228641965,
GSE106913,0.005311722125929187,-0.04287701228641965,
GSE107115,0.005311722125929187,-0.04287701228641965,
GSE107338,0.005311722125929187,-0.04287701228641965,
GSE107413,0.005311722125929187,-0.04287701228641965,
GSE107470,0.005311722125929187,-0.04287701228641965,
GSE107583,0.005311722125929187,-0.04287701228641965,
GSE107586,0.005311722125929187,-0.04287701228641965,
GSE107592,0.005311722125929187,-0.04287701228641965,
GSE107617,0.005311722125929187,-0.04287701228641965,
GSE107623,0.005311722125929187,-0.04287701228641965,
GSE106895,0.005311722125929187,-0.04287701228641965,
GSE21180,0.005311722125929187,-0.04287701228641965,
GSE21580,0.005311722125929187,-0.04287701228641965,
GSE21699,0.005311722125929187,-0.04287701228641965,
GSE22001,0.005311722125929187,-0.04287701228641965,
GSE22131,0.005311722125929187,-0.04287701228641965,
GSE22182,0.005311722125929187,-0.04287701228641965,
GSE23619,0.005311722125929187,-0.04287701228641965,
GSE25602,0.005311722125929187,-0.04287701228641965,
GSE25626,0.005311722125929187,-0.04287701228641965,
GSE26248,0.005311722125929187,-0.04287701228641965,
GSE26337,0.005311722125929187,-0.04287701228641965,
GSE109099,0.005311722125929187,-0.04287701228641965,
GSE27201,0.005311722125929187,-0.04287701228641965,
GSE27218,0.005311722125929187,-0.04287701228641965,
GSE27623,0.005311722125929187,-0.04287701228641965,
GSE28207,0.005311722125929187,-0.04287701228641965,
GSE28666,0.005311722125929187,-0.04287701228641965,
GSE29087,0.005311722125929187,-0.04287701228641965,
GSE29278,0.005311722125929187,-0.04287701228641965,
GSE29362,0.005311722125929187,-0.04287701228641965,
GSE29690,0.005311722125929187,-0.04287701228641965,
GSE29898,0.005311722125929187,-0.04287701228641965,
GSE30578,0.005311722125929187,-0.04287701228641965,
GSE27016,0.005311722125929187,-0.04287701228641965,
GSE109152,0.005311722125929187,-0.04287701228641965,
GSE109238,0.005311722125929187,-0.04287701228641965,
GSE109279,0.005311722125929187,-0.04287701228641965,
GSE109285,0.005311722125929187,-0.04287701228641965,
GSE109345,0.005311722125929187,-0.04287701228641965,
GSE109404,0.005311722125929187,-0.04287701228641965,
GSE109544,0.005311722125929187,-0.04287701228641965,
GSE109556,0.005311722125929187,-0.04287701228641965,
GSE109653,0.005311722125929187,-0.04287701228641965,
GSE109847,0.005311722125929187,-0.04287701228641965,
GSE110648,0.005311722125929187,-0.04287701228641965,
GSE21161,0.005311722125929187,-0.04287701228641965,
GSE112204,0.005311722125929187,-0.04287701228641965,
GSE114997,0.005311722125929187,-0.04287701228641965,
GSE116177,0.005311722125929187,-0.04287701228641965,
GSE116525,0.005311722125929187,-0.04287701228641965,
GSE117470,0.005311722125929187,-0.04287701228641965,
GSE117978,0.005311722125929187,-0.04287701228641965,
GSE121654,0.005311722125929187,-0.04287701228641965,
GSE123021,0.005311722125929187,-0.04287701228641965,
GSE124872,0.005311722125929187,-0.04287701228641965,
GSE19066,0.005311722125929187,-0.04287701228641965,
GSE20846,0.005311722125929187,-0.04287701228641965,
GSE20898,0.005311722125929187,-0.04287701228641965,
GSE111778,0.005311722125929187,-0.04287701228641965,
GSE72846,0.005311722125929187,-0.04287701228641965,
GSE72847,0.005311722125929187,-0.04287701228641965,
GSE72851,0.005311722125929187,-0.04287701228641965,
GSE72855,0.005311722125929187,-0.04287701228641965,
GSE72860,0.005311722125929187,-0.04287701228641965,
GSE72901,0.005311722125929187,-0.04287701228641965,
GSE72909,0.005311722125929187,-0.04287701228641965,
GSE72910,0.005311722125929187,-0.04287701228641965,
GSE72937,0.005311722125929187,-0.04287701228641965,
GSE72941,0.005311722125929187,-0.04287701228641965,
GSE72942,0.005311722125929187,-0.04287701228641965,
GSE60361,0.005311722125929187,-0.04287701228641965,
GSE73018,0.005311722125929187,-0.04287701228641965,
GSE73029,0.005311722125929187,-0.04287701228641965,
GSE73049,0.005311722125929187,-0.04287701228641965,
GSE73077,0.005311722125929187,-0.04287701228641965,
GSE73082,0.005311722125929187,-0.04287701228641965,
GSE73083,0.005311722125929187,-0.04287701228641965,
GSE73100,0.005311722125929187,-0.04287701228641965,
GSE73225,0.005311722125929187,-0.04287701228641965,
GSE73238,0.005311722125929187,-0.04287701228641965,
GSE73271,0.005311722125929187,-0.04287701228641965,
GSE73279,0.005311722125929187,-0.04287701228641965,
GSE72964,0.005311722125929187,-0.04287701228641965,
GSE72402,0.005311722125929187,-0.04287701228641965,
GSE72403,0.005311722125929187,-0.04287701228641965,
GSE72410,0.005311722125929187,-0.04287701228641965,
GSE72480,0.005311722125929187,-0.04287701228641965,
GSE72491,0.005311722125929187,-0.04287701228641965,
GSE72521,0.005311722125929187,-0.04287701228641965,
GSE72537,0.005311722125929187,-0.04287701228641965,
GSE72546,0.005311722125929187,-0.04287701228641965,
GSE72550,0.005311722125929187,-0.04287701228641965,
GSE72552,0.005311722125929187,-0.04287701228641965,
GSE72574,0.005311722125929187,-0.04287701228641965,
GSE72831,0.005311722125929187,-0.04287701228641965,
GSE72601,0.005311722125929187,-0.04287701228641965,
GSE72664,0.005311722125929187,-0.04287701228641965,
GSE72671,0.005311722125929187,-0.04287701228641965,
GSE72710,0.005311722125929187,-0.04287701228641965,
GSE72724,0.005311722125929187,-0.04287701228641965,
GSE72726,0.005311722125929187,-0.04287701228641965,
GSE72761,0.005311722125929187,-0.04287701228641965,
GSE72762,0.005311722125929187,-0.04287701228641965,
GSE72764,0.005311722125929187,-0.04287701228641965,
GSE72808,0.005311722125929187,-0.04287701228641965,
GSE72823,0.005311722125929187,-0.04287701228641965,
GSE72590,0.005311722125929187,-0.04287701228641965,
GSE73909,0.005311722125929187,-0.04287701228641965,
GSE73932,0.005311722125929187,-0.04287701228641965,
GSE73977,0.005311722125929187,-0.04287701228641965,
GSE73984,0.005311722125929187,-0.04287701228641965,
GSE74049,0.005311722125929187,-0.04287701228641965,
GSE74052,0.005311722125929187,-0.04287701228641965,
GSE74064,0.005311722125929187,-0.04287701228641965,
GSE74094,0.005311722125929187,-0.04287701228641965,
GSE74113,0.005311722125929187,-0.04287701228641965,
GSE74148,0.005311722125929187,-0.04287701228641965,
GSE74157,0.005311722125929187,-0.04287701228641965,
GSE73308,0.005311722125929187,-0.04287701228641965,
GSE74274,0.005311722125929187,-0.04287701228641965,
GSE74278,0.005311722125929187,-0.04287701228641965,
GSE74315,0.005311722125929187,-0.04287701228641965,
GSE74344,0.005311722125929187,-0.04287701228641965,
GSE74366,0.005311722125929187,-0.04287701228641965,
GSE74371,0.005311722125929187,-0.04287701228641965,
GSE74406,0.005311722125929187,-0.04287701228641965,
GSE74423,0.005311722125929187,-0.04287701228641965,
GSE74429,0.005311722125929187,-0.04287701228641965,
GSE74456,0.005311722125929187,-0.04287701228641965,
GSE74490,0.005311722125929187,-0.04287701228641965,
GSE74189,0.005311722125929187,-0.04287701228641965,
GSE73372,0.005311722125929187,-0.04287701228641965,
GSE73391,0.005311722125929187,-0.04287701228641965,
GSE73413,0.005311722125929187,-0.04287701228641965,
GSE73436,0.005311722125929187,-0.04287701228641965,
GSE73438,0.005311722125929187,-0.04287701228641965,
GSE73457,0.005311722125929187,-0.04287701228641965,
GSE73536,0.005311722125929187,-0.04287701228641965,
GSE73541,0.005311722125929187,-0.04287701228641965,
GSE73559,0.005311722125929187,-0.04287701228641965,
GSE73560,0.005311722125929187,-0.04287701228641965,
GSE73561,0.005311722125929187,-0.04287701228641965,
GSE73881,0.005311722125929187,-0.04287701228641965,
GSE73574,0.005311722125929187,-0.04287701228641965,
GSE73611,0.005311722125929187,-0.04287701228641965,
GSE73653,0.005311722125929187,-0.04287701228641965,
GSE73698,0.005311722125929187,-0.04287701228641965,
GSE73711,0.005311722125929187,-0.04287701228641965,
GSE73729,0.005311722125929187,-0.04287701228641965,
GSE73743,0.005311722125929187,-0.04287701228641965,
GSE73787,0.005311722125929187,-0.04287701228641965,
GSE73803,0.005311722125929187,-0.04287701228641965,
GSE73823,0.005311722125929187,-0.04287701228641965,
GSE73861,0.005311722125929187,-0.04287701228641965,
GSE73562,0.005311722125929187,-0.04287701228641965,
GSE70844,0.005311722125929187,-0.04287701228641965,
GSE70849,0.005311722125929187,-0.04287701228641965,
GSE70889,0.005311722125929187,-0.04287701228641965,
GSE70895,0.005311722125929187,-0.04287701228641965,
GSE70896,0.005311722125929187,-0.04287701228641965,
GSE70904,0.005311722125929187,-0.04287701228641965,
GSE70941,0.005311722125929187,-0.04287701228641965,
GSE70981,0.005311722125929187,-0.04287701228641965,
GSE71025,0.005311722125929187,-0.04287701228641965,
GSE71042,0.005311722125929187,-0.04287701228641965,
GSE71076,0.005311722125929187,-0.04287701228641965,
GSE72369,0.005311722125929187,-0.04287701228641965,
GSE71145,0.005311722125929187,-0.04287701228641965,
GSE71159,0.005311722125929187,-0.04287701228641965,
GSE71162,0.005311722125929187,-0.04287701228641965,
GSE71165,0.005311722125929187,-0.04287701228641965,
GSE71176,0.005311722125929187,-0.04287701228641965,
GSE71185,0.005311722125929187,-0.04287701228641965,
GSE71198,0.005311722125929187,-0.04287701228641965,
GSE71209,0.005311722125929187,-0.04287701228641965,
GSE71217,0.005311722125929187,-0.04287701228641965,
GSE71229,0.005311722125929187,-0.04287701228641965,
GSE71233,0.005311722125929187,-0.04287701228641965,
GSE71126,0.005311722125929187,-0.04287701228641965,
GSE70452,0.005311722125929187,-0.04287701228641965,
GSE70471,0.005311722125929187,-0.04287701228641965,
GSE70481,0.005311722125929187,-0.04287701228641965,
GSE70484,0.005311722125929187,-0.04287701228641965,
GSE70497,0.005311722125929187,-0.04287701228641965,
GSE70499,0.005311722125929187,-0.04287701228641965,
GSE70510,0.005311722125929187,-0.04287701228641965,
GSE70520,0.005311722125929187,-0.04287701228641965,
GSE70538,0.005311722125929187,-0.04287701228641965,
GSE70542,0.005311722125929187,-0.04287701228641965,
GSE70588,0.005311722125929187,-0.04287701228641965,
GSE70819,0.005311722125929187,-0.04287701228641965,
GSE70667,0.005311722125929187,-0.04287701228641965,
GSE70699,0.005311722125929187,-0.04287701228641965,
GSE70706,0.005311722125929187,-0.04287701228641965,
GSE70711,0.005311722125929187,-0.04287701228641965,
GSE70713,0.005311722125929187,-0.04287701228641965,
GSE70723,0.005311722125929187,-0.04287701228641965,
GSE70731,0.005311722125929187,-0.04287701228641965,
GSE70732,0.005311722125929187,-0.04287701228641965,
GSE70788,0.005311722125929187,-0.04287701228641965,
GSE70793,0.005311722125929187,-0.04287701228641965,
GSE70814,0.005311722125929187,-0.04287701228641965,
GSE70596,0.005311722125929187,-0.04287701228641965,
GSE71744,0.005311722125929187,-0.04287701228641965,
GSE71843,0.005311722125929187,-0.04287701228641965,
GSE71873,0.005311722125929187,-0.04287701228641965,
GSE71912,0.005311722125929187,-0.04287701228641965,
GSE71948,0.005311722125929187,-0.04287701228641965,
GSE72003,0.005311722125929187,-0.04287701228641965,
GSE72064,0.005311722125929187,-0.04287701228641965,
GSE72069,0.005311722125929187,-0.04287701228641965,
GSE72086,0.005311722125929187,-0.04287701228641965,
GSE72095,0.005311722125929187,-0.04287701228641965,
GSE72105,0.005311722125929187,-0.04287701228641965,
GSE71234,0.005311722125929187,-0.04287701228641965,
GSE72165,0.005311722125929187,-0.04287701228641965,
GSE100039,0.005311722125929187,-0.04287701228641965,
GSE72196,0.005311722125929187,-0.04287701228641965,
GSE72207,0.005311722125929187,-0.04287701228641965,
GSE72238,0.005311722125929187,-0.04287701228641965,
GSE72293,0.005311722125929187,-0.04287701228641965,
GSE72311,0.005311722125929187,-0.04287701228641965,
GSE72312,0.005311722125929187,-0.04287701228641965,
GSE72321,0.005311722125929187,-0.04287701228641965,
GSE72343,0.005311722125929187,-0.04287701228641965,
GSE72368,0.005311722125929187,-0.04287701228641965,
GSE72136,0.005311722125929187,-0.04287701228641965,
GSE71257,0.005311722125929187,-0.04287701228641965,
GSE71281,0.005311722125929187,-0.04287701228641965,
GSE71295,0.005311722125929187,-0.04287701228641965,
GSE71309,0.005311722125929187,-0.04287701228641965,
GSE71310,0.005311722125929187,-0.04287701228641965,
GSE71385,0.005311722125929187,-0.04287701228641965,
GSE71387,0.005311722125929187,-0.04287701228641965,
GSE71396,0.005311722125929187,-0.04287701228641965,
GSE71405,0.005311722125929187,-0.04287701228641965,
GSE71462,0.005311722125929187,-0.04287701228641965,
GSE71463,0.005311722125929187,-0.04287701228641965,
GSE71734,0.005311722125929187,-0.04287701228641965,
GSE71508,0.005311722125929187,-0.04287701228641965,
GSE71513,0.005311722125929187,-0.04287701228641965,
GSE71529,0.005311722125929187,-0.04287701228641965,
GSE71531,0.005311722125929187,-0.04287701228641965,
GSE71534,0.005311722125929187,-0.04287701228641965,
GSE71574,0.005311722125929187,-0.04287701228641965,
GSE71586,0.005311722125929187,-0.04287701228641965,
GSE71619,0.005311722125929187,-0.04287701228641965,
GSE71629,0.005311722125929187,-0.04287701228641965,
GSE71635,0.005311722125929187,-0.04287701228641965,
GSE71679,0.005311722125929187,-0.04287701228641965,
GSE71699,0.005311722125929187,-0.04287701228641965,
GSE71499,0.005311722125929187,-0.04287701228641965,
GSE76498,0.005311722125929187,-0.04287701228641965,
GSE76505,0.005311722125929187,-0.04287701228641965,
GSE76552,0.005311722125929187,-0.04287701228641965,
GSE76565,0.005311722125929187,-0.04287701228641965,
GSE76567,0.005311722125929187,-0.04287701228641965,
GSE76587,0.005311722125929187,-0.04287701228641965,
GSE76602,0.005311722125929187,-0.04287701228641965,
GSE76609,0.005311722125929187,-0.04287701228641965,
GSE76619,0.005311722125929187,-0.04287701228641965,
GSE76634,0.005311722125929187,-0.04287701228641965,
GSE76642,0.005311722125929187,-0.04287701228641965,
GSE74506,0.005311722125929187,-0.04287701228641965,
GSE76722,0.005311722125929187,-0.04287701228641965,
GSE76724,0.005311722125929187,-0.04287701228641965,
GSE76733,0.005311722125929187,-0.04287701228641965,
GSE76748,0.005311722125929187,-0.04287701228641965,
GSE76749,0.005311722125929187,-0.04287701228641965,
GSE76752,0.005311722125929187,-0.04287701228641965,
GSE76755,0.005311722125929187,-0.04287701228641965,
GSE76772,0.005311722125929187,-0.04287701228641965,
GSE76776,0.005311722125929187,-0.04287701228641965,
GSE76838,0.005311722125929187,-0.04287701228641965,
GSE76864,0.005311722125929187,-0.04287701228641965,
GSE76687,0.005311722125929187,-0.04287701228641965,
GSE76097,0.005311722125929187,-0.04287701228641965,
GSE76132,0.005311722125929187,-0.04287701228641965,
GSE76133,0.005311722125929187,-0.04287701228641965,
GSE76138,0.005311722125929187,-0.04287701228641965,
GSE76140,0.005311722125929187,-0.04287701228641965,
GSE76157,0.005311722125929187,-0.04287701228641965,
GSE76183,0.005311722125929187,-0.04287701228641965,
GSE76184,0.005311722125929187,-0.04287701228641965,
GSE76186,0.005311722125929187,-0.04287701228641965,
GSE76217,0.005311722125929187,-0.04287701228641965,
GSE76222,0.005311722125929187,-0.04287701228641965,
GSE76466,0.005311722125929187,-0.04287701228641965,
GSE76291,0.005311722125929187,-0.04287701228641965,
GSE76294,0.005311722125929187,-0.04287701228641965,
GSE76303,0.005311722125929187,-0.04287701228641965,
GSE76309,0.005311722125929187,-0.04287701228641965,
GSE76315,0.005311722125929187,-0.04287701228641965,
GSE76316,0.005311722125929187,-0.04287701228641965,
GSE76317,0.005311722125929187,-0.04287701228641965,
GSE76356,0.005311722125929187,-0.04287701228641965,
GSE76359,0.005311722125929187,-0.04287701228641965,
GSE76362,0.005311722125929187,-0.04287701228641965,
GSE76419,0.005311722125929187,-0.04287701228641965,
GSE76261,0.005311722125929187,-0.04287701228641965,
GSE77453,0.005311722125929187,-0.04287701228641965,
GSE77454,0.005311722125929187,-0.04287701228641965,
GSE77456,0.005311722125929187,-0.04287701228641965,
GSE77458,0.005311722125929187,-0.04287701228641965,
GSE77471,0.005311722125929187,-0.04287701228641965,
GSE77482,0.005311722125929187,-0.04287701228641965,
GSE77514,0.005311722125929187,-0.04287701228641965,
GSE77541,0.005311722125929187,-0.04287701228641965,
GSE77547,0.005311722125929187,-0.04287701228641965,
GSE77569,0.005311722125929187,-0.04287701228641965,
GSE77586,0.005311722125929187,-0.04287701228641965,
GSE76865,0.005311722125929187,-0.04287701228641965,
GSE77625,0.005311722125929187,-0.04287701228641965,
GSE77636,0.005311722125929187,-0.04287701228641965,
GSE77646,0.005311722125929187,-0.04287701228641965,
GSE77652,0.005311722125929187,-0.04287701228641965,
GSE77656,0.005311722125929187,-0.04287701228641965,
GSE77681,0.005311722125929187,-0.04287701228641965,
GSE77693,0.005311722125929187,-0.04287701228641965,
GSE77695,0.005311722125929187,-0.04287701228641965,
GSE77715,0.005311722125929187,-0.04287701228641965,
GSE77722,0.005311722125929187,-0.04287701228641965,
GSE77729,0.005311722125929187,-0.04287701228641965,
GSE77588,0.005311722125929187,-0.04287701228641965,
GSE76868,0.005311722125929187,-0.04287701228641965,
GSE76926,0.005311722125929187,-0.04287701228641965,
GSE76929,0.005311722125929187,-0.04287701228641965,
GSE76932,0.005311722125929187,-0.04287701228641965,
GSE76988,0.005311722125929187,-0.04287701228641965,
GSE76992,0.005311722125929187,-0.04287701228641965,
GSE77005,0.005311722125929187,-0.04287701228641965,
GSE77007,0.005311722125929187,-0.04287701228641965,
GSE77010,0.005311722125929187,-0.04287701228641965,
GSE77067,0.005311722125929187,-0.04287701228641965,
GSE77081,0.005311722125929187,-0.04287701228641965,
GSE77449,0.005311722125929187,-0.04287701228641965,
GSE77105,0.005311722125929187,-0.04287701228641965,
GSE77113,0.005311722125929187,-0.04287701228641965,
GSE77133,0.005311722125929187,-0.04287701228641965,
GSE77188,0.005311722125929187,-0.04287701228641965,
GSE77195,0.005311722125929187,-0.04287701228641965,
GSE77214,0.005311722125929187,-0.04287701228641965,
GSE77262,0.005311722125929187,-0.04287701228641965,
GSE77319,0.005311722125929187,-0.04287701228641965,
GSE77323,0.005311722125929187,-0.04287701228641965,
GSE77351,0.005311722125929187,-0.04287701228641965,
GSE77374,0.005311722125929187,-0.04287701228641965,
GSE77410,0.005311722125929187,-0.04287701228641965,
GSE77083,0.005311722125929187,-0.04287701228641965,
GSE74966,0.005311722125929187,-0.04287701228641965,
GSE74973,0.005311722125929187,-0.04287701228641965,
GSE74980,0.005311722125929187,-0.04287701228641965,
GSE75000,0.005311722125929187,-0.04287701228641965,
GSE75038,0.005311722125929187,-0.04287701228641965,
GSE75049,0.005311722125929187,-0.04287701228641965,
GSE75064,0.005311722125929187,-0.04287701228641965,
GSE75074,0.005311722125929187,-0.04287701228641965,
GSE75077,0.005311722125929187,-0.04287701228641965,
GSE75103,0.005311722125929187,-0.04287701228641965,
GSE75104,0.005311722125929187,-0.04287701228641965,
GSE76075,0.005311722125929187,-0.04287701228641965,
GSE75106,0.005311722125929187,-0.04287701228641965,
GSE75154,0.005311722125929187,-0.04287701228641965,
GSE75176,0.005311722125929187,-0.04287701228641965,
GSE75192,0.005311722125929187,-0.04287701228641965,
GSE75210,0.005311722125929187,-0.04287701228641965,
GSE75229,0.005311722125929187,-0.04287701228641965,
GSE75242,0.005311722125929187,-0.04287701228641965,
GSE75300,0.005311722125929187,-0.04287701228641965,
GSE75318,0.005311722125929187,-0.04287701228641965,
GSE75332,0.005311722125929187,-0.04287701228641965,
GSE75357,0.005311722125929187,-0.04287701228641965,
GSE75105,0.005311722125929187,-0.04287701228641965,
GSE74518,0.005311722125929187,-0.04287701228641965,
GSE74528,0.005311722125929187,-0.04287701228641965,
GSE74537,0.005311722125929187,-0.04287701228641965,
GSE74549,0.005311722125929187,-0.04287701228641965,
GSE74552,0.005311722125929187,-0.04287701228641965,
GSE74558,0.005311722125929187,-0.04287701228641965,
GSE74570,0.005311722125929187,-0.04287701228641965,
GSE74583,0.005311722125929187,-0.04287701228641965,
GSE74630,0.005311722125929187,-0.04287701228641965,
GSE74650,0.005311722125929187,-0.04287701228641965,
GSE74660,0.005311722125929187,-0.04287701228641965,
GSE74961,0.005311722125929187,-0.04287701228641965,
GSE74682,0.005311722125929187,-0.04287701228641965,
GSE74746,0.005311722125929187,-0.04287701228641965,
GSE74747,0.005311722125929187,-0.04287701228641965,
GSE74750,0.005311722125929187,-0.04287701228641965,
GSE74762,0.005311722125929187,-0.04287701228641965,
GSE74804,0.005311722125929187,-0.04287701228641965,
GSE74822,0.005311722125929187,-0.04287701228641965,
GSE74889,0.005311722125929187,-0.04287701228641965,
GSE74923,0.005311722125929187,-0.04287701228641965,
GSE74938,0.005311722125929187,-0.04287701228641965,
GSE74957,0.005311722125929187,-0.04287701228641965,
GSE74679,0.005311722125929187,-0.04287701228641965,
GSE75809,0.005311722125929187,-0.04287701228641965,
GSE75816,0.005311722125929187,-0.04287701228641965,
GSE75826,0.005311722125929187,-0.04287701228641965,
GSE75832,0.005311722125929187,-0.04287701228641965,
GSE75851,0.005311722125929187,-0.04287701228641965,
GSE75896,0.005311722125929187,-0.04287701228641965,
GSE75907,0.005311722125929187,-0.04287701228641965,
GSE75909,0.005311722125929187,-0.04287701228641965,
GSE75925,0.005311722125929187,-0.04287701228641965,
GSE75936,0.005311722125929187,-0.04287701228641965,
GSE75944,0.005311722125929187,-0.04287701228641965,
GSE75386,0.005311722125929187,-0.04287701228641965,
GSE75957,0.005311722125929187,-0.04287701228641965,
GSE75966,0.005311722125929187,-0.04287701228641965,
GSE75976,0.005311722125929187,-0.04287701228641965,
GSE75993,0.005311722125929187,-0.04287701228641965,
GSE75995,0.005311722125929187,-0.04287701228641965,
GSE75997,0.005311722125929187,-0.04287701228641965,
GSE76005,0.005311722125929187,-0.04287701228641965,
GSE76026,0.005311722125929187,-0.04287701228641965,
GSE76030,0.005311722125929187,-0.04287701228641965,
GSE76062,0.005311722125929187,-0.04287701228641965,
GSE76069,0.005311722125929187,-0.04287701228641965,
GSE75951,0.005311722125929187,-0.04287701228641965,
GSE75417,0.005311722125929187,-0.04287701228641965,
GSE75453,0.005311722125929187,-0.04287701228641965,
GSE75470,0.005311722125929187,-0.04287701228641965,
GSE75510,0.005311722125929187,-0.04287701228641965,
GSE75544,0.005311722125929187,-0.04287701228641965,
GSE75549,0.005311722125929187,-0.04287701228641965,
GSE75576,0.005311722125929187,-0.04287701228641965,
GSE75579,0.005311722125929187,-0.04287701228641965,
GSE75580,0.005311722125929187,-0.04287701228641965,
GSE75596,0.005311722125929187,-0.04287701228641965,
GSE75599,0.005311722125929187,-0.04287701228641965,
GSE75778,0.005311722125929187,-0.04287701228641965,
GSE75631,0.005311722125929187,-0.04287701228641965,
GSE75648,0.005311722125929187,-0.04287701228641965,
GSE75668,0.005311722125929187,-0.04287701228641965,
GSE75706,0.005311722125929187,-0.04287701228641965,
GSE75714,0.005311722125929187,-0.04287701228641965,
GSE75715,0.005311722125929187,-0.04287701228641965,
GSE75735,0.005311722125929187,-0.04287701228641965,
GSE75737,0.005311722125929187,-0.04287701228641965,
GSE75760,0.005311722125929187,-0.04287701228641965,
GSE75761,0.005311722125929187,-0.04287701228641965,
GSE75762,0.005311722125929187,-0.04287701228641965,
GSE75775,0.005311722125929187,-0.04287701228641965,
GSE75615,0.005311722125929187,-0.04287701228641965,
GSE64063,0.005311722125929187,-0.04287701228641965,
GSE64080,0.005311722125929187,-0.04287701228641965,
GSE64092,0.005311722125929187,-0.04287701228641965,
GSE64099,0.005311722125929187,-0.04287701228641965,
GSE64156,0.005311722125929187,-0.04287701228641965,
GSE64296,0.005311722125929187,-0.04287701228641965,
GSE64357,0.005311722125929187,-0.04287701228641965,
GSE64359,0.005311722125929187,-0.04287701228641965,
GSE64370,0.005311722125929187,-0.04287701228641965,
GSE64371,0.005311722125929187,-0.04287701228641965,
GSE64428,0.005311722125929187,-0.04287701228641965,
GSE70437,0.005311722125929187,-0.04287701228641965,
GSE64455,0.005311722125929187,-0.04287701228641965,
GSE64459,0.005311722125929187,-0.04287701228641965,
GSE64478,0.005311722125929187,-0.04287701228641965,
GSE64489,0.005311722125929187,-0.04287701228641965,
GSE64510,0.005311722125929187,-0.04287701228641965,
GSE64515,0.005311722125929187,-0.04287701228641965,
GSE64526,0.005311722125929187,-0.04287701228641965,
GSE64608,0.005311722125929187,-0.04287701228641965,
GSE64622,0.005311722125929187,-0.04287701228641965,
GSE64687,0.005311722125929187,-0.04287701228641965,
GSE64706,0.005311722125929187,-0.04287701228641965,
GSE64452,0.005311722125929187,-0.04287701228641965,
GSE63426,0.005311722125929187,-0.04287701228641965,
GSE63467,0.005311722125929187,-0.04287701228641965,
GSE63472,0.005311722125929187,-0.04287701228641965,
GSE63482,0.005311722125929187,-0.04287701228641965,
GSE63493,0.005311722125929187,-0.04287701228641965,
GSE63497,0.005311722125929187,-0.04287701228641965,
GSE63510,0.005311722125929187,-0.04287701228641965,
GSE63526,0.005311722125929187,-0.04287701228641965,
GSE63647,0.005311722125929187,-0.04287701228641965,
GSE63679,0.005311722125929187,-0.04287701228641965,
GSE63751,0.005311722125929187,-0.04287701228641965,
GSE63961,0.005311722125929187,-0.04287701228641965,
GSE63758,0.005311722125929187,-0.04287701228641965,
GSE63772,0.005311722125929187,-0.04287701228641965,
GSE63792,0.005311722125929187,-0.04287701228641965,
GSE63796,0.005311722125929187,-0.04287701228641965,
GSE63809,0.005311722125929187,-0.04287701228641965,
GSE63810,0.005311722125929187,-0.04287701228641965,
GSE63813,0.005311722125929187,-0.04287701228641965,
GSE63857,0.005311722125929187,-0.04287701228641965,
GSE63889,0.005311722125929187,-0.04287701228641965,
GSE63943,0.005311722125929187,-0.04287701228641965,
GSE63948,0.005311722125929187,-0.04287701228641965,
GSE63756,0.005311722125929187,-0.04287701228641965,
GSE65524,0.005311722125929187,-0.04287701228641965,
GSE65529,0.005311722125929187,-0.04287701228641965,
GSE65530,0.005311722125929187,-0.04287701228641965,
GSE65543,0.005311722125929187,-0.04287701228641965,
GSE65582,0.005311722125929187,-0.04287701228641965,
GSE65633,0.005311722125929187,-0.04287701228641965,
GSE65636,0.005311722125929187,-0.04287701228641965,
GSE65651,0.005311722125929187,-0.04287701228641965,
GSE65658,0.005311722125929187,-0.04287701228641965,
GSE65665,0.005311722125929187,-0.04287701228641965,
GSE65686,0.005311722125929187,-0.04287701228641965,
GSE64757,0.005311722125929187,-0.04287701228641965,
GSE65796,0.005311722125929187,-0.04287701228641965,
GSE65808,0.005311722125929187,-0.04287701228641965,
GSE65850,0.005311722125929187,-0.04287701228641965,
GSE65864,0.005311722125929187,-0.04287701228641965,
GSE65873,0.005311722125929187,-0.04287701228641965,
GSE65887,0.005311722125929187,-0.04287701228641965,
GSE65921,0.005311722125929187,-0.04287701228641965,
GSE65922,0.005311722125929187,-0.04287701228641965,
GSE65929,0.005311722125929187,-0.04287701228641965,
GSE65935,0.005311722125929187,-0.04287701228641965,
GSE65936,0.005311722125929187,-0.04287701228641965,
GSE65753,0.005311722125929187,-0.04287701228641965,
GSE64771,0.005311722125929187,-0.04287701228641965,
GSE64787,0.005311722125929187,-0.04287701228641965,
GSE64824,0.005311722125929187,-0.04287701228641965,
GSE64893,0.005311722125929187,-0.04287701228641965,
GSE64899,0.005311722125929187,-0.04287701228641965,
GSE64936,0.005311722125929187,-0.04287701228641965,
GSE64959,0.005311722125929187,-0.04287701228641965,
GSE64960,0.005311722125929187,-0.04287701228641965,
GSE64969,0.005311722125929187,-0.04287701228641965,
GSE65082,0.005311722125929187,-0.04287701228641965,
GSE65141,0.005311722125929187,-0.04287701228641965,
GSE65506,0.005311722125929187,-0.04287701228641965,
GSE65177,0.005311722125929187,-0.04287701228641965,
GSE65179,0.005311722125929187,-0.04287701228641965,
GSE65207,0.005311722125929187,-0.04287701228641965,
GSE65315,0.005311722125929187,-0.04287701228641965,
GSE65321,0.005311722125929187,-0.04287701228641965,
GSE65344,0.005311722125929187,-0.04287701228641965,
GSE65348,0.005311722125929187,-0.04287701228641965,
GSE65361,0.005311722125929187,-0.04287701228641965,
GSE65408,0.005311722125929187,-0.04287701228641965,
GSE65422,0.005311722125929187,-0.04287701228641965,
GSE65444,0.005311722125929187,-0.04287701228641965,
GSE65504,0.005311722125929187,-0.04287701228641965,
GSE65160,0.005311722125929187,-0.04287701228641965,
GSE61024,0.005311722125929187,-0.04287701228641965,
GSE61205,0.005311722125929187,-0.04287701228641965,
GSE61209,0.005311722125929187,-0.04287701228641965,
GSE61239,0.005311722125929187,-0.04287701228641965,
GSE61250,0.005311722125929187,-0.04287701228641965,
GSE61300,0.005311722125929187,-0.04287701228641965,
GSE61329,0.005311722125929187,-0.04287701228641965,
GSE61351,0.005311722125929187,-0.04287701228641965,
GSE61389,0.005311722125929187,-0.04287701228641965,
GSE61425,0.005311722125929187,-0.04287701228641965,
GSE61444,0.005311722125929187,-0.04287701228641965,
GSE63412,0.005311722125929187,-0.04287701228641965,
GSE61529,0.005311722125929187,-0.04287701228641965,
GSE61577,0.005311722125929187,-0.04287701228641965,
GSE61608,0.005311722125929187,-0.04287701228641965,
GSE61613,0.005311722125929187,-0.04287701228641965,
GSE61627,0.005311722125929187,-0.04287701228641965,
GSE61677,0.005311722125929187,-0.04287701228641965,
GSE61734,0.005311722125929187,-0.04287701228641965,
GSE61775,0.005311722125929187,-0.04287701228641965,
GSE61828,0.005311722125929187,-0.04287701228641965,
GSE61851,0.005311722125929187,-0.04287701228641965,
GSE61875,0.005311722125929187,-0.04287701228641965,
GSE61523,0.005311722125929187,-0.04287701228641965,
GSE60367,0.005311722125929187,-0.04287701228641965,
GSE60377,0.005311722125929187,-0.04287701228641965,
GSE60402,0.005311722125929187,-0.04287701228641965,
GSE60415,0.005311722125929187,-0.04287701228641965,
GSE60418,0.005311722125929187,-0.04287701228641965,
GSE60425,0.005311722125929187,-0.04287701228641965,
GSE60440,0.005311722125929187,-0.04287701228641965,
GSE60441,0.005311722125929187,-0.04287701228641965,
GSE60450,0.005311722125929187,-0.04287701228641965,
GSE60537,0.005311722125929187,-0.04287701228641965,
GSE60599,0.005311722125929187,-0.04287701228641965,
GSE61008,0.005311722125929187,-0.04287701228641965,
GSE60642,0.005311722125929187,-0.04287701228641965,
GSE60659,0.005311722125929187,-0.04287701228641965,
GSE60691,0.005311722125929187,-0.04287701228641965,
GSE60731,0.005311722125929187,-0.04287701228641965,
GSE60745,0.005311722125929187,-0.04287701228641965,
GSE60756,0.005311722125929187,-0.04287701228641965,
GSE60827,0.005311722125929187,-0.04287701228641965,
GSE60875,0.005311722125929187,-0.04287701228641965,
GSE60930,0.005311722125929187,-0.04287701228641965,
GSE60968,0.005311722125929187,-0.04287701228641965,
GSE60982,0.005311722125929187,-0.04287701228641965,
GSE60641,0.005311722125929187,-0.04287701228641965,
GSE62669,0.005311722125929187,-0.04287701228641965,
GSE62689,0.005311722125929187,-0.04287701228641965,
GSE62710,0.005311722125929187,-0.04287701228641965,
GSE62741,0.005311722125929187,-0.04287701228641965,
GSE62771,0.005311722125929187,-0.04287701228641965,
GSE62795,0.005311722125929187,-0.04287701228641965,
GSE62822,0.005311722125929187,-0.04287701228641965,
GSE62824,0.005311722125929187,-0.04287701228641965,
GSE62874,0.005311722125929187,-0.04287701228641965,
GSE62902,0.005311722125929187,-0.04287701228641965,
GSE62917,0.005311722125929187,-0.04287701228641965,
GSE61887,0.005311722125929187,-0.04287701228641965,
GSE63031,0.005311722125929187,-0.04287701228641965,
GSE63048,0.005311722125929187,-0.04287701228641965,
GSE63093,0.005311722125929187,-0.04287701228641965,
GSE63137,0.005311722125929187,-0.04287701228641965,
GSE63143,0.005311722125929187,-0.04287701228641965,
GSE63166,0.005311722125929187,-0.04287701228641965,
GSE63199,0.005311722125929187,-0.04287701228641965,
GSE63243,0.005311722125929187,-0.04287701228641965,
GSE63268,0.005311722125929187,-0.04287701228641965,
GSE63348,0.005311722125929187,-0.04287701228641965,
GSE63404,0.005311722125929187,-0.04287701228641965,
GSE62979,0.005311722125929187,-0.04287701228641965,
GSE61890,0.005311722125929187,-0.04287701228641965,
GSE61891,0.005311722125929187,-0.04287701228641965,
GSE61915,0.005311722125929187,-0.04287701228641965,
GSE61969,0.005311722125929187,-0.04287701228641965,
GSE62040,0.005311722125929187,-0.04287701228641965,
GSE62050,0.005311722125929187,-0.04287701228641965,
GSE62122,0.005311722125929187,-0.04287701228641965,
GSE62125,0.005311722125929187,-0.04287701228641965,
GSE62129,0.005311722125929187,-0.04287701228641965,
GSE62149,0.005311722125929187,-0.04287701228641965,
GSE62184,0.005311722125929187,-0.04287701228641965,
GSE62659,0.005311722125929187,-0.04287701228641965,
GSE62205,0.005311722125929187,-0.04287701228641965,
GSE62268,0.005311722125929187,-0.04287701228641965,
GSE62292,0.005311722125929187,-0.04287701228641965,
GSE62294,0.005311722125929187,-0.04287701228641965,
GSE62310,0.005311722125929187,-0.04287701228641965,
GSE62512,0.005311722125929187,-0.04287701228641965,
GSE62535,0.005311722125929187,-0.04287701228641965,
GSE62571,0.005311722125929187,-0.04287701228641965,
GSE62573,0.005311722125929187,-0.04287701228641965,
GSE62633,0.005311722125929187,-0.04287701228641965,
GSE62641,0.005311722125929187,-0.04287701228641965,
GSE62647,0.005311722125929187,-0.04287701228641965,
GSE62202,0.005311722125929187,-0.04287701228641965,
GSE68884,0.005311722125929187,-0.04287701228641965,
GSE68911,0.005311722125929187,-0.04287701228641965,
GSE68915,0.005311722125929187,-0.04287701228641965,
GSE68921,0.005311722125929187,-0.04287701228641965,
GSE68998,0.005311722125929187,-0.04287701228641965,
GSE69007,0.005311722125929187,-0.04287701228641965,
GSE69018,0.005311722125929187,-0.04287701228641965,
GSE69054,0.005311722125929187,-0.04287701228641965,
GSE69080,0.005311722125929187,-0.04287701228641965,
GSE69097,0.005311722125929187,-0.04287701228641965,
GSE69129,0.005311722125929187,-0.04287701228641965,
GSE65950,0.005311722125929187,-0.04287701228641965,
GSE69162,0.005311722125929187,-0.04287701228641965,
GSE69168,0.005311722125929187,-0.04287701228641965,
GSE69170,0.005311722125929187,-0.04287701228641965,
GSE69221,0.005311722125929187,-0.04287701228641965,
GSE69227,0.005311722125929187,-0.04287701228641965,
GSE69244,0.005311722125929187,-0.04287701228641965,
GSE69256,0.005311722125929187,-0.04287701228641965,
GSE69276,0.005311722125929187,-0.04287701228641965,
GSE69314,0.005311722125929187,-0.04287701228641965,
GSE69363,0.005311722125929187,-0.04287701228641965,
GSE69374,0.005311722125929187,-0.04287701228641965,
GSE69132,0.005311722125929187,-0.04287701228641965,
GSE68283,0.005311722125929187,-0.04287701228641965,
GSE68284,0.005311722125929187,-0.04287701228641965,
GSE68315,0.005311722125929187,-0.04287701228641965,
GSE68318,0.005311722125929187,-0.04287701228641965,
GSE68376,0.005311722125929187,-0.04287701228641965,
GSE68470,0.005311722125929187,-0.04287701228641965,
GSE68472,0.005311722125929187,-0.04287701228641965,
GSE68509,0.005311722125929187,-0.04287701228641965,
GSE68511,0.005311722125929187,-0.04287701228641965,
GSE68617,0.005311722125929187,-0.04287701228641965,
GSE68618,0.005311722125929187,-0.04287701228641965,
GSE68831,0.005311722125929187,-0.04287701228641965,
GSE68713,0.005311722125929187,-0.04287701228641965,
GSE68715,0.005311722125929187,-0.04287701228641965,
GSE68736,0.005311722125929187,-0.04287701228641965,
GSE68746,0.005311722125929187,-0.04287701228641965,
GSE68768,0.005311722125929187,-0.04287701228641965,
GSE68769,0.005311722125929187,-0.04287701228641965,
GSE68770,0.005311722125929187,-0.04287701228641965,
GSE68789,0.005311722125929187,-0.04287701228641965,
GSE68812,0.005311722125929187,-0.04287701228641965,
GSE68818,0.005311722125929187,-0.04287701228641965,
GSE68822,0.005311722125929187,-0.04287701228641965,
GSE68628,0.005311722125929187,-0.04287701228641965,
GSE69970,0.005311722125929187,-0.04287701228641965,
GSE70046,0.005311722125929187,-0.04287701228641965,
GSE70108,0.005311722125929187,-0.04287701228641965,
GSE70116,0.005311722125929187,-0.04287701228641965,
GSE70123,0.005311722125929187,-0.04287701228641965,
GSE70133,0.005311722125929187,-0.04287701228641965,
GSE70135,0.005311722125929187,-0.04287701228641965,
GSE70148,0.005311722125929187,-0.04287701228641965,
GSE70158,0.005311722125929187,-0.04287701228641965,
GSE70159,0.005311722125929187,-0.04287701228641965,
GSE70249,0.005311722125929187,-0.04287701228641965,
GSE69376,0.005311722125929187,-0.04287701228641965,
GSE70304,0.005311722125929187,-0.04287701228641965,
GSE70307,0.005311722125929187,-0.04287701228641965,
GSE70351,0.005311722125929187,-0.04287701228641965,
GSE70352,0.005311722125929187,-0.04287701228641965,
GSE70355,0.005311722125929187,-0.04287701228641965,
GSE70357,0.005311722125929187,-0.04287701228641965,
GSE70358,0.005311722125929187,-0.04287701228641965,
GSE70359,0.005311722125929187,-0.04287701228641965,
GSE70360,0.005311722125929187,-0.04287701228641965,
GSE70368,0.005311722125929187,-0.04287701228641965,
GSE70391,0.005311722125929187,-0.04287701228641965,
GSE70288,0.005311722125929187,-0.04287701228641965,
GSE69445,0.005311722125929187,-0.04287701228641965,
GSE69464,0.005311722125929187,-0.04287701228641965,
GSE69473,0.005311722125929187,-0.04287701228641965,
GSE69545,0.005311722125929187,-0.04287701228641965,
GSE69556,0.005311722125929187,-0.04287701228641965,
GSE69652,0.005311722125929187,-0.04287701228641965,
GSE69654,0.005311722125929187,-0.04287701228641965,
GSE69672,0.005311722125929187,-0.04287701228641965,
GSE69699,0.005311722125929187,-0.04287701228641965,
GSE69709,0.005311722125929187,-0.04287701228641965,
GSE69726,0.005311722125929187,-0.04287701228641965,
GSE69969,0.005311722125929187,-0.04287701228641965,
GSE69750,0.005311722125929187,-0.04287701228641965,
GSE69751,0.005311722125929187,-0.04287701228641965,
GSE69755,0.005311722125929187,-0.04287701228641965,
GSE69771,0.005311722125929187,-0.04287701228641965,
GSE69786,0.005311722125929187,-0.04287701228641965,
GSE69800,0.005311722125929187,-0.04287701228641965,
GSE69807,0.005311722125929187,-0.04287701228641965,
GSE69855,0.005311722125929187,-0.04287701228641965,
GSE69858,0.005311722125929187,-0.04287701228641965,
GSE69900,0.005311722125929187,-0.04287701228641965,
GSE69940,0.005311722125929187,-0.04287701228641965,
GSE69952,0.005311722125929187,-0.04287701228641965,
GSE69733,0.005311722125929187,-0.04287701228641965,
GSE66484,0.005311722125929187,-0.04287701228641965,
GSE66534,0.005311722125929187,-0.04287701228641965,
GSE66547,0.005311722125929187,-0.04287701228641965,
GSE66551,0.005311722125929187,-0.04287701228641965,
GSE66578,0.005311722125929187,-0.04287701228641965,
GSE66582,0.005311722125929187,-0.04287701228641965,
GSE66630,0.005311722125929187,-0.04287701228641965,
GSE66634,0.005311722125929187,-0.04287701228641965,
GSE66679,0.005311722125929187,-0.04287701228641965,
GSE66706,0.005311722125929187,-0.04287701228641965,
GSE66716,0.005311722125929187,-0.04287701228641965,
GSE68265,0.005311722125929187,-0.04287701228641965,
GSE66793,0.005311722125929187,-0.04287701228641965,
GSE66828,0.005311722125929187,-0.04287701228641965,
GSE66832,0.005311722125929187,-0.04287701228641965,
GSE66870,0.005311722125929187,-0.04287701228641965,
GSE66873,0.005311722125929187,-0.04287701228641965,
GSE66953,0.005311722125929187,-0.04287701228641965,
GSE66961,0.005311722125929187,-0.04287701228641965,
GSE66965,0.005311722125929187,-0.04287701228641965,
GSE66966,0.005311722125929187,-0.04287701228641965,
GSE66978,0.005311722125929187,-0.04287701228641965,
GSE67009,0.005311722125929187,-0.04287701228641965,
GSE66781,0.005311722125929187,-0.04287701228641965,
GSE65973,0.005311722125929187,-0.04287701228641965,
GSE65976,0.005311722125929187,-0.04287701228641965,
GSE65987,0.005311722125929187,-0.04287701228641965,
GSE66001,0.005311722125929187,-0.04287701228641965,
GSE66003,0.005311722125929187,-0.04287701228641965,
GSE66007,0.005311722125929187,-0.04287701228641965,
GSE66008,0.005311722125929187,-0.04287701228641965,
GSE66029,0.005311722125929187,-0.04287701228641965,
GSE66040,0.005311722125929187,-0.04287701228641965,
GSE66049,0.005311722125929187,-0.04287701228641965,
GSE66054,0.005311722125929187,-0.04287701228641965,
GSE66471,0.005311722125929187,-0.04287701228641965,
GSE66068,0.005311722125929187,-0.04287701228641965,
GSE66128,0.005311722125929187,-0.04287701228641965,
GSE66231,0.005311722125929187,-0.04287701228641965,
GSE66232,0.005311722125929187,-0.04287701228641965,
GSE66243,0.005311722125929187,-0.04287701228641965,
GSE66286,0.005311722125929187,-0.04287701228641965,
GSE66312,0.005311722125929187,-0.04287701228641965,
GSE66343,0.005311722125929187,-0.04287701228641965,
GSE66364,0.005311722125929187,-0.04287701228641965,
GSE66377,0.005311722125929187,-0.04287701228641965,
GSE66440,0.005311722125929187,-0.04287701228641965,
GSE66066,0.005311722125929187,-0.04287701228641965,
GSE67647,0.005311722125929187,-0.04287701228641965,
GSE67658,0.005311722125929187,-0.04287701228641965,
GSE67672,0.005311722125929187,-0.04287701228641965,
GSE67688,0.005311722125929187,-0.04287701228641965,
GSE67750,0.005311722125929187,-0.04287701228641965,
GSE67828,0.005311722125929187,-0.04287701228641965,
GSE67889,0.005311722125929187,-0.04287701228641965,
GSE67934,0.005311722125929187,-0.04287701228641965,
GSE67957,0.005311722125929187,-0.04287701228641965,
GSE67972,0.005311722125929187,-0.04287701228641965,
GSE67991,0.005311722125929187,-0.04287701228641965,
GSE67015,0.005311722125929187,-0.04287701228641965,
GSE68083,0.005311722125929187,-0.04287701228641965,
GSE68140,0.005311722125929187,-0.04287701228641965,
GSE68147,0.005311722125929187,-0.04287701228641965,
GSE68150,0.005311722125929187,-0.04287701228641965,
GSE68155,0.005311722125929187,-0.04287701228641965,
GSE68160,0.005311722125929187,-0.04287701228641965,
GSE68177,0.005311722125929187,-0.04287701228641965,
GSE68178,0.005311722125929187,-0.04287701228641965,
GSE68190,0.005311722125929187,-0.04287701228641965,
GSE68220,0.005311722125929187,-0.04287701228641965,
GSE68251,0.005311722125929187,-0.04287701228641965,
GSE68056,0.005311722125929187,-0.04287701228641965,
GSE67112,0.005311722125929187,-0.04287701228641965,
GSE67133,0.005311722125929187,-0.04287701228641965,
GSE67169,0.005311722125929187,-0.04287701228641965,
GSE67186,0.005311722125929187,-0.04287701228641965,
GSE67207,0.005311722125929187,-0.04287701228641965,
GSE67245,0.005311722125929187,-0.04287701228641965,
GSE67266,0.005311722125929187,-0.04287701228641965,
GSE67270,0.005311722125929187,-0.04287701228641965,
GSE67291,0.005311722125929187,-0.04287701228641965,
GSE67294,0.005311722125929187,-0.04287701228641965,
GSE67305,0.005311722125929187,-0.04287701228641965,
GSE67634,0.005311722125929187,-0.04287701228641965,
GSE67335,0.005311722125929187,-0.04287701228641965,
GSE67355,0.005311722125929187,-0.04287701228641965,
GSE67363,0.005311722125929187,-0.04287701228641965,
GSE67379,0.005311722125929187,-0.04287701228641965,
GSE67437,0.005311722125929187,-0.04287701228641965,
GSE67476,0.005311722125929187,-0.04287701228641965,
GSE67516,0.005311722125929187,-0.04287701228641965,
GSE67517,0.005311722125929187,-0.04287701228641965,
GSE67525,0.005311722125929187,-0.04287701228641965,
GSE67556,0.005311722125929187,-0.04287701228641965,
GSE67572,0.005311722125929187,-0.04287701228641965,
GSE67602,0.005311722125929187,-0.04287701228641965,
GSE67334,0.005311722125929187,-0.04287701228641965,
