ID,prob,log2(prob/prior),related_words
GSE97654,0.01593546921620888,2.0782338592391367,"carcinoma,ccrcc,cell,clear,kidney,rcc,renal,vhl"
GSE79443,0.007797064423397098,1.0469953196649457,"kidney,renal"
GSE79137,0.0075142536775023635,0.9936940862641572,"cell,kidney,renal"
GSE76838,0.007468226959649031,0.9848300365658634,"kidney,renal"
GSE59130,0.006339905555226407,0.7485256136671347,"cell,kidney,renal"
GSE84586,0.006200458660673906,0.7164392033533357,"kidney,renal"
GSE87450,0.006092195943745409,0.6910266088664215,"kidney,renal"
GSE98622,0.0059938700396066445,0.6675520681515359,"kidney,renal"
GSE55808,0.005717514186715828,0.5994523051506832,"kidney,renal,samples"
GSE89195,0.0054008682060476924,0.5172556083382724,"cell,kidney,renal"
GSE99701,0.005200320538424502,0.46266481591589437,"cell,renal"
GSE83688,0.0050207610957308645,0.41197034326878496,"kidney,renal"
GSE41293,0.004977013069753505,0.39934444035952693,"cell,clear,samples"
GSE92704,0.004903224015915263,0.37779494100867217,"kidney,renal"
GSE75925,0.004793037748628494,0.345004567053857,"kidney,renal,sample"
GSE56904,0.004755407317661057,0.3336331831618897,"cell,renal"
GSE64959,0.004645510828265233,0.2999015113176745,"cell,kidney,renal"
GSE81492,0.0045981441916802404,0.28511597254972143,"kidney,renal,sample"
GSE85976,0.004564386836110479,0.27448533136870085,"kidney,renal,samples"
GSE95008,0.00448666959647881,0.24970921098851315,"cell,renal,sample"
GSE83298,0.004471308420734084,0.2447613279396961,"cell,renal"
GSE38741,0.004437191993642835,0.2337112435233042,"cell,kidney,renal"
GSE102566,0.004428827146555123,0.2309889559213657,"cell,kidney,renal"
GSE64867,0.00435809196859369,0.2077609066837874,"carcinoma,cell"
GSE63758,0.004333987976948117,0.19975941600008243,carcinoma
GSE81055,0.0043148511085404195,0.19337504234416825,"kidney,renal"
GSE92842,0.004204870396577358,0.15612559889632807,"cell,clear"
GSE99061,0.004199387595552108,0.15424321713724953,carcinoma
GSE79672,0.00419770352831395,0.15366454162932688,"cell,clear"
GSE98048,0.0041384614460549425,0.13315878210309381,"cell,clear"
GSE76772,0.004111125845976087,0.12359779981043079,"carcinoma,samples"
GSE104820,0.00408129803724458,0.1130923321977251,"kidney,renal"
GSE78948,0.004071683482809322,0.10968968093451636,"carcinoma,cell,samples"
GSE100035,0.004071608535132999,0.10966312493217169,"clear,samples"
GSE88996,0.004052816082503302,0.10298897190753736,cell
GSE74290,0.004044364271549592,0.09997720987567735,"cell,clear"
GSE102858,0.004041084488311427,0.09880677953521007,"cell,clear"
GSE66882,0.004037225421950493,0.09742840797315487,cell
GSE104443,0.004026093696956464,0.09344501244799677,"cell,clear"
GSE59958,0.00402544501829489,0.09321254868590023,"cell,kidney,renal"
GSE64969,0.004023856706728914,0.09264319513757015,"cell,clear"
GSE49555,0.004021945954786437,0.09195796023445992,"carcinoma,cell"
GSE67715,0.004015003333970263,0.08946545051372143,"cell,clear"
GSE85234,0.004008911428140161,0.08727480809543312,cell
GSE67691,0.004001217332723668,0.08450325796265444,"cell,clear"
GSE68083,0.003992291063230969,0.08128117087754762,clear
GSE104396,0.003990585423947731,0.08066467195591921,"cell,kidney"
GSE102857,0.00398686417780809,0.07931872205739536,"cell,clear"
GSE58833,0.003976134209022892,0.07543071872690198,"cell,renal"
GSE99397,0.003974278195404703,0.07475712808651348,"cell,clear"
GSE83567,0.003970935076244846,0.07354303815518855,cell
GSE59127,0.003960931882731273,0.06990415580863976,"cell,kidney"
GSE72146,0.0039580388444479106,0.06885003594534272,"carcinoma,cell"
GSE71295,0.003956549761764952,0.0683071669891873,cell
GSE69699,0.00395605455057846,0.068126584542328,clear
GSE78497,0.003949563025757782,0.06575730910469789,"carcinoma,cell,samples"
GSE70452,0.003936221300688974,0.060875598380119196,"cell,kidney,renal"
GSE60927,0.003927123782569948,0.05753733712060781,cell
GSE69800,0.003923668142146022,0.056267290564166815,renal
GSE78045,0.0039230942302365505,0.05605625324001057,cell
GSE72546,0.003919972163297912,0.05490767422726195,"cell,sample,samples"
GSE65267,0.0039163653405236325,0.053579618692457864,kidney
GSE104513,0.003914710943530883,0.05297004976833176,cell
GSE67363,0.003914294703748685,0.05281664406211101,clear
GSE80465,0.003910274384629709,0.05133411003355838,"clear,samples"
GSE88989,0.0039045947291574154,0.049237078821076544,"carcinoma,cell"
GSE21180,0.0039016801352905065,0.04815977360536248,"cell,samples"
GSE103219,0.003894858840148829,0.045635306988736905,"clear,kidney,samples"
GSE57249,0.003892149794046737,0.0446314998226475,"cell,clear,samples"
GSE35857,0.00388883708058518,0.04340306038465928,"cell,samples"
GSE43110,0.0038864589585310325,0.04252054607681242,"cell,clear,samples"
GSE83624,0.003885933421852482,0.042325448062199005,kidney
GSE95537,0.0038845269500437595,0.0418031855890275,clear
GSE46316,0.0038822320510058395,0.0409506190146678,"cell,clear"
GSE106085,0.0038811336894724003,0.04054239381932345,"cell,kidney,renal,samples"
GSE122331,0.0038801305769512163,0.04016946863132676,cell
GSE77744,0.0038800083523279245,0.040124022832090586,"cell,samples"
GSE49581,0.0038797752554228762,0.040037348314846295,clear
GSE75229,0.003879104600759843,0.03978794371602494,cell
GSE49932,0.003878818415679702,0.03968150342389848,cell
GSE40463,0.0038786145302197937,0.03960566788808684,"cell,clear"
GSE49933,0.003877285359820331,0.03911118302114403,cell
GSE20898,0.0038753519584286723,0.03839160630341129,cell
GSE93267,0.003872989689279786,0.03751192539957759,"cell,kidney"
GSE65422,0.003871896754858538,0.037104748072604395,"cell,samples"
GSE82187,0.0038717001054104448,0.03703147329119781,cell
GSE80425,0.003870317798457589,0.03651629819555093,"cell,clear"
GSE62270,0.0038683935567427634,0.03579884178472397,"cell,sample,samples"
GSE57125,0.0038674494249990015,0.03544669032698416,cell
GSE71333,0.0038668941214657754,0.03523952765050415,cell
GSE78696,0.0038661558299715017,0.03496405303506929,cell
GSE106188,0.0038646578534726,0.03440495967649851,"cell,clear,samples"
GSE74923,0.003863977370715911,0.034150909880500895,cell
GSE76062,0.0038615967870376275,0.033261796319319956,"carcinoma,samples"
GSE54006,0.003861532480395869,0.03323777111659433,cell
GSE101984,0.0038600485937948267,0.032683274350621266,cell
GSE59129,0.0038568126016472605,0.03147331346651033,"cell,kidney"
GSE77324,0.003855466361581047,0.030969645511458515,cell
GSE76030,0.0038540162718464547,0.030426927564461644,cell
GSE101753,0.003853806573179517,0.03034842777716011,cell
GSE72831,0.0038536594598425093,0.030293353987443535,cell
GSE58998,0.003853081772835707,0.030077069008799813,"cell,clear"
GSE72826,0.0038521279279777857,0.029719880221794046,cell
GSE60101,0.0038469408441794846,0.02777590974271239,"cell,samples"
GSE89352,0.0038468601231947857,0.027745637120683564,cell
GSE51619,0.0038459785365865316,0.027414976180123646,"cell,kidney"
GSE89035,0.0038454975557574043,0.027234540422534828,cell
GSE98413,0.0038454723025649574,0.02722506628437509,cell
GSE60982,0.0038445263229449785,0.026870122108212928,carcinoma
GSE73532,0.003844258142560751,0.026769481360047462,"cell,samples"
GSE89412,0.0038418893636572114,0.02588023855472029,cell
GSE29087,0.0038416320162332138,0.025783596967049783,"cell,samples"
GSE86204,0.0038386235496245423,0.024653348099213344,cell
GSE65665,0.0038386231137898115,0.024653184296581643,carcinoma
GSE77736,0.0038381185668704353,0.024463544636994822,cell
GSE61117,0.0038378325281821987,0.024356022691609018,"carcinoma,cell"
GSE107115,0.003837109670347824,0.024084264705939138,cell
GSE99815,0.003836430012801569,0.023828701142176483,cell
GSE84234,0.003835917100058655,0.023635806670425433,clear
GSE98960,0.0038352026697181653,0.02336708316115998,clear
GSE75522,0.0038344773424488082,0.023094209702037318,cell
GSE70240,0.0038332453596017857,0.0226306103706012,cell
GSE70236,0.0038332453596017857,0.0226306103706012,cell
GSE92650,0.003832182921618011,0.02223069168007878,"cell,samples"
GSE70360,0.0038320106131618215,0.022165821565783964,cell
GSE77740,0.0038310338364321915,0.021798032768317058,cell
GSE57500,0.0038306094189713715,0.021638196308642315,"cell,clear"
GSE43650,0.003829830540381011,0.021344823006429404,"cell,samples"
GSE112204,0.0038296325097736746,0.021270223057753536,cell
GSE97060,0.0038294518167009306,0.02120215095176637,"carcinoma,patient"
GSE70383,0.0038293358684825867,0.021158468341281895,cell
GSE64787,0.0038285932757809965,0.020878670816086693,cell
GSE70241,0.003828485172197943,0.020837934521103177,cell
GSE68582,0.0038283695587395306,0.02079436703315031,cell
GSE98360,0.003828291076198217,0.020764791117865042,"clear,samples"
GSE70238,0.003827999847811241,0.020655037255575815,cell
GSE70239,0.003827999847811241,0.020655037255575815,cell
GSE47454,0.003827451995518888,0.02044854812786874,cell
GSE70242,0.003826272022312884,0.020003708072961063,cell
GSE48085,0.0038256885603854987,0.019783697104080414,cell
GSE81925,0.0038256066919227227,0.019752823579699954,cell
GSE51372,0.0038249131203279794,0.019491243366189015,cell
GSE108108,0.0038240371823769397,0.019160815975866278,cell
GSE78907,0.0038238600128431394,0.0190939736527201,cell
GSE110648,0.003823140332249966,0.018822421520117687,"cell,samples"
GSE70243,0.0038227139840234198,0.018661526361166397,cell
GSE77722,0.0038224092896441144,0.018546529897536433,"kidney,sample"
GSE67379,0.003822262686835577,0.01849119641938768,cell
GSE56932,0.0038216464476413365,0.018258581087149103,clear
GSE79814,0.0038214575872334735,0.01818728335977133,"cell,clear"
GSE85423,0.003821404176081449,0.0181671191839583,clear
GSE68715,0.0038209774448762033,0.01800600632025305,"cell,samples"
GSE70244,0.003820107166220522,0.01767737582600372,cell
GSE94802,0.0038200011626114963,0.01763734213158878,cell
GSE76983,0.003819464207938683,0.017434536880867522,"cell,sample"
GSE80083,0.0038193652760352094,0.01739716765647666,"cell,clear,samples"
GSE94373,0.0038190957862983925,0.017295369269637997,cell
GSE52564,0.003818745409504738,0.017163005464200198,"cell,sample,samples"
GSE107849,0.003818093085463714,0.01691654099806111,cell
GSE58025,0.0038175076102930725,0.016695297860668423,"cell,sample,samples"
GSE50534,0.003817120322192973,0.01654892828592862,cell
GSE106447,0.003815084422559108,0.01577924705398567,cell
GSE99058,0.003814125965463494,0.015416755725081312,cell
GSE109285,0.003812282404076651,0.014719259133421808,cell
GSE102597,0.0038121835629535087,0.014681853864956162,cell
GSE81741,0.003811681363234751,0.014491787264393189,kidney
GSE72910,0.003810288660913496,0.013964562741519358,cell
GSE47885,0.003810041796907093,0.013871089241936441,"clear,sample"
GSE46664,0.003809161907914198,0.013537875551528578,cell
GSE87375,0.003808954392528344,0.013459278321886453,"cell,samples"
GSE96684,0.003808831406817048,0.013412695002145938,cell
GSE83823,0.003808827514324003,0.013411220617306537,cell
GSE83471,0.003808568015929067,0.013312925328280151,clear
GSE85951,0.0038080299890888994,0.013109105025579472,cell
GSE64455,0.0038079995972994524,0.013097590867599302,cell
GSE71574,0.003807476644921607,0.01289945203049245,"carcinoma,cell"
GSE86479,0.0038073923573835396,0.01286751419593586,cell
GSE78966,0.0038071803782021778,0.01278718892374494,cell
GSE50612,0.003806572457310203,0.012556804650202905,cell
GSE105054,0.003806560195825616,0.012552157526919242,cell
GSE76857,0.00380628854667327,0.012449198201606384,"cell,samples"
GSE91040,0.0038058251953254833,0.012273563754953667,"cell,samples"
GSE98567,0.003805795651989363,0.012262364556946436,cell
GSE72744,0.0038051770974421983,0.01202786481320619,cell
GSE65160,0.003804925479112628,0.011932463072494022,"cell,samples"
GSE73457,0.0038041483609574456,0.011637776876478857,cell
GSE48138,0.0038034331759988576,0.011366522788408932,"cell,samples"
GSE99101,0.003802479911876018,0.011004891143663504,cell
GSE94595,0.0038022856957100836,0.01093120190352818,cell
GSE98816,0.003801998929710646,0.01082239064622816,cell
GSE34550,0.003801811052922807,0.010751097725761384,cell
GSE99954,0.0038014199330390947,0.010602669585628487,cell
GSE116177,0.003800701197556885,0.01032987305919303,cell
GSE61425,0.0038000499847040308,0.01008266024215796,"cell,sample"
GSE83552,0.003799020332552451,0.00969169819022306,cell
GSE72942,0.0037989505921054434,0.009665213699022098,"cell,samples"
GSE76466,0.0037985776955247637,0.009523594996787385,cell
GSE66578,0.0037983461108848883,0.00943563675997675,cell
GSE77185,0.00379801526413619,0.009309968445798674,cell
GSE99235,0.003797539500647029,0.009129235991461399,cell
GSE81682,0.0037972798908942787,0.00903060620615748,cell
GSE94581,0.003796944241845492,0.0089030779135987,cell
GSE96105,0.003795791829699973,0.008465138471347082,cell
GSE89378,0.003795754216931857,0.008450842633924505,cell
GSE71698,0.0037955887656482175,0.008387956331197552,"cell,samples"
GSE83204,0.0037953175939311004,0.008284880868756367,cell
GSE86030,0.0037952324460544767,0.008252513670409658,cell
GSE86028,0.0037952324460544767,0.008252513670409658,cell
GSE86031,0.0037952324460544767,0.008252513670409658,cell
GSE86039,0.0037952324460544767,0.008252513670409658,cell
GSE59121,0.0037951102965269813,0.008206079794218111,cell
GSE70355,0.003794587309449444,0.008007254780738713,cell
GSE87631,0.0037942119715250566,0.007864544941523473,cell
GSE63751,0.0037940433311895766,0.007800420431731407,cell
GSE63796,0.0037937900582508083,0.007704109510251362,cell
GSE77029,0.003793607171648033,0.007634560075333105,cell
GSE84592,0.003793400748971556,0.007556056144700582,cell
GSE62129,0.0037932382658809357,0.007494259729016697,"cell,sample"
GSE33921,0.003792721776753531,0.007297808310938191,cell
GSE87404,0.0037924598388427598,0.0071981675787338014,cell
GSE45254,0.003792353555632387,0.007157735664968813,kidney
GSE54462,0.0037923436261182294,0.007153958253559915,"cell,samples"
GSE101722,0.003791337465445213,0.006771140726216809,cell
GSE85098,0.0037909352372504173,0.006618075109815128,carcinoma
GSE84448,0.003790071670672083,0.00628939496466787,"cell,samples"
GSE84037,0.003789955208909011,0.006245062982547104,cell
GSE92272,0.0037899078499232905,0.006227035064810216,"cell,samples"
GSE85954,0.003789453031548679,0.006053890066278972,cell
GSE85513,0.003789152656039454,0.005939528592505649,cell
GSE101334,0.003789117898959169,0.0059262950012792005,cell
GSE89263,0.0037879446398290193,0.005479511004550229,"cell,sample,samples"
GSE64099,0.003787688702651722,0.005382030231679226,"cell,sample"
GSE73861,0.0037874506424337177,0.005291352481630143,"cell,samples"
GSE94749,0.003787010740659412,0.005123777765255245,cell
GSE27037,0.00378652097768217,0.004937186186651775,cell
GSE90067,0.003786020025633704,0.004746306787839077,cell
GSE85648,0.0037858577212172362,0.004684457987682319,"carcinoma,cell"
GSE83529,0.0037857057613081163,0.004626548730806548,kidney
GSE63180,0.0037856635430296133,0.004610459672517615,cell
GSE76184,0.003784862119803692,0.004305009464829766,"cell,samples"
GSE58724,0.0037846605904363986,0.004228189451207883,"cell,clear,sample"
GSE74724,0.003784608874241882,0.004208475343337285,cell
GSE71491,0.0037845603418221016,0.004189974638876438,"carcinoma,cell"
GSE85491,0.0037844320495953525,0.004141068113473421,cell
GSE90848,0.0037835245330730704,0.003795064650532081,"cell,sample"
GSE90486,0.003783518057227196,0.0037925953448244907,cell
GSE99989,0.0037832715464612447,0.0036985951470347284,cell
GSE74594,0.0037829388386996883,0.0035717163494499832,"cell,samples"
GSE54390,0.0037825708286350203,0.00343136194662488,kidney
GSE68981,0.003782560974684267,0.003427603586227675,"cell,samples"
GSE107281,0.0037824250012224244,0.0033757414308347175,"cell,samples"
GSE38990,0.0037821855323854777,0.0032844001774836175,cell
GSE83948,0.00378215792219148,0.003273868373845155,cell
GSE85690,0.0037815395275616163,0.003037963943841106,cell
GSE109404,0.0037814506162327194,0.003004042986429827,kidney
GSE54107,0.003780811272847147,0.0027601007512844753,"carcinoma,cell"
GSE93416,0.003780805885357889,0.002758044973036823,"cell,samples"
GSE57272,0.0037804497835865597,0.0026221558344012136,clear
GSE46149,0.0037801413053297176,0.0025044295755991567,cell
GSE89633,0.0037800572486629833,0.002472348900630187,"cell,sample"
GSE63206,0.0037800014146332876,0.002451039151237011,cell
GSE43410,0.003779970280043651,0.0024391561125475785,"clear,sample"
GSE61351,0.0037799580429867963,0.002434485607620841,cell
GSE79863,0.0037795376427709596,0.002274022705751818,cell
GSE77107,0.0037791791059365314,0.002137158385897099,cell
GSE77717,0.0037763937942872877,0.0010734784932435492,kidney
GSE84996,0.0037759041149876727,0.0008863942689034052,cell
GSE97859,0.003775732994234049,0.0008210110787111318,cell
GSE99659,0.0037754887868488,0.0007276972299105775,cell
GSE74672,0.003775413904759262,0.0006990828976526474,cell
GSE74547,0.003775381444501829,0.0006866788394684131,cell
GSE95376,0.003774375111570326,0.00030207530223422854,"cell,kidney"
GSE82005,0.0037740553036358262,0.00017982861092584706,"cell,samples"
GSE55596,0.0037735725204411795,-4.7350527644277296e-06,cell
GSE94413,0.003773521571970593,-2.4213571239832133e-05,cell
GSE44945,0.0037735046131803936,-3.069728069570242e-05,cell
GSE70981,0.003773016331192345,-0.00021739046259741977,"cell,sample"
GSE84553,0.0037729637904415896,-0.00023748070384863685,"cell,sample,samples"
GSE81385,0.0037728483187174657,-0.00028163512523083,cell
GSE66029,0.0037728246691421563,-0.0002906784869224981,"cell,samples"
GSE73221,0.0037724074014243527,-0.0004502468241670665,cell
GSE66978,0.0037715359220969326,-0.0007835682332977297,"cell,sample,samples"
GSE107220,0.0037706786843247856,-0.0011115177156715559,"cell,samples"
GSE99933,0.0037699343725062125,-0.0013963261165071403,cell
GSE67404,0.003769817892829981,-0.001440901759144594,cell
GSE84050,0.0037697850984340143,-0.0014534521049612062,cell
GSE97764,0.0037697549129630642,-0.001465004117200928,"cell,samples"
GSE83796,0.003769405789577383,-0.0015986207351279097,cell
GSE68177,0.003769116165588241,-0.0017094751162780165,cell
GSE92870,0.003768981627147863,-0.001760972973191031,cell
GSE101712,0.0037687402136416456,-0.0018533844671937399,cell
GSE80354,0.0037686771700356225,-0.0018775181175256334,cell
GSE99849,0.0037683572857094005,-0.0019999788901506133,cell
GSE92620,0.0037680912649717202,-0.0021018270741070557,cell
GSE79105,0.0037671039593182324,-0.002479887877014537,cell
GSE87544,0.0037667324054096686,-0.0026221896090384347,cell
GSE54246,0.003766316272216741,-0.002781581462214648,cell
GSE54016,0.003766262944669416,-0.0028020088313412865,cell
GSE57694,0.003765568579079509,-0.0030680152582779866,cell
GSE94082,0.003765436004646899,-0.0031188091395905476,"cell,kidney,rhabdoid"
GSE77105,0.0037649291718652366,-0.003313010914571797,cell
GSE60647,0.0037646850374866755,-0.00340656456754564,"carcinoma,cell"
GSE93017,0.003764597400192149,-0.003440149146491276,"carcinoma,samples"
GSE94333,0.0037645743985227857,-0.0034489640321679208,"cell,kidney"
GSE88801,0.0037641147820072557,-0.0036251132800885705,cell
GSE97941,0.003763931175538097,-0.00369548695848454,cell
GSE98969,0.003763752257901122,-0.0037640667785374415,cell
GSE87527,0.003763539953113176,-0.0038454482517742204,cell
GSE61462,0.0037625347557325973,-0.004230826643778079,cell
GSE98760,0.0037624213008475467,-0.004274330100491705,cell
GSE43879,0.0037621415809109236,-0.004381592295500525,"cell,samples"
GSE45657,0.0037618583055075835,-0.0044902260078788616,cell
GSE77541,0.0037616001350907805,-0.0045892392962787795,"cell,kidney"
GSE61608,0.0037615886419142173,-0.004593647307116661,cell
GSE71176,0.0037611033690859424,-0.0047797776718258135,cell
GSE82000,0.003760887501442955,-0.0048625831905967625,cell
GSE71453,0.00376081643493571,-0.004889844911729619,cell
GSE104651,0.0037599990516100157,-0.005203437201618102,cell
GSE107338,0.003759799722284982,-0.005279921011210284,cell
GSE107670,0.0037593954996639925,-0.005435036007979228,cell
GSE72494,0.003759203976245931,-0.005508536368357966,cell
GSE108106,0.0037584819636514353,-0.005785654620189293,kidney
GSE63137,0.003758297244019777,-0.005856561078724184,cell
GSE100389,0.0037579146017677734,-0.00600345318107648,cell
GSE88814,0.003757865875952395,-0.006022159552934879,"cell,samples"
GSE89636,0.003757763515127851,-0.006061457779676952,cell
GSE62704,0.0037576051858707825,-0.006122245438439001,"cell,samples"
GSE72018,0.0037571101435015138,-0.006312324540814486,cell
GSE86976,0.0037569874484692763,-0.006359439051213169,cell
GSE101905,0.0037566914085963125,-0.006473123776093173,cell
GSE47707,0.003756427613150705,-0.006574433599680879,cell
GSE51606,0.0037564205897436423,-0.0065771310146334454,cell
GSE97381,0.003756413404185329,-0.006579890710735707,cell
GSE90806,0.0037563364727708146,-0.006609437433847746,cell
GSE92629,0.00375621573921833,-0.00665580827894499,cell
GSE98510,0.0037560629341255934,-0.006714499165992587,cell
GSE106674,0.0037556163420786404,-0.006886044331463124,"cell,samples"
GSE85641,0.0037551095969987768,-0.007080720217856375,"cell,samples"
GSE77390,0.0037547856000881563,-0.0072052036425217,cell
GSE89270,0.003754596878509613,-0.0072777176438543695,cell
GSE95337,0.0037544862335705306,-0.007320233328537264,cell
GSE84535,0.0037541818615293484,-0.00743719575891171,carcinoma
GSE76755,0.0037541679562280972,-0.0074425394388531905,cell
GSE61523,0.003754029662832852,-0.007495685401613703,cell
GSE79374,0.0037539391351320934,-0.007530476133559592,"cell,sample"
GSE104205,0.003753908153817629,-0.007542382765918527,cell
GSE89132,0.0037534977292539152,-0.007700124998732535,cell
GSE74647,0.0037532754093726243,-0.007785578437753643,"cell,samples"
GSE53001,0.0037531922411519945,-0.007817547237208549,"carcinoma,cell,patient"
GSE100601,0.0037529411058434656,-0.00791408473463702,"cell,sample"
GSE92707,0.0037529065844804717,-0.00792735540072325,cell
GSE58465,0.0037528052214351976,-0.007966321981518493,"cell,sample"
GSE89848,0.003752637674818824,-0.008030733549480803,cell
GSE69545,0.0037524517384977737,-0.00810221821637358,"cell,samples"
GSE106107,0.003752383597533233,-0.008128416427853231,"cell,samples"
GSE83555,0.003752041601978556,-0.00825991092022614,cell
GSE109125,0.0037519477906040877,-0.008295982720878121,cell
GSE76254,0.003751719053240522,-0.008383939253877811,cell
GSE31555,0.003751190797138076,-0.008587090424763447,cell
GSE42605,0.0037510432517016408,-0.008643837006673032,cell
GSE103753,0.003750653548324269,-0.00879372926317049,cell
GSE103662,0.003750580113504631,-0.008821976363554114,cell
GSE93314,0.003749804598633996,-0.00912031611676104,cell
GSE80678,0.0037497609331278783,-0.009137116025733737,carcinoma
GSE22182,0.003749756237816617,-0.009138922515969795,cell
GSE62125,0.003749481507584007,-0.009244627110970533,"carcinoma,cell"
GSE87144,0.003749303801393643,-0.009313005075949678,cell
GSE90140,0.003749032550614759,-0.00941738347012481,"cell,samples"
GSE89082,0.0037489741862650394,-0.009439843294678653,cell
GSE81316,0.003748597959889646,-0.009584631478348355,cell
GSE95833,0.003748573334041143,-0.009594109076797188,cell
GSE85049,0.003748349396604262,-0.009680297354671078,"carcinoma,cell"
GSE73729,0.003748231107020721,-0.009725826324978253,cell
GSE94383,0.003748123443152617,-0.009767266768481282,cell
GSE79756,0.0037477931115395533,-0.009894420740072891,"cell,sample"
GSE89737,0.003747125993384481,-0.010151247543158402,cell
GSE41265,0.0037469681940050913,-0.010212003753700204,cell
GSE75809,0.003746951572295485,-0.01021840362420013,cell
GSE62292,0.003746435619138933,-0.010417075611232994,"cell,kidney"
GSE79723,0.003746380481800218,-0.010438308313080262,cell
GSE121654,0.003745979569720202,-0.010592703955106588,cell
GSE74643,0.003745694783056202,-0.010702388463192592,"cell,samples"
GSE79535,0.003745669454593823,-0.01071214402864313,carcinoma
GSE94382,0.0037451276320501566,-0.010920849374445705,"cell,samples"
GSE36103,0.00374493831753003,-0.010993778804240389,cell
GSE101996,0.0037448051841345534,-0.011045067847558782,"cell,samples"
GSE90976,0.0037448040266592282,-0.011045513767730226,"cell,samples"
GSE68770,0.0037444410254087175,-0.011185367678429557,"cell,sample,samples"
GSE62149,0.0037444053074151998,-0.01119912952366675,cell
GSE86909,0.003744379273014873,-0.011209160443862404,"cell,samples"
GSE68769,0.0037443205507385106,-0.01123178609020773,"cell,sample,samples"
GSE99735,0.0037436920090155442,-0.011473984943804569,cell
GSE92720,0.0037436485624356463,-0.011490727915428345,cell
GSE63310,0.00374357184043847,-0.011520294680903752,"cell,sample,samples"
GSE64960,0.0037429517718587037,-0.011759276059554834,"cell,sample"
GSE62294,0.003742823378940818,-0.01180876507631147,"cell,kidney"
GSE83144,0.0037425057842579443,-0.011931189157946345,kidney
GSE84264,0.0037419685077873417,-0.012138318228288592,cell
GSE58757,0.0037419026349375124,-0.012163715360860245,"cell,samples"
GSE93764,0.0037418989531062883,-0.012165134895995248,"cell,samples"
GSE103471,0.0037418217662770676,-0.012194894706634306,cell
GSE100426,0.0037417646853692196,-0.012216902962492835,"cell,samples"
GSE69484,0.0037417029701123047,-0.012240698427162267,cell
GSE66534,0.0037412525769449164,-0.012414367770976865,cell
GSE98875,0.0037410692033263567,-0.01248508170655672,cell
GSE94583,0.003740745037295871,-0.012610097567645575,"carcinoma,cell"
GSE106510,0.0037405670968595098,-0.012678725578496336,cell
GSE67672,0.003740451004595039,-0.012723501765902829,hif2alpha
GSE95478,0.0037402527838229878,-0.01279995770721392,"cell,samples"
GSE96104,0.003740129330287836,-0.012847577147034623,cell
GSE87181,0.003740100848120133,-0.012858563729297438,cell
GSE37111,0.0037400973151851496,-0.01285992651345601,cell
GSE56893,0.0037400196203123274,-0.012889896635231822,"carcinoma,cell"
GSE55385,0.0037399923884079284,-0.012900401252974338,"cell,samples"
GSE89198,0.003739860318640758,-0.01295134781719965,"cell,samples"
GSE75417,0.003739577630326056,-0.013060402276295369,cell
GSE73631,0.0037394951835904946,-0.013092209827711528,cell
GSE86895,0.003739326000985395,-0.013157481853716516,cell
GSE77319,0.0037392040943896973,-0.013204516241179682,cell
GSE105138,0.003739165014885827,-0.013219594343266033,cell
GSE36290,0.0037390624546974932,-0.013259166040092115,cell
GSE108523,0.0037387000162700705,-0.013399017532917588,"cell,samples"
GSE87183,0.0037385108892702265,-0.013471999982731596,cell
GSE95832,0.0037384571122678917,-0.01349275273025371,cell
GSE48229,0.0037382585821463072,-0.013569368836482971,cell
GSE67602,0.003738123201066749,-0.013621617000847337,cell
GSE52359,0.0037381142110916453,-0.013625086605084121,"cell,samples"
GSE65970,0.0037378040250784987,-0.01374480536311211,cell
GSE65487,0.003737672025228359,-0.01379575476832264,cell
GSE90758,0.003737420117593857,-0.013892991267419125,cell
GSE56253,0.0037373425056928503,-0.013922950828770646,"cell,kidney"
GSE64687,0.0037371288316697168,-0.014005435981154434,cell
GSE64411,0.0037366995434331795,-0.014171169519459523,cell
GSE107915,0.003736643674092351,-0.014192740165583159,cell
GSE59622,0.0037364176512645485,-0.014280008822616966,cell
GSE77303,0.0037363901819766673,-0.014290615225534728,cell
GSE79436,0.003736214881103758,-0.014358303989472068,cell
GSE70288,0.0037361642552660194,-0.01437785268841111,cell
GSE82229,0.003736096210661201,-0.014404127900411762,"cell,samples"
GSE101016,0.003736054478766736,-0.014420242778094313,cell
GSE70538,0.003735998693621731,-0.014441784635519003,"cell,samples"
GSE72410,0.003735882892624615,-0.014486503096954642,"cell,kidney,sample,samples"
GSE85209,0.003735832652019413,-0.014505904764896634,kidney
GSE72568,0.0037356700228119307,-0.014568709895641182,cell
GSE49147,0.003735103806079412,-0.01478739623051011,cell
GSE67828,0.0037348945598851433,-0.014868220464220872,cell
GSE74155,0.003734893250937838,-0.01486872607745485,cell
GSE97148,0.0037347150433528434,-0.01493756481411689,cell
GSE70046,0.0037342732906225405,-0.015108220984819674,"carcinoma,cell,samples"
GSE83315,0.0037342058623328336,-0.01513427139138468,cell
GSE41792,0.0037341968630599646,-0.015137748227548223,"cell,sample"
GSE86929,0.003734047859223241,-0.015195316532909647,cell
GSE90531,0.003733883108622973,-0.01525897134574937,cell
GSE77113,0.0037331568710982166,-0.015539601764662894,cell
GSE100217,0.003732754600941967,-0.015695069228281823,"cell,sample"
GSE92590,0.0037327067803499536,-0.01571355181828591,cell
GSE94920,0.0037326879852431927,-0.01572081616482583,cell
GSE76198,0.003732526397845098,-0.01578327152805449,cell
GSE49929,0.00373224856590352,-0.01589066304794538,"cell,samples"
GSE60114,0.0037320893386382347,-0.015952213419585533,"cell,sample"
GSE29278,0.003731951396729206,-0.016005537916373446,cell
GSE80032,0.0037316576047678697,-0.016119116268563993,cell
GSE87043,0.0037316311658958266,-0.016129337829260744,cell
GSE121611,0.00373085166634278,-0.01643073353600521,"cell,patient"
GSE71882,0.003730537062214413,-0.016552393948729763,cell
GSE76132,0.0037304505438384766,-0.016585853227448755,cell
GSE70016,0.0037304455388908865,-0.01658778881614682,"cell,sample,samples"
GSE83841,0.003730248015241733,-0.0166641802098131,cell
GSE35005,0.003730182668232841,-0.016689453765635395,cell
GSE45719,0.003729839920854228,-0.0168220217137468,cell
GSE54302,0.0037296483949800455,-0.01689610546245626,cell
GSE70210,0.003729398462354969,-0.01699278713393137,cell
GSE72066,0.0037293398765489987,-0.017015450873534878,"cell,samples"
GSE93554,0.003728895225927718,-0.017187474211012493,cell
GSE85717,0.0037288460182203884,-0.01720651260695963,cell
GSE98415,0.0037288134720066947,-0.017219104831412115,cell
GSE77304,0.0037285705050932923,-0.017313112907774045,cell
GSE89711,0.0037284695397072016,-0.017352179953397592,"cell,cellnumber,samples"
GSE90059,0.0037282635989574413,-0.01743186892521588,cell
GSE106575,0.003728012731850294,-0.01752894814156538,cell
GSE90869,0.003727872844888108,-0.01758308368980509,"cell,samples"
GSE38669,0.0037276272582809165,-0.017678129381047507,cell
GSE75804,0.0037274917561137145,-0.017730573427694143,cell
GSE67186,0.0037274830843666796,-0.01773392975999863,carcinoma
GSE107289,0.0037273679684235936,-0.017778485231075027,"cell,samples"
GSE86389,0.003727174103795987,-0.017853523384781897,carcinoma
GSE81941,0.0037270735611805595,-0.017892441418956156,"cell,sample"
GSE67207,0.0037270142536883844,-0.017915398654495884,cell
GSE39657,0.0037267558750511782,-0.018015418261293634,"carcinoma,cell,sample"
GSE55423,0.003726739394812365,-0.018021798075849905,cell
GSE95762,0.003726626169537321,-0.018065630500654847,cell
GSE104803,0.0037265334161162953,-0.018101538735010518,cell
GSE98860,0.0037265258375077785,-0.018104472730448372,cell
GSE90797,0.003726421947459451,-0.01814469350264592,cell
GSE100807,0.003726387698461652,-0.01815795316219114,cell
GSE62715,0.0037261139809427976,-0.01826392855789602,cell
GSE70699,0.003725971492053464,-0.01831909915807054,"carcinoma,cell"
GSE65246,0.003725937442585466,-0.01833228316207731,"cell,sample"
GSE35368,0.0037256769321500722,-0.018433157172592394,"cell,sample,samples"
GSE76102,0.0037256323262883193,-0.018450430017756637,cell
GSE95156,0.003725335841542339,-0.018565243841495088,"cell,samples"
GSE73541,0.0037249825423573313,-0.018702071009484112,cell
GSE97137,0.0037246683458131025,-0.01882376524812602,cell
GSE85723,0.0037245552623824366,-0.018867567102714373,cell
GSE64779,0.003724413076496452,-0.01892264342020873,cell
GSE87315,0.0037243872575567693,-0.01893264472365918,"cell,samples"
GSE90847,0.0037243510149535786,-0.01894668388626085,cell
GSE100457,0.00372428062315713,-0.01897395168539306,kidney
GSE70108,0.003724199031099011,-0.019005558795325027,cell
GSE48206,0.003724127646526886,-0.019033212299974008,cell
GSE84820,0.0037239105195420613,-0.01911732787976959,cell
GSE77695,0.003723629303118443,-0.019226279170967454,cell
GSE92992,0.0037234731498715953,-0.01928678096110683,cell
GSE48252,0.0037232966504953677,-0.01935516894184946,cell
GSE71699,0.0037228576415328026,-0.01952528522714064,cell
GSE68242,0.0037227711106226323,-0.019558818383076222,cell
GSE60853,0.003722751388377289,-0.019566461415665527,"cell,sample"
GSE86113,0.003722108293259007,-0.019815704565959266,"cell,samples"
GSE86318,0.0037220500031129003,-0.01983829809537503,cell
GSE38046,0.003721131747989774,-0.02019426471379852,"cell,samples"
GSE59623,0.00372107578036676,-0.02021596370885266,"cell,sample"
GSE89477,0.003720877049170421,-0.020293015664989342,cell
GSE78760,0.0037207660851355934,-0.020336040373346107,"carcinoma,cell"
GSE74467,0.0037205653167834206,-0.020413888675074203,cell
GSE85131,0.0037205083083596503,-0.02043599456312403,cell
GSE47124,0.003720185804848985,-0.020561056609411106,cell
GSE70359,0.0037201249123898794,-0.020584671012658443,cell
GSE89900,0.003719926806802307,-0.020661500034718484,cell
GSE81044,0.0037196461857092996,-0.02077033710368736,cell
GSE82031,0.0037196077150570524,-0.020785258336369572,"cell,sample"
GSE72857,0.0037196046656048725,-0.020786441103929337,"cell,sample"
GSE94883,0.0037195909264106752,-0.020791770031523535,cell
GSE70358,0.0037195142861738448,-0.020821496318879813,cell
GSE71635,0.0037194398301740967,-0.020850375997373445,cell
GSE72596,0.0037193562313354014,-0.020882802650562488,"cell,sample,samples"
GSE106969,0.0037189795367005988,-0.02102892551970178,"cell,sample"
GSE109522,0.003718855428890701,-0.021077071175721485,cell
GSE97955,0.003718704196871309,-0.0211357414104244,"cell,samples"
GSE55310,0.0037186476977670337,-0.021157660765245508,cell
GSE55552,0.0037185019944693328,-0.021214189256336786,cell
GSE78505,0.0037175589087516613,-0.021580131685539808,cell
GSE73175,0.0037175390476766,-0.021587839310823472,cell
GSE80636,0.003717478106007275,-0.021611489624549167,cell
GSE68949,0.003717437239267631,-0.02162734945344694,"cell,samples"
GSE107053,0.0037173437100685965,-0.021663647526665674,"carcinoma,cell"
GSE60066,0.0037172818502483975,-0.021687655421914635,cell
GSE87561,0.003717091813087695,-0.021761411647201495,"cell,sample"
GSE67310,0.003717021647842305,-0.02178864476708911,"cell,samples"
GSE77197,0.0037169897958595653,-0.021801007593778177,cell
GSE65530,0.0037169507651463505,-0.021816156871859133,cell
GSE67647,0.0037168551830505056,-0.021853256526233135,carcinoma
GSE99251,0.003716844858231622,-0.021857264103864273,"cell,sample,samples"
GSE65498,0.0037168196563297684,-0.021867046266821576,cell
GSE70605,0.0037167654540420664,-0.02188808520577566,"cell,samples"
GSE75787,0.0037163586447676797,-0.022046000428373798,cell
GSE87069,0.0037161560621922192,-0.02212464537926391,cell
GSE93006,0.0037160691168914564,-0.022158399887832306,cell
GSE61250,0.003716067504027232,-0.022159026052645227,"cell,samples"
GSE83114,0.0037160664362441568,-0.022159440599896385,cell
GSE57682,0.0037158805886328724,-0.02223159435080955,cell
GSE53214,0.0037157071908577887,-0.022298917813219694,cell
GSE100212,0.003715396693028258,-0.022419479626412133,cell
GSE82230,0.0037150606919931577,-0.022549955316476723,"cell,samples"
GSE95432,0.003715002333715386,-0.022572618165404654,cell
GSE98794,0.0037147982307395933,-0.022651882298681498,cell
GSE57776,0.003714569658688028,-0.022740654256212828,cell
GSE63426,0.0037145098074337574,-0.022763899964681353,cell
GSE106273,0.0037142455472719263,-0.022866540799366373,cell
GSE78816,0.0037141989366225683,-0.022884645519090235,cell
GSE93007,0.0037140468000155338,-0.022943740690768297,cell
GSE104054,0.0037139086686999822,-0.02299739781480473,cell
GSE68602,0.003713883725079457,-0.023007087379543826,cell
GSE53928,0.003713846458282939,-0.023021564109634664,cell
GSE75667,0.003713775288458847,-0.02304921127740465,"cell,renal,sample,samples"
GSE76356,0.0037137717847742315,-0.023050572358894846,"carcinoma,cell"
GSE75044,0.003713547388628747,-0.023137746532732074,cell
GSE68902,0.0037134322845218956,-0.023182464609652093,"cell,sample,samples"
GSE75946,0.003713372584400452,-0.023205658720893613,cell
GSE78127,0.003713030612101202,-0.023338525662680444,cell
GSE49949,0.0037130040950602325,-0.023348828874290628,"cell,transparent"
GSE74406,0.0037129087995408394,-0.023385856610868224,cell
GSE74371,0.00371286562237478,-0.023402633711764483,cell
GSE84987,0.003712574431736732,-0.023515785063500876,"cell,samples"
GSE65529,0.0037123471078646404,-0.023604125127781924,cell
GSE61102,0.00371224199736213,-0.023644973826229147,cell
GSE76606,0.003711975941687603,-0.02374837520952786,"cell,samples"
GSE80550,0.0037117464470571237,-0.02383757325548684,cell
GSE53459,0.003711379320369298,-0.02398027644250826,"cell,samples"
GSE39160,0.0037113236155513086,-0.024001930297003628,cell
GSE62310,0.0037112872417958574,-0.024016069859919248,cell
GSE52502,0.003711248627300622,-0.02403108061682659,cell
GSE74148,0.0037111951817600545,-0.024051856959044535,cell
GSE83351,0.0037111352278687195,-0.02407516370421481,cell
GSE95701,0.003711079955176839,-0.02409665099244546,cell
GSE92699,0.0037108824693222317,-0.024173426337525238,cell
GSE75386,0.0037106647833770913,-0.024258059480162915,"cell,samples"
GSE31234,0.0037104415551415288,-0.02434485254142335,"cell,sample"
GSE69256,0.003710434885743925,-0.024347445741007,"cell,sample,samples"
GSE85642,0.0037102866611103727,-0.024405079743965323,cell
GSE83809,0.003710284559565208,-0.024405896901754716,cell
GSE86418,0.003710274801298679,-0.024409691279521792,"cell,samples"
GSE76157,0.0037102143622333127,-0.024433192463327938,cell
GSE93179,0.0037093032312064084,-0.024787523915250114,"cell,sample,samples"
GSE70148,0.003709090666398172,-0.02487020116292047,"lap2alpha,samples"
GSE85302,0.0037090721878526964,-0.02487738863142013,cell
GSE90447,0.0037089696287298424,-0.02491728097541253,cell
GSE81686,0.003708965540393298,-0.024918871235430594,cell
GSE93180,0.003708928459011266,-0.024933295039807492,"cell,sample,samples"
GSE86188,0.003708591505122992,-0.025064368958396463,cell
GSE97126,0.003708336751811979,-0.025163475037317806,"cell,kidneyureter"
GSE53150,0.003708078703328943,-0.02526386997047296,cell
GSE77449,0.0037076785249004437,-0.025419575023122074,"cell,sample,samples"
GSE96707,0.0037075789716398072,-0.02545831271914952,"cell,sample,samples"
GSE97399,0.003707468487271689,-0.02550130509401302,"cell,samples"
GSE39524,0.0037072205665464298,-0.025597782235104737,"cell,samples"
GSE81576,0.00370704132486598,-0.025667537279462,cell
GSE75219,0.0037068940756238115,-0.025724844428770304,"cell,sample"
GSE76005,0.003706721897010235,-0.025791856594740557,cell
GSE89547,0.0037065911356882458,-0.02584275117047498,cell
GSE89546,0.003706348698347775,-0.025937116741160587,cell
GSE87051,0.0037062291984148138,-0.02598363280158806,cell
GSE44674,0.0037062012195060896,-0.025994523975087173,cell
GSE78510,0.0037059268702208025,-0.02610132254865326,cell
GSE95138,0.003705838212048777,-0.02613583705463181,cell
GSE55798,0.0037057271736676504,-0.026179065310330814,"cell,sample"
GSE72990,0.003705726680604631,-0.026179257267155004,"cell,samples"
GSE101470,0.003705629336600089,-0.026217155247577312,cell
GSE84374,0.00370562896922728,-0.02621729827509256,cell
GSE72480,0.0037053585411172324,-0.026322586617006732,cell
GSE80044,0.003705355928642968,-0.026323603793874457,"cell,sample"
GSE43948,0.0037053216766329057,-0.02633694001161044,cell
GSE57546,0.003705244424935995,-0.026367018858087166,"cell,samples"
GSE69285,0.003705108190228977,-0.026420064953581054,cell
GSE75778,0.003704771204190405,-0.026551286546040016,"cell,samples"
GSE57875,0.003704722071788713,-0.026570419587836153,"cell,sample"
GSE100560,0.0037044439273696923,-0.026678738816803656,"cell,sample,samples"
GSE95631,0.00370408199529908,-0.026819700084747353,cell
GSE56018,0.003703878284083461,-0.02689904531596815,cell
GSE59725,0.00370387727298114,-0.026899439149780196,"cell,samples"
GSE86901,0.003703857566968535,-0.02690711484748659,cell
GSE74178,0.0037035528445161655,-0.027025812623553545,cell
GSE108478,0.003703399188744467,-0.02708566947664766,cell
GSE53401,0.003703375570028382,-0.027094870405709924,cell
GSE101732,0.0037033348798226223,-0.027110721857838554,cell
GSE92751,0.00370332871194271,-0.027113124658951816,cell
GSE66232,0.003703084262633826,-0.027208357211339917,cell
GSE99957,0.003702928507963596,-0.027269039388735254,cell
GSE95448,0.0037027985875884074,-0.027319658451143508,cell
GSE98650,0.003702613750132449,-0.02739167715016408,"cell,sample"
GSE95445,0.0037025477153983465,-0.02741740730712632,cell
GSE56240,0.0037023941874537144,-0.027477230600082867,cell
GSE78140,0.0037023392392161016,-0.027498642187872246,"cell,samples"
GSE104633,0.0037022864819651123,-0.027519200316598907,cell
GSE78964,0.0037022112477848985,-0.027548517626878346,cell
GSE92779,0.003702179139448523,-0.027561029808229772,"cell,samples"
GSE97120,0.003702141555389291,-0.027575675942049536,cell
GSE62734,0.003702128301600182,-0.02758084084721638,cell
GSE67265,0.003702015290268154,-0.027624881291940497,cell
GSE71209,0.003701740825822844,-0.02773184551067549,cell
GSE90856,0.0037017281067844065,-0.02773680256360438,cell
GSE80113,0.0037016233339931086,-0.027777636822965218,"cell,sample,samples"
GSE101939,0.0037015632722642105,-0.027801045866405305,cell
GSE73308,0.003701536038081022,-0.027811660507485066,cell
GSE59813,0.0037015322195606106,-0.027813148798628506,cell
GSE89264,0.003701342849903976,-0.02788695867979428,"cell,kidney"
GSE42474,0.0037012814092924804,-0.02791090696148804,cell
GSE84878,0.003701208100313761,-0.02793948180780623,cell
GSE72121,0.0037011964858398275,-0.02794400902426717,"cell,samples"
GSE89405,0.0037011362584624683,-0.027967485336841895,"cell,samples"
GSE45278,0.0037010856087241477,-0.0279872286321955,cell
GSE107583,0.0037009654964281456,-0.028034049550167004,cell
GSE98563,0.0037008419522644824,-0.02808220982817997,"cell,samples"
GSE56175,0.0037007246103898635,-0.028127953803913405,cell
GSE89758,0.0037006368657694225,-0.028162160680361436,cell
GSE104555,0.0037005133867379207,-0.028210299842610507,cell
GSE76724,0.0037004970676765584,-0.02821666206275443,cell
GSE52332,0.0037004673832448393,-0.028228235036173614,cell
GSE77729,0.003700212708947617,-0.028327527896076395,carcinoma
GSE79352,0.003699499640500237,-0.028605576627554547,cell
GSE63800,0.0036991372582644688,-0.028746901864086835,cell
GSE93252,0.0036989603367812503,-0.02881590439973478,cell
GSE95053,0.0036988960571318038,-0.028840975427489538,cell
GSE90625,0.0036988186678873717,-0.028871160175973222,cell
GSE31182,0.003698462594413284,-0.029010050510797594,cell
GSE89733,0.0036984246243175495,-0.0290248619489603,"cell,sample,vhl"
GSE61845,0.0036983034859256535,-0.029072116831027263,cell
GSE62050,0.0036982897597632124,-0.029077471368130058,cell
GSE80168,0.003698256642560162,-0.02909039037708665,cell
GSE76864,0.0036982378612448255,-0.029097717012828175,cell
GSE61528,0.003698106414123736,-0.029148995888633546,cell
GSE93574,0.0036980923843097694,-0.02915446917121707,cell
GSE79975,0.0036978872328374637,-0.029234504819535174,cell
GSE44067,0.0036976971702642213,-0.029308657805151926,cell
GSE94133,0.0036976244119062405,-0.02933704551516,"cell,patient,samples"
GSE70766,0.0036974927483443844,-0.029388417349752855,cell
GSE52396,0.003697464156627078,-0.029399573365751025,cell
GSE57391,0.003697455267851366,-0.029403041636844394,"cell,samples"
GSE116525,0.0036973642128709217,-0.029438570447002533,cell
GSE44158,0.0036973223773054077,-0.029454894590606098,cell
GSE83312,0.0036972062735430677,-0.02950019898526855,cell
GSE39851,0.0036970487166116395,-0.029561680934150823,carcinoma
GSE103956,0.003696982549139702,-0.029587501621189744,cell
GSE83394,0.003696940514702614,-0.02960390505774457,cell
GSE63194,0.003696753799956445,-0.029676770509561145,cell
GSE76865,0.003696622656792263,-0.029727951345202043,cell
GSE75909,0.003696620506558309,-0.029728790525462623,cell
GSE93374,0.0036963880894589395,-0.029819499738750786,cell
GSE60941,0.003696304089597411,-0.0298522851383676,"cell,sample"
GSE90116,0.0036962230599079473,-0.02988391197687487,cell
GSE82076,0.0036960797593448436,-0.029939845565318753,cell
GSE40823,0.0036956717590028994,-0.030099109596080795,cell
GSE103958,0.0036956642957434774,-0.030102023063220414,cell
GSE75715,0.0036955844078835117,-0.03013320962560679,cell
GSE72808,0.003695524131820089,-0.030156740595912265,"cell,samples"
GSE61389,0.0036955140370382475,-0.030160681501470814,cell
GSE75931,0.0036953526374923556,-0.030223691790994555,"cell,samples"
GSE57609,0.003695291557589484,-0.030247538067624067,"cell,cellnumber"
GSE87266,0.0036952042608452487,-0.03028162037633357,cell
GSE60307,0.003695202525629962,-0.030282297845534066,"cell,sample,samples"
GSE70815,0.003695153550173748,-0.030301419156356226,cell
GSE54973,0.003695079880688613,-0.030330182145202875,cell
GSE86526,0.0036949342872519544,-0.030387028295780414,"cell,sample,samples"
GSE94481,0.0036948279093863665,-0.03042856436015461,cell
GSE67052,0.0036946278329564913,-0.03050668899701965,"cell,samples"
GSE88970,0.0036945555616583604,-0.03053491009747073,cell
GSE90655,0.0036943640661460126,-0.030609689534789,cell
GSE67478,0.0036943019166579775,-0.030633959885727143,cell
GSE30765,0.0036942538447719696,-0.03065273299207984,cell
GSE99144,0.0036941110847366204,-0.0307084852991264,cell
GSE83734,0.0036940531962171386,-0.030731093210051724,cell
GSE75767,0.0036938461660888998,-0.03081195011531136,cell
GSE72860,0.003693718948630424,-0.030861637933591143,cell
GSE68884,0.0036935590123576096,-0.030924107294809846,"cell,samples"
GSE95141,0.0036934136200330913,-0.030980898295949622,"cell,sample,samples"
GSE77351,0.0036933310702126796,-0.031013143681849136,"cell,samples"
GSE89665,0.0036932634211951907,-0.031039569094038478,cell
GSE63316,0.0036931418648627756,-0.031087053279156337,cell
GSE80036,0.0036931358034378342,-0.0310894211261549,cell
GSE75484,0.0036929417519095554,-0.031165227851846944,"cell,samples"
GSE89509,0.0036929269829592635,-0.031170997543161647,"cell,sample,samples"
GSE98297,0.003692508508182456,-0.031334489997088724,cell
GSE94554,0.00369222292364272,-0.031446074664247085,cell
GSE53074,0.0036917801395989283,-0.03161909797950244,cell
GSE69987,0.0036916164532936994,-0.031683065671846374,cell
GSE70020,0.0036916081849720935,-0.031686296960927195,cell
GSE47877,0.0036915055067427943,-0.0317264245760261,"cell,samples"
GSE53789,0.0036909622908675175,-0.03193873700929194,cell
GSE80960,0.003690853145200287,-0.03198139966164976,cell
GSE101527,0.0036904680385282658,-0.032131939510171,cell
GSE75762,0.0036904082537415742,-0.032155311048147485,cell
GSE96630,0.003690328333863434,-0.03218655454545894,"cell,sample,samples"
GSE50776,0.0036902768565457876,-0.03220667920162802,cell
GSE85875,0.003690201611024694,-0.03223609635679242,cell
GSE97184,0.003690103340426045,-0.03227451604440087,cell
GSE57967,0.003690064223577617,-0.03228980937825901,cell
GSE83760,0.003689975993219244,-0.032324304989867374,"cell,samples"
GSE68958,0.003689890488918593,-0.03235773557586189,cell
GSE44157,0.0036896558366339397,-0.032449484220719506,cell
GSE74283,0.0036895265802410673,-0.032500025743203854,cell
GSE48419,0.003689461686958484,-0.032525400825419104,cell
GSE71554,0.003689267972468689,-0.0326011512450005,"cell,sample,samples"
GSE65082,0.0036892572083232246,-0.032605360590066135,"cell,samples"
GSE74720,0.003688980980791596,-0.03271338423473824,"cell,sample,samples"
GSE79039,0.0036889634546324775,-0.032720238421041076,cell
GSE58973,0.003688931896044252,-0.03273258053666265,cell
GSE45152,0.0036888749387424223,-0.03275485599568017,cell
GSE77256,0.003688826877939086,-0.03277365238630646,cell
GSE84379,0.0036886038928162137,-0.03286086419243638,cell
GSE84378,0.003688517869979934,-0.03289451002974246,cell
GSE71588,0.003688492937054009,-0.03290426211213157,cell
GSE76362,0.0036883548569578446,-0.03295827094505515,"cell,sample,samples"
GSE58971,0.0036883055324276066,-0.0329775642977143,cell
GSE40285,0.0036882801488006315,-0.032987493236206866,cell
GSE93573,0.003688225239015174,-0.033008971719855354,cell
GSE48870,0.003688079220572648,-0.033066089775134,cell
GSE84377,0.0036877088841548063,-0.0332109644668534,cell
GSE75761,0.0036875752387510842,-0.03326324979118674,cell
GSE94238,0.0036875599809801547,-0.03326921912186327,"cell,samples"
GSE42880,0.0036875000343527774,-0.033292672409526686,"cell,sample,samples"
GSE95434,0.003687481781507361,-0.03329981365820273,cell
GSE87046,0.003687372894946033,-0.03334241520330447,"cell,sample"
GSE70235,0.0036872340555672996,-0.033396737524357414,cell
GSE63853,0.003687165668157096,-0.03342349554704644,cell
GSE79791,0.0036870908224153594,-0.03345278109754947,cell
GSE87633,0.0036870817104185,-0.033456346469155046,"cell,samples"
GSE58733,0.003686926138765475,-0.033517220408252,cell
GSE78240,0.0036867290548854357,-0.033594341436825284,"cell,sample"
GSE53599,0.0036865945951847245,-0.03364695932060283,"cell,samples"
GSE77941,0.003686423615593434,-0.033713871242271834,cell
GSE77705,0.00368632752334616,-0.03375147777638796,"cell,samples"
GSE52125,0.003686321248017109,-0.03375393371492053,cell
GSE40948,0.00368627237314821,-0.03377306172728866,cell
GSE73018,0.0036862349518790548,-0.03378770734974902,"cell,samples"
GSE97375,0.0036861672257913073,-0.03381421379597383,cell
GSE71889,0.0036858760778245036,-0.03392816801756246,cell
GSE76223,0.003685777455924993,-0.033966770299860234,cell
GSE87799,0.00368548059620455,-0.03408297245795211,cell
GSE93167,0.0036852902759625704,-0.034157475945879534,cell
GSE58972,0.003685290015803149,-0.0341575777915124,cell
GSE100827,0.0036852194008293987,-0.034185221979094786,cell
GSE80804,0.0036850709541496117,-0.034243337271296144,cell
GSE37184,0.003684989845232958,-0.03427509153629281,cell
GSE49715,0.0036848831625134423,-0.03431685904849907,cell
GSE95436,0.0036848752781833915,-0.034319945902418825,cell
GSE69080,0.003684834585603508,-0.03433587786833986,"cell,sample"
GSE56986,0.0036847413305353452,-0.03437238977239359,"cell,samples"
GSE109556,0.0036846759314897366,-0.03439799583469849,"cell,sample"
GSE58858,0.0036843447623226846,-0.03452766737048997,cell
GSE93313,0.0036843171203400533,-0.034538491303490966,cell
GSE65922,0.0036842887468085113,-0.03454960177784305,cell
GSE81903,0.003684206148416105,-0.03458194604700775,"cell,samples"
GSE97054,0.0036841316744569514,-0.03461110953384361,cell
GSE96107,0.003684121131999835,-0.03461523793470072,cell
GSE65921,0.0036839139360575145,-0.03469637776527849,cell
GSE107122,0.0036838547568465827,-0.03471955372470282,cell
GSE81285,0.0036837382796251015,-0.034765170009149894,cell
GSE90574,0.0036836232367069774,-0.034810225989398154,cell
GSE47964,0.003683462197607332,-0.03487329850635374,cell
GSE53595,0.0036834491530401583,-0.03487840765765913,"cell,samples"
GSE86417,0.003683446469042379,-0.0348794588983674,cell
GSE48764,0.0036831682270631223,-0.03498844201758609,cell
GSE79437,0.0036829929547755563,-0.03505709771324157,cell
GSE52525,0.003682913871845386,-0.03508807626180734,"cell,samples"
GSE63681,0.0036829135766687426,-0.03508819189033176,cell
GSE37646,0.00368267757978205,-0.03518064109935827,cell
GSE66954,0.003682607477846843,-0.03520810390996016,"cell,samples"
GSE94306,0.0036824147053065815,-0.03528362628613287,cell
GSE69707,0.0036822861857812974,-0.035333978495827624,cell
GSE92376,0.0036821995674217434,-0.03536791538754595,"cell,samples"
GSE72178,0.003682141932437732,-0.03539049709580018,"cell,samples"
GSE108067,0.0036818846760417116,-0.03549129589696116,cell
GSE77636,0.0036814860096246217,-0.03564751621725189,cell
GSE35510,0.0036814515347036035,-0.03566102625921241,cell
GSE74001,0.003681333928235648,-0.03570711486765121,cell
GSE54461,0.0036811335362419186,-0.03578564955376122,"cell,sample,samples"
GSE68768,0.0036810701876371296,-0.03581047709763418,"cell,sample,samples"
GSE67868,0.003681025517386108,-0.035827984490150504,"cell,samples"
GSE83356,0.0036809962897908733,-0.035839439633263824,cell
GSE52616,0.0036809649483242517,-0.03585172336500511,"cell,samples"
GSE70283,0.0036809406134072375,-0.03586126107607795,cell
GSE70941,0.003680735188158778,-0.03594177697905751,"cell,samples"
GSE60745,0.0036806385642238616,-0.03597965003819897,cell
GSE64002,0.0036805825790537094,-0.03600159463836011,cell
GSE87344,0.0036804636074707787,-0.036048229235771036,cell
GSE68618,0.003680243973969131,-0.03613432535091432,"cell,sample"
GSE109847,0.003680225533333335,-0.036141554295694975,cell
GSE83084,0.003680169188882649,-0.03616364220338349,cell
GSE104478,0.0036800266028544576,-0.03621953967177117,cell
GSE96998,0.0036799066492348913,-0.03626656631893577,cell
GSE84892,0.0036798918824934466,-0.036272355581932564,cell
GSE106330,0.003679756273736101,-0.036325521732703106,cell
GSE80010,0.003679755860190124,-0.036325683868649025,cell
GSE97579,0.0036796238548134365,-0.03637743918219785,cell
GSE87606,0.003679455791288118,-0.03644333449145769,cell
GSE90958,0.0036792994615665194,-0.03650463184580035,"cell,sample,samples"
GSE69771,0.003679159434909528,-0.03655953893069419,"cell,samples"
GSE38539,0.0036790507821506018,-0.03660214516016282,cell
GSE104096,0.003678983704637285,-0.03662844903139186,cell
GSE69926,0.003678694262820353,-0.0367419566559376,cell
GSE76069,0.0036781437529756615,-0.03695786947681915,"cell,samples"
GSE90516,0.0036780145846541695,-0.037008534644239977,"cell,samples"
GSE73823,0.003677954840523591,-0.037031969369407496,cell
GSE81212,0.0036779323719767446,-0.03704078278923713,cell
GSE57837,0.00367784940617482,-0.03707332708014053,cell
GSE39970,0.0036778145132066475,-0.03708701446789944,"cell,samples"
GSE62771,0.0036774563926762704,-0.03722750112576291,cell
GSE107632,0.0036774088232016736,-0.03724616312515666,cell
GSE36799,0.003677377595065508,-0.037258414378862806,cell
GSE53793,0.003677219809367299,-0.03732031760261427,cell
GSE58916,0.0036772146189932645,-0.03732235395957766,"cell,sample"
GSE65731,0.003677204016878402,-0.03732651353201762,cell
GSE96818,0.0036771582670809566,-0.03734446288054,cell
GSE64008,0.0036771011066388647,-0.03736688936352123,cell
GSE99866,0.0036770824015798253,-0.03737422823285618,cell
GSE104519,0.0036769821080373548,-0.037413578716163805,cell
GSE96738,0.003676860653863226,-0.03746123307604069,cell
GSE66817,0.0036764553362854994,-0.03762027687634698,"cell,samples"
GSE48553,0.0036763866631639498,-0.03764722546898987,"cell,samples"
GSE86065,0.00367634951582986,-0.03766180297411701,cell
GSE79244,0.0036763274476461377,-0.037670463128609284,cell
GSE73977,0.0036763225191653328,-0.03767239720539738,"cell,samples"
GSE100106,0.003676299624687887,-0.03768138168696841,cell
GSE77357,0.003676029946130179,-0.037787215875783396,cell
GSE30581,0.003676003540254623,-0.03779757916528307,cell
GSE77656,0.0036758901810344897,-0.037842069140502546,"cell,samples"
GSE87387,0.0036758220809805847,-0.03786879695752104,cell
GSE54695,0.0036757995341280335,-0.03787764622481637,cell
GSE60441,0.0036757536130415038,-0.03789566966081245,cell
GSE72917,0.003675723292393277,-0.03790757024878859,cell
GSE71462,0.0036757067123940465,-0.037914077794300616,cell
GSE90466,0.003675666918314423,-0.037929696840267854,cell
GSE87800,0.003675613849589361,-0.03795052640422861,cell
GSE45180,0.0036755370921391045,-0.03798065436479378,"cell,sample,samples"
GSE106471,0.0036755081363342838,-0.037992019931110406,cell
GSE105806,0.003675466832979583,-0.03800823224178981,cell
GSE95692,0.0036753966242390463,-0.038035790855112404,cell
GSE88830,0.003675367237896347,-0.03804732585519605,cell
GSE60297,0.003675318315790553,-0.03806652941897376,cell
GSE84447,0.003675263539609581,-0.03808803120650646,"cell,samples"
GSE79578,0.00367484704861772,-0.038251530648307656,cell
GSE102827,0.00367476742579223,-0.038282789826834814,cell
GSE103272,0.0036745500137520147,-0.03836814721544114,cell
GSE72823,0.0036745340071828933,-0.038374431698739254,cell
GSE77769,0.003674511966376368,-0.0383830853831456,cell
GSE96988,0.00367445926020903,-0.03840377914391839,cell
GSE76245,0.003674453918772056,-0.038405876342359965,cell
GSE87341,0.003674453918772056,-0.038405876342359965,cell
GSE86573,0.003674375733028762,-0.03843657461391279,"cell,samples"
GSE75751,0.003674183242378626,-0.03851215550191042,"cell,sample,samples"
GSE83795,0.00367414269166291,-0.03852807812619063,"cell,samples"
GSE68736,0.0036741151096206415,-0.03853890857789082,cell
GSE90913,0.003674027652404561,-0.03857325034179538,cell
GSE104560,0.003673793258484166,-0.03866529367022818,"cell,sample"
GSE93655,0.0036737757624634836,-0.03867216435690077,cell
GSE71217,0.0036737500683602015,-0.03868225448961716,cell
GSE64138,0.0036737313343925167,-0.03868961140576127,"cell,samples"
GSE84873,0.003673663380795586,-0.038716297413824256,"cell,samples"
GSE72069,0.003673490467541799,-0.038784204279241105,"cell,samples"
GSE85385,0.003673481985785983,-0.038787535334891966,cell
GSE88987,0.0036734660302027125,-0.0387938016214667,"cell,samples"
GSE86199,0.003673465768412097,-0.038793904435548345,cell
GSE53538,0.003673450497960383,-0.038799901674161454,"cell,kidney"
GSE85745,0.0036732310860517225,-0.038886075130574516,"cell,samples"
GSE84804,0.003673220415081755,-0.03889026625752918,cell
GSE74868,0.003673188485950352,-0.038902806806294106,cell
GSE106467,0.003673144445255597,-0.03892010449549942,cell
GSE92463,0.003673098317822557,-0.03893822200700646,cell
GSE71396,0.0036729903462080936,-0.03898063100038453,cell
GSE82174,0.003672762389957129,-0.03907017154571026,cell
GSE70849,0.0036725936427489123,-0.03913645853286693,cell
GSE83474,0.0036724707405701574,-0.03918473867162876,cell
GSE66832,0.003672372260809514,-0.039223426023364066,cell
GSE88836,0.0036723129328032345,-0.039246733277028566,cell
GSE79525,0.0036722582435239287,-0.03926821852106834,cell
GSE89798,0.003672065898528863,-0.03934378576598228,cell
GSE33343,0.003672062968960804,-0.039344936746142437,cell
GSE89549,0.003671894289334223,-0.039411209806361,cell
GSE64515,0.0036718909335702456,-0.03941252829373546,cell
GSE70022,0.003671845769783471,-0.03943027336653431,cell
GSE61748,0.0036717965622769942,-0.03944960748504373,cell
GSE102757,0.0036717398255195896,-0.03947190024270785,cell
GSE40468,0.003671528305290442,-0.03955501287874051,cell
GSE83436,0.0036715012809016324,-0.03956563191581818,cell
GSE58836,0.003671452177503174,-0.03958492693923052,cell
GSE69007,0.0036714417810968934,-0.039589012206937925,cell
GSE62357,0.0036712667664482467,-0.03965778594733592,cell
GSE103725,0.0036710434072901657,-0.03974556190399672,cell
GSE45975,0.0036710388352998377,-0.03974735866615638,cell
GSE81470,0.0036709211495373935,-0.03979360916771909,cell
GSE62202,0.0036708105174885057,-0.03983708891215661,cell
GSE38808,0.0036708057791795087,-0.039838951154642775,cell
GSE81716,0.0036707715676970822,-0.039852396967090545,cell
GSE57147,0.003670646531968489,-0.03990153963221158,cell
GSE83295,0.0036706321972329275,-0.03990717370569391,cell
GSE99260,0.003670579043097399,-0.039928065410133495,cell
GSE76017,0.003670547078257036,-0.03994062901847175,cell
GSE76222,0.0036704857363444084,-0.03996473943328211,cell
GSE96919,0.0036703742550058447,-0.04000855816146918,cell
GSE62559,0.0036703631372571504,-0.04001292816411321,cell
GSE68806,0.003670353931628221,-0.04001654658860236,"cell,sample"
GSE57231,0.0036702283538659975,-0.04006590790839333,cell
GSE44935,0.0036701216876132824,-0.04010783693710822,cell
GSE52126,0.003670050218528279,-0.04013593112777111,cell
GSE87050,0.0036699514535745046,-0.04017475610776367,cell
GSE96950,0.003669839011703453,-0.04021895882186954,cell
GSE73698,0.003669803331395738,-0.0402329856097136,cell
GSE54984,0.003669786769289995,-0.040239496618501236,cell
GSE93320,0.0036697620065862333,-0.040249231557530074,cell
GSE61602,0.003669760445144853,-0.040249845407750146,cell
GSE85532,0.003669644120440208,-0.04029557693080191,cell
GSE92949,0.003669630236827455,-0.04030103518683467,"cell,sample"
GSE66734,0.0036695290260999273,-0.04034082617909061,cell
GSE56292,0.0036694982154523615,-0.04035293960147942,cell
GSE99347,0.0036694285570046037,-0.04038032668415643,cell
GSE62266,0.0036693935507775546,-0.04039409001277313,cell
GSE100464,0.003669330797213946,-0.04041876303514737,cell
GSE63794,0.0036692741390044604,-0.040441039889825614,"cell,samples"
GSE96819,0.0036692377547728615,-0.04045534561045512,"cell,sample,samples"
GSE88984,0.0036692149103884878,-0.04046432774376103,"cell,sample,samples"
GSE39509,0.0036691630091157945,-0.04048473489900778,"cell,patient,samples"
GSE87890,0.003669162866415259,-0.040484791008087155,cell
GSE86144,0.0036691517232822894,-0.040489172434497546,"cell,patient"
GSE54411,0.0036691229063247426,-0.040500503185619555,cell
GSE101510,0.003669117168160941,-0.04050275942700084,"cell,samples"
GSE84812,0.003668873684429433,-0.0405985002855461,"cell,sample"
GSE78938,0.00366884791274429,-0.04060863440738722,cell
GSE55291,0.0036687701909904275,-0.040639197128773445,"cell,samples"
GSE67863,0.003668765627298814,-0.040640991740867126,cell
GSE104762,0.0036686899535448643,-0.040670749781198515,"cell,samples"
GSE54154,0.0036686322698094545,-0.040693433816732044,cell
GSE98451,0.0036686254383559765,-0.040696120298370476,cell
GSE103712,0.0036685243268527136,-0.040735883167880085,cell
GSE50561,0.003668496727486741,-0.0407467370193618,"cell,samples"
GSE81230,0.003668463987457914,-0.040759612617054755,cell
GSE70816,0.0036683145643781672,-0.040818377355461864,cell
GSE56762,0.0036683134206181058,-0.04081882717981498,cell
GSE47062,0.003668293914944095,-0.04082649850196099,"cell,sample"
GSE81181,0.0036682792244332883,-0.04083227611139421,cell
GSE46716,0.0036681303617125136,-0.04089082341755052,cell
GSE70578,0.0036680840843572766,-0.04090902466054794,cell
GSE52450,0.003668019819589417,-0.040934300873401795,cell
GSE103713,0.003667909911673879,-0.040977530187346095,cell
GSE52623,0.0036678904524701543,-0.04098518407521647,cell
GSE50775,0.0036678683843579243,-0.0409938641741085,cell
GSE68270,0.0036678105033816537,-0.04101663087333486,cell
GSE65884,0.003667798786883437,-0.04102123944317676,cell
GSE60808,0.0036677720111876703,-0.04103177145617563,cell
GSE51620,0.0036677712314622957,-0.041032078156277775,cell
GSE61627,0.003667695383616954,-0.041061912743791514,cell
GSE83867,0.003667636629947107,-0.04108502379806078,cell
GSE71877,0.00366746245242467,-0.04115353958634925,cell
GSE83340,0.0036674278609245907,-0.04116714714787759,cell
GSE59698,0.003667309216662186,-0.04121382025618544,cell
GSE98003,0.0036673066017810754,-0.041214848933379844,cell
GSE89928,0.0036672690677906693,-0.041229614641517275,cell
GSE85308,0.003667231804328628,-0.041244274074471544,cell
GSE104686,0.0036671844075427933,-0.04126292016869449,cell
GSE28666,0.003667073709948612,-0.04130647000498807,cell
GSE79403,0.0036670622197365714,-0.04131099047531711,cell
GSE83099,0.003667043929376536,-0.04131818628382689,cell
GSE65987,0.0036670085056093845,-0.041332122833545475,cell
GSE77857,0.0036669927497831782,-0.041338321592324194,cell
GSE100597,0.0036669707970195696,-0.04134695843459644,cell
GSE69201,0.003666905957531423,-0.041372468437323846,"cell,samples"
GSE56983,0.0036668929155891893,-0.04137759962395969,cell
GSE99658,0.003666838196009739,-0.041399128546881124,cell
GSE72341,0.0036668312970897588,-0.04140184288726762,cell
GSE38841,0.0036667686779441903,-0.04142648026347731,cell
GSE74980,0.0036667136510631867,-0.041448130825864814,cell
GSE68509,0.0036665719632356856,-0.041503880004846005,cell
GSE97464,0.0036664549639861283,-0.04154991672032893,"cell,samples"
GSE77514,0.0036663224038514684,-0.04160207808820382,cell
GSE68220,0.0036661588574722066,-0.04166643489784195,cell
GSE65408,0.0036659883187887625,-0.04173354629291202,"cell,patient,sample,samples"
GSE38842,0.003665930708713028,-0.04175621805735938,cell
GSE86850,0.003665907109028644,-0.04176550553710819,cell
GSE47656,0.0036658835148608493,-0.04177479090561319,cell
GSE77967,0.003665878399306593,-0.04177680411467346,"cell,samples"
GSE57206,0.00366587114559677,-0.04177965879243494,cell
GSE90470,0.003665828464105958,-0.041796456091400154,cell
GSE95752,0.0036657495050205643,-0.041827530951795755,cell
GSE88777,0.003665667333237532,-0.04185987090094944,cell
GSE94857,0.003665235366292725,-0.04202988995463619,cell
GSE92535,0.0036652167553229355,-0.04203721554748536,cell
GSE51008,0.00366519606790184,-0.04204535851038328,cell
GSE87478,0.0036651514240516364,-0.042062931336600995,"cell,samples"
GSE62874,0.003665001122133678,-0.042122095134445335,cell
GSE76253,0.0036649464872988264,-0.04214360181075507,cell
GSE90725,0.0036648383602832144,-0.042186166309567695,cell
GSE96061,0.003664756028735217,-0.04221857719336428,cell
GSE61775,0.0036647083646466675,-0.042237341114024524,"cell,samples"
GSE90821,0.003664663587989332,-0.042254968562025146,"cell,patient"
GSE79115,0.003664499476434992,-0.04231957701009965,cell
GSE99160,0.0036644921775959814,-0.042322450529225376,cell
GSE74456,0.0036644781307077485,-0.04232798074019391,cell
GSE72402,0.0036644066942490266,-0.04235610535320151,"cell,samples"
GSE53190,0.0036643574540709675,-0.04237549158511245,cell
GSE98910,0.0036642908594810186,-0.0424017107951389,cell
GSE65072,0.00366428253437477,-0.04240498853798297,cell
GSE44553,0.0036640990265525333,-0.04247724073253923,cell
GSE42573,0.003663947411605389,-0.04253693853446957,cell
GSE98262,0.0036639398992045374,-0.04253989657762551,cell
GSE74690,0.0036639101318433303,-0.04255161767568619,"cell,sample"
GSE102334,0.003663772741677761,-0.04260571720864311,"cell,sample"
GSE59073,0.003663761508853468,-0.042610140399132336,cell
GSE38148,0.0036637407721860703,-0.042618305988461835,cell
GSE98689,0.0036637288158736826,-0.042623014111063104,cell
GSE54287,0.0036637199082745764,-0.04262652173002873,cell
GSE59970,0.0036637009630408205,-0.04263398197975862,cell
GSE83720,0.0036635513687964124,-0.04269289052140813,cell
GSE99765,0.00366350789126158,-0.042710011939883705,"cell,sample,samples"
GSE75431,0.0036635048961487907,-0.04271119142038778,"cell,sample,samples"
GSE90766,0.0036634231482394583,-0.04274338425828308,cell
GSE27843,0.0036633202985100265,-0.042783888145363755,"cell,samples"
GSE70307,0.0036633052735224607,-0.04278980532369839,cell
GSE61695,0.003663268195887123,-0.04280440743500004,"cell,samples"
GSE95383,0.0036632133810554344,-0.042825995173948105,cell
GSE66966,0.0036632025928794326,-0.042830243922060064,cell
GSE81125,0.0036631832397994025,-0.04283786585004006,"cell,samples"
GSE71794,0.0036631395955093017,-0.04285505466421275,cell
GSE38604,0.003663129208201179,-0.04285914561919069,"cell,samples"
GSE64054,0.003663126100104134,-0.04286036971963643,cell
GSE43351,0.003662864782038438,-0.04296329157244757,cell
GSE65164,0.0036628383327039285,-0.04297370922741782,cell
GSE98838,0.00366278813352086,-0.042993481492030236,cell
GSE75246,0.0036627316024379383,-0.04301574806585121,"cell,sample,samples"
GSE106264,0.0036626692680788056,-0.04304030084388738,cell
GSE60556,0.0036626172424077236,-0.04306079346968777,cell
GSE76678,0.0036625258443327563,-0.04309679537380001,"cell,samples"
GSE57403,0.0036625198986368446,-0.043099137427708774,cell
GSE71629,0.0036624411566127313,-0.04313015485615521,cell
GSE61300,0.003662399488098266,-0.04314656885397353,cell
GSE87795,0.0036623840572753935,-0.043152647387624886,"cell,sample,samples"
GSE80041,0.003662353111494525,-0.04316483767474843,cell
GSE94085,0.003662314870979684,-0.04317990167526142,cell
GSE94774,0.0036622644181704697,-0.043199776678256,"cell,sample"
GSE93974,0.003662242526188234,-0.04320840072747784,cell
GSE80166,0.0036620939065840955,-0.04326694876602501,cell
GSE81505,0.003662072582003504,-0.04327534968556074,cell
GSE107643,0.0036620122987046596,-0.04329909884131451,cell
GSE60648,0.0036619590113520957,-0.0433200922057156,cell
GSE84158,0.003661915557056395,-0.043337211913686634,"cell,sample"
GSE80597,0.003661879945967656,-0.04335124178142477,cell
GSE74985,0.0036618669226252966,-0.0433563726827995,cell
GSE69750,0.0036618402309275136,-0.04336688866308571,cell
GSE98347,0.0036617437762752527,-0.043404890452471596,cell
GSE97721,0.0036617077948287243,-0.04341906689754449,"cell,samples"
GSE53683,0.0036616080060535216,-0.04345838372479724,cell
GSE79580,0.003661598308037438,-0.04346220480510287,cell
GSE81095,0.0036615574710417253,-0.043478294953387876,cell
GSE78772,0.0036615148344909484,-0.04349509433424895,"cell,kidney"
GSE79796,0.003661478238616289,-0.043509513762578715,cell
GSE61505,0.0036614716771736534,-0.04351209910342101,cell
GSE90153,0.0036614031595896203,-0.04353909669136426,cell
GSE93309,0.0036613758163743233,-0.04354987072161714,cell
GSE77458,0.0036613574228862716,-0.043557118341632596,cell
GSE94121,0.003661348381018143,-0.04356068113895348,"cell,samples"
GSE75668,0.0036613094056201704,-0.04357603884513347,"cell,samples"
GSE90160,0.003661224887817481,-0.04360934245558487,"cell,samples"
GSE86962,0.003661183733968225,-0.04362555910158272,"cell,sample"
GSE98723,0.0036611665968685238,-0.04363231201769218,"cell,samples"
GSE60450,0.0036611066576204324,-0.04365593147382902,cell
GSE40187,0.003661010266125299,-0.04369391598936435,cell
GSE80232,0.0036608989416183806,-0.0437377863268723,cell
GSE33527,0.0036607824728988173,-0.0437836853040699,cell
GSE47793,0.003660713519701595,-0.04381085965089457,cell
GSE86280,0.003660712106771384,-0.04381141648982527,cell
GSE72442,0.0036606503755965206,-0.04383574509261199,cell
GSE38820,0.0036606337109405833,-0.0438423127974558,"cell,samples"
GSE51553,0.0036606277837671103,-0.04384464876203853,"cell,samples"
GSE77988,0.0036606033046837445,-0.04385429627944395,cell
GSE94364,0.003660523689641335,-0.04388567402414288,cell
GSE64545,0.003660522402248619,-0.04388618141477109,cell
GSE99457,0.003660367423684862,-0.04394726328069886,cell
GSE105043,0.00366035060172196,-0.043953893494394235,cell
GSE70711,0.0036600828034768426,-0.04405944768196134,cell
GSE63472,0.003659899887773244,-0.044131549376642265,cell
GSE94653,0.003659868743778861,-0.04414382607239913,"cell,samples"
GSE81206,0.003659846388290639,-0.044152638478732645,cell
GSE46700,0.003659804054026904,-0.04416932655224978,cell
GSE100277,0.003659788499098956,-0.04417545831907954,cell
GSE84737,0.0036597865828394607,-0.044176213712129,cell
GSE45182,0.003659756308528378,-0.044188147954229616,cell
GSE31385,0.003659749870285735,-0.044190685945319774,cell
GSE70725,0.003659726932674342,-0.04419972811570899,cell
GSE83868,0.0036596814363296097,-0.04421766326773664,cell
GSE47835,0.0036595858491452666,-0.044255345497788756,"cell,samples"
GSE102227,0.0036595139145387087,-0.044283704094748313,cell
GSE97534,0.0036594992540918557,-0.0442894837137994,cell
GSE103976,0.003659440251614289,-0.04431274461976,cell
GSE37909,0.0036593922491606453,-0.044331669195999936,"cell,sample"
GSE93670,0.003659274087153136,-0.044378254662377506,cell
GSE46688,0.003659244340303736,-0.04438998261866734,"cell,patient,samples"
GSE84527,0.00365912764934694,-0.044435989972471966,cell
GSE90522,0.0036589490923633794,-0.044506391878284556,cell
GSE70723,0.003658791693010772,-0.04456845454821003,cell
GSE81885,0.0036587807819667226,-0.04457275687912489,cell
GSE93010,0.0036584690877690383,-0.04469566635510304,cell
GSE81432,0.0036584416153021587,-0.04470649999605802,kidney
GSE59419,0.0036584246665285177,-0.044713183707564955,"cell,sample,samples"
GSE88982,0.003658345242392131,-0.04474450485313121,"cell,samples"
GSE69733,0.003658294210723882,-0.04476462970284792,"cell,sample"
GSE106165,0.0036582104249700386,-0.04479767206326198,cell
GSE69363,0.0036581650907012955,-0.0448155507313426,cell
GSE74170,0.003658107622637539,-0.04483821497414518,"cell,kidney"
GSE66961,0.0036580949897804423,-0.044843197165386116,cell
GSE80444,0.0036580404338103474,-0.044864713341058314,cell
GSE102161,0.003657938020755406,-0.044905104604486434,cell
GSE99233,0.003657926092207251,-0.04490980924552461,cell
GSE104300,0.003657763893075203,-0.04497378240019677,cell
GSE84651,0.0036576460444119724,-0.04502026501251381,"cell,samples"
GSE102159,0.003657582667420332,-0.04504526318417742,cell
GSE101810,0.0036575690281052836,-0.045050643078676005,cell
GSE124829,0.0036575565245854265,-0.04505557498748926,cell
GSE73216,0.003657516511990581,-0.045071357734118994,cell
GSE37338,0.0036574733508326867,-0.04508838260759701,cell
GSE80561,0.003657453640509132,-0.045096157390880735,cell
GSE81830,0.003657430712704859,-0.04510520136968512,"cell,sample"
GSE66145,0.0036574050464055134,-0.045115325627837495,cell
GSE92332,0.0036572020966958033,-0.045195383116666446,"cell,samples"
GSE69970,0.0036571709552012457,-0.04520766788241358,"cell,sample,samples"
GSE87212,0.0036571322212164505,-0.04522294789649833,kidney
GSE74762,0.003657076590388837,-0.04524489376137247,"cell,samples"
GSE80204,0.0036568267367440834,-0.04534346291063564,cell
GSE95661,0.0036568175787463774,-0.04534707593782294,"cell,sample"
GSE82008,0.003656814387513984,-0.04534833494980749,cell
GSE79638,0.003656801215218755,-0.04535353172416268,cell
GSE83865,0.003656775112234947,-0.045363830008779193,cell
GSE56170,0.003656664585261863,-0.045407436498354735,cell
GSE92377,0.0036566476550888628,-0.045414116119250475,cell
GSE65633,0.0036565832679926924,-0.04543951965028122,cell
GSE50459,0.0036565566549513484,-0.04545001979199174,cell
GSE79174,0.0036565516526594257,-0.045451993448458065,"cell,samples"
GSE77482,0.003656546665495362,-0.045453961138908754,"cell,samples"
GSE66822,0.003656490840943862,-0.045475986953364016,cell
GSE102345,0.0036564715524269363,-0.045483597398001244,cell
GSE100385,0.003656446556251738,-0.04549345990636363,cell
GSE47083,0.0036563417933159616,-0.045534795977011086,cell
GSE60627,0.003656318940936673,-0.045543812945107905,cell
GSE78082,0.0036561653312854555,-0.045604424872279906,cell
GSE82192,0.0036561348429691165,-0.045616455380256736,cell
GSE84914,0.0036561331178572576,-0.045617136102116776,cell
GSE102727,0.003656095206427556,-0.04563209587339279,cell
GSE55280,0.003656093808483791,-0.045632647502058955,hif3a
GSE75826,0.0036560660973220327,-0.0456435823711432,cell
GSE101092,0.0036560126714216407,-0.04566466455146135,cell
GSE81494,0.0036559425294852162,-0.04569234344747778,cell
GSE91052,0.0036558512625144393,-0.045728359344503595,cell
GSE82275,0.003655799282719337,-0.045748872084317466,cell
GSE81380,0.003655679247660033,-0.045796242526311294,cell
GSE89210,0.003655537942366001,-0.04585200901270553,cell
GSE92605,0.003655466676746312,-0.04588013498484501,cell
GSE50172,0.0036554107560855366,-0.04590220523858038,cell
GSE70132,0.003655398310258958,-0.04590711728924994,cell
GSE85484,0.003655315385488535,-0.04593984601042298,cell
GSE100771,0.003655267490691897,-0.045958749451301746,cell
GSE82164,0.003655243281490685,-0.045968304596112106,cell
GSE65542,0.0036552157752769423,-0.04597916111766615,cell
GSE75889,0.0036550594714086135,-0.04604085477710705,"cell,sample,samples"
GSE58928,0.003655040158342873,-0.04604847789186041,"cell,samples"
GSE72059,0.003654971927976872,-0.04607540961495701,"cell,sample,samples"
GSE49366,0.003654964431606715,-0.046078368594493525,cell
GSE63836,0.0036549230105308115,-0.04609471849899418,cell
GSE58174,0.0036548971368945992,-0.04610493154552621,cell
GSE75639,0.0036548455950855424,-0.046125276751931524,"cell,samples"
GSE48109,0.0036547716127140733,-0.04615448047010191,cell
GSE89434,0.003654763560212699,-0.04615765914111866,cell
GSE94534,0.0036546518341923047,-0.04620176296252604,"cell,sample,samples"
GSE90654,0.003654613155051943,-0.04621703185866483,cell
GSE81467,0.003654610969295084,-0.04621789470827184,cell
GSE65796,0.003654602069329701,-0.04622140806486819,"cell,samples"
GSE71309,0.003654581549623434,-0.046229508471155784,cell
GSE59463,0.0036545416512345965,-0.046245258980795394,cell
GSE75993,0.003654467002609854,-0.04627472814845663,cell
GSE72811,0.003654466673106199,-0.04627485822852304,"cell,sample,samples"
GSE78845,0.0036544509694272347,-0.046281057674425606,cell
GSE69276,0.003654394894227912,-0.04630319507162642,cell
GSE57244,0.0036543501973321556,-0.04632084077934872,cell
GSE90497,0.003654340794898666,-0.046324552755729234,cell
GSE79457,0.003654283079274033,-0.046347338452975416,cell
GSE75064,0.003654242013269591,-0.046363551223734985,cell
GSE92323,0.003654210014317437,-0.046376184467932804,cell
GSE56284,0.003654181238068702,-0.04638754547746616,cell
GSE73336,0.0036540989969991553,-0.046420015163734736,"cell,sample,samples"
GSE31920,0.0036540601249255627,-0.04643536254379736,cell
GSE87647,0.0036539600634961965,-0.04647486931149035,"cell,samples"
GSE77851,0.0036538514422131225,-0.04651775694927773,cell
GSE84125,0.0036537985906875074,-0.04653862511717475,cell
GSE74558,0.003653672895393712,-0.04658825650537387,cell
GSE73897,0.0036536588275120157,-0.046593811382017854,cell
GSE84055,0.0036536501363106278,-0.046597243220798404,cell
GSE86110,0.0036536286511395194,-0.046605726967132034,cell
GSE70069,0.003653573752803246,-0.04662740463612697,cell
GSE74366,0.0036534691717949393,-0.046668701369599844,cell
GSE47948,0.0036534292388979766,-0.046684470301690845,cell
GSE60361,0.0036534171020740033,-0.04668926299471901,cell
GSE79698,0.003653367743893838,-0.046708754139799795,cell
GSE74822,0.0036532707618781527,-0.04674705231836211,cell
GSE95835,0.00365322993426184,-0.04676317543995937,cell
GSE74176,0.00365320669361392,-0.046772353420747564,cell
GSE93131,0.003653193439802869,-0.04677758751883343,cell
GSE77847,0.0036531716790845128,-0.04678618114369291,cell
GSE92344,0.0036531207103522477,-0.04680630963934044,cell
GSE67681,0.0036529838202207753,-0.04686037147571817,cell
GSE70156,0.003652965509458109,-0.046867603074323895,cell
GSE76482,0.003652930661794003,-0.046881365808152844,"cell,samples"
GSE71387,0.0036528331116690415,-0.04691989294532625,cell
GSE65864,0.0036527955566143726,-0.04693472547886752,"cell,sample"
GSE89977,0.0036527725132896507,-0.04694382661651602,cell
GSE91390,0.0036526808273067922,-0.046980039266608695,cell
GSE103180,0.0036525834265740886,-0.04701851003212113,cell
GSE60188,0.003652475311813157,-0.04706121376251958,cell
GSE60367,0.003652383245228808,-0.04709757969723037,"cell,samples"
GSE94852,0.0036523261744900205,-0.04712012287235194,"cell,samples"
GSE71873,0.0036523257034902475,-0.047120308920653386,cell
GSE97249,0.0036523234553923036,-0.04712119693585699,cell
GSE94135,0.0036522281099180863,-0.047158859601826794,cell
GSE72487,0.00365212084889559,-0.047201230235026176,cell
GSE52870,0.00365202611745647,-0.04723865242219531,cell
GSE104325,0.0036520039358744413,-0.04724741505273165,cell
GSE89811,0.0036519318064925786,-0.04727590947140937,cell
GSE83127,0.0036519152783882295,-0.0472824389110055,cell
GSE85450,0.0036519141296181058,-0.0472828927345733,"cell,sample"
GSE98496,0.0036517616547254677,-0.04734312946413143,cell
GSE54424,0.003651748615765451,-0.04734828075228141,cell
GSE95052,0.003651698748701707,-0.04736798185012677,"cell,samples"
GSE86922,0.00365162759973904,-0.04739609130346642,cell
GSE90908,0.003651611332151427,-0.04740251836088441,cell
GSE56529,0.003651599197061123,-0.047407312754947806,cell
GSE72921,0.0036515262991741308,-0.04743611396344756,cell
GSE87569,0.00365148675146373,-0.047451739099341125,cell
GSE71162,0.0036514601513821642,-0.04746224877612572,cell
GSE103185,0.0036513690098129966,-0.04749825933777559,cell
GSE87836,0.003651336516725861,-0.04751109776197423,"cell,samples"
GSE81257,0.0036511123357112836,-0.04759967759173536,cell
GSE90921,0.003651067276830915,-0.047617482199867694,cell
GSE92308,0.003651038870762964,-0.04762870671305227,cell
GSE55338,0.003651007164994789,-0.047641235189123145,cell
GSE101903,0.003650943244369984,-0.047666493637414084,cell
GSE71943,0.003650937685487533,-0.04766869026927436,cell
GSE71529,0.0036509150358170926,-0.047677640481903726,"cell,sample,samples"
GSE93027,0.0036508967737088364,-0.047684856951926445,cell
GSE20846,0.003650863459104348,-0.04769802167198096,cell
GSE85388,0.003650839879645914,-0.047707339488981045,"cell,samples"
GSE65936,0.0036508069303242117,-0.04772036006482053,"cell,samples"
GSE88998,0.0036507686172092425,-0.04773550039737138,cell
GSE59831,0.003650725817935222,-0.04775241372954816,cell
GSE81849,0.00365064408778797,-0.04778471223781675,cell
GSE105035,0.003650626200365293,-0.04779178117102199,"cell,samples"
GSE87681,0.0036504988147887146,-0.047842123697481344,"cell,samples"
GSE67113,0.003650441986558265,-0.04786458266776605,cell
GSE80972,0.003650348523047993,-0.04790152095344991,"cell,sample"
GSE101624,0.003650347461375567,-0.047901940548937004,"cell,samples"
GSE33979,0.0036503336318940392,-0.04790740626485122,cell
GSE61577,0.0036503084017676926,-0.047917377820227744,cell
GSE76095,0.003650297157290626,-0.04792182193138262,"cell,sample,samples"
GSE99646,0.00365029402226509,-0.04792306097783331,kidney
GSE85674,0.0036502543647059034,-0.047938734804219944,cell
GSE66523,0.003650109568913708,-0.047995963778903555,"cell,sample"
GSE58514,0.0036500926509152663,-0.048002650583383516,cell
GSE38907,0.003650063754832527,-0.04801407177299975,cell
GSE65747,0.0036500341244172893,-0.04802578330175748,"cell,sample"
GSE94142,0.0036500107510642485,-0.048035021771135604,cell
GSE73111,0.003649966788625497,-0.04805239837045488,"cell,sample,samples"
GSE101623,0.0036499430626896296,-0.04806177637394075,"cell,samples"
GSE92361,0.0036498488823007015,-0.04809900307330075,cell
GSE58818,0.0036498043971169678,-0.04811658707394019,cell
GSE53076,0.0036496910215141126,-0.04816140288945333,"cell,samples"
GSE82300,0.0036496496492655654,-0.04817775711663681,cell
GSE44346,0.003649574017013204,-0.04820765461818107,"cell,samples"
GSE101701,0.0036494419434845824,-0.04825986489579297,cell
GSE70706,0.0036493633182556095,-0.04829094730554772,"cell,samples"
GSE90742,0.0036493139095719112,-0.04831048006764266,"cell,sample"
GSE60231,0.003649279716813157,-0.04832399766459741,cell
GSE66873,0.0036491665465336704,-0.04836873874923751,cell
GSE93678,0.003649158451572269,-0.04837193908922577,cell
GSE85018,0.0036491344265981063,-0.04838143739565478,cell
GSE90130,0.0036490843144235696,-0.04840124951372323,"cell,samples"
GSE107586,0.0036490798093639604,-0.048403030626629685,cell
GSE86521,0.003649009172029451,-0.048430957973764385,cell
GSE61288,0.003648946635251152,-0.048455683116615224,cell
GSE85646,0.0036488917644639657,-0.04847737770841878,"cell,samples"
GSE91043,0.0036487673778070997,-0.04852655841404838,cell
GSE97390,0.003648741192936852,-0.04853691175096789,"cell,sample,samples"
GSE68056,0.003648660263019447,-0.04856891141309669,cell
GSE77374,0.0036485745569967473,-0.048602800319505424,cell
GSE68156,0.0036484801424140315,-0.04864013358775949,"cell,samples"
GSE79068,0.0036484246810667485,-0.04866206447835592,"cell,patient"
GSE93230,0.0036482698465084167,-0.04872329194201152,cell
GSE78902,0.0036482303798187417,-0.04873889898530878,cell
GSE85798,0.003648147368118871,-0.04877172638868121,cell
GSE56867,0.003648111277000086,-0.048785999040083565,cell
GSE86997,0.0036480969262988193,-0.04879167423053135,cell
GSE80268,0.0036480862791582595,-0.04879588480925533,cell
GSE50739,0.0036480110861593215,-0.048825621409865114,cell
GSE65924,0.003648010451489895,-0.048825872405405465,"cell,sample,samples"
GSE76410,0.0036479061930837497,-0.0488671045336916,cell
GSE93753,0.0036476573437613023,-0.04896552426007722,cell
GSE99924,0.0036474813185638326,-0.04903514615248119,cell
GSE62641,0.0036474137853213452,-0.04906185794823622,cell
GSE56367,0.0036474036053075463,-0.04906588454811865,cell
GSE58286,0.003647384088010279,-0.0490736044459864,cell
GSE79790,0.0036472838659356915,-0.049113247070137846,cell
GSE89463,0.0036471903696385422,-0.04915023030974907,cell
GSE48020,0.0036469755358087,-0.04923521321390437,cell
GSE66202,0.003646794860297995,-0.049306687814612254,cell
GSE101340,0.0036467736537277814,-0.04931507729189541,cell
GSE94813,0.0036467535966810726,-0.0493230120540012,cell
GSE107653,0.0036467359070330627,-0.049330010286451044,"cell,samples"
GSE105159,0.003646704118624094,-0.049342586239585935,"cell,patient"
GSE71281,0.0036466673552539544,-0.04935713049582666,cell
GSE65955,0.00364666290850366,-0.049358889720862546,cell
GSE93946,0.003646622535146883,-0.049374862341722434,cell
GSE60440,0.0036464253622274993,-0.04945287098695939,"cell,samples"
GSE37018,0.003646377234387939,-0.049471912718733684,cell
GSE63482,0.0036461891380864856,-0.04954633524367645,"cell,samples"
GSE82144,0.0036461748078617127,-0.049552005323877574,cell
GSE124872,0.0036461523712798573,-0.0495608829138657,"cell,samples"
GSE48172,0.00364614417164169,-0.04956412731766943,cell
GSE62647,0.0036460784311783847,-0.0495901395352236,cell
GSE100473,0.003646010851438963,-0.049616880007302966,cell
GSE60005,0.0036458810102944703,-0.04966825794291548,cell
GSE94641,0.003645863228850604,-0.04967529417458908,cell
GSE33815,0.0036458457407029976,-0.04968221438051924,cell
GSE100332,0.0036457486881698647,-0.04972061948097586,cell
GSE75579,0.003645681126179123,-0.049747355348008816,cell
GSE20851,0.0036456492148939385,-0.04975998356555784,cell
GSE102007,0.0036456062101749465,-0.04977700195024156,"cell,samples"
GSE61098,0.0036455859927326715,-0.04978500272786421,cell
GSE86788,0.003645575178400128,-0.04978928237100056,"cell,sample"
GSE53090,0.003645551870202476,-0.049798506355424536,cell
GSE78146,0.0036454870614258624,-0.04982415408587975,cell
GSE106138,0.00364539229064038,-0.049861659943717274,cell
GSE81575,0.0036453399621166564,-0.049882369551218254,"cell,samples"
GSE95002,0.0036453364451847726,-0.049883761427610585,cell
GSE83580,0.0036451817717504027,-0.0499449769928465,copynumber
GSE73082,0.0036451276701560424,-0.04996638955496376,cell
GSE67790,0.00364512274765343,-0.04996833782003023,cell
GSE56566,0.003645091349349663,-0.04998076493850291,cell
GSE65935,0.0036449138156165184,-0.0500510329371265,"cell,kidney"
GSE77195,0.003644902770590792,-0.05005540468054512,cell
GSE67517,0.003644871495063403,-0.05006778395228141,cell
GSE76138,0.003644806253254962,-0.05009360787392744,cell
GSE72761,0.003644804022671,-0.05009449078873332,cell
GSE90752,0.0036447346010603393,-0.05012196967830472,cell
GSE72275,0.003644671462597598,-0.05014696198804632,"cell,samples"
GSE40918,0.003644651749563868,-0.05015476515307987,cell
GSE73391,0.0036445951149827937,-0.0501771834991117,"cell,sample,samples"
GSE49087,0.003644350913802129,-0.05027385257336858,cell
GSE74893,0.003644326263863701,-0.05028361081702847,cell
GSE71713,0.0036442563910606563,-0.05031127192789763,cell
GSE94385,0.0036441686802158235,-0.05034599547918373,cell
GSE88829,0.0036441610713079183,-0.050349007783532185,cell
GSE51144,0.0036441180722565276,-0.05036603087416374,cell
GSE92865,0.003643969332731139,-0.05042491759265885,"cell,sample"
GSE79818,0.003643878571458633,-0.05046085161309308,cell
GSE38845,0.0036437849170665717,-0.05049793200990477,cell
GSE96096,0.0036437630653305317,-0.05050658386133569,cell
GSE88789,0.0036436083472136116,-0.05056784355222116,cell
GSE49047,0.0036436035295022338,-0.05056975113729782,"cell,samples"
GSE74552,0.0036435950205030536,-0.050573120303332074,cell
GSE59784,0.003643541681004723,-0.05059424043127233,cell
GSE62512,0.003643519965719248,-0.050602838831062154,cell
GSE62979,0.003643436983315585,-0.05063569707438325,"cell,samples"
GSE63312,0.003643405361412168,-0.050648218482445925,cell
GSE48607,0.0036433788699176024,-0.05065870847271394,cell
GSE90070,0.0036433755288505535,-0.05066003145976664,"cell,sample,samples"
GSE76408,0.0036433010832992753,-0.05068951053050517,cell
GSE55621,0.003643279217026534,-0.05069816928727334,"cell,sample,samples"
GSE36026,0.0036430884279240977,-0.05077372147058776,"cell,samples"
GSE62826,0.0036430339486300278,-0.050795295911236694,cell
GSE101928,0.003643030276735165,-0.05079675003635703,"cell,sample,samples"
GSE56613,0.003642973995113162,-0.05081903858133427,"cell,samples"
GSE99811,0.0036429345864597788,-0.05083464532911824,cell
GSE72846,0.003642849024440811,-0.05086853046956463,cell
GSE77003,0.00364283534487131,-0.05087394806551864,cell
GSE65395,0.0036427756944986535,-0.05089757197197082,cell
GSE90822,0.0036427505967902927,-0.05090751177259541,cell
GSE73083,0.0036427504813905595,-0.05090755747614295,cell
GSE79018,0.0036427468961431043,-0.05090897739806622,cell
GSE45118,0.0036426317051734087,-0.05095459903280707,cell
GSE87130,0.003642418773147303,-0.05103893502446854,cell
GSE108438,0.0036424022780572477,-0.0510454684408571,cell
GSE31271,0.003642297901138347,-0.051086810997060375,"cell,samples"
GSE99656,0.0036422673782584183,-0.05109890099991386,cell
GSE67403,0.0036421809670540276,-0.05113312871631677,cell
GSE79883,0.003642167138493319,-0.051138606322732226,cell
GSE98167,0.0036421612315152637,-0.05114094613156947,cell
GSE72560,0.0036421550907874117,-0.051143378534893966,cell
GSE37746,0.0036420603511049805,-0.05118090638428747,cell
GSE51572,0.003641908787082069,-0.05124094526147518,"cell,sample"
GSE76926,0.0036418844437949346,-0.05125058857190814,cell
GSE73381,0.003641789731190914,-0.051288108483110884,cell
GSE54631,0.0036417711072509575,-0.05129548637598866,"cell,samples"
GSE76143,0.0036417575373563307,-0.05130086212739675,"cell,sample"
GSE49088,0.003641583250770587,-0.05136990802276495,"cell,samples"
GSE81889,0.0036414275321584103,-0.05143160076943017,"cell,samples"
GSE70793,0.0036413886863595397,-0.05144699114582004,cell
GSE66931,0.0036413872781820003,-0.051447549056914,cell
GSE42923,0.003641371121451946,-0.05145395026729252,cell
GSE49669,0.0036413382798227588,-0.05146696203336825,cell
GSE100607,0.003641325573776216,-0.05147199616667582,cell
GSE87608,0.003641319840997491,-0.051474267498304964,cell
GSE98168,0.003641302377734347,-0.05148118647951216,cell
GSE41090,0.003641185063730121,-0.05152766739238682,cell
GSE85316,0.0036411622020903426,-0.051536725563641486,cell
GSE58405,0.003641059687637145,-0.05157734423621064,"cell,sample"
GSE66127,0.0036410478263703555,-0.05158204402696306,cell
GSE100941,0.0036410384607153006,-0.05158575499208201,cell
GSE58017,0.0036410259393795555,-0.05159071635138685,cell
GSE87219,0.003640995722197497,-0.051602689449169736,cell
GSE84410,0.003640973700069942,-0.051611415444122656,cell
GSE49114,0.003640966864630589,-0.051614123912935087,cell
GSE97062,0.003640928768923626,-0.051629219017364364,"cell,sample,samples"
GSE65358,0.0036408958527967294,-0.05164226188381786,cell
GSE74747,0.00364080077945423,-0.05167993492807648,kidney
GSE54458,0.003640718541843547,-0.0517125225757574,cell
GSE60837,0.0036406643498518407,-0.05173399721013794,"cell,patient"
GSE37641,0.003640649494561322,-0.051739883964759405,cell
GSE77693,0.0036406494177072127,-0.05173991442005141,cell
GSE81411,0.003640639843944694,-0.05174370825908527,cell
GSE68699,0.0036405346934953787,-0.05178537736920054,cell
GSE76010,0.0036403611222495446,-0.05185416296426745,cell
GSE46240,0.003640314128629127,-0.05187278691350166,cell
GSE63048,0.003640308401866079,-0.05187505649213021,cell
GSE74215,0.0036402358579504038,-0.05190380674586404,"cell,samples"
GSE98034,0.0036401697338772363,-0.05193001321780891,"cell,sample,samples"
GSE58801,0.0036401208129487866,-0.051949401999181716,cell
GSE98469,0.0036400547851208717,-0.051975571153651284,cell
GSE58016,0.0036400419941359525,-0.05198064072650751,cell
GSE106332,0.003639888993917644,-0.0520412821409944,cell
GSE45119,0.0036398689833005136,-0.05204921350854515,"cell,samples"
GSE89683,0.003639854680311577,-0.05205488263890292,cell
GSE83684,0.0036397437635063024,-0.05209884636194844,cell
GSE73560,0.003639657037999351,-0.052133222394321055,cell
GSE62184,0.003639643486034671,-0.05213859416106546,cell
GSE75851,0.0036395720690905594,-0.052166902945254695,"cell,samples"
GSE59104,0.00363952485243454,-0.05218561934269298,cell
GSE103714,0.0036395010526578697,-0.05219505352254731,cell
GSE90983,0.0036394549985862717,-0.052213309431839806,cell
GSE102446,0.003639219222842999,-0.052306774940901704,cell
GSE98517,0.0036390987513022486,-0.05235453424326856,cell
GSE73562,0.0036390615075905805,-0.05236929932571152,cell
GSE90800,0.0036390002022255925,-0.0523936038588625,"cell,samples"
GSE70819,0.00363893194884813,-0.052420663415656425,"cell,sample"
GSE109002,0.0036388775692840695,-0.05244222295969265,cell
GSE98988,0.0036388736188379535,-0.05244378918224512,cell
GSE60930,0.003638857984657211,-0.05244998763974656,cell
GSE71508,0.00363880929995194,-0.05246928975404127,cell
GSE96724,0.0036387954086590066,-0.052474797307756706,cell
GSE73369,0.0036387456812478755,-0.05249451316742682,cell
GSE74683,0.003638687869990865,-0.05251743443856206,cell
GSE75616,0.0036386693189233705,-0.05252478972768231,"cell,samples"
GSE73574,0.0036386681270075107,-0.05252526231016525,cell
GSE47883,0.003638667489185934,-0.05252551519997954,cell
GSE79035,0.0036386503144861305,-0.05253232481168082,"cell,samples"
GSE73559,0.0036386107402853864,-0.05254801574340128,cell
GSE100278,0.003638547488590029,-0.052573095013180124,cell
GSE58018,0.003638476293212985,-0.052601324470848046,cell
GSE73561,0.0036384355990619122,-0.05261746023030635,cell
GSE86955,0.0036384025053562297,-0.052630582447507936,cell
GSE104689,0.0036383997936253864,-0.05263165770020246,cell
GSE74966,0.0036383905463936625,-0.05263532440893706,cell
GSE89136,0.0036383219503107957,-0.05266252439206791,"cell,samples"
GSE25602,0.003638315338408028,-0.052665146196331315,cell
GSE95583,0.003638309052655602,-0.05266763867728593,cell
GSE74189,0.003638290547914403,-0.05267497636242077,cell
GSE79169,0.0036382338737170196,-0.05269744961442274,cell
GSE76824,0.0036381006843470686,-0.052750265119816446,"cell,samples"
GSE54443,0.0036380382284747974,-0.052775032315242915,cell
GSE100570,0.0036380352394229315,-0.05277621764970195,cell
GSE70314,0.00363799310470348,-0.05279292664200602,cell
GSE69807,0.003637782160963475,-0.05287658164139338,"cell,samples"
GSE85731,0.0036376438049317665,-0.05293145280956508,cell
GSE69969,0.003637642441825848,-0.05293199341953748,cell
GSE42564,0.003637621616273447,-0.05294025289189014,cell
GSE42398,0.003637616119266257,-0.05294243302821032,cell
GSE107678,0.0036375978557450298,-0.05294967644169467,cell
GSE75976,0.0036375824136701015,-0.05295580088235317,"cell,patient,samples"
GSE85721,0.0036375511893206236,-0.05296818476878201,cell
GSE73436,0.0036375116864968385,-0.052983852132473246,cell
GSE38983,0.003637509898521042,-0.05298456127231155,cell
GSE101823,0.003637502601917072,-0.05298745522592654,cell
GSE94661,0.003637395805844861,-0.05302981297586065,cell
GSE70014,0.0036373944467088144,-0.053030352048127116,cell
GSE73225,0.003637375393482688,-0.05303790912428209,cell
GSE85412,0.003637369950063811,-0.053040068153374656,"cell,samples"
GSE77067,0.00363732866394338,-0.05305644361698199,cell
GSE75775,0.0036372640384850327,-0.05308207661998003,cell
GSE65337,0.003637179955145636,-0.053115428067013,"cell,samples"
GSE108917,0.003637163508639707,-0.053121951622757256,cell
GSE61996,0.0036371041763743075,-0.05314548618836983,cell
GSE73049,0.003637084526805064,-0.05315328041457426,"cell,samples"
GSE86507,0.003637067190603331,-0.053160157052081845,"kidney,samples"
GSE99363,0.003637020909745246,-0.053178515137254107,cell
GSE85520,0.003637004473575389,-0.05318503487824877,"cell,sample"
GSE97925,0.003636993371703447,-0.05318943867817727,cell
GSE65850,0.00363696202626617,-0.05320187260289648,cell
GSE106789,0.0036369499590958067,-0.05320665936602354,cell
GSE101900,0.003636859325603805,-0.05324261205170392,cell
GSE55394,0.0036368071848950855,-0.05326329574452676,cell
GSE62424,0.0036367543299952996,-0.05328426305239998,"cell,samples"
GSE91387,0.0036367409776281705,-0.05328955992633114,cell
GSE90094,0.0036367298768387435,-0.05329396361589739,cell
GSE72550,0.003636670133441663,-0.05331766408681174,cell
GSE76929,0.003636651299151433,-0.05332513581410029,"cell,sample,samples"
GSE36025,0.003636607057308005,-0.05334268709166703,"cell,samples"
GSE99977,0.0036365859181888764,-0.05335107331280493,cell
GSE100990,0.003636467221586813,-0.053398163027644455,"cell,sample"
GSE98964,0.0036364532386661728,-0.053403710480108724,cell
GSE71591,0.0036364118270738066,-0.053420139851038224,cell
GSE62621,0.003636264921596753,-0.053478423701834185,cell
GSE68511,0.003636262618026471,-0.05347933764802531,cell
GSE83145,0.0036362401798464184,-0.05348824007185064,cell
GSE99784,0.0036362113462978136,-0.05349967996043116,cell
GSE97716,0.003636124414992933,-0.05353417104185868,"cell,samples"
GSE43390,0.0036361147897332555,-0.05353799003460984,cell
GSE88700,0.0036360997210243785,-0.05354396883282538,"cell,sample"
GSE70481,0.0036360954293265494,-0.053545671650488236,cell
GSE43078,0.0036360632372185253,-0.053558444582634555,cell
GSE84993,0.0036360310329699034,-0.053571222444982365,cell
GSE96638,0.003636018934284356,-0.05357602293830104,cell
GSE42154,0.003635965567617396,-0.05359719785300375,cell
GSE75966,0.0036359647016606304,-0.05359754145132904,"cell,sample,samples"
GSE70351,0.0036359259609532657,-0.05361291325186609,cell
GSE99331,0.003635898178361121,-0.053623937117994444,cell
GSE106083,0.003635856860568,-0.05364033177785792,cell
GSE67015,0.0036358387177616042,-0.05364753079672026,cell
GSE60699,0.0036358231359973317,-0.05365371362933719,cell
GSE73813,0.003635817490006469,-0.05365595396090401,cell
GSE47851,0.0036354807980968793,-0.05378955974335805,cell
GSE64040,0.003635369420016153,-0.053833759417376906,cell
GSE61031,0.0036353509512892543,-0.053841088743591566,cell
GSE69823,0.0036352163403740906,-0.053894510297092954,cell
GSE95687,0.003635148935547787,-0.05392126125249946,cell
GSE68461,0.003635143460372713,-0.05392343420717516,cell
GSE73697,0.003635028466531486,-0.05396907303006762,"cell,samples"
GSE56690,0.0036350235643699373,-0.05397101863489285,"cell,samples"
GSE38596,0.0036350056188374914,-0.05397814100813617,cell
GSE70930,0.003634994374874426,-0.053982603624303405,cell
GSE79602,0.003634958337081469,-0.05399690675590399,cell
GSE97461,0.003634882218621967,-0.05402711807160083,cell
GSE66054,0.003634856382759508,-0.05403737243498067,cell
GSE45474,0.003634827735063465,-0.05404874291225148,"cell,samples"
GSE79606,0.0036348273945406304,-0.05404887806876059,"cell,samples"
GSE94560,0.003634821951789017,-0.054051038346481804,cell
GSE90937,0.0036348189878274975,-0.0540522147711831,cell
GSE76458,0.0036347950468462345,-0.05406171721100379,cell
GSE69940,0.003634780244443086,-0.05406759247957449,"cell,samples"
GSE81283,0.003634757317271978,-0.05407669262267943,kidney
GSE101696,0.003634735583308282,-0.054085319216603485,"cell,sample"
GSE94324,0.003634678159357601,-0.054108112044693894,cell
GSE58707,0.0036346650814677835,-0.05411330299693267,cell
GSE96991,0.003634657984154446,-0.05411612011172109,kidney
GSE94136,0.003634656748097795,-0.054116610736454386,cell
GSE61033,0.0036345479894232878,-0.05415978068586228,cell
GSE83964,0.0036345414975692213,-0.05416235756036208,cell
GSE90736,0.003634517603142116,-0.05417184224634748,"cell,samples"
GSE49906,0.003634504727155397,-0.05417695328366234,"cell,samples"
GSE79409,0.0036344839804983305,-0.054185188569330855,cell
GSE52856,0.003634477766160833,-0.05418765532984027,"cell,samples"
GSE81017,0.003634477265493416,-0.054187854068282436,cell
GSE87899,0.0036344547500468225,-0.05419679153614553,"kidney,samples"
GSE107470,0.003634427027488576,-0.054207796034093536,cell
GSE100102,0.003634348000701098,-0.054239166259187774,cell
GSE99783,0.0036342635809362414,-0.054272678017175995,cell
GSE61997,0.003634212254356012,-0.05429305329376555,cell
GSE92967,0.003634177231373536,-0.05430695664422162,"cell,samples"
GSE97235,0.0036341024633360815,-0.05433663835196734,cell
GSE70813,0.0036340341362050945,-0.05436376365752139,kidney
GSE69376,0.003633994584893921,-0.054379465433802475,cell
GSE67071,0.003633972031270051,-0.054388419245241015,cell
GSE108402,0.003633838894940827,-0.0544412756345733,cell
GSE99491,0.0036338075485955372,-0.05445372071352744,cell
GSE62659,0.0036337868783929794,-0.054461927225055905,cell
GSE54286,0.0036337428194534666,-0.05447941972008111,cell
GSE39438,0.0036337243518201347,-0.0544867518930092,cell
GSE81103,0.003633591591520438,-0.05453946258496603,"cell,samples"
GSE100874,0.00363357559661964,-0.054545813275259335,cell
GSE58765,0.0036335667936183975,-0.054549308472010796,"cell,sample"
GSE67324,0.0036335167908447814,-0.054569162035738035,cell
GSE69170,0.0036334645552324675,-0.05458990243818456,"kidney,samples"
GSE44591,0.003633430832053546,-0.05460329254782574,cell
GSE41286,0.0036334021252853754,-0.05461469094168533,cell
GSE73176,0.0036333664587061636,-0.05462885294405538,cell
GSE93537,0.0036333525119716524,-0.054634390762374085,cell
GSE74055,0.003633328695713045,-0.054643847513593476,cell
GSE79363,0.0036333113479998214,-0.05465073583052876,"cell,samples"
GSE99971,0.0036333029833951576,-0.054654057205000335,"cell,samples"
GSE78708,0.003633294474545194,-0.054657435863503856,cell
GSE80958,0.0036332825049617892,-0.05466218870894069,"cell,samples"
GSE89619,0.003633182098846148,-0.05470205827771123,cell
GSE72105,0.003633115013821206,-0.05472869721947306,cell
GSE93306,0.0036331115771291115,-0.054730061916425356,cell
GSE102455,0.0036331022001465656,-0.054733785485985044,"cell,samples"
GSE98562,0.003633048894827454,-0.054754953039076404,"cell,samples"
GSE96690,0.0036330425917104874,-0.05475745602864291,"cell,samples"
GSE93570,0.003632980254710313,-0.054782210501046626,cell
GSE66457,0.003632960228956021,-0.05479016296266443,cell
GSE79108,0.0036329170707731476,-0.05480730173169059,cell
GSE92983,0.003632816234348368,-0.05484734619901976,cell
GSE76642,0.003632740809125872,-0.054877300019161954,cell
GSE100863,0.003632738108553019,-0.054878372516407266,"cell,sample"
GSE65651,0.003632673455036343,-0.05490404905436257,cell
GSE45284,0.00363256931895402,-0.05494540668389523,cell
GSE98255,0.0036325410139958097,-0.054956648198744004,cell
GSE52619,0.003632522036414783,-0.054964185328661576,cell
GSE66352,0.003632521896825671,-0.05496424076797375,cell
GSE65315,0.003632511945676014,-0.054968192979229204,cell
GSE76130,0.0036324768409907956,-0.05498213528712917,"cell,samples"
GSE33141,0.0036324751837552923,-0.054982793484302225,"cell,sample"
GSE76505,0.003632466574848296,-0.05498621265209281,cell
GSE67609,0.0036324422511801223,-0.05499587323732262,cell
GSE79729,0.0036324161330289597,-0.055006246605987894,"cell,samples"
GSE90860,0.003632406939055813,-0.05500989820199585,cell
GSE76279,0.0036323782247300617,-0.05502130281050951,cell
GSE74278,0.0036323599987327436,-0.05502854176534513,cell
GSE76711,0.003632359183591219,-0.05502886552201225,"cell,sample,samples"
GSE78183,0.003632352957634106,-0.05503133834055692,cell
GSE101678,0.003632205175760143,-0.055090035421043855,cell
GSE64091,0.0036321912256280027,-0.05509557635943602,cell
GSE102982,0.003632172888562875,-0.05510285980297166,cell
GSE61095,0.003632112115760259,-0.055126998894680014,"cell,sample"
GSE78151,0.003632102976654128,-0.05513062900279923,cell
GSE80669,0.0036320821186650717,-0.05513891395616416,cell
GSE63968,0.003632031281329141,-0.055159107135538454,cell
GSE44575,0.003632030269075637,-0.055159509217238986,cell
GSE70520,0.003632022468604609,-0.05516260768066553,cell
GSE80375,0.003632020212618389,-0.05516350379327798,cell
GSE90697,0.003632013992141291,-0.0551659746658561,cell
GSE44566,0.003631955251276152,-0.05518930768173087,cell
GSE92275,0.0036319459315422293,-0.055193009696274865,cell
GSE52957,0.0036318202015628628,-0.05524295348973336,cell
GSE94054,0.003631810441424965,-0.05524683058735475,"cell,samples"
GSE69672,0.0036317969968996805,-0.05525217128070015,cell
GSE87623,0.0036317586410721074,-0.05526740783012221,cell
GSE46066,0.0036317472676270497,-0.05527192587223275,cell
GSE59017,0.003631703192008055,-0.05528943481713492,"cell,sample"
GSE56575,0.0036316620890805935,-0.055305763058196934,cell
GSE57998,0.003631621215294115,-0.055322000455689135,cell
GSE63199,0.0036316119818620945,-0.055325668526429644,cell
GSE38324,0.0036315424576070284,-0.055353288012933446,"sample,samples"
GSE88778,0.0036315411856748694,-0.05535379331076796,cell
GSE98063,0.0036315122339081276,-0.05536529496658416,cell
GSE92304,0.0036314552281195645,-0.055387941899506285,"cell,samples"
GSE52594,0.003631449994422463,-0.05539002113050881,"cell,samples"
GSE104163,0.0036314350332617104,-0.055395964882156125,"cell,samples"
GSE68025,0.003631432490646779,-0.055396975011541144,cell
GSE53913,0.0036314043771950625,-0.05540814396331897,cell
GSE75028,0.0036313374477348935,-0.055434734141685635,cell
GSE77550,0.003631314546377478,-0.05544383265688362,cell
GSE97101,0.0036312563150911535,-0.055466967711841224,cell
GSE80708,0.003631247249056414,-0.05547056964421713,cell
GSE41908,0.003631226856736312,-0.055478671538600526,"cell,sample,samples"
GSE60749,0.0036312072179243565,-0.05548647410625931,cell
GSE102299,0.0036311847116105595,-0.055495415994171265,"cell,sample"
GSE95182,0.0036311715882629317,-0.05550063000124028,cell
GSE102721,0.0036311178036292557,-0.05552199924724371,cell
GSE69097,0.003630949408465888,-0.0555889066057268,"cell,samples"
GSE95602,0.0036309252525594145,-0.055598504569917655,cell
GSE65753,0.0036308721895798044,-0.05561958852279568,"cell,sample"
GSE83873,0.0036307983122946005,-0.05564894330912867,"cell,samples"
GSE65849,0.0036307687369212206,-0.05566069510986781,"cell,samples"
GSE92292,0.003630704690092511,-0.0556861445019491,"cell,samples"
GSE74537,0.003630598621574748,-0.055728292451983436,cell
GSE39619,0.003630512382964507,-0.05576256159213446,cell
GSE101898,0.0036304966950823593,-0.055768795664984064,cell
GSE81149,0.0036304892184633357,-0.05577176674393024,cell
GSE98700,0.0036304755967147477,-0.055777179806694235,cell
GSE94246,0.003630458040914266,-0.055784156228063125,cell
GSE84703,0.003630429334806956,-0.05579556369288572,cell
GSE60875,0.0036304258404168594,-0.05579695232800962,cell
GSE68915,0.0036303924982727643,-0.05581020222456266,cell
GSE87602,0.003630378064265373,-0.05581593821930438,cell
GSE85422,0.003630368407129103,-0.055819775924603965,"cell,samples"
GSE52801,0.0036302934155390135,-0.05584957761425065,"cell,samples"
GSE63300,0.0036302696872573853,-0.05585900737162594,"cell,samples"
GSE63943,0.0036301347843032566,-0.055912619762976186,cell
GSE100981,0.003630130469431929,-0.055914334588330096,cell
GSE30641,0.003630064876193988,-0.055940403043679,cell
GSE74149,0.003630056939837428,-0.055943557189722895,cell
GSE80473,0.0036300425895773305,-0.05594926043084069,"cell,sample"
GSE81559,0.00363002569721285,-0.055955974012449755,"cell,sample"
GSE70486,0.0036300052875567874,-0.0559640855231718,"cell,samples"
GSE97954,0.0036299846383882704,-0.0559722922709281,cell
GSE104920,0.0036299509289580874,-0.05598568975284939,"cell,samples"
GSE34903,0.0036299159880204468,-0.05599957681663026,cell
GSE75589,0.003629897473764004,-0.05600693524976259,cell
GSE103341,0.0036298853699762257,-0.056011745882526595,"cell,sample"
GSE83350,0.0036298710258843817,-0.05601744694163696,cell
GSE61188,0.003629823707223862,-0.056036253902365635,cell
GSE69221,0.003629811322556499,-0.056041176270532705,cell
GSE85360,0.003629774369046696,-0.05605586378786541,cell
GSE86209,0.0036297095509773714,-0.05608162669558918,cell
GSE87113,0.0036296639941477667,-0.056099734211820906,cell
GSE89242,0.0036296599075776414,-0.05610135851582885,cell
GSE67516,0.003629639968596293,-0.0561092837620653,cell
GSE94118,0.0036296334214056506,-0.056111886116037714,cell
GSE86817,0.003629608651327964,-0.05612173168059751,cell
GSE98418,0.003629569255083858,-0.056137390965088026,cell
GSE98133,0.0036295516701903073,-0.05614438069262714,"cell,samples"
GSE86073,0.0036295068703630757,-0.0561621880951214,"cell,sample,samples"
GSE80810,0.0036294738576948533,-0.05617531038171098,cell
GSE85763,0.0036294487113425196,-0.05618530594715846,cell
GSE77647,0.0036294065614324096,-0.05620206050803752,cell
GSE48083,0.003629400189850136,-0.05620459322462955,"cell,samples"
GSE83978,0.0036293985995997885,-0.05620522535299046,cell
GSE62710,0.0036293894867094494,-0.05620884775429057,"cell,samples"
GSE40688,0.0036293717143322424,-0.05621591235381408,cell
GSE76504,0.0036293556730969596,-0.056222288846374674,cell
GSE47459,0.003629322757358216,-0.056235373149118674,cell
GSE67583,0.003629302803469499,-0.05624330505745513,cell
GSE91078,0.0036292381025404474,-0.05626902474704427,cell
GSE74660,0.0036292242071857906,-0.05627454844019012,cell
GSE70667,0.0036291925095056354,-0.056287149007986745,"cell,samples"
GSE50932,0.003629136381342165,-0.056309461533173295,cell
GSE79291,0.0036291206782722405,-0.05631570400734325,kidney
GSE89897,0.0036291119873147074,-0.05631915895344688,"cell,samples"
GSE104507,0.003629105418832462,-0.05632177015017242,cell
GSE46104,0.0036290969025853533,-0.056325155657196375,"cell,samples"
GSE95734,0.0036290956862842635,-0.05632563918020278,cell
GSE100098,0.0036290894726291835,-0.056328109331948185,cell
GSE82068,0.0036290533957484554,-0.05634245127529691,cell
GSE80353,0.003628994798283633,-0.056365746318165176,cell
GSE75599,0.003628972044913838,-0.05637479187444176,cell
GSE43725,0.0036289535983385544,-0.05638212531487398,cell
GSE106072,0.00362894164710443,-0.056386876550768315,cell
GSE60425,0.003628893557706775,-0.05640599474057535,cell
GSE84681,0.003628841745207611,-0.05642659335225833,cell
GSE98906,0.0036288368566386275,-0.056428536870183704,cell
GSE81091,0.003628818413824485,-0.05643586908851373,"cell,samples"
GSE65031,0.003628812146843775,-0.056438360629497024,"cell,sample"
GSE81237,0.003628786974257169,-0.05644836844758036,cell
GSE93827,0.003628780638760496,-0.0564508872500549,cell
GSE41976,0.003628760208770279,-0.05645900962819683,cell
GSE99093,0.0036286662511289384,-0.05649636508029057,cell
GSE62001,0.0036286007365818416,-0.056522412768040035,cell
GSE54412,0.0036285964698620286,-0.0565241091737846,cell
GSE68391,0.0036285734822341384,-0.056533248862389904,cell
GSE77586,0.003628529850467187,-0.056550596647290105,cell
GSE94840,0.003628440817942278,-0.05658599620670394,"cell,samples"
GSE53915,0.0036284329984039975,-0.05658910531660012,cell
GSE85627,0.003628349270081568,-0.05662239677584125,cell
GSE64489,0.003628347278812296,-0.0566231885394998,cell
GSE37150,0.003628341445071743,-0.05662550813977078,cell
GSE80128,0.0036283224646688826,-0.05663305511546686,cell
GSE106120,0.0036283187084146483,-0.05663454867956266,"cell,samples"
GSE49761,0.003628201955285483,-0.05668097290083233,cell
GSE85810,0.0036281998968278172,-0.05668179141301687,cell
GSE73289,0.0036281756586016875,-0.05669142938403156,cell
GSE64735,0.003628109881194917,-0.05671758511840364,cell
GSE58495,0.003628089493271759,-0.05672569227040314,"cell,sample"
GSE79087,0.0036280595790198792,-0.056737587600118426,"cell,sample,samples"
GSE81275,0.0036279861590936945,-0.056766783271489825,cell
GSE103319,0.0036279724867289273,-0.056772220196866605,cell
GSE100835,0.0036278968860629255,-0.05680228377721203,cell
GSE99938,0.003627872719543394,-0.05681189403767475,"cell,samples"
GSE94011,0.0036278420946513437,-0.05682407268058466,"cell,sample,samples"
GSE97450,0.0036278224747159013,-0.05683187502130609,"cell,samples"
GSE85061,0.003627812662923989,-0.05683577693292804,"cell,samples"
GSE88841,0.0036278117678191007,-0.0568361328949533,cell
GSE103722,0.0036278055333564914,-0.05683861219558782,cell
GSE78809,0.0036278016732173555,-0.056840147285189505,cell
GSE104264,0.00362777156755133,-0.056852119680377775,"cell,samples"
GSE35838,0.0036277455197509857,-0.056862478427226776,cell
GSE95074,0.0036277226102644504,-0.056871589183975016,cell
GSE81357,0.00362768357390066,-0.056887113488755726,cell
GSE89621,0.0036276453853326413,-0.056902300796735576,cell
GSE84341,0.0036276331351968163,-0.05690717261803238,cell
GSE69190,0.0036275924410196577,-0.05692335661864363,cell
GSE74570,0.0036275761922256603,-0.0569298187853294,cell
GSE69354,0.0036275685764999145,-0.056932847579410355,cell
GSE66312,0.0036275670350833056,-0.05693346060560776,"cell,samples"
GSE64218,0.003627531858232467,-0.05694745061980479,cell
GSE100816,0.0036275125993997536,-0.05695511001393018,"cell,sample,samples"
GSE86301,0.00362750886632607,-0.056956594692346534,cell
GSE60415,0.0036274922159586784,-0.05696321671822707,cell
GSE34483,0.0036274878651948103,-0.05696494706769368,cell
GSE63256,0.003627447572020339,-0.056980972231113945,cell
GSE44640,0.003627354740056331,-0.05701789348915961,cell
GSE33306,0.0036272654875369277,-0.057053392016469605,cell
GSE39513,0.0036271855750391836,-0.05708517646527505,cell
GSE40594,0.0036271764180850173,-0.05708881860289598,cell
GSE63857,0.0036271587368356447,-0.05709585126688009,cell
GSE77410,0.0036271410330154788,-0.05710289294267762,cell
GSE40064,0.0036270483292473355,-0.057139766329875115,cell
GSE69162,0.0036270353644543363,-0.057144923216218176,cell
GSE46815,0.00362700890290027,-0.05715544864215142,"cell,samples"
GSE39756,0.0036269217831891073,-0.057190102178476206,cell
GSE53506,0.003626875160610162,-0.05720864754553282,cell
GSE73357,0.003626863423285385,-0.0572133164152621,cell
GSE41710,0.0036268559267095624,-0.057216298408978995,cell
GSE60019,0.003626647978910481,-0.057299018501911735,cell
GSE72184,0.0036266473932678547,-0.05729925147290487,"cell,samples"
GSE105266,0.003626641614976703,-0.057301550102390006,"kidney,sample,samples"
GSE48649,0.003626614913844406,-0.05731217197712939,"cell,sample,samples"
GSE68789,0.003626562182254378,-0.05733314915786698,cell
GSE79903,0.0036265521262590144,-0.05733714957314378,"cell,samples"
GSE84257,0.0036265310151121044,-0.05734554791805763,cell
GSE79252,0.003626523363309912,-0.05734859193689458,"cell,sample,samples"
GSE49538,0.003626499464298458,-0.057358099417051917,cell
GSE86790,0.003626458638308175,-0.05737434091545511,"cell,sample"
GSE71619,0.003626403645680544,-0.05739621851027599,cell
GSE85737,0.0036263646051893314,-0.057411750103488014,"cell,sample"
GSE102688,0.003626349376192891,-0.05741780874517667,cell
GSE69968,0.0036263099072008456,-0.05743351104604835,cell
GSE57849,0.003626290360426527,-0.057441287576764054,"cell,sample"
GSE82002,0.003626268083782548,-0.05745015021580196,cell
GSE95739,0.00362621323770173,-0.05747197065636644,cell
GSE36882,0.003626070477647338,-0.05752876910237835,cell
GSE39522,0.003625974725580293,-0.05756686622627034,cell
GSE52031,0.003625914420208135,-0.05759086059783457,"cell,samples"
GSE45376,0.0036258174630079782,-0.05762943887792143,"cell,sample,samples"
GSE59148,0.003625796439744953,-0.05763780395574195,cell
GSE97489,0.003625671635828099,-0.05768746396667198,"cell,samples"
GSE74957,0.003625663504693515,-0.05769069943912331,cell
GSE79510,0.003625455716340773,-0.05777338328888486,cell
GSE61636,0.003625451726379611,-0.057774971034205584,cell
GSE81489,0.003625398409254736,-0.05779618795366025,cell
GSE109152,0.0036253096307805074,-0.05783151699016443,cell
GSE97234,0.003625299166987505,-0.057835681071469705,"cell,samples"
GSE90101,0.003625236732550052,-0.05786052719444467,cell
GSE88745,0.0036249801789558045,-0.05796262858060043,cell
GSE90047,0.0036249160761733074,-0.05798814088123572,cell
GSE70123,0.0036248167455903845,-0.05802767440417349,cell
GSE64403,0.003624795736769879,-0.058036036043152515,cell
GSE60738,0.0036247277642614483,-0.05806308984905277,cell
GSE63204,0.0036247098582367935,-0.058070216728216786,cell
GSE52899,0.003624643613367671,-0.05809658353307575,cell
GSE74549,0.003624618429808063,-0.058106607228271934,cell
GSE58261,0.0036245269767320133,-0.05814300845680261,"cell,sample,samples"
GSE66814,0.0036244745501366727,-0.058163876320833086,cell
GSE79423,0.0036244572401568807,-0.05817076644553738,cell
GSE79061,0.0036244063172488836,-0.05819103616816485,cell
GSE89011,0.0036243753717743747,-0.05820335406778638,cell
GSE75878,0.0036243711340802863,-0.05820504089743111,"cell,samples"
GSE76779,0.003624356859840798,-0.058210722825222924,cell
GSE84724,0.003624191863412249,-0.05827640204967494,cell
GSE95341,0.0036241496700670593,-0.058293198203549244,cell
GSE90046,0.003624096404356469,-0.05831440227850193,"cell,samples"
GSE52477,0.0036240704786386986,-0.058324722930623484,"cell,samples"
GSE74094,0.0036239731123284677,-0.05836348370549069,cell
GSE84271,0.0036239538343341804,-0.05837115824938753,"cell,sample,samples"
GSE79700,0.0036237755442611297,-0.058442137225242066,cell
GSE47395,0.0036237565117040673,-0.0584497144737392,"cell,samples"
GSE78795,0.0036236575148219175,-0.058489127790110264,cell
GSE57926,0.003623635216915598,-0.05849800533378359,cell
GSE93941,0.0036236009621911348,-0.05851164339383533,cell
GSE78730,0.00362356772654807,-0.05852487584349694,cell
GSE70546,0.003623336473909346,-0.05861695020406914,cell
GSE50807,0.0036233255839193375,-0.05862128625132922,cell
GSE58423,0.003623283777561507,-0.05863793233285832,cell
GSE85505,0.0036232157049216726,-0.05866503729854544,cell
GSE99808,0.0036231666833472444,-0.05868455688184533,cell
GSE92618,0.0036225761758620248,-0.058919707987528686,cell
GSE84832,0.0036225652943888127,-0.058924041552996055,cell
GSE80101,0.0036224635864550835,-0.058964547542422203,sample
GSE56276,0.0036221107210023975,-0.059105087819183416,cell
GSE97762,0.0036220664049164426,-0.05912273912624785,cell
GSE41317,0.0036217251292614983,-0.05925867807286317,cell
GSE94579,0.0036215011836530763,-0.05934788837911205,sample
GSE67120,0.0036214346861229967,-0.05937437919957616,"cell,samples"
GSE53398,0.003621430160133339,-0.05937618224932867,cell
GSE95145,0.003621134650592137,-0.05949391130278036,"cell,samples"
GSE77456,0.003620416447983377,-0.05978007854272768,cell
GSE87837,0.003620320775730451,-0.059818203358085645,cell
GSE109238,0.0036203169300030916,-0.059819735878290585,cell
GSE77188,0.0036202784530479405,-0.05983506901305338,"cell,samples"
GSE44698,0.0036194338055027934,-0.060171703615836694,sample
GSE75357,0.0036193404658458536,-0.06020890899209103,sample
GSE87453,0.0036192334711138514,-0.060251558489247875,"cell,sample,samples"
GSE63756,0.0036190651759570227,-0.06031864568750951,"cell,sample"
GSE97947,0.003619019518087279,-0.06033684674070006,cell
GSE96592,0.0036187932850032627,-0.06042703568517305,sample
GSE95672,0.003618582606813194,-0.06051102866402749,sample
GSE108528,0.003618546527161449,-0.06052541335543935,"cell,samples"
GSE80102,0.00361842230926088,-0.06057493921445816,sample
GSE108753,0.00361831017537162,-0.06061964862061831,"cell,samples"
GSE123021,0.0036156255905915903,-0.061690445335463286,"sample,samples"
GSE86083,0.003615560781734973,-0.061716305384212015,sample
GSE89482,0.0036152027496271686,-0.06185917581403319,sample
GSE58001,0.0036152023269200684,-0.0618593445009687,"sample,samples"
GSE72311,0.0036151942438863633,-0.061862570147730146,"sample,samples"
GSE89313,0.0036147343206021,-0.06204612079733145,sample
GSE74746,0.003614689924170935,-0.062063840192101205,sample
GSE101391,0.003614604015756314,-0.0620981283659615,patient
GSE75300,0.003613368561362114,-0.06259131893249964,"sample,samples"
GSE95257,0.003613305353077984,-0.0626165560690133,sample
GSE60261,0.0036130836821562933,-0.06270506598398574,sample
GSE61444,0.003613083025760336,-0.06270532808123058,"sample,samples"
GSE47081,0.0036130662851653578,-0.06271201257453882,"sample,samples"
GSE103525,0.0036129848268364475,-0.06274453919947999,patient
GSE73127,0.003612974614559661,-0.0627486170527244,"sample,samples"
GSE90459,0.0036128592222385123,-0.0627946950371486,patient
GSE81420,0.0036126657828942487,-0.06287194173757539,"patient,samples"
GSE41785,0.0036126484292638324,-0.06287887181585508,"sample,samples"
GSE98041,0.003612626452829553,-0.06288764803358231,"sample,samples"
GSE103524,0.0036125355305012437,-0.06292395813776187,patient
GSE81421,0.0036124608499122704,-0.06295378273827193,"patient,samples"
GSE25432,0.0036124475402195084,-0.06295909819051196,"sample,samples"
GSE46434,0.003612035504103043,-0.0631236615118983,sample
GSE79633,0.0036119466293888123,-0.06315915969202064,"sample,samples"
GSE84329,0.003611906919490432,-0.0631750208312535,"sample,samples"
GSE74506,0.003611780400703295,-0.06322555680234689,"sample,samples"
GSE77862,0.003611758928666913,-0.0632341336506184,"sample,samples"
GSE85874,0.0036116485459961067,-0.0632782260079562,"sample,samples"
GSE99364,0.003611549604016249,-0.06331774952668616,patient
GSE77681,0.003611496266266993,-0.06333905635699763,patient
GSE84252,0.0036113980388605632,-0.06337829608172782,"sample,samples"
GSE53075,0.003611338132924248,-0.06340222773178067,sample
GSE80776,0.003611330707025957,-0.06340519431016763,"sample,samples"
GSE83855,0.0036113104951175437,-0.06341326881344674,"sample,samples"
GSE88761,0.003611160149665337,-0.06347333209345647,"sample,samples"
GSE76075,0.0036111600273213756,-0.06347338097110854,patient
GSE71310,0.003611154682705443,-0.06347551620093748,sample
GSE60659,0.003611097634171509,-0.06349830788236523,sample
GSE77051,0.0036110556744321735,-0.06351507161065244,"sample,samples"
GSE93581,0.0036110083896433156,-0.06353396303276944,sample
GSE76033,0.003610973039360837,-0.0635480864911936,patient
GSE86043,0.003610962845033251,-0.06355215944506343,patient
GSE68822,0.00361095650666072,-0.06355469182964768,sample
GSE85793,0.003610950664191375,-0.06355702608882645,"sample,samples"
GSE83885,0.0036109094803345003,-0.06357348050497108,sample
GSE72312,0.0036108964906275813,-0.06357867039399066,sample
GSE66366,0.0036107068187818388,-0.06365445374003931,"sample,samples"
GSE54704,0.003610615831312394,-0.06369080917721293,"sample,samples"
GSE69869,0.0036105936810647355,-0.0636996597866287,patient
GSE109032,0.0036105285213384143,-0.06372569607611302,sample
GSE84061,0.00361049574401274,-0.06373879329984926,sample
GSE80155,0.003610466265070084,-0.06375057265122296,"sample,samples"
GSE44359,0.0036104227588282284,-0.06376795728050223,"sample,samples"
GSE71534,0.003610277255608668,-0.06382610033391853,sample
GSE74131,0.0036102472645265352,-0.06383808505479133,sample
GSE65177,0.003610202713069068,-0.06385588842354338,"sample,samples"
GSE37076,0.0036100979376760814,-0.06389775896251151,"sample,samples"
GSE73993,0.0036100261934913025,-0.06392643020907626,sample
GSE89361,0.0036099532201459496,-0.06395559325163634,sample
GSE43721,0.003609920611498845,-0.06396862515068753,sample
GSE49844,0.003609906674765385,-0.06397419493939623,"sample,samples"
GSE98040,0.003609885601861143,-0.06398261672586389,"sample,samples"
GSE84458,0.0036097314237235815,-0.06404423551636726,sample
GSE58332,0.003609720463589857,-0.06404861594048225,sample
GSE38144,0.003609619009847801,-0.06408916447296006,"sample,samples"
GSE72165,0.003609555347670893,-0.06411460924056674,sample
GSE101690,0.003609551880873213,-0.06411599487778279,sample
GSE76771,0.0036095394738159645,-0.06412095383981406,sample
GSE43717,0.0036094705691304273,-0.0641484945822511,sample
GSE90929,0.0036094397806198867,-0.06416080071415232,sample
GSE85967,0.0036093966381826326,-0.06417804487281396,patient
GSE94297,0.0036093172985122574,-0.06420975770975544,"sample,samples"
GSE73272,0.0036092640685133136,-0.06423103464814522,sample
GSE74750,0.0036092499562533076,-0.0642366756117719,sample
GSE75896,0.003609031834564529,-0.06432386618923248,"sample,samples"
GSE88779,0.003609025093889131,-0.06432656074791096,sample
GSE79020,0.0036090099498449105,-0.06433261453882866,"sample,samples"
GSE95682,0.003608980220328483,-0.06434449890688883,sample
GSE53249,0.0036089616656140226,-0.0643519161997847,"sample,samples"
GSE95424,0.0036089143098907684,-0.06437084693988872,"sample,samples"
GSE70499,0.0036089056834918824,-0.06437429542236826,"sample,samples"
GSE101091,0.0036088807505503043,-0.06438426264195787,"sample,samples"
GSE48043,0.003608791306797747,-0.06442001933947307,"sample,samples"
GSE55800,0.0036087641063604135,-0.06443089336365576,sample
GSE62432,0.0036086688704476326,-0.06446896683923449,sample
GSE38198,0.003608648161346411,-0.06447724607028439,sample
GSE79632,0.003608575888842454,-0.06450614005565311,"sample,samples"
GSE62633,0.0036085703413233222,-0.06450835793460025,sample
GSE74490,0.003608557186636435,-0.0645136171465134,"sample,samples"
GSE95663,0.0036085555261457314,-0.06451428100803216,sample
GSE84138,0.0036085484773450303,-0.06451709911064255,"sample,samples"
GSE73077,0.0036084975873802386,-0.0645374450247959,"sample,samples"
GSE75944,0.003608480389245803,-0.06454432093971316,sample
GSE99791,0.0036084749737245836,-0.06454648610361233,sample
GSE36871,0.0036084159025280395,-0.06457010339914207,sample
GSE72136,0.0036084123631737125,-0.06457151848309517,"sample,samples"
GSE66128,0.0036083968648590796,-0.06457771494498202,sample
GSE36872,0.0036083650185840133,-0.06459044765359886,sample
GSE64893,0.0036083523787107034,-0.06459550133147975,sample
GSE54447,0.003608342301633542,-0.0645995303641301,sample
GSE97270,0.0036083106517480453,-0.06461218474370073,"sample,samples"
GSE68190,0.0036082585317165593,-0.06463302381807129,sample
GSE81367,0.003608178748436507,-0.06466492403088099,sample
GSE66793,0.0036081715772902636,-0.06466779134653383,"sample,samples"
GSE108678,0.0036081305237247274,-0.06468420633985905,sample
GSE77214,0.0036081275728129863,-0.06468538624935725,sample
GSE81079,0.003608106229238522,-0.064693920415483,sample
GSE109653,0.0036081054880421747,-0.06469421678159218,sample
GSE108161,0.0036080973815275745,-0.06469745816175396,"sample,samples"
GSE76565,0.00360806414350277,-0.06471074842234155,sample
GSE90987,0.003608040977800204,-0.06472001132626237,sample
GSE77243,0.003608017818789483,-0.06472927161386835,sample
GSE70497,0.003607989367982881,-0.0647406479433349,"sample,samples"
GSE69132,0.0036079701916562003,-0.06474831583314934,sample
GSE102685,0.0036079576298946973,-0.06475333882990696,sample
GSE73438,0.003607880322919636,-0.06478425149459834,sample
GSE84857,0.0036078452086025082,-0.06479829284108901,sample
GSE104657,0.0036078432346693876,-0.06479908217215462,"sample,samples"
GSE74583,0.0036078291261103907,-0.06480472387734337,sample
GSE29362,0.0036077776565830917,-0.06482530560637283,"sample,samples"
GSE104658,0.003607736409032252,-0.06484179996464169,"sample,samples"
GSE55228,0.003607706895695142,-0.06485360207943636,sample
GSE107655,0.003607684780018064,-0.06486244600062066,"sample,samples"
GSE72664,0.0036076790890234595,-0.06486472180260164,"sample,samples"
GSE64910,0.0036076591972898342,-0.0648726764415437,sample
GSE66630,0.003607640000678044,-0.0648803531451346,"sample,samples"
GSE71126,0.0036076159750201755,-0.06488996103640778,sample
GSE97462,0.0036076144440788335,-0.06489057326397475,sample
GSE100599,0.0036075960226559936,-0.06489794006096546,"sample,samples"
GSE89695,0.003607543630455109,-0.06491889210681151,"sample,samples"
GSE57092,0.0036075301101253367,-0.06492429904052142,sample
GSE85936,0.003607485406385585,-0.06494217671895537,sample
GSE45684,0.0036074765656541187,-0.06494571228282774,"sample,samples"
GSE79484,0.003607471032307129,-0.0649479251699356,"sample,samples"
GSE54932,0.0036074615932949277,-0.0649517000121414,sample
GSE75691,0.0036074083476174347,-0.06497299416588166,"sample,samples"
GSE85931,0.0036073856667703298,-0.06498206484636866,sample
GSE85553,0.003607375309512294,-0.06498620701125918,"sample,samples"
GSE45760,0.003607363785110454,-0.06499081596444967,sample
GSE83264,0.0036073463416865254,-0.0649977921397236,sample
GSE96870,0.003607318466012408,-0.06500894057083811,sample
GSE82127,0.003607288529738838,-0.06502091320176526,"sample,samples"
GSE63497,0.0036072405292682875,-0.06504011058533893,sample
GSE68360,0.003607144086755236,-0.065078682727725,sample
GSE94444,0.0036071425201989887,-0.06507930927974655,sample
GSE59215,0.0036071008186507663,-0.06509598812297179,"sample,samples"
GSE89692,0.003607052300561989,-0.06511539353478307,"sample,samples"
GSE65388,0.003606990430921897,-0.06514013944391234,sample
GSE74157,0.0036069539053331786,-0.06515474872927794,"sample,samples"
GSE56122,0.003606947391591815,-0.06515735407192846,"sample,samples"
GSE80976,0.0036069278733841803,-0.06516516092201328,sample
GSE64357,0.003606916666428839,-0.06516964347463966,sample
GSE63948,0.0036069158194199065,-0.06516998226143268,"sample,samples"
GSE71744,0.0036068931195146147,-0.06517906180348054,"sample,samples"
GSE97026,0.003606881110521469,-0.06518386520162,sample
GSE83253,0.003606878263627104,-0.06518500391450711,"sample,samples"
GSE79408,0.003606869208947828,-0.06518862564951737,sample
GSE48048,0.0036068348798495896,-0.06520235685312037,sample
GSE47019,0.003606803567428251,-0.0652148815382189,sample
GSE69887,0.003606769889980102,-0.06522835233399633,sample
GSE41876,0.003606761455336074,-0.06523172616534963,sample
GSE103435,0.003606757019077551,-0.06523350065811463,"sample,samples"
GSE72671,0.0036067141752131764,-0.06525063821339183,sample
GSE95830,0.0036066621139376792,-0.06527146300915262,"sample,samples"
GSE73413,0.0036066362215314476,-0.06528182022559646,sample
GSE71042,0.003606612806940579,-0.06529118635561569,sample
GSE98666,0.003606572565298416,-0.06530728365925896,"sample,samples"
GSE81672,0.00360654085959829,-0.06531996657539936,sample
GSE101650,0.0036065088046227903,-0.06533278932204405,"sample,samples"
GSE60165,0.003606425612844577,-0.0653660685282395,sample
GSE68713,0.0036064124666749385,-0.06537132746058621,sample
GSE79519,0.003606361771347197,-0.06539160756239355,"sample,samples"
GSE52071,0.0036063334910165844,-0.06540292091787187,"sample,samples"
GSE58917,0.0036062941491345683,-0.06541865951992257,sample
GSE52006,0.003606255374624875,-0.06543417131437569,"sample,samples"
GSE95108,0.003606237618550276,-0.06544127471143793,"sample,samples"
GSE36873,0.0036062139295424812,-0.06545075165941916,sample
GSE87366,0.003606205413513237,-0.06545415856979825,"sample,samples"
GSE103685,0.003606123354373884,-0.06548698744302876,"sample,samples"
GSE69227,0.0036060723659411776,-0.06550738643436578,sample
GSE64459,0.003605971275705887,-0.06554783055489323,"sample,samples"
GSE80446,0.0036057351457552994,-0.06564230570097668,sample
GSE65543,0.003604240252838242,-0.06624055313173036,samples
GSE78962,0.0036042360621738566,-0.06624223055993086,samples
GSE72710,0.003604220745285954,-0.06624836158042785,samples
GSE75453,0.0036042193749695204,-0.0662489100898668,samples
GSE70391,0.0036042154475187946,-0.0662504821686399,samples
GSE61024,0.003604212287458559,-0.06625174707782636,samples
GSE74344,0.0036042049280306638,-0.06625469291456437,samples
GSE76587,0.0036041983670450917,-0.06625731915534493,samples
GSE75192,0.0036041953221346715,-0.0662585379781098,samples
GSE64771,0.003604184354431887,-0.06626292816040517,samples
GSE71257,0.0036041833963621137,-0.06626331165984871,samples
GSE72521,0.003604177866882896,-0.06626552502068206,samples
GSE53427,0.0036041686570509883,-0.0662692115745336,samples
GSE68147,0.003604166647500162,-0.06627001596802783,samples
GSE62355,0.003604163965745386,-0.06627108943552622,samples
GSE78130,0.0036041629399681885,-0.06627150003945571,samples
GSE35616,0.0036041615770163573,-0.06627204560974545,samples
GSE64371,0.0036041578909347984,-0.06627352109695414,samples
GSE75077,0.0036041574514467695,-0.06627369701800352,samples
GSE64370,0.0036041509595697266,-0.06627629563012777,samples
GSE104213,0.003604150126240212,-0.06627662920119928,samples
GSE64568,0.0036041501037966423,-0.06627663818507212,samples
GSE44831,0.003604150087393571,-0.06627664475101112,samples
GSE92282,0.0036041423314902214,-0.06627974934295869,samples
GSE105045,0.003604140591127243,-0.06628044598959858,samples
GSE100425,0.0036041381076318863,-0.06628144010388985,samples
GSE87068,0.0036041354498318997,-0.06628250399105508,samples
GSE58797,0.003604135204191787,-0.06628260231804353,samples
GSE92844,0.003604135174915168,-0.0662826140371469,samples
GSE81476,0.0036041342483826753,-0.06628298491779908,samples
GSE57648,0.003604131332191242,-0.0662841522374191,samples
GSE60072,0.0036041311378923898,-0.06628423001316366,samples
GSE99684,0.003604130883198702,-0.06628433196431884,samples
GSE63679,0.003604130257819531,-0.06628458229693336,samples
GSE99771,0.0036041270571011766,-0.06628586351104535,samples
GSE89992,0.0036041267248705278,-0.06628599649956768,samples
GSE89018,0.0036041246461188552,-0.06628682860282686,samples
GSE87870,0.003604124562996754,-0.06628686187577267,samples
GSE72833,0.003604120207678702,-0.06628860526711278,samples
GSE53380,0.0036041170763558587,-0.06628985870640994,samples
GSE53244,0.0036041149923092845,-0.06629069293139857,samples
GSE78128,0.003604114034673846,-0.06629107626436229,samples
GSE66828,0.003604114021549553,-0.06629108151790089,samples
GSE92263,0.0036041138891946,-0.06629113449842185,samples
GSE84927,0.0036041123733730356,-0.06629174126856863,samples
GSE75816,0.0036041095699585264,-0.06629286345160942,samples
GSE61209,0.003604107579980381,-0.06629366002350566,samples
GSE55131,0.0036041074509063037,-0.06629371169081329,samples
GSE122108,0.00360410627707,-0.06629418156806109,samples
GSE70368,0.0036041061278542217,-0.06629424129795,samples
GSE55188,0.003604104909998342,-0.06629472879606252,samples
GSE35833,0.003604103501497848,-0.06629529260791768,samples
GSE82099,0.0036041033435806782,-0.0662953558209531,samples
GSE83226,0.0036041029399088804,-0.06629551740769965,samples
GSE64510,0.0036041024867218734,-0.0662956988150289,samples
GSE67972,0.003604102144549305,-0.06629583578413377,samples
GSE107592,0.0036041019124428354,-0.0662959286946146,samples
GSE68160,0.0036041001529454244,-0.0662966330084411,samples
GSE50934,0.003604099474195981,-0.06629690470692516,samples
GSE66231,0.0036040992160985366,-0.06629700802147549,samples
GSE42671,0.003604097340873986,-0.0662977586605955,samples
GSE84534,0.0036040937486159367,-0.06629919661716703,samples
GSE48005,0.0036040910995148528,-0.06630025703531035,samples
GSE89258,0.003604090735553294,-0.06630040272684469,samples
GSE45148,0.0036040889055374754,-0.06630113527094808,samples
GSE77997,0.0036040883707806034,-0.0663013493309131,samples
GSE71145,0.0036040878456832276,-0.0663015595242705,samples
GSE77081,0.003604087363927457,-0.06630175236826807,samples
GSE72847,0.0036040858690971783,-0.06630235074018836,samples
GSE100244,0.0036040852894794863,-0.06630258275786713,samples
GSE65504,0.003604084774952468,-0.06630278872014903,samples
GSE46207,0.0036040843464064266,-0.06630296026475024,samples
GSE94768,0.0036040840227431815,-0.06630308982536388,samples
GSE99078,0.00360408337340146,-0.06630334975331234,samples
GSE94659,0.0036040830396337443,-0.0663034833587262,samples
GSE70249,0.0036040807096790846,-0.06630441602733643,samples
GSE56966,0.00360408057612395,-0.06630446948877333,samples
GSE107617,0.0036040805321524627,-0.06630448709033512,samples
GSE79199,0.003604080434436595,-0.06630452620549872,samples
GSE92770,0.0036040802134357157,-0.06630461467102791,samples
GSE81390,0.003604078412352642,-0.06630533563563294,samples
GSE76097,0.003604078186722395,-0.06630542595432508,samples
GSE117470,0.0036040779743125684,-0.06630551098095241,samples
GSE68921,0.0036040777365752416,-0.06630560614606149,samples
GSE59547,0.0036040771928842964,-0.06630582378295691,samples
GSE65636,0.003604076522947683,-0.06630609195543717,samples
GSE40969,0.0036040764173296746,-0.06630613423383443,samples
GSE74961,0.003604076364732104,-0.06630615528839771,samples
GSE42120,0.003604076274944184,-0.06630619123008583,samples
GSE80623,0.0036040761340522514,-0.06630624762847498,samples
GSE67750,0.003604076126286145,-0.06630625073721154,samples
GSE62040,0.003604075582972368,-0.0663064682232256,samples
GSE81329,0.003604075081807714,-0.06630666883716796,samples
GSE99670,0.0036040749495075837,-0.06630672179631585,samples
GSE90961,0.0036040749272865354,-0.06630673069130176,samples
GSE31223,0.003604074895581394,-0.06630674338272793,samples
GSE54651,0.0036040746534242584,-0.06630684031714808,samples
GSE69751,0.0036040745848045807,-0.06630686778529984,samples
GSE41082,0.0036040745495748328,-0.06630688188761143,samples
GSE95428,0.003604073781461167,-0.06630718936013434,samples
GSE83876,0.0036040735855928257,-0.06630726776538073,samples
GSE85462,0.0036040734000945627,-0.06630734201953356,samples
GSE90827,0.003604072687154306,-0.0663076274064722,samples
GSE58116,0.003604072603076883,-0.06630766106230912,samples
GSE55480,0.0036040724596869797,-0.06630771846068294,samples
GSE65348,0.003604072270326391,-0.06630779426093188,samples
GSE86187,0.003604071146511306,-0.06630824411947556,samples
GSE85891,0.0036040699110869586,-0.06630873865490848,samples
GSE81466,0.003604069884243835,-0.06630874940010552,samples
GSE58283,0.0036040698402655656,-0.06630876700443451,samples
GSE69654,0.003604069398862158,-0.06630894369650059,samples
GSE42100,0.003604069358500277,-0.06630895985320542,samples
GSE72343,0.003604069282566248,-0.06630899024930431,samples
GSE65873,0.003604068934389803,-0.06630912962299963,samples
GSE66345,0.003604068465254269,-0.06630931741617592,samples
GSE54795,0.0036040683638000697,-0.0663093580279106,samples
GSE87550,0.0036040680040183917,-0.06630950204717326,samples
GSE75858,0.0036040674874373933,-0.06630970883264384,samples
GSE100961,0.003604067469116938,-0.0663097161662552,samples
GSE50554,0.003604067461837948,-0.0663097190800083,samples
GSE108069,0.003604067045249925,-0.06630988583868185,samples
GSE74274,0.0036040670438156155,-0.06630988641283084,samples
GSE74381,0.003604066959893892,-0.06630992000639441,samples
GSE86840,0.0036040664419720774,-0.06631012732864892,samples
GSE85855,0.003604066373212176,-0.06631015485299434,samples
GSE105051,0.0036040663531232663,-0.06631016289451391,samples
GSE63813,0.0036040659997182392,-0.06631030436130594,samples
GSE35350,0.003604065901558085,-0.06631034365447346,samples
GSE85266,0.003604065794152048,-0.06631038664873722,samples
GSE71773,0.0036040656503879397,-0.0663104441970123,samples
GSE98844,0.0036040654344713825,-0.06631053062766752,samples
GSE76190,0.0036040651032086166,-0.0663106632310235,samples
GSE81555,0.003604064848778274,-0.06631076507863058,samples
GSE43028,0.0036040644971025164,-0.0663109058532608,samples
GSE93412,0.003604064316231341,-0.06631097825539291,samples
GSE59285,0.0036040631334729022,-0.06631145170976693,samples
GSE94543,0.0036040631223526825,-0.0663114561611556,samples
GSE74534,0.003604062822830319,-0.06631157605901294,samples
GSE69314,0.003604062809791739,-0.06631158127831556,samples
GSE72403,0.0036040626336628434,-0.06631165178216201,samples
GSE89952,0.0036040625441701372,-0.06631168760581375,samples
GSE68315,0.0036040622948954847,-0.06631178738968642,samples
GSE56473,0.0036040616961227905,-0.06631202707657227,samples
GSE55113,0.003604061579172896,-0.06631207389126358,samples
GSE87862,0.0036040611479454584,-0.06631224651032377,samples
GSE108184,0.003604060775124557,-0.0663123957494381,samples
GSE84874,0.003604060562473733,-0.06631248087294667,samples
GSE103822,0.0036040605006000224,-0.06631250564081455,samples
GSE65976,0.0036040604544767003,-0.0663125241038478,samples
GSE95102,0.0036040603445638593,-0.06631256810164284,samples
GSE77472,0.003604059916234215,-0.06631273956078373,samples
GSE56636,0.0036040596531614903,-0.06631284486805882,samples
GSE86112,0.003604059614700894,-0.06631286026372842,samples
GSE83483,0.003604059558566897,-0.06631288273401158,samples
GSE29690,0.0036040590231221,-0.06631309707109405,samples
GSE65344,0.003604058836591399,-0.06631317173882899,samples
GSE105158,0.00360405879055521,-0.06631319016699157,samples
GSE84861,0.003604058296934077,-0.0663133877622171,samples
GSE84942,0.0036040567041429575,-0.06631402535244671,samples
GSE63143,0.003604056698967696,-0.06631402742409116,samples
GSE77494,0.0036040566515368644,-0.06631404641053663,samples
GSE94098,0.0036040563322737953,-0.06631417421076594,samples
GSE97027,0.003604056109209115,-0.0663142635030214,samples
GSE84208,0.0036040560186889553,-0.06631429973802522,samples
GSE84160,0.00360405556733827,-0.06631448041264101,samples
GSE60545,0.0036040554893470578,-0.0663145116323416,samples
GSE101748,0.003604055329352869,-0.06631457567764523,samples
GSE65950,0.0036040551971908844,-0.06631462858178397,samples
GSE73536,0.0036040548033444194,-0.06631478623763043,samples
GSE59383,0.0036040547187856154,-0.06631482008633009,samples
GSE94814,0.0036040542877016023,-0.06631499264830652,samples
GSE71028,0.0036040539859108086,-0.06631511345450554,samples
GSE64391,0.003604053748846032,-0.06631520835102768,samples
GSE101537,0.0036040533854223306,-0.0663153538287687,samples
GSE66965,0.0036040531773247424,-0.06631543712980092,samples
GSE98585,0.0036040531675312418,-0.06631544105011898,samples
GSE62535,0.0036040530365365805,-0.06631549348701234,samples
GSE93918,0.003604052939207759,-0.06631553244754064,samples
GSE90573,0.003604052929088036,-0.066315536498445,samples
GSE102365,0.00360405289003617,-0.06631555213082749,samples
GSE36639,0.003604052865720629,-0.0663155618642892,samples
GSE61851,0.003604052678797503,-0.06631563668923879,samples
GSE79551,0.0036040520145405783,-0.06631590258997459,samples
GSE30943,0.0036040520004936402,-0.06631590821293669,samples
GSE63412,0.0036040518964667724,-0.06631594985469125,samples
GSE92894,0.003604051720949039,-0.0663160201141041,samples
GSE67634,0.003604051702161554,-0.06631602763469834,samples
GSE75580,0.0036040515134306487,-0.0663161031833228,samples
GSE68150,0.003604050964264079,-0.06631632301368429,samples
GSE75576,0.0036040508797684848,-0.06631635683711723,samples
GSE41538,0.003604050713666249,-0.06631642332754303,samples
GSE66679,0.0036040504326147545,-0.0663165358319569,samples
GSE40190,0.0036040503235973166,-0.06631657947144594,samples
GSE90024,0.0036040499856741636,-0.06631671474149946,samples
GSE62684,0.003604049916615929,-0.06631674238539284,samples
GSE86927,0.003604049665554189,-0.06631684288498307,samples
GSE63748,0.0036040496439374735,-0.0663168515381181,samples
GSE65808,0.0036040495058324356,-0.06631690682133462,samples
GSE76026,0.0036040493033242683,-0.06631698788502052,samples
GSE55009,0.0036040486046873725,-0.06631726754825412,samples
GSE78273,0.0036040485651711307,-0.06631728336654426,samples
GSE78270,0.0036040485029734987,-0.06631730826416007,samples
GSE78272,0.003604048369714279,-0.06631736160762053,samples
GSE78274,0.0036040482531397248,-0.06631740827223674,samples
GSE67556,0.003604048130254625,-0.06631745746295627,samples
GSE89419,0.0036040480624696548,-0.06631748459717816,samples
GSE67169,0.0036040478198342708,-0.06631758172376218,samples
GSE76752,0.0036040476596885715,-0.06631764582985142,samples
GSE104777,0.0036040476189189707,-0.06631766214986343,samples
GSE74889,0.0036040475640124734,-0.06631768412885496,samples
GSE64824,0.0036040474465912093,-0.06631773113241828,samples
GSE99412,0.0036040471709359685,-0.0663178414768215,samples
GSE76291,0.0036040469728063694,-0.06631792078782504,samples
GSE102992,0.003604046958492327,-0.06631792651771644,samples
GSE97013,0.003604046662366767,-0.06631804505637577,samples
GSE62669,0.0036040465870707025,-0.06631807519728965,samples
GSE94949,0.003604046369638169,-0.06631816223524525,samples
GSE65887,0.0036040461825554765,-0.06631823712420404,samples
GSE70471,0.0036040460459033086,-0.06631829182589176,samples
GSE84137,0.0036040457309565134,-0.06631841789869802,samples
GSE64684,0.0036040456695307027,-0.06631844248737419,samples
GSE65658,0.0036040454303303522,-0.06631853823898295,samples
GSE67009,0.003604045424636258,-0.06631854051832202,samples
GSE72726,0.0036040453072079728,-0.06631858752472383,samples
GSE90731,0.0036040447808051556,-0.06631879824315959,samples
GSE102788,0.003604044780143988,-0.06631879850782421,samples
GSE89603,0.003604044531074484,-0.06631889821006776,samples
GSE94263,0.0036040441522077337,-0.06631904987001706,samples
GSE94264,0.0036040440633121414,-0.06631908545482858,samples
GSE65207,0.003604043511729494,-0.06631930625279787,samples
GSE57745,0.00360404338849455,-0.0663193555836246,samples
GSE86315,0.0036040432643733022,-0.06631940526923949,samples
GSE79095,0.0036040432542020643,-0.0663194093407762,samples
GSE98082,0.003604043247390629,-0.066319412067387,samples
GSE52261,0.003604042962602496,-0.0663195260678071,samples
GSE75477,0.0036040425254985644,-0.06631970104011423,samples
GSE33252,0.0036040425046741814,-0.0663197093760965,samples
GSE84786,0.0036040423024484985,-0.0663197903268615,samples
GSE97718,0.0036040421898354135,-0.06631983540578346,samples
GSE89622,0.003604042159135776,-0.06631984769482238,samples
GSE96685,0.00360404193293852,-0.06631993824139643,samples
GSE74517,0.0036040419120814352,-0.06631994659047037,samples
GSE97261,0.003604041901773381,-0.06631995071677624,samples
GSE72590,0.0036040418141020107,-0.06631998581155472,samples
GSE95782,0.003604041810240498,-0.0663199873573152,samples
GSE43366,0.0036040417238965942,-0.0663200219207108,samples
GSE87386,0.0036040414362555236,-0.06632013706320766,samples
GSE75000,0.0036040413840670643,-0.06632015795420836,samples
GSE95260,0.0036040412837913707,-0.06632019809449316,samples
GSE44402,0.003604041113283684,-0.06632026634859477,samples
GSE101925,0.00360404080917901,-0.06632038808148008,samples
GSE66547,0.003604040619073774,-0.06632046418047643,samples
GSE23619,0.0036040404573231756,-0.06632052892913397,samples
GSE65179,0.003604040180872057,-0.06632063959234041,samples
GSE95688,0.003604040022121331,-0.06632070314015852,samples
GSE54952,0.003604039981998757,-0.06632071920120089,samples
GSE57423,0.003604039786550726,-0.06632079743893245,samples
GSE61891,0.00360403962693798,-0.06632086133182358,samples
GSE49109,0.003604039593179257,-0.06632087484542162,samples
GSE80346,0.0036040395085556857,-0.06632090872019036,samples
GSE58732,0.003604039420074781,-0.06632094413904868,samples
GSE61890,0.00360403941097131,-0.06632094778316323,samples
GSE86235,0.003604039251577127,-0.06632101158857033,samples
GSE97618,0.0036040392465236304,-0.06632101361148247,samples
GSE34274,0.0036040391812399925,-0.066321039744489,samples
GSE57419,0.003604039139500878,-0.06632105645263527,samples
GSE53782,0.0036040389949071323,-0.06632111433343957,samples
GSE96539,0.0036040389936201657,-0.06632111484861174,samples
GSE102623,0.0036040388577119314,-0.06632116925261229,samples
GSE102624,0.0036040386810021322,-0.06632123998946253,samples
GSE119498,0.0036040385873490643,-0.06632127747874349,samples
GSE103390,0.0036040384881906727,-0.06632131717180391,samples
GSE101826,0.003604038315377208,-0.06632138634896052,samples
GSE80707,0.0036040381887716606,-0.06632143702910931,samples
GSE100983,0.0036040381389138326,-0.06632145698717805,samples
GSE94597,0.0036040380832110985,-0.0663214792849607,samples
GSE100674,0.0036040380726860646,-0.06632148349812758,samples
GSE89771,0.0036040380389573724,-0.0663214969997101,samples
GSE77262,0.003604037722400032,-0.06632162371749716,samples
GSE81193,0.003604037611145673,-0.06632166825257896,samples
GSE66686,0.0036040375808611747,-0.06632168037545341,samples
GSE93293,0.0036040375246209656,-0.06632170288839054,samples
GSE75951,0.003604037473224045,-0.06632172346256121,samples
GSE32190,0.0036040373377320615,-0.06632177769995969,samples
GSE51685,0.0036040372126771485,-0.06632182775940378,samples
GSE73352,0.003604036733588511,-0.06632201953845801,samples
GSE58239,0.003604036717436013,-0.06632202600429901,samples
GSE90809,0.0036040367144716486,-0.06632202719093329,samples
GSE96938,0.0036040366613164405,-0.06632204846895064,samples
GSE92364,0.0036040366294275523,-0.06632206123406524,samples
GSE85597,0.0036040365291957477,-0.06632210135683442,samples
GSE102415,0.0036040364414688347,-0.06632213647389906,samples
GSE60731,0.003604035874099009,-0.06632236359194066,samples
GSE90891,0.0036040357901615493,-0.06632239719209398,samples
GSE71527,0.003604035767752567,-0.06632240616240666,samples
GSE52854,0.0036040354584478216,-0.0663225299770606,samples
GSE102204,0.003604035371001546,-0.06632256498179649,samples
GSE84078,0.003604035356850835,-0.06632257064632495,samples
GSE80312,0.003604035259209362,-0.0663226097321987,samples
GSE76288,0.003604035173135356,-0.06632264418761709,samples
GSE86400,0.0036040350942049735,-0.06632267578344435,samples
GSE89834,0.0036040350703496426,-0.06632268533273206,samples
GSE77798,0.003604034764023583,-0.06632280795504199,samples
GSE93380,0.0036040347180144186,-0.06632282637250975,samples
GSE91081,0.003604034689980712,-0.06632283759440193,samples
GSE111778,0.0036040345899873583,-0.06632287762174084,samples
GSE87027,0.0036040345805203712,-0.06632288141137571,samples
GSE33473,0.003604034355602989,-0.06632297144580643,samples
GSE61613,0.003604033861424003,-0.06632316926568045,samples
GSE58523,0.003604033482558568,-0.06632332092555197,samples
GSE52023,0.0036040333626490353,-0.06632336892535341,samples
GSE74679,0.0036040332239905097,-0.06632342443038086,samples
GSE81940,0.0036040331865564504,-0.06632343941524063,samples
GSE88959,0.0036040331775565315,-0.06632344301790946,samples
GSE97996,0.0036040331144453477,-0.06632346828132635,samples
GSE58455,0.0036040330280894166,-0.06632350284962005,samples
GSE71159,0.003604032942340754,-0.06632353717482471,samples
GSE76261,0.0036040328985808808,-0.0663235546919102,samples
GSE76205,0.0036040326335492726,-0.06632366078411617,samples
GSE90854,0.0036040324975297987,-0.06632371523274203,samples
GSE67786,0.0036040324104928854,-0.06632375007363886,samples
GSE38497,0.0036040319627165004,-0.0663239293186446,samples
GSE90855,0.0036040319404912853,-0.06632393821540479,samples
GSE98831,0.0036040317040107075,-0.06632403287865238,samples
GSE70304,0.003604031656539222,-0.06632405188150327,samples
GSE65929,0.0036040315371502997,-0.06632409967292835,samples
GSE92425,0.0036040315055777135,-0.06632411231144525,samples
GSE35213,0.003604031335106896,-0.06632418055097336,samples
GSE73787,0.0036040313050921943,-0.06632419256586936,samples
GSE81115,0.003604031100046317,-0.06632427464581081,samples
GSE109544,0.003604031046061931,-0.0663242962557815,samples
GSE83251,0.0036040309465251133,-0.06632433610040923,samples
GSE70883,0.00360403092107928,-0.0663243462863866,samples
GSE77703,0.0036040309143100554,-0.06632434899610995,samples
GSE86442,0.003604030897087125,-0.06632435589045602,samples
GSE108044,0.003604030878394648,-0.06632436337306219,samples
GSE31839,0.003604030863656637,-0.06632436927269415,samples
GSE50927,0.003604030774845513,-0.06632440482382401,samples
GSE67541,0.003604030596595434,-0.06632447617740776,samples
GSE93381,0.003604030570938418,-0.0663244864479227,samples
GSE90962,0.0036040304513550365,-0.06632453431720425,samples
GSE83240,0.003604030049520626,-0.06632469517171172,samples
GSE83940,0.003604029984201381,-0.06632472131903865,samples
GSE93379,0.0036040296944479227,-0.06632483730750038,samples
GSE81117,0.003604029394454226,-0.06632495739514478,samples
GSE48808,0.003604029326568887,-0.06632498456968541,samples
GSE106365,0.0036040292687515196,-0.06632500771401142,samples
GSE104365,0.00360402908198089,-0.06632508247840666,samples
GSE82255,0.00360402849185361,-0.06632531870673629,samples
GSE104461,0.0036040280382795414,-0.06632550027275384,samples
GSE41246,0.0036040280231186446,-0.06632550634167186,samples
GSE94059,0.003604027963263637,-0.06632553030167523,samples
GSE99307,0.003604027837824253,-0.06632558051515343,samples
GSE95168,0.0036040276993307588,-0.06632563595420406,samples
GSE99485,0.003604027559732504,-0.06632569183549324,samples
GSE89010,0.0036040269356871378,-0.06632594164136117,samples
GSE75615,0.003604026480412981,-0.06632612388800416,samples
GSE45893,0.0036040256986410455,-0.06632643683204675,samples
GSE98901,0.003604025366300225,-0.06632656986841111,samples
GSE71916,0.003604025186266476,-0.06632664193610677,samples
GSE81789,0.0036040242457962067,-0.06632701840738559,samples
GSE39918,0.0036040236866589346,-0.06632724223069444,samples
GSE80288,0.003604022145131138,-0.06632785930626782,samples
GSE81282,0.0036040219481101336,-0.06632793817405012,samples
GSE92891,0.0036040084973120636,-0.06633332255743153,
GSE92562,0.0036040084973120636,-0.06633332255743153,
GSE47926,0.0036040084973120636,-0.06633332255743153,
GSE47919,0.0036040084973120636,-0.06633332255743153,
GSE43718,0.0036040084973120636,-0.06633332255743153,
GSE47735,0.0036040084973120636,-0.06633332255743153,
GSE90533,0.0036040084973120636,-0.06633332255743153,
GSE90134,0.0036040084973120636,-0.06633332255743153,
GSE92589,0.0036040084973120636,-0.06633332255743153,
GSE90108,0.0036040084973120636,-0.06633332255743153,
GSE90097,0.0036040084973120636,-0.06633332255743153,
GSE90091,0.0036040084973120636,-0.06633332255743153,
GSE90883,0.0036040084973120636,-0.06633332255743153,
GSE90055,0.0036040084973120636,-0.06633332255743153,
GSE90615,0.0036040084973120636,-0.06633332255743153,
GSE47708,0.0036040084973120636,-0.06633332255743153,
GSE37379,0.0036040084973120636,-0.06633332255743153,
GSE40978,0.0036040084973120636,-0.06633332255743153,
GSE37236,0.0036040084973120636,-0.06633332255743153,
GSE89960,0.0036040084973120636,-0.06633332255743153,
GSE41285,0.0036040084973120636,-0.06633332255743153,
GSE41287,0.0036040084973120636,-0.06633332255743153,
GSE37228,0.0036040084973120636,-0.06633332255743153,
GSE43431,0.0036040084973120636,-0.06633332255743153,
GSE92965,0.0036040084973120636,-0.06633332255743153,
GSE43660,0.0036040084973120636,-0.06633332255743153,
GSE37685,0.0036040084973120636,-0.06633332255743153,
GSE92905,0.0036040084973120636,-0.06633332255743153,
GSE90652,0.0036040084973120636,-0.06633332255743153,
GSE43504,0.0036040084973120636,-0.06633332255743153,
GSE89945,0.0036040084973120636,-0.06633332255743153,
GSE43575,0.0036040084973120636,-0.06633332255743153,
GSE43617,0.0036040084973120636,-0.06633332255743153,
GSE89899,0.0036040084973120636,-0.06633332255743153,
GSE43631,0.0036040084973120636,-0.06633332255743153,
GSE92539,0.0036040084973120636,-0.06633332255743153,
GSE40652,0.0036040084973120636,-0.06633332255743153,
GSE92317,0.0036040084973120636,-0.06633332255743153,
GSE92301,0.0036040084973120636,-0.06633332255743153,
GSE92238,0.0036040084973120636,-0.06633332255743153,
GSE42704,0.0036040084973120636,-0.06633332255743153,
GSE42805,0.0036040084973120636,-0.06633332255743153,
GSE91402,0.0036040084973120636,-0.06633332255743153,
GSE41658,0.0036040084973120636,-0.06633332255743153,
GSE42852,0.0036040084973120636,-0.06633332255743153,
GSE90988,0.0036040084973120636,-0.06633332255743153,
GSE91398,0.0036040084973120636,-0.06633332255743153,
GSE91058,0.0036040084973120636,-0.06633332255743153,
GSE41937,0.0036040084973120636,-0.06633332255743153,
GSE40478,0.0036040084973120636,-0.06633332255743153,
GSE40436,0.0036040084973120636,-0.06633332255743153,
GSE41974,0.0036040084973120636,-0.06633332255743153,
GSE92641,0.0036040084973120636,-0.06633332255743153,
GSE43735,0.0036040084973120636,-0.06633332255743153,
GSE90969,0.0036040084973120636,-0.06633332255743153,
GSE90952,0.0036040084973120636,-0.06633332255743153,
GSE92457,0.0036040084973120636,-0.06633332255743153,
GSE90932,0.0036040084973120636,-0.06633332255743153,
GSE90894,0.0036040084973120636,-0.06633332255743153,
GSE92486,0.0036040084973120636,-0.06633332255743153,
GSE40350,0.0036040084973120636,-0.06633332255743153,
GSE90885,0.0036040084973120636,-0.06633332255743153,
GSE92441,0.0036040084973120636,-0.06633332255743153,
GSE42237,0.0036040084973120636,-0.06633332255743153,
GSE44229,0.0036040084973120636,-0.06633332255743153,
GSE41985,0.0036040084973120636,-0.06633332255743153,
GSE92522,0.0036040084973120636,-0.06633332255743153,
GSE44333,0.0036040084973120636,-0.06633332255743153,
GSE41979,0.0036040084973120636,-0.06633332255743153,
GSE90890,0.0036040084973120636,-0.06633332255743153,
GSE91067,0.0036040084973120636,-0.06633332255743153,
GSE90712,0.0036040084973120636,-0.06633332255743153,
GSE43041,0.0036040084973120636,-0.06633332255743153,
GSE43314,0.0036040084973120636,-0.06633332255743153,
GSE45048,0.0036040084973120636,-0.06633332255743153,
GSE45319,0.0036040084973120636,-0.06633332255743153,
GSE45338,0.0036040084973120636,-0.06633332255743153,
GSE42999,0.0036040084973120636,-0.06633332255743153,
GSE45358,0.0036040084973120636,-0.06633332255743153,
GSE45446,0.0036040084973120636,-0.06633332255743153,
GSE45568,0.0036040084973120636,-0.06633332255743153,
GSE42990,0.0036040084973120636,-0.06633332255743153,
GSE90461,0.0036040084973120636,-0.06633332255743153,
GSE90478,0.0036040084973120636,-0.06633332255743153,
GSE46807,0.0036040084973120636,-0.06633332255743153,
GSE42662,0.0036040084973120636,-0.06633332255743153,
GSE42629,0.0036040084973120636,-0.06633332255743153,
GSE92333,0.0036040084973120636,-0.06633332255743153,
GSE42443,0.0036040084973120636,-0.06633332255743153,
GSE42350,0.0036040084973120636,-0.06633332255743153,
GSE42339,0.0036040084973120636,-0.06633332255743153,
GSE92395,0.0036040084973120636,-0.06633332255743153,
GSE44942,0.0036040084973120636,-0.06633332255743153,
GSE42912,0.0036040084973120636,-0.06633332255743153,
GSE41545,0.0036040084973120636,-0.06633332255743153,
GSE42878,0.0036040084973120636,-0.06633332255743153,
GSE44733,0.0036040084973120636,-0.06633332255743153,
GSE44668,0.0036040084973120636,-0.06633332255743153,
GSE44665,0.0036040084973120636,-0.06633332255743153,
GSE44366,0.0036040084973120636,-0.06633332255743153,
GSE44654,0.0036040084973120636,-0.06633332255743153,
GSE44573,0.0036040084973120636,-0.06633332255743153,
GSE44775,0.0036040084973120636,-0.06633332255743153,
GSE54133,0.0036040084973120636,-0.06633332255743153,
GSE54124,0.0036040084973120636,-0.06633332255743153,
GSE54113,0.0036040084973120636,-0.06633332255743153,
GSE54098,0.0036040084973120636,-0.06633332255743153,
GSE53794,0.0036040084973120636,-0.06633332255743153,
GSE53743,0.0036040084973120636,-0.06633332255743153,
GSE53627,0.0036040084973120636,-0.06633332255743153,
GSE87542,0.0036040084973120636,-0.06633332255743153,
GSE87531,0.0036040084973120636,-0.06633332255743153,
GSE87519,0.0036040084973120636,-0.06633332255743153,
GSE87512,0.0036040084973120636,-0.06633332255743153,
GSE92602,0.0036040084973120636,-0.06633332255743153,
GSE87504,0.0036040084973120636,-0.06633332255743153,
GSE87464,0.0036040084973120636,-0.06633332255743153,
GSE54226,0.0036040084973120636,-0.06633332255743153,
GSE87694,0.0036040084973120636,-0.06633332255743153,
GSE87644,0.0036040084973120636,-0.06633332255743153,
GSE87635,0.0036040084973120636,-0.06633332255743153,
GSE87632,0.0036040084973120636,-0.06633332255743153,
GSE87586,0.0036040084973120636,-0.06633332255743153,
GSE87578,0.0036040084973120636,-0.06633332255743153,
GSE87565,0.0036040084973120636,-0.06633332255743153,
GSE53105,0.0036040084973120636,-0.06633332255743153,
GSE53053,0.0036040084973120636,-0.06633332255743153,
GSE87511,0.0036040084973120636,-0.06633332255743153,
GSE53297,0.0036040084973120636,-0.06633332255743153,
GSE53218,0.0036040084973120636,-0.06633332255743153,
GSE53212,0.0036040084973120636,-0.06633332255743153,
GSE53207,0.0036040084973120636,-0.06633332255743153,
GSE53110,0.0036040084973120636,-0.06633332255743153,
GSE52313,0.0036040084973120636,-0.06633332255743153,
GSE52234,0.0036040084973120636,-0.06633332255743153,
GSE52123,0.0036040084973120636,-0.06633332255743153,
GSE52080,0.0036040084973120636,-0.06633332255743153,
GSE52069,0.0036040084973120636,-0.06633332255743153,
GSE52038,0.0036040084973120636,-0.06633332255743153,
GSE87824,0.0036040084973120636,-0.06633332255743153,
GSE88706,0.0036040084973120636,-0.06633332255743153,
GSE87808,0.0036040084973120636,-0.06633332255743153,
GSE52514,0.0036040084973120636,-0.06633332255743153,
GSE52464,0.0036040084973120636,-0.06633332255743153,
GSE52405,0.0036040084973120636,-0.06633332255743153,
GSE52320,0.0036040084973120636,-0.06633332255743153,
GSE88905,0.0036040084973120636,-0.06633332255743153,
GSE88840,0.0036040084973120636,-0.06633332255743153,
GSE88818,0.0036040084973120636,-0.06633332255743153,
GSE88791,0.0036040084973120636,-0.06633332255743153,
GSE88764,0.0036040084973120636,-0.06633332255743153,
GSE88732,0.0036040084973120636,-0.06633332255743153,
GSE88709,0.0036040084973120636,-0.06633332255743153,
GSE87821,0.0036040084973120636,-0.06633332255743153,
GSE87388,0.0036040084973120636,-0.06633332255743153,
GSE87354,0.0036040084973120636,-0.06633332255743153,
GSE87321,0.0036040084973120636,-0.06633332255743153,
GSE87299,0.0036040084973120636,-0.06633332255743153,
GSE87293,0.0036040084973120636,-0.06633332255743153,
GSE55633,0.0036040084973120636,-0.06633332255743153,
GSE55590,0.0036040084973120636,-0.06633332255743153,
GSE55581,0.0036040084973120636,-0.06633332255743153,
GSE55377,0.0036040084973120636,-0.06633332255743153,
GSE55376,0.0036040084973120636,-0.06633332255743153,
GSE55190,0.0036040084973120636,-0.06633332255743153,
GSE56890,0.0036040084973120636,-0.06633332255743153,
GSE53018,0.0036040084973120636,-0.06633332255743153,
GSE55790,0.0036040084973120636,-0.06633332255743153,
GSE55788,0.0036040084973120636,-0.06633332255743153,
GSE55782,0.0036040084973120636,-0.06633332255743153,
GSE55776,0.0036040084973120636,-0.06633332255743153,
GSE55754,0.0036040084973120636,-0.06633332255743153,
GSE55744,0.0036040084973120636,-0.06633332255743153,
GSE55735,0.0036040084973120636,-0.06633332255743153,
GSE55682,0.0036040084973120636,-0.06633332255743153,
GSE86780,0.0036040084973120636,-0.06633332255743153,
GSE86631,0.0036040084973120636,-0.06633332255743153,
GSE86623,0.0036040084973120636,-0.06633332255743153,
GSE86609,0.0036040084973120636,-0.06633332255743153,
GSE56872,0.0036040084973120636,-0.06633332255743153,
GSE52974,0.0036040084973120636,-0.06633332255743153,
GSE52868,0.0036040084973120636,-0.06633332255743153,
GSE87758,0.0036040084973120636,-0.06633332255743153,
GSE87743,0.0036040084973120636,-0.06633332255743153,
GSE54794,0.0036040084973120636,-0.06633332255743153,
GSE54697,0.0036040084973120636,-0.06633332255743153,
GSE54619,0.0036040084973120636,-0.06633332255743153,
GSE54588,0.0036040084973120636,-0.06633332255743153,
GSE54569,0.0036040084973120636,-0.06633332255743153,
GSE54561,0.0036040084973120636,-0.06633332255743153,
GSE54549,0.0036040084973120636,-0.06633332255743153,
GSE54473,0.0036040084973120636,-0.06633332255743153,
GSE53528,0.0036040084973120636,-0.06633332255743153,
GSE55060,0.0036040084973120636,-0.06633332255743153,
GSE54982,0.0036040084973120636,-0.06633332255743153,
GSE54877,0.0036040084973120636,-0.06633332255743153,
GSE54826,0.0036040084973120636,-0.06633332255743153,
GSE87202,0.0036040084973120636,-0.06633332255743153,
GSE87127,0.0036040084973120636,-0.06633332255743153,
GSE87119,0.0036040084973120636,-0.06633332255743153,
GSE87104,0.0036040084973120636,-0.06633332255743153,
GSE87084,0.0036040084973120636,-0.06633332255743153,
GSE55180,0.0036040084973120636,-0.06633332255743153,
GSE55163,0.0036040084973120636,-0.06633332255743153,
GSE53545,0.0036040084973120636,-0.06633332255743153,
GSE55090,0.0036040084973120636,-0.06633332255743153,
GSE89762,0.0036040084973120636,-0.06633332255743153,
GSE89734,0.0036040084973120636,-0.06633332255743153,
GSE89732,0.0036040084973120636,-0.06633332255743153,
GSE89712,0.0036040084973120636,-0.06633332255743153,
GSE89660,0.0036040084973120636,-0.06633332255743153,
GSE47089,0.0036040084973120636,-0.06633332255743153,
GSE47033,0.0036040084973120636,-0.06633332255743153,
GSE46980,0.0036040084973120636,-0.06633332255743153,
GSE46953,0.0036040084973120636,-0.06633332255743153,
GSE89823,0.0036040084973120636,-0.06633332255743153,
GSE89817,0.0036040084973120636,-0.06633332255743153,
GSE89806,0.0036040084973120636,-0.06633332255743153,
GSE53489,0.0036040084973120636,-0.06633332255743153,
GSE47540,0.0036040084973120636,-0.06633332255743153,
GSE47536,0.0036040084973120636,-0.06633332255743153,
GSE47496,0.0036040084973120636,-0.06633332255743153,
GSE47494,0.0036040084973120636,-0.06633332255743153,
GSE47484,0.0036040084973120636,-0.06633332255743153,
GSE47442,0.0036040084973120636,-0.06633332255743153,
GSE47370,0.0036040084973120636,-0.06633332255743153,
GSE50068,0.0036040084973120636,-0.06633332255743153,
GSE50050,0.0036040084973120636,-0.06633332255743153,
GSE49843,0.0036040084973120636,-0.06633332255743153,
GSE49622,0.0036040084973120636,-0.06633332255743153,
GSE49571,0.0036040084973120636,-0.06633332255743153,
GSE47703,0.0036040084973120636,-0.06633332255743153,
GSE90019,0.0036040084973120636,-0.06633332255743153,
GSE89984,0.0036040084973120636,-0.06633332255743153,
GSE45914,0.0036040084973120636,-0.06633332255743153,
GSE45909,0.0036040084973120636,-0.06633332255743153,
GSE45888,0.0036040084973120636,-0.06633332255743153,
GSE45703,0.0036040084973120636,-0.06633332255743153,
GSE45597,0.0036040084973120636,-0.06633332255743153,
GSE90148,0.0036040084973120636,-0.06633332255743153,
GSE90136,0.0036040084973120636,-0.06633332255743153,
GSE46730,0.0036040084973120636,-0.06633332255743153,
GSE46494,0.0036040084973120636,-0.06633332255743153,
GSE46433,0.0036040084973120636,-0.06633332255743153,
GSE89764,0.0036040084973120636,-0.06633332255743153,
GSE46340,0.0036040084973120636,-0.06633332255743153,
GSE46213,0.0036040084973120636,-0.06633332255743153,
GSE46038,0.0036040084973120636,-0.06633332255743153,
GSE45930,0.0036040084973120636,-0.06633332255743153,
GSE89640,0.0036040084973120636,-0.06633332255743153,
GSE89627,0.0036040084973120636,-0.06633332255743153,
GSE89620,0.0036040084973120636,-0.06633332255743153,
GSE48966,0.0036040084973120636,-0.06633332255743153,
GSE48965,0.0036040084973120636,-0.06633332255743153,
GSE48962,0.0036040084973120636,-0.06633332255743153,
GSE48878,0.0036040084973120636,-0.06633332255743153,
GSE89801,0.0036040084973120636,-0.06633332255743153,
GSE46363,0.0036040084973120636,-0.06633332255743153,
GSE50708,0.0036040084973120636,-0.06633332255743153,
GSE50590,0.0036040084973120636,-0.06633332255743153,
GSE50566,0.0036040084973120636,-0.06633332255743153,
GSE50198,0.0036040084973120636,-0.06633332255743153,
GSE88949,0.0036040084973120636,-0.06633332255743153,
GSE88908,0.0036040084973120636,-0.06633332255743153,
GSE51006,0.0036040084973120636,-0.06633332255743153,
GSE50983,0.0036040084973120636,-0.06633332255743153,
GSE50896,0.0036040084973120636,-0.06633332255743153,
GSE89184,0.0036040084973120636,-0.06633332255743153,
GSE89171,0.0036040084973120636,-0.06633332255743153,
GSE89108,0.0036040084973120636,-0.06633332255743153,
GSE49449,0.0036040084973120636,-0.06633332255743153,
GSE89055,0.0036040084973120636,-0.06633332255743153,
GSE89032,0.0036040084973120636,-0.06633332255743153,
GSE88967,0.0036040084973120636,-0.06633332255743153,
GSE49313,0.0036040084973120636,-0.06633332255743153,
GSE49027,0.0036040084973120636,-0.06633332255743153,
GSE49023,0.0036040084973120636,-0.06633332255743153,
GSE48974,0.0036040084973120636,-0.06633332255743153,
GSE48968,0.0036040084973120636,-0.06633332255743153,
GSE89261,0.0036040084973120636,-0.06633332255743153,
GSE89196,0.0036040084973120636,-0.06633332255743153,
GSE52016,0.0036040084973120636,-0.06633332255743153,
GSE51735,0.0036040084973120636,-0.06633332255743153,
GSE89069,0.0036040084973120636,-0.06633332255743153,
GSE49434,0.0036040084973120636,-0.06633332255743153,
GSE49433,0.0036040084973120636,-0.06633332255743153,
GSE89460,0.0036040084973120636,-0.06633332255743153,
GSE89454,0.0036040084973120636,-0.06633332255743153,
GSE89430,0.0036040084973120636,-0.06633332255743153,
GSE89364,0.0036040084973120636,-0.06633332255743153,
GSE89314,0.0036040084973120636,-0.06633332255743153,
GSE89307,0.0036040084973120636,-0.06633332255743153,
GSE89272,0.0036040084973120636,-0.06633332255743153,
GSE89585,0.0036040084973120636,-0.06633332255743153,
GSE89574,0.0036040084973120636,-0.06633332255743153,
GSE89572,0.0036040084973120636,-0.06633332255743153,
GSE50763,0.0036040084973120636,-0.06633332255743153,
GSE89520,0.0036040084973120636,-0.06633332255743153,
GSE89505,0.0036040084973120636,-0.06633332255743153,
GSE89500,0.0036040084973120636,-0.06633332255743153,
GSE48763,0.0036040084973120636,-0.06633332255743153,
GSE48654,0.0036040084973120636,-0.06633332255743153,
GSE48519,0.0036040084973120636,-0.06633332255743153,
GSE48480,0.0036040084973120636,-0.06633332255743153,
GSE48387,0.0036040084973120636,-0.06633332255743153,
GSE48364,0.0036040084973120636,-0.06633332255743153,
GSE47954,0.0036040084973120636,-0.06633332255743153,
GSE50856,0.0036040084973120636,-0.06633332255743153,
GSE50809,0.0036040084973120636,-0.06633332255743153,
GSE89532,0.0036040084973120636,-0.06633332255743153,
GSE97914,0.0036040084973120636,-0.06633332255743153,
GSE97891,0.0036040084973120636,-0.06633332255743153,
GSE104138,0.0036040084973120636,-0.06633332255743153,
GSE104086,0.0036040084973120636,-0.06633332255743153,
GSE104065,0.0036040084973120636,-0.06633332255743153,
GSE104064,0.0036040084973120636,-0.06633332255743153,
GSE103949,0.0036040084973120636,-0.06633332255743153,
GSE103933,0.0036040084973120636,-0.06633332255743153,
GSE103903,0.0036040084973120636,-0.06633332255743153,
GSE103901,0.0036040084973120636,-0.06633332255743153,
GSE97195,0.0036040084973120636,-0.06633332255743153,
GSE97181,0.0036040084973120636,-0.06633332255743153,
GSE93702,0.0036040084973120636,-0.06633332255743153,
GSE97115,0.0036040084973120636,-0.06633332255743153,
GSE97078,0.0036040084973120636,-0.06633332255743153,
GSE97077,0.0036040084973120636,-0.06633332255743153,
GSE104236,0.0036040084973120636,-0.06633332255743153,
GSE104189,0.0036040084973120636,-0.06633332255743153,
GSE97389,0.0036040084973120636,-0.06633332255743153,
GSE97354,0.0036040084973120636,-0.06633332255743153,
GSE97353,0.0036040084973120636,-0.06633332255743153,
GSE97344,0.0036040084973120636,-0.06633332255743153,
GSE97321,0.0036040084973120636,-0.06633332255743153,
GSE97281,0.0036040084973120636,-0.06633332255743153,
GSE97196,0.0036040084973120636,-0.06633332255743153,
GSE97118,0.0036040084973120636,-0.06633332255743153,
GSE103261,0.0036040084973120636,-0.06633332255743153,
GSE103246,0.0036040084973120636,-0.06633332255743153,
GSE103194,0.0036040084973120636,-0.06633332255743153,
GSE103183,0.0036040084973120636,-0.06633332255743153,
GSE103162,0.0036040084973120636,-0.06633332255743153,
GSE103127,0.0036040084973120636,-0.06633332255743153,
GSE97571,0.0036040084973120636,-0.06633332255743153,
GSE97544,0.0036040084973120636,-0.06633332255743153,
GSE103670,0.0036040084973120636,-0.06633332255743153,
GSE103667,0.0036040084973120636,-0.06633332255743153,
GSE103583,0.0036040084973120636,-0.06633332255743153,
GSE103574,0.0036040084973120636,-0.06633332255743153,
GSE97939,0.0036040084973120636,-0.06633332255743153,
GSE103492,0.0036040084973120636,-0.06633332255743153,
GSE97875,0.0036040084973120636,-0.06633332255743153,
GSE97870,0.0036040084973120636,-0.06633332255743153,
GSE97804,0.0036040084973120636,-0.06633332255743153,
GSE97735,0.0036040084973120636,-0.06633332255743153,
GSE97732,0.0036040084973120636,-0.06633332255743153,
GSE97690,0.0036040084973120636,-0.06633332255743153,
GSE102562,0.0036040084973120636,-0.06633332255743153,
GSE102491,0.0036040084973120636,-0.06633332255743153,
GSE102454,0.0036040084973120636,-0.06633332255743153,
GSE102443,0.0036040084973120636,-0.06633332255743153,
GSE97993,0.0036040084973120636,-0.06633332255743153,
GSE103545,0.0036040084973120636,-0.06633332255743153,
GSE103799,0.0036040084973120636,-0.06633332255743153,
GSE103736,0.0036040084973120636,-0.06633332255743153,
GSE97037,0.0036040084973120636,-0.06633332255743153,
GSE97032,0.0036040084973120636,-0.06633332255743153,
GSE95859,0.0036040084973120636,-0.06633332255743153,
GSE95826,0.0036040084973120636,-0.06633332255743153,
GSE106259,0.0036040084973120636,-0.06633332255743153,
GSE106210,0.0036040084973120636,-0.06633332255743153,
GSE106161,0.0036040084973120636,-0.06633332255743153,
GSE106102,0.0036040084973120636,-0.06633332255743153,
GSE105471,0.0036040084973120636,-0.06633332255743153,
GSE105455,0.0036040084973120636,-0.06633332255743153,
GSE103126,0.0036040084973120636,-0.06633332255743153,
GSE96518,0.0036040084973120636,-0.06633332255743153,
GSE96103,0.0036040084973120636,-0.06633332255743153,
GSE96093,0.0036040084973120636,-0.06633332255743153,
GSE96086,0.0036040084973120636,-0.06633332255743153,
GSE96059,0.0036040084973120636,-0.06633332255743153,
GSE96055,0.0036040084973120636,-0.06633332255743153,
GSE96054,0.0036040084973120636,-0.06633332255743153,
GSE96644,0.0036040084973120636,-0.06633332255743153,
GSE96627,0.0036040084973120636,-0.06633332255743153,
GSE96626,0.0036040084973120636,-0.06633332255743153,
GSE96607,0.0036040084973120636,-0.06633332255743153,
GSE96561,0.0036040084973120636,-0.06633332255743153,
GSE96526,0.0036040084973120636,-0.06633332255743153,
GSE103086,0.0036040084973120636,-0.06633332255743153,
GSE102965,0.0036040084973120636,-0.06633332255743153,
GSE102903,0.0036040084973120636,-0.06633332255743153,
GSE102890,0.0036040084973120636,-0.06633332255743153,
GSE97445,0.0036040084973120636,-0.06633332255743153,
GSE97439,0.0036040084973120636,-0.06633332255743153,
GSE104734,0.0036040084973120636,-0.06633332255743153,
GSE104725,0.0036040084973120636,-0.06633332255743153,
GSE104708,0.0036040084973120636,-0.06633332255743153,
GSE104525,0.0036040084973120636,-0.06633332255743153,
GSE104508,0.0036040084973120636,-0.06633332255743153,
GSE104463,0.0036040084973120636,-0.06633332255743153,
GSE103847,0.0036040084973120636,-0.06633332255743153,
GSE96889,0.0036040084973120636,-0.06633332255743153,
GSE96766,0.0036040084973120636,-0.06633332255743153,
GSE96729,0.0036040084973120636,-0.06633332255743153,
GSE96700,0.0036040084973120636,-0.06633332255743153,
GSE96680,0.0036040084973120636,-0.06633332255743153,
GSE96972,0.0036040084973120636,-0.06633332255743153,
GSE96968,0.0036040084973120636,-0.06633332255743153,
GSE96966,0.0036040084973120636,-0.06633332255743153,
GSE96960,0.0036040084973120636,-0.06633332255743153,
GSE96957,0.0036040084973120636,-0.06633332255743153,
GSE96939,0.0036040084973120636,-0.06633332255743153,
GSE103880,0.0036040084973120636,-0.06633332255743153,
GSE103849,0.0036040084973120636,-0.06633332255743153,
GSE104453,0.0036040084973120636,-0.06633332255743153,
GSE101576,0.0036040084973120636,-0.06633332255743153,
GSE101552,0.0036040084973120636,-0.06633332255743153,
GSE101487,0.0036040084973120636,-0.06633332255743153,
GSE101815,0.0036040084973120636,-0.06633332255743153,
GSE101806,0.0036040084973120636,-0.06633332255743153,
GSE101772,0.0036040084973120636,-0.06633332255743153,
GSE101767,0.0036040084973120636,-0.06633332255743153,
GSE101657,0.0036040084973120636,-0.06633332255743153,
GSE101643,0.0036040084973120636,-0.06633332255743153,
GSE98877,0.0036040084973120636,-0.06633332255743153,
GSE98839,0.0036040084973120636,-0.06633332255743153,
GSE98802,0.0036040084973120636,-0.06633332255743153,
GSE103377,0.0036040084973120636,-0.06633332255743153,
GSE98778,0.0036040084973120636,-0.06633332255743153,
GSE98765,0.0036040084973120636,-0.06633332255743153,
GSE73836,0.0036040084973120636,-0.06633332255743153,
GSE100608,0.0036040084973120636,-0.06633332255743153,
GSE99121,0.0036040084973120636,-0.06633332255743153,
GSE99120,0.0036040084973120636,-0.06633332255743153,
GSE99112,0.0036040084973120636,-0.06633332255743153,
GSE99076,0.0036040084973120636,-0.06633332255743153,
GSE99049,0.0036040084973120636,-0.06633332255743153,
GSE98527,0.0036040084973120636,-0.06633332255743153,
GSE98507,0.0036040084973120636,-0.06633332255743153,
GSE98492,0.0036040084973120636,-0.06633332255743153,
GSE98782,0.0036040084973120636,-0.06633332255743153,
GSE100858,0.0036040084973120636,-0.06633332255743153,
GSE100820,0.0036040084973120636,-0.06633332255743153,
GSE100732,0.0036040084973120636,-0.06633332255743153,
GSE100727,0.0036040084973120636,-0.06633332255743153,
GSE100690,0.0036040084973120636,-0.06633332255743153,
GSE100686,0.0036040084973120636,-0.06633332255743153,
GSE99166,0.0036040084973120636,-0.06633332255743153,
GSE99164,0.0036040084973120636,-0.06633332255743153,
GSE101125,0.0036040084973120636,-0.06633332255743153,
GSE100964,0.0036040084973120636,-0.06633332255743153,
GSE100934,0.0036040084973120636,-0.06633332255743153,
GSE100888,0.0036040084973120636,-0.06633332255743153,
GSE101596,0.0036040084973120636,-0.06633332255743153,
GSE99409,0.0036040084973120636,-0.06633332255743153,
GSE99372,0.0036040084973120636,-0.06633332255743153,
GSE99296,0.0036040084973120636,-0.06633332255743153,
GSE99265,0.0036040084973120636,-0.06633332255743153,
GSE99250,0.0036040084973120636,-0.06633332255743153,
GSE100634,0.0036040084973120636,-0.06633332255743153,
GSE99622,0.0036040084973120636,-0.06633332255743153,
GSE99619,0.0036040084973120636,-0.06633332255743153,
GSE99588,0.0036040084973120636,-0.06633332255743153,
GSE99575,0.0036040084973120636,-0.06633332255743153,
GSE99516,0.0036040084973120636,-0.06633332255743153,
GSE99504,0.0036040084973120636,-0.06633332255743153,
GSE99440,0.0036040084973120636,-0.06633332255743153,
GSE102659,0.0036040084973120636,-0.06633332255743153,
GSE102642,0.0036040084973120636,-0.06633332255743153,
GSE102564,0.0036040084973120636,-0.06633332255743153,
GSE102563,0.0036040084973120636,-0.06633332255743153,
GSE102867,0.0036040084973120636,-0.06633332255743153,
GSE102856,0.0036040084973120636,-0.06633332255743153,
GSE102817,0.0036040084973120636,-0.06633332255743153,
GSE102808,0.0036040084973120636,-0.06633332255743153,
GSE102789,0.0036040084973120636,-0.06633332255743153,
GSE102783,0.0036040084973120636,-0.06633332255743153,
GSE102772,0.0036040084973120636,-0.06633332255743153,
GSE98158,0.0036040084973120636,-0.06633332255743153,
GSE98479,0.0036040084973120636,-0.06633332255743153,
GSE98140,0.0036040084973120636,-0.06633332255743153,
GSE98132,0.0036040084973120636,-0.06633332255743153,
GSE98086,0.0036040084973120636,-0.06633332255743153,
GSE98027,0.0036040084973120636,-0.06633332255743153,
GSE98401,0.0036040084973120636,-0.06633332255743153,
GSE98388,0.0036040084973120636,-0.06633332255743153,
GSE98387,0.0036040084973120636,-0.06633332255743153,
GSE98359,0.0036040084973120636,-0.06633332255743153,
GSE98356,0.0036040084973120636,-0.06633332255743153,
GSE98299,0.0036040084973120636,-0.06633332255743153,
GSE98232,0.0036040084973120636,-0.06633332255743153,
GSE98197,0.0036040084973120636,-0.06633332255743153,
GSE98142,0.0036040084973120636,-0.06633332255743153,
GSE98473,0.0036040084973120636,-0.06633332255743153,
GSE98468,0.0036040084973120636,-0.06633332255743153,
GSE98436,0.0036040084973120636,-0.06633332255743153,
GSE98423,0.0036040084973120636,-0.06633332255743153,
GSE98739,0.0036040084973120636,-0.06633332255743153,
GSE98725,0.0036040084973120636,-0.06633332255743153,
GSE98724,0.0036040084973120636,-0.06633332255743153,
GSE98690,0.0036040084973120636,-0.06633332255743153,
GSE98671,0.0036040084973120636,-0.06633332255743153,
GSE98668,0.0036040084973120636,-0.06633332255743153,
GSE98592,0.0036040084973120636,-0.06633332255743153,
GSE101986,0.0036040084973120636,-0.06633332255743153,
GSE102675,0.0036040084973120636,-0.06633332255743153,
GSE101902,0.0036040084973120636,-0.06633332255743153,
GSE101865,0.0036040084973120636,-0.06633332255743153,
GSE101859,0.0036040084973120636,-0.06633332255743153,
GSE101838,0.0036040084973120636,-0.06633332255743153,
GSE98759,0.0036040084973120636,-0.06633332255743153,
GSE102317,0.0036040084973120636,-0.06633332255743153,
GSE102269,0.0036040084973120636,-0.06633332255743153,
GSE102123,0.0036040084973120636,-0.06633332255743153,
GSE102020,0.0036040084973120636,-0.06633332255743153,
GSE102014,0.0036040084973120636,-0.06633332255743153,
GSE101995,0.0036040084973120636,-0.06633332255743153,
GSE101994,0.0036040084973120636,-0.06633332255743153,
GSE102768,0.0036040084973120636,-0.06633332255743153,
GSE101957,0.0036040084973120636,-0.06633332255743153,
GSE94132,0.0036040084973120636,-0.06633332255743153,
GSE94072,0.0036040084973120636,-0.06633332255743153,
GSE94018,0.0036040084973120636,-0.06633332255743153,
GSE27218,0.0036040084973120636,-0.06633332255743153,
GSE27201,0.0036040084973120636,-0.06633332255743153,
GSE27016,0.0036040084973120636,-0.06633332255743153,
GSE26337,0.0036040084973120636,-0.06633332255743153,
GSE26248,0.0036040084973120636,-0.06633332255743153,
GSE25626,0.0036040084973120636,-0.06633332255743153,
GSE25409,0.0036040084973120636,-0.06633332255743153,
GSE23943,0.0036040084973120636,-0.06633332255743153,
GSE93339,0.0036040084973120636,-0.06633332255743153,
GSE96552,0.0036040084973120636,-0.06633332255743153,
GSE93325,0.0036040084973120636,-0.06633332255743153,
GSE93319,0.0036040084973120636,-0.06633332255743153,
GSE36896,0.0036040084973120636,-0.06633332255743153,
GSE36892,0.0036040084973120636,-0.06633332255743153,
GSE93591,0.0036040084973120636,-0.06633332255743153,
GSE93585,0.0036040084973120636,-0.06633332255743153,
GSE93558,0.0036040084973120636,-0.06633332255743153,
GSE93524,0.0036040084973120636,-0.06633332255743153,
GSE93431,0.0036040084973120636,-0.06633332255743153,
GSE93394,0.0036040084973120636,-0.06633332255743153,
GSE31530,0.0036040084973120636,-0.06633332255743153,
GSE93729,0.0036040084973120636,-0.06633332255743153,
GSE93331,0.0036040084973120636,-0.06633332255743153,
GSE94546,0.0036040084973120636,-0.06633332255743153,
GSE94525,0.0036040084973120636,-0.06633332255743153,
GSE94482,0.0036040084973120636,-0.06633332255743153,
GSE94388,0.0036040084973120636,-0.06633332255743153,
GSE19066,0.0036040084973120636,-0.06633332255743153,
GSE120161,0.0036040084973120636,-0.06633332255743153,
GSE118898,0.0036040084973120636,-0.06633332255743153,
GSE117978,0.0036040084973120636,-0.06633332255743153,
GSE114997,0.0036040084973120636,-0.06633332255743153,
GSE109913,0.0036040084973120636,-0.06633332255743153,
GSE93796,0.0036040084973120636,-0.06633332255743153,
GSE93787,0.0036040084973120636,-0.06633332255743153,
GSE94144,0.0036040084973120636,-0.06633332255743153,
GSE34854,0.0036040084973120636,-0.06633332255743153,
GSE34030,0.0036040084973120636,-0.06633332255743153,
GSE33922,0.0036040084973120636,-0.06633332255743153,
GSE33920,0.0036040084973120636,-0.06633332255743153,
GSE93947,0.0036040084973120636,-0.06633332255743153,
GSE93909,0.0036040084973120636,-0.06633332255743153,
GSE93867,0.0036040084973120636,-0.06633332255743153,
GSE93866,0.0036040084973120636,-0.06633332255743153,
GSE93856,0.0036040084973120636,-0.06633332255743153,
GSE93824,0.0036040084973120636,-0.06633332255743153,
GSE93820,0.0036040084973120636,-0.06633332255743153,
GSE22131,0.0036040084973120636,-0.06633332255743153,
GSE93774,0.0036040084973120636,-0.06633332255743153,
GSE93202,0.0036040084973120636,-0.06633332255743153,
GSE36567,0.0036040084973120636,-0.06633332255743153,
GSE36232,0.0036040084973120636,-0.06633332255743153,
GSE36005,0.0036040084973120636,-0.06633332255743153,
GSE35724,0.0036040084973120636,-0.06633332255743153,
GSE35681,0.0036040084973120636,-0.06633332255743153,
GSE35626,0.0036040084973120636,-0.06633332255743153,
GSE35599,0.0036040084973120636,-0.06633332255743153,
GSE39652,0.0036040084973120636,-0.06633332255743153,
GSE39605,0.0036040084973120636,-0.06633332255743153,
GSE39406,0.0036040084973120636,-0.06633332255743153,
GSE39129,0.0036040084973120636,-0.06633332255743153,
GSE86568,0.0036040084973120636,-0.06633332255743153,
GSE38892,0.0036040084973120636,-0.06633332255743153,
GSE41903,0.0036040084973120636,-0.06633332255743153,
GSE41879,0.0036040084973120636,-0.06633332255743153,
GSE40171,0.0036040084973120636,-0.06633332255743153,
GSE39978,0.0036040084973120636,-0.06633332255743153,
GSE39866,0.0036040084973120636,-0.06633332255743153,
GSE39849,0.0036040084973120636,-0.06633332255743153,
GSE39812,0.0036040084973120636,-0.06633332255743153,
GSE39656,0.0036040084973120636,-0.06633332255743153,
GSE92762,0.0036040084973120636,-0.06633332255743153,
GSE92761,0.0036040084973120636,-0.06633332255743153,
GSE92721,0.0036040084973120636,-0.06633332255743153,
GSE39113,0.0036040084973120636,-0.06633332255743153,
GSE93682,0.0036040084973120636,-0.06633332255743153,
GSE93622,0.0036040084973120636,-0.06633332255743153,
GSE93604,0.0036040084973120636,-0.06633332255743153,
GSE33468,0.0036040084973120636,-0.06633332255743153,
GSE33060,0.0036040084973120636,-0.06633332255743153,
GSE32916,0.0036040084973120636,-0.06633332255743153,
GSE32110,0.0036040084973120636,-0.06633332255743153,
GSE31843,0.0036040084973120636,-0.06633332255743153,
GSE92999,0.0036040084973120636,-0.06633332255743153,
GSE38838,0.0036040084973120636,-0.06633332255743153,
GSE38371,0.0036040084973120636,-0.06633332255743153,
GSE38359,0.0036040084973120636,-0.06633332255743153,
GSE93238,0.0036040084973120636,-0.06633332255743153,
GSE37952,0.0036040084973120636,-0.06633332255743153,
GSE37933,0.0036040084973120636,-0.06633332255743153,
GSE93154,0.0036040084973120636,-0.06633332255743153,
GSE93132,0.0036040084973120636,-0.06633332255743153,
GSE93127,0.0036040084973120636,-0.06633332255743153,
GSE93085,0.0036040084973120636,-0.06633332255743153,
GSE93061,0.0036040084973120636,-0.06633332255743153,
GSE93043,0.0036040084973120636,-0.06633332255743153,
GSE93034,0.0036040084973120636,-0.06633332255743153,
GSE93031,0.0036040084973120636,-0.06633332255743153,
GSE35553,0.0036040084973120636,-0.06633332255743153,
GSE93318,0.0036040084973120636,-0.06633332255743153,
GSE93279,0.0036040084973120636,-0.06633332255743153,
GSE38236,0.0036040084973120636,-0.06633332255743153,
GSE95685,0.0036040084973120636,-0.06633332255743153,
GSE95649,0.0036040084973120636,-0.06633332255743153,
GSE95629,0.0036040084973120636,-0.06633332255743153,
GSE95533,0.0036040084973120636,-0.06633332255743153,
GSE105055,0.0036040084973120636,-0.06633332255743153,
GSE104990,0.0036040084973120636,-0.06633332255743153,
GSE104875,0.0036040084973120636,-0.06633332255743153,
GSE104867,0.0036040084973120636,-0.06633332255743153,
GSE104790,0.0036040084973120636,-0.06633332255743153,
GSE95811,0.0036040084973120636,-0.06633332255743153,
GSE107925,0.0036040084973120636,-0.06633332255743153,
GSE107840,0.0036040084973120636,-0.06633332255743153,
GSE94559,0.0036040084973120636,-0.06633332255743153,
GSE107623,0.0036040084973120636,-0.06633332255743153,
GSE107413,0.0036040084973120636,-0.06633332255743153,
GSE107389,0.0036040084973120636,-0.06633332255743153,
GSE106913,0.0036040084973120636,-0.06633332255743153,
GSE109418,0.0036040084973120636,-0.06633332255743153,
GSE95105,0.0036040084973120636,-0.06633332255743153,
GSE95056,0.0036040084973120636,-0.06633332255743153,
GSE95016,0.0036040084973120636,-0.06633332255743153,
GSE94967,0.0036040084973120636,-0.06633332255743153,
GSE108045,0.0036040084973120636,-0.06633332255743153,
GSE107958,0.0036040084973120636,-0.06633332255743153,
GSE95401,0.0036040084973120636,-0.06633332255743153,
GSE107740,0.0036040084973120636,-0.06633332255743153,
GSE96541,0.0036040084973120636,-0.06633332255743153,
GSE104424,0.0036040084973120636,-0.06633332255743153,
GSE104415,0.0036040084973120636,-0.06633332255743153,
GSE104331,0.0036040084973120636,-0.06633332255743153,
GSE104305,0.0036040084973120636,-0.06633332255743153,
GSE104294,0.0036040084973120636,-0.06633332255743153,
GSE96679,0.0036040084973120636,-0.06633332255743153,
GSE96661,0.0036040084973120636,-0.06633332255743153,
GSE106678,0.0036040084973120636,-0.06633332255743153,
GSE106663,0.0036040084973120636,-0.06633332255743153,
GSE106612,0.0036040084973120636,-0.06633332255743153,
GSE106594,0.0036040084973120636,-0.06633332255743153,
GSE95712,0.0036040084973120636,-0.06633332255743153,
GSE106550,0.0036040084973120636,-0.06633332255743153,
GSE106488,0.0036040084973120636,-0.06633332255743153,
GSE106436,0.0036040084973120636,-0.06633332255743153,
GSE95519,0.0036040084973120636,-0.06633332255743153,
GSE95487,0.0036040084973120636,-0.06633332255743153,
GSE106901,0.0036040084973120636,-0.06633332255743153,
GSE106895,0.0036040084973120636,-0.06633332255743153,
GSE106760,0.0036040084973120636,-0.06633332255743153,
GSE106709,0.0036040084973120636,-0.06633332255743153,
GSE106700,0.0036040084973120636,-0.06633332255743153,
GSE106692,0.0036040084973120636,-0.06633332255743153,
GSE95740,0.0036040084973120636,-0.06633332255743153,
GSE106586,0.0036040084973120636,-0.06633332255743153,
GSE94965,0.0036040084973120636,-0.06633332255743153,
GSE94939,0.0036040084973120636,-0.06633332255743153,
GSE94843,0.0036040084973120636,-0.06633332255743153,
GSE109362,0.0036040084973120636,-0.06633332255743153,
GSE109345,0.0036040084973120636,-0.06633332255743153,
GSE109279,0.0036040084973120636,-0.06633332255743153,
GSE109165,0.0036040084973120636,-0.06633332255743153,
GSE109099,0.0036040084973120636,-0.06633332255743153,
GSE108836,0.0036040084973120636,-0.06633332255743153,
GSE108811,0.0036040084973120636,-0.06633332255743153,
GSE108769,0.0036040084973120636,-0.06633332255743153,
GSE29898,0.0036040084973120636,-0.06633332255743153,
GSE95363,0.0036040084973120636,-0.06633332255743153,
GSE29446,0.0036040084973120636,-0.06633332255743153,
GSE29413,0.0036040084973120636,-0.06633332255743153,
GSE28532,0.0036040084973120636,-0.06633332255743153,
GSE28207,0.0036040084973120636,-0.06633332255743153,
GSE27623,0.0036040084973120636,-0.06633332255743153,
GSE94387,0.0036040084973120636,-0.06633332255743153,
GSE94271,0.0036040084973120636,-0.06633332255743153,
GSE94257,0.0036040084973120636,-0.06633332255743153,
GSE94239,0.0036040084973120636,-0.06633332255743153,
GSE30839,0.0036040084973120636,-0.06633332255743153,
GSE30578,0.0036040084973120636,-0.06633332255743153,
GSE94566,0.0036040084973120636,-0.06633332255743153,
GSE29752,0.0036040084973120636,-0.06633332255743153,
GSE95315,0.0036040084973120636,-0.06633332255743153,
GSE95251,0.0036040084973120636,-0.06633332255743153,
GSE95224,0.0036040084973120636,-0.06633332255743153,
GSE95111,0.0036040084973120636,-0.06633332255743153,
GSE106423,0.0036040084973120636,-0.06633332255743153,
GSE106413,0.0036040084973120636,-0.06633332255743153,
GSE106386,0.0036040084973120636,-0.06633332255743153,
GSE106349,0.0036040084973120636,-0.06633332255743153,
GSE106294,0.0036040084973120636,-0.06633332255743153,
GSE106275,0.0036040084973120636,-0.06633332255743153,
GSE95411,0.0036040084973120636,-0.06633332255743153,
GSE94671,0.0036040084973120636,-0.06633332255743153,
GSE108080,0.0036040084973120636,-0.06633332255743153,
GSE94602,0.0036040084973120636,-0.06633332255743153,
GSE22001,0.0036040084973120636,-0.06633332255743153,
GSE21699,0.0036040084973120636,-0.06633332255743153,
GSE21580,0.0036040084973120636,-0.06633332255743153,
GSE21161,0.0036040084973120636,-0.06633332255743153,
GSE94839,0.0036040084973120636,-0.06633332255743153,
GSE94821,0.0036040084973120636,-0.06633332255743153,
GSE94791,0.0036040084973120636,-0.06633332255743153,
GSE94778,0.0036040084973120636,-0.06633332255743153,
GSE94761,0.0036040084973120636,-0.06633332255743153,
GSE94685,0.0036040084973120636,-0.06633332255743153,
GSE94673,0.0036040084973120636,-0.06633332255743153,
GSE108367,0.0036040084973120636,-0.06633332255743153,
GSE94626,0.0036040084973120636,-0.06633332255743153,
GSE70028,0.0036040084973120636,-0.06633332255743153,
GSE69952,0.0036040084973120636,-0.06633332255743153,
GSE69937,0.0036040084973120636,-0.06633332255743153,
GSE77795,0.0036040084973120636,-0.06633332255743153,
GSE77793,0.0036040084973120636,-0.06633332255743153,
GSE77778,0.0036040084973120636,-0.06633332255743153,
GSE77720,0.0036040084973120636,-0.06633332255743153,
GSE77715,0.0036040084973120636,-0.06633332255743153,
GSE77652,0.0036040084973120636,-0.06633332255743153,
GSE77646,0.0036040084973120636,-0.06633332255743153,
GSE69311,0.0036040084973120636,-0.06633332255743153,
GSE69278,0.0036040084973120636,-0.06633332255743153,
GSE57514,0.0036040084973120636,-0.06633332255743153,
GSE77891,0.0036040084973120636,-0.06633332255743153,
GSE77885,0.0036040084973120636,-0.06633332255743153,
GSE77846,0.0036040084973120636,-0.06633332255743153,
GSE77801,0.0036040084973120636,-0.06633332255743153,
GSE69616,0.0036040084973120636,-0.06633332255743153,
GSE69556,0.0036040084973120636,-0.06633332255743153,
GSE69473,0.0036040084973120636,-0.06633332255743153,
GSE69464,0.0036040084973120636,-0.06633332255743153,
GSE69445,0.0036040084973120636,-0.06633332255743153,
GSE69407,0.0036040084973120636,-0.06633332255743153,
GSE69374,0.0036040084973120636,-0.06633332255743153,
GSE70352,0.0036040084973120636,-0.06633332255743153,
GSE77892,0.0036040084973120636,-0.06633332255743153,
GSE69669,0.0036040084973120636,-0.06633332255743153,
GSE69652,0.0036040084973120636,-0.06633332255743153,
GSE78156,0.0036040084973120636,-0.06633332255743153,
GSE78143,0.0036040084973120636,-0.06633332255743153,
GSE78105,0.0036040084973120636,-0.06633332255743153,
GSE78084,0.0036040084973120636,-0.06633332255743153,
GSE78056,0.0036040084973120636,-0.06633332255743153,
GSE77896,0.0036040084973120636,-0.06633332255743153,
GSE77894,0.0036040084973120636,-0.06633332255743153,
GSE77893,0.0036040084973120636,-0.06633332255743153,
GSE78247,0.0036040084973120636,-0.06633332255743153,
GSE78241,0.0036040084973120636,-0.06633332255743153,
GSE70031,0.0036040084973120636,-0.06633332255743153,
GSE78224,0.0036040084973120636,-0.06633332255743153,
GSE78209,0.0036040084973120636,-0.06633332255743153,
GSE78184,0.0036040084973120636,-0.06633332255743153,
GSE68998,0.0036040084973120636,-0.06633332255743153,
GSE68911,0.0036040084973120636,-0.06633332255743153,
GSE68846,0.0036040084973120636,-0.06633332255743153,
GSE68831,0.0036040084973120636,-0.06633332255743153,
GSE68818,0.0036040084973120636,-0.06633332255743153,
GSE68812,0.0036040084973120636,-0.06633332255743153,
GSE77645,0.0036040084973120636,-0.06633332255743153,
GSE70135,0.0036040084973120636,-0.06633332255743153,
GSE70133,0.0036040084973120636,-0.06633332255743153,
GSE70116,0.0036040084973120636,-0.06633332255743153,
GSE78228,0.0036040084973120636,-0.06633332255743153,
GSE71133,0.0036040084973120636,-0.06633332255743153,
GSE71079,0.0036040084973120636,-0.06633332255743153,
GSE71076,0.0036040084973120636,-0.06633332255743153,
GSE71075,0.0036040084973120636,-0.06633332255743153,
GSE71025,0.0036040084973120636,-0.06633332255743153,
GSE70985,0.0036040084973120636,-0.06633332255743153,
GSE77076,0.0036040084973120636,-0.06633332255743153,
GSE77010,0.0036040084973120636,-0.06633332255743153,
GSE77007,0.0036040084973120636,-0.06633332255743153,
GSE77005,0.0036040084973120636,-0.06633332255743153,
GSE76992,0.0036040084973120636,-0.06633332255743153,
GSE76988,0.0036040084973120636,-0.06633332255743153,
GSE70207,0.0036040084973120636,-0.06633332255743153,
GSE71165,0.0036040084973120636,-0.06633332255743153,
GSE70440,0.0036040084973120636,-0.06633332255743153,
GSE70437,0.0036040084973120636,-0.06633332255743153,
GSE77172,0.0036040084973120636,-0.06633332255743153,
GSE77133,0.0036040084973120636,-0.06633332255743153,
GSE77115,0.0036040084973120636,-0.06633332255743153,
GSE77083,0.0036040084973120636,-0.06633332255743153,
GSE70728,0.0036040084973120636,-0.06633332255743153,
GSE70721,0.0036040084973120636,-0.06633332255743153,
GSE70713,0.0036040084973120636,-0.06633332255743153,
GSE70596,0.0036040084973120636,-0.06633332255743153,
GSE70588,0.0036040084973120636,-0.06633332255743153,
GSE76932,0.0036040084973120636,-0.06633332255743153,
GSE70159,0.0036040084973120636,-0.06633332255743153,
GSE70158,0.0036040084973120636,-0.06633332255743153,
GSE70788,0.0036040084973120636,-0.06633332255743153,
GSE70732,0.0036040084973120636,-0.06633332255743153,
GSE70731,0.0036040084973120636,-0.06633332255743153,
GSE77441,0.0036040084973120636,-0.06633332255743153,
GSE77420,0.0036040084973120636,-0.06633332255743153,
GSE77375,0.0036040084973120636,-0.06633332255743153,
GSE77323,0.0036040084973120636,-0.06633332255743153,
GSE70419,0.0036040084973120636,-0.06633332255743153,
GSE70413,0.0036040084973120636,-0.06633332255743153,
GSE70386,0.0036040084973120636,-0.06633332255743153,
GSE77569,0.0036040084973120636,-0.06633332255743153,
GSE77547,0.0036040084973120636,-0.06633332255743153,
GSE77534,0.0036040084973120636,-0.06633332255743153,
GSE77476,0.0036040084973120636,-0.06633332255743153,
GSE77471,0.0036040084973120636,-0.06633332255743153,
GSE77454,0.0036040084973120636,-0.06633332255743153,
GSE77453,0.0036040084973120636,-0.06633332255743153,
GSE69913,0.0036040084973120636,-0.06633332255743153,
GSE69900,0.0036040084973120636,-0.06633332255743153,
GSE69858,0.0036040084973120636,-0.06633332255743153,
GSE69855,0.0036040084973120636,-0.06633332255743153,
GSE77625,0.0036040084973120636,-0.06633332255743153,
GSE77623,0.0036040084973120636,-0.06633332255743153,
GSE77588,0.0036040084973120636,-0.06633332255743153,
GSE70357,0.0036040084973120636,-0.06633332255743153,
GSE67610,0.0036040084973120636,-0.06633332255743153,
GSE67572,0.0036040084973120636,-0.06633332255743153,
GSE66781,0.0036040084973120636,-0.06633332255743153,
GSE79696,0.0036040084973120636,-0.06633332255743153,
GSE79685,0.0036040084973120636,-0.06633332255743153,
GSE79661,0.0036040084973120636,-0.06633332255743153,
GSE79600,0.0036040084973120636,-0.06633332255743153,
GSE79561,0.0036040084973120636,-0.06633332255743153,
GSE79543,0.0036040084973120636,-0.06633332255743153,
GSE67135,0.0036040084973120636,-0.06633332255743153,
GSE67133,0.0036040084973120636,-0.06633332255743153,
GSE67130,0.0036040084973120636,-0.06633332255743153,
GSE69709,0.0036040084973120636,-0.06633332255743153,
GSE66953,0.0036040084973120636,-0.06633332255743153,
GSE66870,0.0036040084973120636,-0.06633332255743153,
GSE67957,0.0036040084973120636,-0.06633332255743153,
GSE67934,0.0036040084973120636,-0.06633332255743153,
GSE67933,0.0036040084973120636,-0.06633332255743153,
GSE67889,0.0036040084973120636,-0.06633332255743153,
GSE67834,0.0036040084973120636,-0.06633332255743153,
GSE67741,0.0036040084973120636,-0.06633332255743153,
GSE67688,0.0036040084973120636,-0.06633332255743153,
GSE78974,0.0036040084973120636,-0.06633332255743153,
GSE78973,0.0036040084973120636,-0.06633332255743153,
GSE68178,0.0036040084973120636,-0.06633332255743153,
GSE67112,0.0036040084973120636,-0.06633332255743153,
GSE79898,0.0036040084973120636,-0.06633332255743153,
GSE79889,0.0036040084973120636,-0.06633332255743153,
GSE66380,0.0036040084973120636,-0.06633332255743153,
GSE66377,0.0036040084973120636,-0.06633332255743153,
GSE66364,0.0036040084973120636,-0.06633332255743153,
GSE66343,0.0036040084973120636,-0.06633332255743153,
GSE66286,0.0036040084973120636,-0.06633332255743153,
GSE66264,0.0036040084973120636,-0.06633332255743153,
GSE79996,0.0036040084973120636,-0.06633332255743153,
GSE66575,0.0036040084973120636,-0.06633332255743153,
GSE66567,0.0036040084973120636,-0.06633332255743153,
GSE66557,0.0036040084973120636,-0.06633332255743153,
GSE67658,0.0036040084973120636,-0.06633332255743153,
GSE66484,0.0036040084973120636,-0.06633332255743153,
GSE66471,0.0036040084973120636,-0.06633332255743153,
GSE66440,0.0036040084973120636,-0.06633332255743153,
GSE67525,0.0036040084973120636,-0.06633332255743153,
GSE67476,0.0036040084973120636,-0.06633332255743153,
GSE67437,0.0036040084973120636,-0.06633332255743153,
GSE67374,0.0036040084973120636,-0.06633332255743153,
GSE67355,0.0036040084973120636,-0.06633332255743153,
GSE67335,0.0036040084973120636,-0.06633332255743153,
GSE79487,0.0036040084973120636,-0.06633332255743153,
GSE79452,0.0036040084973120636,-0.06633332255743153,
GSE79416,0.0036040084973120636,-0.06633332255743153,
GSE79410,0.0036040084973120636,-0.06633332255743153,
GSE66551,0.0036040084973120636,-0.06633332255743153,
GSE68472,0.0036040084973120636,-0.06633332255743153,
GSE68470,0.0036040084973120636,-0.06633332255743153,
GSE68462,0.0036040084973120636,-0.06633332255743153,
GSE68376,0.0036040084973120636,-0.06633332255743153,
GSE68318,0.0036040084973120636,-0.06633332255743153,
GSE68284,0.0036040084973120636,-0.06633332255743153,
GSE78728,0.0036040084973120636,-0.06633332255743153,
GSE78706,0.0036040084973120636,-0.06633332255743153,
GSE78701,0.0036040084973120636,-0.06633332255743153,
GSE78691,0.0036040084973120636,-0.06633332255743153,
GSE78514,0.0036040084973120636,-0.06633332255743153,
GSE78499,0.0036040084973120636,-0.06633332255743153,
GSE68155,0.0036040084973120636,-0.06633332255743153,
GSE68628,0.0036040084973120636,-0.06633332255743153,
GSE67674,0.0036040084973120636,-0.06633332255743153,
GSE78971,0.0036040084973120636,-0.06633332255743153,
GSE78965,0.0036040084973120636,-0.06633332255743153,
GSE78905,0.0036040084973120636,-0.06633332255743153,
GSE78855,0.0036040084973120636,-0.06633332255743153,
GSE78849,0.0036040084973120636,-0.06633332255743153,
GSE78781,0.0036040084973120636,-0.06633332255743153,
GSE78752,0.0036040084973120636,-0.06633332255743153,
GSE69786,0.0036040084973120636,-0.06633332255743153,
GSE69755,0.0036040084973120636,-0.06633332255743153,
GSE69731,0.0036040084973120636,-0.06633332255743153,
GSE69726,0.0036040084973120636,-0.06633332255743153,
GSE68746,0.0036040084973120636,-0.06633332255743153,
GSE68140,0.0036040084973120636,-0.06633332255743153,
GSE68139,0.0036040084973120636,-0.06633332255743153,
GSE67991,0.0036040084973120636,-0.06633332255743153,
GSE79180,0.0036040084973120636,-0.06633332255743153,
GSE79124,0.0036040084973120636,-0.06633332255743153,
GSE79086,0.0036040084973120636,-0.06633332255743153,
GSE79028,0.0036040084973120636,-0.06633332255743153,
GSE79014,0.0036040084973120636,-0.06633332255743153,
GSE79013,0.0036040084973120636,-0.06633332255743153,
GSE78996,0.0036040084973120636,-0.06633332255743153,
GSE67334,0.0036040084973120636,-0.06633332255743153,
GSE67305,0.0036040084973120636,-0.06633332255743153,
GSE68617,0.0036040084973120636,-0.06633332255743153,
GSE67291,0.0036040084973120636,-0.06633332255743153,
GSE67270,0.0036040084973120636,-0.06633332255743153,
GSE67266,0.0036040084973120636,-0.06633332255743153,
GSE79313,0.0036040084973120636,-0.06633332255743153,
GSE79260,0.0036040084973120636,-0.06633332255743153,
GSE68283,0.0036040084973120636,-0.06633332255743153,
GSE68265,0.0036040084973120636,-0.06633332255743153,
GSE68251,0.0036040084973120636,-0.06633332255743153,
GSE69244,0.0036040084973120636,-0.06633332255743153,
GSE69168,0.0036040084973120636,-0.06633332255743153,
GSE69129,0.0036040084973120636,-0.06633332255743153,
GSE69054,0.0036040084973120636,-0.06633332255743153,
GSE69018,0.0036040084973120636,-0.06633332255743153,
GSE67294,0.0036040084973120636,-0.06633332255743153,
GSE72901,0.0036040084973120636,-0.06633332255743153,
GSE72855,0.0036040084973120636,-0.06633332255743153,
GSE72851,0.0036040084973120636,-0.06633332255743153,
GSE75714,0.0036040084973120636,-0.06633332255743153,
GSE75706,0.0036040084973120636,-0.06633332255743153,
GSE74052,0.0036040084973120636,-0.06633332255743153,
GSE74049,0.0036040084973120636,-0.06633332255743153,
GSE74018,0.0036040084973120636,-0.06633332255743153,
GSE73984,0.0036040084973120636,-0.06633332255743153,
GSE73932,0.0036040084973120636,-0.06633332255743153,
GSE73909,0.0036040084973120636,-0.06633332255743153,
GSE73881,0.0036040084973120636,-0.06633332255743153,
GSE70542,0.0036040084973120636,-0.06633332255743153,
GSE75001,0.0036040084973120636,-0.06633332255743153,
GSE74973,0.0036040084973120636,-0.06633332255743153,
GSE74138,0.0036040084973120636,-0.06633332255743153,
GSE74113,0.0036040084973120636,-0.06633332255743153,
GSE74111,0.0036040084973120636,-0.06633332255743153,
GSE74065,0.0036040084973120636,-0.06633332255743153,
GSE74064,0.0036040084973120636,-0.06633332255743153,
GSE75105,0.0036040084973120636,-0.06633332255743153,
GSE75104,0.0036040084973120636,-0.06633332255743153,
GSE75103,0.0036040084973120636,-0.06633332255743153,
GSE75074,0.0036040084973120636,-0.06633332255743153,
GSE75066,0.0036040084973120636,-0.06633332255743153,
GSE73859,0.0036040084973120636,-0.06633332255743153,
GSE72086,0.0036040084973120636,-0.06633332255743153,
GSE72064,0.0036040084973120636,-0.06633332255743153,
GSE75957,0.0036040084973120636,-0.06633332255743153,
GSE75936,0.0036040084973120636,-0.06633332255743153,
GSE75907,0.0036040084973120636,-0.06633332255743153,
GSE75901,0.0036040084973120636,-0.06633332255743153,
GSE73611,0.0036040084973120636,-0.06633332255743153,
GSE73467,0.0036040084973120636,-0.06633332255743153,
GSE73447,0.0036040084973120636,-0.06633332255743153,
GSE73372,0.0036040084973120636,-0.06633332255743153,
GSE73279,0.0036040084973120636,-0.06633332255743153,
GSE73271,0.0036040084973120636,-0.06633332255743153,
GSE72909,0.0036040084973120636,-0.06633332255743153,
GSE75470,0.0036040084973120636,-0.06633332255743153,
GSE75426,0.0036040084973120636,-0.06633332255743153,
GSE75413,0.0036040084973120636,-0.06633332255743153,
GSE75332,0.0036040084973120636,-0.06633332255743153,
GSE73693,0.0036040084973120636,-0.06633332255743153,
GSE73653,0.0036040084973120636,-0.06633332255743153,
GSE75648,0.0036040084973120636,-0.06633332255743153,
GSE75631,0.0036040084973120636,-0.06633332255743153,
GSE75596,0.0036040084973120636,-0.06633332255743153,
GSE75549,0.0036040084973120636,-0.06633332255743153,
GSE75544,0.0036040084973120636,-0.06633332255743153,
GSE72941,0.0036040084973120636,-0.06633332255743153,
GSE72937,0.0036040084973120636,-0.06633332255743153,
GSE75510,0.0036040084973120636,-0.06633332255743153,
GSE74650,0.0036040084973120636,-0.06633332255743153,
GSE74630,0.0036040084973120636,-0.06633332255743153,
GSE99645,0.0036040084973120636,-0.06633332255743153,
GSE73803,0.0036040084973120636,-0.06633332255743153,
GSE73743,0.0036040084973120636,-0.06633332255743153,
GSE73711,0.0036040084973120636,-0.06633332255743153,
GSE74938,0.0036040084973120636,-0.06633332255743153,
GSE74920,0.0036040084973120636,-0.06633332255743153,
GSE74900,0.0036040084973120636,-0.06633332255743153,
GSE101605,0.0036040084973120636,-0.06633332255743153,
GSE99970,0.0036040084973120636,-0.06633332255743153,
GSE99787,0.0036040084973120636,-0.06633332255743153,
GSE75054,0.0036040084973120636,-0.06633332255743153,
GSE99709,0.0036040084973120636,-0.06633332255743153,
GSE100532,0.0036040084973120636,-0.06633332255743153,
GSE100411,0.0036040084973120636,-0.06633332255743153,
GSE100406,0.0036040084973120636,-0.06633332255743153,
GSE100397,0.0036040084973120636,-0.06633332255743153,
GSE100356,0.0036040084973120636,-0.06633332255743153,
GSE100276,0.0036040084973120636,-0.06633332255743153,
GSE100265,0.0036040084973120636,-0.06633332255743153,
GSE100225,0.0036040084973120636,-0.06633332255743153,
GSE100222,0.0036040084973120636,-0.06633332255743153,
GSE100175,0.0036040084973120636,-0.06633332255743153,
GSE100070,0.0036040084973120636,-0.06633332255743153,
GSE99774,0.0036040084973120636,-0.06633332255743153,
GSE75049,0.0036040084973120636,-0.06633332255743153,
GSE75038,0.0036040084973120636,-0.06633332255743153,
GSE73238,0.0036040084973120636,-0.06633332255743153,
GSE75330,0.0036040084973120636,-0.06633332255743153,
GSE75318,0.0036040084973120636,-0.06633332255743153,
GSE75242,0.0036040084973120636,-0.06633332255743153,
GSE75210,0.0036040084973120636,-0.06633332255743153,
GSE75176,0.0036040084973120636,-0.06633332255743153,
GSE75154,0.0036040084973120636,-0.06633332255743153,
GSE75106,0.0036040084973120636,-0.06633332255743153,
GSE100873,0.0036040084973120636,-0.06633332255743153,
GSE74254,0.0036040084973120636,-0.06633332255743153,
GSE74682,0.0036040084973120636,-0.06633332255743153,
GSE100039,0.0036040084973120636,-0.06633332255743153,
GSE99975,0.0036040084973120636,-0.06633332255743153,
GSE99974,0.0036040084973120636,-0.06633332255743153,
GSE99973,0.0036040084973120636,-0.06633332255743153,
GSE99972,0.0036040084973120636,-0.06633332255743153,
GSE74528,0.0036040084973120636,-0.06633332255743153,
GSE74518,0.0036040084973120636,-0.06633332255743153,
GSE74429,0.0036040084973120636,-0.06633332255743153,
GSE74423,0.0036040084973120636,-0.06633332255743153,
GSE74315,0.0036040084973120636,-0.06633332255743153,
GSE74890,0.0036040084973120636,-0.06633332255743153,
GSE74855,0.0036040084973120636,-0.06633332255743153,
GSE74804,0.0036040084973120636,-0.06633332255743153,
GSE74161,0.0036040084973120636,-0.06633332255743153,
GSE70895,0.0036040084973120636,-0.06633332255743153,
GSE70889,0.0036040084973120636,-0.06633332255743153,
GSE70872,0.0036040084973120636,-0.06633332255743153,
GSE70863,0.0036040084973120636,-0.06633332255743153,
GSE76217,0.0036040084973120636,-0.06633332255743153,
GSE76215,0.0036040084973120636,-0.06633332255743153,
GSE72003,0.0036040084973120636,-0.06633332255743153,
GSE71948,0.0036040084973120636,-0.06633332255743153,
GSE71924,0.0036040084973120636,-0.06633332255743153,
GSE71912,0.0036040084973120636,-0.06633332255743153,
GSE76316,0.0036040084973120636,-0.06633332255743153,
GSE76315,0.0036040084973120636,-0.06633332255743153,
GSE72762,0.0036040084973120636,-0.06633332255743153,
GSE76303,0.0036040084973120636,-0.06633332255743153,
GSE76294,0.0036040084973120636,-0.06633332255743153,
GSE71229,0.0036040084973120636,-0.06633332255743153,
GSE71198,0.0036040084973120636,-0.06633332255743153,
GSE71185,0.0036040084973120636,-0.06633332255743153,
GSE76552,0.0036040084973120636,-0.06633332255743153,
GSE76498,0.0036040084973120636,-0.06633332255743153,
GSE76419,0.0036040084973120636,-0.06633332255743153,
GSE76359,0.0036040084973120636,-0.06633332255743153,
GSE76317,0.0036040084973120636,-0.06633332255743153,
GSE71493,0.0036040084973120636,-0.06633332255743153,
GSE71463,0.0036040084973120636,-0.06633332255743153,
GSE76309,0.0036040084973120636,-0.06633332255743153,
GSE70510,0.0036040084973120636,-0.06633332255743153,
GSE70484,0.0036040084973120636,-0.06633332255743153,
GSE76619,0.0036040084973120636,-0.06633332255743153,
GSE76609,0.0036040084973120636,-0.06633332255743153,
GSE76602,0.0036040084973120636,-0.06633332255743153,
GSE76567,0.0036040084973120636,-0.06633332255743153,
GSE71531,0.0036040084973120636,-0.06633332255743153,
GSE71513,0.0036040084973120636,-0.06633332255743153,
GSE71499,0.0036040084973120636,-0.06633332255743153,
GSE76776,0.0036040084973120636,-0.06633332255743153,
GSE76749,0.0036040084973120636,-0.06633332255743153,
GSE76748,0.0036040084973120636,-0.06633332255743153,
GSE70896,0.0036040084973120636,-0.06633332255743153,
GSE76722,0.0036040084973120636,-0.06633332255743153,
GSE76687,0.0036040084973120636,-0.06633332255743153,
GSE76634,0.0036040084973120636,-0.06633332255743153,
GSE70844,0.0036040084973120636,-0.06633332255743153,
GSE70814,0.0036040084973120636,-0.06633332255743153,
GSE70800,0.0036040084973120636,-0.06633332255743153,
GSE76909,0.0036040084973120636,-0.06633332255743153,
GSE76868,0.0036040084973120636,-0.06633332255743153,
GSE76853,0.0036040084973120636,-0.06633332255743153,
GSE76840,0.0036040084973120636,-0.06633332255743153,
GSE76837,0.0036040084973120636,-0.06633332255743153,
GSE70965,0.0036040084973120636,-0.06633332255743153,
GSE70904,0.0036040084973120636,-0.06633332255743153,
GSE76733,0.0036040084973120636,-0.06633332255743153,
GSE71734,0.0036040084973120636,-0.06633332255743153,
GSE71679,0.0036040084973120636,-0.06633332255743153,
GSE71674,0.0036040084973120636,-0.06633332255743153,
GSE71636,0.0036040084973120636,-0.06633332255743153,
GSE71586,0.0036040084973120636,-0.06633332255743153,
GSE72574,0.0036040084973120636,-0.06633332255743153,
GSE72552,0.0036040084973120636,-0.06633332255743153,
GSE72537,0.0036040084973120636,-0.06633332255743153,
GSE72491,0.0036040084973120636,-0.06633332255743153,
GSE73143,0.0036040084973120636,-0.06633332255743153,
GSE73100,0.0036040084973120636,-0.06633332255743153,
GSE73029,0.0036040084973120636,-0.06633332255743153,
GSE71405,0.0036040084973120636,-0.06633332255743153,
GSE72737,0.0036040084973120636,-0.06633332255743153,
GSE72724,0.0036040084973120636,-0.06633332255743153,
GSE72700,0.0036040084973120636,-0.06633332255743153,
GSE72628,0.0036040084973120636,-0.06633332255743153,
GSE72607,0.0036040084973120636,-0.06633332255743153,
GSE72601,0.0036040084973120636,-0.06633332255743153,
GSE75854,0.0036040084973120636,-0.06633332255743153,
GSE75832,0.0036040084973120636,-0.06633332255743153,
GSE75760,0.0036040084973120636,-0.06633332255743153,
GSE75738,0.0036040084973120636,-0.06633332255743153,
GSE75737,0.0036040084973120636,-0.06633332255743153,
GSE75735,0.0036040084973120636,-0.06633332255743153,
GSE72764,0.0036040084973120636,-0.06633332255743153,
GSE72964,0.0036040084973120636,-0.06633332255743153,
GSE71385,0.0036040084973120636,-0.06633332255743153,
GSE71362,0.0036040084973120636,-0.06633332255743153,
GSE71304,0.0036040084973120636,-0.06633332255743153,
GSE71234,0.0036040084973120636,-0.06633332255743153,
GSE71233,0.0036040084973120636,-0.06633332255743153,
GSE72293,0.0036040084973120636,-0.06633332255743153,
GSE72238,0.0036040084973120636,-0.06633332255743153,
GSE72207,0.0036040084973120636,-0.06633332255743153,
GSE72196,0.0036040084973120636,-0.06633332255743153,
GSE72164,0.0036040084973120636,-0.06633332255743153,
GSE72148,0.0036040084973120636,-0.06633332255743153,
GSE72129,0.0036040084973120636,-0.06633332255743153,
GSE71802,0.0036040084973120636,-0.06633332255743153,
GSE75997,0.0036040084973120636,-0.06633332255743153,
GSE75995,0.0036040084973120636,-0.06633332255743153,
GSE75984,0.0036040084973120636,-0.06633332255743153,
GSE72369,0.0036040084973120636,-0.06633332255743153,
GSE72368,0.0036040084973120636,-0.06633332255743153,
GSE72321,0.0036040084973120636,-0.06633332255743153,
GSE76186,0.0036040084973120636,-0.06633332255743153,
GSE76183,0.0036040084973120636,-0.06633332255743153,
GSE76140,0.0036040084973120636,-0.06633332255743153,
GSE76133,0.0036040084973120636,-0.06633332255743153,
GSE76123,0.0036040084973120636,-0.06633332255743153,
GSE76093,0.0036040084973120636,-0.06633332255743153,
GSE71843,0.0036040084973120636,-0.06633332255743153,
GSE72095,0.0036040084973120636,-0.06633332255743153,
GSE84615,0.0036040084973120636,-0.06633332255743153,
GSE59956,0.0036040084973120636,-0.06633332255743153,
GSE58645,0.0036040084973120636,-0.06633332255743153,
GSE84945,0.0036040084973120636,-0.06633332255743153,
GSE84943,0.0036040084973120636,-0.06633332255743153,
GSE84922,0.0036040084973120636,-0.06633332255743153,
GSE84919,0.0036040084973120636,-0.06633332255743153,
GSE84899,0.0036040084973120636,-0.06633332255743153,
GSE84357,0.0036040084973120636,-0.06633332255743153,
GSE84308,0.0036040084973120636,-0.06633332255743153,
GSE84302,0.0036040084973120636,-0.06633332255743153,
GSE84299,0.0036040084973120636,-0.06633332255743153,
GSE79902,0.0036040084973120636,-0.06633332255743153,
GSE60896,0.0036040084973120636,-0.06633332255743153,
GSE60843,0.0036040084973120636,-0.06633332255743153,
GSE60827,0.0036040084973120636,-0.06633332255743153,
GSE84492,0.0036040084973120636,-0.06633332255743153,
GSE84481,0.0036040084973120636,-0.06633332255743153,
GSE84480,0.0036040084973120636,-0.06633332255743153,
GSE84462,0.0036040084973120636,-0.06633332255743153,
GSE84450,0.0036040084973120636,-0.06633332255743153,
GSE84386,0.0036040084973120636,-0.06633332255743153,
GSE84383,0.0036040084973120636,-0.06633332255743153,
GSE84370,0.0036040084973120636,-0.06633332255743153,
GSE60097,0.0036040084973120636,-0.06633332255743153,
GSE60968,0.0036040084973120636,-0.06633332255743153,
GSE85136,0.0036040084973120636,-0.06633332255743153,
GSE85128,0.0036040084973120636,-0.06633332255743153,
GSE85039,0.0036040084973120636,-0.06633332255743153,
GSE58282,0.0036040084973120636,-0.06633332255743153,
GSE58242,0.0036040084973120636,-0.06633332255743153,
GSE58108,0.0036040084973120636,-0.06633332255743153,
GSE85329,0.0036040084973120636,-0.06633332255743153,
GSE85303,0.0036040084973120636,-0.06633332255743153,
GSE85278,0.0036040084973120636,-0.06633332255743153,
GSE59283,0.0036040084973120636,-0.06633332255743153,
GSE59269,0.0036040084973120636,-0.06633332255743153,
GSE59168,0.0036040084973120636,-0.06633332255743153,
GSE84665,0.0036040084973120636,-0.06633332255743153,
GSE60520,0.0036040084973120636,-0.06633332255743153,
GSE60418,0.0036040084973120636,-0.06633332255743153,
GSE60402,0.0036040084973120636,-0.06633332255743153,
GSE59859,0.0036040084973120636,-0.06633332255743153,
GSE59571,0.0036040084973120636,-0.06633332255743153,
GSE59486,0.0036040084973120636,-0.06633332255743153,
GSE59442,0.0036040084973120636,-0.06633332255743153,
GSE59373,0.0036040084973120636,-0.06633332255743153,
GSE59354,0.0036040084973120636,-0.06633332255743153,
GSE59318,0.0036040084973120636,-0.06633332255743153,
GSE84803,0.0036040084973120636,-0.06633332255743153,
GSE84794,0.0036040084973120636,-0.06633332255743153,
GSE84759,0.0036040084973120636,-0.06633332255743153,
GSE59119,0.0036040084973120636,-0.06633332255743153,
GSE60569,0.0036040084973120636,-0.06633332255743153,
GSE60537,0.0036040084973120636,-0.06633332255743153,
GSE84256,0.0036040084973120636,-0.06633332255743153,
GSE84175,0.0036040084973120636,-0.06633332255743153,
GSE84164,0.0036040084973120636,-0.06633332255743153,
GSE60763,0.0036040084973120636,-0.06633332255743153,
GSE60756,0.0036040084973120636,-0.06633332255743153,
GSE60701,0.0036040084973120636,-0.06633332255743153,
GSE60691,0.0036040084973120636,-0.06633332255743153,
GSE60642,0.0036040084973120636,-0.06633332255743153,
GSE60641,0.0036040084973120636,-0.06633332255743153,
GSE60599,0.0036040084973120636,-0.06633332255743153,
GSE60050,0.0036040084973120636,-0.06633332255743153,
GSE61828,0.0036040084973120636,-0.06633332255743153,
GSE61755,0.0036040084973120636,-0.06633332255743153,
GSE61734,0.0036040084973120636,-0.06633332255743153,
GSE61694,0.0036040084973120636,-0.06633332255743153,
GSE61677,0.0036040084973120636,-0.06633332255743153,
GSE62042,0.0036040084973120636,-0.06633332255743153,
GSE61994,0.0036040084973120636,-0.06633332255743153,
GSE61969,0.0036040084973120636,-0.06633332255743153,
GSE61915,0.0036040084973120636,-0.06633332255743153,
GSE61887,0.0036040084973120636,-0.06633332255743153,
GSE61875,0.0036040084973120636,-0.06633332255743153,
GSE83755,0.0036040084973120636,-0.06633332255743153,
GSE61874,0.0036040084973120636,-0.06633332255743153,
GSE84548,0.0036040084973120636,-0.06633332255743153,
GSE84547,0.0036040084973120636,-0.06633332255743153,
GSE84545,0.0036040084973120636,-0.06633332255743153,
GSE84526,0.0036040084973120636,-0.06633332255743153,
GSE84517,0.0036040084973120636,-0.06633332255743153,
GSE84498,0.0036040084973120636,-0.06633332255743153,
GSE60397,0.0036040084973120636,-0.06633332255743153,
GSE60377,0.0036040084973120636,-0.06633332255743153,
GSE60334,0.0036040084973120636,-0.06633332255743153,
GSE60285,0.0036040084973120636,-0.06633332255743153,
GSE60283,0.0036040084973120636,-0.06633332255743153,
GSE60243,0.0036040084973120636,-0.06633332255743153,
GSE83993,0.0036040084973120636,-0.06633332255743153,
GSE60163,0.0036040084973120636,-0.06633332255743153,
GSE83991,0.0036040084973120636,-0.06633332255743153,
GSE83963,0.0036040084973120636,-0.06633332255743153,
GSE83961,0.0036040084973120636,-0.06633332255743153,
GSE83931,0.0036040084973120636,-0.06633332255743153,
GSE61529,0.0036040084973120636,-0.06633332255743153,
GSE61486,0.0036040084973120636,-0.06633332255743153,
GSE61470,0.0036040084973120636,-0.06633332255743153,
GSE84148,0.0036040084973120636,-0.06633332255743153,
GSE84145,0.0036040084973120636,-0.06633332255743153,
GSE84139,0.0036040084973120636,-0.06633332255743153,
GSE84112,0.0036040084973120636,-0.06633332255743153,
GSE84063,0.0036040084973120636,-0.06633332255743153,
GSE60226,0.0036040084973120636,-0.06633332255743153,
GSE56507,0.0036040084973120636,-0.06633332255743153,
GSE56461,0.0036040084973120636,-0.06633332255743153,
GSE56446,0.0036040084973120636,-0.06633332255743153,
GSE56312,0.0036040084973120636,-0.06633332255743153,
GSE56248,0.0036040084973120636,-0.06633332255743153,
GSE57980,0.0036040084973120636,-0.06633332255743153,
GSE57959,0.0036040084973120636,-0.06633332255743153,
GSE57919,0.0036040084973120636,-0.06633332255743153,
GSE57910,0.0036040084973120636,-0.06633332255743153,
GSE57809,0.0036040084973120636,-0.06633332255743153,
GSE57804,0.0036040084973120636,-0.06633332255743153,
GSE57712,0.0036040084973120636,-0.06633332255743153,
GSE85152,0.0036040084973120636,-0.06633332255743153,
GSE85750,0.0036040084973120636,-0.06633332255743153,
GSE85727,0.0036040084973120636,-0.06633332255743153,
GSE58089,0.0036040084973120636,-0.06633332255743153,
GSE58088,0.0036040084973120636,-0.06633332255743153,
GSE57984,0.0036040084973120636,-0.06633332255743153,
GSE57054,0.0036040084973120636,-0.06633332255743153,
GSE57043,0.0036040084973120636,-0.06633332255743153,
GSE56933,0.0036040084973120636,-0.06633332255743153,
GSE56905,0.0036040084973120636,-0.06633332255743153,
GSE56902,0.0036040084973120636,-0.06633332255743153,
GSE86079,0.0036040084973120636,-0.06633332255743153,
GSE86071,0.0036040084973120636,-0.06633332255743153,
GSE85772,0.0036040084973120636,-0.06633332255743153,
GSE86520,0.0036040084973120636,-0.06633332255743153,
GSE55831,0.0036040084973120636,-0.06633332255743153,
GSE55797,0.0036040084973120636,-0.06633332255743153,
GSE86949,0.0036040084973120636,-0.06633332255743153,
GSE86907,0.0036040084973120636,-0.06633332255743153,
GSE86868,0.0036040084973120636,-0.06633332255743153,
GSE86865,0.0036040084973120636,-0.06633332255743153,
GSE86837,0.0036040084973120636,-0.06633332255743153,
GSE86261,0.0036040084973120636,-0.06633332255743153,
GSE86248,0.0036040084973120636,-0.06633332255743153,
GSE86167,0.0036040084973120636,-0.06633332255743153,
GSE86111,0.0036040084973120636,-0.06633332255743153,
GSE56786,0.0036040084973120636,-0.06633332255743153,
GSE86396,0.0036040084973120636,-0.06633332255743153,
GSE86366,0.0036040084973120636,-0.06633332255743153,
GSE86339,0.0036040084973120636,-0.06633332255743153,
GSE86338,0.0036040084973120636,-0.06633332255743153,
GSE86310,0.0036040084973120636,-0.06633332255743153,
GSE86297,0.0036040084973120636,-0.06633332255743153,
GSE86288,0.0036040084973120636,-0.06633332255743153,
GSE56185,0.0036040084973120636,-0.06633332255743153,
GSE56127,0.0036040084973120636,-0.06633332255743153,
GSE56096,0.0036040084973120636,-0.06633332255743153,
GSE55966,0.0036040084973120636,-0.06633332255743153,
GSE55870,0.0036040084973120636,-0.06633332255743153,
GSE86460,0.0036040084973120636,-0.06633332255743153,
GSE57533,0.0036040084973120636,-0.06633332255743153,
GSE58619,0.0036040084973120636,-0.06633332255743153,
GSE57698,0.0036040084973120636,-0.06633332255743153,
GSE57680,0.0036040084973120636,-0.06633332255743153,
GSE57654,0.0036040084973120636,-0.06633332255743153,
GSE57575,0.0036040084973120636,-0.06633332255743153,
GSE57567,0.0036040084973120636,-0.06633332255743153,
GSE85702,0.0036040084973120636,-0.06633332255743153,
GSE85657,0.0036040084973120636,-0.06633332255743153,
GSE58926,0.0036040084973120636,-0.06633332255743153,
GSE58905,0.0036040084973120636,-0.06633332255743153,
GSE58843,0.0036040084973120636,-0.06633332255743153,
GSE58827,0.0036040084973120636,-0.06633332255743153,
GSE85929,0.0036040084973120636,-0.06633332255743153,
GSE58669,0.0036040084973120636,-0.06633332255743153,
GSE58664,0.0036040084973120636,-0.06633332255743153,
GSE85019,0.0036040084973120636,-0.06633332255743153,
GSE84994,0.0036040084973120636,-0.06633332255743153,
GSE84989,0.0036040084973120636,-0.06633332255743153,
GSE84961,0.0036040084973120636,-0.06633332255743153,
GSE84953,0.0036040084973120636,-0.06633332255743153,
GSE84946,0.0036040084973120636,-0.06633332255743153,
GSE58996,0.0036040084973120636,-0.06633332255743153,
GSE58993,0.0036040084973120636,-0.06633332255743153,
GSE85249,0.0036040084973120636,-0.06633332255743153,
GSE85193,0.0036040084973120636,-0.06633332255743153,
GSE85154,0.0036040084973120636,-0.06633332255743153,
GSE58746,0.0036040084973120636,-0.06633332255743153,
GSE100067,0.0036040084973120636,-0.06633332255743153,
GSE57482,0.0036040084973120636,-0.06633332255743153,
GSE57415,0.0036040084973120636,-0.06633332255743153,
GSE57396,0.0036040084973120636,-0.06633332255743153,
GSE57313,0.0036040084973120636,-0.06633332255743153,
GSE57170,0.0036040084973120636,-0.06633332255743153,
GSE58384,0.0036040084973120636,-0.06633332255743153,
GSE58372,0.0036040084973120636,-0.06633332255743153,
GSE58371,0.0036040084973120636,-0.06633332255743153,
GSE58363,0.0036040084973120636,-0.06633332255743153,
GSE58360,0.0036040084973120636,-0.06633332255743153,
GSE58359,0.0036040084973120636,-0.06633332255743153,
GSE85391,0.0036040084973120636,-0.06633332255743153,
GSE58313,0.0036040084973120636,-0.06633332255743153,
GSE58609,0.0036040084973120636,-0.06633332255743153,
GSE58510,0.0036040084973120636,-0.06633332255743153,
GSE58498,0.0036040084973120636,-0.06633332255743153,
GSE58453,0.0036040084973120636,-0.06633332255743153,
GSE58432,0.0036040084973120636,-0.06633332255743153,
GSE58429,0.0036040084973120636,-0.06633332255743153,
GSE85576,0.0036040084973120636,-0.06633332255743153,
GSE85535,0.0036040084973120636,-0.06633332255743153,
GSE85519,0.0036040084973120636,-0.06633332255743153,
GSE85512,0.0036040084973120636,-0.06633332255743153,
GSE85498,0.0036040084973120636,-0.06633332255743153,
GSE85414,0.0036040084973120636,-0.06633332255743153,
GSE58318,0.0036040084973120636,-0.06633332255743153,
GSE81197,0.0036040084973120636,-0.06633332255743153,
GSE81191,0.0036040084973120636,-0.06633332255743153,
GSE81140,0.0036040084973120636,-0.06633332255743153,
GSE81097,0.0036040084973120636,-0.06633332255743153,
GSE81082,0.0036040084973120636,-0.06633332255743153,
GSE64478,0.0036040084973120636,-0.06633332255743153,
GSE64452,0.0036040084973120636,-0.06633332255743153,
GSE64428,0.0036040084973120636,-0.06633332255743153,
GSE64425,0.0036040084973120636,-0.06633332255743153,
GSE81286,0.0036040084973120636,-0.06633332255743153,
GSE81251,0.0036040084973120636,-0.06633332255743153,
GSE81222,0.0036040084973120636,-0.06633332255743153,
GSE83736,0.0036040084973120636,-0.06633332255743153,
GSE66138,0.0036040084973120636,-0.06633332255743153,
GSE66137,0.0036040084973120636,-0.06633332255743153,
GSE66068,0.0036040084973120636,-0.06633332255743153,
GSE66066,0.0036040084973120636,-0.06633332255743153,
GSE66049,0.0036040084973120636,-0.06633332255743153,
GSE66040,0.0036040084973120636,-0.06633332255743153,
GSE66008,0.0036040084973120636,-0.06633332255743153,
GSE80664,0.0036040084973120636,-0.06633332255743153,
GSE80588,0.0036040084973120636,-0.06633332255743153,
GSE80587,0.0036040084973120636,-0.06633332255743153,
GSE80503,0.0036040084973120636,-0.06633332255743153,
GSE80436,0.0036040084973120636,-0.06633332255743153,
GSE66211,0.0036040084973120636,-0.06633332255743153,
GSE64936,0.0036040084973120636,-0.06633332255743153,
GSE64899,0.0036040084973120636,-0.06633332255743153,
GSE64856,0.0036040084973120636,-0.06633332255743153,
GSE64840,0.0036040084973120636,-0.06633332255743153,
GSE63820,0.0036040084973120636,-0.06633332255743153,
GSE63810,0.0036040084973120636,-0.06633332255743153,
GSE81670,0.0036040084973120636,-0.06633332255743153,
GSE81587,0.0036040084973120636,-0.06633332255743153,
GSE81530,0.0036040084973120636,-0.06633332255743153,
GSE64296,0.0036040084973120636,-0.06633332255743153,
GSE64156,0.0036040084973120636,-0.06633332255743153,
GSE64092,0.0036040084973120636,-0.06633332255743153,
GSE65321,0.0036040084973120636,-0.06633332255743153,
GSE64063,0.0036040084973120636,-0.06633332255743153,
GSE64027,0.0036040084973120636,-0.06633332255743153,
GSE63961,0.0036040084973120636,-0.06633332255743153,
GSE63889,0.0036040084973120636,-0.06633332255743153,
GSE65141,0.0036040084973120636,-0.06633332255743153,
GSE65118,0.0036040084973120636,-0.06633332255743153,
GSE65831,0.0036040084973120636,-0.06633332255743153,
GSE65818,0.0036040084973120636,-0.06633332255743153,
GSE81066,0.0036040084973120636,-0.06633332255743153,
GSE65457,0.0036040084973120636,-0.06633332255743153,
GSE65444,0.0036040084973120636,-0.06633332255743153,
GSE65383,0.0036040084973120636,-0.06633332255743153,
GSE65361,0.0036040084973120636,-0.06633332255743153,
GSE64080,0.0036040084973120636,-0.06633332255743153,
GSE80121,0.0036040084973120636,-0.06633332255743153,
GSE80120,0.0036040084973120636,-0.06633332255743153,
GSE80087,0.0036040084973120636,-0.06633332255743153,
GSE80326,0.0036040084973120636,-0.06633332255743153,
GSE80304,0.0036040084973120636,-0.06633332255743153,
GSE80280,0.0036040084973120636,-0.06633332255743153,
GSE80262,0.0036040084973120636,-0.06633332255743153,
GSE80222,0.0036040084973120636,-0.06633332255743153,
GSE66007,0.0036040084973120636,-0.06633332255743153,
GSE66003,0.0036040084973120636,-0.06633332255743153,
GSE66001,0.0036040084973120636,-0.06633332255743153,
GSE65994,0.0036040084973120636,-0.06633332255743153,
GSE80433,0.0036040084973120636,-0.06633332255743153,
GSE79848,0.0036040084973120636,-0.06633332255743153,
GSE79824,0.0036040084973120636,-0.06633332255743153,
GSE79812,0.0036040084973120636,-0.06633332255743153,
GSE79758,0.0036040084973120636,-0.06633332255743153,
GSE79739,0.0036040084973120636,-0.06633332255743153,
GSE79702,0.0036040084973120636,-0.06633332255743153,
GSE67245,0.0036040084973120636,-0.06633332255743153,
GSE79993,0.0036040084973120636,-0.06633332255743153,
GSE79951,0.0036040084973120636,-0.06633332255743153,
GSE79941,0.0036040084973120636,-0.06633332255743153,
GSE79937,0.0036040084973120636,-0.06633332255743153,
GSE79929,0.0036040084973120636,-0.06633332255743153,
GSE65973,0.0036040084973120636,-0.06633332255743153,
GSE80378,0.0036040084973120636,-0.06633332255743153,
GSE66243,0.0036040084973120636,-0.06633332255743153,
GSE65524,0.0036040084973120636,-0.06633332255743153,
GSE65506,0.0036040084973120636,-0.06633332255743153,
GSE80964,0.0036040084973120636,-0.06633332255743153,
GSE80812,0.0036040084973120636,-0.06633332255743153,
GSE80745,0.0036040084973120636,-0.06633332255743153,
GSE80682,0.0036040084973120636,-0.06633332255743153,
GSE80671,0.0036040084973120636,-0.06633332255743153,
GSE65732,0.0036040084973120636,-0.06633332255743153,
GSE65713,0.0036040084973120636,-0.06633332255743153,
GSE65697,0.0036040084973120636,-0.06633332255743153,
GSE80122,0.0036040084973120636,-0.06633332255743153,
GSE65619,0.0036040084973120636,-0.06633332255743153,
GSE65617,0.0036040084973120636,-0.06633332255743153,
GSE65582,0.0036040084973120636,-0.06633332255743153,
GSE66775,0.0036040084973120636,-0.06633332255743153,
GSE66716,0.0036040084973120636,-0.06633332255743153,
GSE66706,0.0036040084973120636,-0.06633332255743153,
GSE66634,0.0036040084973120636,-0.06633332255743153,
GSE66619,0.0036040084973120636,-0.06633332255743153,
GSE66582,0.0036040084973120636,-0.06633332255743153,
GSE80206,0.0036040084973120636,-0.06633332255743153,
GSE80187,0.0036040084973120636,-0.06633332255743153,
GSE80162,0.0036040084973120636,-0.06633332255743153,
GSE80160,0.0036040084973120636,-0.06633332255743153,
GSE65686,0.0036040084973120636,-0.06633332255743153,
GSE83332,0.0036040084973120636,-0.06633332255743153,
GSE83311,0.0036040084973120636,-0.06633332255743153,
GSE83265,0.0036040084973120636,-0.06633332255743153,
GSE83243,0.0036040084973120636,-0.06633332255743153,
GSE83229,0.0036040084973120636,-0.06633332255743153,
GSE83222,0.0036040084973120636,-0.06633332255743153,
GSE83467,0.0036040084973120636,-0.06633332255743153,
GSE83465,0.0036040084973120636,-0.06633332255743153,
GSE83405,0.0036040084973120636,-0.06633332255743153,
GSE83373,0.0036040084973120636,-0.06633332255743153,
GSE83368,0.0036040084973120636,-0.06633332255743153,
GSE83358,0.0036040084973120636,-0.06633332255743153,
GSE81311,0.0036040084973120636,-0.06633332255743153,
GSE82158,0.0036040084973120636,-0.06633332255743153,
GSE82157,0.0036040084973120636,-0.06633332255743153,
GSE82073,0.0036040084973120636,-0.06633332255743153,
GSE82072,0.0036040084973120636,-0.06633332255743153,
GSE63809,0.0036040084973120636,-0.06633332255743153,
GSE63804,0.0036040084973120636,-0.06633332255743153,
GSE63792,0.0036040084973120636,-0.06633332255743153,
GSE63772,0.0036040084973120636,-0.06633332255743153,
GSE83153,0.0036040084973120636,-0.06633332255743153,
GSE83134,0.0036040084973120636,-0.06633332255743153,
GSE82294,0.0036040084973120636,-0.06633332255743153,
GSE82282,0.0036040084973120636,-0.06633332255743153,
GSE83338,0.0036040084973120636,-0.06633332255743153,
GSE83651,0.0036040084973120636,-0.06633332255743153,
GSE83636,0.0036040084973120636,-0.06633332255743153,
GSE83550,0.0036040084973120636,-0.06633332255743153,
GSE83541,0.0036040084973120636,-0.06633332255743153,
GSE83506,0.0036040084973120636,-0.06633332255743153,
GSE62122,0.0036040084973120636,-0.06633332255743153,
GSE61401,0.0036040084973120636,-0.06633332255743153,
GSE61329,0.0036040084973120636,-0.06633332255743153,
GSE61239,0.0036040084973120636,-0.06633332255743153,
GSE61205,0.0036040084973120636,-0.06633332255743153,
GSE61184,0.0036040084973120636,-0.06633332255743153,
GSE61008,0.0036040084973120636,-0.06633332255743153,
GSE62571,0.0036040084973120636,-0.06633332255743153,
GSE83762,0.0036040084973120636,-0.06633332255743153,
GSE62479,0.0036040084973120636,-0.06633332255743153,
GSE62398,0.0036040084973120636,-0.06633332255743153,
GSE62378,0.0036040084973120636,-0.06633332255743153,
GSE62268,0.0036040084973120636,-0.06633332255743153,
GSE62205,0.0036040084973120636,-0.06633332255743153,
GSE63282,0.0036040084973120636,-0.06633332255743153,
GSE63271,0.0036040084973120636,-0.06633332255743153,
GSE63268,0.0036040084973120636,-0.06633332255743153,
GSE83218,0.0036040084973120636,-0.06633332255743153,
GSE62698,0.0036040084973120636,-0.06633332255743153,
GSE62689,0.0036040084973120636,-0.06633332255743153,
GSE62573,0.0036040084973120636,-0.06633332255743153,
GSE83848,0.0036040084973120636,-0.06633332255743153,
GSE81882,0.0036040084973120636,-0.06633332255743153,
GSE81875,0.0036040084973120636,-0.06633332255743153,
GSE81842,0.0036040084973120636,-0.06633332255743153,
GSE63418,0.0036040084973120636,-0.06633332255743153,
GSE63404,0.0036040084973120636,-0.06633332255743153,
GSE63348,0.0036040084973120636,-0.06633332255743153,
GSE63340,0.0036040084973120636,-0.06633332255743153,
GSE82043,0.0036040084973120636,-0.06633332255743153,
GSE82014,0.0036040084973120636,-0.06633332255743153,
GSE82013,0.0036040084973120636,-0.06633332255743153,
GSE63674,0.0036040084973120636,-0.06633332255743153,
GSE63647,0.0036040084973120636,-0.06633332255743153,
GSE82210,0.0036040084973120636,-0.06633332255743153,
GSE63510,0.0036040084973120636,-0.06633332255743153,
GSE63493,0.0036040084973120636,-0.06633332255743153,
GSE63467,0.0036040084973120636,-0.06633332255743153,
GSE63424,0.0036040084973120636,-0.06633332255743153,
GSE64757,0.0036040084973120636,-0.06633332255743153,
GSE64706,0.0036040084973120636,-0.06633332255743153,
GSE64622,0.0036040084973120636,-0.06633332255743153,
GSE64608,0.0036040084973120636,-0.06633332255743153,
GSE64559,0.0036040084973120636,-0.06633332255743153,
GSE64526,0.0036040084973120636,-0.06633332255743153,
GSE81441,0.0036040084973120636,-0.06633332255743153,
GSE81424,0.0036040084973120636,-0.06633332255743153,
GSE81384,0.0036040084973120636,-0.06633332255743153,
GSE63526,0.0036040084973120636,-0.06633332255743153,
GSE82185,0.0036040084973120636,-0.06633332255743153,
GSE82180,0.0036040084973120636,-0.06633332255743153,
GSE62899,0.0036040084973120636,-0.06633332255743153,
GSE62824,0.0036040084973120636,-0.06633332255743153,
GSE62822,0.0036040084973120636,-0.06633332255743153,
GSE62795,0.0036040084973120636,-0.06633332255743153,
GSE62786,0.0036040084973120636,-0.06633332255743153,
GSE62784,0.0036040084973120636,-0.06633332255743153,
GSE62741,0.0036040084973120636,-0.06633332255743153,
GSE83217,0.0036040084973120636,-0.06633332255743153,
GSE63243,0.0036040084973120636,-0.06633332255743153,
GSE63166,0.0036040084973120636,-0.06633332255743153,
GSE81902,0.0036040084973120636,-0.06633332255743153,
GSE63078,0.0036040084973120636,-0.06633332255743153,
GSE63031,0.0036040084973120636,-0.06633332255743153,
GSE62917,0.0036040084973120636,-0.06633332255743153,
GSE62902,0.0036040084973120636,-0.06633332255743153,
GSE81836,0.0036040084973120636,-0.06633332255743153,
GSE81803,0.0036040084973120636,-0.06633332255743153,
GSE81783,0.0036040084973120636,-0.06633332255743153,
GSE81724,0.0036040084973120636,-0.06633332255743153,
GSE64379,0.0036040084973120636,-0.06633332255743153,
GSE64359,0.0036040084973120636,-0.06633332255743153,
GSE81999,0.0036040084973120636,-0.06633332255743153,
GSE81990,0.0036040084973120636,-0.06633332255743153,
GSE81904,0.0036040084973120636,-0.06633332255743153,
GSE63093,0.0036040084973120636,-0.06633332255743153,
