ID,prob,log2(prob/prior),related_words
GSE60367,0.7683959560560532,3.854965752939675,"acute,aggressive,bone,cell,cells,characterized,genes,high,inhibition,inhibitor,leukemia,lymphoblastic,marrow,myc,samples,tall,target,tcell,treated"
GSE78146,0.7188162063100347,3.758738762563269,"analyzed,cell,cells,chronic,cll,leukemia,lymphocytic,lymphoma,profiling,ptcl,tcell"
GSE102757,0.6229600509379282,3.552255475933595,"activation,acute,cell,cells,characterized,hours,lines,lymphoblastic,lymphoid,mutations,notch,notch1,prognosis,relapse,resistance,signature,tall,tcell,therapeutic,treated,vitro"
GSE65422,0.5812720653168023,3.452329404007635,"abc,activated,bcl6,cell,cells,center,dlbcl,germinal,lymphoma,lymphomas,mutations,profiling,samples"
GSE83755,0.4961615880184851,3.2239258751585846,"acute,cells,leukemia,lymphoblastic,notch1,tall,tcell"
GSE64899,0.37038250629344893,2.80213178620159,"activating,cells,leukemia,leukemias,mutations,myc,notch1,profiling,relapse,tall,targets"
GSE64893,0.3635124825998927,2.7751207320687135,"activating,cells,leukemia,leukemias,mutations,myc,notch1,profiling,relapse,tall,targets"
GSE54447,0.36096041748106356,2.7649564680358876,"activating,cells,leukemia,leukemias,mutations,myc,notch1,profiling,relapse,tall,targets"
GSE63751,0.3394376404707129,2.676262381772831,"acute,bone,cell,leukemia,lymphoblastic,marrow"
GSE97389,0.3206300742421716,2.594025579357371,"acute,bone,cells,leukemia,marrow,treated"
GSE84873,0.2991337902234161,2.4939067134215613,"activated,analyzed,bone,cell,cells,leukemia,marrow,purified,samples,treated"
GSE56690,0.24706166582783476,2.2179870055650337,"activation,acute,cell,cells,leukemia,lymphoblastic,notch1,samples,tall,tcell"
GSE79035,0.2469583014121134,2.217383291780043,"activation,bcell,bcells,cell,cells,ezh2,h3k27,lines,lymphoma,mutations,samples"
GSE79068,0.23861171091138358,2.1677806779155495,"acute,apoptosis,bone,cell,cells,hours,identified,improve,inhibition,leukemia,leukemic,marrow,prognosis,resistant,survival,therapeutic"
GSE89952,0.23044956139327452,2.117566848432812,"lymphoblastic,lymphomas,samples,tall,tcell"
GSE66145,0.2063966716095197,1.958535532372125,"activated,acute,cell,combination,genes,inhibitor,leukemia,lymphoblastic,myc,notch,notch1,tall,target,tcell"
GSE83127,0.1866715387283821,1.8136178073627383,"apoptosis,cell,cells,genes,inhibitor,lines,signature,tall,treated"
GSE73457,0.1862150423799101,1.8100854445451797,"bone,cell,cells,leukemia,lines,marrow,mll,mllenl"
GSE64099,0.18538606191985757,1.803648606931751,"cell,genes,lines,lymphoma,profiling,purified"
GSE68391,0.18146297201433073,1.7727910192097245,"acute,aggressive,bone,cell,cells,high,identified,ikzf1,inhibitor,leukemia,lymphoblastic,lymphoid,marrow,mutations,outcome,therapeutic,treated"
GSE60827,0.1747949041432714,1.7187789526480064,"genes,lymphoma"
GSE75576,0.17428755201051913,1.7145853593672138,"apoptosis,cells,ff,leukemia,leukemic,mll,samples"
GSE76183,0.16203333696131764,1.609406492295293,"activated,aggressive,bcells,bcll,btk,cll,inhibitor,malignant,mutations,novel,survival"
GSE63312,0.16002582236989354,1.5914205491946378,"activated,activation,acute,cell,cells,leukemia,signature,targets"
GSE74650,0.15674300087840126,1.5615168496884049,"acute,cells,high,inhibition,leukemia,profiling"
GSE78224,0.15442383511885435,1.5400112744904724,"acute,cells,high,inhibition,leukemia,profiling"
GSE64545,0.15421996951163214,1.538105414473794,"aggressive,cell,cells,ff,high,ikzf2,leukemia,leukemic,mll,myc,profiling,resistance,shrna,signature,survival,target,therapeutic"
GSE97037,0.15397684001483267,1.535829194985161,"bcell,lymphoma,treated"
GSE49088,0.1536183216766808,1.5324661195720257,"activated,activation,acute,cell,leukemia,samples,targets,treated"
GSE77456,0.15326950724725533,1.5291865299838918,"activating,acute,bcell,cell,cells,genes,leukemia,leukemias,lymphoblastic,lymphomas,malignancies,mutations,nfkb,precursor,tall,tcell"
GSE52623,0.14950107861522077,1.4932717197548004,"acute,cell,cells,genes,inhibitor,leukemia,lines,malignant,myc,survival,targets"
GSE58732,0.14872823711103952,1.485794405872015,"apoptosis,bone,cells,center,genes,hours,leukemia,leukemias,marrow,samples,treated"
GSE52870,0.1477112888201798,1.4758959147249633,"activated,acute,ball,cell,leukemia,leukemias,lymphoblastic,mutations"
GSE66232,0.1473675475530876,1.472534683863406,"activation,apoptosis,ball,cell,identified,large,leukemia,lymphoblastic,survival"
GSE83760,0.1471551871699713,1.4704542242684335,"cell,cells,genes,high,identified,inhibitor,lymphoma,lymphomas,samples,survival,targets,therapeutic"
GSE74176,0.1461664941753231,1.4607284660103323,"activated,activating,activation,aggressive,cell,characterized,high,inhibition,inhibitor,lines,lymphoma,lymphomas,mutations,novel,ptcl,subtypes,tcell,tcells,therapeutic"
GSE76602,0.1456624538676629,1.455744881069652,"acute,cells,ezh2,genes,leukemia,lymphoblastic,precursor,survival,tcell,vitro"
GSE96061,0.14147300078591493,1.41364257682581,"acute,cell,cells,ezh1,ezh2,leukemia"
GSE90067,0.14109595617471365,1.4097924673200686,"acute,cell,identified,leukemia,malignancies"
GSE97450,0.13915643491551777,1.3898234503562243,"acute,blineage,bone,cases,cell,cells,combined,high,leukemia,leukemias,lymphoblastic,marrow,samples"
GSE90655,0.13860489646690205,1.3840940507562731,"acute,bcell,cases,cell,cells,identified,leukemia,leukemic,malignant,mutations,relapse,stable,op9"
GSE72910,0.13743147516538237,1.3718282809961933,"acute,cell,combined,identified,inhibition,leukemia,lines,lymphoblastic,mutations"
GSE42990,0.1373760831866257,1.3712466832074075,"bone,cells,genes,identified,leukemia,marrow,mll,mutations,target,therapeutic,vitro"
GSE61969,0.13508919220670432,1.3470280832384671,"bone,cells,leukemia,leukemias,marrow"
GSE66068,0.13497792168126466,1.3458392717462322,"activation,acute,cells,inhibition,leukemia,target,treated"
GSE90059,0.12971270261748025,1.288435594580297,"acute,cell,cells,identified,leukemia,malignancies,myc"
GSE109653,0.1260698873693804,1.2473395461012462,"activated,activation,acute,cells,identified,leukemia,lymphoblastic,mutations,precursor,tcell"
GSE104138,0.12460008070960164,1.230420829454262,"acute,aggressive,bone,cells,genes,leukemia,marrow,mll,novel,target,therapeutic,translocations,vitro"
GSE80682,0.12328631404645239,1.2151284823445117,"analyzed,bcell,blineage,cebpa,cells,genes,identified,induction,leukemia,leukemic,lymphoid,targets"
GSE75580,0.12243148984112216,1.2050904989539286,"cells,ff,leukemia,leukemic,samples"
GSE89622,0.1196541078941876,1.1719857540685081,"acute,ball,bone,cells,leukemia,lymphoblastic,marrow,samples,treated"
GSE79685,0.11551925045765261,1.1212491130826312,"cells,lymphoma,profiling"
GSE100820,0.11233887113793532,1.0809730374483721,"acute,cells,inhibition,inhibitor,leukemia,leukemias,malignancies,mll,prognosis,targets"
GSE74690,0.1115411666774762,1.0706920927899153,"acute,cell,cells,leukemia,purified"
GSE35681,0.11057008383637026,1.0580769251879767,"chop,genes,identified,inhibitor,target,treated"
GSE40688,0.11024488176899844,1.0538275053373007,"activation,cell,cells,genes,high,leukemia,lymphoma,tcell"
GSE68822,0.10754228965740896,1.0180199197188002,"cells,inhibitor,leukemia,mll,profiling"
GSE83204,0.10716538713696133,1.0129548380803963,"acute,cell,leukemia,leukemic,lymphoblastic,resistance,subtypes"
GSE49087,0.10493739286444702,0.9826446788348779,"activated,activation,acute,cell,cells,hours,leukemia,targets,treated,vitro"
GSE87050,0.10091085170993813,0.9261971533240779,"activated,activation,aggressive,apoptosis,bcell,cell,identified,induction,inhibition,inhibitor,lines,lymphoma,lymphomas,myc,resistance,resistant"
GSE87144,0.10016960962850165,0.9155607034990473,"analyzed,cell,genes,lines,lymphoma,treated,vitro"
GSE74018,0.10005808917849897,0.9139536329711238,"acute,cells,genes,leukemia,leukemic,mllenl,novel,profiling,target,therapeutic"
GSE81842,0.09976440426541368,0.909712888443648,"bl,bone,cells,chronic,leukemia,leukemic,marrow"
GSE74178,0.0993369899220132,0.9035187630496968,"apoptosis,cell,cells,characterized,genes,ikzf2,leukemia,mutations,myc,novel,profiling,shrna,signature,survival,targets,therapeutic,vitro"
GSE77010,0.09616171522490265,0.85665036115597,"bcell,cells,fl,hours,lymphoma,lymphomas"
GSE90976,0.09600882814732727,0.8543548014796559,"cell,cells,genes,lymphoma,mutations,prognosis,samples"
GSE53401,0.09486300190458018,0.8370332543904664,"acute,ball,bone,cell,cells,ikzf1,large,leukemia,leukemias,lymphoblastic,marrow,precursor,prognosis,survival,therapeutic"
GSE43725,0.09359424284289887,0.8176075213651445,"acute,aggressive,cell,cells,genes,inhibition,leukemia,target,therapeutic"
GSE105159,0.08975498425521751,0.7571797883029348,"acute,bone,cell,cells,improve,leukemia,marrow,outcome,therapeutic"
GSE68461,0.08881922708548647,0.7420597485716154,"acute,bone,cell,cells,leukemia,leukemic,marrow,bmkminusiplus"
GSE87870,0.0879274620928146,0.7275015596099966,"acute,leukemia,samples"
GSE94133,0.08702694029916953,0.712649806449543,"agents,antibodies,cell,hours,identified,inhibition,lines,lymphoma,lymphomas,myc,novel,samples,target,therapeutic,treated"
GSE71295,0.08693401951028727,0.7111085827840478,"activation,cell,cells,center,gc,genes,germinal,high,treated"
GSE81329,0.08684890702700392,0.7096954247734742,"acute,bone,leukemia,leukemic,marrow,novel,samples"
GSE99364,0.0868426451303208,0.7095914012077568,"analyzed,cases,high,inhibitor,lymphoma,malignant,novel,target,tcell,therapeutic"
GSE71185,0.08614552249681125,0.6979635445227649,"acute,cells,h3k36,inhibition,leukemia,target,therapeutic"
GSE81467,0.08554646042594832,0.6878958946372233,"activation,bcell,bcells,blineage,cell,cells,fl,genes,vitro"
GSE93827,0.08463289692817663,0.6724062816885616,"bcell,cell,cells,center,germinal,identified,lmp1,lmp12a,lmp2a,lymphoma,lymphomas,profiling,survival"
GSE64779,0.08415657324718037,0.6642636927472966,"activation,cell,cells,center,germinal,lymphoma,lymphomas,signature,hif1afoxoaktmtorc1"
GSE69654,0.08265042033831603,0.6382098884041966,"acute,bone,cells,genes,leukemia,samples"
GSE89897,0.08009229936147992,0.5928512701260221,"activation,bcl6,cd38,cell,cells,center,gc,germinal,identified,precursor,samples,survival"
GSE57500,0.07736299254490797,0.5428313337304539,"activating,activation,cell,cells,ezh1,ezh2,ezh2prc2,genes,h3k27,mutations,prognosis,survival,targets,therapeutic"
GSE65383,0.07691990724158433,0.5345447546199239,"aggressive,bone,cells,genes,identified,leukemia,leukemic,marrow,outcome,survival,vitro"
GSE53683,0.07691170980510928,0.5343909968789756,"acute,bcell,bcl6,cell,cells,diagnosis,fl,high,inhibition,leukemia,lymphoblastic,outcome,profiling,survival,target,therapeutic"
GSE74064,0.07669452389645924,0.5303113025253025,"activation,acute,analyzed,bone,cells,genes,hours,inhibition,inhibitor,leukemia,leukemias,leukemic,marrow,mutations,purified,survival,therapeutic"
GSE51008,0.07613580230302429,0.5197627617585232,"bcell,bcells,cell,cells,genes,myc,profiling,target,targets"
GSE89412,0.07589863157375124,0.5152616062794786,"activation,bone,cell,cells,center,genes,germinal,lymph,marrow"
GSE85018,0.075883344166597,0.5149709911856052,"acute,bcl6,cd38,cell,cells,gc,gcmp,profiling"
GSE84462,0.07535247964703523,0.5048427195102195,"activated,activation,aggressive,ezh2,h3k27,myc"
GSE72831,0.07503184043017402,0.49869067774399767,"antibodies,bcl6,cell,cells,center,combined,gc,germinal,profiling"
GSE47454,0.07482102782766646,0.4946315162428731,"acute,cell,identified,large,leukemia,lines,mutations,resistance,resistant"
GSE71531,0.07413615269108183,0.48136497988233884,"acute,cells,inhibition,leukemia,mllenl"
GSE70440,0.07392329489388627,0.4772167933936587,"activated,activation,cells,combined,ezh1,ezh2,genes,signature,target"
GSE76755,0.07351697993641686,0.4692652339058859,"cell,cells,ezh2,vitro"
GSE86204,0.07291046777312084,0.45731368919108345,"activation,cell,combination,combined,genes,identified,notch,notch1"
GSE84987,0.07212487955438604,0.44168473621825416,"acute,ball,bcells,bone,cell,genes,identified,large,leukemia,leukemic,lymph,lymphoblastic,marrow,samples,survival,target"
GSE80745,0.07116947463386243,0.4224463178727302,"activating,acute,cells,induction,inhibition,leukemia,target,vitro"
GSE74290,0.07056048387993889,0.4100481861442442,"bcell,blineage,bone,cell,cells,combination,lymphoid,marrow,novel,targets,vitro"
GSE103126,0.06909408949293099,0.37975003531016926,"cells,ezh2,genes"
GSE87623,0.0689546630850847,0.37683584953438687,"acute,bone,cell,cells,characterized,genes,leukemia,leukemic,malignancies,marrow,mutations,vitro"
GSE39160,0.06848333607415583,0.3669407141110818,"aggressive,ball,bcell,blineage,bone,cell,cells,genes,high,ikarosznf1,ikarosznf4,ikzf1,ikznf1,leukemia,leukemias,lymphoid,malignancies,marrow,mutations,prognosis,target,vitro"
GSE69900,0.06813227060991442,0.35952601923927946,"cells,hours,inhibitor,leukemia,treated"
GSE89378,0.06802988614346114,0.3573564062810762,"bone,cell,cells,identified,marrow"
GSE57147,0.06793617938098585,0.35536781740187456,"acute,aggressive,cell,cells,leukemia,leukemic"
GSE93554,0.06787066475688476,0.3539758753207754,"cell,cells,center,gc,genes,germinal"
GSE77482,0.06725398940226662,0.34080758033830955,"activated,activation,apoptosis,bcells,cell,cells,lymphoma,lymphomas,myc,n4,samples,target,therapeutic"
GSE84374,0.06692625243779818,0.33375996398073515,"activated,aid,analyzed,blineage,cell,cells,center,gc,genes,germinal,high,hours,vitro"
GSE77847,0.06670529930393657,0.3289891104385921,"acute,cases,cell,genes,identified,leukemia,mutations,prognosis,survival"
GSE84993,0.06659732283064586,0.32665191475370575,"bone,cases,cell,cells,genes,leukemia,leukemic,marrow"
GSE64156,0.06617854658410187,0.3175513391720761,"analyzed,bcell,cells,genes,identified,large,nfkb"
GSE89198,0.0661514763014203,0.3169610851651118,"cell,gsi,inhibitor,notch,precursor,samples,tcell"
GSE98418,0.06611536174403661,0.3161732490770028,"activated,activation,cell,genes,myc,profiling"
GSE47877,0.06592113585572544,0.3119288328272186,"analyzed,cell,cells,center,gc,germinal,lymphomas,micrornas,novel,samples"
GSE107915,0.06587959104634206,0.311019331129225,"cell,lymphoblastic,lymphomas,purified"
GSE105806,0.06587114800340488,0.31083442535518513,"acute,bcl6,cell,cells,center,chronic,gc,germinal,lymphocytic,survival"
GSE69276,0.06585295317066715,0.3104358711818259,"cell,cells,genes,notch,notch1"
GSE73611,0.06564581526815728,0.3058907780916733,"acute,bcell,bcl6,cells,combined,genes,leukemia,lymphoma,malignancies,myc,purified"
GSE70046,0.06500516964749983,0.29174218719875356,"activation,cell,ezh2,high,inhibitor,malignant,novel,samples,target"
GSE73175,0.06384463535457785,0.26575313201182443,"bone,cell,cells,genes,high,mcs,novel"
GSE41317,0.0637212260872202,0.2629617583394775,"antibodies,bcl6,cell,cells,lymphoma,treated"
GSE84857,0.06371190208473007,0.26275064067532355,"cells,ezh2,genes,profiling,treated"
GSE99656,0.06364148298043423,0.26115518559019407,"activation,acute,ball,bcell,bone,cell,cells,chronic,induction,leukemia,lymphoblastic,lymphoid,marrow,profiling,resistance"
GSE48553,0.06351526257147029,0.2582910415435771,"acute,cell,cells,characterized,genes,h3k27,inhibition,leukemia,lymphoblastic,samples,signature"
GSE73560,0.06332310673293713,0.25391976983870407,"activated,activating,activation,bcell,cell,cells,genes,irf4,novel,target"
GSE77744,0.06314974528384845,0.2499646465764652,"activated,activation,aid,bcell,bcells,cell,cells,center,gc,genes,germinal,identified,samples,targets"
GSE77846,0.06277476406584033,0.2413724329478971,"acute,cases,genes,identified,leukemia,mutations,prognosis,survival"
GSE38841,0.06264669866486768,0.23842621658140833,"acute,cell,cells,combined,genes,ikarosznf1,ikarosznf4,leukemia,lymphoblastic,profiling,stable,target,tcell,vitro"
GSE62734,0.06257986128361306,0.23688619236165842,"cell,cells,induction,leukemic,mllenl"
GSE61608,0.06250734615011619,0.23521348357950128,"activating,activation,bcr,cell,cells,hours,large,signature"
GSE68462,0.06220895274696823,0.22830995119114705,"activating,acute,cells,doxycycline,induction,inhibition,leukemia,target,treated,vitro"
GSE73559,0.0621866807152854,0.22779334543725757,"activated,activating,activation,bcell,cell,cells,genes,irf4,novel,target"
GSE73561,0.061980435939163504,0.22300063385010294,"activated,activating,activation,bcell,cell,cells,genes,irf4,novel,target"
GSE88996,0.06168977476816442,0.2162191106408778,"cell,cells,combination"
GSE66793,0.06153497979721918,0.21259448091131972,"acute,bone,cells,induction,leukemia,lines,marrow,mutations,samples"
GSE71387,0.06131438470795626,0.2074133098949149,"aggressive,analyzed,cell,cells,diffuse,ezh2,h3k27m,identified,induction,inhibition,inhibitor,lines,mutations,pediatric,therapeutic,vitro"
GSE63853,0.06125292433736287,0.20596645461207236,"activation,cell,cells,construct,doxycycline,ezh2,inhibition,inhibitor,nodscid,treated"
GSE94840,0.06102259920579298,0.20053136329558893,"acute,agents,bone,cell,cells,cytarabine,high,leukemia,leukemic,marrow,profiling,relapse,resistance,samples,therapeutic,vitro"
GSE73729,0.06100393605430115,0.20009006196293735,"cell,cells,center,gc,germinal,high,signature"
GSE97732,0.060831052621823485,0.1959957005516028,"ezh1,ezh2,genes"
GSE97654,0.06064836649806566,0.19165652004877948,"activation,cell,cells,combined,ink4aarf,lines,myc,subtypes"
GSE75976,0.060599508717868844,0.1904938294715077,"acute,analyzed,ball,cell,cells,genes,identified,leukemia,lymphoblastic,n4,outcome,relapse,samples,survival,target"
GSE75615,0.060468866271929295,0.18738026191833543,"acute,ball,bcell,bone,chronic,leukemia,lymphoblastic,lymphoid,marrow,profiling,resistance,samples,targets,vitro"
GSE48048,0.060081637706455596,0.17811187009792875,"bcell,cells,genes,leukemia,leukemic,myc,profiling,target,tcell"
GSE69858,0.059974413933113,0.1755348863460198,"cells,doxycycline,identified,induction,leukemia,lymphoid,malignant,profiling,target,op9"
GSE92272,0.059797672300267196,0.17127705849440672,"cell,cells,irf4,samples"
GSE38842,0.0597030349314438,0.16899200270870982,"acute,cell,combined,genes,ikarosznf1,ikarosznf4,leukemia,lymphoblastic,profiling,stable,target,tcell"
GSE76983,0.05956023064135891,0.16553707233103485,"analyzed,bone,cell,cells,identified,marrow"
GSE69376,0.059548142687712385,0.16524424269441448,"activation,cell,cells,chronic,genes,nfkb,notch,notch1,target,therapeutic"
GSE58858,0.05939278281974436,0.1614753626796632,"analyzed,cell,cells,myc"
GSE66882,0.05937889443704388,0.1611379640438598,"apoptosis,bcells,bone,cell,cells,marrow,micrornas,novel"
GSE36567,0.05907005499265647,0.15361468677224965,"activated,activation,cells,genes,high,leukemia,nfkb,treated"
GSE78691,0.05895359943821921,0.15076763198131282,"acute,cells,combination,combined,identified,inhibition,inhibitor,leukemia,leukemias,leukemic,mutations,therapeutic,treated"
GSE77319,0.058907509920036696,0.14963930181251853,"cell,cells,center,gc,germinal,high,signature"
GSE93622,0.058898635856922656,0.14942195208450657,"cells,hours,leukemia,survival,treated"
GSE89665,0.05883962867960443,0.1479758738777928,"cell,cells,signature,tcell,treated"
GSE80669,0.05875443826229084,0.14588556749947676,"activated,cell,cells,center,chronic,gc,germinal,vitro"
GSE67379,0.0586031508171271,0.14216596539274612,"cell,cells,genes,large,leukemia,lines,signature"
GSE52868,0.058573766858903406,0.1414424083553985,"bone,cells,marrow,profiling"
GSE96819,0.058487744440767514,0.13932208482615488,"call,cell,cells,center,gc,genes,germinal,lymph,samples,tcell"
GSE65082,0.05831746802925735,0.13511581520361418,"cell,ezh2,genes,purified,samples"
GSE89196,0.058189119492593325,0.13193714734977569,"genes,myc"
GSE88791,0.05811133170323527,0.13000724813563436,"activation,acute,bone,chronic,combined,malignancies,marrow,micrornas,mir155,nfkb"
GSE49929,0.05805605629708145,0.12863430583689872,"activated,cell,cells,irf4,samples"
GSE60927,0.058004550085136566,0.12735380655738665,"cell,cells,genes,large,profiling,signature,vitro"
GSE85385,0.05769594162424198,0.11965757388982091,"aggressive,cell,cells,diffuse,ezh2,genes,h3k27m,identified,induction,inhibition,inhibitor,lines,mutations,target,targets,therapeutic"
GSE70711,0.057611354756812984,0.1175409155362852,"activated,analyzed,bcr,cell,cells,gc,germinal,high,hours,irf4,vitro"
GSE53599,0.057301149148968715,0.10975180357750436,"acute,apoptosis,cell,cells,doxycycline,inhibition,leukemia,outcome,samples,shrna,targets,treated"
GSE86460,0.05724524791782246,0.10834366788014427,"bone,cells,leukemia,leukemic"
GSE73562,0.05712767921055122,0.10537765389510548,"activated,activating,activation,bcell,cell,genes,irf4,novel,target"
GSE52016,0.056938558070991525,0.10059369000387795,"activation,cells,characterized,combined,ezh1,ezh2,genes,purified,target"
GSE61577,0.05684726673113179,0.09827871638075053,"bone,cell,cells,ezh2,marrow,treated"
GSE93764,0.056751750160160055,0.09585261588254208,"activating,bcell,bcr,cell,cells,identified,samples"
GSE103685,0.05660692914998161,0.09216639321056619,"analyzed,cells,ezh1,ezh2,h3k27,inhibitor,samples,treated"
GSE80222,0.056439617301507386,0.08789593722763439,"aid,ezh2"
GSE72917,0.05617195771965753,0.08103781667509784,"cell,lymphoma,profiling,target"
GSE39756,0.05614556790037612,0.08035987328384753,"cell,cells,genes,irf4,lymphoid"
GSE94144,0.05601866086142407,0.07709522757820109,"activation,ezh2,genes,identified,inhibition,inhibitor,malignancies,target,targets,therapeutic"
GSE84820,0.05583443568281201,0.07234290511006655,"acute,cell,cells,characterized,chronic,high,irf4,profiling"
GSE81420,0.055755004202173136,0.07028902935478118,"acute,bone,genes,high,identified,induction,leukemia,leukemias,leukemic,marrow,mutations,prognosis,samples,target"
GSE35857,0.05542617925174643,0.061755292012345316,"activation,cell,cells,center,genes,germinal,identified,novel,samples,survival"
GSE77636,0.055302538497752886,0.058533436284260776,"activation,apoptosis,cell,cells,genes,leukemia"
GSE101510,0.05516434181278568,0.054923743034650196,"cell,cells,irf4,samples"
GSE72546,0.05501017584898675,0.05088624650042022,"antibodies,bone,cell,cells,doxycycline,improve,induction,purified,samples"
GSE46434,0.054532154323690976,0.038294882769137284,"bone,cells,genes,leukemic,marrow"
GSE47496,0.05450051442297451,0.03745757905706904,"acute,combined,genes,ikarosznf1,ikarosznf4,leukemia,lymphoblastic,profiling,stable,target,tcell"
GSE32190,0.054366657009129286,0.03390985163994225,"acute,combined,genes,ikarosznf1,ikarosznf4,leukemia,lymphoblastic,profiling,samples,stable,target,tcell"
GSE73532,0.05433606771896311,0.03309789373360027,"cell,cells,center,gc,genes,germinal,nfkb,prediction,samples,signature,targets"
GSE64969,0.054304883992234355,0.032269686534842905,"cell,cells,center,chronic,germinal,h3k27,lymphocytic"
GSE71554,0.05428316786992008,0.031692648051316566,"activated,activation,analyzed,cell,cells,fl,lines,profiling,samples"
GSE97118,0.05422615703116317,0.030176662913731816,"cells,ezh2,genes"
GSE71698,0.054059090107735804,0.025724961143875857,"activated,activating,cell,cells,genes,irf4,samples,target"
GSE83567,0.05399073541077973,0.02389959964972536,"cell,cells,genes,lines,profiling"
GSE70538,0.0539429024577477,0.02262088117027995,"bcell,bcells,cell,genes,samples"
GSE81576,0.05381809602584144,0.01927908398160529,"cell,ezh2,genes,notch,profiling,targets"
GSE82255,0.05363503035683959,0.014363299820754924,"activation,cases,cells,ezh2,genes,large,samples"
GSE64218,0.053591035775057715,0.013179431554129005,"cell,cells,leukemia,malignancies,mll,mllenl,stable"
GSE73216,0.05354366347876121,0.011903583824632228,"acute,bone,cell,cells,fl,genes,identified,leukemia,leukemias,malignancies,malignant,marrow,vitro"
GSE49366,0.053527091804358426,0.011457003007904042,"activation,cell,cells,genes,notch1,target,tcell"
GSE76606,0.05352326817506415,0.0113539425226434,"activated,activation,bone,cell,cells,marrow,notch,samples,tcell"
GSE77736,0.053479850277702586,0.01018315816508869,"bone,cell,cells,lmppmpp4,lymphoid,marrow,novel,signature,vitro"
GSE100560,0.053234095696780344,0.0035382995438923755,"activated,bone,cell,cells,genes,identified,marrow,profiling,samples"
GSE77740,0.05312932302945087,0.000696061897221511,"bone,cell,cells,lmppmpp4,lymphoid,marrow,novel,signature,vitro"
GSE85234,0.05302204000800195,-0.002220089742950551,"cell,cells,induction,point"
GSE73813,0.0529623177017778,-0.0038460105109124434,"cell,cells,ezh2,genes,identified,novel"
GSE77185,0.05295657696870382,-0.004002396718883647,"acute,bone,cell,cells,genes,leukemias,marrow,vitro"
GSE108367,0.05282887817800151,-0.00748549373454959,"cells,genes,ikzf2,leukemia,leukemic"
GSE104365,0.05282494801970612,-0.007592825765756457,"cells,genes,mutations,notch1,novel,samples"
GSE70014,0.052688946231649186,-0.01131194191123782,"bone,cell,cells,marrow"
GSE63681,0.05266516507867982,-0.011963249233021757,"acute,cell,cells,genes,inhibition,inhibitor,lines,myc,novel,resistance,resistant,stable,target,therapeutic,vitro"
GSE61851,0.05248997309258139,-0.016770410305553655,"cells,doxycycline,lymphoma,mir155,samples"
GSE70355,0.05238753001777434,-0.019588825287196337,"cell,cells,ezh2,genes"
GSE58998,0.05230351772971103,-0.021904288547672117,"activated,activation,cell,cells,ezh2,genes"
GSE89811,0.05226226948874178,-0.02304249325805353,"bone,cell,cells,marrow"
GSE53214,0.052253804825154966,-0.023276178426318038,"bone,cell,cells,diffuse,genes,high,marrow"
GSE31555,0.0521267371366869,-0.026788710764647797,"cell,cells,genes,high,novel,signature,subtypes,tcell"
GSE97462,0.051956456459247055,-0.03150922902678519,"bone,cells,ezh2,genes,marrow,profiling"
GSE81421,0.051940913064023236,-0.03194089307137398,"acute,bone,genes,high,identified,induction,leukemia,leukemic,marrow,mutations,prognosis,samples,signature,target"
GSE100385,0.0518282606788411,-0.03507328962867798,"activation,cell,cells,leukemia,novel,profiling"
GSE71217,0.05154114119822682,-0.04308778731507074,"bcell,cebpa,cell,cells,high"
GSE97148,0.05152315730004581,-0.04359126487932866,"activated,activation,bcell,bone,cell,cells,characterized,hours,marrow,stable"
GSE103471,0.05118062500538638,-0.053214502972802745,"cell,cells,lymphoblastic"
GSE77374,0.051121978049390775,-0.0548686091112642,"activated,cell,cells,center,genes,germinal,purified"
GSE79672,0.05109597663807783,-0.055602572299650564,"activated,activation,aid,bcell,cell,cells,subtypes"
GSE83868,0.05102158935132561,-0.05770442789413357,"cell,myc,treated"
GSE98778,0.05096418673270935,-0.05932846773844793,"cd38,cells,center,germinal,cd451"
GSE37184,0.050908895980157055,-0.06089448891347012,"activated,activation,cell,cells,genes,inhibition,notch,target,targets"
GSE83506,0.05088873928883885,-0.06146581768567016,"cells,ezh2,genes,hours,inhibition,inhibitor,treated"
GSE76062,0.05087383085328181,-0.061888533546116564,"activated,activation,genes,myc,profiling,samples"
GSE86199,0.05082499811586507,-0.06327401171204489,"cell,cells,hes1,hes1n,hes1p,purified"
GSE85388,0.05080819688831261,-0.06375100248047626,"aggressive,cell,cells,diffuse,ezh2,genes,h3k27m,identified,induction,inhibition,lines,mutations,samples,target,targets,therapeutic"
GSE94382,0.050766658947360335,-0.06493095167692044,"activated,cell,cells,chronic,genes,identified,resistant,samples,survival"
GSE20898,0.05062679326693722,-0.0689111623733268,"cell,cells,genes,large"
GSE72737,0.05045867972494932,-0.0737098102850455,"acute,cells,induction,leukemia,leukemic,mutations,novel,outcome,relapse,resistance,treated"
GSE104513,0.05042108966182654,-0.07478497135041173,"cell,cells,genes,lines"
GSE79174,0.05038622653352302,-0.0757828525800071,"acute,analyzed,cell,cells,genes,identified,leukemia,lymphoblastic,samples,targets"
GSE78497,0.050331193657042694,-0.07735945503339231,"activation,cell,cells,resistant,samples,treated"
GSE70981,0.05032874110750222,-0.07742975670939786,"activated,bcell,cell,cells,genes,irf4,signature,survival"
GSE95631,0.05024896688820625,-0.07971833331343943,"bone,cell,marrow,resistant"
GSE100990,0.05015665049132936,-0.08237126148563902,"acute,cell,cells,leukemia,profiling,treated"
GSE60188,0.050089944784034744,-0.0842912470383122,"bcells,cell,cells,genes,myc"
GSE76864,0.05008753197860528,-0.08436074254849849,"antibodies,cell,cells,center,combination,gc,germinal"
GSE67609,0.05003476439185926,-0.08588143365380278,"apoptosis,bone,cell,cells,genes,leukemia,marrow,mutations,resistance,resistant"
GSE95008,0.05001097182430203,-0.08656762821181527,"analyzed,cell,cells,genes,identified,lines,profiling"
GSE70243,0.04994318586875354,-0.08852441478600519,"bone,cell,cells,marrow,novel"
GSE101712,0.04994221627007065,-0.08855242358772288,"bone,cell,cells,lymphoid,marrow"
GSE75242,0.04990039002093468,-0.08976117660367525,"bone,cells,inhibition,inhibitor,marrow,treated"
GSE109285,0.04983713630463474,-0.09159109636247438,"cell,cells,characterized,inhibition,purified"
GSE97735,0.0498220187872775,-0.09202878756041821,"cells,ezh2,genes,profiling"
GSE107653,0.04981859253651441,-0.09212800483580492,"acute,bone,cell,cells,characterized,fl,marrow,purified,samples"
GSE83867,0.049749519752249706,-0.0941296693650239,"cell,myc"
GSE76865,0.04974711199630301,-0.09419949399131741,"antibodies,cell,cells,center,combination,gc,germinal"
GSE70244,0.04974361344037278,-0.09430095770606543,"bone,cell,cells,marrow,novel"
GSE84592,0.04963544419756747,-0.09744156490256492,"cell,cells,characterized,induction,lines,novel,point,target"
GSE88905,0.04955760189162498,-0.09970589161166057,"bone,cells,marrow,signature"
GSE98650,0.04951457238938769,-0.10095908815940222,"bone,cell,cells,identified,marrow,point,rearrangements"
GSE104205,0.04938227773806558,-0.10481888654525622,"sl,bone,cell,cells,lymphocytic,marrow,survival"
GSE76132,0.04935446310301452,-0.10563171542277361,"activating,acute,analyzed,cell,cells,leukemia,profiling"
GSE52359,0.049263405870624354,-0.10829589497372008,"bone,cell,cells,genes,marrow,profiling,samples,signature"
GSE79039,0.049255742832020506,-0.10852032703509673,"bcl6,cell,cells,cohort,gc,genes,germinal,irf4"
GSE21180,0.04921337452998298,-0.10976182375305268,"cell,cells,novel,samples"
GSE87578,0.049174697482620246,-0.11089609107142376,"activation,cells,high,identified,myc,profiling"
GSE84264,0.04916384196705998,-0.11121460705948581,"cell,cells,high,inhibition,lines,tcell,tcells"
GSE69227,0.04915611502683843,-0.11144136912697786,"activated,activation,analyzed,bcell,cells,combined,genes,hours,mutations,n4,notch,notch1,stable,target,tcell,op9,vitro"
GSE72857,0.04913686963455668,-0.11200631753006672,"bone,cell,cells,combined,marrow"
GSE67863,0.0491214800764114,-0.1124582371779037,"bone,cell,cells,ff,large,leukemia,lymphoid,malignant,marrow,signature,treated"
GSE66817,0.04902455425894048,-0.11530775509487425,"bcell,bcells,cell,cells,pmp,samples"
GSE53627,0.04887199132634044,-0.11980437881438681,"activated,cells,chronic,combined,ezh1,ezh2,genes"
GSE99701,0.04882552234612466,-0.12117678983792339,"cell,cells,genes,identified,pcs"
GSE66578,0.048825353070177976,-0.12118179160708903,"activation,analyzed,cell,cells,genes,treated,vitro"
GSE77113,0.04858510552997516,-0.1282981658157551,"cell,cells,gc"
GSE54006,0.048585030268068034,-0.1283004006583697,"activation,cell,cells,combined"
GSE77967,0.04856967566799424,-0.1287564157397247,"acute,cell,cells,identified,leukemia,profiling,samples"
GSE78045,0.04854722713133048,-0.12942337261671136,"cell,cells,vitro"
GSE48764,0.048485017047681635,-0.1312732770939288,"bone,cell,cells,identified,marrow,novel"
GSE89477,0.048296601283336224,-0.1368906006508148,"activated,activation,antibodies,cell,cells,identified,improve,inhibition,inhibitor,profiling,tcell,treated,vitro"
GSE85316,0.04828343566379258,-0.13728393191768698,"analyzed,antibodies,bcl6,cell,cells,induction"
GSE61695,0.04818488416723406,-0.14023163132964855,"bone,cell,cells,marrow,samples"
GSE61523,0.04814243039755669,-0.14150329237870513,"activated,aid,cases,cell,cells,genes,target,targets,translocations"
GSE49433,0.04812354611160543,-0.14206931304415774,"cells,ezh2"
GSE83796,0.0480272121350232,-0.14496020229604292,"activation,cell,cells,genes,target,targets"
GSE64425,0.04800252241068686,-0.14570205051241708,"aggressive,cases,cells,characterized,malignant,mutations,myc,therapeutic"
GSE72521,0.047993071462595405,-0.14598612263358737,"bone,cells,induction,marrow,samples"
GSE72410,0.04798245445877753,-0.14630531023214616,"btk,cell,inhibition,inhibitor,samples,treated"
GSE82144,0.04796434576731938,-0.1468498895117532,"activated,activation,cell,cells,myc,targets"
GSE75229,0.04786084638632567,-0.14996635812304188,"cell,genes,identified,lines,novel"
GSE95478,0.047783497094961214,-0.1522998252018863,"activating,acute,analyzed,cell,cells,characterized,combination,doxycycline,identified,inhibition,lines,mutations,novel,profiling,resistance,samples,therapeutic,treated,vitro"
GSE71912,0.04776548410311259,-0.15284378190333092,"cells,genes,mutations,notch,notch1,target"
GSE64687,0.04776298819355199,-0.15291916961256205,"activation,acute,cell,cells,chronic,genes,micrornas,mir150"
GSE101753,0.0477604028976365,-0.15299726134600705,"apoptosis,cell,induction"
GSE47703,0.04768351535817817,-0.15532166918476745,"activated,cells,gc,vitro"
GSE43735,0.04762220551877126,-0.1571778308644118,"analyzed,cells,fl,genes,large,target,targets"
GSE94383,0.04752281643383653,-0.16019192848436795,"activation,cell,cells,genes,nfb"
GSE63796,0.04749586376571195,-0.1610103882146714,"cell,cells,genes,identified,precursor"
GSE90136,0.04749040719185808,-0.1611761421066501,"acute,cells,hours,leukemias,mll,profiling,translocations,treated"
GSE95337,0.04748931996575099,-0.16120917095943865,"activating,cell,cells,etps,genes,lymphoid,notch"
GSE83436,0.04743396958976339,-0.1628916605228116,"cell,cells,center,gc,germinal,high,identified"
GSE106760,0.04735661356998505,-0.1652463495050191,"activated,activation,cells,lines,mutations,profiling,tcell"
GSE48138,0.047340748634107845,-0.16572974764822995,"analyzed,cell,cells,genes,purified,samples,vitro"
GSE99989,0.04729658597328804,-0.16707621955905275,"activated,activation,bcl3,cell,cells,genes,identified"
GSE67715,0.04721953760606491,-0.16942835415184665,"cell,cells,myc"
GSE76466,0.04720299993724512,-0.1699337168260324,"apoptosis,cell,cells,genes,inhibitor,profiling,target"
GSE62270,0.04719910420918866,-0.17005278933192014,"cell,cells,genes,induction,novel,samples,subtypes"
GSE88987,0.04709516834997628,-0.17323321175447573,"acute,cell,cells,chronic,irf4,samples,stable,vitro"
GSE59127,0.047091288730459174,-0.17335206340288728,"cell,cells,novel"
GSE122331,0.047022941211761274,-0.17544748815805036,"activated,activation,cell,cells,genes,identified,signature"
GSE50612,0.04696006419599857,-0.1773778876375587,"cell,cells,dexamethasone,genes,hours,inhibition"
GSE98086,0.04687122362471456,-0.1801098098544955,"analyzed,cells,center,germinal,profiling,purified"
GSE59168,0.046831998136758195,-0.1813176748391328,"inhibition,leukemia,resistance"
GSE89405,0.04673369945728452,-0.18434902229283334,"analyzed,cell,cells,ezh2,identified,samples"
GSE67691,0.0466908528448119,-0.18567232752992302,"cell,cells,myc"
GSE98510,0.04667782057403257,-0.18607506630425713,"bone,cell,cells,center,genes,hours,inhibitor,large,lines"
GSE81505,0.046663929719629446,-0.18650446187153527,"cell,cells,glucocorticoid,bfue,large,purified"
GSE92650,0.046653328578772496,-0.1868322514720179,"analyzed,cell,cells,samples"
GSE63674,0.04665036331466634,-0.1869239514194798,"cells,characterized,high,identified,leukemia,lymphoid"
GSE89132,0.04658667454583051,-0.18889491676456796,"bone,cell,cells,genes,hours,purified,treated"
GSE85049,0.046575720466758945,-0.1892341823153246,"activating,activation,cell,genes,ink4aarf,leukemia,lines,mutations,myc,targets"
GSE77105,0.046552858956476866,-0.18994249738633687,"cell,cells,genes,identified,micrornas,target,targets,vitro"
GSE85951,0.04653167398148275,-0.19059917917714356,"activated,activation,analyzed,cell,cells,chronic,identified,novel,therapeutic"
GSE76184,0.04651201406021513,-0.1912088555976755,"cell,cells,identified,large,malignant,novel,point,profiling,relapse,resistance,resistant,samples,survival,therapeutic,treated"
GSE107617,0.0464767117745281,-0.1923042665624424,"cells,myc,samples"
GSE94581,0.04647013001483177,-0.19250858705160115,"activation,cell,cells,chronic,genes,lymph"
GSE77324,0.04643670753817155,-0.19354658263259325,"activation,cell,genes,identified,novel,profiling"
GSE60307,0.04640224735409315,-0.19461758863473816,"activated,bone,cell,cells,genes,identified,marrow,profiling,samples"
GSE84037,0.04639022729164322,-0.19499135352571412,"cell,cells,chronic,n4"
GSE70383,0.04636909450386974,-0.19564871427519567,"activated,activation,cell,characterized,treated"
GSE89263,0.04634278763438078,-0.1964674397782548,"cell,cells,genes,samples"
GSE74148,0.04631104729586274,-0.1974558852279626,"cell,cells,chronic,identified,lymphocytic,therapeutic"
GSE74161,0.04629702286492725,-0.19789284449255948,"acute,bone,cells,characterized,leukemia,malignancies,marrow,mutations"
GSE72487,0.04629230869358428,-0.19803975367766313,"bcell,bcells,cebpa,cell,genes,induction"
GSE93252,0.04622335835324549,-0.20019018582969178,"analyzed,bcell,cell,cells"
GSE55385,0.04622251748717707,-0.20021643066313563,"activation,cell,cells,combination,high,outcome,samples,treated"
GSE92751,0.046174818775832974,-0.20170596928424978,"activation,bcells,cell,cells,inhibition,nfkb"
GSE87375,0.04613171194705538,-0.20305343651413643,"cell,cells,samples"
GSE98413,0.04612448999313211,-0.2032793091798823,"cell,genes,vitro"
GSE89834,0.046099887976084615,-0.20404902342710787,"bone,cells,genes,hours,induction,marrow,mutations,samples,treated"
GSE104803,0.04604519816770416,-0.20576155586707254,"cell,combination,genes,large"
GSE29087,0.04597321004295857,-0.20801886359018432,"analyzed,cell,cells,novel,samples"
GSE77695,0.04595442461557399,-0.20860849354001676,"activation,cell,cells,genes,lymphoid,subtypes,vitro"
GSE76030,0.04594776591914096,-0.2088175520680808,"activation,cell,cells,identified,targets"
GSE69545,0.045885631938083586,-0.2107697917131839,"activated,activation,cell,cells,genes,samples,signature"
GSE86418,0.045863561692859225,-0.2114638715778769,"acute,cell,chronic,profiling,samples,targets"
GSE107583,0.045851952813083026,-0.2118290894685044,"activated,cell,myc,profiling,treated"
GSE78966,0.045821343003229265,-0.2127925242861686,"activated,cell,cells,characterized"
GSE57125,0.04582108769726103,-0.21280056267300462,"cell,cells,precursor,vitro"
GSE102455,0.04581361847936232,-0.21303575311765735,"bcell,cell,cells,combined,genes,identified,lymphoid,precursor,samples"
GSE48870,0.04579610304363283,-0.21358742890388968,"bone,cell,cells,high,marrow"
GSE72628,0.04577905005300704,-0.2141247420169036,"acute,aggressive,cells,leukemia,lymphoid,mutations,profiling"
GSE98262,0.04576576507106269,-0.21454346977724653,"activated,cell,cells,irf4,lymphoid,nfb,point,profiling,survival"
GSE68981,0.04575459370498607,-0.2148956728222143,"analyzed,cell,cells,genes,identified,lymphoid,novel,precursor,samples"
GSE109125,0.04573537587744005,-0.21550176035359345,"activation,bone,cell,cells,combined,marrow,purified"
GSE99933,0.04571939570639072,-0.2160059333641601,"cell,cells,large"
GSE34550,0.045651810295875464,-0.21814019772676288,"activation,antibodies,cell,cells,hours"
GSE49932,0.045595641384824796,-0.219916348581776,"cell,cells,subtypes"
GSE94626,0.04557878364962331,-0.22044984404925497,"bone,marrow,treated"
GSE84961,0.04553129372401328,-0.22195381569211883,"analyzed,cells,induction,lymphoid,signature,tcell"
GSE64787,0.04552034836692537,-0.22230066967750395,"apoptosis,cell,cells,genes,survival,targets,therapeutic"
GSE108523,0.0454838776573913,-0.22345701410013077,"activated,analyzed,cell,cells,genes,samples,treated"
GSE56018,0.04545961323915462,-0.22422685823841182,"extents,cell,cells,characterized,genes,identified,inhibition,inhibitor,profiling,tcell,therapeutic"
GSE60231,0.04543503647720207,-0.22500703118730997,"bone,cell,cells,marrow,precursor"
GSE72148,0.04539194669567665,-0.22637590674855707,"cells,inhibition,leukemia,lymphoma,mutations,profiling"
GSE83978,0.04532779491885247,-0.22841628878819104,"cell,cells,chronic,cd451,signature,tcell,tcells"
GSE71699,0.04530875788713838,-0.229022327539683,"cell,cells,center,gc,germinal,high,lymphoid"
GSE46664,0.04529853916504641,-0.2293477428258342,"cell,cells,identified,profiling,vitro"
GSE56240,0.04525208157597143,-0.2308281112363982,"extents,cell,cells,characterized,genes,identified,inhibition,inhibitor,profiling,tcell,therapeutic"
GSE98567,0.045248309325859805,-0.2309483804745298,"analyzed,cell,cells,construct,genes,high,identified,induction,novel,target,therapeutic"
GSE59463,0.04522302115293257,-0.23175489282341033,"cell,cells,ezh2"
GSE101722,0.045167907948038225,-0.233514174601625,"aggressive,cell,cells,high,hours,identified,inhibition,target,therapeutic,treated,vitro"
GSE108108,0.045156847214480954,-0.23386750554623092,"cell,cells,high,target,targets"
GSE58025,0.04510867328574232,-0.2354074134602322,"cell,cells,combined,genes,point,samples"
GSE99485,0.04506426112135983,-0.23682853200122173,"bone,cases,cells,high,marrow,samples"
GSE82187,0.045034710373264876,-0.23777488507390643,"cell,cells,characterized,genes,identified,novel,subtypes"
GSE75787,0.045034355817010055,-0.23778624339196583,"bone,cell,cells,childhood,genes,marrow,mutations"
GSE89035,0.045005988598640655,-0.23869528581922403,"cell,cells,combination,hours,therapeutic,vitro"
GSE86031,0.04500541966910662,-0.23871352332562848,"activation,analyzed,cell,cells,chronic,identified,novel,therapeutic"
GSE86039,0.04500541966910662,-0.23871352332562848,"activation,analyzed,cell,cells,chronic,identified,novel,therapeutic"
GSE86028,0.04500541966910662,-0.23871352332562848,"activation,analyzed,cell,cells,chronic,identified,novel,therapeutic"
GSE86030,0.04500541966910662,-0.23871352332562848,"activation,analyzed,cell,cells,chronic,identified,novel,therapeutic"
GSE59130,0.044993785585483316,-0.23908651406026085,"analyzed,cell,cells,novel"
GSE83552,0.044960721327010775,-0.24014708668779255,"cell,cells,identified,novel"
GSE85954,0.044928292425391286,-0.24118803742525424,"activation,analyzed,cell,cells,chronic,identified,novel,therapeutic"
GSE94802,0.044919738114476186,-0.2414627515597449,"analyzed,cell,cells"
GSE48085,0.044901791176376764,-0.2420392716689918,"cell,cells,genes,targets"
GSE107849,0.04489514707911444,-0.24225276238204374,"cell,cells,genes,identified"
GSE85717,0.04486469486999535,-0.24323166902474272,"cell,cells,ezh2,h3k27,hours,induction"
GSE52564,0.04480142828262621,-0.2452675417443166,"cell,cells,characterized,genes,high,identified,inhibitor,novel,precursor,purified,samples"
GSE63794,0.04478595659485498,-0.24576584689016204,"activation,analyzed,cell,cells,center,induction,inhibition,inhibitor,resistance,samples,treated"
GSE84050,0.04478525378071431,-0.24578848689851265,"cell,cells,genes,identified,induction,lines,mutations,novel,tip,targets,vitro"
GSE99954,0.04476382844489738,-0.24647883962026124,"cell,cells,identified,lines,profiling"
GSE52396,0.04473879592769688,-0.2472858391830327,"activation,bcells,cebpa,cell,cells,genes,high,induction,myc,treated"
GSE72494,0.0446897206164377,-0.24886924273319294,"activated,cell,cells,combination,genes,large,profiling"
GSE74594,0.04465307541919512,-0.2500527258934448,"analyzed,cell,cells,characterized,novel,purified,samples,subtypes"
GSE99735,0.04465185158099412,-0.2500922673916098,"analyzed,cell,cells,treated"
GSE99957,0.04465030471262728,-0.250142247356587,"acute,cell,cells"
GSE71333,0.04464074876020727,-0.2504510425759007,"cell,cells,high,identified,novel,profiling,survival,targets"
GSE38741,0.04455538920081793,-0.2532123246993762,"activation,cell,characterized,malignancies,mutations,target"
GSE38046,0.044525944200600735,-0.2541660633945074,"activated,activating,cell,cells,genes,lymphoid,samples,target"
GSE101732,0.04451615381815468,-0.2544833186383646,"bone,cell,cells,lymphoid,marrow,purified"
GSE86479,0.04451408710291665,-0.25455029902153625,"cell,cells,genes"
GSE73861,0.044513899229974015,-0.25455638796892954,"cell,cells,samples"
GSE107670,0.04450906317681193,-0.2547131329195053,"cell,cells,genes,hours,resistance,resistant,treated"
GSE74467,0.04448220459967954,-0.2555839765017787,"analyzed,bone,cell,cells,identified,marrow,survival,targets"
GSE67113,0.044451336808612324,-0.2565854616597736,"aggressive,bcell,cell,characterized,genes,lymph,malignancies,nfb,survival,targets"
GSE72568,0.04443146178610723,-0.2572306617960633,"cell,cells,center,germinal"
GSE66978,0.04440783512201258,-0.25799802653468723,"blineage,cell,cells,combined,genes,lymphoid,samples"
GSE97579,0.044379909277183896,-0.2589055499648209,"activating,cell,notch"
GSE97859,0.044353788962672336,-0.2597549149760455,"cell,cells,doxycycline,genes,targets"
GSE93416,0.04434829938321913,-0.2599334854970219,"cell,cells,profiling,samples,shrna"
GSE59121,0.04433433529795303,-0.2603878228496025,"cell,cells,genes,high,novel,precursor,profiling"
GSE77304,0.044330203168834334,-0.2605222937958288,"cell,cells,induction,lymph,cd451"
GSE93909,0.04428780735236475,-0.26190269578142383,"activated,activation,acute,cells,chronic"
GSE110648,0.04418609996701183,-0.26521966932883756,"activation,cell,genes,novel,samples"
GSE55552,0.0441720778312385,-0.26567757071197556,"cell,cells,chronic,profiling"
GSE74923,0.044155169866433946,-0.26622990394795487,cell
GSE62129,0.04415442065706799,-0.26625438329681084,"antibodies,cell,cells,germinal,high"
GSE54462,0.0441112479523957,-0.26766569197165,"cell,cells,identified,induction,samples"
GSE58724,0.044072464404096984,-0.26893469811600595,"analyzed,bone,cell,cells,chronic,combined,genes,marrow,target,treated"
GSE72341,0.044070791827285356,-0.2689894503086318,"bone,cell,cells,characterized,fl,marrow"
GSE38148,0.04406960307900238,-0.2690283655246266,"activation,cell,cells,genes,identified,leukemia,shrna"
GSE83823,0.04403413216376252,-0.27019003514365575,"cell,cells,genes,hours,purified"
GSE101928,0.0440123497444275,-0.2709038714790384,"cell,cells,ezh2,inhibitor,samples,treated"
GSE68582,0.04400497584867627,-0.27114560304235347,"cell,cells"
GSE77029,0.043958433219798754,-0.27267230208343823,"cell,cells"
GSE34274,0.043931380951789535,-0.2735604180614287,"activation,analyzed,cells,ezh2,genes,samples,stable"
GSE61351,0.043914078631152625,-0.274128733660665,"cell,cells,genes,hours,treated"
GSE80636,0.043904306070718276,-0.2744498241608259,"cell,cells,combined,high,inhibition,large,notch,signature,stable,subtypes,vitro"
GSE92620,0.043876046806028454,-0.2753787222820916,"cell,induction,lines"
GSE70132,0.04382692207223759,-0.2769949051352689,"activated,bone,cell,cells,marrow"
GSE100601,0.04380294724466926,-0.2777843246784367,"cell,cells,genes,large,signature"
GSE89848,0.04376223495659974,-0.2791258492172275,"cell,cells,genes,large,signature"
GSE60101,0.04376151729595491,-0.27914950829094654,"cell,samples"
GSE58465,0.04375265477170287,-0.27944171056012895,"acute,cell,cells,identified"
GSE55090,0.043641063078395236,-0.28312602275088866,"bone,high,marrow"
GSE46688,0.043614836000598234,-0.2839933033958336,"analyzed,bone,cell,cells,identified,large,malignant,marrow,novel,samples,survival,therapeutic"
GSE84703,0.04360920515545719,-0.2841795729670348,"analyzed,cebpa,cebpe,cell,cells,characterized,identified,leukemia,mutations,novel,vitro"
GSE84553,0.043593475634047946,-0.2847000363879601,"activated,activation,cell,cells,samples"
GSE106674,0.043582101939284676,-0.2850764898301151,"analyzed,cell,genes,inhibitor,samples,treated"
GSE101552,0.043580695455713386,-0.2851230493012245,"bone,cells,chronic,combined,marrow"
GSE103662,0.04355995567455312,-0.28580978229222026,"cell,cells,characterized,doxycycline,induction,lines"
GSE76123,0.04349939049328003,-0.2878170820162649,"analyzed,cells,chronic,cohort,high,identified,inhibition,leukemia,leukemic,targets,vitro"
GSE82008,0.043478277285016124,-0.28851748988499504,"activated,cell,cells,inhibition,nfkb"
GSE100570,0.043435702101593955,-0.28993091063352283,"cell,cells,hours,myc,treated"
GSE36103,0.04342809486881859,-0.2901836031800323,"cell,cells,genes,high,large,target"
GSE66814,0.043408920361275305,-0.29082072704525197,"cell,cells,ezh2,genes,inhibition,vitro"
GSE65160,0.04338891313410886,-0.2914858203261278,"cell,cells,construct,novel,samples"
GSE45657,0.04335626360625501,-0.29257183607746795,"cd3cd8cd44cxcr3nkg2d,cell,cells,lymph,profiling"
GSE83222,0.04326610041251487,-0.29557517224658936,"bone,cells,large,marrow"
GSE98048,0.04326261831929414,-0.29569128626509794,"activation,agents,cell,cells,inhibitor,profiling,survival,therapeutic"
GSE81849,0.043227566562002384,-0.2968606443664175,"activating,ram,cell,cells,high,treated"
GSE92618,0.04321693133351673,-0.2972156326385672,"bone,cell,cells,identified,marrow,novel"
GSE70156,0.0432092486846555,-0.2974721224993908,"cell,cells,novel,precursor,tcell,vitro"
GSE104555,0.043189806422727066,-0.29812141791833724,"acute,cell,cells,induction,vitro"
GSE86929,0.04317131262618993,-0.2987393096097144,"bone,cell,chronic,outcome,treated"
GSE72990,0.04315340771438122,-0.29933777845484927,"cell,cells,genes,identified,samples,vitro"
GSE89500,0.043147085460634296,-0.2995491581077036,"bone,cells,marrow"
GSE86113,0.04312863805816733,-0.3001661097918274,"bcr,cell,cells,hours,inhibition,samples"
GSE85513,0.04312610839439519,-0.3002507319959452,"cell,cells,identified,targets"
GSE39438,0.043123628759460256,-0.3003336854551181,"activation,bone,cell,cells,chronic,marrow,tcell"
GSE66029,0.04310145856342719,-0.3010755770221865,"cell,cells,characterized,genes,identified,point,profiling,purified,samples,survival"
GSE71794,0.04309228610401935,-0.3013826308995057,"activated,activation,cell,cells,improve,lymphoid,notch,notch1"
GSE91040,0.04300395864848905,-0.30434279779507417,"cell,cells,characterized,genes,identified,samples,targets"
GSE40187,0.042991358180530286,-0.3047655797194256,"activated,activation,cell,cells,characterized,genes,identified,inhibition,inhibitor,novel,survival,therapeutic,vitro"
GSE64455,0.042969473876904495,-0.3055001556010374,"cell,cells,targets"
GSE97078,0.042949049070163996,-0.30618607912346246,"cells,doxycycline,inhibition,inhibitor,leukemic,target,treated"
GSE57231,0.0429233214536491,-0.3070505505627414,"cases,cell,cells,genes,hours,identified,inhibition,inhibitor,lines,novel,treated"
GSE101905,0.04291906342333155,-0.30719367424778155,"cell,cells,profiling"
GSE81925,0.042895189210312545,-0.3079964129201866,"cell,genes"
GSE57244,0.04286723543014531,-0.3089368896293891,"analyzed,bone,cell,cells,marrow"
GSE54016,0.04285214358262836,-0.3094448945647092,"cell,cells,genes,identified,lines,stable"
GSE96684,0.042839614679593165,-0.30986676445679695,"cell,characterized,genes,identified,mutations,targets"
GSE63836,0.04282416878693629,-0.3103870242930526,"cell,cells,dexamethasone,glucocorticoid,bfue,treated"
GSE69256,0.042817692019870256,-0.3106052353327695,"activated,bone,cell,cells,genes,identified,marrow,profiling,samples"
GSE92344,0.04281286599887855,-0.31076785196684104,"bcell,cell,cells,high,lymphoid,mac1,malignancies,malignant,mutations,profiling"
GSE106447,0.04279963459445172,-0.3112137887534148,"activation,cell,cells,combined,subtypes"
GSE63206,0.04278313543802662,-0.31177005145533937,"cell,cells,genes,purified"
GSE68769,0.04276892422030908,-0.3122493491740979,"cell,cells,lymph,samples"
GSE116177,0.04271689288471671,-0.31400555532949576,cell
GSE89633,0.04271298733941289,-0.314137464933745,"cell,cells,genes,novel"
GSE71176,0.04270050238368931,-0.31455922463223757,"activation,cell,cells,genes,induction,profiling,targets"
GSE90486,0.04269878488930501,-0.3146172537027471,"cell,cells,identified,profiling,vitro"
GSE78816,0.042671100682034634,-0.3155529436049335,"bcell,cell,cells,inhibition"
GSE75889,0.04266511932059619,-0.31575518552516096,"analyzed,cell,cells,genes,hes1,high,notch,notch1,purified,samples,survival"
GSE99504,0.04263469612552508,-0.3167842943054938,"cells,survival,tcell"
GSE68770,0.0426335391739892,-0.3168234443650114,"cell,cells,samples"
GSE89082,0.042622463823412365,-0.3171982767024757,"cell,cells,genes,identified,malignant,purified"
GSE55310,0.04262190960731363,-0.3172170360594881,"activation,cell,cells,genes,lines,novel,target,targets"
GSE92263,0.04261845569229391,-0.3173339512335564,"bone,genes,marrow,novel,samples"
GSE53595,0.042617083098768424,-0.31738041621519747,"activated,bcell,cell,cells,characterized,genes,high,ikzf1,samples,target"
GSE62621,0.04261252532716826,-0.31753471645458053,"activation,apoptosis,bone,cell,cells,leukemias,malignant,marrow,novel,signature,survival,therapeutic,treated"
GSE97249,0.04260918190851412,-0.317647916099856,"bone,cell,cells,high,lymph,cd451,marrow"
GSE45597,0.04260270182206162,-0.3178673406260673,"bone,cells,marrow"
GSE82031,0.04259685806220378,-0.3180652468920557,"activation,cell,cells,characterized,irf4,lymph"
GSE77449,0.042579818397158915,-0.31864247158802744,"cell,cells,genes,high,lines,point,samples,target,therapeutic,treated"
GSE89636,0.04257175236739549,-0.3189157917645003,"cell,cells,inhibition,therapeutic,treated"
GSE70360,0.042532678018607044,-0.3202405729287372,cell
GSE87315,0.042525164408574956,-0.32049545472802443,"cell,cells,doxycycline,genes,hours,samples,target"
GSE83340,0.04251994717527042,-0.32067246376440234,"cell,cells,hours,inhibition,inhibitor,notch,purified,treated"
GSE52974,0.042500821688616595,-0.32132153446992956,"combined,genes,identified,large,myc,rearrangements"
GSE99101,0.042499636119972595,-0.32136177928854687,"activated,cell,cells,genes,h3k27,induction,profiling,target"
GSE59129,0.04249567919597285,-0.3214961075068612,"analyzed,cell,cells,novel"
GSE75522,0.04248927354538501,-0.32171359072138683,"analyzed,cell,cells,profiling"
GSE54154,0.042488094655832864,-0.32175361968784566,"activation,analyzed,bone,cell,chronic,genes,high,marrow,novel"
GSE82000,0.042471910075201465,-0.3223032763073843,"cell,cells"
GSE74366,0.04245848303350675,-0.3227594410775949,"analyzed,bcell,cell,cells,high,induction,fabp4ebf2,resistance"
GSE76857,0.04244770331971336,-0.3231257710326533,"cell,cells,induction,samples"
GSE77303,0.042414593726059546,-0.3242515253583506,"cell,cells,induction,lymph"
GSE94749,0.04241011710584993,-0.3244038016872414,"acute,cell"
GSE50534,0.042391909767829215,-0.3250233066128261,"activation,cell,cells,genes,induction"
GSE86909,0.04239098952821247,-0.3250546248419167,"cell,cells,notch,samples"
GSE103958,0.042388900912539274,-0.3251257085731881,"activated,activation,cell,treated"
GSE71882,0.0423614941331054,-0.3260587927466126,"cell,cells,genes,large,target"
GSE83315,0.04235459724292721,-0.32629369757090293,"activation,cell,cells"
GSE46700,0.042305705265163765,-0.32796003278612285,"aid,cell,cells,center,gc,genes,germinal,identified,myc,profiling,target"
GSE36290,0.04229530692171068,-0.3283146772098949,"activation,cell,cells,genes,lines,profiling"
GSE107413,0.04229104200342259,-0.3284601611218364,"bone,cells,genes,marrow"
GSE71635,0.04221954161975435,-0.33090135296148365,"cell,cells,profiling"
GSE83145,0.0422086466185212,-0.3312736969538106,"cell,fl,profiling"
GSE67052,0.0422014568502334,-0.33151946476246824,"analyzed,cell,cells,inhibition,large,samples"
GSE62741,0.04219159818429203,-0.33185653156310196,"cells,combined,genes,purified,tcell"
GSE97120,0.04218405814879905,-0.3321143777788364,"cell,hours,large,novel,purified"
GSE70240,0.042183467093969196,-0.33213459199916556,"cell,novel"
GSE70236,0.04216836178627386,-0.3326512933683095,"cell,novel"
GSE83948,0.04215283851067474,-0.33318248488122315,"cell,cells"
GSE64568,0.042120241237626005,-0.3342985690841449,"bone,cells,genes,improve,marrow,samples,therapeutic,treated"
GSE80010,0.042105383317729506,-0.3348075697045171,"analyzed,cell,cells,genes,hours,identified,profiling,target,th17polarizing,treated,vitro"
GSE72744,0.042104205667217426,-0.33484792117931383,"activation,cell,cells,genes,high,profiling"
GSE80354,0.04209216827735916,-0.3352604397227732,"aid,apoptosis,cell,cells,genes,profiling,survival,target"
GSE101984,0.042073692914018704,-0.3358938156574032,"cell,high"
GSE61425,0.042034049629833405,-0.33725381348885675,"activated,cell,cells,genes,mir155,targets"
GSE75804,0.04200975160919456,-0.3380880126645,"cell,cells,genes,large,novel"
GSE72942,0.04200617605886121,-0.3382108091122849,"cell,lines,lymph,profiling,samples,targets"
GSE70241,0.04197896709546867,-0.33914559915855236,"cell,novel"
GSE70239,0.04195817064408633,-0.3398604898183792,"cell,novel"
GSE70238,0.04195817064408633,-0.3398604898183792,"cell,novel"
GSE100212,0.0419575486169552,-0.3398818778363882,"cell,cells,characterized,diffuse,genes,high,identified,inhibitor,signature,targets,therapeutic,vitro"
GSE54302,0.04195564161351253,-0.3399474509459939,"analyzed,cell,cells,genes,identified,notch,novel,profiling,therapeutic,vitro"
GSE78965,0.04195442640801669,-0.33998923784913815,"acute,chronic,treated"
GSE108478,0.04193618431469066,-0.34061666868472273,"acute,cell,cells,point"
GSE83351,0.041905661258220275,-0.3416671098778315,"activation,cell,cells,genes,profiling"
GSE62149,0.041903994269882144,-0.34172450077852895,"cell,cells"
GSE94413,0.04187797784110605,-0.34262048766061387,"cell,profiling,purified"
GSE70242,0.041866950307744545,-0.34300043587091167,"cell,novel"
GSE85642,0.04185487309537364,-0.34341666508828617,"activation,cell,cells,genes,survival,vitro"
GSE44945,0.041837378573472375,-0.3440198095814505,"cell,cells,genes,novel,profiling"
GSE87404,0.04182809290000454,-0.34434004670872487,"activation,analyzed,cell,cells,genes"
GSE49147,0.041824836269386684,-0.34445237570644,"cell,cells,genes,lines,novel"
GSE104777,0.04181402503446434,-0.3448253438423536,"activated,acute,high,induction,inhibition,inhibitor,novel,samples,treated"
GSE68242,0.0418071214572744,-0.3450635552761068,"cell,cells,novel,profiling,signature,therapeutic,vitro"
GSE57875,0.04178318459069917,-0.3458898137570035,"activation,cell,cells,genes,high,inhibitor,survival,target"
GSE73221,0.041780444505923824,-0.3459844268503113,"cell,cells,inhibition,inhibitor,rearrangements,vitro"
GSE68056,0.04177895619645488,-0.3460358196720006,"bone,cell,cells,combined,genes,marrow,profiling"
GSE42474,0.04177775962846347,-0.3460771396949422,"cell,cells,doxycycline,genes,large"
GSE86521,0.041775062990144954,-0.3461702646572984,"activated,bcr,cell,cells,identified,target,targets,vitro"
GSE66966,0.041773665685122426,-0.346218521167212,"bone,cell,cells,marrow"
GSE90447,0.0417682883274955,-0.34640424550856513,"cell,cells,ezh2,genes,novel,profiling,purified,subtypes"
GSE78907,0.0417677961163251,-0.3464212467989497,"cell,novel"
GSE95156,0.04176521575849471,-0.34651037729630035,"cell,cells,genes,high,samples"
GSE63180,0.04176473084648408,-0.3465271276997533,"cell,genes,lines,profiling"
GSE70108,0.04173688707670908,-0.34748926642381583,"analyzed,cell,cells,genes,identified,profiling,targets,vitro"
GSE33527,0.04172291301130872,-0.34797238080993426,"activation,communicate,cell,cells,induction,profiling,purified,signature,target"
GSE97941,0.041720801605498875,-0.3480453908552279,"cell,cells,high"
GSE57776,0.04171275298852048,-0.3483237368970156,"cell,cells,genes,novel"
GSE101470,0.041711983839395846,-0.34835033926149495,"bone,cell,cells,genes,marrow,purified,survival"
GSE69285,0.04170258074367988,-0.3486756013948813,"cell,h3k36m,lines,mutations,profiling,vitro"
GSE84996,0.041685565153721967,-0.3492643735117477,"antibodies,cell,cells,survival,treated,vitro"
GSE82073,0.04167629491230469,-0.3495852428245265,"cells,ezh2,mutations"
GSE94373,0.04162814923546416,-0.3512528498210657,"cell,cells,lines"
GSE72018,0.0416173388517693,-0.35162755089839043,"activation,cell,cells,identified"
GSE98760,0.041604769187135966,-0.3520633531965384,"aggressive,cell,cells,novel,purified,resistant,signature,vitro"
GSE99235,0.04160171998157123,-0.35216909191458345,"cell,cells,lines"
GSE80113,0.04158757540381364,-0.35265969139107767,"cell,cells,chronic,malignant,purified,samples,survival"
GSE106575,0.04158738578105701,-0.3526662695200418,"activation,cell,cells,genes,survival"
GSE58746,0.041587254775534814,-0.3526708141989471,"cells,hours,inhibitor,profiling,targets,treated"
GSE90094,0.04157881884546166,-0.35296349302803376,"activated,bcr,cell,cells,center,germinal,profiling,survival"
GSE31234,0.04157252469447719,-0.35318190297891766,"activation,analyzed,cell,genes,high,precursor,tcell"
GSE43650,0.04151914268652982,-0.35503561397452854,"cell,combination,identified,samples"
GSE108528,0.04151137312382716,-0.3553056137331551,"acute,cell,cells,center,combination,combined,genes,high,identified,inhibition,inhibitor,nfb,purified,samples,signature,target,targets,therapeutic,treated"
GSE90869,0.04151089698224394,-0.3553221617533431,"analyzed,cell,cells,samples,survival,treated"
GSE99815,0.04150795738442636,-0.35542432994700857,"cell,cells"
GSE81257,0.0414914133573588,-0.3559994665030929,"cell,lines,nfib,shrna"
GSE83841,0.04148379114583781,-0.35626452223531324,"cell,cells,identified,novel,profiling"
GSE30581,0.041454143242863145,-0.3572959654399575,"bone,cell,cells,marrow,profiling"
GSE75106,0.041416092649967914,-0.3586208176004275,"cells,characterized,genes,large,lymph,novel,profiling,subtypes,targets,vitro"
GSE82072,0.041408732641800866,-0.35887722012887363,"cells,ezh2,mutations"
GSE94920,0.04139937078200728,-0.3592034275457037,"antibodies,cd45cd11bf480,cell,cells,combination,combined,high,inhibition,n4,profiling,target,therapeutic"
GSE105054,0.04136825182326565,-0.3602882761412411,"cell,cells,vitro"
GSE73082,0.04136739888937388,-0.3603180220484846,"cell,cells,doxycycline,genes,target,treated,vitro"
GSE38539,0.04136473645581405,-0.3604108778578689,"cell,cells,genes,lines,target,treated"
GSE57694,0.041356288148489344,-0.36070556306472995,"cell,cells,profiling"
GSE104920,0.04134005527096661,-0.3612719506759308,"bone,cell,cells,large,marrow,samples,vitro"
GSE87631,0.0413361072210089,-0.3614097372380503,"activating,cell,cells,characterized,identified,signature,targets"
GSE89270,0.041330601415697964,-0.3616019112863686,"cell,cells,identified,lines,mutations,targets"
GSE84878,0.0412908438600679,-0.3629903651576631,"activated,bcell,cell,cells,genes,h3k36"
GSE80032,0.04126718545133377,-0.3638172228279601,"cell,cells,identified"
GSE71463,0.04126421696089471,-0.36392100457192716,"cells,ezh2,genes,h3k27"
GSE58283,0.041252231913582155,-0.3643400911584218,"bone,cells,marrow,profiling,samples"
GSE71453,0.04124896683090968,-0.36445428388904433,"cell,cells,genes,large"
GSE99849,0.04124284267287034,-0.36466849406342067,"cell,cells"
GSE68602,0.04124119918918636,-0.36472598508125736,"analyzed,cell,cells,novel,shrna,target"
GSE47964,0.0412289133735639,-0.3651558301451753,"activated,activation,cell,cells,genes,identified,profiling,resistance,target,treated"
GSE62704,0.04122615626410158,-0.36525231100844874,"analyzed,cell,cells,samples"
GSE108753,0.04120786586220712,-0.3658925193074345,"acute,cell,cells,center,combination,combined,genes,high,identified,inhibition,inhibitor,nfb,purified,samples,signature,target,targets,therapeutic,treated"
GSE99144,0.04118807341073998,-0.3665856231758982,"cell,cells,cd451,signature"
GSE55423,0.041187521727700856,-0.36660494711239594,"cell,cells,genes,treated"
GSE84448,0.04118443761571407,-0.36671297982416895,"cell,lines,profiling,samples,targets"
GSE85750,0.041178854217266594,-0.3669085800991105,"bone,cells,marrow"
GSE88970,0.041157060643743484,-0.3676723168288814,"bone,cell,cells,genes,h3k36,marrow"
GSE75809,0.041154348534554595,-0.3677673886182635,"cell,cells,genes,lines,stable,target,targets"
GSE89352,0.04114975947929182,-0.36792827019359664,cell
GSE65498,0.04114912748401561,-0.3679504278796727,"cell,cells,genes"
GSE87561,0.04114133408367725,-0.36822369162954716,"cell,cells,lymphocytic"
GSE95052,0.04112489015230553,-0.36880044299449616,"analyzed,cell,cells,genes,inhibition,samples,targets,treated"
GSE89505,0.041124032404875874,-0.36883053379507236,"acute,chronic,inhibition,inhibitor,large,profiling"
GSE35368,0.04112165890572267,-0.3689138022412187,"analyzed,cell,cells,lines,samples"
GSE89900,0.04109467805776054,-0.3698606976731711,"cases,cell,genes"
GSE78781,0.041050983006021946,-0.37139549913641834,"cells,induction,inhibitor,treated"
GSE107281,0.041045125414572656,-0.3716013729180717,"cell,cells,genes,identified,novel,precursor,samples,signature,survival,target"
GSE98816,0.041000438603671335,-0.37317292520433926,"cell,cells,lines"
GSE90856,0.04099614867822515,-0.37332388402781713,"cell,cells,genes,large,target"
GSE75417,0.0409901493348252,-0.37353502230816193,"cell,cells,genes,hours,induction,novel,point,treated"
GSE73631,0.04098385822689748,-0.37375646201806034,"analyzed,cell,cells,identified,lines"
GSE116525,0.04098017827407174,-0.3738860078511503,"activation,cell,cells,genes,identified,profiling,signature"
GSE90797,0.04095984894063837,-0.37460187359168307,"cell,cells,chronic,induction"
GSE64960,0.04095433925066966,-0.3747959499191715,"cell,cells,genes,identified,profiling"
GSE88801,0.040922629735588155,-0.3759134109832696,"bone,cell,cells,genes,lines,novel,point,resistance"
GSE61636,0.04092252609271923,-0.3759170648355105,"bone,cell,cells,marrow,therapeutic,vitro"
GSE79863,0.04090092962997426,-0.376678634000519,"cell,genes,identified"
GSE46149,0.040899981015196644,-0.37671209479758483,"cell,cells,lines"
GSE79374,0.04089860886717028,-0.3767604963936521,"cell,cells,high,inhibitor,profiling"
GSE52502,0.04087257614559652,-0.37767909087356094,"bone,cell,cells,characterized,identified,novel,vitro"
GSE68715,0.0408521766360401,-0.3783993199567491,"activating,activation,analyzed,cell,cells,genes,high,identified,induction,novel,profiling,samples,target"
GSE33921,0.04084235457436699,-0.3787462278715244,cell
GSE76840,0.04084019279345928,-0.37882259156722853,"activated,bone,cells,doxycycline,cd451,marrow"
GSE98415,0.04083576784325916,-0.378978913051944,"analyzed,cell,cells,genes,large,outcome,vitro"
GSE87181,0.040826455618038215,-0.3793079440441136,"activation,cell,cells,high,purified,stable,targets"
GSE74155,0.040817843898421136,-0.3796122907114192,"cell,cells,lines"
GSE104396,0.0408100736630553,-0.37988695360611446,"analyzed,cell,cells"
GSE92870,0.040804394818375306,-0.38008772293595194,"cell,cells,targets"
GSE57967,0.040804199193267374,-0.3800946395450787,"analyzed,apoptosis,cell,identified,large,profiling"
GSE95432,0.04079824152795288,-0.3803052973181502,"cell,cells"
GSE52450,0.040793555212231755,-0.3804710229113708,"bcell,cell,cells,genes,identified,large,novel,prediction"
GSE62050,0.04078049872844689,-0.38093284928038795,"cell,cells,combined,large,novel"
GSE101996,0.040757706099136155,-0.38173941141163487,"cell,cells,high,identified,samples,signature"
GSE61528,0.0407480610094798,-0.3820808577552429,"cell,cells,hours,inhibitor,survival,targets,treated,vitro"
GSE87183,0.04074442208179907,-0.38220970063064674,"activation,cell,cells,high,purified,stable,targets"
GSE93918,0.040742798155088175,-0.3822672024329189,"chronic,samples,treated"
GSE41710,0.040731282666299135,-0.38267502142301985,"apoptosis,cell,cells,ff,genes,leukemias,mll,rearrangements,target"
GSE104096,0.04072636187652805,-0.38284932548124495,"activation,cell,cells,resistance,tcells"
GSE75064,0.04072516094403287,-0.3828918680708828,"activated,cell,cells,genes,hours,identified,inhibitor,lines,nfb,novel,point,profiling,vitro"
GSE59622,0.040720523021792965,-0.38305617653013946,"cell,genes,purified"
GSE78505,0.040719119316173155,-0.38310590953678414,"cell,cells,targets"
GSE75044,0.04071421786322072,-0.38327958047109917,"activated,activation,cell,cells,combination,genes,vitro"
GSE90806,0.0407115343676038,-0.38337467239752576,"cell,cells"
GSE74558,0.040691413870803717,-0.3840878588894898,"activation,cell,cells,improve,inhibitor"
GSE64515,0.04068641055083301,-0.3842652601648401,"activated,activation,cell,cells,genes,high,target"
GSE90958,0.04066658158874029,-0.3849685445823221,"bone,cell,cells,high,identified,marrow,samples,target,tcell"
GSE89732,0.0406663098797677,-0.3849781838114272,"cells,center,ff,germinal"
GSE81411,0.040662617518774376,-0.38510918150359635,"bone,cell,marrow,profiling"
GSE95448,0.04065498531989524,-0.3853799945901107,"cell,cells,profiling"
GSE49843,0.04065347795051055,-0.3854334865452862,"analyzed,apoptosis,bone,cells,marrow,undeleted"
GSE27037,0.040653411832403584,-0.3854358329212277,"aid,cell,cells,genes,high,targets"
GSE49933,0.04064656110539041,-0.38567896977735794,"cell,cells,point,subtypes"
GSE85641,0.04060571738740017,-0.38712939148742437,"cell,cells,genes,high,lines,samples"
GSE71209,0.04058892678889662,-0.387726074034301,"cell,cells,genes,target"
GSE45719,0.040584630667728175,-0.3878787836827321,"cell,cells,genes"
GSE81682,0.04056320026796501,-0.38864078882383946,"cell,cells,identified"
GSE77133,0.04056287887833695,-0.3886522196048531,"acute,genes,identified,novel,targets"
GSE92361,0.04055776296378101,-0.3888341881988298,"cell,cells,leukemic,treated"
GSE79756,0.04054824279357142,-0.38917287341170936,"cell,cells,high"
GSE92842,0.04054656726411501,-0.3892324895088738,"cell,cells"
GSE99659,0.04054083727721039,-0.38943638365870326,"cell,cells,high"
GSE81385,0.040521659305019594,-0.39011901661615495,"cell,cells,high,profiling"
GSE52616,0.04051574535066407,-0.39032958685028707,"bone,cell,cells,genes,lmp7,samples"
GSE81149,0.040505875555646755,-0.39068107585377115,"cell,cells,combination,genes,inhibition,lines,mll,novel,shrna,therapeutic"
GSE107338,0.040499730377430904,-0.3908999648566314,"activated,acute,cell,cells,profiling,vitro"
GSE30578,0.040488202819673934,-0.39131066185469837,"analyzed,cells,genes,high,large"
GSE57391,0.04047573245914768,-0.39175508015945687,"cell,cells,combination,ezh2,profiling,samples"
GSE41265,0.04046843823742802,-0.3920150948693495,"cell,cells"
GSE64867,0.040468383376740226,-0.392017050647712,"cell,cells,purified"
GSE89361,0.0404450823607423,-0.3928479694781129,"activated,activation,antibodies,cells,hours,lymph"
GSE63256,0.04042196280165825,-0.3936728907814663,"activation,cell,cells,combined,inhibition,large,notch,signature,vitro"
GSE92992,0.04041219690554966,-0.3940214862268891,"cell,cells,genes,vitro"
GSE87606,0.040402746526770374,-0.39435889943495406,"cell,cells,genes,profiling,vitro"
GSE69699,0.04039885651615482,-0.3944978100213053,"acute,genes,profiling"
GSE80597,0.04039711667362299,-0.3945599433701316,"cell,cells,profiling"
GSE74547,0.04039693306604925,-0.39456650052964903,"cell,cells,genes,point,targets,vitro"
GSE66364,0.040391596071929464,-0.3947571131090146,"call,h3k27,leukemia"
GSE76724,0.04039043261826503,-0.39479866960021226,"analyzed,cell,cells,genes"
GSE77390,0.040381805426743675,-0.39510685485725705,"cell,cells,combined,lines"
GSE65850,0.040379491582768025,-0.3951895224555643,"bone,cell,cells,identified,lymph,lymphoid,marrow,subtypes"
GSE95436,0.04037104024615635,-0.39549150688060547,"cell,cells"
GSE85302,0.04036980550513882,-0.39553563212418785,"cell,cells,cohort,genes"
GSE90848,0.04032139408432984,-0.397266748415899,"activated,cell,cells"
GSE90140,0.04031952739035358,-0.3973335400669278,"cell,cells,samples"
GSE103956,0.04031158761741574,-0.39761766539693516,"cell,cells,combination,induction,irf4,lymph"
GSE93314,0.040300642176536595,-0.39800944052619497,"cell,profiling"
GSE88814,0.04027107297485561,-0.39906835661016343,"analyzed,cell,cells,samples"
GSE100464,0.04025687284384881,-0.39957716032016877,"cell,cells,genes,large,lines,pediatric,target,vitro"
GSE107220,0.04020663223999508,-0.40137876912094983,"cell,cells,samples"
GSE60699,0.0401997406768381,-0.4016260734988052,"cell,cells,genes,high,inhibitor,target,vitro"
GSE99811,0.04019349420425184,-0.40185026537402213,"activation,cell,cells,characterized,genes,large,nfb,novel"
GSE88830,0.04018784370351657,-0.40205309726547656,"cell,cells,lymphimmune"
GSE87635,0.04018517469034591,-0.4021489147958804,"bone,cells,marrow,treated"
GSE42923,0.040169621668052186,-0.40270739467340044,"cell,cells,genes,inhibition,novel,resistant,2iinduces"
GSE41293,0.04016208637831865,-0.40297805056822716,"activation,cell,samples"
GSE64002,0.04015194602658278,-0.4033423564012648,"bone,cell,cells,marrow,rearrangements"
GSE73436,0.040145017337612644,-0.4035913318250688,"activation,cell,chronic,profiling"
GSE61602,0.04013524672868479,-0.4039425017989152,"cell,induction,leukemias,malignancies,mutations,notch,vitro"
GSE73018,0.040129253663685686,-0.4041579436225793,"acute,analyzed,cell,characterized,chronic,genes,large,profiling,samples"
GSE74724,0.04012814418861745,-0.4041978311400384,"activation,cell,genes,identified,mutations,profiling,purified,targets"
GSE69484,0.04011287492334194,-0.4047468992800171,"activation,cell,cells,characterized,genes,identified,induction,vitro"
GSE55596,0.040092911559174764,-0.40546507806340154,"activated,cell,cells"
GSE67310,0.04009042285081695,-0.40555463400999847,"analyzed,cell,cells,combination,induction,point,samples"
GSE95445,0.04007119769841962,-0.4062466368005038,"cell,cells,profiling"
GSE68958,0.04006595915237482,-0.40643525403395847,"bone,cell,genes,marrow"
GSE93279,0.04006142806521328,-0.40659841864500473,"fl,sf3b1"
GSE104651,0.04004644194775279,-0.40713820075607937,"activated,cell,cells,genes,vitro"
GSE53928,0.04001110480183194,-0.4084118028225909,"bcells,cell,cells,construct,genes,identified,purified,target,vitro"
GSE80425,0.040005024843072286,-0.40863104677770756,"cell,cells,doxycycline,genes,hours,identified,large,novel,stable,target,vitro"
GSE72069,0.03999828763414382,-0.4088740301650836,"apoptosis,cell,cells,samples"
GSE79137,0.03999431235907557,-0.40901742116955997,"cell,cells"
GSE60853,0.03994924398840873,-0.4106440668861332,"cell,cells,identified,lines,vitro"
GSE63310,0.03994842229023372,-0.4106737413419077,"cell,cells,profiling,purified,samples"
GSE76017,0.039935816133787244,-0.41112907120170905,"excitation,cell,cells,lines,profiling"
GSE57682,0.03992060680613654,-0.41167861802673406,"activation,cell,cells,lymph,signature"
GSE82229,0.039914093909460546,-0.41191400749203916,"analyzed,cell,cells,samples"
GSE72826,0.03988492740210641,-0.4129686163506947,"cell,combined,lines,point,profiling"
GSE97955,0.03985285819927921,-0.41412907201245325,"arrays,cell,cells,combined,construct,genes,high,samples"
GSE57546,0.039841638748163904,-0.4145352793972153,"activated,cell,cells,genes,high,hours,profiling,samples"
GSE75762,0.0398407533812488,-0.41456733954058467,"activated,cell,cells,genes,hours,purified,vitro"
GSE107643,0.0398402218369302,-0.41458658770742424,"analyzed,cell,cells,hours,lymph"
GSE101016,0.03981296891176164,-0.41557380896384977,"cell,cells,genes,lymph"
GSE76776,0.039811084042603105,-0.41564211222868896,"activated,activating,cells,characterized,malignant,notch,notch1"
GSE54107,0.039794859067709694,-0.41623020126392496,"apoptosis,cell,cells,high,identified,lines,novel,therapeutic"
GSE106107,0.03978977856111506,-0.41641439816165843,"cell,cells,genes,identified,novel,precursor,samples,signature,survival,target"
GSE95833,0.03978604061728431,-0.41654993463712015,"activation,cell,genes,stable,targets"
GSE83720,0.03978028810159158,-0.41675854363066367,"activation,acute,apoptosis,cell,inhibition,mutations,n4"
GSE106510,0.03977777699818166,-0.4168496156403539,"cell,cells,novel"
GSE75751,0.03977500994702769,-0.41694997695094077,"activation,cell,cells,combination,genes,inhibition,samples"
GSE93313,0.039772260446128346,-0.41704970862732327,"activated,cell,cells,genes,lines"
GSE78964,0.039755307018489824,-0.4176648066903076,"cell,cells,genes,identified,novel,vitro"
GSE61250,0.03975406601778675,-0.417709842526759,"cell,cells,characterized,purified,samples"
GSE54287,0.039749232454803836,-0.41788526562209816,"cell,cells,characterized,large,profiling,purified"
GSE86318,0.03974506572920219,-0.418036504503504,"cell,cells,lines"
GSE53074,0.03974445116035667,-0.4180588127388644,"activation,cell,cells,hours,identified"
GSE56253,0.03973941687474322,-0.4182415652665962,"cell,cells,genes,identified,novel,survival"
GSE70510,0.03973831737002823,-0.41828148210657473,"bone,high,hours,marrow"
GSE58973,0.039729060519548776,-0.41861759014728356,"activated,cell,cells,genes,hours,purified,vitro"
GSE84158,0.039698320669714,-0.41973428895982096,"cell,cells,treated,vitro"
GSE35005,0.03969350714134391,-0.4199092302279259,"analyzed,cell,cells"
GSE65344,0.03968942584418979,-0.4200575761493575,"cells,construct,genes,high,hours,precursor,profiling,samples,tcell"
GSE89758,0.039686252393899286,-0.42017293443291925,"cell,cells,profiling"
GSE75907,0.0396835779580179,-0.4202701601764443,"cases,genes,mutations,target"
GSE44157,0.039680932559748444,-0.42036633674052926,"analyzed,cell,cells,ff,genes,induction,lines,micrornas,target,targets"
GSE58971,0.03967856818529198,-0.42045230177992904,"activated,cell,cells,genes,hours,purified,vitro"
GSE76254,0.03967742860976698,-0.42049373683273294,"cell,cells"
GSE45152,0.03967455549177512,-0.42059820890428823,"activation,cases,cell,genes"
GSE88989,0.03967373846867439,-0.42062791881024647,"cell,cells,hours,mutations,profiling,resistance,treated"
GSE77857,0.03967077395809189,-0.4207357242422094,"activated,antibodies,cell,cells,genes,induction,vitro"
GSE54133,0.039666148526846974,-0.4209039457087741,"activation,cells,high,identified,large,novel,treated"
GSE95762,0.039663361718497915,-0.4210053081040368,"activation,cell,cells,construct,genes,profiling,purified"
GSE73541,0.03966335050664987,-0.42100571591817987,"activated,analyzed,cell,cells,malignant"
GSE55180,0.03965267211122045,-0.421394178872203,"fl,novel"
GSE65164,0.039646757567237394,-0.42160938554705274,"bone,cell,cells,vitro"
GSE90531,0.03963726274779911,-0.4219549313185414,"cell,cells,genes,high,improve,induction,profiling,therapeutic"
GSE43660,0.03961523129699348,-0.42275704274790954,"activated,activation,bone,cells,genes,identified,induction,inhibition,marrow,nfkb,novel,target,therapeutic"
GSE86188,0.03957185157453816,-0.42433769743179034,"analyzed,cell,cells,genes"
GSE31920,0.039560679575983346,-0.4247450592786717,"activating,bone,cell,cells,identified,marrow,profiling,target"
GSE75761,0.039556813773110995,-0.42488604389285356,"cell,cells,genes,hours,purified,vitro"
GSE81193,0.039546617794334785,-0.425257954132585,"activation,chronic,tlr3tlr4,nfkb,profiling,resistance,samples,treated"
GSE76102,0.03954643991959382,-0.42526444317256146,"cell,cells,genes,high,profiling,purified,tcells"
GSE96630,0.039545910157892605,-0.42528376955693253,"analyzed,cell,cells,combined,samples"
GSE74672,0.03954283831110818,-0.4253958395595634,"acute,cell,cells,hours"
GSE76748,0.03954238478247854,-0.4254123863550151,"cells,ff,genes,leukemia"
GSE86083,0.03953903502045918,-0.42553460684798083,"cells,doxycycline,lines,treated"
GSE87795,0.039531645506825225,-0.42580425963544216,"analyzed,cell,cells,samples"
GSE73176,0.03952499757454307,-0.4260468942473967,"cell,cells,ezh2,genes,high,profiling,survival,target"
GSE102858,0.039514718261042844,-0.4264221464743906,"cell,cells,identified,novel,op9"
GSE101092,0.03950210299281435,-0.4268828075027277,"cell,cells,genes,nfkb"
GSE76749,0.03948725101208944,-0.427425333250954,"cells,ff,genes,leukemia"
GSE79105,0.03948585264694981,-0.42747642442906486,"cell,cells,genes,identified,profiling,survival"
GSE65936,0.03947779185878844,-0.4277709716024951,"tar,analyzed,cell,inhibition,inhibitor,leukemia,novel,profiling,samples,therapeutic,treated"
GSE84125,0.03947556348486309,-0.4278524086484118,"activated,cell,cells,ff,genes,target"
GSE38669,0.03947104546479876,-0.42801753607403,"cell,lines,shrna,stable"
GSE90758,0.03947031109537201,-0.4280443780533509,"bcells,cell"
GSE58972,0.0394619763239514,-0.42834905776892185,"activated,cell,cells,genes,hours,purified,vitro"
GSE77172,0.03946004341905921,-0.428419724797265,"analyzed,bone,cells"
GSE87266,0.03945902899861719,-0.42845681340706054,"activation,cell,cells,doxycycline,genes,hours,induction,lines,point,treated"
GSE107289,0.03945509030676683,-0.42860082644946235,"cell,cells,genes,identified,novel,precursor,samples,signature,survival,target"
GSE97764,0.039453291235261666,-0.42866661189553124,"cell,induction,novel,samples"
GSE63792,0.03945155350324589,-0.42873015722966806,"activation,bone,cells,genes,inhibition,marrow,novel,treated"
GSE45975,0.03944861401679201,-0.42883765465749424,"activation,cell,cells,genes,tcell"
GSE47851,0.039431786145620776,-0.42945320647025836,"acute,cell,cells,genes,lymph,lymphoid"
GSE67602,0.03939250965030434,-0.43089093602137996,"analyzed,cell,cells"
GSE60005,0.03937716401188397,-0.431453057855815,"activated,cell,cells,large"
GSE71873,0.03936944726437809,-0.4317358106806981,"cell,cells,vitro"
GSE59215,0.039365730721758356,-0.43187200996919567,"activation,acute,analyzed,cases,cells,genes,samples,targets,treated,vitro"
GSE95434,0.03935507601782681,-0.4322625417550015,"cell,cells,profiling"
GSE65970,0.039351964848643395,-0.432376596820602,"antibodies,cell,cells,combination,high,novel,signature,target"
GSE89547,0.03934979039112016,-0.43245631750984553,"cell,cells,malignancies,micrornas,targets"
GSE76678,0.03932734362416051,-0.4332795259467222,"cell,cells,combination,identified,notch,samples,survival"
GSE73083,0.039325789695096355,-0.433336531832195,"cell,cells,doxycycline,genes,treated,vitro"
GSE73823,0.039323455818316956,-0.43342215433078846,"cell,cells,lines,stable,target"
GSE95832,0.039317749065296045,-0.43363153831236606,"activation,cell,genes,stable,targets"
GSE98969,0.03931579131735,-0.43370337618816085,"activated,activation,cell,cells,novel,profiling"
GSE102817,0.03930326431822082,-0.43416312833165155,tcells
GSE89546,0.03929876187838699,-0.4343284077256211,"cell,cells,malignancies,micrornas,targets"
GSE51620,0.03928627124108079,-0.43478702382427553,"activated,activation,cell,cells,genes"
GSE44158,0.039271397156990406,-0.4353333426763743,"analyzed,cell,cells,genes,induction,lines,micrornas,target,targets"
GSE80036,0.039251962259173066,-0.4360474901983924,"bone,cell,marrow,purified"
GSE86079,0.039232661206037404,-0.4367570695522754,"bone,identified,marrow"
GSE70288,0.03922968000675111,-0.43686670078075596,"cell,cells"
GSE90766,0.03921945860678327,-0.437242647881989,"cell,cells,purified"
GSE48206,0.039210820059874044,-0.43756045342976185,"cell,genes,lines"
GSE68902,0.03920740151588645,-0.4376862383905015,"cell,cells,genes,induction,marrow,notch,point,profiling,samples,vitro"
GSE82157,0.03919982322144016,-0.4379651200340422,chronic
GSE53150,0.0391985694398027,-0.4380112644635254,"analyzed,cell,cells,characterized"
GSE39513,0.039187630659389086,-0.4384139201436978,"activation,cell,cells,genes,myc,target"
GSE47124,0.03917804150508431,-0.43876698865057734,"cell,cells,genes"
GSE77550,0.039175415983434166,-0.43886367428991596,"cell,cells,genes,lines,myc,profiling"
GSE22182,0.03917506171601578,-0.4388767207923155,"cell,combined,genes"
GSE70546,0.0391710604450832,-0.439024082616423,"sl,cell,cells,genes,lines,treated,vitro"
GSE76157,0.03916738277635674,-0.43915953985094036,"bone,cell,cells,genes,identified,novel,profiling"
GSE100397,0.039160963531214184,-0.4393960063050589,"chronic,improve,novel,targets,therapeutic,treated"
GSE33306,0.03915097022629335,-0.43976420795295257,"activation,cell,cells,high,lymphoid,tcell"
GSE44067,0.03914228298274795,-0.44008436435774295,"analyzed,cell,cells,characterized,genes,high,large,lines,target"
GSE42880,0.03914021401698162,-0.440160623720077,"antibodies,cell,cells,gc,genes,high,hours,identified,inhibitor,point,purified,samples,target"
GSE60441,0.039139671267864,-0.4401806294075559,"activated,cell,cells,genes,identified,precursor,purified"
GSE53076,0.03913113033002014,-0.44049548420574974,"analyzed,cell,cells,genes,identified,mutations,purified,samples"
GSE54984,0.03913110404465123,-0.4404964533007847,"cell,genes,shrna,target"
GSE60941,0.0391295385169373,-0.4405541727110946,"bone,cell,cells,genes,marrow"
GSE96724,0.0391215101381775,-0.4408502071403537,"activated,cell,cells,genes,large"
GSE100426,0.03911649320687916,-0.44103522980466164,"cell,cells,hours,samples"
GSE72596,0.03910700213434152,-0.44138532214687265,"cell,cells,combined,doxycycline,improve,point,samples"
GSE53218,0.039103116322223734,-0.4415286806275245,"bone,marrow"
GSE79723,0.039091267673090305,-0.4419658984072025,"cell,genes"
GSE63199,0.0390909436984342,-0.4419778550050406,"bone,cell,cells,marrow"
GSE58332,0.03908715017771477,-0.44211786592785507,"analyzed,cells,high,large,lines,targets"
GSE67478,0.03908313470606222,-0.44226608340086715,"cell,cells,profiling,survival"
GSE83555,0.039077244346611466,-0.44248353353321673,"activated,cell,cells,targets"
GSE79436,0.039070556137321764,-0.4427304770514856,"cell,cells"
GSE57837,0.03906757596041703,-0.4428405254063179,"cell,cells"
GSE69707,0.039065428485711325,-0.44291982994941337,"bone,cell,genes,marrow"
GSE83312,0.03905686645486452,-0.44323606232588114,"cell,center,identified,lines,profiling,purified"
GSE102446,0.039051005842274916,-0.443452559754035,"activation,acute,cell,cells,chronic"
GSE41090,0.03903136931973775,-0.44417819122267627,"cell,micrornas,survival,tcell"
GSE76988,0.03902052915046495,-0.4445789260890751,"activation,bone,cells,combination,genes,induction,inhibition,marrow"
GSE63204,0.03900516705260579,-0.4451470164429953,"cell,cells,chronic,genes,induction,lymphocytic"
GSE76140,0.039004387159275455,-0.4451758628644754,"cells,genes,lymphoid,notch,purified"
GSE85484,0.03900252897597357,-0.4452445950222895,"cell,cells,inhibition,inhibitor"
GSE43948,0.038998421320958494,-0.44539654428708303,"cell,cells,genes,high,novel,profiling,targets"
GSE104054,0.03899483223651053,-0.4455293238315151,"cell,cells,lymph,profiling"
GSE94883,0.03898924688568314,-0.4457359803194746,"analyzed,cell,cells,identified,induction,precursor,vitro"
GSE68284,0.038985093931188555,-0.44588965771635347,"genes,identified,large,mutations"
GSE68283,0.038979410957303395,-0.4460999790226421,"genes,identified,large,mutations"
GSE83099,0.038965522725387586,-0.4466140979673129,"analyzed,cell,cells"
GSE58916,0.03895856360791593,-0.44687178168911035,"analyzed,bone,cell,identified,lines,shrna,stable,subtypes"
GSE82230,0.03895839572695175,-0.4468779985907078,"analyzed,cell,cells,lines,samples"
GSE84370,0.038956246718010026,-0.4469575822080242,"cells,hours,precursor,profiling,treated,vitro"
GSE80168,0.03895598879344526,-0.44696713414779515,"cell,cells,hours,treated"
GSE44359,0.03895561978269282,-0.4469808001467987,"high,large,samples,target,treated"
GSE70793,0.03894464870925488,-0.44738716365884285,"bone,cell,inhibitor,marrow,profiling,targets"
GSE101810,0.038931316420137425,-0.4478811396256103,"activation,cell,cells,inhibitor,signature"
GSE92590,0.03892832068797197,-0.44799215807115117,"cell,profiling"
GSE73049,0.038925568424600876,-0.44809416136895985,"activation,cell,cells,genes,improve,samples,treated"
GSE89817,0.03891611787454703,-0.44844446883046446,"activation,cells,genes,h3k27,induction,inhibitor,novel,resistance,targets,therapeutic,treated"
GSE78510,0.038910700600661714,-0.4486453115305831,"cell,cells,profiling"
GSE86209,0.038909795732539956,-0.44867886178568284,"bcells,bone,cell,cells,genes,lymphoid,marrow,profiling,target,vitro"
GSE37018,0.038909559232164846,-0.4486876307588642,"analyzed,apoptosis,cell,cells,genes,induction,target"
GSE97234,0.03890286770003165,-0.4489357618255565,"activated,activation,acute,cell,chronic,high,identified,profiling,samples"
GSE90516,0.03889800100606536,-0.44911625223335333,"cell,lines,samples"
GSE81286,0.03889130314372607,-0.4493646918591076,"acute,genes,hours"
GSE77656,0.03888954251403426,-0.4494300048986914,"cell,cells,combination,genes,point,samples,treated"
GSE49669,0.03888789041168457,-0.44949129465274046,"cell,ezh2,genes,h3k27,target,targets"
GSE96105,0.03888207791519638,-0.4497069475597615,"activated,analyzed,cell,high"
GSE93320,0.038879833870827704,-0.44979021381720713,"cell,cells"
GSE55798,0.03887000217189256,-0.4501550800110098,"bone,cell,cells,mpns,marrow,mutations,targets,therapeutic"
GSE92457,0.03885938397129907,-0.45054923790147505,"chronic,genes,identified,novel"
GSE95701,0.03885800626134503,-0.45060038772296906,"cell,cd115biotin"
GSE77197,0.03885085033098121,-0.4508660929650929,"activating,cell,cells,novel"
GSE108067,0.038843516947733296,-0.45113843795087966,"bone,cell,cells,marrow,novel"
GSE74406,0.038833136173562155,-0.4515240439445639,"cell,cells,profiling"
GSE79975,0.038830639592209594,-0.45161679775423247,"cell,genes,identified,survival,target,zap70"
GSE61102,0.038823064043157066,-0.4518982835449446,"cell,cells,identified,profiling"
GSE72860,0.03880925625404194,-0.45241148291901523,"cell,cells,genes,inhibition,stable,vitro"
GSE77458,0.0388079775460934,-0.4524590183831372,"activation,analyzed,cell,cells,characterized,genes,purified,signature"
GSE70849,0.0388066210629432,-0.45250944682183597,"cell,cells,genes,inhibition,lines,target"
GSE92699,0.03879593065108603,-0.45290693386132913,"activated,cell,cells"
GSE98563,0.03879542867063615,-0.4529256010096303,"bone,cell,cells,characterized,high,hours,identified,samples,survival,therapeutic,vitro"
GSE64411,0.0387802345794139,-0.45349073804924017,"cell,cells,genes,inhibition,survival,target,targets,therapeutic,vitro"
GSE94333,0.038779522203559826,-0.4535172399660739,"cell,cells,high"
GSE87051,0.038776976467648674,-0.453611950806266,"cell,cells,ink4aarf,lines,profiling"
GSE98496,0.038770900454649836,-0.45383802621123215,"activated,activating,activation,apoptosis,cell,characterized,mutations"
GSE96988,0.03876130282726958,-0.4541952055228061,"cell,hours,treated"
GSE77941,0.03876102108984264,-0.4542056918232198,"analyzed,cell,cells,genes,uhrf1"
GSE90574,0.03875039038570598,-0.4546014235985371,"acute,cell,cells,hours,identified,lines,profiling,targets"
GSE83684,0.038742976796115935,-0.454877461390114,"cell,cells,profiling,purified"
GSE69278,0.03874266394286515,-0.4548891113378754,"cells,h3k27,h3k36,h3k36m,mutations,profiling,vitro"
GSE90883,0.03873615368455959,-0.4551315599885405,"chronic,improve,novel,targets,therapeutic,treated"
GSE38990,0.03873424072697424,-0.45520280822325865,"cell,cells"
GSE70520,0.03872079500406526,-0.455703694389632,"bone,cell,cells,chronic,marrow,profiling,target,vitro"
GSE100244,0.03871502942817067,-0.45591852952123546,"activation,doxycycline,notch,samples"
GSE86976,0.038713063583064054,-0.4559917875565759,"cell,cells,inhibition"
GSE92535,0.03871057729853234,-0.45608444531135295,"activation,cell,cells,genes"
GSE81489,0.038709245979347204,-0.4561340627737831,"call,cell,cells,combined,genes,identified,large,novel,precursor,target,targets"
GSE72808,0.03870285314632828,-0.4563723435753316,"cell,genes,samples"
GSE97381,0.038697977142115515,-0.45655411390208894,"cd31cd144cd41cd45,cell,cells"
GSE75104,0.03869418537155433,-0.45669548141041316,"cells,characterized,genes,lymph,novel,profiling,subtypes,targets,vitro"
GSE83885,0.0386855881105374,-0.4570160619788807,"bone,genes,marrow"
GSE65921,0.03868378353749891,-0.45708336118316684,"activated,apoptosis,cell,cells,micrornas,targets"
GSE98794,0.03867284915747289,-0.4574912118197373,"agents,cell,cells"
GSE82282,0.03867148503652515,-0.4575421014045323,"activation,genes,inhibitor,treated"
GSE79410,0.03866005268658302,-0.4579686646198255,"activation,cells,lymphoid,notch,profiling"
GSE67681,0.03865118799635686,-0.45829951029171934,"activation,cell,cells,combination,inhibition,inhibitor,novel,resistant,survival,treated,vitro"
GSE87464,0.038643170412464144,-0.458598805836738,"cells,ezh2"
GSE84379,0.038640051553589475,-0.45871524927995094,"cell,cells,vitro"
GSE103753,0.038638452994857644,-0.45877493554765986,"aid,cell,cells,genes,lymph"
GSE84378,0.038636382578461775,-0.45885224349520715,"cell,cells,vitro"
GSE80353,0.03863050675723131,-0.45907166524854987,"cell,cells,center,characterized,large,micrornas,profiling,purified,target"
GSE95053,0.03862865357109112,-0.45914087600474873,"cell,combination,genes,hours,identified,treated"
GSE98700,0.038612276812369804,-0.45975264152413886,"activated,activation,acute,cell,cells,induction"
GSE106550,0.03860317799326947,-0.46009264654742854,"analyzed,genes,hours,identified,target,treated"
GSE65922,0.03859058661673286,-0.4605632938008746,"activated,apoptosis,cell,cells,micrornas,targets"
GSE60114,0.03859043750530666,-0.4605688682880641,"activation,cell,cells,novel"
GSE63426,0.0385702590549417,-0.46132343252181884,"cell,cells,identified,profiling"
GSE83356,0.03857013435724622,-0.4613280967642197,"cell,cells,purified"
GSE69007,0.03856779820829978,-0.461415481800057,"cell,cells,genes,improve"
GSE96818,0.038537188919895694,-0.4625609296511041,"cell,cells,vitro"
GSE92282,0.03852566723462018,-0.46299232498636644,"cells,samples,treated"
GSE74980,0.0385008376319873,-0.46392243458665205,"cell,cells,high,treated"
GSE79898,0.038498181962279686,-0.46402195069839286,"cells,h3k27,inhibitor,novel"
GSE55291,0.0384862407810117,-0.46446950833465095,"cell,cells,inhibition,samples"
GSE68511,0.03846856480406768,-0.46513226212980635,"cell,cells,genes,cd451,mir155,target"
GSE93267,0.03845125540152152,-0.4657815665501461,"cell,cells,genes,identified,tip,targets"
GSE76482,0.0384500196067872,-0.46582793444026815,"analyzed,cell,cells,combination,identified,notch,samples,survival"
GSE98860,0.03844139120657455,-0.46615171963599217,"cell,cells,treated"
GSE97399,0.038431933682349116,-0.46650670163755564,"activated,activation,analyzed,cell,cells,genes,hours,inhibitor,novel,profiling,purified,samples"
GSE96707,0.03842297383761735,-0.4668430841546215,"activated,cell,cells,genes,induction,samples,target"
GSE102299,0.038365374448098954,-0.4690074325500987,"analyzed,cases,cell,cells,identified,lymphoid,vitro"
GSE72238,0.03836463756524078,-0.469035142626439,"cells,ezh2,genes,high,identified,inhibitor,target"
GSE87544,0.03835650113489206,-0.46934114402207844,cell
GSE60641,0.03835092782614813,-0.4695507869473925,"cells,gammasecretase,genes,inhibitor,notch,point,treated"
GSE56292,0.03834943775578574,-0.4696068418854975,"acute,cell,cells,high,profiling,treated"
GSE97137,0.03834598837965423,-0.4697366122797232,"cell,cells,high"
GSE72671,0.03834559191828497,-0.4697515284634585,"cells,characterized,genes,leukemic,malignancies,malignant,novel,prognosis,resistant,signature,target,therapeutic"
GSE80550,0.0383420078317607,-0.4698863806136183,"cell,cells,genes,high,profiling,shrna"
GSE101898,0.03833422177793839,-0.47017937627429,"activation,cell,cells,hours,lines"
GSE81903,0.038326386152364604,-0.47047429744703106,"cell,cells,samples"
GSE93131,0.03830975258214766,-0.4711005599398277,"activated,aid,cell,cells"
GSE94768,0.038297554589586454,-0.47155999348932265,"analyzed,notch,notchr,notchrs,samples"
GSE84377,0.03828213975596774,-0.47214079769618855,"cell,cells,vitro"
GSE95811,0.03828011033806749,-0.4722172800654416,"cells,lymphoid,vitro"
GSE60019,0.03827691346212879,-0.47233776847621955,"cell,cells,genes,profiling"
GSE72369,0.03827511795312172,-0.47240544458860884,"cells,profiling,shrna"
GSE62184,0.03826573743224355,-0.47275906569596404,"cell,cells,genes,shrna,target"
GSE76779,0.038253551022960935,-0.4732185909409538,"cell,cells,hours,inhibitor,purified,treated"
GSE66832,0.038253019373084646,-0.47323864173230556,"cell,cells,genes,purified"
GSE78140,0.03824534655199176,-0.47352804767826534,"analyzed,cell,cells,combination,genes,samples,target"
GSE83865,0.038242438572574707,-0.4736377469584621,"cell,myc,noduli"
GSE98347,0.03823824804813414,-0.4737958430504902,"acute,cell,cells"
GSE74371,0.038225738098163424,-0.4742679095449316,"cell,cells"
GSE40948,0.038221705565501425,-0.4744201112301752,"cell,cells,genes,high,identified,myc,treated"
GSE64489,0.038219125558375734,-0.4745174980176389,"cell,cells,identified,lines,shrna"
GSE64138,0.038218546954101,-0.47453933932939996,"cell,cells,genes,samples,signature,target,targets"
GSE59698,0.0382168882603575,-0.4746019539853319,"cell,cells,characterized,genes,identified,novel,profiling"
GSE103272,0.03821089571504583,-0.47482819148618466,"cell,cells,profiling"
GSE93007,0.03820495667794671,-0.4750524438924457,"activation,cell,cells,characterized,chronic,treated"
GSE53459,0.03819761207774521,-0.47532981724502327,"cell,cells,genes,identified,lines,samples,survival"
GSE61694,0.03819731100095084,-0.47534118873361614,"cells,sox2t20,inhibitor,treated"
GSE84055,0.038193713085829945,-0.475477086749603,"cell,cells,genes,profiling"
GSE104086,0.03818794501705637,-0.47569498105663,"inhibitor,treated"
GSE70815,0.03817858813958902,-0.4760485160471531,"bone,cell,cells"
GSE87478,0.03817547404146063,-0.476166196594876,"activation,bone,cell,cells,marrow,novel,profiling,samples"
GSE75589,0.03817144769701611,-0.4763183648037868,"activation,cell,cells,lines,mutations,profiling,resistance,resistant,vitro"
GSE46240,0.03816984920880557,-0.4763787811474456,"apoptosis,cell,genes,profiling,target"
GSE75931,0.038169278696004366,-0.4764003448202738,"cell,cells,identified,novel,profiling,purified,samples"
GSE101957,0.03815591338901253,-0.4769056055811689,"bone,cells,induction,marrow,purified,signature"
GSE75851,0.038146533427312876,-0.4772603104395482,"cell,cells,lymphoid,purified,samples"
GSE99251,0.038144189200829404,-0.4773489713882713,"hbc,cell,cells,samples"
GSE79814,0.03814359289308056,-0.4773715252024865,"activated,bone,cebpa,cell,cells,genes,hours,marrow,therapeutic,treated"
GSE54286,0.03813295125415222,-0.4777740772577768,"cell,cells,characterized,large,purified"
GSE65529,0.03812898896853141,-0.4779239913513384,cell
GSE88982,0.038126700573600986,-0.4780105804580277,"bone,cell,cells,marrow,samples,vitro"
GSE94597,0.03811943896701984,-0.4782853821436815,"analyzed,bone,cells,genes,inhibitor,lymph,lymphoid,marrow,samples"
GSE54411,0.03811402104762746,-0.4784904470968131,"analyzed,cell,cells"
GSE102597,0.03811011173106625,-0.4786384304562944,"activation,cell,cells"
GSE34483,0.03810099694739321,-0.47898352065363153,"activating,activation,cell,cells,genes,inhibition,mll,target"
GSE66781,0.03810008329408455,-0.4790181165699462,"cells,center,germinal"
GSE104064,0.03809850882438195,-0.47907773655948,"inhibitor,treated"
GSE59813,0.038093203643553376,-0.4792786444492453,"cell,genes,target"
GSE87527,0.03809288975994946,-0.4792905321389419,"cell,cells,high"
GSE94595,0.03808654355818652,-0.4795309023657674,"analyzed,cell,cells,genes,hours,identified"
GSE90116,0.03807950984050859,-0.479797359906601,"cell,cells,inhibition"
GSE68949,0.03807910522504627,-0.4798126894059742,"cell,cells,genes,hours,samples,subtypes,targets"
GSE70941,0.03807103720925351,-0.4801183930079766,"cell,cells,samples"
GSE46213,0.03806722338244735,-0.48026292452161773,"genes,nfkb,target"
GSE62979,0.038058100740859,-0.48060870143603884,"activation,bone,cell,cells,cohort,genes,hours,identified,samples,targets,treated"
GSE101334,0.038051453428662445,-0.4808607077569332,"cell,cells"
GSE75477,0.03805117794931255,-0.4808711524073945,"chronic,samples,treated"
GSE75778,0.03804918994941292,-0.4809465285895689,"activated,cell,cells,genes,lines,samples"
GSE58757,0.03804583496565422,-0.4810737436982959,"cell,cells,induction,samples"
GSE66734,0.038045036898001316,-0.48110400667773034,"activation,cell,cells,genes,large,novel"
GSE85491,0.038044937411919735,-0.48110777926611226,"cell,cells"
GSE93856,0.03804439525550581,-0.48112833842578273,"cells,precursor,stable"
GSE70706,0.03804348976574105,-0.48116267623377684,"analyzed,cell,hours,lines,samples,shrna,treated"
GSE68618,0.03804214700310809,-0.4812135977236698,"activation,cell,cells,genes"
GSE94481,0.038032770975712275,-0.4815692142305305,"cell,cells,lines"
GSE93670,0.03803228985495837,-0.481587464673458,"cell,cells,genes,induction,lines,lymph,novel,therapeutic"
GSE59859,0.038029773052626704,-0.48168293876672647,"activating,activation,cells,combination,eto2,genes,large,novel"
GSE68768,0.03802499590851866,-0.4818641755837594,"cell,cells,samples"
GSE94136,0.03802125956720931,-0.48200594196130664,"bone,cell,cells,characterized,induction,vitro"
GSE98507,0.03801640583477267,-0.48219012583093585,"activated,cells,profiling,vitro"
GSE69969,0.038013559448414426,-0.48229814817370864,"activated,activation,apoptosis,cell,cells,genes,lymph,survival,vitro"
GSE68025,0.03801314274730077,-0.4823139629496452,"activating,cell,cells,lines,novel,treated"
GSE72066,0.03800227113835767,-0.48272662705588076,"activation,cell,cells,profiling,samples"
GSE97354,0.03799166759503295,-0.4831292296772127,"bone,marrow"
GSE59958,0.03799153090855593,-0.4831344202168699,"acute,cell,cells,genes"
GSE81830,0.03799029497807236,-0.4831813543556297,"cell,cells,profiling,shrna"
GSE49715,0.03798942574012783,-0.4832143643551433,"cell,cells,large,purified"
GSE83114,0.037976881754393114,-0.48369081626583393,"cell,cells"
GSE105035,0.0379761093029633,-0.48372016104427235,"cell,cells,chronic,genes,derived2like,point,samples"
GSE80804,0.03797590922312895,-0.4837277620057848,"activated,cell,cells,genes,profiling,signature"
GSE23943,0.03797273979160851,-0.48384817292023663,"cells,ezh2,profiling"
GSE71281,0.03795448061891289,-0.48454205894066743,"analyzed,cell,cells,genes,profiling,treated,vitro"
GSE81889,0.037953664252821345,-0.4845730903224477,"activated,activation,analyzed,cell,cells,samples,target,targets,therapeutic"
GSE65633,0.03795039695212912,-0.4846972923330871,"cell,cells,purified"
GSE70605,0.03794632322001058,-0.484852164720659,"cell,cells,combined,improve,samples,therapeutic"
GSE85131,0.03794138002365871,-0.48504011413982057,"antibodies,cell,cells,induction,inhibition,inhibitor,treated"
GSE82174,0.03793171913134628,-0.48540750974274843,"cell,cells,genes,large,therapeutic"
GSE89264,0.0379279798495639,-0.4855497365999799,"cell,cells,purified,target"
GSE86110,0.037922288586662106,-0.4857662356829629,"activation,cell,cells,inhibition"
GSE65530,0.03791557036719302,-0.4860218426336522,"cell,cells"
GSE61775,0.0379110236416548,-0.48619485682425073,"cell,cells,dexamethasone,genes,hours,large,samples,target,targets"
GSE54973,0.03790533484455658,-0.4864113588969298,"cell,cells,genes,novel,purified"
GSE75909,0.03790148666268646,-0.4865578299610068,"cell,cells"
GSE77885,0.037896305133301625,-0.4867550749356227,"activated,activation,bone,cells,chronic,genes,identified,marrow"
GSE40285,0.037893531072952104,-0.48686068601255594,"cell,cells,identified,lines"
GSE103319,0.03788761369212795,-0.487085992083449,"cell,cells,lymph,vitro"
GSE83963,0.03788292402846466,-0.48726457744717083,"cells,genes,mutations,notch1,therapeutic"
GSE72537,0.037868240909202114,-0.48782386293479557,"activation,bone,cells,characterized,genes,marrow,mutations,n4"
GSE88778,0.03786668716420116,-0.4878830583487219,"cell,cells,genes,purified"
GSE100608,0.03786530783943998,-0.487935610641656,"inhibitor,treated"
GSE98964,0.03786115109656505,-0.48809399418215643,"bone,cell,cells,hours,malignancies,marrow,target,therapeutic,treated,vitro"
GSE48252,0.03785559518505145,-0.4883057171205105,"cell,cells,genes"
GSE74001,0.03785200767647772,-0.48844244528615605,"cell,cells,high,highm,profiling,survival,therapeutic"
GSE29278,0.037851476084460045,-0.48846270657743607,cell
GSE39970,0.03785064867608135,-0.48849424328710056,"cell,cells,genes,point,samples"
GSE58016,0.03785037032066187,-0.48850485297211155,"cell,cells,ezh2,genes,inhibition,target"
GSE73836,0.037848740674274156,-0.48856696949452305,"bone,cells,marrow"
GSE62715,0.03784490512103012,-0.488713178164771,"activation,cell,genes,high"
GSE102415,0.037835124185428955,-0.4890860878344668,"bone,cells,chronic,dexamethasone,glucocorticoid,glucocorticoids,profiling,samples,therapeutic,treated"
GSE77705,0.03783040136925571,-0.4892661852680358,"cell,cells,high,lines,novel,samples"
GSE86997,0.037828961445064875,-0.48932109906620563,"cell,cells,large,treated"
GSE70135,0.037824736729743604,-0.48948222736519287,"bone,cells,marrow"
GSE103219,0.037817598072268165,-0.4897545327030953,"genes,myc,profiling,samples,target"
GSE62771,0.037814856070684764,-0.48985914049701224,"antibodies,cell,cells,target,targets,therapeutic"
GSE52801,0.03781324061734964,-0.48992077384804944,"analyzed,cell,genes,high,samples,target,treated"
GSE106663,0.037810211319015075,-0.4900363558156823,"cells,tcells"
GSE75103,0.037807538899112675,-0.49013832888234576,"cells,characterized,genes,lymph,novel,profiling,subtypes,targets,vitro"
GSE40463,0.03780626540647877,-0.49018692481068404,"cell,cells,point,signature"
GSE104478,0.03779917590590575,-0.49045748701286196,"bone,cell,cells,marrow"
GSE106273,0.03778699612751499,-0.49092243200380015,"cell,cells,characterized,hours,lymph,point"
GSE75767,0.037776978834752194,-0.49130493963879135,"cell,cells,identified"
GSE98725,0.03777605693143238,-0.49134014736629716,"activation,cells,malignant,profiling"
GSE94072,0.03777073331989622,-0.4915434742832978,"cells,nfkb"
GSE94306,0.037760234276212896,-0.49194455264454845,"cell,genes,large"
GSE97375,0.03775155947550033,-0.4922760264819977,"cell,cells,hours,treated"
GSE43351,0.037748776930395536,-0.4923823667770654,"apoptosis,cell,genes,h3k36,high,identified,profiling"
GSE68270,0.0377445377899118,-0.49254438872517026,"activation,cell,cells,combination,precursor,vitro"
GSE71462,0.0377435713466193,-0.49258132919066644,"cell,cells,genes"
GSE93702,0.03773992363316087,-0.4927207646559312,"bone,treated,vitro"
GSE63820,0.03773875225116924,-0.49276554411107276,"bone,cells,genes,marrow,vitro"
GSE92965,0.03773831181487435,-0.4927823814183086,"acute,cells,characterized,large,purified,survival"
GSE98133,0.03773665859285958,-0.49284558370085846,"cell,cells,construct,doxycycline,genes,identified,samples,stable,treated"
GSE42605,0.03773330325695983,-0.4929738659034096,"activation,cell,cells,identified,inhibitor,tcell"
GSE84410,0.03771915827071641,-0.49351478667213505,"activation,cell,cells,characterized,combination,genes,inhibition,profiling,subtypes"
GSE87341,0.03769164861080047,-0.4945673692750545,"cell,cells,vitro"
GSE76245,0.03769164861080047,-0.4945673692750545,"cell,cells,vitro"
GSE82005,0.03767416523816611,-0.49523672250463974,"aggressive,analyzed,cell,genes,high,lines,nfib,resistant,samples"
GSE106969,0.0376666570761234,-0.49552426882676176,cell
GSE63526,0.03766064795152776,-0.4957544465629606,"acute,cells,characterized,chronic,novel,pediatric,treated,vitro"
GSE71405,0.03765318970559436,-0.49604018354813467,"alk4,cells,inhibitor,treated"
GSE99787,0.037650063573488296,-0.4961599673580706,"bone,marrow,profiling,treated"
GSE59073,0.037648125892708065,-0.4962342183453226,"activation,cell,cells,profiling,resistant,vitro"
GSE81390,0.03764708861760343,-0.49627396779445637,"bone,cells,genes,malignancies,marrow,samples,signature"
GSE79519,0.03764505519722111,-0.4963518937334371,"activation,cells,combination,combined,construct,genes,identified,malignancies,novel,samples,target,treated"
GSE76005,0.03764363165916236,-0.4964064499060542,"cell,cohort"
GSE98451,0.03764085852308394,-0.49651273447171107,"activation,cell,cells,characterized,identified"
GSE90478,0.037629878745633075,-0.4969336276678073,"activation,cells,genes,high,improve,inhibition,inhibitor,profiling,resistance,target,treated"
GSE106700,0.03762357810051811,-0.4971752088486314,"activation,genes,h3k27,large,nfb"
GSE94967,0.03761304860734392,-0.4975790240739909,"doxycycline,genes,myc"
GSE58707,0.03760686590907672,-0.497816188612314,"apoptosis,bone,cell,identified,marrow"
GSE77051,0.0376053605166186,-0.49787394045233846,"cells,genes,induction,profiling,samples,treated,vitro"
GSE57249,0.03760043324317237,-0.498062983147609,"activation,cell,genes,samples"
GSE74647,0.03759700107974725,-0.4981946782034566,"cell,purified,samples"
GSE58514,0.03759217043357012,-0.49838005461214296,"activation,cell,cells,genes,large,targets"
GSE29362,0.03759010799079505,-0.4984592082644881,"analyzed,characterized,high,large,novel,samples,tcells"
GSE85308,0.03758122955183567,-0.4987999998570236,"cell,cells,genes,target"
GSE70016,0.0375808850671535,-0.49881322424128044,"cell,cells,high,lines,profiling,samples,targets"
GSE94653,0.03756964740228097,-0.4992446922022082,"bone,cell,cells,characterized,genes,hours,marrow,samples,target"
GSE79600,0.0375645731746174,-0.4994395584839501,"acute,cells"
GSE66484,0.037562224680932864,-0.4995297569295129,treated
GSE95383,0.03755912298400896,-0.49964889224622644,"activation,cell,cells,genes,target,vitro"
GSE58836,0.037557062369054595,-0.4997280453332108,"cell,cells,inhibitor"
GSE50561,0.03755565533175246,-0.4997820954541625,"cell,cells,characterized,samples"
GSE90847,0.037552040401599145,-0.4999209691543461,"activated,cell,cells"
GSE80232,0.03754128157999532,-0.5003343667313944,"cell,cells"
GSE44575,0.03753703676055486,-0.5004975025100881,"cell,characterized,gc,genes,high,large"
GSE65884,0.03753664795628363,-0.5005124458553123,"analyzed,cell,cells,vitro"
GSE38808,0.03753557802780715,-0.5005535684006208,"activation,cell,cells,genes"
GSE62512,0.03753299806736442,-0.500652733626112,"activated,cell,cells,genes,target"
GSE75579,0.037529144814008125,-0.5008008527524757,"bone,cell,cells,ff,marrow"
GSE107115,0.03752840605908119,-0.5008292522421248,"cell,cells"
GSE100807,0.03752345718981916,-0.5010195129190388,"cell,cells,targets"
GSE66352,0.0375194570590578,-0.5011733174154539,"bone,cell,cells,identified,marrow,micrornas,novel,survival,target"
GSE78082,0.037519161221313775,-0.5011846929886187,"activating,activation,cell,cells,genes,novel,therapeutic"
GSE89195,0.03751756187764532,-0.501246192613981,"analyzed,antibodies,cell,cells,hours,inhibition,inhibitor,nfb,therapeutic"
GSE38907,0.037516851253810914,-0.5012735191016305,"activation,analyzed,bone,cell,cells,induction,micrornas"
GSE62559,0.03751534028357092,-0.5013316240090792,"cell,cells,genes,hours,survival"
GSE56575,0.03751476469692523,-0.5013537590174084,"cell,cells"
GSE121654,0.037511174825565166,-0.5014918203238183,"cell,purified"
GSE96107,0.037510827595125536,-0.5015051750095676,"activation,cell,cells,genes,vitro"
GSE99783,0.03750997006059437,-0.5015381568187248,"antibodies,cell,cells,genes,novel,treated"
GSE96104,0.03750902979000197,-0.501574321622935,"activated,cell,high,identified"
GSE62535,0.03750508035819861,-0.5017262350608482,"cells,irf4batf,profiling,samples"
GSE101605,0.03750054545350583,-0.5019006882288164,"cells,genes,shrna,vitro"
GSE93374,0.03749814592089553,-0.5019930043408733,cell
GSE50776,0.03749107854693534,-0.5022649384878662,"activating,cell,cells,high,vitro"
GSE106264,0.03748853338094262,-0.5023628824025634,"cell,cells"
GSE90908,0.03747928550500993,-0.5027188181897527,"activated,activation,cell,cells,characterized,lymphoid,novel,outcome,survival,cd45dapilinst2thy1,therapeutic"
GSE70307,0.03747800433202998,-0.5027681353918259,"cell,cells,hours,profiling,vitro"
GSE106083,0.037474526897254626,-0.5029020035301461,"cell,cells,large,lymphoid"
GSE43366,0.03746573960754147,-0.5032403364435821,"activated,activation,genes,induction,profiling,purified,samples,tcell"
GSE72121,0.03746389820390359,-0.503311245204782,"activation,acute,cell,combination,hes1,notch,samples,target"
GSE85462,0.037445377121990496,-0.5040246488108413,"cells,genes,mutations,samples,shrna"
GSE67404,0.03744470753279313,-0.5040504469660699,"activated,activation,cell,cells"
GSE70766,0.0374361417605331,-0.5043805125925006,"cell,cells,genes,target,targets"
GSE68160,0.0374306227726954,-0.5045932162253673,"genes,glucocorticoid,samples,treated"
GSE37646,0.03742888395668999,-0.5046602372715399,"cell,cells,combination"
GSE93027,0.03742732826246132,-0.5047202026981258,"cell,cells,genes,myc"
GSE63348,0.03742685595148517,-0.5047384087799958,"analyzed,cells,genes,lines"
GSE81530,0.03742580233700131,-0.5047790230861736,"bone,identified,lymphoid,marrow,profiling"
GSE38371,0.03742405589833987,-0.5048463466177321,"activated,agents,bone,cells,marrow,treated"
GSE81686,0.0374147989200616,-0.5052032467000809,"cell,cells"
GSE108836,0.037411655008056884,-0.5053244793931394,"activated,combined,genes,inhibition,nfb,target"
GSE93573,0.03741090144522078,-0.5053535391157209,"activated,activation,cell,cells,hours,induction,inhibitor,targets,treated"
GSE61462,0.03740753856617755,-0.5054832293076389,"cell,cells,profiling"
GSE61188,0.03740745698994586,-0.5054863754583281,"cell,cells,genes,shrna"
GSE90821,0.0373827075052626,-0.5064412058257018,"analyzed,cell,cells,genes,identified,mutations,novel"
GSE80375,0.037377222030048535,-0.5066529199873295,"activated,cell,cells,genes,resistance,survival,vitro"
GSE78183,0.0373729329430881,-0.5068184807007964,"cell,cells,genes,high,large,novel"
GSE100411,0.03736531903002638,-0.5071124280266678,"apoptosis,cells,genes,hours,induction"
GSE65358,0.03736156583725791,-0.5072573480941572,"cell,cells,high,inhibitor,novel,treated"
GSE93006,0.03735635303222316,-0.5074586515592096,"activation,cell,cells,characterized,chronic"
GSE94543,0.037356091415428824,-0.5074687551839694,"analyzed,genes,large,samples"
GSE90742,0.03735077540964726,-0.5076740743337954,"bone,cell,cells,lymphoid,marrow,novel"
GSE69080,0.037350718463838244,-0.5076762738998821,"cell,cells,purified"
GSE52957,0.03734961870149357,-0.5077187535389608,"activating,apoptosis,cell,genes,inhibitor,novel,target"
GSE69771,0.03733350314264575,-0.5083413798196428,"activation,cell,genes,mutations,samples"
GSE97126,0.037327370868295524,-0.508578371468389,"activation,antibodies,cell"
GSE87046,0.03732603945202561,-0.5086298313452232,"cell,cells,genes,profiling,purified,treated"
GSE67517,0.03732348482643899,-0.5087285739883197,"cell,cells,leukemic"
GSE105138,0.03732109484145813,-0.5088209589812075,"cell,profiling"
GSE98255,0.037312517122189824,-0.509152579889788,"activation,cell,cells,genes,identified,large,novel,profiling"
GSE63316,0.03731028295130293,-0.509238967086645,"cell,cells"
GSE96972,0.0373088465118777,-0.5092945116648379,"cells,treated,vitro"
GSE84615,0.03730687247828979,-0.5093708475497435,"cells,precursor,tcell"
GSE72480,0.037292914578434075,-0.5099107148585531,"cell,cells,genes,targets,treated"
GSE85674,0.03728471864455347,-0.5102278135033238,"cell,cells,genes,purified"
GSE81181,0.03727686998040074,-0.5105315417124834,"cell,cells,genes,profiling,signature,target"
GSE103180,0.037265778077129164,-0.5109608861046941,"cell,cells,ezh2,h3k27"
GSE106692,0.03726323461038177,-0.5110593563978654,"activation,induction,treated"
GSE87511,0.037252931483455126,-0.5114583106381768,"cells,shrna,treated"
GSE74720,0.03725283519464695,-0.5114620396216435,"cell,cells,high,samples"
GSE98739,0.037248925575925816,-0.5116134558428865,"cells,cohort,genes,hours,inhibition,large,novel,precursor,profiling,targets,therapeutic,treated"
GSE62786,0.037248137995037074,-0.5116439601067612,"cases,characterized,genes,mutations,notch,target"
GSE106471,0.037239131770717214,-0.5119928314043017,"activating,activation,cell,cells,profiling,survival,target,therapeutic"
GSE66775,0.03723806466969578,-0.5120341729538077,"cells,hours,purified,treated"
GSE78127,0.03723499363165094,-0.5121531574956338,"cell,cells,signature,vitro"
GSE104519,0.037229603015296035,-0.5123620356967208,"cell,cells,combination,combined"
GSE98910,0.037226770339877646,-0.5124718096917832,"activation,cell,cells,genes,therapeutic,treated"
GSE37111,0.0372256748162386,-0.5125142664980851,"antibodies,cell,cells,identified,novel,profiling,target,targets"
GSE101902,0.03721542510850872,-0.5129115524764184,"cells,genes,purified,shrna,target"
GSE77107,0.0372078340207801,-0.5132058589818612,"cell,cells"
GSE98782,0.03720651707730522,-0.5132569229982105,"chronic,inhibition,inhibitor,therapeutic"
GSE98838,0.03720359507766937,-0.5133702289525813,"activated,cell,cells,lines,profiling,purified"
GSE94671,0.03720013853416191,-0.5135042743274125,"cells,tcells"
GSE79363,0.037192175182390236,-0.5138131419396637,"cell,cells,combined,large,outcome,samples"
GSE79352,0.03717382304410777,-0.5145252022914031,"cell,genes,novel,profiling,survival"
GSE56566,0.03717147056859484,-0.5146165034240646,"cell,cells,genes,large"
GSE85875,0.03716708517556882,-0.5147867188584376,"cell,cells"
GSE79018,0.0371639366350905,-0.5149089392618755,"activation,apoptosis,cell,characterized,genes,lines"
GSE86850,0.03716023331728986,-0.5150527083274072,"cell,cells,genes,profiling"
GSE106436,0.037157612100471374,-0.5151544770610255,"analyzed,treated"
GSE66551,0.03715296416351029,-0.5153349508495488,"cells,genes,high,profiling,stable"
GSE71529,0.03715064740305558,-0.5154249162967071,"activation,cell,cells,genes,hours,novel,samples,target,treated"
GSE52125,0.037147257457938565,-0.5155565662273947,"cell,cells,identified,micrornas"
GSE83809,0.03714679633878955,-0.5155744749098681,cell
GSE60402,0.03714372739715745,-0.5156936703779648,"cells,combined,identified,mantle"
GSE76069,0.037139904836167886,-0.5158421496491636,"cell,cells,samples"
GSE109847,0.03713585420197502,-0.5159995046178363,"cell,cells,purified"
GSE73308,0.03713374356903847,-0.5160815031680615,"cell,genes"
GSE33979,0.037130216442624576,-0.5162185432017184,"activation,cell,cells,genes,high,identified,novel,target"
GSE87453,0.037127226905108696,-0.5163347063971262,"analyzed,bone,cell,cells,combined,genes,identified,marrow,purified,samples"
GSE83295,0.037125750619579484,-0.5163920732498292,"cell,cells,genes"
GSE98436,0.037104113329788496,-0.5172331366683243,"activated,activation,large"
GSE76138,0.037099074372101165,-0.5174290764790813,"cell,lymph,profiling,purified,signature,tcells"
GSE62292,0.037098904749955905,-0.5174356726972179,"cell,cells,chronic,inhibition,inhibitor,novel,profiling,therapeutic,treated"
GSE95138,0.03709878740938627,-0.5174402358218377,"cell,cells,genes,identified,profiling,purified"
GSE52126,0.037095263413774886,-0.517577283224967,"activation,cell,cells,genes,band3,identified,novel"
GSE62202,0.03708873965797215,-0.5178310249962148,"cell,cells,target,targets,vitro"
GSE51619,0.037088398836485466,-0.5178442824897944,"cell,profiling"
GSE80623,0.03708376984922258,-0.5180243558810814,"analyzed,cells,samples,treated"
GSE72921,0.0370783924330942,-0.5182335723158793,"bone,cell,cells,induction"
GSE82275,0.03707657890058001,-0.5183041373587397,"activation,cell,cells,genes,induction,target"
GSE79244,0.037071866547090146,-0.5184875124512004,"cell,cells"
GSE57609,0.03706225780296902,-0.5188614964347406,"activating,apoptosis,cell,cells,genes,high,vitro"
GSE23619,0.037061663309847115,-0.5188846380134902,"activation,cells,combination,genes,profiling,resistance,samples,treated"
GSE78948,0.037059054157506176,-0.5189862077573721,"cell,cells,combined,high,samples"
GSE99233,0.03705704881891768,-0.5190642769466968,"cell,cells,lines"
GSE65731,0.03704683416931739,-0.5194620057517698,"cell,cells,shrna"
GSE74822,0.0370466697763399,-0.5194684076337365,"cell,cells,genes,large"
GSE81575,0.03704551896318513,-0.5195132240296282,"analyzed,cell,cells,high,lines,samples,vitro"
GSE61389,0.03704463207535523,-0.519547763267466,"activation,cell,genes"
GSE57698,0.03704056255125143,-0.5197062586936795,"analyzed,nsl,cells"
GSE82192,0.037040133369687034,-0.5197229750084201,"activated,cell,cells,genes,signature"
GSE93167,0.03703817342649562,-0.5197993158549009,"activation,cell,cells,doxycycline,genes,hours,induction"
GSE68177,0.03703715381733009,-0.51983903178034,"analyzed,cell,combined,therapeutic"
GSE70210,0.03703291152739714,-0.520004289651424,"activated,activation,agents,cell,cells,lines"
GSE80044,0.03703270300735847,-0.5200124130114369,"cell,cells,genes"
GSE88829,0.037019148443404655,-0.5205405592233915,"cell,cells,genes,high,identified,novel"
GSE92779,0.03701288158078599,-0.5207848094929172,"activation,hbc,cell,cells,hours,samples"
GSE81716,0.03701177406410909,-0.5208279791315645,"activated,cell,cells"
GSE90725,0.03700785633496844,-0.5209806977651911,"activation,cell,chronic"
GSE67112,0.03700286950500171,-0.5211751148524981,"cells,etp,high,lymphoid,profiling"
GSE77357,0.037002389642454704,-0.5211938242070725,"cell,cells,genes,lines,mutations,profiling,therapeutic"
GSE91387,0.0369981226636904,-0.521360200058207,"cell,cells,chronic,genes,identified,profiling,signature"
GSE72442,0.03699618641467641,-0.5214357036174899,"cell,cells,genes,induction,mutations,shrna"
GSE62294,0.03699604245939095,-0.5214413172766432,"cell,cells,chronic,inhibition,inhibitor,novel,profiling,therapeutic,treated"
GSE71396,0.036994623619797745,-0.5214966473055145,"cell,identified,lines,point,vitro"
GSE79941,0.036992724302039794,-0.5215707177077665,"cells,genes,h3k27,inhibitor,target"
GSE94121,0.03698706543876494,-0.5217914270130574,"analyzed,cell,characterized,genes,samples"
GSE67750,0.036983370708156486,-0.5219355486326753,"chronic,samples"
GSE81724,0.036983177703018205,-0.5219430776457724,"bone,cells,genes,identified,profiling"
GSE54461,0.03697855327992518,-0.5221234853291326,"bone,cell,cells,point,samples"
GSE98297,0.03697751241113011,-0.5221640947432469,"cell,cells,shrna"
GSE66679,0.03697499011185431,-0.5222625067924435,"apoptosis,cells,genes,mutations,novel,samples"
GSE69363,0.03696742259767324,-0.522557807278834,"cell,cells,treated"
GSE71165,0.03696719228197882,-0.5225667956345784,"activation,cells,genes,induction"
GSE90890,0.03695676452941095,-0.5229738102930456,"bone,genes,high"
GSE71491,0.03695173215101277,-0.5231702745074792,"activated,activation,cell,genes,lines,target,treated"
GSE76309,0.03695093902547261,-0.5232012405947781,"analyzed,chronic"
GSE84257,0.03694711144102473,-0.5233506907378231,"apoptosis,cell,cells,chronic,genes,high,vitro"
GSE53506,0.03693986113579284,-0.5236338253438776,"activation,analyzed,cell,cells,cohort,genes,large,lines,vitro"
GSE92376,0.036939200712569176,-0.5236596185601382,"analyzed,cell,samples"
GSE83734,0.03693789545550273,-0.5237105974966346,"cell,cells,point"
GSE76279,0.036936965277824696,-0.5237469281972273,"cell,cells,lymphocytic,purified"
GSE97690,0.03693597495768012,-0.523785608936264,"cells,genes,target"
GSE76010,0.03693314259265815,-0.5238962435047737,"activation,cell,cells,h3k27"
GSE87608,0.03693300303785722,-0.5239016948524108,"apoptosis,cell,genes,inhibitor"
GSE95752,0.03693054033612075,-0.5239978973204059,"cell,cells"
GSE85723,0.03692679880215934,-0.5241440681020514,"cell,identified,lymphoid"
GSE45909,0.036925989280656664,-0.5241756956868122,"cells,profiling,treated"
GSE85648,0.036920264491671094,-0.5243993800113179,"apoptosis,cell,cells,characterized,genes,therapeutic,treated"
GSE81559,0.036916396731328946,-0.5245505244042967,"analyzed,cell,cells,genes,n4,treated"
GSE106259,0.03691022919612569,-0.5247915721932528,"bone,cells,marrow,treated"
GSE79791,0.0369087735620539,-0.5248484690891336,"bone,cell,cells,profiling,targets"
GSE79578,0.03689457592312304,-0.5254035350495118,"cell,cells,combined,inhibitor,lines"
GSE67889,0.03689300125004733,-0.5254651110796439,"activation,notch,notch1"
GSE60450,0.03688799968749637,-0.5256607096594497,"cell,cells,genes"
GSE87800,0.03688759683767131,-0.5256764652608197,"cell,cells,improve,target"
GSE63194,0.0368865950445309,-0.5257156464963949,"cell,h3k36m"
GSE70359,0.03687998335302056,-0.5259742637397755,cell
GSE89463,0.03687957225710796,-0.5259903453451903,"cell,genes,improve,outcome"
GSE69869,0.036877957995954655,-0.5260534951429928,"aggressive,apoptosis,childhood,hours,inhibitor,novel,prognosis,relapsed,survival,therapeutic,treated"
GSE47494,0.036876743372951576,-0.5261010129432341,"activation,glucocorticoid,nfb,target,treated"
GSE70022,0.036872781085939485,-0.5262560341957875,"cell,cells,doxycycline,ssea1,induction,point"
GSE70358,0.03685976683831926,-0.5267653232743872,cell
GSE86817,0.03684695153762878,-0.5272670026693556,"activation,cell,cells,genes,inhibitor,novel,target,treated"
GSE93034,0.036846711547558975,-0.5272763992027634,"acute,inhibitor,point"
GSE77988,0.03684388203225636,-0.5273871902141776,"cell,cells,identified,inhibition,inhibitor,novel,profiling,targets,therapeutic,treated"
GSE96541,0.03684176196737002,-0.5274702079346646,"cells,genes,novel,purified,signature,treated"
GSE90573,0.03684153243623011,-0.5274791962254286,"activation,cells,genes,samples,target,tslpr"
GSE56893,0.03683933364378038,-0.5275653023512896,"activating,cell,cells,genes,hours,identified"
GSE77722,0.03683770623113096,-0.5276290361865025,"activated,doxycycline,induction,lines,treated"
GSE87130,0.03683661889320282,-0.527671620819186,"cell,lymph,profiling,purified,signature,tcells"
GSE82076,0.03683048785619907,-0.5279117610144924,"cell,cells"
GSE101527,0.036820321428651596,-0.5283100473291132,"cell,point"
GSE87569,0.03681871454865694,-0.5283730095276047,"activating,cell,cells,characterized,target,targets"
GSE70713,0.03681395726581704,-0.5285594297185783,"cells,genes,identified,signature"
GSE96592,0.03681243119166196,-0.5286192359826642,"inhibitor,purified,treated"
GSE80166,0.03681207773652068,-0.5286330881084556,"cell,cells,genes,lines"
GSE92949,0.03681083045580952,-0.5286819708744572,"activated,cell,cells,profiling"
GSE72146,0.03680914476452111,-0.5287480382279277,"cell,cells,cohort,malignant"
GSE61470,0.03680601145097231,-0.5288708503267815,"cells,large,profiling"
GSE89434,0.036805628734000624,-0.5288858518639223,"analyzed,cell,cells,genes,large,novel,profiling"
GSE81470,0.036805412589029765,-0.5288943242689302,"activation,cell,cells,precursor,profiling,purified"
GSE30765,0.03680418385968934,-0.5289424886880201,"cell,cells,genes,novel"
GSE74762,0.03680373470517522,-0.5289600952989051,"cell,cells,mutations,samples,targets,vitro"
GSE90752,0.03680222529005565,-0.5290192651190692,"activated,activating,cell,cells,genes,target"
GSE31182,0.03680072524472966,-0.5290780700429882,"cell,cells,lines"
GSE47707,0.036798192768254905,-0.5291773538735492,"cell,cells,high,novel"
GSE67265,0.03679585433318218,-0.529269036524983,"cell,cells,induction"
GSE78962,0.03679086810471535,-0.529464550249593,"ffpe,genes,high,n4,novel,profiling,samples,target"
GSE79698,0.03678923963088244,-0.529528409659307,"cell,genes,treated"
GSE65987,0.036786583059161986,-0.5296325912425609,"cell,cells,novel,profiling"
GSE44674,0.03678592860904578,-0.52965825767465,"cell,treated"
GSE81095,0.03677772552206625,-0.5299800076772618,"cell,cells,genes,lines"
GSE61627,0.036776319561778875,-0.5300351609168209,"analyzed,cell,cells,doxycycline"
GSE79403,0.03676757915257804,-0.530378078420222,"activating,cell,cells"
GSE59623,0.03676681991404104,-0.5304078699106297,"cell,cells,genes"
GSE59784,0.03676546271670944,-0.5304611260259028,"cell,cells,hours,induction,novel,profiling,treated"
GSE48229,0.03676244181454842,-0.5305796725993961,"cell,genes,high"
GSE58495,0.036754966489490816,-0.5308730620067649,"activated,bone,cell,cells,combination,genes,identified,marrow,n4,profiling,stable,vitro"
GSE58733,0.0367493110460717,-0.5310950648742019,"activating,activation,cell,cells,genes,identified,lines,signature"
GSE90522,0.036747701234736856,-0.5311582638195153,"cell,cells"
GSE47708,0.03673991444966793,-0.53146400121869,"activation,cells,genes,shrna"
GSE98875,0.036733355980426874,-0.531721560764349,"cases,cell,inhibition"
GSE84914,0.03672846625272419,-0.5319136166024411,"cell,cells,genes,target,targets"
GSE47083,0.03672732019613844,-0.5319586344351511,"cell,cells,genes,target"
GSE85532,0.036724898833278105,-0.5320537517301279,"cell,cells,genes"
GSE85278,0.036721013525862406,-0.5322063895983534,"analyzed,dexamethasone,fl,genes,treated"
GSE92463,0.036718034179552085,-0.53232344689372,"cell,cells,genes,profiling"
GSE108438,0.036717395732658545,-0.5323485324462472,"bone,cell,cells,genes,marrow,profiling"
GSE89711,0.036708127826363963,-0.5327127317566103,"cell,cells,novel,samples"
GSE65246,0.03670698404914673,-0.5327576849461418,"cell,cells,identified,profiling"
GSE46066,0.03669448207566032,-0.5332491338579095,"activation,cell,cells,genes,inhibition,inhibitor,profiling,target,targets,treated"
GSE45376,0.036693004990778905,-0.5333072086910687,"activation,acute,cell,characterized,combined,genes,identified,profiling,samples,survival"
GSE70723,0.0366912647877785,-0.5333756315900595,"cell,cells,lines"
GSE53743,0.03668894698695288,-0.5334667700503375,"activation,analyzed,cells,profiling,treated"
GSE39113,0.03668581993990795,-0.5335897380802481,"activation,genes,hours,profiling,target,treated"
GSE46316,0.03668379848880358,-0.5336692352221679,"activation,cell,cells,genes"
GSE98689,0.036680720127487375,-0.5337903056439828,"cell,cells,high,profiling,targets,vitro"
GSE57998,0.036680657362238876,-0.5337927742757301,"cell,large"
GSE87344,0.03667907032775361,-0.5338551956301727,"cell,cells"
GSE48083,0.036670584731346836,-0.5341889975519346,"arrays,cell,cells,identified,improve,large,novel,profiling,samples,treated"
GSE75715,0.036669689642389695,-0.5342242125933484,cell
GSE37746,0.036665602135735005,-0.5343850362689199,"cell,cells,genes,identified,novel,profiling,survival,targets"
GSE76223,0.03666558489896262,-0.5343857144907527,"cell,cells,genes,purified"
GSE69913,0.03666529737258723,-0.5343970279473222,"activated,activation,identified,inhibition,inhibitor,micrornas,novel,target,targets,therapeutic,treated,vitro"
GSE74900,0.036664948222485505,-0.5344107662654257,"activation,genes,inhibition,inhibitor,target,treated"
GSE91043,0.03665801143098253,-0.5346837414638678,"cell,cells,target"
GSE95734,0.03665557992406844,-0.5347794378525809,"activation,aid,cell,cells,chronic,inhibition,leukemic,mutations,precursor,therapeutic"
GSE68156,0.036654839703333164,-0.5348085718498872,"cell,cells,profiling,samples,treated"
GSE93574,0.03664334450775922,-0.5352610813346185,"activated,activation,cell,cells,hours,induction,inhibitor,targets"
GSE93230,0.036643082562405484,-0.5352713944929458,"cell,cells,signature"
GSE80187,0.03664284548777413,-0.535280728519384,"activation,characterized,identified,induction,lymphomas,profiling"
GSE67355,0.036638408637621675,-0.5354554259040379,"bone,genes,identified,large,point"
GSE60066,0.036630799944902384,-0.5357550612762657,"cell,cells,lines,stable,target"
GSE77351,0.03662509983083252,-0.535979576334926,"cell,genes,samples"
GSE76722,0.03662423914405224,-0.5360134799459922,"cells,profiling,treated"
GSE67572,0.036618329676880855,-0.5362462833317336,"activated,cells,characterized,genes,notch,vitro"
GSE87043,0.03661733625069616,-0.5362854230326454,"cell,cells,genes,identified"
GSE92395,0.036616617461201754,-0.5363137430669053,"cells,chronic,identified,inhibition,outcome,precursor,vitro"
GSE80433,0.03661447326439158,-0.5363982269131775,notch1
GSE100102,0.036609273497931194,-0.536603124303177,"activation,cell,cells,characterized,genes,vitro"
GSE97954,0.03660757766973292,-0.5366699549000485,"cell,cells,inhibition,inhibitor,lines,vitro"
GSE78240,0.03659983828784974,-0.5369749941575597,"analyzed,cell,cells,genes,identified,targets"
GSE71309,0.03659327971474213,-0.5372335436272692,"activated,cell,cells"
GSE81125,0.036590769694482536,-0.5373325049121858,"analyzed,cell,cells,characterized,high,purified,samples"
GSE65864,0.036590385819029604,-0.5373476403718102,"activation,cell,cells,genes,novel,target"
GSE87633,0.03658807071544289,-0.5374389237528209,"cell,cells,samples"
GSE100277,0.0365871790286328,-0.537474084060261,"cell,cells"
GSE39524,0.036572345378646,-0.5380591188521321,"cell,cells,lines,profiling,samples"
GSE64008,0.03657051219118622,-0.5381314357001655,"activation,cell,cells,genes,induction,target"
GSE99397,0.03656726435041567,-0.5382595676723941,"cell,cells,characterized,high,lymph,mutations,stable"
GSE85798,0.03656353480218452,-0.5384067177324194,"cell,cells,characterized,combined,genes,lines,novel"
GSE91052,0.03656333011758193,-0.5384147940382049,"activation,cell,cells,malignant,outcome,target,targets,therapeutic"
GSE99260,0.036560050870848584,-0.5385441904894976,"cell,cells,genes,high,identified,induction,vitro"
GSE93655,0.03655996169694014,-0.5385477093826424,"cell,cells,identified"
GSE58282,0.03655914923102669,-0.5385797705094642,"chronic,high,resistance,resistant,vitro"
GSE75219,0.036558680507340416,-0.5385982673751443,"cell,cells,genes,lymphoid,target,targets"
GSE73077,0.03655490517443172,-0.538747258948164,"cells,combined,genes,samples,signature,tcells"
GSE80960,0.03655274753526235,-0.5388324159793422,"cell,identified,signature,stable"
GSE65796,0.03654250473012674,-0.5392367444086908,"activation,cell,cells,identified,profiling,samples,treated"
GSE100389,0.036538655638366814,-0.5393887142343233,cell
GSE94534,0.03653462492882184,-0.5395478718534301,"activation,cell,cells,genes,samples,target,therapeutic"
GSE100106,0.0365331590678282,-0.5396057575664153,cell
GSE40978,0.036527024678087786,-0.5398480250567065,"activation,genes,identified,shrna,target"
GSE45182,0.03652632659885831,-0.5398755971098688,"cell,cells,genes,high"
GSE68884,0.03652189245646505,-0.5400507448501406,"cell,genes,inhibition,micrornas,samples,stable"
GSE73897,0.03651745731026914,-0.5402259535137104,"cell,cells"
GSE80972,0.03651647205240401,-0.5402648786173849,"analyzed,cell,genes,inhibition,inhibitor"
GSE41976,0.03651009000156454,-0.5405170431137347,"analyzed,cell,cells,genes,large,target,targets"
GSE42339,0.03650930407099901,-0.5405480994692089,"genes,large,mutations,novel,targets"
GSE72402,0.03650913978594298,-0.5405545913423059,"cell,genes,hours,induction,profiling,samples"
GSE69750,0.036506711328199555,-0.540650557461752,"analyzed,cell,cells,novel,profiling"
GSE60297,0.03650613055647374,-0.5406735089444532,"cell,cells,high"
GSE90160,0.03649379911396097,-0.5411609206778539,"cell,cells,characterized,genes,samples"
GSE69170,0.03648568656539705,-0.5414816665291405,"analyzed,cohort,genes,high,identified,large,purified,samples,target,targets,treated"
GSE69097,0.036483036343624105,-0.5415864638082579,"cell,cells,combination,genes,lines,purified,samples,survival"
GSE103713,0.03647597224145822,-0.5418658356197052,"cell,combination,inhibitor,lines,nodscid,resistance,tcell,treated"
GSE56613,0.036475519645869536,-0.5418837367590632,"activation,bone,cell,cells,genes,marrow,samples,vitro"
GSE81741,0.036471850694379894,-0.5420288599649896,"activated,acute,cells,diagnostic,genes,identified,subtypes"
GSE72105,0.036471092106473126,-0.5420588672821937,"cell,cells,lines,purified"
GSE87219,0.036470852869888666,-0.5420683308476115,"cell,cells,genes,lines,targets"
GSE66873,0.03646368264886206,-0.5423519946092826,"analyzed,cell,cells,genes,survival,targets"
GSE52405,0.036463514754964774,-0.5423586373900732,"acute,genes,identified,inhibitor,large,prediction,profiling,treated"
GSE77997,0.036463378338839975,-0.5423640347643037,"genes,notch,samples"
GSE62310,0.03646218481617883,-0.5424112579642375,"cell,novel"
GSE98473,0.036458457681754854,-0.5425587365977403,treated
GSE68736,0.036452940203649906,-0.5427770848545639,"cell,cells,characterized,genes"
GSE36892,0.03643662760135727,-0.5434228318807349,"cells,inhibition,profiling,treated"
GSE40918,0.036433393664420284,-0.5435508841223441,"cell,cells,irf4,profiling,therapeutic"
GSE82294,0.03642937594496387,-0.5437099871587068,"chronic,genes,large,treated"
GSE99457,0.03642909405002811,-0.5437211509513559,"cell,cells,profiling"
GSE65408,0.03642465497372272,-0.5438969616259103,"cell,cells,characterized,genes,identified,samples,target,tcell,therapeutic"
GSE68376,0.036424168936506685,-0.5439162125470269,"bone,marrow,profiling"
GSE97716,0.03642317182030131,-0.543955707045792,"cell,cells,genes,samples"
GSE70667,0.03642308017495731,-0.5439593370550151,"analyzed,bone,cell,cells,hours,identified,novel,samples,treated"
GSE93585,0.0364224925771632,-0.5439826116176714,"inhibition,notch,treated"
GSE76408,0.036419433007641874,-0.5441038062660234,"cell,cells,genes,pcs"
GSE66066,0.036415190038592164,-0.5442718941933734,"cells,profiling,treated"
GSE100674,0.03641481473256539,-0.544286763123984,"acute,cells,lymphoid,samples,signature"
GSE94774,0.036409414258085165,-0.5445007369036816,"cell,cells,genes,high,identified,n4"
GSE76291,0.03640662352737647,-0.5446113217000619,"cohort,large,malignant,novel,samples,survival,targets"
GSE33815,0.03640620193090345,-0.5446280285133754,"cell,cells,characterized"
GSE92605,0.036404474149196155,-0.5446964982003917,"cell,genes,h3k27,high"
GSE74149,0.03640286003875396,-0.5447604661826494,"cell,cells,genes,identified,lines,signature"
GSE78849,0.036401901074407106,-0.5447984717494976,treated
GSE86338,0.036395615590220295,-0.5450476021403103,"activation,acute,chronic,profiling,therapeutic"
GSE56248,0.03638666148722108,-0.5454025797688342,"cells,genes,purified"
GSE95376,0.03638584325308801,-0.5454350223054854,"cell,cells,characterized,diagnosis,genes,lines,novel,profiling,vitro"
GSE93974,0.03638319827702763,-0.5455398991533047,"analyzed,bone,cell,genes"
GSE43431,0.03637832437055756,-0.5457331760515549,"cells,genes,large"
GSE69464,0.03637780046807393,-0.5457539531755904,"activated,activation,blineage,cells,profiling,target"
GSE76190,0.036373925910294244,-0.545907621152364,"cells,lymph,lymphoid,samples,targets"
GSE77541,0.036371105337726715,-0.5460194975510092,"cell,cells"
GSE94264,0.036368998151881604,-0.5461030835351907,"cells,genes,high,mutations,novel,samples,tcell"
GSE94546,0.0363664851331311,-0.5462027740720982,"acute,cells,survival,vitro"
GSE99808,0.036365324530883175,-0.5462488170652646,"activation,antibodies,cell,cells,combination,combined,inhibition,target,treated"
GSE79423,0.036362427812261865,-0.5463637410511539,"cell,characterized,chronic,induction,nfkb,novel,therapeutic"
GSE80204,0.03635740969864739,-0.546562850617003,"cell,cells,large,target"
GSE74170,0.03634972255378902,-0.5468679157588543,"activated,cell,childhood,chronic,genes,identified,induction,inhibition,inhibitor,targets,treated"
GSE109556,0.03634808523756485,-0.5469329011571528,"cell,cells,genes,profiling"
GSE64959,0.03634400159353541,-0.5470949945363102,"cell,cells,novel"
GSE46716,0.036343069955570864,-0.5471319768893692,"cell,cells,genes,lines"
GSE77769,0.03633899347638838,-0.5472938081866474,"cell,cells,novel,shrna,treated"
GSE94263,0.03633667711753645,-0.5473857729226428,"cells,genes,high,mutations,novel,samples,tcell"
GSE71162,0.03633559051163493,-0.5474289156783814,"cell,cells,high,lymph"
GSE74456,0.03633492846496707,-0.5474552023062474,"cell,purified"
GSE86962,0.036324662067411154,-0.5478628919403824,"activated,cell,cells,profiling,treated"
GSE84892,0.03632138895830427,-0.5479928948301007,"cell,cells"
GSE100634,0.03632085109871611,-0.5480142589113828,"cells,identified,induction,inhibition,irf4"
GSE56872,0.03632012619667549,-0.5480430529231958,"combination,large,profiling"
GSE55776,0.03631872467034026,-0.5480987249243255,"cells,profiling,targets,treated"
GSE101767,0.03631460264506539,-0.5482624741465806,"genes,identified,mutations,myc,novel,survival"
GSE105045,0.03630981285642544,-0.5484527739040401,"discriminating,genes,large,profiling,samples"
GSE95835,0.03630702939683445,-0.5485633731321475,"cell,cells,gc,genes"
GSE102227,0.03630391947335551,-0.5486869542518866,"cell,cells,n4,profiling,survival"
GSE66954,0.03630359559208207,-0.5486998251484217,"cell,cells,high,samples"
GSE97115,0.036303315413494325,-0.548710959412461,"analyzed,bcell"
GSE108184,0.0363029079681831,-0.5487271513944307,"cells,chronic,samples,signature,targets"
GSE92629,0.03630139872611346,-0.548787130647696,"cell,cells,genes,identified,vitro"
GSE86280,0.036301273777202527,-0.5487920963925634,"cell,cells,chronic,genes,high,profiling,resistance,treated"
GSE75105,0.03629766672016729,-0.5489354561514127,"cells,characterized,genes,lymph,novel,profiling,subtypes,targets,vitro"
GSE104658,0.036296783315403404,-0.548970568578641,"cells,characterized,genes,h3k27,malignancies,novel,purified,samples,target,targets"
GSE75599,0.03628490069654167,-0.5494429465811941,"cell,cells,genes,large,subtypes"
GSE98517,0.036284722121833805,-0.5494500467654161,"activation,cell,cells"
GSE73993,0.03628283701391834,-0.549525001355985,"cells,inhibitor,profiling,treated"
GSE83529,0.03627860973472189,-0.5496930981901396,"acute,identified"
GSE58001,0.036278440065981535,-0.5496998454394002,"characterized,combination,high,large,samples"
GSE102857,0.03627049466404478,-0.5500158471025677,"cell,cells,identified,novel,op9"
GSE72178,0.03626249913614481,-0.5503339122448689,"cell,cells,combined,doxycycline,genes,hours,induction,lines,samples,targets"
GSE81285,0.03626186300316067,-0.550359220868744,"cell,cells,inhibition,signature,target,vitro"
GSE102007,0.036249037238942405,-0.5508695901115611,"cell,chronic,profiling,samples"
GSE76253,0.03624764716979261,-0.5509249152863744,"analyzed,cell,cells"
GSE93537,0.0362440667415088,-0.5510674271916617,"cell,cells,combination,target,treated"
GSE75332,0.0362434520554697,-0.5510918949763244,"activation,cells,genes,profiling,vitro"
GSE106467,0.036241797999398445,-0.5511577372956917,"cell,high"
GSE92332,0.036241176320903554,-0.5511824849689223,"cell,cells,samples"
GSE63804,0.036241120581078395,-0.5511847038712687,"cells,chronic,glucocorticoid,hours,target,therapeutic,treated,vitro"
GSE74113,0.036239087242735765,-0.551265649752419,"acute,point"
GSE102982,0.03623627589323146,-0.5513775752348067,"activation,apoptosis,cell,genes,high,novel,resistance,target,therapeutic"
GSE83848,0.036235683029211034,-0.5514011794534569,"chronic,profiling,resistance,resistant"
GSE58313,0.03623434697534302,-0.5514543743614716,"inhibition,treated"
GSE74274,0.03622521507993122,-0.5518180127804899,"analyzed,bone,genes,identified,samples"
GSE61033,0.036221990252191166,-0.551946449563387,"analyzed,cell,cells,ff,large,lines,targets"
GSE98003,0.0362193113803901,-0.552053150988603,"cell,cells,inhibition"
GSE104633,0.036218187201826374,-0.5520979301947,"cell,inhibition,survival"
GSE58174,0.03621781736835959,-0.5521126620096767,"cell,treated"
GSE79115,0.03621690773838262,-0.5521488965271669,"cell,cells"
GSE67120,0.036216596165949466,-0.5521613080212948,"activation,apoptosis,cd31cd45cd41low,cell,cells,identified,precursor,samples,signature"
GSE60415,0.036209250643690793,-0.5524539479844702,"aggressive,cell,cells,improve,inhibition,malignant,mutations,novel,pediatric,relapse,resistance,subtypes,survival,therapeutic"
GSE94271,0.03620635981770032,-0.5525691325502339,"analyzed,bone,cells,genes,marrow"
GSE80083,0.036200362923557314,-0.5528081073065295,"cell,cells,genes,novel,samples"
GSE101701,0.036197550076576886,-0.5529202122063346,"cell,cells,genes,novel"
GSE86144,0.036191211091927376,-0.5531728818637198,"activation,cell,cells,induction,inhibition,lines,novel,therapeutic,vitro"
GSE106161,0.03618622595126448,-0.5533716188739729,"inhibitor,treated"
GSE47656,0.036181900654917054,-0.5535440727950808,"cell,profiling"
GSE43879,0.03618042931714264,-0.553602741213075,"cell,cells,genes,identified,samples"
GSE68220,0.03616937046500103,-0.5540437804782813,"cell,profiling"
GSE36882,0.0361663135946982,-0.5541657156389557,"cell,cells,genes,identified,survival,treated"
GSE86901,0.03616378760990643,-0.5542664821434466,"analyzed,cell,lines"
GSE61486,0.036161394735110895,-0.5543619451202497,"cells,doxycycline,genes,high"
GSE94118,0.03615582160613954,-0.5545843078148311,"cell,cells,genes,high,novel,shrna,vitro"
GSE90046,0.036149818644818796,-0.5548238587687517,"activated,analyzed,cell,genes,samples,treated"
GSE90070,0.036145592550030844,-0.5549925269013228,"cell,characterized,chronic,samples"
GSE67868,0.036145120835891914,-0.555011354759483,"activation,cell,cells,novel,samples"
GSE79169,0.03614399445859447,-0.5550563136425655,"cell,cells,shrna"
GSE95692,0.036138752285808706,-0.5552655712326651,"cell,genes"
GSE90961,0.03613004534240497,-0.5556132029781181,"myc,rbnullmycn,samples"
GSE75826,0.03612655875887752,-0.5557524311312033,"cell,cells,profiling"
GSE100941,0.036123441379898036,-0.555876927385554,"cell,cells,profiling"
GSE60627,0.03611889107022011,-0.5560586687273101,"cell,cells"
GSE62647,0.036113767597806545,-0.5562633298429848,"cell,cells,characterized,high,hours,stable"
GSE79061,0.03610403167121389,-0.5566523190739208,"cell,center,combination,combined,therapeutic"
GSE80561,0.036103705535585624,-0.5566653513131729,"activated,activation,cell,cells,characterized,combined,genes,induction,point,targets"
GSE94238,0.036099291061387734,-0.5568417633830738,"cell,cells,combination,samples"
GSE76609,0.03609440538645619,-0.5570370308192271,"apoptosis,cells,survival,target"
GSE72560,0.03609398605742733,-0.5570537915171271,"cell,cells,genes"
GSE40823,0.03609247068859014,-0.5571143628543391,"aid,cell,cells,identified,profiling,signature,therapeutic"
GSE84812,0.036086666244220994,-0.5573463978572606,"activated,cell,cells,profiling"
GSE102269,0.03608533973426514,-0.557399430866646,"cells,genes,germinal"
GSE76362,0.03608367606027859,-0.5574659462315587,"analyzed,cell,cells,characterized,high,lymphoid,novel,samples,signature"
GSE99619,0.03608076003123559,-0.5575825394142833,treated
GSE99093,0.03608041438147178,-0.557596360342343,"cell,cells,genes,identified"
GSE54549,0.036078912487507345,-0.5576564156413254,"activation,cells,construct,genes"
GSE60440,0.03607871477247374,-0.5576643217355062,"apoptosis,cell,cells,genes,identified,profiling,samples"
GSE76824,0.03607692433303547,-0.5577359185817448,"activation,cell,cells,genes,samples"
GSE69987,0.03607450376268911,-0.5578327190173922,"cell,cells"
GSE63968,0.03607317067800998,-0.5578860328537919,"cell,cells,genes,lines,micrornas"
GSE79457,0.03606768503001563,-0.5581054402088917,"cell,cells"
GSE77514,0.03606337829829903,-0.5582777182874522,"analyzed,cell,cells,genes,high,identified"
GSE81882,0.03606172544723665,-0.558343841174148,"cells,lymphoid"
GSE89798,0.03606147899178203,-0.5583537009707263,"cell,cells,profiling"
GSE106709,0.03605844633175676,-0.5584750323104946,cells
GSE101623,0.03605655822247591,-0.5585505773628343,"activation,cell,cells,characterized,induction,lymphoid,resistance,samples,vitro"
GSE59970,0.03605256833649057,-0.5587102295179863,"cell,genes,identified,novel"
GSE104507,0.03605128012578253,-0.5587617800313068,"activated,activation,acute,analyzed,cell,cells,chronic"
GSE61288,0.036050953502679915,-0.5587748508477483,"activated,cell,cells,genes"
GSE101624,0.03605042493138328,-0.5587960034860191,"activation,cell,cells,characterized,induction,lymphoid,resistance,samples,vitro"
GSE99296,0.03604730745762929,-0.5589207664647914,"activation,bone"
GSE45474,0.03604673707488372,-0.5589435946571557,"activation,cell,cells,construct,high,identified,novel,profiling,samples,treated"
GSE48364,0.03604466466139366,-0.5590265410444806,"bone,cells,induction,marrow"
GSE52619,0.03603655994238242,-0.559350970548526,"cell,cells,lines,novel,treated"
GSE78128,0.036036455433003454,-0.5593551545045314,"analyzed,cells,induction,samples,treated,vitro"
GSE85690,0.03603618267423182,-0.5593660742582002,cell
GSE74055,0.036031250685921605,-0.5595635380710828,"activation,cell,cells,genes,target,vitro"
GSE65506,0.03603124543909691,-0.5595637481545069,"analyzed,genes,high,mutations,survival,target"
GSE69201,0.036028889361097875,-0.5596580888619116,"analyzed,cell,genes,inhibition,novel,samples,target,therapeutic"
GSE68509,0.03602606696056602,-0.5597711099075319,"cell,improve,induction,treated"
GSE76359,0.036024892707691734,-0.5598181346468672,"activation,aid,bcell,cells,center"
GSE81316,0.036015379652134916,-0.5601991559202667,"apoptosis,cell,cells,characterized,profiling,target,therapeutic"
GSE28666,0.03601170695277247,-0.5603462834916078,"cell,cells,genes"
GSE79087,0.03600798031949611,-0.5604955869822347,"activation,call,cell,genes,glucocorticoid,samples,survival,target"
GSE100098,0.036002721713413295,-0.5607062935776985,"apoptosis,cell,cells,genes,target"
GSE79525,0.036000546192244694,-0.560793473331994,"cell,cells,combined,targets"
GSE79437,0.03599940927912903,-0.5608390349966726,"cell,cells,combination,identified,malignant,nfi,point,profiling"
GSE58371,0.03599628228464433,-0.5609643563691271,"cells,mir155"
GSE105158,0.035995290613505766,-0.5610041021053653,"inhibitor,samples,treated"
GSE96766,0.035990639230685545,-0.5611905420652818,"acute,chronic,genes,nfb"
GSE107122,0.03599025597247974,-0.5612059051615961,"cell,cells,characterized,profiling"
GSE100816,0.035983126962650956,-0.561491704904241,"activating,activation,cell,cells,genes,hours,induction,point,samples,target,vitro"
GSE74094,0.0359814828452355,-0.5615576250849705,"apoptosis,cell,cells,genes,targets"
GSE63800,0.03597618736472092,-0.5617699655754007,"cell,cells,survival"
GSE75484,0.03597251913419036,-0.5619170742103543,"cell,cells,samples,treated"
GSE62122,0.03596867434320544,-0.562071279627984,"activation,acute,genes,high,mutations,profiling,shrna,target"
GSE65924,0.035966155216881485,-0.562172324728908,"cell,cells,genes,high,identified,lines,novel,profiling,samples"
GSE63482,0.035965701173845066,-0.562190537678493,"analyzed,cell,genes,identified,profiling,samples,subtypes"
GSE54246,0.035959636154611035,-0.5624338447943877,"cell,diagnosis,genes,treated"
GSE105471,0.03595905535313762,-0.562457146647853,"acute,cells,construct,profiling"
GSE79796,0.03595353515629664,-0.5626786366697376,"cell,genes,identified,large,profiling"
GSE74893,0.035951082597939325,-0.5627770529854477,"activation,cell,mutations,profiling,survival"
GSE41792,0.03594779220422399,-0.5629091005233837,"cell,cells,characterized,stable"
GSE96729,0.035947638381491745,-0.5629152739141312,"cells,vitro"
GSE39812,0.035947380717952976,-0.5629256148227022,"activation,cells,induction,treated"
GSE88700,0.03594692736644156,-0.5629438095308712,"activation,bone,cell,cells,genes,high"
GSE44935,0.03594101126144155,-0.5631812662037727,"cell,cells,genes"
GSE81670,0.03592855060952759,-0.5636815314185493,"genes,purified,treated"
GSE97762,0.03592595944711849,-0.5637855821498513,"activation,analyzed,cell,genes,novel,profiling,target"
GSE71574,0.03592227146926488,-0.5639336895506074,"activation,cell,genes,profiling,target"
GSE70069,0.035922047396640636,-0.5639426886884351,"activation,cell,cells,genes,novel,target,vitro"
GSE89737,0.035917292897978195,-0.5641336506773427,"cell,cells,profiling,target"
GSE58928,0.03590647291459533,-0.5645683239727467,"analyzed,call,cell,genes,identified,samples,treated"
GSE101690,0.03590389950734238,-0.5646717252435769,"antibodies,cells,mir155,treated"
GSE100473,0.035899604485565235,-0.5648443186765213,"cell,cells,profiling"
GSE96086,0.035897766614446644,-0.5649181789727562,"bone,cells,genes,vitro"
GSE85745,0.0358963506600019,-0.564975085876368,"cell,cells,inhibition,samples"
GSE95826,0.03589312234952383,-0.5651048393715549,"analyzed,cells,purified,rearrangements"
GSE87836,0.03589077629536368,-0.5651991402041263,"cell,dexamethasone,genes,induction,point,samples,signature"
GSE85450,0.03588999823744371,-0.5652304159965653,"cell,cells,genes,uhrf1,purified,signature"
GSE94142,0.035889777102485025,-0.5652393051385766,"cell,large,lines,vitro"
GSE77410,0.035888947546651576,-0.5652726519580682,"activation,analyzed,cell,cells,vitro"
GSE63889,0.03588808686044032,-0.565307250983761,"activation,antibodies,cells,genes"
GSE77534,0.0358866812794157,-0.5653637562105029,"activation,cells,novel"
GSE66961,0.035867970706763834,-0.5661161436931723,"activation,cell,cells,identified,novel,precursor"
GSE35599,0.03586750521748447,-0.5661348668999618,"cells,genes,large,signature,target,vitro"
GSE59725,0.03586678898552427,-0.5661636761134244,"activation,analyzed,cell,samples"
GSE70699,0.035865921675840136,-0.5661985629417274,"cell,cells,genes,survival,treated"
GSE85152,0.03586524082088587,-0.5662259503708982,"cells,combination,lymphoid,subtypes,treated"
GSE65955,0.03585761455818752,-0.5665327527523355,"blineage,cell,cells,genes,profiling,purified"
GSE71145,0.0358507886448024,-0.5668074126521555,"cells,inhibition,samples"
GSE61300,0.035850108583901634,-0.5668347796873529,"cell,cells,high"
GSE36896,0.035845259428273706,-0.56702993463199,"cells,treated"
GSE90736,0.03584413057729198,-0.5670753691855062,"activated,activation,cell,characterized,combination,genes,mutations,samples"
GSE66523,0.035843018375721555,-0.5671201350246748,"cell,cells,purified,shrna"
GSE71591,0.03584199228142516,-0.5671614362992211,"acute,cell,cells,stable"
GSE66822,0.035839170680305746,-0.5672750145330624,"cell,cells,genes,inhibitor"
GSE106332,0.03583352257805344,-0.5675023951087395,"cell,cells,combination"
GSE88984,0.035832104190403335,-0.5675595020070227,"activated,cell,cells,characterized,identified,novel,samples,subtypes"
GSE76093,0.035829196540507924,-0.5676765764124343,"cells,genes,large,mutations,profiling"
GSE65207,0.03582900922847181,-0.5676841187208886,"activation,apoptosis,combination,samples"
GSE51372,0.035826906573135954,-0.5677687869689371,"cell,cells"
GSE100332,0.03582441483485715,-0.5678691289693031,"cell,cells"
GSE42999,0.03582291524161418,-0.567929520772682,"genes,large,treated"
GSE73143,0.03581990247565949,-0.5680508588954204,"bone,cells,identified,lymphoid,marrow,vitro"
GSE41246,0.0358119739228345,-0.5683702274353458,"large,novel,profiling,samples"
GSE46807,0.03581171604667845,-0.5683806160833378,"activation,lines,novel,profiling,target"
GSE25602,0.035811016946435625,-0.5684087800031242,"cell,high,mac1,micrornas"
GSE98168,0.03580577620961811,-0.568619925593356,"bone,cell,cells,genes,induction"
GSE92704,0.03580352405703442,-0.5687106727268368,"cells,mutations,profiling"
GSE33920,0.03580309597787775,-0.568727922184391,"cells,genes"
GSE70930,0.0358007925592371,-0.5688207420219445,"bone,cell,cells,genes,high,marrow,outcome"
GSE74552,0.03579758905982555,-0.5689498419432865,"cell,cells,high,profiling,purified"
GSE100686,0.0357970783333139,-0.5689704251133033,"activation,genes,identified,micrornas,novel,resistance,shrna"
GSE72003,0.03579374033503712,-0.569104959503424,"bone,marrow"
GSE71636,0.03578538388194181,-0.5694418122835236,"cells,profiling"
GSE70486,0.03578277660403626,-0.5695469290527875,"cell,cells,genes,induction,inhibition,samples"
GSE69354,0.0357813474927123,-0.5696045493156288,"cell,cells,lines,vitro"
GSE103725,0.0357793247027364,-0.569686110010302,"cell,combination,inhibitor,lines,resistance,tcell"
GSE78855,0.03577823035513919,-0.5697302370029123,"bone,cells,marrow,profiling"
GSE89210,0.035767883505298456,-0.5701475161045342,"activation,cell,cells,genes,induction,lines,novel,target,targets"
GSE56762,0.03576604412915397,-0.5702217091184039,"cell,genes"
GSE54695,0.03576062015373646,-0.5704405126242068,"cell,cells"
GSE94579,0.03575773355449807,-0.5705569717481264,"analyzed,cells"
GSE89018,0.035756931315152236,-0.5705893395632591,"dexamethasone,hours,samples,treated"
GSE89572,0.035752522238174905,-0.570767244810246,"acute,chronic,profiling,treated"
GSE76222,0.03574726462057794,-0.570979417158751,"cell,cells,induction"
GSE76932,0.035746777189948495,-0.5709990891127789,"cells,hours,treated"
GSE61748,0.03574546991464309,-0.5710518500673376,"cell,genes,identified,lines,stable"
GSE100863,0.035745023232435204,-0.5710698783722998,"cell,cells,lines,mutations,shrna,stable"
GSE43028,0.035743346397240604,-0.5711375582433786,"activating,genes,large,micrornas,samples"
GSE38845,0.035737475537017734,-0.571374540995371,"analyzed,cell,cells,genes,profiling"
GSE44366,0.035729754703197975,-0.5716862589301277,"genes,large"
GSE63048,0.03572601791434322,-0.5718371507771273,"cell,cells,genes,identified"
GSE58765,0.03571791041509979,-0.5721645865516208,"apoptosis,cell,cells,center,high,induction,lymphoid,purified,survival"
GSE86167,0.03571786518492387,-0.5721664134611758,"activation,genes,inhibition"
GSE79028,0.03571184942905568,-0.5724094188049789,"analyzed,fl,genes"
GSE102827,0.03570407891530116,-0.5727233678626452,cell
GSE76143,0.03570166204140928,-0.5728210298134319,"analyzed,cell,cells"
GSE106072,0.03570128647332911,-0.572836206503416,"cell,cells,high,novel"
GSE79409,0.035700965905436303,-0.5728491607644881,"cell,cells,identified,novel,profiling,resistant,survival,vitro"
GSE104163,0.035690306960614065,-0.5732799587131188,"activation,apoptosis,cell,cells,samples"
GSE63472,0.0356847949183525,-0.5735027870059661,cell
GSE94085,0.03568080058355273,-0.5736642823868358,"cell,cells,genes,targets"
GSE41285,0.03568051311295166,-0.5736759058390705,"activated,cells,micrornas,mir155,prediction,target,targets"
GSE56986,0.03567899042950274,-0.5737374748733792,"cell,cells,samples"
GSE87531,0.035672952284299626,-0.5739816504859881,"cells,profiling,treated"
GSE50459,0.03566982978442966,-0.5741079369847712,"activation,cell,cells"
GSE97184,0.035666000883331404,-0.5742628082908205,"cell,cells,hours,treated"
GSE85498,0.035664561601907396,-0.5743210286132406,"genes,high,treated"
GSE62357,0.035662908651432346,-0.5743878949536602,"cell,cells"
GSE49555,0.035658891730084546,-0.5745504032606082,"activation,cell,cells,genes,induction,signature"
GSE65395,0.03565840431207472,-0.5745701234571005,"cell,cells,genes,stable"
GSE42573,0.035657831181317046,-0.5745933118067428,"cell,cells,identified"
GSE65267,0.035657481296028554,-0.5746074680307866,"acute,chronic,genes,high,novel"
GSE60642,0.03565493180520698,-0.5747106236416176,"cells,genes,notch,point"
GSE40468,0.035653466625009345,-0.574769910016069,"cell,cells,lines"
GSE90047,0.03564997944172163,-0.5749110235896026,"cell,cells,inhibitor,point,treated,vitro"
GSE76711,0.03564733132791156,-0.5750181923066834,"analyzed,apoptosis,cell,cells,combined,genes,identified,lines,novel,samples,signature"
GSE109522,0.03563988882232147,-0.575319431881547,"activated,cell,cells,genes,identified,lines"
GSE48172,0.035636869910363314,-0.5754416419649165,"activation,cell,cells,genes,h3k27,induction"
GSE88998,0.035635493744437925,-0.5754973546606779,"cell,cells,lymph,purified"
GSE56127,0.035634541457244186,-0.5755359083111172,"genes,large,mutations,novel"
GSE44640,0.03563079173429541,-0.5756877270556775,"cell,genes,identified,purified,treated"
GSE75639,0.03563029176373452,-0.5757079710658268,"cell,cells,genes,novel,samples,target"
GSE82043,0.03562305456717439,-0.5760010399014898,"activated,activation,inhibition,treated,vitro"
GSE71713,0.03561979696633835,-0.5761329752317992,"cell,cells,genes"
GSE48419,0.035616279765811006,-0.5762754380959969,"cell,cells"
GSE80326,0.03561449155807093,-0.5763478741623566,cells
GSE50172,0.03561320596960919,-0.5763999525577831,"activation,cell,cells"
GSE44553,0.03561140134467138,-0.5764730599724016,"cell,genes"
GSE77195,0.03561055152058888,-0.5765074885984135,"acute,cell,cells,induction,novel,precursor,treated"
GSE81044,0.035609847776863573,-0.5765359997438889,"cell,cells,profiling,signature"
GSE86417,0.03560643326260631,-0.5766743417835984,"cell,cells,genes"
GSE61205,0.03560598359760931,-0.57669256134389,"cells,genes,identified,novel,target,targets"
GSE109002,0.03560595627687701,-0.5766936683347983,"activation,cell,cells,outcome,target"
GSE72846,0.03560344781063475,-0.5767953108595693,"cell,cells,genes,identified"
GSE39657,0.0356028524370687,-0.5768194363228569,"activating,analyzed,cell,cells,characterized,genes,precursor,vitro"
GSE81197,0.03560011518834649,-0.5769303590916923,"activated,analyzed,cells,genes,identified"
GSE81885,0.03559803134238291,-0.5770148094428597,"cell,cells,high"
GSE90615,0.035597246078497395,-0.577046634483916,"cells,genes,inhibition,inhibitor,profiling,purified,treated"
GSE81357,0.03559625284559546,-0.5770868890634442,"activation,analyzed,cell,cells,genes,profiling"
GSE63340,0.035595710262702945,-0.5771088797942553,"bone,cells,combination,marrow"
GSE101340,0.035594848603398205,-0.5771438032904533,"cell,cells,treated"
GSE70872,0.035593882522699814,-0.5771829600449201,"cells,genes,identified,mutations,novel,outcome,purified"
GSE92308,0.035588938323653424,-0.5773833727673172,"cell,cells,genes,high,identified"
GSE95712,0.03558440623152731,-0.5775671052274088,"analyzed,cells,nfkb"
GSE79848,0.03557926995386061,-0.5777753598519151,"genes,large"
GSE63943,0.03557466760379116,-0.5779619914807134,"cell,cells,genes,inhibitor,therapeutic,treated"
GSE103722,0.03557028081941237,-0.578139904100429,"cell,ff,genes,resistance,resistant,target"
GSE42704,0.0355677165664496,-0.5782439113868444,"cells,genes,profiling,purified"
GSE76504,0.035565623642371556,-0.5783288069134811,"activation,cell,cells,characterized,genes,treated"
GSE61755,0.03556259394309519,-0.5784517098139733,"activation,cells,genes,novel,target,treated"
GSE77115,0.03556177820201716,-0.5784848029878734,"cells,shrna"
GSE42350,0.035560787966800414,-0.578524976100672,"activated,cells,rearrangements"
GSE86315,0.03555255248193932,-0.5788591269968765,"activation,acute,cells,combination,genes,large,samples,treated"
GSE58801,0.035550348606953955,-0.5789485613086826,"cell,cells,characterized,genes,high,identified"
GSE109913,0.035549356209251856,-0.5789888350973629,"acute,cells,genes,identified,profiling"
GSE38596,0.035547310490024055,-0.5790718586517104,"cell,cells,induction"
GSE35553,0.03554403318168199,-0.5792048750289992,"diffuse,mutations"
GSE97054,0.035541977429377154,-0.5792883182727773,"acute,cell,characterized,stable,subtypes"
GSE86526,0.035541967367249794,-0.5792887267076577,"cell,cells,mir155,samples"
GSE53915,0.03553067942993913,-0.5797469916534774,"cell,cells,genes"
GSE102566,0.035529722234730415,-0.579785858328827,"cell,cells,genes,mutations,profiling,signature"
GSE72368,0.0355208391011222,-0.5801466057354612,"cells,profiling"
GSE74868,0.03552029362393558,-0.580168760709682,"cell,cells,cohort,malignant"
GSE89621,0.03551803147718535,-0.5802606431659413,"activating,activation,cell"
GSE75854,0.035517820861967274,-0.5802691981004047,"cells,h3k27,h3k36,mutations"
GSE84308,0.03551081530158832,-0.5805537843685927,"shrna,treated"
GSE60745,0.035509184067546634,-0.5806200579051681,"cell,cells,hours"
GSE90130,0.03550870343531437,-0.5806395855414404,"cell,center,samples,survival"
GSE64403,0.035508363492520054,-0.5806533972575463,"cell,characterized,identified,signature,vitro"
GSE90470,0.03550697930353246,-0.5807096375715318,"activated,cell,cells,purified"
GSE77569,0.0355057311541688,-0.5807603524051386,"analyzed,high,treated"
GSE60425,0.03549823545856122,-0.5810649551882542,"cell,cells,combined,identified,novel,purified,target"
GSE72909,0.035491015172918576,-0.5813584269528864,"cells,genes,lymphoid,profiling,signature,survival"
GSE67207,0.03548542724326026,-0.5815855918585682,"cell,cells,genes,hours,induction,lines,precursor,targets,therapeutic,treated"
GSE55338,0.03548199744278314,-0.5817250405187194,"activated,cell,cells,genes,micrornas"
GSE102768,0.035480914462003584,-0.5817690750984239,"analyzed,cells,hours,vitro"
GSE62573,0.03547696983178427,-0.5819294772445152,inhibitor
GSE104443,0.03547685137383151,-0.5819342944255519,"cell,cells,genes,identified,nfb"
GSE103976,0.03547262768711343,-0.5821060643094269,"activated,cell,cells"
GSE68746,0.035472389290387235,-0.5821157600932689,"aggressive,cells,genes"
GSE56636,0.03546431118500331,-0.5824443415623658,"acute,agents,chronic,high,samples,target"
GSE88745,0.035463401709339454,-0.5824813396827501,"cell,cells,doxycycline,genes,high,induction,lines"
GSE104657,0.03546127539635003,-0.5825678433181934,"cells,characterized,genes,h3k27,malignancies,novel,samples,target,targets"
GSE71629,0.035456652548620425,-0.5827559300177628,"cell,cells,genes,large,lines,survival"
GSE61031,0.03545557682935847,-0.5827997006017179,"cell,cells,ff,large,lines,targets"
GSE71619,0.035455256145996934,-0.5828127493356274,"cell,characterized,genes,rearrangements"
GSE42878,0.03545092967114609,-0.5829888068614315,"genes,high,identified,induction,nfib,profiling"
GSE85520,0.03545044640707577,-0.5830084736920705,"cell,cells,identified,survival,target"
GSE60520,0.03544967244366643,-0.5830399713310203,"cells,identified"
GSE56122,0.03544198352192075,-0.5833529212590388,"bone,cells,genes,high,marrow,samples"
GSE51553,0.035439038274399794,-0.5834728149594242,"cell,cells,samples,targets"
GSE62266,0.03543878779433434,-0.5834830118395574,"cell,cells,combination,genes,high,identified"
GSE87212,0.03543501046971311,-0.583636793000932,"activating,cells,characterized,chronic,genes,inhibition,inhibitor,therapeutic"
GSE103712,0.03543405381715605,-0.5836757425175907,"cell,cells,combination,inhibitor,lines,resistance,tcell"
GSE83251,0.03543309890417634,-0.5837146222571452,"activated,activation,analyzed,cells,cohort,genes,hours,identified,novel,samples,target,targets,treated"
GSE103667,0.03543168728116469,-0.5837720990838855,"cells,profiling"
GSE95141,0.03543095377606631,-0.5838019659968922,"cell,samples"
GSE93238,0.03542964696232274,-0.5838551784644069,cells
GSE93154,0.03542839746064021,-0.5839060590636622,"genes,high,treated"
GSE75049,0.035423153532179355,-0.5841196151395154,cells
GSE56966,0.03541887563222917,-0.5842938536565045,"cells,samples"
GSE59419,0.03541736047730181,-0.5843555708402585,"antibodies,cell,profiling,samples"
GSE81384,0.03541631178483765,-0.5843982890382358,"activated,activating,analyzed,cells,high,induction,vitro"
GSE54443,0.035413421592765094,-0.5845160267614707,"activation,cell,cells,genes,target"
GSE87119,0.035412394308182805,-0.5845578775570796,"cells,genes,inhibitor,novel,outcome,treated"
GSE94246,0.03541102586101712,-0.5846136289437024,"analyzed,cell,combined,genes,target"
GSE83961,0.03540659677486962,-0.5847940874338682,"cells,genes,malignancies,novel,prognosis,target"
GSE84651,0.035405055143119375,-0.5848569049058818,"cell,identified,purified,samples"
GSE71943,0.03539963250140746,-0.5850778851426954,"activation,cell,cells,genes"
GSE41979,0.03539636813458871,-0.5852109289808239,"analyzed,cells,genes,large,target,targets"
GSE56096,0.03539306005627639,-0.5853457668599116,"characterized,genes,identified,large"
GSE47919,0.035390406829624924,-0.5854539219730366,"cells,characterized,genes,identified,induction,treated"
GSE65487,0.0353893046477237,-0.585498853276937,"cell,cells,identified,novel"
GSE99938,0.03538916819825673,-0.5855044158431075,"antibodies,cell,cells,lines,samples,target"
GSE105055,0.03538426956692313,-0.5857041300682907,"activation,cells,identified,large,novel,profiling"
GSE47062,0.03538271084724565,-0.585767683921685,"activation,cell,center,genes,inhibition,profiling"
GSE77067,0.035382593159332884,-0.5857724825379138,"activated,activation,cell,cells,genes,induction,novel"
GSE48020,0.03538000350215691,-0.5858780774635755,"cell,cells,genes"
GSE74283,0.035379423271576345,-0.5859017377960383,"cell,cells"
GSE77715,0.03537554784857125,-0.5860597776755797,"construct,genes,large,lines"
GSE100278,0.03537136803574791,-0.5862302499898485,"cell,cells"
GSE89011,0.03536834625081018,-0.5863535050578371,"cell,cells,profiling,resistant,treated"
GSE92292,0.0353657373853905,-0.5864599260931159,"cell,cells,genes,large,samples,targets"
GSE104762,0.03536465957870033,-0.5865038943566576,"cell,cells,samples"
GSE109404,0.035364190537737025,-0.5865230289267978,"analyzed,cells,genes,mutations"
GSE99160,0.03536366276112407,-0.586544559926728,"cell,cells,doxycycline,genes"
GSE77256,0.03535678760219554,-0.5868250659945432,"cell,cells,purified"
GSE58372,0.03535661620226626,-0.5868320597981129,"cells,mir155"
GSE82180,0.035356065704065305,-0.5868545225587704,"cells,genes,purified,target"
GSE99866,0.0353545927491031,-0.5869146273538951,"analyzed,cell,cells,vitro"
GSE105266,0.03534823461929766,-0.5871741033241152,"activation,apoptosis,genes,high,identified,samples,treated"
GSE66054,0.03534643542888285,-0.5872475369532093,"cell,cells,genes,mutations,novel,target,targets"
GSE66534,0.035346391685352044,-0.5872493223839961,cell
GSE53090,0.035345648319998424,-0.5872796638342979,"cell,cells,genes"
GSE70283,0.035341047366771995,-0.5874674720872658,"cell,hours,profiling"
GSE117470,0.03533901669654339,-0.5875503706501948,"activated,activating,bone,cells,combined,identified,lymphoid,marrow,n4,profiling,samples"
GSE67266,0.03533786709098437,-0.5875973033996387,treated
GSE65935,0.03533578964505079,-0.5876821191877375,"activated,apoptosis,cell,cells,genes,high,lines,profiling"
GSE58926,0.03532718811675593,-0.5880333464546716,"cells,survival"
GSE29690,0.03532716218238001,-0.5880344055655506,"genes,identified,novel,prediction,profiling,samples"
GSE95182,0.03532690781358773,-0.5880447935473103,"cell,cells,genes,high,n4,profiling,survival,treated"
GSE61677,0.035326805188170926,-0.5880489846131043,"activation,cells,induction"
GSE89136,0.0353236954314968,-0.588175988116142,"analyzed,cell,genes,mutations,samples,targets"
GSE76419,0.03532073659461999,-0.5882968383847065,"genes,hours,signature,treated"
GSE61505,0.03531664416621155,-0.5884640055733269,"cell,cells,lines,purified"
GSE89261,0.03531447022154734,-0.5885528145696003,"analyzed,cells"
GSE43504,0.03531403876399427,-0.5885704409270333,"activation,aid,brca1,cells,novel"
GSE100597,0.03531246101920927,-0.5886348984489117,"cell,cells"
GSE89307,0.03530611533399215,-0.5888941755142728,"acute,cells"
GSE85855,0.035305042250730195,-0.5889380250121018,"cells,characterized,identified,samples,treated"
GSE67741,0.03530230776028917,-0.5890497707666154,"cells,profiling,treated"
GSE73111,0.035295237246063774,-0.589338749536138,"analyzed,cell,cells,genes,purified,samples"
GSE79883,0.03529348483435558,-0.5894103812531323,"cell,characterized,genes,profiling"
GSE41974,0.03529130134799798,-0.5894996385877885,"analyzed,cells,genes,large,target,targets"
GSE41985,0.035289404926767326,-0.5895771656529021,"analyzed,cells,genes,large,target,targets"
GSE58523,0.035286891144031135,-0.5896799373224515,"analyzed,cases,cells,genes,samples,vitro"
GSE63493,0.035285908239324634,-0.5897201236763504,"genes,inhibition,micrornas,target,targets,therapeutic,treated,vitro"
GSE64040,0.03528468252363726,-0.5897702389984631,"activation,antibodies,cell,cells,identified"
GSE96919,0.03527890832871492,-0.5900063494995745,"cell,cells"
GSE80268,0.03527868468004953,-0.5900154954130533,"cell,cells"
GSE57206,0.03527759495038948,-0.5900600597689072,cell
GSE90921,0.035276958347810194,-0.5900860941874173,"analyzed,cell,cells,genes,identified,prediction,stable,vitro"
GSE60930,0.035274091019879016,-0.5902033618914775,"cell,cells,center,hours,profiling"
GSE66377,0.03527066354143537,-0.5903435510859268,"large,rearrangements"
GSE47883,0.03526803522294292,-0.5904510626256382,"cell,cells,genes,resistant"
GSE101903,0.035266444319299185,-0.59051614253585,"cell,cells,signature"
GSE37228,0.03526436929447094,-0.5906010310512922,"cells,mir155"
GSE85193,0.03526140432808236,-0.5907223354223897,"genes,novel,target"
GSE104725,0.0352605877831209,-0.5907557441600431,"analyzed,cells"
GSE95687,0.03525992341780862,-0.5907829270753416,"cell,cells,genes,micrornas,targets"
GSE70437,0.035258167344781016,-0.5908547803493452,"acute,analyzed,genes,induction"
GSE87450,0.03525252721637453,-0.5910855818001043,"bone,cells,characterized,doxycycline,target,therapeutic,treated"
GSE91081,0.03525052549320531,-0.5911675038156554,"cells,genes,samples,survival,treated,vitro"
GSE80160,0.03524675618926647,-0.5913217780224213,"bone,characterized,chronic,genes,glucocorticoid,resistance,vitro"
GSE94324,0.035244675540418935,-0.5914069441681891,"activation,cell,cells,construct,genes,identified,profiling"
GSE66582,0.03524255018204109,-0.5914939455776311,"activation,construct,genes,high,large"
GSE66202,0.03523991775979136,-0.5916017108882929,"cell,cells,combination,profiling"
GSE77262,0.03523523340702016,-0.591793497423287,"cells,inhibitor,outcome,samples,vitro"
GSE68806,0.03523450484701812,-0.5918233283813128,"cell,cells,doxycycline,genes,identified"
GSE58993,0.03523349559438481,-0.591864653344702,"bone,genes,target"
GSE89683,0.035231583491276586,-0.5919429497635346,"activated,analyzed,cell,cells,purified"
GSE49047,0.0352295357601042,-0.5920268045657204,"cell,genes,inhibitor,samples,treated"
GSE86840,0.0352274850509847,-0.5921107862000214,"cells,identified,induction,profiling,samples,treated"
GSE73574,0.03522582369394151,-0.5921788264840192,"cell,genes,identified,micrornas,profiling"
GSE67437,0.03522516016911006,-0.5922060018031242,"cells,lymphoid,tcell"
GSE31385,0.03522216791836963,-0.592328558766578,"cell,cells,high,identified,novel,prediction,profiling"
GSE81999,0.03521863289678921,-0.5924733600195098,cells
GSE46363,0.035211608189815495,-0.5927611486112264,"activation,cells,genes,identified,novel,profiling,resistant"
GSE62874,0.03520769290768008,-0.5929215750295018,"cell,cells"
GSE54113,0.03520404395381268,-0.5930711048632566,"cells,genes,target"
GSE69968,0.03520154033911573,-0.5931737090116457,"activating,cell,cells,identified,inhibitor"
GSE97077,0.03520003899624428,-0.5932352411515806,"aza,cells,genes,inhibitor,target"
GSE85154,0.03519984689734652,-0.5932431144634086,"cells,combination,lymphoid,subtypes,treated"
GSE47835,0.03519941918912339,-0.5932606445476488,"cell,cells,characterized,samples"
GSE82164,0.03519888243542266,-0.593282644280153,"analyzed,cell,cells"
GSE37909,0.035195201788981445,-0.5934335106613652,"cases,cell,cells"
GSE102623,0.03519371113435795,-0.5934946157401054,"activation,characterized,genes,mutations,samples,twp"
GSE55113,0.035190775261357284,-0.5936149709387606,"cells,dexamethasone,samples,treated"
GSE95739,0.03518940540350548,-0.5936711312700101,"activated,cell,characterized,genes,inhibition,mutations,targets,therapeutic,vitro"
GSE71734,0.03518911617442416,-0.5936829891309582,"cells,induction"
GSE69823,0.03518719552462588,-0.593761734716598,"aid,cell,cells,vitro"
GSE41908,0.03518685446402172,-0.5937757184632303,"activated,cell,cells,genes,identified,profiling,samples"
GSE79638,0.0351854756107733,-0.593832253886791,"cell,cells,genes,induction,subtypes"
GSE35213,0.03518227858224337,-0.5939633462390135,"activated,activation,genes,mutations,samples,tcell"
GSE77693,0.03518222661282868,-0.5939654773139535,"cell,cells,chronic"
GSE49538,0.03518081562161189,-0.5940233380876447,"cell,cells,characterized,genes,novel,signature"
GSE60843,0.035176913931749945,-0.5941833474755661,"apoptosis,cells,hours,treated"
GSE56867,0.03517620824728,-0.5942122896874742,"cell,cells"
GSE60808,0.035173687740512764,-0.5943156678819724,"cell,cells,genes,profiling,target"
GSE89532,0.03516973159769843,-0.594477943406222,"analyzed,cells"
GSE80446,0.035163839113446414,-0.5947196788319322,"genes,treated"
GSE75549,0.03516373820232889,-0.5947238189992572,"bone,genes,high,targets"
GSE58818,0.03516154227138392,-0.5948139162918419,"cell,cells,genes,identified,signature,target"
GSE85422,0.03515531872488179,-0.5950692940084121,"cell,cells,genes,purified,samples,signature"
GSE36799,0.03515366861302702,-0.5951370124688926,"cell,cells,genes,identified"
GSE79580,0.035136806949602466,-0.5958291756240184,"cell,profiling"
GSE85763,0.035136188622982255,-0.5958545639468409,"activation,cell,combined,genes,identified,novel,prediction"
GSE60361,0.035131623063052626,-0.5960420384254272,"cell,cells"
GSE70116,0.03512998904182572,-0.5961091417625289,"genes,large,novel"
GSE31271,0.0351287654410602,-0.5961593926606445,"cell,cells,combined,genes,identified,samples"
GSE62659,0.035125830734654695,-0.596279922465401,"activation,cell,genes,outcome,profiling,targets"
GSE69162,0.03512048953909791,-0.5964993137823272,"cell,cells,induction,targets"
GSE52477,0.035119915102486916,-0.5965229109371053,"activation,cell,cells,genes,samples,target"
GSE70207,0.0351118828921832,-0.5968529047676477,"cells,treated"
GSE54588,0.03511078100048267,-0.5968981805690476,"cells,genes,hours"
GSE75936,0.03510913721849271,-0.5969657248267397,cells
GSE70816,0.03510566228661008,-0.5971085228417999,"cell,cells"
GSE86073,0.035104144089832805,-0.5971709156918888,"cell,cells,inhibitor,profiling,purified,samples"
GSE89509,0.035099623304937565,-0.5973567209328419,"cell,cells,lines,purified,samples"
GSE77586,0.035096044287757575,-0.5975038362896262,"cell,cells,nfib"
GSE60165,0.03509360821892577,-0.5976039793819142,"analyzed,genes,identified,micrornas,profiling,vitro"
GSE59148,0.035093308787710685,-0.5976162890244379,"cell,characterized,large"
GSE88779,0.03509237632268007,-0.5976546234133786,"cells,genes,point"
GSE92323,0.03509221443905675,-0.5976612786833754,"cell,high"
GSE67335,0.03508883687576939,-0.5978001422004481,"cells,center"
GSE70889,0.03508411760717967,-0.5979941903334204,"cells,mutations"
GSE102317,0.0350768839490105,-0.598291676474543,"analyzed,cells,genes,hours,identified,target"
GSE73698,0.0350748263863298,-0.5983763055010465,cell
GSE85737,0.035074670100840526,-0.5983827338380019,"activating,activation,analyzed,cell,cells,genes,target"
GSE100217,0.0350745629014766,-0.598387143180317,"cell,genes,hours"
GSE79700,0.0350721853178051,-0.598484941817048,"cell,cells,genes,h3k27,target,targets"
GSE55163,0.03507152143989532,-0.5985122507065406,"identified,micrornas,novel,profiling"
GSE85931,0.03506891683801107,-0.5986193970636462,"bone,genes,identified,novel,treated"
GSE92720,0.03506672333767054,-0.598709637975587,"cell,cells,genes,identified,vitro"
GSE49434,0.03506380412789244,-0.5988297434310801,"cells,lines,purified,treated"
GSE85646,0.03505965787496396,-0.5990003504825376,"cell,genes,identified,samples,target,targets"
GSE68150,0.035059226271532413,-0.5990181109514304,"genes,samples,vitro"
GSE90055,0.03505808137687736,-0.599065224393082,"bone,genes,identified,novel"
GSE48607,0.035054240550835385,-0.5992232890680739,"cell,cells,genes,lines"
GSE98723,0.03505410969673525,-0.599228674519612,"cell,cells,samples"
GSE78772,0.03505205354800171,-0.5993133003340845,"cell,cells,genes,lines,pcs,stable,vitro"
GSE71588,0.035051649106560515,-0.5993299466919646,"cell,cells"
GSE53528,0.03505033458566327,-0.5993840522302086,"analyzed,cells,purified"
GSE84341,0.03504597361243102,-0.5995635639513098,"cell,genes,hours,large"
GSE103574,0.035037368180451056,-0.5999178568199712,"cells,genes,large"
GSE91078,0.03503575239088624,-0.5999843899377681,"cell,identified,induction,inhibitor"
GSE89945,0.03503517298872574,-0.6000082486386241,"cells,characterized,genes,stable,target,targets,vitro"
GSE71889,0.03502168720063224,-0.6005636797496586,"cell,induction"
GSE94949,0.03502127035622229,-0.6005808514792382,"activated,activation,cells,lymph,samples"
GSE97721,0.03501926629793549,-0.6006634106682714,"analyzed,cell,cells,induction,large,samples"
GSE93309,0.03501726338385767,-0.600745927441199,"cell,cells,identified,inhibition,novel,shrna,targets,therapeutic,vitro"
GSE86955,0.03501568154882859,-0.6008110997841452,"cell,cells,profiling"
GSE95533,0.03501474695915939,-0.6008496066992054,"activated,activation,hours,induction,target"
GSE101900,0.03501393811018496,-0.6008829336823734,"cell,chronic,genes,high,novel,profiling"
GSE73352,0.03501184816206186,-0.6009690493250335,"activation,cells,genes,samples,target,targets"
GSE65177,0.03500904356193646,-0.6010846200524302,"cells,characterized,samples"
GSE88706,0.03500810191004688,-0.6011234253051229,"activation,target,treated"
GSE42852,0.035007203976184786,-0.6011604299204298,"activation,cells,high,induction,inhibition,purified,target"
GSE88841,0.03500700675621068,-0.6011685576498045,"aid,cebpa,cell,cells,malignancies,malignant"
GSE86780,0.03500323489628698,-0.601324010437387,"cells,genes,identified"
GSE62684,0.03500291124389915,-0.6013373501717004,"cells,large,samples"
GSE94554,0.03500274182263433,-0.6013443331283008,"cell,cells"
GSE69445,0.034996283244466735,-0.6016105585139001,"bone,cells,genes,profiling"
GSE72726,0.034995353438759605,-0.6016488895530444,"genes,mutations,novel,profiling,samples,target"
GSE97571,0.03499188892816088,-0.6017917222206831,"cells,genes,identified,induction,signature"
GSE70314,0.03499138178215064,-0.6018126317045233,"cell,cells,combination,genes"
GSE45338,0.03498901449333365,-0.6019102383492321,"cells,inhibition"
GSE36026,0.03498782060133765,-0.6019594666991518,"cell,cells,purified,samples"
GSE71508,0.034986210199503105,-0.602025871870166,"cell,genes,malignancies"
GSE66243,0.0349856410353429,-0.6020493421742069,"cells,dexamethasone,genes,hours"
GSE95602,0.03498410406835073,-0.6021127231299239,"cell,genes,induction,inhibition,lines"
GSE55621,0.03498390680567286,-0.6021208579870841,"activated,activation,analyzed,cell,cells,center,improve,samples"
GSE82300,0.034982333355132726,-0.6021857466901641,"cell,cells,genes,profiling"
GSE65619,0.034981399700497934,-0.6022242517513657,"activation,cells,identified,large,profiling"
GSE77798,0.03498036164813484,-0.6022670635093222,"genes,high,lines,mutations,notch,point,profiling,samples"
GSE63857,0.03497899192236352,-0.6023235562147878,"brca,brca1,cell,cells,genes,high,identified,novel,resistance,signature"
GSE69940,0.03497725073523162,-0.602395372594443,"analyzed,cell,genes,high,identified,novel,samples"
GSE93796,0.0349764484011021,-0.6024284665832992,"inhibitor,target,treated"
GSE65361,0.03496729082855705,-0.6028062440575473,"high,tcell"
GSE45119,0.0349666229140089,-0.6028338014171978,"analyzed,cell,cells,samples,shrna,targets,treated"
GSE52899,0.03496658642314692,-0.6028353070019153,"cell,cells,genes,large"
GSE79729,0.034966266429030494,-0.6028485097787522,"cell,cells,lines,samples,vitro"
GSE30641,0.03496450511275974,-0.6029211828579637,"cell,cells,genes,high,identified,profiling,signature"
GSE58018,0.03496236419916613,-0.603009523304371,"cell,cells,genes,inhibition,target"
GSE76198,0.03495544318479589,-0.6032951419047268,"cell,cells,genes,identified,purified"
GSE101859,0.0349504511205524,-0.603501191091614,"apoptosis,cells,fl,genes,high,target,targets,therapeutic,vitro"
GSE79013,0.03494917038249672,-0.6035540587438869,"analyzed,genes,high,treated"
GSE68251,0.03494850006321761,-0.6035817296603465,"cells,genes,identified,micrornas,target,targets"
GSE80041,0.034948412136258857,-0.603585359342499,"cell,cells"
GSE65072,0.034947445459253136,-0.6036252650012993,"cell,cells,genes,hours,induction,targets"
GSE87027,0.03494621997301541,-0.6036758562217509,"combined,genes,high,identified,samples,treated"
GSE94661,0.03493896315477148,-0.6039754726858486,"cell,cells,identified,vitro"
GSE56276,0.034937112378850194,-0.6040518967043319,"cell,cells,characterized,genes,vitro"
GSE35510,0.03493028532565482,-0.6043338409628499,"cell,cells,genes,high,signature"
GSE68818,0.03492834211861689,-0.6044141017770209,"cells,profiling"
GSE58017,0.034924351279206664,-0.6045789505166274,"cell,cells,genes,inhibition,target,vitro"
GSE97464,0.03491845317845292,-0.6048226165834297,"cell,genes,high,identified,n4,samples"
GSE58609,0.034915742240861594,-0.6049346263573706,"analyzed,cells,genes"
GSE80473,0.03491280166553671,-0.6050561340733775,"acute,cell,combination,genes,high,identified,n4,profiling,targets"
GSE70452,0.03491114872534633,-0.6051244398224118,"cell,notch"
GSE95401,0.03491019316814225,-0.6051639285403974,"cells,purified"
GSE73225,0.034908900054902624,-0.6052173685944631,"cell,cells,genes,high,identified,profiling,survival,targets"
GSE76130,0.03490642793518362,-0.6053195385609518,"activation,cell,cells,genes,induction,inhibition,novel,samples"
GSE93941,0.034901491035164774,-0.6055235968194271,"cell,germinal"
GSE84302,0.034890362126546365,-0.6059836969796325,"inhibition,targets,treated"
GSE54877,0.03488491863863022,-0.6062087994214019,cells
GSE81466,0.03488368102844263,-0.6062599827356406,"cells,genes,hours,samples,target"
GSE64379,0.03488147844645007,-0.6063510784671714,"activation,analyzed,cells"
GSE72833,0.0348813183877539,-0.6063576984966915,"analyzed,cells,genes,novel,samples"
GSE73289,0.03487975428895512,-0.6064223912399149,"cell,cells,genes,treated"
GSE96561,0.034877290086202994,-0.6065243190989165,"genes,inhibition,inhibitor"
GSE76642,0.034874008998205856,-0.6066600473060703,"activation,cell,cells"
GSE59104,0.03487317371126787,-0.606694602517518,"cell,characterized,combination,lines"
GSE83795,0.03487126455263786,-0.606773586125589,"cell,samples"
GSE72184,0.03486910465547915,-0.6068629482255053,"analyzed,cell,cells,genes,samples,signature"
GSE76458,0.034863869817237846,-0.6070795537910036,"cell,identified,large,purified"
GSE70028,0.03486010324644101,-0.6072354259473444,"cells,genes,identified,shrna,targets"
GSE53913,0.034858221101955654,-0.6073133211217135,"cell,cells,genes"
GSE53398,0.03485377329660566,-0.607497416463852,"activating,cell,genes,novel,target"
GSE83736,0.03485259108097971,-0.6075463525010766,"activation,bone,card9,cells,identified,nfb"
GSE43078,0.03485209366347923,-0.6075669428462975,"activation,analyzed,cell,cells,genes,h3k27"
GSE80444,0.03485077983718304,-0.6076213294328796,"cell,genes"
GSE78151,0.03484953939593178,-0.6076726800855476,"cell,identified,large,purified"
GSE75648,0.034840633469982736,-0.6080414131433884,cells
GSE69970,0.03483994407431363,-0.6080699602004913,"analyzed,cell,genes,samples"
GSE89620,0.03483831596905181,-0.608137380350944,"cells,genes,hours,targets"
GSE92983,0.03483659004879217,-0.6082088544796475,"cell,cells,genes,lines,profiling,therapeutic"
GSE100827,0.034833343579708326,-0.6083433074526051,"analyzed,cell,genes,novel,profiling,target"
GSE39522,0.03483331303604126,-0.6083445724823668,"cell,cells,characterized,genes,highoc,vitro"
GSE97947,0.03483271358521253,-0.6083694002149022,"cell,cells,genes,inhibitor,lines,treated"
GSE92441,0.03483114339442773,-0.6084344355591131,"activation,analyzed,cells"
GSE48966,0.034828438848044374,-0.608546461371829,"acute,genes,novel,target,therapeutic"
GSE93558,0.034827737801354244,-0.608575501053074,activating
GSE96626,0.034827317064842524,-0.6085929296368329,"cells,treated"
GSE98622,0.03482619071733912,-0.60863958847741,"acute,chronic,hours"
GSE74957,0.0348252837495467,-0.6086771606306617,"activated,cell,cells,genes,lymphoid,target"
GSE68915,0.03482295889888939,-0.6087734746333652,"apoptosis,cell,genes,identified"
GSE47793,0.03482152311614355,-0.6088329595081914,"cell,cells,genes,profiling,vitro"
GSE76926,0.03482133590090245,-0.6088407160679802,"cell,genes,profiling,target"
GSE45914,0.03482034953584903,-0.6088815830849756,"genes,target"
GSE98158,0.03481978855595358,-0.6089048260863654,"cells,genes,identified,novel"
GSE103377,0.03481761409797117,-0.6089949236382357,"cases,genes,identified,mutations"
GSE56904,0.03481471256002278,-0.6091151561397885,"cell,cells"
GSE72275,0.034812938076510806,-0.6091886912523484,"cell,lines,samples,treated"
GSE84681,0.03481190952780562,-0.6092313163256506,"cell,cells,genes,lines,target"
GSE78701,0.034809504286364645,-0.6093309991591442,"cells,genes,identified,treated"
GSE81494,0.03480830133815269,-0.6093808567323452,"cell,induction"
GSE54952,0.03480705254426484,-0.6094326162551749,"activated,activation,analyzed,cells,genes,samples"
GSE64684,0.034805931897537556,-0.6094790659653588,"cells,samples,stable"
GSE89695,0.03480497762459441,-0.6095186208239943,"acute,cells,samples"
GSE77801,0.03480472362648763,-0.609529149293517,"analyzed,apoptosis,genes,profiling,survival"
GSE72964,0.034797843998361506,-0.6098143458243845,"cells,genes,nfb"
GSE74528,0.03479754417183002,-0.6098267764828368,"genes,identified,treated"
GSE90913,0.0347917499461483,-0.6100670232271695,"cell,lines,vitro"
GSE75896,0.03478776214151572,-0.6102323933426284,"genes,profiling,purified,samples"
GSE101678,0.03478671754959703,-0.6102757146175457,"cell,cells,induction"
GSE93331,0.03478540847692591,-0.6103300062644701,cells
GSE74278,0.034782965595249855,-0.6104313262486722,"cell,cells,genes,high"
GSE94659,0.0347775569184059,-0.6106556796892243,"activation,cells,genes,samples"
GSE83991,0.034774339568362546,-0.6107891528277043,"cells,large,profiling,signature"
GSE57415,0.03477251971165909,-0.6108646558272355,"combination,high,novel"
GSE78905,0.034771522649933495,-0.6109060240295492,"cells,mutations"
GSE67828,0.034771109284401025,-0.6109231749594808,"cell,lines,profiling"
GSE97534,0.03477065395921052,-0.6109420670716075,"cell,cells"
GSE69190,0.034770560338038964,-0.6109459515824343,"excitation,cell,novel,vitro"
GSE70904,0.03476789442718278,-0.6110565694092622,"cells,vitro"
GSE84737,0.034766881328963065,-0.6110986085691423,"cell,genes"
GSE103714,0.03476035033193908,-0.6113696458827588,cell
GSE61184,0.034755862655132586,-0.6115559146337346,"cells,genes,identified,vitro"
GSE63961,0.03475462483146417,-0.6116072968677736,cells
GSE76505,0.03475261152641822,-0.6116908733515647,"cell,characterized,vitro"
GSE50739,0.03475152118909751,-0.6117361375447615,"cell,cells"
GSE73909,0.03475008097748808,-0.611795928573523,chronic
GSE57849,0.034749348139334967,-0.6118263536283111,"activation,cell,cells,genes,identified,target"
GSE66127,0.03474630561772291,-0.6119526760846665,"cell,cells,genes,resistant"
GSE102721,0.0347447127532724,-0.6120188146360315,"cell,cells,chronic,high,profiling"
GSE99516,0.0347418667603455,-0.6121369928486613,"cells,genes,large"
GSE105043,0.034738903578681216,-0.6122600475434796,"cell,cells,resistance"
GSE97993,0.034737559699640534,-0.6123158594698876,cells
GSE85976,0.03473656693545959,-0.6123570908183071,"cells,identified,mutations,novel,samples,target,treated,vitro"
GSE74189,0.03473555450079638,-0.6123991403322055,"activated,cell,genes,h3k27,profiling"
GSE53538,0.03473405977795321,-0.6124612229925472,"analyzed,cell,identified"
GSE62125,0.034733085415035427,-0.6125016941691218,"cell,combined"
GSE98671,0.03472801913578699,-0.612712145644309,"acute,aid,cells,hours,target"
GSE61828,0.03472363736786154,-0.6128941875187006,"analyzed,combination,inhibitor,prediction,profiling,target,targets,treated"
GSE92770,0.03472151516401493,-0.6129823633770463,"activation,samples"
GSE104560,0.03472050934474082,-0.6130241562391971,"cell,profiling"
GSE94135,0.034717269319449066,-0.6131587909730288,"tar,cell,cells,subtypes"
GSE94059,0.03471584313582385,-0.6132180580279262,"cells,characterized,chronic,genes,hours,resistance,samples,survival"
GSE49449,0.03471517839825238,-0.6132456829591656,"cells,purified,targets,treated"
GSE54631,0.034713946507903916,-0.6132968788254318,"cell,genes,identified,large,novel,samples"
GSE88789,0.034712312424776307,-0.6133647921383851,"cell,high,identified"
GSE82127,0.03471062515204563,-0.6134349193927658,"analyzed,cells,genes,high,novel,samples,targets,treated"
GSE65315,0.034708377547714254,-0.6135283407182754,"cell,cells,novel,precursor,therapeutic"
GSE81055,0.03470824138436475,-0.6135340005211327,"genes,identified,acylcoa"
GSE48649,0.03470674408394986,-0.613596239182397,"cell,cells,center,genes,hours,lines,samples,targets"
GSE60875,0.034701486705888414,-0.6138147952004808,"cell,cells,novel"
GSE67363,0.03470048061213323,-0.6138566235960571,"apoptosis,cells,vitro"
GSE64936,0.03469803727709385,-0.6139582104152922,"cells,profiling,treated"
GSE52856,0.034695547716337205,-0.6140617265244394,"analyzed,cell,cells,samples,shrna,targets,treated"
GSE92865,0.03469483886656422,-0.6140912019057597,"cell,cells,genes,treated"
GSE20846,0.03469348293935439,-0.6141475857297453,"analyzed,cell,genes"
GSE36639,0.034692000002462704,-0.6142092535486956,"cells,genes,identified,micrornas,novel,profiling,samples,target"
GSE70304,0.034686301741467036,-0.6144462398309186,"analyzed,hours,inhibition,samples,treated"
GSE85249,0.03468304875246311,-0.614581546593172,"cells,axin2positive"
GSE62641,0.034682147242214474,-0.6146190467932778,"cell,cells"
GSE68265,0.03468104306674841,-0.6146649786041477,"activation,analyzed,cells,genes,profiling,targets"
GSE99120,0.034678486220887504,-0.6147713446329659,"analyzed,cells,genes,treated"
GSE77778,0.03467416867444023,-0.6149509744644621,"activation,acute,cells"
GSE77375,0.034669435299185876,-0.6151479303947981,cells
GSE83394,0.03466727970420988,-0.6152376336979581,"cell,cells"
GSE28532,0.03466536871773167,-0.6153171624850092,"cells,combination,combined,point,profiling,shrna,target,vitro"
GSE91390,0.03466179887663392,-0.6154657389300523,"brca1,cell,cells,mutations"
GSE97062,0.03466137743648005,-0.6154832802388139,"analyzed,cell,cells,genes,high,identified,samples"
GSE89242,0.03465775925492665,-0.6156338860552742,"activation,cell,cells,genes,induction,novel,target,targets"
GSE83226,0.03465701413924122,-0.6156649032440108,"analyzed,cells,identified,mutations,novel,samples"
GSE66706,0.03465307279838261,-0.6158289818988946,"activation,cells,cohort,gammasecretase,signature"
GSE79510,0.03465276473925418,-0.6158418072363461,"activated,activation,analyzed,cell,cells,characterized,genes,high,novel,profiling,signature,therapeutic"
GSE71198,0.034651048275342905,-0.6159132703742444,"cells,genes,lymphoid"
GSE76315,0.03464868826258514,-0.6160115327594561,"cells,treated"
GSE57403,0.0346482807200594,-0.6160285020321234,"cell,cells,genes"
GSE81206,0.03464592152713261,-0.6161267381276958,"cell,genes,targets"
GSE74429,0.0346438655156959,-0.6162123552909525,cells
GSE106612,0.034641682260498706,-0.6163032767471038,"activation,combined,identified,novel"
GSE44591,0.034639490109079726,-0.6163945744510521,"arrays,cell,genes"
GSE90932,0.03463840108792983,-0.6164399316461215,"activation,cells,genes,identified,profiling,target,targets,therapeutic,treated"
GSE100981,0.034632723000927075,-0.6166764442792483,"cell,cells,lines"
GSE90952,0.034625154632976406,-0.616991754171106,"analyzed,apoptosis,genes,identified,malignancies,mutations"
GSE86907,0.034622251916712164,-0.6171127040974825,"cells,novel,vitro"
GSE76634,0.03462085157108455,-0.6171710571056814,"cells,profiling"
GSE46207,0.03461057272791069,-0.617599453208524,"analyzed,cells,characterized,identified,samples"
GSE70235,0.03460652938499805,-0.6177680043497086,"cell,novel"
GSE62571,0.03460034181447263,-0.6180259780792313,"large,mutations,novel"
GSE99709,0.03459933745291079,-0.6180678565231768,cells
GSE77005,0.03459808514428648,-0.6181200752149819,"analyzed,cohort,large"
GSE84256,0.034595382811436856,-0.6182327633723513,"analyzed,cells,identified"
GSE50807,0.034593593123204064,-0.6183073987981221,"activated,cell,genes,profiling,vitro"
GSE87127,0.03459077481376193,-0.6184249386753908,"cells,genes,identified,novel"
GSE94559,0.03458169439712579,-0.6188037099488429,"cells,genes"
GSE74344,0.034577615403295056,-0.6189738893273017,"activation,samples"
GSE92602,0.03457743680509413,-0.6189813410674292,"apoptosis,cells,identified,novel,vitro"
GSE62378,0.03457482820115654,-0.6190901855128238,"apoptosis,cells,hours,treated"
GSE64510,0.03457480996841294,-0.6190909463060679,"cells,samples,vitro"
GSE77188,0.03457419622818469,-0.6191165559288931,"cell,cells,combination,genes,high,identified,novel,samples,survival"
GSE78706,0.034570715324860224,-0.6192618126616147,"bone,marrow"
GSE89977,0.03456512066880949,-0.6194953061152333,"cell,cells,cohort,h3k27,induction"
GSE98906,0.03456064885903159,-0.6196819646607642,"cell,cells,induction,lines,signature"
GSE60756,0.034558370826407114,-0.619777061679977,"combination,genes,identified,large,outcome"
GSE75667,0.03455105000590058,-0.6200827135390818,"activated,activation,antibodies,cell,cells,genes,identified,lines,mutations,samples,target"
GSE67334,0.03454886216082766,-0.6201740709124564,"cells,center"
GSE37685,0.03454862648022792,-0.6201839125214402,"cells,high,hours,treated"
GSE70419,0.03454584218726239,-0.6203001848000578,"cells,genes,identified,shrna"
GSE57272,0.03454030950432287,-0.6205312578606142,"activated,activation,cells,identified"
GSE40350,0.034536930716610716,-0.6206723914746626,"cells,treated"
GSE45278,0.03453557073032561,-0.6207292026637279,"cell,cells,genes,lines"
GSE81587,0.03453464330868665,-0.6207679454595345,"chronic,treated"
GSE65031,0.0345344637162951,-0.6207754480048497,"analyzed,call,cell,chronic,genes,identified"
GSE81367,0.03453398182508389,-0.6207955793993013,"genes,inhibition,lines,profiling,therapeutic,treated"
GSE99765,0.0345247420646047,-0.621181632194692,"cell,genes,samples"
GSE73381,0.03452312856873195,-0.6212490573729977,"cell,cells"
GSE96738,0.03452159666282852,-0.6213130759650896,cell
GSE73372,0.03452091796759566,-0.6213414396552591,"combined,identified,target,targets,vitro"
GSE106138,0.03451900765260569,-0.6214212775733484,"cell,cells"
GSE102624,0.03451490601692115,-0.6215927124277274,"activation,characterized,genes,mutations,samples"
GSE83153,0.03451408031099128,-0.6216272266778619,cells
GSE78228,0.034513388609664235,-0.6216561402130075,"cells,vitro"
GSE94525,0.03451289140536944,-0.6216769240121711,"activation,chronic,combined,genes,identified,treated"
GSE87387,0.03451247078344957,-0.621694506800255,"cell,cells,lines"
GSE66931,0.03450862022036248,-0.6218554775468876,"cell,cells"
GSE101806,0.034506328142730185,-0.6219513051643268,cells
GSE62398,0.0345026088538724,-0.6221068154454437,"cells,genes"
GSE72601,0.034497672612983456,-0.6223132346110432,"activation,cells,genes,novel,target"
GSE99575,0.034493718645544146,-0.6224785992781043,"cells,genes,treated"
GSE99166,0.034492333267939136,-0.6225365436696252,cells
GSE56902,0.0344881614122562,-0.6227110485217671,"analyzed,genes,identified,treated"
GSE70728,0.0344823651005482,-0.6229535379037991,"cells,identified,leukemias,malignancies"
GSE78056,0.03448005928844943,-0.6230500131571223,"cells,profiling"
GSE85266,0.03447480467041438,-0.6232698906526425,"analyzed,cells,genes,hours,novel,samples,therapeutic,treated"
GSE98063,0.034474213914286636,-0.6232946127140551,"cell,lines,target"
GSE72847,0.03447292171079652,-0.6233486905390531,"activated,cells,samples"
GSE86065,0.03447189792472708,-0.6233915367193241,"apoptosis,cell,novel,treated"
GSE76733,0.03446973435482758,-0.6234820878554791,"cells,profiling"
GSE78902,0.03446840253077175,-0.6235378310492389,"cell,genes"
GSE89984,0.03446723580905647,-0.6235866656919121,"analyzed,cases,profiling,target,treated,vitro"
GSE62822,0.03446272825634042,-0.6237753506578029,"cells,treated"
GSE79903,0.034461468678698544,-0.6238280806568034,"cell,cells,identified,samples,target"
GSE44942,0.03445981296729567,-0.6238973970297288,"arrays,cebpa,cebpg,genes,identified,induction,novel,treated"
GSE99658,0.03445206148381012,-0.6242219572574214,cell
GSE42398,0.03444816795101197,-0.6243850098484357,"cell,genes"
GSE84804,0.034447683106831974,-0.6244053153467598,"cell,cells,purified"
GSE70481,0.03444728772733593,-0.6244218742343336,"cell,cells,genes"
GSE80288,0.03444344742899635,-0.6245827196473842,"activating,activation,combination,genes,inhibition,mutations,novel,samples"
GSE98988,0.034443316079225544,-0.6245882213621784,"cell,cells,genes,identified"
GSE101650,0.0344411838593997,-0.6246775344289076,"activation,genes,identified,n4,novel,samples,treated"
GSE47442,0.034437401903205725,-0.624835964204751,"cells,identified,induction,novel"
GSE68140,0.0344359342501908,-0.6248974502847044,"activation,analyzed,mutations,novel,vitro"
GSE101576,0.03443492879882078,-0.6249395743308185,"activation,cells,genes"
GSE77652,0.034434859319688,-0.6249424852501936,"activated,analyzed,cells,genes,inhibition,signature"
GSE81275,0.034434796568210475,-0.6249451143106781,"activated,activation,cell,cells,characterized,combined,genes,point,targets"
GSE43390,0.03443365478099547,-0.6249929519118064,"cell,cells,genes,resistance,treated"
GSE43110,0.034433571721186496,-0.6249964319408592,"cell,cells,novel,samples"
GSE90101,0.03443311012313323,-0.6250157720689009,"cell,genes,identified,n4"
GSE66312,0.03442963911813882,-0.6251612092392651,"cell,cells,samples,vitro"
GSE78247,0.03442827049419656,-0.6252185594256335,"analyzed,cells,genes"
GSE74049,0.03442596945343349,-0.6253149863152927,"cells,novel,vitro"
GSE92377,0.03442410961062066,-0.625392929174329,"cell,cells"
GSE81282,0.03442215692103057,-0.6254747676161414,"activating,activation,combination,genes,inhibition,mutations,novel,samples"
GSE29413,0.03442026815911479,-0.6255539312262793,"cells,genes"
GSE74537,0.034415216673648004,-0.6257656753016742,"cell,cells,genes,profiling,vitro"
GSE44733,0.034412660971183257,-0.6258728150072626,"cells,genes"
GSE86788,0.03441060694629997,-0.625958929241693,"activated,cell,cells,identified,novel,profiling,targets,vitro"
GSE62689,0.03441021827681844,-0.6259752246444795,"combined,induction,novel"
GSE56983,0.0344070788424046,-0.626106855692277,cell
GSE86631,0.03440320490151062,-0.6262692998799259,"cells,inhibitor,profiling"
GSE58905,0.03440316766743714,-0.6262708612880096,"cells,profiling"
GSE100961,0.03439844966460239,-0.6264687240583108,"bone,point,samples"
GSE56529,0.03439084828289243,-0.6267875665547079,"cell,cells,genes,tip"
GSE84861,0.03439011415946416,-0.6268183633389287,"analyzed,cells,samples,stable"
GSE62205,0.034388283107357004,-0.6268951796039246,"cells,treated"
GSE90652,0.034387156437496944,-0.6269424476702788,"cells,genes,purified"
GSE72550,0.034383765983643504,-0.6270846993892459,"cell,novel"
GSE51006,0.0343834520241976,-0.6270978727514606,cells
GSE57712,0.03438151361696174,-0.6271792086608458,"activation,genes,stable,vitro"
GSE80155,0.03437855947279245,-0.6273031738910798,"cells,genes,samples"
GSE55060,0.034377363088920206,-0.6273533809718764,"cells,genes"
GSE54561,0.034370693114069886,-0.6276333231317301,cells
GSE109165,0.03436887281524653,-0.6277097314142236,"activating,activation,chronic,identified,target"
GSE63031,0.03435876583010989,-0.6281340526255291,"acute,profiling"
GSE72761,0.03435738092831344,-0.6281922046334161,"cell,genes"
GSE45888,0.03435618172691633,-0.6282425609776939,"antibodies,genes,novel,target"
GSE85627,0.0343542419585118,-0.628324018611291,"activating,cell,cells,doxycycline,genes,hours,induction,lines,stable"
GSE64910,0.03435197374625083,-0.6284192745804403,"cells,characterized,genes"
GSE81904,0.03435069070845034,-0.6284731598929518,cells
GSE35724,0.03435027373553807,-0.6284906724492193,"combination,combined,dexamethasone,high,resistance,vitro"
GSE60738,0.03434910252969428,-0.6285398633721858,"cell,cells,center,characterized,genes,induction"
GSE95168,0.03434694105205546,-0.628630650349396,"cells,h3k27,hours,large,mutations,profiling,samples,shrna"
GSE54651,0.03434470980158289,-0.6287243739374271,"arrays,genes,hours,novel,samples,target"
GSE67674,0.03434387884380581,-0.6287592798421163,"analyzed,cells,inhibitor"
GSE90654,0.034343540886439136,-0.6287734766024211,"cell,cells"
GSE98562,0.03434260037959983,-0.6288129857240013,"cell,lines,samples,treated"
GSE73336,0.034338395216410744,-0.6289896508417375,"analyzed,cell,identified,samples"
GSE101643,0.0343301754551731,-0.6293350376385065,cells
GSE79180,0.034326763649748925,-0.6294784228471731,"analyzed,genes,large,target,targets"
GSE42154,0.0343258664990045,-0.629516129048004,"cell,cells,genes,lines"
GSE84724,0.034323886829755235,-0.6295993357274405,"cell,cells,genes,novel,precursor"
GSE99645,0.03432156448622254,-0.6296969513286175,"cells,signature,vitro"
GSE63137,0.03431880751631827,-0.6298128442556187,"cell,profiling"
GSE49761,0.03431860817416935,-0.6298212242310821,"cell,genes"
GSE93604,0.03431843563236723,-0.6298284776088054,"nfi,nfib"
GSE67583,0.03431666206653925,-0.6299030375558607,"cell,cells,genes,novel,target"
GSE108402,0.03431261145047667,-0.6300733381699675,"cell,genes,identified,novel"
GSE40594,0.03431034320342357,-0.6301687111772276,"cell,cells,genes,novel,targets"
GSE85360,0.03430867464537054,-0.6302388730799909,"cell,profiling"
GSE93570,0.03430660134085188,-0.6303260590922963,"cell,genes,large"
GSE64478,0.03430631840535155,-0.6303379574241185,"profiling,purified"
GSE73697,0.03430284466387796,-0.6304840472283771,"cell,genes,identified,samples"
GSE68155,0.034302682098341995,-0.6304908843595421,cells
GSE78760,0.03430018074822039,-0.6305960894564675,"activation,cell,cells,genes,target"
GSE102334,0.034298815788302246,-0.630653501984481,"cell,purified"
GSE86442,0.03429799582447841,-0.6306879921514321,"cells,lines,samples"
GSE60072,0.03429390617886139,-0.6308600273709064,"genes,samples"
GSE99058,0.03429344701785955,-0.6308793437395795,"cell,cells"
GSE99774,0.034293205563395726,-0.6308895015514703,"acute,analyzed,genes,novel"
GSE95519,0.034292953166539894,-0.6309001197782083,"activating,cells,combination,genes,lines,purified,vitro"
GSE51685,0.034290535681821326,-0.6310018262756443,"genes,identified,samples,treated"
GSE95074,0.034289174066407406,-0.6310591142348008,"activating,cell,cells,genes"
GSE81237,0.034288976074556,-0.6310674446392103,"cell,identified,inhibitor,targets"
GSE58405,0.034287159122390595,-0.6311438942049855,"cell,genes,high,identified,profiling,stable"
GSE63756,0.03428697077555648,-0.6311518192648865,"cell,genes,identified,survival,treated"
GSE99409,0.03428669907525551,-0.6311632516609555,"genes,point,targets"
GSE65753,0.03428222277456339,-0.631351615037395,"analyzed,cell,genes,hours,profiling,survival"
GSE86922,0.03427989900458952,-0.6314494093101437,"activation,analyzed,apoptosis,cell,cells,induction,targets"
GSE98877,0.0342763112999463,-0.6316004084298055,"cells,genes,identified"
GSE90497,0.034274752259484204,-0.6316660301671446,"activation,analyzed,cell,cells,chronic"
GSE71385,0.034272776603076094,-0.6317491920185072,cells
GSE56786,0.0342708620420961,-0.6318297867370437,"cells,hours,profiling,vitro"
GSE75077,0.034269134828004984,-0.6319024988268633,"genes,samples"
GSE98388,0.03426300310616638,-0.6321606610549485,cells
GSE83144,0.03426009645748708,-0.6322830550407565,"apoptosis,identified,inhibition,target,treated"
GSE77476,0.034259782263891515,-0.6322962858155523,"cells,genes,treated"
GSE93431,0.034259142483993185,-0.6323232274901336,cells
GSE94852,0.03425834754732836,-0.6323567036488106,"cell,genes,identified,point,samples,treated"
GSE92522,0.03425624760450588,-0.6324451396116993,cells
GSE53053,0.034254343534840456,-0.6325253313548688,"cells,combination,identified,novel,profiling"
GSE72059,0.03425357765759651,-0.6325575882758957,"cell,cells,genes,high,samples"
GSE85061,0.03425309503115511,-0.632577915719816,"cell,cells,genes,lines,samples,targets"
GSE86187,0.034251615696814834,-0.6326402246703738,"analyzed,genes,identified,point,profiling,samples"
GSE69733,0.034246420874547975,-0.6328590497553602,"cell,cells,targets"
GSE84953,0.034244780634781015,-0.6329281496025224,"cells,purified,treated"
GSE102454,0.03424269945013388,-0.6330158302929724,"cells,characterized,combined,genes,lymphoid"
GSE90153,0.03424182477262522,-0.6330526822071388,cell
GSE108769,0.034236331243619335,-0.6332841571045905,activation
GSE75066,0.034229197035655745,-0.6335848189630664,cells
GSE21580,0.034228729604732874,-0.6336045204149652,"cells,novel"
GSE124829,0.03422072678786893,-0.63394186784952,cell
GSE50896,0.03421474037469402,-0.6341942682196869,"cells,lymphoid"
GSE88840,0.03421069781388809,-0.634364736472091,"activation,aid,cells,genes,high,induction,inhibition,profiling"
GSE73413,0.03420957555558382,-0.6344120638623679,"combination,genes,lines,micrornas,novel"
GSE104453,0.03420891971376029,-0.6344397224579779,"activation,cells,genes,identified,target"
GSE80810,0.03420829685637283,-0.6344659905030441,"cell,genes"
GSE92333,0.034206003995606436,-0.6345626924737483,"cells,genes,identified,inhibition,inhibitor"
GSE75426,0.03420192538179902,-0.6347347250429021,"cells,combination,high,profiling,signature"
GSE84527,0.03419904719240095,-0.6348561370467817,"cell,cells,lines,malignancies"
GSE80958,0.03419837795196089,-0.634884369392138,"cell,cells,samples"
GSE62001,0.034197351357495354,-0.6349276780244018,"cell,cells"
GSE55394,0.03419203065882832,-0.6351521615734608,"cell,cells,genes,identified"
GSE76619,0.034189425406689226,-0.6352620915035736,"activation,cebpa,cells,dexamethasone,genes,glucocorticoid,h3k27,induction,profiling"
GSE104236,0.034188079035892674,-0.6353189055826328,"bone,cells,hours,induction,marrow,treated"
GSE56367,0.03418803973591873,-0.6353205639943278,"cell,genes"
GSE62899,0.034186416756670106,-0.6353890534342153,"cells,genes,identified,shrna"
GSE83298,0.03418494382067951,-0.6354512138894575,"cell,genes"
GSE81311,0.034184260490593955,-0.6354800525145574,"cells,profiling"
GSE43041,0.03418300113394893,-0.6355332027371499,"cells,genes,novel,target,targets"
GSE84994,0.03418281029411995,-0.635541257162867,"high,inhibition,inhibitor,profiling"
GSE108080,0.03418163224951258,-0.6355909777208044,"bone,cells"
GSE54982,0.03417932398400249,-0.6356884053575493,"genes,target"
GSE99588,0.03417772842566118,-0.635755754783124,"analyzed,cells,improve,profiling,survival"
GSE68789,0.034174874066896684,-0.6358762467347593,"cell,cells,signature"
GSE87386,0.03416722663143515,-0.6361991199607557,"activation,analyzed,genes,samples"
GSE53207,0.03416637593186756,-0.6362350407962298,"cells,genes,inhibition,target"
GSE48005,0.03416348064156598,-0.6363573012888459,"genes,h3k27,samples,target"
GSE73977,0.03416235910557783,-0.6364046635873384,"cell,cells,genes,samples"
GSE74682,0.034161611235445984,-0.6364362468962443,"cells,induction,novel,vitro"
GSE83876,0.03416140155217778,-0.6364451021559543,"samples,treated"
GSE80588,0.03415934553049984,-0.6365319341186092,"cells,combination,target"
GSE87644,0.03415807259365051,-0.6365856966796232,"cells,vitro"
GSE57092,0.03415726109834654,-0.6366199712761894,"cells,lines,novel"
GSE98468,0.03415399710054607,-0.6367578388420329,"cells,genes,identified,profiling"
GSE81990,0.03415351839074039,-0.6367780601092747,"activation,chronic,genes,identified,induction"
GSE101865,0.034153439973898275,-0.6367813725562627,"cells,inhibition,resistant,targets"
GSE97618,0.03415216666643387,-0.6368351600696162,"activated,activation,genes,hours,identified,novel,point,samples,signature,treated"
GSE72095,0.0341433025391016,-0.6372096573170806,"combined,genes,novel,signature"
GSE35626,0.03414319600095802,-0.6372141589991024,cells
GSE82002,0.03413965796214046,-0.6373636639118258,"cell,genes,novel,profiling"
GSE98041,0.03413295378271808,-0.6376470011444232,"combined,genes,large,samples"
GSE83940,0.034129926174268355,-0.6377749745232725,"genes,high,identified,samples,target,treated"
GSE54697,0.034129128117614004,-0.6378087093117067,cells
GSE99924,0.034124967881072776,-0.6379845801527623,"cell,high,lines,stable"
GSE45284,0.034123644313700754,-0.6380405374542436,"apoptosis,cell,cells,hours,treated"
GSE72941,0.03411981102527395,-0.6382026120790408,"cells,genes,high,profiling"
GSE105455,0.034116000501825165,-0.6383637422294834,"activation,cells,h3k27,inhibition,purified,target,targets"
GSE74549,0.034113191836202955,-0.6384825197740539,"cell,cells,novel,profiling"
GSE38820,0.03411241689854658,-0.6385152933537885,"analyzed,cell,cells,identified,mutations,profiling,samples"
GSE58797,0.03410586631566795,-0.6387923596479752,"samples,shrna"
GSE74570,0.03410036963648563,-0.6390248906388487,"cell,point,precursor"
GSE78708,0.034098343427497076,-0.6391106166453708,"cell,cells,genes,high"
GSE38236,0.034097266512158185,-0.6391561814675164,"cells,genes,target,targets,treated"
GSE37933,0.03409723547953747,-0.6391574944944233,"activated,activation,cells,genes"
GSE76261,0.034094674316167944,-0.6392658644669004,"genes,mutations,point,samples,target"
GSE95487,0.03409444911853542,-0.6392753935968053,"cells,novel,precursor,profiling"
GSE71159,0.034083844608839065,-0.6397241896237211,"analyzed,cells,genes,notch,samples"
GSE106102,0.03408314717155748,-0.6397537109295974,"activation,induction,target"
GSE50590,0.03408038137580012,-0.6398707881968834,"activated,genes,point"
GSE94778,0.03407288108311553,-0.6401883264838139,"cells,identified"
GSE95315,0.034058982900965415,-0.6407769156569542,cells
GSE96960,0.03405868169616978,-0.6407896743640391,"cells,characterized,genes,novel,therapeutic"
GSE79606,0.0340575615958151,-0.6408371215851145,"activating,cell,cells,samples,targets"
GSE58363,0.03405571034802042,-0.6409155434825591,cells
GSE41937,0.0340553163234591,-0.6409322355604321,"activating,genes,induction,profiling,vitro"
GSE98140,0.03405454752506969,-0.6409648047526526,"activated,activation,cells,genes"
GSE74660,0.034054358093191475,-0.6409728299126167,"analyzed,cell,cells,high"
GSE93753,0.034053906521118636,-0.6409919606537621,"cell,genes,profiling"
GSE56932,0.03405165119781535,-0.6410875106750943,"cells,genes,induction,profiling,targets"
GSE74961,0.034049595315722735,-0.6411746165961286,"cells,genes,point,samples"
GSE98034,0.034048568910300635,-0.6412181064619524,"cell,cells,samples,treated"
GSE103903,0.03404395033373092,-0.6414138165809868,"bone,point"
GSE75616,0.03404323995392577,-0.6414439209638453,"cell,cells,high,samples"
GSE39849,0.0340368985476805,-0.6417126840883078,"activation,cells,high,profiling"
GSE45568,0.034029203624079706,-0.6420388795897973,"analyzed,characterized,genes,identified,mutations,novel,targets"
GSE87647,0.03402760692422934,-0.6421065745328244,"analyzed,antibodies,cell,cells,high,lgn,samples"
GSE90731,0.03402659255594418,-0.642149582138701,"cells,characterized,hours,induction,samples,target,targets,treated"
GSE75154,0.03402143828170355,-0.6423681349993503,"activated,activation,bone,genes,hours"
GSE67133,0.034021374667295226,-0.6423708326006822,"inhibition,treated"
GSE31530,0.03402000691062772,-0.6424288342377994,"hours,treated"
GSE63647,0.03401925941529822,-0.6424605338096269,treated
GSE102345,0.03401394138184746,-0.6426860795847023,"cell,cells,inhibition,lines,signature,survival"
GSE97060,0.03401249963988099,-0.6427472320999401,"bcl9,large,novel,survival,target,targets"
GSE64706,0.03401194560943033,-0.6427707323866609,"characterized,mutations"
GSE89712,0.03401174827093856,-0.6427791029777655,"genes,identified,profiling"
GSE44698,0.034011524016466725,-0.6427886153344499,cells
GSE85391,0.034010369428482394,-0.6428375912824883,"cells,genes,notch"
GSE87837,0.034009041093342324,-0.6428939393897349,"cell,genes,signature"
GSE64092,0.034008487093312625,-0.6429174407758284,"analyzed,cells,profiling"
GSE79252,0.03400766689640806,-0.642952235275,"apoptosis,cell,cells,center,genes,high,identified,point,profiling,purified,samples,stable"
GSE46953,0.03400652973137078,-0.6430004776256106,"cells,genes,purified"
GSE93381,0.03400544189785353,-0.643046628677644,"activation,genes,profiling,samples,target,treated"
GSE104734,0.034005126993799664,-0.6430599886751937,"activation,genes,profiling,treated"
GSE78105,0.03400365436341709,-0.6431224675641822,"combined,genes,identified,novel,target"
GSE32110,0.03400111823814065,-0.6432300734048055,"activation,cells,genes,induction"
GSE109032,0.03399896969996103,-0.6433212405039054,"cells,genes,high,identified,point"
GSE57514,0.033994830720051064,-0.6434968825701215,"cells,germinal,micrornas"
GSE67291,0.03399464853403423,-0.6435046143211479,"cells,profiling,purified"
GSE53110,0.033992924866386526,-0.6435777667119054,cells
GSE39656,0.0339901306046923,-0.6436963629551469,"analyzed,cells,novel,profiling,targets,therapeutic,vitro"
GSE87366,0.03398947203206254,-0.6437243160301926,"cells,combination,genes,mutations,samples"
GSE42120,0.03398912374119629,-0.6437390994336986,"activation,analyzed,cells,induction,inhibition,samples"
GSE72312,0.03398657858301321,-0.6438471347158705,"analyzed,genes,identified,micrornas,profiling,target"
GSE74804,0.03398519162550196,-0.6439060108262776,"profiling,resistance,resistant"
GSE84832,0.03398453425869026,-0.6439339167749032,"activation,cell,lines,targets"
GSE61613,0.03398439862967459,-0.6439396744438852,"genes,identified,novel,samples,vitro"
GSE84357,0.033982739766512435,-0.6440100977017861,"cells,genes,profiling"
GSE95859,0.033980692183344895,-0.6440970279228698,"acute,profiling,cx3cr1creertomato"
GSE64054,0.03398042950583906,-0.6441081802854444,"cell,cells"
GSE54424,0.03397918729191074,-0.6441609214855499,"cell,cells,genes"
GSE90827,0.03397586221030182,-0.6443021053647967,"cells,genes,lines,profiling,samples"
GSE85721,0.03397382255750338,-0.6443887164208564,"activated,cell,high,purified"
GSE84137,0.03397316541806264,-0.6444166220526027,"cells,genes,identified,profiling,samples"
GSE61444,0.03397236779396909,-0.6444504941342515,"genes,high,novel,samples"
GSE62479,0.033971243971037436,-0.6444982199977539,"activation,agents,cells,treated"
GSE60418,0.0339690191444928,-0.6445927073040062,"cells,characterized,profiling,target"
GSE67476,0.03396852135085467,-0.64461384920605,"cells,genes,induction,target,treated"
GSE71257,0.033966218090644935,-0.6447116755055563,"analyzed,genes,identified,samples,target"
GSE61996,0.033964310707283854,-0.6447926927614358,"cell,cells,lines"
GSE74423,0.03396223893155605,-0.6448806978370697,"purified,target,targets"
GSE89184,0.03396049247424941,-0.6449548881778826,"bone,cells,marrow,profiling"
GSE102903,0.03396027868806603,-0.6449639701791997,"activation,cells,purified,signature,treated"
GSE68998,0.03395884132062002,-0.6450250334817378,"genes,target"
GSE83350,0.033957978520123236,-0.6450616888493175,"cell,genes,mutations"
GSE89734,0.033951161538098816,-0.6453513354619843,"analyzed,cells,characterized,genes,identified,mutations"
GSE52320,0.033947895207574505,-0.6454901391237381,"activation,analyzed,cells,genes,high,hours"
GSE87113,0.03394671073613797,-0.645540476880147,"cell,glucocorticoid,hours,profiling"
GSE87293,0.03394643237512917,-0.6455523069421701,"analyzed,cells"
GSE42805,0.03394355374247854,-0.6456746516144728,"acute,chronic,novel"
GSE78795,0.033938776571823405,-0.6458777088870534,"cell,cells,genes,inhibition,lines"
GSE74890,0.03393594465339482,-0.6459980952282933,"activation,cells,hours,inhibitor,mutations,novel"
GSE97925,0.03393582337169186,-0.6460032512015795,"cell,cells"
GSE96096,0.03393510408415689,-0.6460338302020032,"activated,cell,cells,genes,identified,inhibition,mutations"
GSE81222,0.033934922683974134,-0.6460415421525223,"activation,cells,genes,profiling,stable"
GSE106789,0.0339348285553429,-0.6460455439031406,"cell,cells"
GSE62669,0.03393339155372517,-0.6461066374489746,"analyzed,genes,large,samples"
GSE92967,0.0339329541885204,-0.6461252323682998,"activated,acute,cell,cells,genes,samples,therapeutic"
GSE100835,0.03393283902332821,-0.6461301287452165,"activated,cell,cells"
GSE58833,0.03392963481821505,-0.6462663657719118,"cell,genes,point"
GSE107592,0.033920582139164566,-0.6466513389034965,"profiling,samples"
GSE49949,0.033920439656383354,-0.6466573989302009,"cell,genes,identified,mutations,profiling,tip,target"
GSE67957,0.033919875522646976,-0.6466813927144791,"cells,high,profiling,purified"
GSE69800,0.0339180500302521,-0.6467590374479949,"activation,cells,identified,profiling"
GSE70596,0.03391743745394487,-0.6467850934500493,"analyzed,cells"
GSE46104,0.03391702441801745,-0.6468026622452534,"cell,cells,identified,profiling,samples"
GSE92364,0.03391538509488969,-0.6468723942027136,"activating,samples,treated"
GSE96991,0.03390852037226958,-0.6471644358139041,"hours,inhibition,novel,target,targets,therapeutic"
GSE70819,0.0339080311597482,-0.6471852503337407,"apoptosis,cell,center,survival,vitro"
GSE97718,0.03390612801057177,-0.647266226457701,"acute,genes,high,samples"
GSE80162,0.03390439324635834,-0.6473400420155817,"activation,combined,high,resistance,target,therapeutic"
GSE60599,0.033900352394347945,-0.6475119980374847,"cells,high,profiling"
GSE94560,0.0338944122909729,-0.6477648127715798,"activation,cell,genes,hours,novel,profiling"
GSE99372,0.03389310039693963,-0.6478206538237488,"cells,genes,identified,novel,survival,treated,vitro"
GSE80378,0.03388882373990783,-0.648002705660669,"genes,inhibition,targets,vitro"
GSE101939,0.033886868209396945,-0.648085957755631,"cell,genes"
GSE57680,0.03388451157699974,-0.6481862922001925,"analyzed,cells,genes,high"
GSE83405,0.03388430280140596,-0.6481951812302448,cells
GSE60377,0.03388249251189768,-0.6482722601502298,"cells,genes,point"
GSE49906,0.03388150620726727,-0.6483142569870778,"cell,genes,novel,samples,targets"
GSE27843,0.033880806493092996,-0.6483440515477732,"antibodies,cell,cells,genes,high,samples"
GSE45760,0.03387978889075396,-0.6483873832168626,"genes,purified"
GSE96690,0.0338758204932939,-0.648556378445287,"cell,cells,genes,samples"
GSE71924,0.0338735345673957,-0.648653734175256,"acute,analyzed,cells,cohort,hours,identified,treated"
GSE84450,0.03387323761840071,-0.6486663814742678,"hours,lines"
GSE41903,0.033872467635019984,-0.6486991762086599,"cells,genes"
GSE79661,0.033870790514864565,-0.6487706098242777,"inhibitor,target"
GSE83217,0.033870745229968115,-0.6487725386939089,"analyzed,targets,treated"
GSE87694,0.03386784595492348,-0.6488960360875942,rtp2
GSE89460,0.03386777437278401,-0.6488990853310241,"cells,genes"
GSE74254,0.033865312135951224,-0.6490039751877492,"cells,characterized,genes,target,vitro"
GSE76929,0.033863045823078614,-0.6491005255380653,"cell,cells,genes,lines,samples"
GSE90091,0.03386171811406497,-0.6491570921201724,cells
GSE90983,0.033861680615553974,-0.6491586897634353,cell
GSE65651,0.03385667201827905,-0.6493720995166993,"analyzed,arrays,fret,cell,lines,profiling"
GSE54932,0.03385568735944756,-0.6494140582499739,"genes,identified"
GSE54412,0.03385439332229472,-0.649469202209767,"cell,cells,genes"
GSE79702,0.033853223837905115,-0.6495190403048062,"acute,cells,chronic,genes,identified,induction,resistance,target"
GSE66686,0.03385247684044604,-0.6495508748333321,"activation,genes,identified,inhibition,novel,samples"
GSE79824,0.03385048122738928,-0.6496359246197377,"genes,lines,mutations"
GSE75330,0.03384803240892608,-0.6497402961358811,cells
GSE67834,0.03384670443280027,-0.6497968991942797,"cells,genes,profiling,signature,stable"
GSE51572,0.033846570084755896,-0.6498026257087307,"cell,combination,large,novel,tip"
GSE89627,0.03384468785837051,-0.6498828570046243,"genes,outcome,survival"
GSE98132,0.03384367135272345,-0.6499261881674194,"resistant,treated"
GSE66953,0.033843459024777096,-0.6499352393555419,"cells,genes,targets,treated"
GSE79632,0.03384191420814056,-0.6500010940356461,"cells,samples"
GSE48480,0.03384085915178244,-0.6500460722332077,"cells,genes,identified"
GSE94939,0.033835426581424584,-0.6502776908052519,"bone,profiling"
GSE79260,0.033834404715487924,-0.6503212623907317,"activation,cells,genes,targets"
GSE94011,0.03383194661001634,-0.650426079526751,"activated,cell,genes,inhibitor,profiling,samples,subtypes"
GSE50763,0.03383187964080356,-0.6504289352964145,"high,inhibition"
GSE62710,0.03383141540133887,-0.6504487320258848,"activation,cell,cells,samples"
GSE76217,0.0338264374529269,-0.6506610255349967,"activated,cells,point"
GSE73357,0.03382626588477797,-0.650668342922342,"cell,cells,combined,purified"
GSE37641,0.03382173885356194,-0.6508614343673987,"cell,cells,genes,purified"
GSE69669,0.03381816540915672,-0.6510138707312079,cells
GSE93132,0.0338170018276049,-0.6510635103906697,"genes,high,treated"
GSE62795,0.03381593392407154,-0.6511090698245381,"activated,acute,analyzed,cells,characterized"
GSE94965,0.03381572543294107,-0.6511179647451378,"high,profiling,treated"
GSE79929,0.03381569648801635,-0.6511191996356124,"activated,activation,analyzed,outcome,survival"
GSE43410,0.03381519703401983,-0.6511405082348758,"analyzed,chronic,genes,relapse,therapeutic"
GSE35838,0.033814270135214666,-0.6511800540827339,"cell,high,identified,resistant"
GSE70725,0.03381101089048789,-0.6513191173483258,"cell,cells,lines"
GSE102688,0.033810748561894775,-0.6513303107914848,"cell,genes,lines"
GSE47954,0.03381049042761915,-0.6513413253497775,"cases,genes,improve,resistance,targets"
GSE75993,0.03380659708934951,-0.6515074638223612,"cell,targets"
GSE77645,0.03379993708666354,-0.65179170714279,"activated,cells"
GSE60896,0.03379802038605381,-0.6518735206936322,"cells,purified"
GSE107586,0.03379358457308939,-0.6520628792797803,"activated,cell,novel,profiling,subtypes"
GSE101537,0.033788693948890135,-0.6522716819258508,"genes,samples,target"
GSE65504,0.033788154411177544,-0.6522947190576863,"cells,samples"
GSE92891,0.03378800744453994,-0.6523009942894669,"inhibitor,target,treated"
GSE84874,0.03378760267502461,-0.6523182774178454,"cells,samples"
GSE83636,0.03378709886464527,-0.6523397897506942,"chronic,genes,glucocorticoid,micrornas"
GSE90625,0.03378676705523224,-0.6523539579439205,"aggressive,cell,cells,genes,high,hours,identified,induction,novel,signature"
GSE45048,0.03378519430166234,-0.652421116088532,"cells,genes,precursor"
GSE49844,0.033781609354464344,-0.6525742085916367,"cells,samples"
GSE80671,0.03377982121470367,-0.652650575842715,"cells,genes,vitro"
GSE59442,0.03377808573277879,-0.6527246980670485,"analyzed,cells,genes,target"
GSE79602,0.03377662817731454,-0.6527869530280631,"activated,cell"
GSE103524,0.033776171200923646,-0.6528064719104493,"aggressive,cells,genes,identified,mutations,novel,resistance"
GSE39605,0.03377496863479799,-0.652857838510339,"genes,target,vitro"
GSE93379,0.033773578751303136,-0.652917208492472,"activation,genes,samples,target,treated"
GSE83465,0.033768316709791725,-0.653142002930265,"analyzed,apoptosis,cells,characterized,genes,high,profiling"
GSE84759,0.033767542607286066,-0.6531750755484976,cells
GSE75691,0.03376569806878995,-0.6532538843399934,"locl,genes,identified,samples,targets"
GSE37150,0.03376565344538844,-0.6532557909495494,"cell,precursor"
GSE103525,0.03376513224585978,-0.6532780602588024,"aggressive,cells,genes,identified,mutations,novel,resistance"
GSE92641,0.03376470209454144,-0.6532964396071267,"analyzed,genes,uhrf1"
GSE57919,0.033763231055756925,-0.6533592953843054,"cells,genes,target"
GSE93820,0.03375686342213085,-0.653631408554549,"cells,characterized,genes,high,hours,identified,purified"
GSE45319,0.033754789361525865,-0.6537200521242701,"activation,cells,target"
GSE68147,0.033754446675143164,-0.6537346987703864,"genes,samples"
GSE69132,0.03375434434485837,-0.6537390724643061,"bone,cells"
GSE95682,0.03375401907250089,-0.653752975002994,"genes,glucocorticoid,identified,treated"
GSE76215,0.033750885970288615,-0.6538868944870561,"identified,target,therapeutic,vitro"
GSE52006,0.03374938845539894,-0.6539509077765937,"characterized,genes,mutations,profiling,samples,therapeutic"
GSE100934,0.03374863283661328,-0.653983208796803,"cells,genes,n4"
GSE92589,0.03374739992945463,-0.6540359143847011,"cells,mutations,signature"
GSE94297,0.03374345478984921,-0.654204578224402,"cells,genes,samples"
GSE55009,0.03374257597598226,-0.6542421522347092,"genes,identified,samples"
GSE98167,0.03374148904136022,-0.6542886258781899,"cell,cells,genes,induction"
GSE60569,0.03374085521390011,-0.6543157268849374,"activated,characterized"
GSE98197,0.03373774683075105,-0.6544486415814967,"activation,novel"
GSE62826,0.03373425052979468,-0.6545981583070435,"activating,analyzed,cell,subtypes"
GSE68139,0.03373156914201374,-0.6547128363729182,"activation,cells"
GSE101748,0.033730789241720335,-0.65474619299764,"analyzed,characterized,genes,identified,samples"
GSE75706,0.03372998147805273,-0.6547807421622905,"cells,signature"
GSE70578,0.03372772349269488,-0.6548773236952911,"cell,cells"
GSE77454,0.03372769862063568,-0.6548783875918714,"cells,genes,inhibition,target"
GSE94641,0.033722324594803156,-0.6551082787042835,cell
GSE75925,0.033721469606237224,-0.655144856947805,"cells,chronic"
GSE65636,0.0337176375116161,-0.6553088135643244,"cells,samples"
GSE90860,0.03371274346250151,-0.6555182331255925,"cell,subtypes"
GSE80708,0.03371121079648267,-0.6555838231577823,"cell,cells,h3k4mll,novel"
GSE80304,0.03370899786598758,-0.6556785301874871,"cells,signature"
GSE80128,0.03370397468827847,-0.6558935307521934,"cell,cells,construct"
GSE97261,0.03370341057746151,-0.6559176776576088,"cells,genes,identified,induction,inhibition,novel,samples,targets"
GSE81940,0.03370335722207009,-0.6559199615694806,"cells,lines,novel,samples,vitro"
GSE77646,0.03370266797529061,-0.6559494655465457,"cells,profiling"
GSE100874,0.03370095247204828,-0.6560229021959258,"activated,analyzed,cell,cells,profiling,purified"
GSE72164,0.03369958989835848,-0.6560812334269888,"cells,genes,target,vitro"
GSE94385,0.03369691218091959,-0.6561958723044631,"cell,cells,inhibition,novel,profiling"
GSE46433,0.03369338364573318,-0.6563469504428578,"cells,characterized,genes,high,inhibition"
GSE90466,0.033690483156491716,-0.6564711499477535,"cell,cells,mutations,profiling"
GSE58432,0.03368840072780866,-0.6565603265372667,"combination,combined,genes,inhibition"
GSE79095,0.03368561665002766,-0.6566795587091547,"lines,samples"
GSE52069,0.03368205510632427,-0.6568321013548959,"cells,novel"
GSE93318,0.033676276059843746,-0.657079655044978,"cells,induction"
GSE71133,0.03367327363205264,-0.6572082850865311,"cells,chronic,genes,novel"
GSE84271,0.033671425900296814,-0.6572874513300574,"cell,genes,identified,novel,profiling,purified,samples"
GSE69672,0.033671332514340443,-0.6572914525756053,"cell,genes,novel,subtypes"
GSE100771,0.033670131375587345,-0.6573429179528812,"activated,cell,cells,induction"
GSE100067,0.03366734998520838,-0.6574620996635034,"activation,cells,high,signature"
GSE102789,0.033664837540468034,-0.6575697656016612,"genes,identified,resistance,resistant"
GSE25626,0.033663868309766365,-0.6576113022481546,"cells,genes,high,novel,profiling,target"
GSE75995,0.03366351615635888,-0.6576263941748243,"activation,identified,target"
GSE74938,0.03366159405992137,-0.6577087705419882,"activation,uhrf1,profiling"
GSE86868,0.033661440428863175,-0.6577153549975899,"activating,genes,h3k27,novel"
GSE101986,0.033660967779349946,-0.6577356124163891,"genes,novel,point,profiling"
GSE70148,0.03365925794405634,-0.6578088971052876,"cells,novel,samples"
GSE72901,0.03365807722294644,-0.6578595057779533,"genes,profiling"
GSE102491,0.033656492635489754,-0.6579274279668893,cells
GSE108044,0.03365159465779561,-0.6581373964395161,"apoptosis,cells,samples,vitro"
GSE86790,0.03364343760786981,-0.6584871439658242,"cell,cells,high,profiling,purified,vitro"
GSE44775,0.03364236920759748,-0.6585329597432564,"cells,identified,targets,treated"
GSE69556,0.033638763557048014,-0.6586875901413525,analyzed
GSE84534,0.0336379480273812,-0.6587225668986392,"lymph,samples"
GSE72762,0.033637620811915105,-0.6587366008826956,"cells,genes,nkx22floxsdvillincre"
GSE53001,0.03363577761461588,-0.6588156565470694,"cell,cells,genes,high,hours,novel,resistant,therapeutic,vitro"
GSE73279,0.033634353412493705,-0.6588767442633504,"genes,high,identified,novel"
GSE59373,0.033631852461851616,-0.6589840227709935,"cells,characterized,genes,target"
GSE57054,0.03363008305505526,-0.6590599264568272,"genes,hours,identified"
GSE64856,0.033621604572576826,-0.6594236902558394,"cells,ssea1"
GSE89764,0.03361689452638692,-0.6596258113734341,analyzed
GSE104424,0.03361340348152833,-0.6597756400446964,"novel,treated"
GSE74215,0.033612838915620634,-0.6597998715473434,"activation,cell,genes,large,samples,signature"
GSE96957,0.03361117740760006,-0.6598711868157038,"cells,signature,target,therapeutic"
GSE63078,0.03360631666642745,-0.6600798398544281,"inhibitor,treated"
GSE84063,0.033604035679029025,-0.6601777643286932,"genes,point,survival"
GSE67790,0.03360162555298061,-0.6602812400429623,"cell,genes,identified,lines,resistance,target"
GSE85929,0.033600739739290265,-0.6603192731988707,"antibodies,genes,identified,targets"
GSE61095,0.03360036917143639,-0.6603351841388467,"activation,analyzed,call,cell,genes,identified,induction"
GSE79996,0.03359952877991531,-0.6603712683805465,"cells,survival"
GSE66231,0.033596031775130576,-0.6605214304276751,"genes,high,inhibition,inhibitor,samples"
GSE58619,0.033594920393370614,-0.6605691566438405,cells
GSE70123,0.03359481168677154,-0.6605738249306917,"cell,resistance"
GSE102685,0.03359455206770483,-0.6605849740507053,"activated,cells,genes,identified,novel"
GSE95688,0.03359354124175738,-0.6606283839321249,"activation,cells,genes,precursor,samples"
GSE104689,0.03359334606051722,-0.6606367661334313,"analyzed,cell,cells,genes,high,lymphoid"
GSE58455,0.03359238681515585,-0.6606779623358603,"cells,genes,identified,samples,signature,vitro"
GSE57745,0.03359235815219141,-0.660679193327112,"analyzed,cells,samples"
GSE45118,0.03358788444896291,-0.6608713387919634,"cell,cells,profiling"
GSE89660,0.03358474527394974,-0.6610061815767689,"aggressive,combination,high,inhibition,myc"
GSE85423,0.033582936862018055,-0.6610838673578882,"genes,high"
GSE85412,0.03357856891933435,-0.6612715227472142,"cell,cells,genes,identified,samples"
GSE50198,0.03357218274648441,-0.6615459292043301,"cells,malignancies,mutations"
GSE77441,0.033571671635306596,-0.661567893316113,"cells,genes,lines,target,targets"
GSE101838,0.03357109592704832,-0.6615926337752684,"cells,genes,vitro"
GSE94444,0.033570121629882856,-0.6616345041416458,"cells,mutations,shrna"
GSE76288,0.03356987514405627,-0.6616450970489068,"cells,construct,samples,target"
GSE80976,0.03356853239464677,-0.6617028040451112,"analyzed,cells,characterized,genes"
GSE63497,0.03356394472458715,-0.6618999845794385,"cells,treated"
GSE67305,0.03356107951799917,-0.6620231463774343,"cells,high,hours,identified,novel,point,profiling"
GSE90712,0.03356088010182891,-0.6620317187350219,"cells,genes,inhibitor"
GSE65457,0.03355740859251344,-0.6621809576198541,"combination,genes,targets"
GSE121611,0.03355666638599347,-0.6622128668033169,"cell,cells,combined,genes,identified,novel"
GSE102727,0.03355486140333317,-0.662290470148653,"cell,cells,improve,purified,vitro"
GSE45930,0.0335535801250468,-0.6623455599045128,cells
GSE104686,0.03355278794327284,-0.6623796215517074,"cell,cells,novel"
GSE77851,0.03354612727196961,-0.6626660439911436,"cell,cells,vitro"
GSE106275,0.03354563978083957,-0.6626870093365709,"activated,cells"
GSE57567,0.03354546240673786,-0.6626946376726268,"genes,identified,novel"
GSE77681,0.033542142764276486,-0.6628374131289348,"cells,lines,n4"
GSE65950,0.03354029908433736,-0.6629167145924038,"analyzed,high,novel,samples"
GSE67324,0.033538143639821265,-0.663009431387519,"activation,cell,cells,high,signature"
GSE60545,0.033537435856205465,-0.6630398781140397,"activating,genes,high,identified,samples"
GSE67516,0.03353315783236161,-0.6632239195382551,"cell,lines"
GSE103822,0.03352931919981563,-0.6633890782496242,"cells,ff,samples"
GSE50050,0.03352893410677059,-0.6634056480765723,"identified,novel"
GSE71744,0.03352740618317565,-0.6634713936208156,"cells,genes,purified,samples"
GSE77472,0.033525058787607226,-0.6635724063411811,"analyzed,cells,doxycycline,genes,samples"
GSE84943,0.0335240825704664,-0.6636144168307853,"analyzed,combined,identified"
GSE93581,0.03352175751175484,-0.6637144782416105,"cells,treated"
GSE91067,0.03351979558377069,-0.6637989173288162,"activated,high,novel,resistance,treated"
GSE33473,0.033519524735106325,-0.6638105747269833,"apoptosis,samples"
GSE97870,0.03351896248177271,-0.6638347745599399,"cells,genes,treated"
GSE42671,0.03351395802044126,-0.6640501884641685,"genes,novel,samples"
GSE101772,0.033512394487027815,-0.6641174963756948,activation
GSE44346,0.03350879021739678,-0.6642726670713688,"cell,genes,samples"
GSE101657,0.033507754302469286,-0.6643172682766234,"genes,survival,target"
GSE81836,0.03350668321966629,-0.6643633850808685,"analyzed,characterized,signature,treated"
GSE104305,0.03350558045767226,-0.6644108674123971,"analyzed,cells,genes,purified,treated"
GSE102808,0.03350186839270804,-0.6645707116629304,"cells,identified,novel"
GSE60659,0.03350140441177474,-0.6645906922687583,"analyzed,cells,genes"
GSE96638,0.03349869666206648,-0.6647073027518947,cell
GSE27016,0.03349763840944781,-0.6647528794480962,"cases,identified,novel"
GSE66380,0.03349456999735976,-0.6648850375904001,"activating,cells,profiling"
GSE71234,0.03349341689456808,-0.6649347054713605,"cells,characterized,childhood,point,therapeutic,treated"
GSE71233,0.03349271122432207,-0.6649651018233528,"cells,characterized,childhood,point,therapeutic,treated"
GSE47459,0.0334922269015173,-0.6649859641284678,"cell,cells,genes,identified"
GSE78241,0.033491353185871715,-0.6650236003738718,"cells,profiling"
GSE53489,0.0334890813923132,-0.6651214649315651,"analyzed,cells,genes,induction,treated"
GSE75997,0.033483221235321325,-0.6653739400330884,"cells,vitro"
GSE108106,0.03348291120021323,-0.6653872986099297,"hours,inhibition,inhibitor"
GSE94813,0.03347973329439781,-0.6655242331350927,"cell,combined,high,profiling"
GSE84164,0.03347962567687027,-0.6655288705532427,"cells,identified"
GSE53794,0.03347064934908473,-0.6659157279232581,"analyzed,genes,inhibitor"
GSE72574,0.03346988466267226,-0.6659486887985019,"cells,identified,novel"
GSE58261,0.03346481673302057,-0.6661671547612265,"cell,genes,purified,samples,signature"
GSE48763,0.03346455816827086,-0.6661783017376535,"activation,cells,genes"
GSE103583,0.0334611308820252,-0.6663260634998351,cells
GSE62268,0.03346025297836692,-0.6663639152949175,"cells,genes"
GSE87354,0.03344913935092212,-0.6668431776163994,"center,genes,treated"
GSE53244,0.03344818622961812,-0.6668842872830958,"analyzed,samples"
GSE50566,0.03344477901833016,-0.6670312554079032,"analyzed,characterized,genes,signature"
GSE63467,0.03344394107111761,-0.6670674020791663,"activated,bone,high,marrow,stable,target"
GSE70813,0.03344337980241675,-0.6670916141289471,"cells,characterized,identified"
GSE77420,0.033442439026264106,-0.6671321983099847,"cells,uhrf1"
GSE74052,0.03343934590247245,-0.6672656407521389,"activation,cells,characterized,genes,target,therapeutic"
GSE79758,0.033439322299955644,-0.6672666590509438,"genes,identified,targets"
GSE102020,0.03343855235929116,-0.6672998774982744,genes
GSE75210,0.03343777755446606,-0.6673333065779001,profiling
GSE61098,0.03343638086761936,-0.6673935688147714,"cell,cells,genes,identified,lines"
GSE39851,0.03343551565826343,-0.6674309008873476,"activation,genes"
GSE36025,0.03343405868575673,-0.667493768552682,"cell,samples"
GSE89603,0.03343399889661416,-0.6674963484840456,"genes,profiling,samples"
GSE96998,0.03343028184520011,-0.667656750169005,"cell,identified,novel"
GSE117978,0.033427497029268456,-0.6677769348417342,cells
GSE107678,0.03342558629702644,-0.6678594023598686,"cell,micrornas,novel,therapeutic"
GSE70413,0.03342429053395719,-0.6679153303897474,"activated,activating,genes,identified,novel"
GSE94857,0.03342141477280395,-0.6680394624140289,"analyzed,cell,cells,genes,n4"
GSE90800,0.03341954280295137,-0.668120271598148,"analyzed,cell,improve,samples,survival,therapeutic"
GSE44566,0.03341949790474237,-0.6681222098193668,"analyzed,cell,cells,genes"
GSE77003,0.03341864874551467,-0.6681588678617627,"cell,cells,lines"
GSE86248,0.033418328392263524,-0.6681726976926905,"cells,profiling,treated"
GSE102204,0.033416053522908044,-0.6682709089021024,"cases,mutations,profiling,samples,survival,vitro"
GSE48387,0.033414145941925,-0.6683532686031691,"cells,hours"
GSE44654,0.03341264870328369,-0.6684179150903955,"cells,genes,precursor"
GSE22001,0.03340882612928958,-0.6685829760551396,"genes,micrornas,profiling,target,targets"
GSE68831,0.03340770546011341,-0.6686313707809548,"analyzed,cells,genes,novel"
GSE85793,0.033406614622302065,-0.6686784788350079,"combination,samples,treated"
GSE82068,0.033405547318696396,-0.6687245720484115,"cell,chronic,genes,mutations,profiling,targets"
GSE68315,0.03340450961731869,-0.668769388254244,"analyzed,genes,novel,samples"
GSE41785,0.03340182254155426,-0.6688854440458629,"cells,combined,genes,novel,profiling,samples,targets"
GSE82185,0.0334010475658861,-0.6689189172649481,characterized
GSE42237,0.033400249334539445,-0.6689533957693722,"activated,cells,characterized,identified,target"
GSE35616,0.03339944256005681,-0.6689882441200834,"genes,samples"
GSE83855,0.0333944178149382,-0.6692053052343031,"cells,genes,large,point,samples"
GSE64027,0.033394055314355915,-0.669220965954421,"agents,analyzed,chronic,genes,profiling,signature,treated"
GSE40064,0.03339371486369601,-0.6692356742304245,"cell,cells,high"
GSE63404,0.033389858573679085,-0.6694022855752051,cells
GSE64757,0.033387833364078606,-0.6694897926382222,cells
GSE104294,0.03338653596159538,-0.6695458547515069,"bone,marrow"
GSE92894,0.03338641926791409,-0.6695508973138654,"cells,doxycycline,genes,samples"
GSE98839,0.033385425731694,-0.6695938306723126,"characterized,mutations,point,targets"
GSE66619,0.033385107098065116,-0.6696075999545623,"genes,purified"
GSE55682,0.033384963777830436,-0.6696137933699391,"genes,targets"
GSE74643,0.033381173259611076,-0.6697776058079802,"cell,cells,genes,novel,purified,samples"
GSE106895,0.033377399171453076,-0.6699407266800104,"cells,genes,identified,profiling"
GSE75878,0.033377381757821005,-0.6699414793619991,"cell,cells,lines,samples"
GSE101826,0.03337371111090867,-0.6701001471492976,"activated,cells,samples"
GSE68470,0.03337160409043106,-0.6701912333322289,cells
GSE76356,0.033371328334524566,-0.6702031546447733,"activated,activation,cell,cells,characterized,identified,mutations,tcells"
GSE65179,0.03336972817536969,-0.6702723337018196,"cells,characterized,samples"
GSE67403,0.0333688574032519,-0.6703099808471783,"cell,cells,identified,pcs"
GSE85414,0.03336640432720805,-0.670416042936491,"activation,therapeutic"
GSE76316,0.0333659819235117,-0.670434306923506,"analyzed,genes,hours"
GSE95629,0.03336232767177814,-0.6705923199435097,"genes,target"
GSE99684,0.03336220621307618,-0.6705975722204994,"high,samples"
GSE73029,0.033361350556184645,-0.6706345742034259,"genes,mutations,novel,premutagenic"
GSE68472,0.03336002133919489,-0.6706920566773367,"cells,profiling,purified"
GSE93127,0.03335822543469936,-0.6707697248606457,combination
GSE81230,0.0333578816986692,-0.6707845910237776,"cell,cells,purified"
GSE83373,0.0333576330045744,-0.6707953468348918,"analyzed,genes,targets"
GSE65665,0.03335600525185267,-0.6708657477556413,"aggressive,characterized,inhibition,mutations,profiling,signature,targets,treated"
GSE64391,0.033355842384887494,-0.6708727920025424,"genes,samples"
GSE103545,0.033354772312979494,-0.6709190751148234,"high,profiling"
GSE104820,0.03335451870342243,-0.6709300445388638,cells
GSE98666,0.03335449647213174,-0.6709310061172276,"activation,analyzed,genes,identified,profiling,samples,treated"
GSE77453,0.03335167515081394,-0.6710530429895989,"cells,target"
GSE103086,0.0333506453694734,-0.6710975889790556,"analyzed,genes"
GSE103492,0.033348433254573276,-0.6711932846697096,"genes,hours,treated"
GSE67933,0.033346471395616924,-0.6712781596448795,"genes,hours,induction,mutations,profiling,signature"
GSE64063,0.03334561422897838,-0.6713152444068008,"genes,identified,target"
GSE92425,0.033343939467888356,-0.6713877046164085,"cells,genes,samples"
GSE84078,0.033343581519452804,-0.6714031920846851,"characterized,genes,high,samples"
GSE70788,0.03334218427405538,-0.6714636487348287,"genes,purified"
GSE55754,0.03333680942447764,-0.6716962337940208,"analyzed,cells,signature"
GSE49114,0.03333159082064324,-0.6719220935374658,"cell,treated"
GSE65118,0.033329921973665334,-0.6719943282395782,"genes,identified,profiling"
GSE57804,0.03332966617167446,-0.6720054007431432,"genes,hours,nfkb"
GSE74111,0.03332919900201047,-0.6720256226102794,"cells,parp1"
GSE67015,0.033329164618912686,-0.6720271109253827,"cell,cells"
GSE67186,0.03332744054871105,-0.6721017414147198,"cells,mutations,relapse,shrna,target,therapeutic"
GSE71493,0.033326923314542276,-0.6721241318818109,"genes,identified,profiling"
GSE72064,0.03332606849729915,-0.6721611366902697,"genes,identified,inhibition,novel,profiling"
GSE83873,0.03332589130573214,-0.6721688073842976,"activating,cell,genes,samples"
GSE79014,0.03332465579488776,-0.672222294278131,cells
GSE57575,0.03332333965018035,-0.6722792740996557,"identified,lines"
GSE101925,0.0333176248813586,-0.6725267095537231,"analyzed,cells,genes,samples"
GSE37076,0.033317294824537484,-0.6725410014997821,"cells,samples"
GSE67786,0.03331717020257206,-0.6725463978510973,"cells,genes,samples"
GSE58423,0.033316082393866714,-0.6725935027473356,"cell,cells,genes,profiling"
GSE106365,0.0333132405234635,-0.6727165702545691,"genes,identified,novel,samples,vitro"
GSE42100,0.03331067878512359,-0.6728275156099077,"samples,signature"
GSE93043,0.0333096141505865,-0.672873625973566,"activating,cells,profiling"
GSE38144,0.0333095044050013,-0.672878379246049,"activation,genes,high,purified,samples"
GSE78696,0.033308811603434664,-0.6729083860503161,"cell,lines"
GSE83483,0.033305535711385795,-0.6730502808044558,"cells,samples"
GSE75453,0.03330303296568117,-0.6731586962497981,"arrays,samples"
GSE68921,0.033301338462130424,-0.6732321044005709,"analyzed,samples"
GSE56170,0.03329952797844774,-0.67331054109279,"cell,cells"
GSE49571,0.03329751196985948,-0.6733978868846098,"apoptosis,cells,combined,genes,high,treated"
GSE65524,0.033296190294166556,-0.6734551528092624,"analyzed,genes,profiling,targets"
GSE65994,0.033293348640986785,-0.6735782844307879,"cells,genes,novel,vitro"
GSE75944,0.03329180281075099,-0.6736452711858533,"analyzed,cells,treated"
GSE31839,0.03328913483056001,-0.673760892320945,"activating,genes,samples"
GSE52071,0.033286604514854566,-0.6738705561101203,"cells,genes,samples"
GSE67610,0.03328583494774611,-0.6739039107734016,"arrays,cells,hours"
GSE60283,0.0332850471402546,-0.6739380568121977,cells
GSE89585,0.03328370151050391,-0.6739963824802568,"activating,genes,h3k27,novel"
GSE76026,0.03328051725835705,-0.6741344117359046,"cells,combined,genes,samples"
GSE89733,0.033279728975955596,-0.674168583818365,"activation,cell,characterized,genes,signature"
GSE83332,0.03327669360937537,-0.6743001746745287,profiling
GSE77083,0.03327423608059064,-0.6744067235870297,"cells,genes"
GSE53212,0.033273969125664375,-0.6744182981906441,"analyzed,cells,lines"
GSE95105,0.03327347514038787,-0.6744397165972129,"acute,cells,chronic,signature,survival"
GSE74157,0.03327192132014082,-0.674507089815632,"combined,samples"
GSE75028,0.033270245434626214,-0.6745797592774018,"cell,cells,high,hours,induction,purified"
GSE77323,0.033268816488466794,-0.6746417238882221,"activation,cells,ff,high,induction,survival"
GSE84498,0.033268494397648216,-0.6746556913546103,"cells,characterized,genes"
GSE47395,0.0332676727952117,-0.6746913207516979,"cell,genes,profiling,samples"
GSE97027,0.03326742881038315,-0.6747019015036231,"analyzed,genes,samples"
GSE83229,0.033266537628514496,-0.6747405495425522,"activation,induction"
GSE76687,0.03326600421648716,-0.6747636826099283,genes
GSE35350,0.03326460463039919,-0.6748243817661125,"combined,samples,signature"
GSE77793,0.033264169172366354,-0.674843267824237,"activation,treated"
GSE50932,0.03325749490926065,-0.6751327652819276,"cell,cells,shrna"
GSE76868,0.0332560070527976,-0.675197309264062,combined
GSE76075,0.03325509224212049,-0.6752369956574995,"activated,cells,inhibition,notch,notch1,novel,prognosis,targets"
GSE79551,0.033252284887525935,-0.6753587913658492,"genes,high,novel,samples"
GSE60701,0.03325182066590097,-0.6753789323851338,"acute,cells,characterized,chronic,combination,genes,induction,inhibition,precursor"
GSE61529,0.03324548076785399,-0.6756540274432072,hours
GSE45893,0.03324352647006244,-0.6757388371237912,"cells,characterized,novel,samples"
GSE85702,0.03324222455660558,-0.6757953383758375,hours
GSE98724,0.033241921307848685,-0.67580849927223,cells
GSE88967,0.03324096357908257,-0.6758500651743066,"acute,cells"
GSE59017,0.033240435320402814,-0.675872992374703,"analyzed,cell,genes,high,identified,profiling,stable"
GSE103435,0.03323912320585548,-0.6759299416443051,"activated,chronic,point,samples"
GSE37338,0.03323815898196873,-0.6759717929647572,"arrays,cell,cells,combination,novel"
GSE104790,0.033237763934788264,-0.6759889400033593,"cells,identified"
GSE57482,0.03323542583148117,-0.6760904296433026,"identified,vitro"
GSE107840,0.033232291023523555,-0.6762265129063341,"cells,genes"
GSE56175,0.033232117783175134,-0.676234033713215,"analyzed,cell,cells,genes,resistance,shrna,survival"
GSE74381,0.033225980982071426,-0.6765004732505745,"identified,profiling,samples"
GSE53789,0.03322522184869003,-0.6765334357228282,"cell,cells,genes,identified,induction,large,profiling"
GSE75001,0.033223949195824665,-0.676588697510116,genes
GSE106085,0.033221551170452536,-0.6766928315536472,"cell,combined,genes,high,purified,samples"
GSE50708,0.03322045069921011,-0.6767406219380292,"cells,genes,vitro"
GSE57419,0.03322004298339967,-0.6767583282958608,"genes,samples"
GSE75631,0.03321906155951721,-0.6768009506453967,"activation,profiling"
GSE39918,0.03321451330635599,-0.6769984935987573,"activation,samples"
GSE42629,0.033213995041897065,-0.6770210049446648,"cells,genes,high"
GSE38892,0.03321025319478435,-0.6771835463184038,"activated,activation,genes"
GSE93319,0.03320853471845272,-0.6772582010165691,"genes,n4"
GSE107053,0.033207941284850606,-0.677283982080739,"cell,cells,characterized,high,identified,malignant,novel,profiling,signature"
GSE80812,0.033207720183704874,-0.6772935876924105,"analyzed,cells,genes"
GSE46815,0.03320265708585476,-0.6775135685590874,"acute,analyzed,cell,cells,genes,identified,samples"
GSE39652,0.03320114181979244,-0.6775794101786976,"cells,genes,micrornas"
GSE97235,0.03319863782209411,-0.6776882209332806,"analyzed,cell"
GSE58360,0.033198328535641426,-0.6777016614880524,"cebpa,cells,hours"
GSE96968,0.033196179283378154,-0.6777950642614077,"genes,high,identified,profiling,purified,targets"
GSE96526,0.03319560658840445,-0.6778199536114281,"activation,analyzed,cells,identified"
GSE106413,0.03319202486925667,-0.6779756250322613,"cells,profiling,survival"
GSE99347,0.03318767170149007,-0.6781648483605522,"cell,genes"
GSE74518,0.033183695859596074,-0.6783376917899243,induction
GSE75054,0.033181743975074236,-0.6784225544572364,cells
GSE84919,0.03318161010676099,-0.6784283748728657,cells
GSE109345,0.03318073518603919,-0.6784664158366386,"diagnosis,genes,high,identified,novel,resistance,signature"
GSE76303,0.03317968421348784,-0.6785121127415645,cells
GSE39406,0.03317621250317718,-0.6786630750373361,"cells,lines,profiling"
GSE73787,0.03317445112556936,-0.6787396720328007,"agents,characterized,genes,samples,target"
GSE102161,0.03317369682412866,-0.678772475569343,"agents,cell,cells,hours,point"
GSE97445,0.03317351627835672,-0.6787803273683153,
GSE72937,0.03317351627835672,-0.6787803273683153,
GSE72293,0.03317351627835672,-0.6787803273683153,
GSE55633,0.03317351627835672,-0.6787803273683153,
GSE96679,0.03317351627835672,-0.6787803273683153,
GSE100225,0.03317351627835672,-0.6787803273683153,
GSE75735,0.03317351627835672,-0.6787803273683153,
GSE79124,0.03317351627835672,-0.6787803273683153,
GSE67934,0.03317351627835672,-0.6787803273683153,
GSE94761,0.03317351627835672,-0.6787803273683153,
GSE75737,0.03317351627835672,-0.6787803273683153,
GSE86310,0.03317351627835672,-0.6787803273683153,
GSE86609,0.03317351627835672,-0.6787803273683153,
GSE93947,0.03317351627835672,-0.6787803273683153,
GSE96680,0.03317351627835672,-0.6787803273683153,
GSE60763,0.03317207392762116,-0.6788430556445214,"analyzed,cells,identified"
GSE103736,0.03316703387047465,-0.6790622706959863,irf4
GSE58108,0.033163292607235946,-0.6792250168247476,"identified,novel"
GSE63282,0.033161042892178305,-0.6793228889778233,"cells,genes,novel,targets"
GSE75957,0.033158688619774744,-0.6794253169293699,"genes,high,novel"
GSE78809,0.03315574133762125,-0.6795535553641261,"analyzed,cell,cells,genes,novel,survival"
GSE89313,0.03315457200429366,-0.6796044370839676,genes
GSE69473,0.033153644611593536,-0.6796447924099829,translocations
GSE99670,0.03315265399859689,-0.6796879000027084,samples
GSE57959,0.03315244813711461,-0.6796968584487414,genes
GSE58664,0.033151495416428596,-0.6797383185892849,genes
GSE67658,0.03314865935958284,-0.6798617440975169,genes
GSE60749,0.03314844306409352,-0.6798711577345659,"cell,cells,characterized,genes,precursor,profiling"
GSE83134,0.03314800157570238,-0.6798903724335135,"cells,hours,treated"
GSE58645,0.033146497345383046,-0.6799558422887123,genes
GSE84208,0.0331433472391883,-0.6800929565817793,"high,lines,samples"
GSE81212,0.0331429958014331,-0.6801082543786813,"brca,brca1,cell,cells"
GSE83218,0.03314176395181897,-0.6801618770616703,genes
GSE93085,0.03314060427274416,-0.6802123599667097,cells
GSE76838,0.03313996306562823,-0.6802402736181311,"cells,genes"
GSE25409,0.03313977242714644,-0.6802485727819779,"cells,genes,induction,signature,treated,vitro"
GSE59269,0.0331397298579547,-0.6802504259751886,cells
GSE94791,0.03313568026677966,-0.6804267304326677,"cells,high,novel"
GSE98901,0.03313285824248752,-0.6805496038367171,"samples,e95e125,treated"
GSE62355,0.03313073898392492,-0.6806418850875889,"cells,samples"
GSE84138,0.033127463494611514,-0.68078452500283,"analyzed,genes,samples"
GSE69887,0.03312684212470484,-0.6808115858036207,"cells,center"
GSE70357,0.03312507284105071,-0.6808886412896598,genes
GSE47089,0.03312383856080393,-0.6809423988519692,genes
GSE92301,0.03312373432680764,-0.6809469387275595,"cells,profiling"
GSE72207,0.033123479069025526,-0.6809580564521408,"genes,identified"
GSE92317,0.0331219167301845,-0.6810261058153112,"analyzed,genes,identified,target"
GSE78730,0.033119211145497374,-0.6811439580843824,"apoptosis,cell,combination,n4"
GSE65617,0.0331190375455851,-0.6811515202327628,"analyzed,cells"
GSE96518,0.033117911897257234,-0.6812005553188958,
GSE60837,0.03311736409034418,-0.681224419288814,"activating,activation,bcl99l,cell,cells,genes,high,mutations,outcome,signature,therapeutic"
GSE95145,0.03311452100343118,-0.6813482782847314,"agents,cell,cells,genes,identified,samples,targets"
GSE30943,0.033112114862812375,-0.6814531100369278,"genes,profiling,samples"
GSE72086,0.03311042740672573,-0.6815266343821135,"activated,activation,characterized,genes,glucocorticoid"
GSE74065,0.03311036821343337,-0.6815292135679579,"activation,cells,identified,signature,therapeutic"
GSE76205,0.033109819128809365,-0.681553138648689,"analyzed,chronic,genes,novel,profiling,samples"
GSE76552,0.033106531227614526,-0.681696409569756,"lrr,genes"
GSE37379,0.03309968095329267,-0.6819949572891493,"activation,genes"
GSE109544,0.03309727938729982,-0.6820996366379276,"combination,samples"
GSE96059,0.033094421454072376,-0.6822242179991728,precursor
GSE97996,0.033088926136615765,-0.6824637969128904,"combination,samples"
GSE66343,0.033087139248175565,-0.6825417083171703,"cells,target"
GSE65582,0.03308645409726504,-0.6825715831893343,"cells,genes"
GSE64459,0.03308216642987191,-0.6827585538846404,"genes,samples,treated"
GSE59956,0.03307463506502954,-0.6830870299448679,"high,identified"
GSE106901,0.03307449908531231,-0.6830929613078776,"cells,characterized,genes,high,inhibition,resistance,survival,therapeutic"
GSE75966,0.033073203305235624,-0.6831494837696834,"cell,high,profiling,samples"
GSE52332,0.03307266930022912,-0.6831727779328525,"analyzed,cell,genes,lines,purified"
GSE61329,0.033070641414654774,-0.683261241011912,"genes,inhibition"
GSE67972,0.03306864547635889,-0.6833483157421556,samples
GSE89520,0.033067206160360046,-0.6834111105501981,cells
GSE85553,0.03306060104272195,-0.6836993151919578,"cells,hours,samples"
GSE61997,0.03306009774613605,-0.6837212781627637,"cell,cells,lines"
GSE78728,0.03305880468408289,-0.6837777066315778,analyzed
GSE87512,0.0330572659453469,-0.6838448591626612,"high,treated"
GSE81380,0.0330545075728258,-0.6839652459000807,"cell,combination,inhibitor"
GSE49313,0.0330503325057608,-0.6841474821342474,"activation,characterized,profiling"
GSE95424,0.03304644903869845,-0.684317011074926,"analyzed,genes,identified,samples,signature"
GSE59571,0.033045932671268985,-0.6843395540885235,"characterized,genes,h3k27"
GSE85727,0.033045886311752,-0.684341578019663,"genes,identified,novel,signature"
GSE79086,0.0330455203825534,-0.6843575535985331,"cells,genes"
GSE57926,0.03304252457959915,-0.6844883497227343,"cell,cells,genes"
GSE81902,0.033041546183472326,-0.6845310688598577,"cells,purified"
GSE87321,0.03303935809329005,-0.6846266107381263,combined
GSE106488,0.033036464865659046,-0.684752951810281,
GSE97195,0.033034352266577346,-0.6848452114901786,"genes,large,profiling"
GSE70542,0.03303000660639078,-0.6850350101203795,"cells,treated"
GSE93180,0.03302742178359449,-0.6851479152431666,"cell,cells,samples"
GSE97101,0.03302703150844322,-0.6851649632390928,"cell,signature,treated"
GSE93179,0.03302690958908381,-0.6851702889608375,"cell,cells,samples"
GSE107623,0.033026542393674925,-0.6851863290307973,vitro
GSE84517,0.03302155352975021,-0.6854042735197918,"activated,activation,genes,inhibition,point"
GSE100983,0.033021210009160896,-0.6854192818393743,"high,n4,samples"
GSE56890,0.03301742736727207,-0.68558455474376,"analyzed,cells"
GSE65929,0.033017044254326965,-0.685601294944217,"characterized,mutations,samples"
GSE83368,0.033016896441428606,-0.6856077537117293,"analyzed,genes"
GSE106913,0.03301538754828197,-0.6856736872984155,"cells,genes,identified,profiling"
GSE61117,0.03301410027092106,-0.6857299393980881,"cell,genes,high"
GSE53249,0.03301308250568015,-0.6857744157729453,"analyzed,cells,samples"
GSE69221,0.0330117945694408,-0.6858307005949107,"analyzed,cell,genes,identified,micrornas,point,profiling"
GSE103847,0.033005234886087996,-0.6861174030640186,"activation,cells,inhibition,target"
GSE81672,0.03300505177509549,-0.6861254070686725,"chronic,identified,large"
GSE95661,0.03300237660758518,-0.6862423469646011,"cell,cells,genes"
GSE101995,0.03300140974202258,-0.6862846139989519,cells
GSE76837,0.03300074805537522,-0.6863135406909466,"cells,lines,vitro"
GSE29898,0.03299944162295326,-0.6863706551806428,genes
GSE46730,0.03299662618162374,-0.6864937480672831,"analyzed,cells,shrna"
GSE71304,0.03299402728389309,-0.6866073828525995,"cells,signature"
GSE95002,0.032993881306914406,-0.686613765848143,"activated,cell,profiling"
GSE92762,0.03299204907345676,-0.6866938845676501,"cells,precursor"
GSE34903,0.0329906376415132,-0.6867556057847514,"cell,cells,genes"
GSE69726,0.03299062591194558,-0.6867561187239747,"genes,identified"
GSE69755,0.03299045410043901,-0.6867636321386824,"cells,characterized"
GSE64622,0.03298954294792431,-0.6868034780093504,"cells,profiling"
GSE101994,0.03298943186038105,-0.6868083360856765,cells
GSE77588,0.03298797758856375,-0.6868719357558299,"genes,purified"
GSE40478,0.03298691005273129,-0.6869186240854853,"genes,profiling"
GSE65831,0.03298689123890922,-0.6869194469153745,"antibodies,genes,identified,inhibition,large,vitro"
GSE102675,0.032986886369849734,-0.6869196598656778,"hours,treated"
GSE99265,0.032986789903261635,-0.6869238788777482,"acute,chronic,genes"
GSE102365,0.032985931399922744,-0.6869614264727301,"n4,samples,shrna"
GSE41545,0.032985295688244355,-0.686989230657262,"cells,profiling"
GSE92761,0.032985027685853256,-0.6870009524649116,"cells,inhibition,targets"
GSE79543,0.0329848850815338,-0.687007189688393,"genes,profiling"
GSE72607,0.0329837413672231,-0.6870572144063,"profiling,target"
GSE73447,0.03298241778531846,-0.6871151084863804,"cells,induction,malignancies,pediatric"
GSE64296,0.03298190504031369,-0.6871375368126014,"analyzed,genes"
GSE89640,0.03298182840198171,-0.6871408891316932,analyzed
GSE79408,0.03298106011035739,-0.6871744962262704,"genes,resistance,target"
GSE88732,0.0329773971639663,-0.6873347338915309,"genes,identified,novel,purified"
GSE84160,0.03297733929733476,-0.6873372654429196,"analyzed,genes,samples"
GSE69129,0.03297639065488617,-0.6873787673187728,cells
GSE49027,0.03297637690839755,-0.6873793687185831,"activation,aid,cells,genes,target"
GSE54124,0.03297634099588083,-0.6873809398686866,"aid,genes,hours,inhibitor,profiling"
GSE46494,0.03296980674147835,-0.6876668378862861,cebpa
GSE71499,0.032967999301448336,-0.6877459301377621,cells
GSE100599,0.032960144358074796,-0.6880897070826617,"analyzed,genes,identified,samples"
GSE19066,0.03295639255787543,-0.688253936085007,cells
GSE50554,0.03295610562967951,-0.688266496673567,"cells,samples"
GSE89032,0.03295316860789846,-0.6883950742314393,"cells,micrornas"
GSE93524,0.032952600271216104,-0.6884199563177014,"cells,purified,vitro"
GSE84175,0.032951555302098826,-0.6884657067487748,"genes,mutations"
GSE36873,0.03295126125097936,-0.6884785810419847,"characterized,genes,novel,target"
GSE67634,0.0329504798150705,-0.6885127948182006,"genes,samples"
GSE80102,0.03294974433280127,-0.6885449973375771,"cells,genes,n4,purified,target"
GSE38198,0.03294953478963912,-0.6885541721535968,"novel,target"
GSE59285,0.03294812188425685,-0.688616037527616,"cells,identified,samples"
GSE98469,0.032947304811493,-0.6886518150279258,"cell,cells,lines,mutations"
GSE75714,0.03294558760232056,-0.6887270100623841,"cells,signature"
GSE91398,0.03294548135365023,-0.6887316627241853,"genes,identified,target"
GSE88949,0.03293667637374808,-0.6891172876446124,"activated,activation,cells"
GSE69054,0.03293661931560073,-0.6891197869124981,profiling
GSE71773,0.03293640277723561,-0.6891292717916061,"analyzed,genes,high,samples"
GSE85303,0.03293465586091507,-0.6892057930306813,"genes,signature"
GSE95363,0.032934268796258125,-0.6892227484087745,"cells,dexamethasone"
GSE96889,0.032931098831436426,-0.6893616163054039,profiling
GSE76095,0.03292578361789212,-0.6895944919579733,"analyzed,cell,cells,genes,identified,samples"
GSE85967,0.03292513645729455,-0.6896228485969917,"high,induction,inhibition,signature,treated"
GSE90894,0.03292451429776166,-0.6896501102897261,"cells,high"
GSE60691,0.032924213780495495,-0.6896632784945571,"targets,therapeutic"
GSE68360,0.03292132019410323,-0.6897900771546697,"genes,high"
GSE85657,0.032920556782587214,-0.6898235321550111,"acute,cells,purified"
GSE81283,0.03291992141348107,-0.6898513765414347,"hours,point,profiling"
GSE74679,0.03291902874410183,-0.6898904977511007,samples
GSE50068,0.032917876740725896,-0.6899409858335974,
GSE71679,0.03291577903994041,-0.6900329249029267,cells
GSE95108,0.03291459629065485,-0.6900847656077838,"activated,genes,identified,micrornas,samples,targets,treated"
GSE89454,0.032914085773353405,-0.6901071425035687,"genes,high,identified"
GSE99412,0.03291289385023298,-0.6901593879988042,"hours,samples"
GSE68083,0.03291079089637394,-0.6902515712643372,"cells,genes"
GSE76410,0.03291073224772205,-0.6902541422203164,"cell,point,profiling"
GSE106586,0.03290830607340442,-0.6903605014059637,"activating,target,targets"
GSE95111,0.032907615221678434,-0.6903907885565344,cells
GSE70721,0.032906977069546345,-0.6904187659057597,"activation,analyzed,cells"
GSE92844,0.03290547055847549,-0.6904848152970128,"profiling,samples"
GSE60050,0.032905327104848545,-0.6904911048374388,
GSE74855,0.032903053185000856,-0.6905908056012168,"induction,profiling"
GSE49622,0.03290129869963211,-0.6906677362986222,"cells,genes,high"
GSE93010,0.03290115519122323,-0.6906740290387124,"activated,activation,cell,cells,characterized,genes"
GSE89171,0.032900913326143665,-0.6906846347098933,cells
GSE68617,0.03289918267199844,-0.6907605253637141,genes
GSE72552,0.032897851314830806,-0.6908189092229029,"activation,genes"
GSE104508,0.03289771218155304,-0.6908250107555653,profiling
GSE84989,0.032897279803411734,-0.690843972375027,genes
GSE65337,0.03289703267991874,-0.6908548099025998,"analyzed,cell,cells,purified,samples"
GSE85019,0.03289618110549143,-0.6908921560704675,genes
GSE73881,0.03288998512369725,-0.6911639126644964,cells
GSE47370,0.03288927344994914,-0.6911951300484998,
GSE103127,0.032885759931207806,-0.6913492595352806,"genes,profiling"
GSE66366,0.032885425499059026,-0.6913639311152256,"genes,identified,lines,samples"
GSE98027,0.032882676661700166,-0.691484528605433,mutations
GSE65141,0.03288079134942263,-0.6915672471954446,apoptosis
GSE41538,0.032880751200295384,-0.691569008800922,"hours,samples,targets"
GSE61008,0.03288034430048673,-0.6915868622850104,high
GSE81191,0.032879291878949675,-0.6916330402574198,
GSE75318,0.03287916235746462,-0.6916387234811618,genes
GSE68190,0.03287566918694876,-0.6917920074198955,"cells,genes,high,induction"
GSE86865,0.03287523752836114,-0.6918109501762721,"cells,profiling"
GSE64428,0.03287393892731882,-0.6918679390356036,"genes,high,profiling"
GSE50809,0.03287375246098002,-0.6918761222601882,
GSE55581,0.03287234884246842,-0.6919377226722628,high
GSE87799,0.03286685298411418,-0.6921789439646198,"cell,cells,novel,therapeutic"
GSE65747,0.032866642932364604,-0.6921881642445766,"analyzed,cell,cells,genes,purified"
GSE87743,0.03286551527408725,-0.6922376641255815,high
GSE109152,0.03286373404095559,-0.6923158569007347,"cell,genes,high"
GSE105051,0.032855351790639295,-0.6926838787889084,"agents,genes,n4,resistant,samples"
GSE81441,0.03285512665962323,-0.6926937644390538,identified
GSE45180,0.03285416437666834,-0.692736019676484,"cell,cells,samples"
GSE67991,0.0328538159904772,-0.6927513181235665,"cells,genes"
GSE79452,0.03285183413953807,-0.6928383488893186,
GSE57313,0.032845300672098156,-0.6931252959878025,"identified,micrornas"
GSE84480,0.03284525365437426,-0.6931273611929996,"cells,genes"
GSE62698,0.032844704335025954,-0.6931514896998199,
GSE50983,0.03284459095315018,-0.6931564699776321,"precursor,profiling,targets"
GSE96055,0.032842529037772454,-0.6932470422265468,purified
GSE106165,0.03284032476652685,-0.6933438739265051,"cell,cells,genes,identified"
GSE36872,0.032838585586048234,-0.6934202791847176,"characterized,genes,novel,target"
GSE96661,0.03283746981194212,-0.6934692992350249,"cells,genes"
GSE88818,0.03283563604786949,-0.6935498668372357,high
GSE87565,0.03283563604786949,-0.6935498668372357,high
GSE99440,0.032835079504724904,-0.6935743198077264,"resistance,stable"
GSE74131,0.03283402405306546,-0.693620694580416,genes
GSE106210,0.0328337461112018,-0.6936329071269164,treated
GSE73238,0.032832934328015956,-0.6936685768324269,"cells,high"
GSE108045,0.032832310060296764,-0.693696007719225,"genes,treated"
GSE77547,0.03283219977249503,-0.6937008539189464,"cells,precursor,vitro"
GSE58089,0.032821342735406406,-0.6941780069593145,"genes,stable"
GSE72724,0.032820329243610724,-0.6942225566955915,"genes,h3k27,high,identified,mutations"
GSE73467,0.032819104037371934,-0.694276414533072,"cells,precursor,profiling,purified"
GSE67541,0.032818850760942694,-0.6942875483549455,"cells,characterized,genes,identified,mutations,profiling,samples"
GSE71310,0.03281743258137456,-0.6943498919407237,analyzed
GSE63948,0.0328167718617739,-0.6943789382862815,"cells,center,purified,samples"
GSE85209,0.03281568353292273,-0.6944267843291312,
GSE93031,0.03281493899364261,-0.6944595173152246,mutations
GSE87104,0.03281421187205526,-0.694491485265271,"genes,identified,induction"
GSE54826,0.032813086637214994,-0.6945409576879036,"cells,novel,point"
GSE104990,0.0328116689465704,-0.6946032907280679,"genes,targets"
GSE75984,0.03281119338745143,-0.694624200720659,"high,identified,targets,therapeutic"
GSE95830,0.03280871750339849,-0.6947330684590691,"cells,genes,identified,profiling,samples"
GSE32916,0.0328083201127373,-0.6947505429918134,"activated,activation,genes"
GSE65542,0.032808178808000424,-0.694756756662049,"cell,cells,identified,novel,shrna"
GSE43314,0.03280784656972927,-0.6947713664621222,genes
GSE42443,0.032805305991826045,-0.6948830903772433,"activation,genes,identified"
GSE73743,0.03280493892441959,-0.6948992331710296,lines
GSE92238,0.032804832314638654,-0.6949039216617636,"characterized,combination,genes,mutations,profiling"
GSE75738,0.03280188956339937,-0.6950333441508258,cells
GSE50775,0.032801001145125165,-0.695072419155743,"cell,cells,purified"
GSE98423,0.03280063500610406,-0.6950885232342697,signature
GSE33252,0.0327992236436026,-0.6951506015900463,"cases,cells,samples"
GSE69786,0.03279780260128799,-0.6952131084083537,cells
GSE52313,0.032796689852921855,-0.6952620563150961,"identified,novel"
GSE92486,0.032793465426390854,-0.6954039027293919,"genes,improve"
GSE83471,0.03279230783175555,-0.6954548301167478,"large,precursor"
GSE71527,0.03279167954573864,-0.6954824717761571,"activation,genes,novel,samples"
GSE48043,0.03278989433265793,-0.6955610157300999,"genes,samples"
GSE39619,0.032786828128139184,-0.6956959293973516,"cell,cells,high"
GSE71229,0.03278609999348726,-0.6957279693346113,"cells,characterized,childhood,therapeutic"
GSE56446,0.03278491785381404,-0.6957799882631066,
GSE112204,0.032783882170273476,-0.6958255640707307,"cell,lines"
GSE75000,0.03278342189220217,-0.6958458193153348,"analyzed,cases,novel,samples"
GSE74517,0.03278068257568595,-0.6959663730356292,samples
GSE44229,0.032773661718412436,-0.696275397742354,
GSE78130,0.03277361223376838,-0.6962775760556925,samples
GSE70471,0.0327734936182282,-0.6962827975235016,"analyzed,genes,identified,samples"
GSE90461,0.032766390382370725,-0.6965955171244663,"cells,genes"
GSE61875,0.032765076767512516,-0.6966533563801478,"aggressive,analyzed"
GSE47926,0.03276371474787555,-0.69671332937616,
GSE70020,0.03276095667896584,-0.6968347814110707,"cell,cells"
GSE83762,0.03276026277545819,-0.6968653391802245,"genes,identified,novel"
GSE58239,0.032756630776256346,-0.6970252938715513,"analyzed,genes,high,identified,samples"
GSE36005,0.032755739977552795,-0.6970645277095987,"high,novel,targets,therapeutic"
GSE70588,0.03275516885971883,-0.6970896822642055,genes
GSE75176,0.03275408246033833,-0.6971375333071417,"induction,target"
GSE70484,0.032752727846353136,-0.6971972002294018,
GSE72710,0.03275118282099054,-0.6972652572478717,"genes,identified,samples"
GSE84786,0.03275113450692599,-0.6972673854920067,"cells,genes,mutations,samples"
GSE66471,0.032750780446406724,-0.6972829820239762,
GSE100039,0.03274995314659122,-0.697319425626231,
GSE104463,0.03274909361277262,-0.6973572901521744,"analyzed,cells,high"
GSE81476,0.03274805331410089,-0.6974031191326808,samples
GSE90929,0.03274595541708849,-0.6974955436361049,"acute,high,purified"
GSE50934,0.03274290911180756,-0.6976297615541164,"cells,samples"
GSE98759,0.03274284345405066,-0.6976326545229399,"cells,genes"
GSE64359,0.03274217877354103,-0.6976619415642337,genes
GSE52234,0.03273788927446302,-0.6978509590543209,"cells,hours"
GSE98387,0.03273717228970543,-0.6978825555226406,"cells,genes"
GSE60334,0.03273711628075363,-0.697885023784267,"cells,profiling,targets"
GSE47885,0.032736483815976464,-0.6979128962029592,"cells,genes,high,purified"
GSE100222,0.032736333550283804,-0.6979195184189668,cells
GSE69937,0.03273143264469089,-0.6981355182191408,cells
GSE74750,0.032730534108445654,-0.6981751233165563,"genes,identified"
GSE57984,0.03273052621272124,-0.6981754713439912,"identified,mutations,n4,targets"
GSE71025,0.03272892857484295,-0.6982458936917508,
GSE33141,0.03272814772742895,-0.6982803139486754,"analyzed,cell,genes,high,identified,profiling,stable"
GSE77896,0.032727415143790725,-0.6983126074539356,induction
GSE39978,0.0327264179062162,-0.6983565685066784,"activation,genes,profiling"
GSE122108,0.032724837812099165,-0.6984262262671663,samples
GSE68911,0.0327218900638076,-0.6985561854563548,"genes,identified"
GSE84252,0.03272067229087679,-0.698609877576749,samples
GSE94098,0.03271656570882891,-0.698790953237775,"alkb,cells,profiling,samples"
GSE95341,0.032714504116469846,-0.6988818656768251,"cell,cells"
GSE55735,0.03271423254365676,-0.6988938419664701,cells
GSE65849,0.03271387619244367,-0.698909557112082,"cell,cells,samples,treated"
GSE63679,0.03270428636275886,-0.6993325344409448,"analyzed,bone,cells,genes,samples"
GSE98232,0.03270133829392173,-0.6994625894420773,
GSE55797,0.03270071732750102,-0.6994899850695462,"profiling,vitro"
GSE57423,0.032698240420352256,-0.6995992657610136,"analyzed,genes,high,samples"
GSE119498,0.03269299803611991,-0.699830586100838,"hours,identified,mutations,point,samples"
GSE73984,0.03269265427738553,-0.6998457557597404,genes
GSE66211,0.03269256734584104,-0.6998495919693615,"activation,analyzed,cells,genes,glucocorticoid,mutations"
GSE97270,0.03269152097505239,-0.6998957681564619,"genes,identified,novel,profiling,samples"
GSE55228,0.03269139156135929,-0.6999014792661695,"analyzed,genes"
GSE98299,0.032689940845470264,-0.6999655018408751,pediatric
GSE53427,0.032689034010033535,-0.7000055234836265,samples
GSE75544,0.032687947990876785,-0.7000534545567333,
GSE104461,0.032684633584152724,-0.7001997445772032,"high,samples"
GSE89762,0.03268316991158443,-0.7002643523211748,
GSE99076,0.032681320105207544,-0.7003460084768813,cells
GSE54704,0.03267867011606351,-0.7004629952201676,"analyzed,cells,genes,point,samples"
GSE84899,0.03267822259016293,-0.7004827526893711,"cells,combined,genes,signature,targets"
GSE54390,0.03267773706995568,-0.7005041878453665,profiling
GSE36871,0.03267516606643739,-0.7006176999878989,"characterized,genes,novel,target"
GSE87899,0.03267328780245883,-0.7007006326961012,"analyzed,identified,novel,samples,targets,treated"
GSE72590,0.032672544876970536,-0.700733437080828,"genes,profiling,samples"
GSE80587,0.032671273591934995,-0.7007895732742596,
GSE93394,0.032671018639186415,-0.7008008314977924,genes
GSE94257,0.03267025564665553,-0.7008345243068974,"analyzed,treated"
GSE86071,0.0326676515583964,-0.700949523558639,chronic
GSE81783,0.03266647928259038,-0.701001295472348,"genes,identified"
GSE20851,0.03266540353223967,-0.7010488061097115,"cell,cells,genes,novel,precursor"
GSE88761,0.032665059656771675,-0.7010639937391312,samples
GSE76771,0.03266435763941937,-0.7010949995859532,genes
GSE98585,0.03266277085220296,-0.7011650853252582,"analyzed,genes,hours,profiling,samples,treated"
GSE118898,0.03266241702071524,-0.7011807139349653,"cells,induction,targets"
GSE102992,0.03266225109755123,-0.7011880427598269,samples
GSE69374,0.03266175701139005,-0.7012098667622161,profiling
GSE77625,0.03266125199618323,-0.7012321738465204,resistance
GSE73369,0.03265377159953392,-0.7015626316984173,"cell,cells,identified"
GSE98356,0.03265168884473157,-0.7016546540195318,genes
GSE97489,0.03265025375917183,-0.701718063796885,"cell,cells,profiling,samples,target,therapeutic"
GSE96627,0.03264900898448277,-0.70177306687642,
GSE76186,0.032648095916822266,-0.701813414092055,"cells,identified,targets"
GSE78996,0.03264735838545222,-0.7018460054220789,"chronic,genes"
GSE90962,0.03264711909904786,-0.7018565795876811,"combination,samples"
GSE63268,0.03264656674523,-0.7018809886282665,"high,target"
GSE85891,0.032646518808362536,-0.701883107023511,"genes,samples,treated"
GSE45254,0.03264637631056903,-0.7018894042128041,profiling
GSE100425,0.032645947004038015,-0.7019083760726454,"cells,samples"
GSE84329,0.032645029107462385,-0.7019489404788366,samples
GSE48654,0.03264487549799379,-0.7019557290204927,genes
GSE61890,0.032643402479420755,-0.7020208285040953,"analyzed,doxycycline,hours,samples,targets"
GSE61891,0.03263971189504274,-0.7021839453479172,"analyzed,doxycycline,hours,samples,targets"
GSE69018,0.0326333239703943,-0.70246632312058,
GSE88959,0.032631854751600825,-0.7025312776555765,"combination,high,hours,induction,profiling,samples"
GSE75470,0.03262834079950844,-0.7026866422302517,"analyzed,novel,profiling"
GSE83264,0.032626331752113054,-0.7027754770248132,"micrornas,profiling,purified"
GSE72764,0.03262536941479489,-0.7028180309889813,"cells,genes"
GSE66137,0.032621203193408,-0.703002273216642,"cells,survival,target"
GSE68713,0.032618698203536016,-0.7031130623622469,"chronic,genes"
GSE97544,0.03261395895644016,-0.7033226901343612,characterized
GSE62633,0.03261285825098062,-0.7033713812211289,
GSE76565,0.032607405516207354,-0.7036126140215074,"analyzed,genes,identified"
GSE87542,0.03260237383660518,-0.7038352548369144,
GSE90097,0.03260237383660518,-0.7038352548369144,
GSE73100,0.03260102001527847,-0.7038951643354603,
GSE66138,0.03259725345060688,-0.7040618559943054,"cells,survival,target"
GSE80312,0.0325956210413046,-0.7041341052646115,"cells,genes,mutations,samples"
GSE89430,0.03259415244589073,-0.704199107341093,
GSE97344,0.03259335646691101,-0.7042343397021974,
GSE31843,0.032591928085046955,-0.7042975662247555,
GSE79790,0.03259182934324445,-0.7043019370776928,"acute,cell,hours,identified,induction,treated"
GSE97281,0.03258864865018954,-0.7044427390552731,
GSE48519,0.032588427642742564,-0.7044525230580507,"cells,induction"
GSE95428,0.032586864002597866,-0.70452174732467,"high,samples"
GSE51606,0.032586539855880205,-0.7045360981130104,"cell,cells,genes,high,novel,signature,survival"
GSE65808,0.03258617780073051,-0.7045521273715031,"construct,point,samples"
GSE72811,0.03258531940197549,-0.7045901319495841,"cell,genes,novel,profiling,samples"
GSE70031,0.032584674758568896,-0.7046186734235507,"cells,profiling"
GSE74583,0.0325843872072785,-0.7046314048887012,"analyzed,identified"
GSE81066,0.03258381354327408,-0.7046568044610325,"profiling,treated"
GSE99971,0.03257967234793919,-0.7048401734720464,"cell,cells,combination,micrornas,profiling,samples"
GSE81555,0.032578875958182714,-0.7048754396829184,"cells,genes,identified,samples"
GSE85039,0.0325737637988232,-0.7051018399331263,
GSE88764,0.03257305877478358,-0.7051330658516138,cells
GSE89482,0.032570218069185655,-0.7052588891776699,cells
GSE107925,0.032569768857247945,-0.7052787871194852,genes
GSE55480,0.0325683483268938,-0.7053417116308548,"hours,samples,treated"
GSE83541,0.032567517576529294,-0.7053785122295584,
GSE95663,0.032566926531856076,-0.7054046949115692,cells
GSE53018,0.03256660381845126,-0.7054189909899871,"cells,genes,profiling"
GSE94018,0.032563928626660035,-0.7055375064016658,
GSE33468,0.032560430219844075,-0.7056925062898382,"combined,genes,high,identified,lines,novel,purified,treated"
GSE48808,0.03255805747742436,-0.7057976421381909,"cohort,genes,high,samples"
GSE67525,0.0325534741114519,-0.7060007520699834,"combination,high"
GSE64080,0.032552046050211725,-0.7060640418452437,"novel,targets"
GSE92304,0.03255127964716023,-0.7060980089542944,"cell,cells,identified,mutations,point,samples"
GSE91058,0.03255114717610421,-0.7061038801743061,profiling
GSE104300,0.03255101955015265,-0.7061095366781264,"cell,cells,genes,identified"
GSE56312,0.032550729455242504,-0.7061223940435477,"cells,characterized,genes"
GSE74920,0.032547851425898826,-0.7062499580736128,"genes,hours"
GSE47735,0.03254723542898738,-0.7062772626132426,
GSE102159,0.032546461905462835,-0.7063115503737672,"agents,cell"
GSE58384,0.03254532821781692,-0.7063618045008003,"high,hours"
GSE89108,0.032543548073210894,-0.7064407183165604,"profiling,vitro"
GSE59383,0.03254100380508351,-0.706553513224292,samples
GSE98479,0.032537561747986825,-0.7067061238009474,
GSE78084,0.03253727602280242,-0.7067187927316962,"resistant,targets,therapeutic"
GSE56507,0.0325358616371753,-0.7067815076154054,"analyzed,cells"
GSE73653,0.03253542060735286,-0.706801063754943,
GSE81091,0.03253469478800984,-0.7068332486054058,"analyzed,cell,genes,samples"
GSE62824,0.03253361500266249,-0.706881130622658,cells
GSE58242,0.03253308648836329,-0.7069045676477734,"cells,center,identified,targets"
GSE56905,0.03253030589226465,-0.7070278797610181,resistant
GSE88836,0.03252470496231236,-0.7072762982542395,"cell,cells,chronic,genes,high,precursor"
GSE74534,0.032524579353737475,-0.7072818698718213,"cells,genes,novel,profiling,samples"
GSE79696,0.03252254124401844,-0.7073722772798166,
GSE70351,0.032518254987538006,-0.7075624275035389,"cell,cells"
GSE79313,0.032517148824327415,-0.7076115040398544,cells
GSE103183,0.032515247296356756,-0.7076958719899165,genes
GSE98492,0.03251185049286906,-0.7078465953565634,"lines,purified"
GSE41287,0.03251127257955815,-0.7078722401619292,"cells,novel,profiling,treated"
GSE70391,0.03251098032566451,-0.7078852090525535,"hours,samples"
GSE64357,0.032508581664301095,-0.7079916550743176,"profiling,purified,targets"
GSE84665,0.032508053279594676,-0.7080151043960584,genes
GSE103390,0.032507499480505984,-0.7080396819983399,"genes,profiling,samples,target"
GSE98359,0.03250609308759589,-0.7081020995943258,identified
GSE66557,0.032504748657598975,-0.7081617697181873,"combined,high,profiling,resistance"
GSE58116,0.03250357294923672,-0.7082139534565772,"activation,cells,characterized,chronic,induction,samples"
GSE86520,0.0324995989948812,-0.7083903511330933,
GSE87602,0.03249843663261296,-0.708441950670344,"activation,cell,characterized,combination,therapeutic"
GSE43718,0.032497772507747755,-0.7084714333020935,"genes,identified,inhibition,profiling"
GSE93061,0.03249553290829895,-0.7085708607430881,"analyzed,genes,targets"
GSE94843,0.032493515101777136,-0.7086604475135537,"cells,treated"
GSE81115,0.03249260411365914,-0.7087008954755522,samples
GSE79633,0.03248705405313752,-0.7089473432112449,"cells,samples"
GSE100858,0.03248682878433292,-0.7089573470519596,"cells,genes"
GSE66049,0.032486429167042245,-0.7089750936111346,profiling
GSE58498,0.03248250044314354,-0.7091495754912152,"analyzed,micrornas"
GSE68812,0.03248101028941261,-0.7092157614892903,
GSE66008,0.032477985847548296,-0.7093501030752672,genes
GSE80206,0.03247607348865868,-0.7094350539071459,"genes,identified,target"
GSE65697,0.03247248681077423,-0.7095943948495336,"cells,genes,high,vitro"
GSE102659,0.032470570229253794,-0.709679547682856,"profiling,target"
GSE65348,0.03246881608442509,-0.7097574879342087,"genes,identified,samples"
GSE93867,0.03246863736744896,-0.7097654289322454,cells
GSE102642,0.0324672645021726,-0.7098264314245275,genes
GSE75951,0.03246604601042766,-0.7098805765769651,"analyzed,samples"
GSE97026,0.0324621703662846,-0.7100528090177778,"identified,profiling"
GSE58669,0.03246141220110871,-0.7100865040511145,"genes,identified"
GSE46038,0.032454172920660676,-0.7104082780604125,
GSE52038,0.0324541349827721,-0.7104099645256886,genes
GSE73272,0.03245353173918243,-0.7104367809737061,"cells,lymphid,lymphoid"
GSE69709,0.032450981137045115,-0.7105501703481459,
GSE86400,0.0324457334410054,-0.7107834895575486,"analyzed,genes,samples"
GSE100727,0.032444234261804095,-0.7108501518930709,"profiling,targets"
GSE85519,0.03243850346577711,-0.711105005227549,"cells,profiling"
GSE72165,0.03243848061135729,-0.7111060216730146,
GSE68699,0.032437377703082367,-0.711155074135372,cell
GSE90937,0.03243724349952403,-0.7111610430275057,"cell,cells,genes,subtypes"
GSE86837,0.03243701652957963,-0.7111711378914184,genes
GSE74889,0.03243602515360699,-0.7112152318066222,"high,samples"
GSE63510,0.03243531648019723,-0.711246752647356,"induction,novel,resistance"
GSE72136,0.0324324720184262,-0.7113732774137668,"activation,combined,genes,samples"
GSE55131,0.0324311038634866,-0.7114341383922125,"profiling,samples,shrna,treated"
GSE73803,0.03242955712014599,-0.7115029467858861,
GSE47484,0.03242687194743212,-0.7116224071205403,cells
GSE98360,0.03242255341481388,-0.7118145545626081,"characterized,uhrf1,samples"
GSE77717,0.032422411210356356,-0.7118208821985887,"genes,novel,purified,targets"
GSE29752,0.03242034773052319,-0.7119127034650465,"genes,identified,improve"
GSE104867,0.03241983488761227,-0.711935524990048,"genes,identified,targets"
GSE93866,0.032418162773753034,-0.7120099366147146,cells
GSE93293,0.032416156809277286,-0.7120992101667745,"genes,identified,samples"
GSE64840,0.03241358966490897,-0.712213466558409,cells
GSE30839,0.03241218312649304,-0.7122760714734114,"cells,novel,profiling"
GSE96938,0.03240726059128616,-0.7124951945247029,"high,profiling,samples"
GSE96054,0.0324054700348492,-0.7125749080892367,purified
GSE103949,0.03240495527634563,-0.7125978253756703,"analyzed,genes,high,identified,target"
GSE61994,0.03240442292399212,-0.7126215263313578,"cells,hours"
GSE75300,0.032403671916406335,-0.7126549627384117,"malignant,profiling,samples,survival"
GSE58843,0.032402310531534216,-0.7127155763771482,"activated,point"
GSE63813,0.032401607446611275,-0.7127468811859726,"analyzed,samples"
GSE70731,0.032401534179201025,-0.7127501434515597,"activation,analyzed,cells"
GSE99049,0.03240145087170827,-0.7127538527654614,
GSE61887,0.03239648442178561,-0.712975004030724,"antibodies,genes"
GSE71674,0.03239632257619983,-0.712982211430274,"cells,lines"
GSE81432,0.032395475991605964,-0.713019912603025,cells
GSE65543,0.032391400220510645,-0.7132014337720815,"genes,high,identified,inhibition,samples,stable,target"
GSE83550,0.03238967330032481,-0.7132783518919366,
GSE49109,0.03238849854238835,-0.7133306786989811,"analyzed,cells,genes,resistant,samples"
GSE100964,0.03238739081560237,-0.7133800215009648,purified
GSE54473,0.032387173877919624,-0.7133896850138131,
GSE106594,0.03238612582969806,-0.7134363713484236,cells
GSE101696,0.0323839114433561,-0.7135350183256344,"activation,cell,cells,genes,profiling"
GSE63300,0.03238380886409628,-0.7135395882128788,"cell,genes,samples"
GSE62917,0.032378473658735474,-0.7137772905925274,"identified,mutations,profiling"
GSE93202,0.03237793980677376,-0.7138010777523324,"cells,profiling"
GSE37952,0.032377744681946666,-0.7138097721433383,genes
GSE93306,0.03237475168419533,-0.7139431409942286,"cell,ff,genes,lines,profiling,survival"
GSE80964,0.032367184405362695,-0.7142803961445685,cells
GSE76992,0.03236688766668838,-0.7142936226696477,"cells,induction,profiling"
GSE97032,0.03236506908092977,-0.714374685093461,"genes,high,hours,lines"
GSE79739,0.032363680537173374,-0.7144365817067446,
GSE33922,0.03236248648564561,-0.7144898106339963,
GSE67556,0.03236241092181811,-0.7144931792159044,"combined,genes,novel,samples"
GSE73438,0.03236000783584662,-0.7146003111890922,"genes,identified,profiling"
GSE66630,0.0323552716167733,-0.71481147986022,"combined,identified,large,profiling,samples"
GSE100070,0.0323540664377713,-0.7148652188049237,
GSE54226,0.03234485694241933,-0.7152759364079059,"cells,identified"
GSE45358,0.032342806559570586,-0.7153673936351005,"cells,genes"
GSE56185,0.032341163915415166,-0.7154406678809477,"analyzed,doxycycline,hours,targets"
GSE54569,0.03234044811100327,-0.715472599289055,"activating,activation,cells,genes,induction,inhibition,targets"
GSE104331,0.032340396684208704,-0.7154748934205473,
GSE52514,0.032338492300519134,-0.7155598498862136,targets
GSE87299,0.03233012267847128,-0.7159332864378976,
GSE85597,0.03232738568757074,-0.7160554267214105,"agents,cells,combination,combined,inhibition,samples,survival"
GSE84922,0.03232341616674498,-0.7162325879584862,cells
GSE53793,0.032319376276054544,-0.7164129121694975,"analyzed,cell"
GSE81117,0.03231165228418213,-0.7167577423562203,samples
GSE86623,0.032307931522801835,-0.7169238815877466,"agents,genes,resistance,resistant"
GSE84545,0.03230790702557908,-0.7169249754997835,"activation,cells,high,uhrf1,survival"
GSE84547,0.03230790702557908,-0.7169249754997835,"activation,cells,high,uhrf1,survival"
GSE84548,0.03230764333348044,-0.7169367505997682,"activation,cells,high,uhrf1,survival"
GSE99977,0.03230744258556066,-0.7169457150087517,"cell,cells,combination,high,micrornas,profiling"
GSE39129,0.032306358767269755,-0.7169941139340872,"dexamethasone,genes,hours,identified"
GSE58996,0.032305209945949036,-0.7170454174035881,profiling
GSE65321,0.03230394630181449,-0.7171018506781415,
GSE58318,0.03230362379953811,-0.717116253709677,analyzed
GSE83084,0.03230340836759302,-0.717125875033809,cell
GSE96607,0.03230033854571356,-0.7172629821527252,"cells,identified,target"
GSE84945,0.032297400256454806,-0.717394226850259,
GSE86396,0.032295106327862755,-0.7174966981609512,"analyzed,genes,targets"
GSE80465,0.032293032911874124,-0.7175893252903509,"activation,analyzed,samples"
GSE106423,0.03229174324368469,-0.7176469425188154,"analyzed,genes"
GSE57043,0.032288121704261305,-0.7178087507535087,
GSE66286,0.032286912621219625,-0.7178627759081735,
GSE66457,0.032286073051722416,-0.7179002913718786,"activation,cell,cells,mutations,profiling"
GSE66965,0.03228380882016604,-0.718001471536514,samples
GSE95649,0.03227472638089608,-0.7184074036147304,
GSE100532,0.03227436734128784,-0.7184234529388164,"characterized,genes,purified"
GSE85505,0.03227378886664764,-0.7184493115393946,cell
GSE48965,0.03227161787445474,-0.7185463619672972,"cells,genes"
GSE84112,0.03227124487079776,-0.7185630371038895,"genes,profiling"
GSE103933,0.03227041827486734,-0.7185999907797503,"cells,genes"
GSE86235,0.032268299852078346,-0.7186947009984216,"identified,samples,survival,therapeutic,treated,vitro"
GSE75832,0.032262807882719624,-0.7189402643323174,point
GSE84061,0.03226066258588215,-0.7190361986981324,"cells,genes"
GSE97439,0.03225109920868329,-0.7194639357983514,genes
GSE58359,0.03224537147327212,-0.7197201785169863,"cells,hours"
GSE90854,0.03224347738719869,-0.7198049245974086,"genes,inhibitor,samples,vitro"
GSE102772,0.032235125830565155,-0.7201786532082965,
GSE94814,0.032234885688680694,-0.7201894008876487,"analyzed,samples"
GSE100888,0.03223486777619615,-0.7201902025737492,inhibition
GSE98082,0.03223464111244495,-0.7202003471110796,"cells,samples"
GSE80280,0.03223307394750113,-0.7202704889205438,cells
GSE86261,0.03223250422713569,-0.720295988815812,treated
GSE38497,0.03223059759155213,-0.720381330464736,"analyzed,identified,samples,targets"
GSE96950,0.032230543469644234,-0.720383753053193,"analyzed,cell,cells,identified,purified"
GSE86297,0.03222496779943153,-0.7206333513149146,
GSE62040,0.03222182624032971,-0.7207740041373852,"profiling,samples"
GSE63424,0.03222057713631866,-0.7208299324103268,cells
GSE87519,0.03221755757660633,-0.7209651412845511,
GSE90134,0.032217271115024516,-0.7209779690273072,
GSE73693,0.03221719534534954,-0.7209813620106078,
GSE75510,0.032213645737056894,-0.721140323222352,"analyzed,n4"
GSE89272,0.03220743142424294,-0.7214186594036793,high
GSE84145,0.03220551955552643,-0.7215043019173351,
GSE61734,0.032204307170667995,-0.7215586135561649,"genes,micrornas,novel,profiling,targets"
GSE82158,0.032203805643529516,-0.7215810812449064,"bone,cells,genes,high,marrow,profiling"
GSE71586,0.03220002826099188,-0.7217503137495711,
GSE81803,0.03219835493850347,-0.7218252874969371,"hours,treated"
GSE99307,0.03219748067867663,-0.7218644605367653,"diagnosis,doxycycline,genes,identified,samples,targets"
GSE55966,0.03219326062816021,-0.7220535636853698,
GSE61915,0.03219145933444809,-0.7221342883513417,
GSE71948,0.03219085117210683,-0.7221615440613939,
GSE79487,0.03218261096822954,-0.7225308919553658,genes
GSE57170,0.03217856102816202,-0.7227124557236373,"cells,novel"
GSE83624,0.03217691330091381,-0.7227863318920608,
GSE79937,0.03217471759417309,-0.7228847827062281,"genes,identified,profiling,targets"
GSE83474,0.03217398140756073,-0.7229177932500725,"cell,characterized,genes,identified,mutations"
GSE99164,0.03217276719236713,-0.722972240204323,"cells,genes,purified"
GSE76498,0.03217041179900503,-0.7230778648992053,
GSE46340,0.03216982477220919,-0.7231041905918786,genes
GSE72321,0.0321696015681635,-0.7231142004843546,"acute,apoptosis,genes"
GSE80664,0.03216870819822256,-0.7231542655836164,treated
GSE83265,0.03216867171446569,-0.7231559017999243,cells
GSE76317,0.032167312749120755,-0.7232168497307133,high
GSE58286,0.03216612397374992,-0.7232701669610618,"cell,cells"
GSE65658,0.03216527827125784,-0.7233080983833187,"cells,genes,identified,novel,pcs,samples"
GSE70386,0.032163574348744964,-0.7233845256926779,
GSE85576,0.032162693350382535,-0.7234240433582927,
GSE76133,0.032161650287921256,-0.7234708318975995,high
GSE63810,0.03216043907748045,-0.7235251649366494,analyzed
GSE83931,0.032156467298192284,-0.7237033472097941,"analyzed,genes,signature"
GSE53380,0.032154632736480046,-0.723785656891443,samples
GSE78514,0.03215380855404569,-0.7238226362952984,
GSE86288,0.032149282088073654,-0.7240257465954778,
GSE97875,0.032144659089611755,-0.7242332179946281,"high,signature"
GSE96539,0.03214179155780484,-0.7243619223756761,"activated,cells,identified,precursor,samples,signature"
GSE96685,0.03213654084120463,-0.7245976217951962,"genes,samples,target"
GSE76294,0.03213448062358281,-0.7246901134245319,
GSE55788,0.03213152547799426,-0.7248227923989173,cells
GSE75668,0.03212475347834386,-0.7251268850263584,"antibodies,cell,cells,combination,genes,samples"
GSE68178,0.03212076186284713,-0.7253061561819899,
GSE103799,0.032117770608381876,-0.7254405137963428,
GSE82210,0.032117057025069985,-0.7254725675324015,"cohort,genes"
GSE52854,0.03211623201895074,-0.7255096272020749,"activation,combination,inhibition,samples,target,therapeutic,treated"
GSE47081,0.032115516034935655,-0.7255417903182676,samples
GSE56933,0.03211246298661856,-0.7256789460481252,
GSE99974,0.03211102639750601,-0.7257434881653066,"cells,combination,high,micrornas,profiling"
GSE76097,0.03210960071383824,-0.7258075431847051,"cells,n4,samples"
GSE55790,0.03210853816402391,-0.7258552846912251,cells
GSE99973,0.032105807513319415,-0.7259779830132466,"cells,combination,high,micrornas,profiling"
GSE102564,0.03210392893829642,-0.7260624004558389,"acute,identified,novel,signature,target"
GSE102562,0.032102619966588086,-0.7261212245796937,"acute,identified,novel,signature,target"
GSE102563,0.03210123163804361,-0.7261836175563297,"acute,identified,novel,signature,target"
GSE93325,0.03209748495126736,-0.7263520111543693,genes
GSE78938,0.032097366166494924,-0.7263573502181458,"cell,cells,genes"
GSE109418,0.03209565785957476,-0.7264341363163243,"cells,genes"
GSE78845,0.03209041723339569,-0.7266697209164281,"cell,cells,target"
GSE78209,0.03208554422660473,-0.7268888142524719,"activated,high,stable,target"
GSE83964,0.0320834765388971,-0.726981788798985,"cell,cells,genes"
GSE72664,0.032083353696521995,-0.7269873126525,"genes,novel,samples"
GSE100690,0.032057149564728556,-0.728166117656212,
GSE99331,0.032055855693709764,-0.7282243480041761,"cell,genes,identified,mutations"
GSE44831,0.032054447254995976,-0.7282877371149633,samples
GSE73391,0.032048410411628696,-0.7285594667797979,"cell,lines,samples"
GSE99491,0.03203271265844006,-0.7292662918180105,"cell,cells,genes,novel,stable"
GSE44668,0.03203229595284025,-0.7292850596014038,
GSE74985,0.03202880448361605,-0.7294423196330251,"cell,cells"
GSE72491,0.03202421976863448,-0.7296488468237803,
GSE99646,0.03201957796611069,-0.7298579757552442,cells
GSE83467,0.032018835977829896,-0.7298914076517335,"activated,cells,purified"
GSE98142,0.0320152405633382,-0.7300534178482644,"activation,cells,micrornas,n4,profiling"
GSE47536,0.03201319983644286,-0.7301453815617123,"analyzed,cells,genes"
GSE63412,0.03201300487053906,-0.7301541678498839,"analyzed,hours,point,samples"
GSE65686,0.03201047309450264,-0.7302682691405475,"genes,profiling"
GSE106349,0.03200993595016579,-0.7302924781539731,antibodies
GSE96939,0.03200570920147765,-0.730482991250135,"cells,identified"
GSE98802,0.03200542473419181,-0.730495814005095,
GSE50856,0.032003002961241304,-0.7306049833739832,"cells,characterized,high,identified,vitro"
GSE55744,0.032002506436562814,-0.730627366874969,profiling
GSE69168,0.032002032429967193,-0.7306487355771571,
GSE86949,0.03200197597906834,-0.7306512804625119,
GSE44665,0.03199863536828697,-0.7308018878554959,
GSE90108,0.03199818479206855,-0.7308222027422119,"cells,identified"
GSE59354,0.03199799407843587,-0.7308308014309758,stable
GSE87821,0.03199786546589718,-0.7308366002021177,cells
GSE66040,0.03199611779581127,-0.7309153999529121,genes
GSE57980,0.03199610364404341,-0.7309160380518827,
GSE96093,0.0319960821447926,-0.730917007447197,"characterized,genes,high"
GSE78752,0.03199430807088175,-0.7309970021972018,cells
GSE93380,0.03198979053593271,-0.7312007223533268,"activation,genes,profiling,samples"
GSE95583,0.03198816939901817,-0.7312738352250124,"cell,cells,genes"
GSE69952,0.03198702464462249,-0.7313254655956442,"activation,genes,signature"
GSE85136,0.03198401882232042,-0.7314610420907944,"genes,induction"
GSE89258,0.03197827216733069,-0.7317202782922944,"cells,samples"
GSE60285,0.03196940963905129,-0.7321201653661997,cells
GSE45446,0.03196866163045499,-0.7321539214139205,"activation,cells"
GSE108678,0.031968250730378886,-0.7321724648024018,purified
GSE72196,0.03195764937296302,-0.7326509727588343,profiling
GSE76567,0.03195753299993257,-0.7326562263085444,"analyzed,genes"
GSE89574,0.031956763402701156,-0.7326909695247509,
GSE85936,0.031954219680499475,-0.7328058109880069,"genes,novel,target"
GSE109279,0.03194938972572755,-0.733023894187851,"cells,high,identified,lines"
GSE94239,0.03194704676014555,-0.7331296961703568,cells
GSE79291,0.03193643233519783,-0.7336091120879538,"genes,induction"
GSE62432,0.03193583305224167,-0.7336361843248226,"cells,vitro"
GSE95411,0.03192561526411874,-0.7340978447715629,
GSE79020,0.031923680726147,-0.7341852677664699,"purified,samples"
GSE87890,0.03192161494251484,-0.734278627685051,"cell,profiling,targets"
GSE94364,0.03192061205447704,-0.7343239538482151,"cell,cells,genes"
GSE81097,0.03191614968083016,-0.7345256509320408,analyzed
GSE84794,0.0319144560502418,-0.734602209580467,
GSE104213,0.03191284994952492,-0.7346748152937619,"cells,samples"
GSE47033,0.031912501263418235,-0.7346905785510691,"arrays,profiling"
GSE84803,0.03190734315905313,-0.7349237841212632,profiling
GSE53782,0.03190730480814493,-0.7349255181640525,"profiling,samples"
GSE100457,0.03190632542189122,-0.7349698019851221,identified
GSE66440,0.031904871505424995,-0.7350355446189247,
GSE47948,0.031896031270111334,-0.7354353434673453,"cell,cells,genes,identified"
GSE78184,0.03189585028817097,-0.735443529516776,"activation,acute,cells,genes,survival,vitro"
GSE59486,0.031895608606624805,-0.7354544611610484,novel
GSE89314,0.03189243144643957,-0.7355981769185266,cells
GSE65887,0.031891935783690914,-0.7356205990329256,samples
GSE63271,0.031888514301664575,-0.7357753848693385,novel
GSE102965,0.03188758156020473,-0.7358175844257856,identified
GSE60397,0.0318870826406974,-0.7358401572988242,"cells,profiling"
GSE74630,0.031882274047861314,-0.7360577330565757,purified
GSE42564,0.03187745951985813,-0.7362756102432875,"activation,cell,cells,genes,identified"
GSE69616,0.031875115751423676,-0.7363816873102771,"cells,genes,identified"
GSE55808,0.03187275730670924,-0.7364884364873728,"genes,samples"
GSE66575,0.03187102592265193,-0.7365668083400438,
GSE58827,0.03187021507076015,-0.7366035133675897,"genes,identified,point"
GSE86927,0.031866902161087333,-0.7367534893491767,"cells,profiling,purified,samples"
GSE90885,0.03186440478974353,-0.736866556079711,"activation,combined,improve,induction,inhibition,outcome,survival,treated"
GSE78499,0.031859577104038105,-0.7370851512783325,identified
GSE75760,0.03185876148293055,-0.7371220854656725,"cells,genes,profiling,target,treated"
GSE90855,0.0318557916401506,-0.7372565783638861,"genes,samples,vitro"
GSE45684,0.03185273118582024,-0.7373951878337912,"construct,high,samples"
GSE77081,0.03185153316717597,-0.7374494503097727,samples
GSE62902,0.03184749323968605,-0.7376324478747855,genes
GSE67688,0.03183926347902582,-0.7380053051396247,
GSE66345,0.03183920461445663,-0.7380079724029744,"analyzed,n4,samples,survival"
GSE94082,0.031836062400118506,-0.7381503591493279,"cell,malignant,mutations,pediatric,profiling"
GSE64370,0.03183444474105379,-0.7382236674616314,"ffpe,hours,samples"
GSE66716,0.03183389774546744,-0.7382484567930016,genes
GSE53105,0.03183199928215966,-0.7383344966896532,"analyzed,bone,profiling"
GSE40190,0.031831574087233264,-0.7383537675718632,"point,samples"
GSE106120,0.031825587546639764,-0.7386251196783697,"cell,combination,genes,h3k27,induction,samples,shrna"
GSE53297,0.03182551479419812,-0.7386284176444033,cells
GSE48878,0.03182359438107214,-0.7387154752805606,"activated,cells"
GSE92721,0.03182338287167154,-0.7387250639075944,"resistance,treated"
GSE92539,0.03182327356859869,-0.7387300191090135,
GSE73271,0.031821328171858156,-0.738818215567291,
GSE75357,0.03181245789499291,-0.73922042657244,purified
GSE80087,0.03181204738578993,-0.7392390432858831,"cells,profiling"
GSE69311,0.03181031635350367,-0.7393175487531071,
GSE104875,0.03181024806704944,-0.7393206457557753,profiling
GSE83311,0.03180704388711486,-0.7394659727372813,high
GSE75775,0.03180072537619177,-0.7397525944663597,"cell,cells,genes,purified"
GSE56461,0.031800532349329315,-0.7397613514912103,"activation,high,mutations"
GSE43717,0.03179935265566269,-0.7398148716572506,"cells,genes,high,purified"
GSE74746,0.03179632710809663,-0.7399521433237864,
GSE102856,0.03179404699661617,-0.7400556025524275,
GSE60163,0.031792198166412856,-0.7401394979974151,
GSE95537,0.03178300338503894,-0.7405568074281044,"myc,profiling,resistant"
GSE56473,0.03178111526787591,-0.7406425154447104,"prognosis,samples"
GSE77862,0.031777084059312025,-0.7408255226624498,samples
GSE57910,0.03177377560667938,-0.7409757358377093,"genes,novel,targets"
GSE95260,0.03177363155656876,-0.7409822764784532,"center,profiling,samples"
GSE106678,0.0317722296704556,-0.7410459311084991,"cells,high,profiling"
GSE64371,0.03176950135956798,-0.7411698219917403,"ffpe,hours,samples"
GSE90533,0.03176653156369387,-0.7413046906508625,
GSE101815,0.03176633435930699,-0.7413136468276966,
GSE66634,0.031765576435873605,-0.7413480689744598,"cells,characterized,chronic,doxycycline,genes,treated"
GSE103261,0.0317649726973339,-0.7413754891875426,cells
GSE59119,0.03176466775400467,-0.7413893391078542,genes
GSE100406,0.03176446856694168,-0.7413983858604037,"cells,genes,high"
GSE63243,0.031763489810480196,-0.741442840211823,
GSE60243,0.03176223416447102,-0.7414998726754435,targets
GSE103880,0.031761397835173594,-0.7415378606837497,"analyzed,targets,treated"
GSE96552,0.03173541294962477,-0.7427186528258661,profiling
GSE84458,0.03173518615356471,-0.7427289630342387,"cells,genes,shrna"
GSE54794,0.031733133531094145,-0.7428222791413879,"cells,combined,targets"
GSE95016,0.031730332378050334,-0.7429496346064514,
GSE80503,0.03173006251593273,-0.7429619045817469,
GSE87068,0.031724655360321694,-0.7432077768152174,samples
GSE66870,0.031716507294551645,-0.7435783618944307,mutations
GSE71877,0.031712648059113835,-0.7437539183811466,"agents,apoptosis,cell,cells,identified,therapeutic"
GSE66264,0.031710893963819244,-0.7438337191775918,cells
GSE70863,0.031709788444834665,-0.7438840159166442,cells
GSE70985,0.03169855308110319,-0.74439527999697,"cells,genes,hours,targets,treated"
GSE89771,0.031698251213497876,-0.7444090189512294,"hours,identified,inhibition,samples,treated"
GSE57809,0.03169719642775008,-0.7444570266307806,"activation,novel,targets"
GSE67009,0.0316947208429934,-0.7445697070483274,"activated,samples"
GSE57396,0.031694275811431895,-0.7445899643440955,"cells,purified"
GSE41658,0.0316934559161536,-0.7446272857253744,"cells,genes"
GSE98690,0.03169162921309453,-0.7447104401595716,novel
GSE70159,0.03168267691542129,-0.7451180323316251,"genes,identified,profiling"
GSE71075,0.031678190422949046,-0.7453223426803752,"cells,genes,hours,targets,treated"
GSE69652,0.03167505992645354,-0.7454649194778831,
GSE55188,0.031672971517063324,-0.7455600428085706,samples
GSE71802,0.031669189978644166,-0.7457323011149466,"cells,vitro"
GSE97321,0.031668690787545146,-0.745755042024946,
GSE89419,0.03166826286123405,-0.7457745367158439,"activation,aggressive,bone,novel,samples"
GSE79416,0.031668256769135886,-0.7457748142505065,hours
GSE102783,0.03166305619798109,-0.746011753542625,
GSE77893,0.031662177401633296,-0.746051795562557,"aid,cells"
GSE98844,0.03166117424702774,-0.7460975052774449,samples
GSE21699,0.03166086010033013,-0.746111819974925,genes
GSE86507,0.03165130362675565,-0.7465473469361713,"construct,genes,identified,samples,targets"
GSE99121,0.03164382355555344,-0.7468883356397119,
GSE77007,0.031635018185293656,-0.7472898431180252,genes
GSE34854,0.03163396561581533,-0.7473378456834364,"cells,purified"
GSE68318,0.03163361976164273,-0.7473536187557518,hours
GSE52525,0.03163206185241879,-0.7474246711131955,"cell,cells,combination,profiling,samples"
GSE87504,0.031628940033905296,-0.7475670600086394,
GSE90019,0.03162733332229856,-0.7476403490199798,"cells,vitro"
GSE79902,0.03162686796207259,-0.7476615767922579,
GSE81079,0.031623476785720674,-0.7478162773976027,"analyzed,doxycycline,treated"
GSE77891,0.03162139405597113,-0.747911296767309,"cells,genes,point"
GSE95102,0.031617548580469335,-0.7480867534783749,"samples,targets"
GSE94821,0.031614848197133054,-0.7482099760620077,"cells,hours"
GSE64735,0.031610476211635374,-0.7484094987015633,"cell,cells,hours,lymph,novel,profiling,resistance,survival,treated,vitro"
GSE89801,0.03160939001138135,-0.7484590734891631,"cells,genes"
GSE77894,0.031609284325560136,-0.7484638971401414,"cells,genes,point"
GSE63772,0.03160781942429498,-0.748530758975488,
GSE84299,0.03160504249849494,-0.7486575134669428,
GSE85874,0.03158053962608164,-0.7497764451314647,"genes,samples"
GSE77892,0.03157919661120721,-0.7498377994377019,"cells,genes,point"
GSE98592,0.03157919661120721,-0.7498377994377019,"cells,genes,point"
GSE70497,0.0315708073912807,-0.750221111719222,samples
GSE74315,0.031570580315911076,-0.7502314884474366,"activation,combination,genes,targets"
GSE52123,0.03156965953865767,-0.7502735662342936,identified
GSE81875,0.0315668027040739,-0.7504041260073012,"combined,high,induction"
GSE66547,0.03156430584367652,-0.7505182443301956,samples
GSE58510,0.03156328652459449,-0.750564834625491,"activation,analyzed,inhibition"
GSE93729,0.03155738438953388,-0.7508346347047392,
GSE64559,0.03155403174149683,-0.7509879143805238,target
GSE69926,0.03155240044878461,-0.7510625013227739,"activation,cell,cells,genes,hours,identified,precursor,therapeutic"
GSE48968,0.03155166657681441,-0.7510960571140883,cells
GSE97914,0.03154957495158238,-0.7511916995223094,
GSE72700,0.031548028218000866,-0.7512624300970373,"profiling,subtypes,targets"
GSE44333,0.031545481514306827,-0.7513788958573853,genes
GSE54619,0.03154301141597744,-0.7514918672867731,
GSE67169,0.03154122056633993,-0.7515737784018182,"genes,profiling,samples"
GSE97390,0.0315388696135454,-0.7516813149614499,"cell,cells,novel,samples"
GSE84526,0.03153639875793419,-0.7517943447187828,cells
GSE69244,0.031535620431886034,-0.7518299512252604,"cases,treated"
GSE61874,0.031533697450005865,-0.7519179266946733,cells
GSE68846,0.03153241485196673,-0.751976607902797,"cells,purified"
GSE69731,0.03152503624416772,-0.7523142390865455,"cells,vitro"
GSE62424,0.03151926582560269,-0.7525783376330457,"analyzed,cell,cells,genes,novel,samples"
GSE70352,0.031517291325473776,-0.7526687169835018,
GSE64608,0.03151252443917103,-0.7528869363502928,"activated,activating,profiling,treated"
GSE101125,0.03150641476326884,-0.7531666744501307,"hours,profiling"
GSE89055,0.03150261025124296,-0.7533408955442726,"cells,genes"
GSE50927,0.03150198288058509,-0.7533696269269209,"genes,hours,samples"
GSE38359,0.031500359534174106,-0.7534439731727117,
GSE99970,0.03149121835718095,-0.7538626936191573,"cells,combination,micrornas,profiling"
GSE108161,0.03148948798893073,-0.7539419684904302,samples
GSE63748,0.03148927229304929,-0.7539518506595012,"genes,identified,profiling,samples"
GSE70965,0.03148664277465994,-0.754072328246476,"analyzed,cells"
GSE67270,0.03148534332788484,-0.7541318691799809,cells
GSE45148,0.03148363689866794,-0.7542100618697974,"antibodies,high,samples,targets"
GSE65973,0.03148337636149108,-0.7542220006826319,"tar,high,n4,targets"
GSE69855,0.03148297397237694,-0.754240439889491,hours
GSE73711,0.03147920155375112,-0.7544133198640045,genes
GSE63418,0.03147381472965007,-0.7546602196916699,"activated,genes,identified,mutations,profiling,target"
GSE64824,0.03147202745625145,-0.7547421469605743,"cohort,genes,high,n4,profiling,samples"
GSE104189,0.03146727889989742,-0.7549598398178032,"activating,hours,identified"
GSE56284,0.031465908601682,-0.7550226658883944,"cell,cells,high,identified,profiling,survival"
GSE58453,0.03146233736506051,-0.7551864144655251,cells
GSE106294,0.03146208082638816,-0.7551981780091869,
GSE58088,0.03146163237241585,-0.7552187420315256,
GSE55190,0.03146128402779008,-0.755234715705121,"analyzed,high"
GSE102890,0.031461046232056915,-0.7552456201558484,profiling
GSE73859,0.031460668290175915,-0.7552629513707275,"cells,genes,inhibition,stable"
GSE87632,0.03145515862571817,-0.7555156307361628,"analyzed,cells"
GSE47019,0.03145332694464594,-0.7555996434786786,"analyzed,genes,high,identified,profiling,stable"
GSE71076,0.031452300188444804,-0.7556467392997432,"aggressive,cells"
GSE99972,0.031448105436053385,-0.7558391624938943,"cells,combination,high,micrornas,profiling"
GSE38838,0.03144683374187476,-0.7558975031778747,"cells,induction,lymph,resistance"
GSE70499,0.03144661247914421,-0.7559076541447334,samples
GSE52031,0.031446429444804316,-0.7559160513450086,"antibodies,cell,cells,high,inhibition,inhibitor,large,samples,signature"
GSE79484,0.03144564595268946,-0.7559519967381788,"cells,samples,treated"
GSE94602,0.031443196054167476,-0.7560644000306342,"hours,lymph"
GSE97196,0.03144202114104818,-0.7561183090861002,"cells,novel,profiling"
GSE37236,0.031441939931801284,-0.7561220353201279,cells
GSE98040,0.03143466989060026,-0.7564556554839421,"point,samples"
GSE21161,0.031424794443807434,-0.7569089605950386,"activation,genes,identified,novel"
GSE98668,0.03141875680853646,-0.7571861717429559,
GSE52023,0.03140420810168974,-0.7578543779514442,"analyzed,arrays,genes,micrornas,profiling,samples"
GSE83338,0.03139864154561771,-0.758110125673278,"ff,profiling,resistance"
GSE81492,0.03139658875879566,-0.7582044495687352,"identified,purified"
GSE94132,0.031389739118354555,-0.7585192296385235,"analyzed,genes,identified,resistance,treated"
GSE93824,0.031388064208707746,-0.7585962117472913,"activation,cells,genes,identified,induction"
GSE57648,0.03138566664934292,-0.7587064153933157,"cells,samples"
GSE65873,0.031369935261902314,-0.7594297164032989,"genes,samples"
GSE40436,0.031346052518842045,-0.7605284957691554,"analyzed,profiling"
GSE84139,0.031335746732781694,-0.7610028952520426,genes
GSE87550,0.03133505231610649,-0.761034866489329,samples
GSE83358,0.03133053855049432,-0.7612426994383404,analyzed
GSE97891,0.03132999834963867,-0.7612675745873293,genes
GSE85128,0.031328701716117825,-0.7613272836699843,"activated,genes,induction,stable,vitro"
GSE100607,0.03131738004267101,-0.76184874397063,"cell,cells,induction"
GSE55831,0.03131166769055939,-0.7621119184043593,"cells,gc,genes,identified,notch,targets"
GSE92275,0.03130884494824003,-0.7622419830166404,"activating,cell,genes,identified,resistance"
GSE102014,0.03130189765216218,-0.7625621462737417,profiling
GSE102867,0.03130023688866977,-0.7626386923938612,"analyzed,genes,profiling"
GSE29446,0.03129929428187209,-0.7626821398167793,"hy,genes,identified,novel,profiling"
GSE84942,0.03129339325398508,-0.762954164681955,"genes,profiling,samples"
GSE84481,0.03128449750468121,-0.7633643368158044,"cells,genes,identified,micrornas"
GSE79199,0.031283151382534305,-0.7634264150233321,"combined,point,samples"
GSE71916,0.031281576585122074,-0.7634990422844522,"analyzed,genes,identified,profiling,samples,target"
GSE103185,0.03127621927254653,-0.7637461407698818,"cell,genes"
GSE48974,0.03127223319660859,-0.7639300203630307,
GSE90697,0.03126988661928246,-0.7640382800601124,"cell,cells,hours"
GSE65818,0.031264505174083884,-0.7642865845241782,target
GSE79889,0.03126446593481899,-0.7642883952142268,"cells,subtypes,treated"
GSE80101,0.03126344971252194,-0.7643352894326999,"cells,genes,purified,target"
GSE85098,0.031256340906678934,-0.7646633723926388,
GSE76853,0.03125487970163541,-0.7647308186286867,"cells,genes,vitro"
GSE60968,0.03125377727547763,-0.7647817064521613,"cells,inhibition"
GSE72851,0.031242860445448627,-0.7652857225810157,"genes,inhibition"
GSE98831,0.031237505323696235,-0.7655330261145128,"brca1,cells,construct,genes,samples,targets,treated"
GSE58429,0.031237331915069277,-0.7655410349634261,analyzed
GSE38324,0.031234354694101293,-0.7656785443588826,"high,samples,targets"
GSE64091,0.03123199386513476,-0.7657875936733564,"cell,cells,combination,genes,profiling,purified"
GSE86573,0.031229791951516907,-0.7658893099408859,"bone,cell,cells,malignancies,profiling,samples"
GSE26337,0.03122895449452172,-0.7659279977187471,"genes,hours,identified,survival"
GSE98527,0.031227960548978115,-0.7659739161028296,treated
GSE103670,0.031227130995306752,-0.7660122410156047,"genes,n4"
GSE87202,0.031216205526285512,-0.7665170865608686,"genes,identified"
GSE77494,0.0312120649512661,-0.766708460981784,samples
GSE104415,0.03120857298084261,-0.7668698770962311,"cells,high,identified"
GSE70883,0.031195172145365758,-0.7674894975739542,"cells,genes,samples,targets"
GSE53545,0.031183968306354302,-0.7680077388654343,cells
GSE85772,0.0311807506861061,-0.7681566065218483,"chronic,identified,inhibition,signature"
GSE63143,0.031176722394298306,-0.7683430026772843,"high,samples"
GSE87681,0.03117637325872654,-0.7683591589291179,"cell,cells,samples,signature"
GSE80122,0.031163740406709713,-0.7689438660184967,"analyzed,center,genes,lines"
GSE59318,0.031156002991625048,-0.7693021065958993,
GSE69314,0.031150887245267926,-0.7695390133613756,"analyzed,cells,hours,samples"
GSE86111,0.031139891885047784,-0.7700483327838845,"cells,profiling,purified"
GSE75858,0.031134080278811194,-0.7703176066146723,"analyzed,purified,samples"
GSE41876,0.031131436937838392,-0.7704400992907344,profiling
GSE99975,0.031130850674893202,-0.770467268181443,"cells,combination,high,inhibition,micrornas,profiling"
GSE99771,0.031127942802009496,-0.7706020338444963,samples
GSE87808,0.031121514651353634,-0.7708999918182896,"cells,identified,large,mutations"
GSE38604,0.031114430386302322,-0.7712284333353527,"cell,cells,genes,samples,stable"
GSE41082,0.0311131830607061,-0.7712862697315314,"point,samples"
GSE81017,0.031108619197267474,-0.7714979081901767,"agents,cell,cells,genes,hours,profiling,targets"
GSE75816,0.031104214669012267,-0.7717021872974591,samples
GSE27623,0.031099185947225133,-0.771935451457561,target
GSE72403,0.031098819332106335,-0.7719524588780221,"doxycycline,genes,profiling,samples,treated"
GSE84927,0.031097395228119842,-0.772018525527702,samples
GSE66567,0.03109133358775025,-0.7722997693702783,"cells,hours"
GSE74966,0.03108259577757856,-0.7727052768109243,"cell,cells,genes"
GSE60261,0.031075181736642078,-0.7730494396999624,"genes,induction,novel,targets"
GSE86112,0.03107305203073815,-0.7731483167222396,samples
GSE55280,0.031065824222300004,-0.7734839366776044,"chronic,genes,induction"
GSE84386,0.031061029844672853,-0.7737066044738238,cells
GSE34030,0.031047884437793896,-0.7743172998568303,
GSE72343,0.031047795803884316,-0.774321418394587,"chronic,genes,identified,novel,profiling,samples"
GSE81082,0.03104708448728723,-0.7743544714553983,genes
GSE81251,0.031038152879283017,-0.7747695648724581,"characterized,genes,h3k27,mutations"
GSE76909,0.031037938139014145,-0.7747795463231554,"activated,activation,genes,high"
GSE60226,0.031029971766008427,-0.7751498841324973,"cells,lines"
GSE59283,0.031020716240705556,-0.7755802709979212,"high,identified,profiling"
GSE44573,0.03102055677476104,-0.7755876873746704,
GSE87069,0.031018145807705656,-0.7756998202875622,"cell,cells,combined"
GSE66828,0.03101791915416379,-0.7757103622824826,samples
GSE76587,0.031014616970457487,-0.775863960518483,"cells,profiling,samples"
GSE43575,0.031005537922301662,-0.776286348945813,"characterized,childhood,genes"
GSE75596,0.031004042595992966,-0.7763559285118238,"genes,high,purified"
GSE103849,0.03098733250383542,-0.7771337001819489,
GSE65713,0.030977894151000815,-0.7775731939325262,"large,novel,target"
GSE78973,0.030969485387944466,-0.7779648579843779,cells
GSE78974,0.030969485387944466,-0.7779648579843779,cells
GSE80776,0.03096493154946366,-0.7781770114373362,"cells,induction,samples,treated"
GSE74506,0.030948274287017498,-0.7789533030275071,samples
GSE95740,0.03094611912897598,-0.7790537720893552,
GSE95685,0.030943984132640708,-0.7791533081529296,"genes,novel"
GSE92562,0.030935300381330234,-0.7795582257318118,profiling
GSE63166,0.03093367789391259,-0.7796338938490857,"profiling,purified"
GSE49581,0.030929387507304135,-0.779834004188051,identified
GSE76033,0.03092862742964544,-0.7798694582927475,"analyzed,cells,characterized,genes,high,large,outcome,profiling,survival"
GSE70800,0.030916235844354836,-0.7804475913159392,"combined,genes,target"
GSE104708,0.0309152003735416,-0.7804959119987102,"cells,lymph,lymphoid"
GSE51735,0.03091179739249676,-0.7806547249464509,profiling
GSE61209,0.030910578274332173,-0.7807116239481978,"genes,profiling,samples"
GSE80678,0.030910237484084432,-0.7807275298010851,
GSE39866,0.03090199709131296,-0.7811121906676098,"genes,high,large"
GSE52464,0.030899087632095784,-0.7812480284900745,"antibodies,cells,genes,high,induction,profiling"
GSE71079,0.03089338348621722,-0.7815143827188649,"cells,genes,targets"
GSE83253,0.030892826928916997,-0.7815403737110824,"genes,purified,samples"
GSE81103,0.030879812318612226,-0.7821482840821571,"cell,genes,identified,mutations,samples"
GSE90987,0.03087929812384957,-0.7821723072984512,signature
GSE65388,0.03087480713907056,-0.7823821434365744,analyzed
GSE71042,0.030868958978115115,-0.7826554378390557,"analyzed,cells,genes,identified,novel"
GSE54458,0.030867529322096465,-0.7827222559463191,"cell,identified"
GSE80120,0.030865828609371353,-0.7828017465134072,"cells,profiling"
GSE53075,0.030853067197348757,-0.7833983490890517,profiling
GSE77795,0.03085202452183634,-0.7834471056097616,
GSE82013,0.030846008245277855,-0.7837284647388547,"activation,point,profiling"
GSE60731,0.030838451873805423,-0.7840819262001005,"characterized,novel,samples,shrna"
GSE93412,0.030834668645952464,-0.7842589253213665,"lines,samples"
GSE81941,0.030832651912049428,-0.7843532875208399,"cell,cells,high,lines,nfkb,prognosis,treated"
GSE83651,0.030832630118192945,-0.7843543072806669,"cells,mutations,point"
GSE99112,0.030827364894975,-0.7846006943081891,"cells,identified,inhibition,mutations,novel,target"
GSE86366,0.030826319618001186,-0.7846496132306682,"activation,point,profiling"
GSE77720,0.030825415753917014,-0.7846919153726631,n4
GSE48109,0.03082373898248633,-0.7847703939775585,cell
GSE89010,0.03082367261668942,-0.7847735002103623,"samples,therapeutic"
GSE67135,0.030823471742782604,-0.7847829020988752,"cells,profiling"
GSE52080,0.030807184330859137,-0.7855454371895244,
GSE101823,0.03079697208311708,-0.7860237542436447,"activation,cell,inhibition,novel,profiling"
GSE90148,0.030793638691013307,-0.786179916626245,"high,hours"
GSE79818,0.03078267861718121,-0.7866934921378557,"activation,cell,profiling"
GSE83993,0.03077927328573435,-0.7868530989938477,
GSE97013,0.030775381099574044,-0.7870355462103985,"combination,genes,identified,samples,targets"
GSE107632,0.030771799459801616,-0.7872034568733014,"cell,genes,subtypes"
GSE65732,0.03077169772283927,-0.7872082266838506,cells
GSE103162,0.03076157519066086,-0.7876828878359494,cells
GSE25432,0.030761043772868608,-0.7877078111511939,"cells,genes,samples"
GSE84535,0.030758474830326843,-0.7878282997620165,"analyzed,cells"
GSE72311,0.030750921490659902,-0.7881826249996615,"genes,improve,samples"
GSE80707,0.030736120659918813,-0.788877180625588,"samples,target"
GSE70895,0.030732101516134362,-0.7890658439254018,
GSE97353,0.030729014608251854,-0.7892107637374177,"activated,mir155,target,treated"
GSE103246,0.03072883990354543,-0.7892189659636616,"cells,treated"
GSE54098,0.030718942641065314,-0.7896837095566969,"analyzed,identified,malignant"
GSE43631,0.030717174119367075,-0.7897667694120065,
GSE102788,0.030714795648782277,-0.7898784834831084,samples
GSE89899,0.03071182849900067,-0.79001785927783,"chronic,genes,profiling"
GSE73536,0.030710536088420434,-0.7900785718325386,samples
GSE67374,0.03071013390384713,-0.7900974654619799,"analyzed,genes,profiling,treated"
GSE101487,0.03070914356687746,-0.7901439900807612,"analyzed,cells"
GSE95782,0.030707403973253694,-0.7902257173414219,samples
GSE87824,0.030702086540622498,-0.7904755625572757,cells
GSE79561,0.03069975963998487,-0.7905849080646494,genes
GSE61845,0.030694621607122514,-0.7908263834048086,"analyzed,cell,cells,genes,point"
GSE71534,0.030694011615885725,-0.7908550542282535,"n4,targets"
GSE98765,0.030693575630864046,-0.7908755467563655,
GSE72855,0.030693357346159512,-0.790885806863703,"genes,inhibition"
GSE75074,0.030692992224134963,-0.7909029689767081,
GSE82014,0.03068593015488845,-0.7912349530497552,"activation,profiling"
GSE47540,0.030676318425551383,-0.7916869180504896,"bone,high,marrow,novel"
GSE58917,0.030658484091440518,-0.7925259035872015,"analyzed,genes,identified"
GSE71362,0.030656770033411846,-0.7926065642010637,"cells,genes"
GSE103341,0.030652194734272605,-0.7928218919729817,"activated,cell,cells,profiling"
GSE70368,0.030647871437530803,-0.7930253892665264,"genes,identified,samples,treated"
GSE41879,0.03064148370716589,-0.7933261118612285,cells
GSE55376,0.030634996407606124,-0.7936315861613539,
GSE74973,0.03063048651748017,-0.7938439862215758,
GSE77076,0.030628572310638025,-0.7939341481265132,"cells,genes,targets"
GSE55377,0.030625949590850157,-0.794057691163548,
GSE85535,0.03061973451137955,-0.7943504943052938,"cells,genes"
GSE92999,0.030619302511944103,-0.7943708487547917,"inhibition,treated"
GSE100732,0.030615497978806753,-0.794550118746797,genes
GSE78971,0.030613866022881773,-0.7946270235051223,cells
GSE68628,0.03059731914553198,-0.7954070148877608,"cells,high,identified,therapeutic"
GSE99784,0.030595378642526816,-0.7954985145001171,"analyzed,cell,cells,genes,point"
GSE93017,0.03058606506958919,-0.7959377537458296,"activation,analyzed,antibodies,arrays,cells,samples"
GSE96870,0.030585726867754355,-0.7959537062655939,genes
GSE95672,0.030579197697738047,-0.7962617128986876,"purified,vitro"
GSE76772,0.030570995053665707,-0.7966487571078346,samples
GSE94387,0.03055970005692295,-0.7971818848906476,point
GSE79443,0.0305484404377321,-0.7977135389983091,
GSE86568,0.030541870630061054,-0.7980238411990176,
GSE99061,0.030541017781090116,-0.7980641274727378,genes
GSE70158,0.03053565730670268,-0.7983173675132053,"genes,identified,profiling"
GSE79951,0.030534803409791034,-0.7983577114970394,genes
GSE89928,0.030533238229731592,-0.7984316643355366,"activated,cell,cells,profiling"
GSE57654,0.030517300118303312,-0.7991849364757432,
GSE80262,0.030512860424779093,-0.7993948367540565,cells
GSE97939,0.03050833864406611,-0.7996086493543362,"cells,high,lymph,prognosis,resistant"
GSE62784,0.03050644195906529,-0.7996983436224674,cells
GSE85329,0.03048275925665949,-0.8008187688240413,"omp,resistance,survival"
GSE94388,0.030479572223086112,-0.8009696133676812,point
GSE103194,0.030459997359856803,-0.8018964515213334,"characterized,genes,vitro"
GSE79535,0.03045730816289678,-0.802023827185356,"characterized,high"
GSE26248,0.03045665917105344,-0.8020545688150669,"usability,combination,high,novel"
GSE28207,0.03045399949547759,-0.8021805599256572,
GSE45703,0.030452591611006316,-0.8022472570731519,"excitation,activation,inhibition,treated"
GSE65976,0.030448112973096828,-0.8024594486646197,samples
GSE60097,0.03044440986632578,-0.8026349202506842,"cells,induction,profiling"
GSE53190,0.03044135073748872,-0.8027798930641177,"cell,cells,high,identified,purified,resistant,targets,vitro"
GSE78274,0.030439766477054677,-0.802854977253658,"characterized,profiling,samples"
GSE78272,0.030429801330803658,-0.8033273534417691,"characterized,profiling,samples"
GSE78270,0.030421447748731484,-0.8037234561245304,"characterized,profiling,samples"
GSE66003,0.03041756000620276,-0.8039078387133022,
GSE39509,0.03040995358367118,-0.8042686539916121,"analyzed,cell,cells,identified,samples,signature,survival"
GSE104264,0.030377684237672654,-0.805800374304705,"cell,cells,genes,high,identified,relapse,samples,signature"
GSE52261,0.030362407045655446,-0.8065261002350097,"analyzed,samples,vitro"
GSE63093,0.03035517808055896,-0.8068696314252923,"cells,cohort,combined,profiling"
GSE84946,0.03034942958067442,-0.8071428671027897,cells
GSE100035,0.03033692170414753,-0.8077375659538778,"chronic,samples"
GSE99078,0.030334498167253202,-0.8078528236705467,"cells,point,samples,vitro"
GSE92905,0.030317616710563378,-0.8086559216178276,"cells,genes,profiling"
GSE109362,0.030312445657895686,-0.8089020124766032,"genes,identified"
GSE76752,0.03029942228049205,-0.8095219822258972,"characterized,profiling,samples"
GSE93591,0.03029498251163983,-0.8097333955581753,
GSE75901,0.03028726975980507,-0.8101007357763589,"cells,combined,genes,novel,targets,therapeutic"
GSE71126,0.030286085363923326,-0.8101571540500955,
GSE71028,0.030282698444082955,-0.8103185009405391,samples
GSE104065,0.030270293384737707,-0.8109096102254538,cells
GSE98960,0.030260738900975893,-0.8113650528615827,"cells,cohort,combination,genes,novel"
GSE80346,0.03024188931728522,-0.8122639956875077,"genes,hours,identified,samples"
GSE69407,0.030241566063001445,-0.8122794166765771,genes
GSE89992,0.030229695271499404,-0.8128458322555967,"analyzed,profiling,samples"
GSE67294,0.030224267324957043,-0.8131049011815558,"genes,improve,mutations"
GSE103901,0.030214540259958966,-0.813569277932754,cells
GSE75386,0.030210024913564816,-0.8137848944736146,"cell,characterized,genes,identified,samples"
GSE78273,0.030206605015970882,-0.8139482226602461,"characterized,profiling,samples"
GSE107958,0.03019826372390061,-0.8143466654027576,
GSE70133,0.03019104910968174,-0.8146913783235251,"construct,profiling,shrna"
GSE101596,0.030186698514710304,-0.8148992887556968,
GSE86339,0.03018109134962518,-0.8151672935742663,"novel,profiling"
GSE94054,0.03015764256924448,-0.8162886111318619,"activation,cell,identified,samples"
GSE99363,0.030154855013254114,-0.8164219696684029,"cell,genes,identified"
GSE95251,0.030139373291504044,-0.8171628499918466,genes
GSE74683,0.030129741459270054,-0.8176239749569111,"cell,profiling"
GSE67245,0.0301231815406335,-0.8179381161355225,"cells,inhibition"
GSE43721,0.030103076674025633,-0.8189013236562999,"cells,genes,high,purified"
GSE70896,0.030101711098367154,-0.8189667705851466,cells
GSE107655,0.030056115943215132,-0.8211536819167908,"analyzed,characterized,combination,combined,genes,induction,samples,subtypes"
GSE77647,0.030053960761358554,-0.8212571344608066,"cell,cells,identified,novel"
GSE77243,0.03004801120673755,-0.8215427621263951,"hours,purified"
GSE97461,0.03001303654535876,-0.8232229784436174,"cell,cells,genes,profiling,treated"
GSE86043,0.03001242013428976,-0.8232526089784478,cells
GSE84234,0.030009414906035366,-0.8233970773340077,"cells,cohort,combination,genes,novel"
GSE99622,0.029994900982275672,-0.8240949993394611,
GSE109099,0.029980931454480133,-0.8247670623361653,
GSE52594,0.029968968459062016,-0.8253428415924401,"cell,cells,chronic,genes,samples,survival"
GSE87084,0.02996887375106144,-0.8253474008077113,cells
GSE81424,0.029955553813386007,-0.8259887622399956,
GSE107389,0.029947904765195998,-0.8263571965245284,"cells,treated"
GSE74138,0.029938566518756628,-0.8268071225812497,"aid,cells"
GSE71843,0.02991522786558575,-0.8279322161945604,analyzed
GSE33060,0.029878698160353663,-0.8296949782221681,cells
GSE89692,0.029871086596573254,-0.8300625499355552,"chronic,cohort,samples"
GSE75946,0.029868822501812126,-0.8301719039113092,"cell,cells,characterized,high,identified,malignancies,resistance,signature"
GSE85512,0.029851894294745576,-0.8309897856230557,genes
GSE46980,0.029845563131737435,-0.8312957932120856,"cells,combined"
GSE106188,0.029840302120687036,-0.8315501259436302,"activation,cell,combination,genes,identified,samples"
GSE88777,0.029837245930936965,-0.8316978917263825,cell
GSE75431,0.029817192073000126,-0.8326678649070568,"cell,cells,samples"
GSE44402,0.02981300871931333,-0.8328702893010028,"identified,samples,targets"
GSE35833,0.029812103184174578,-0.832914110134622,"characterized,genes,hours,novel,profiling,samples"
GSE98401,0.02980895362220888,-0.8330665347200454,
GSE90988,0.02975450245207687,-0.8357042747096628,"genes,identified,induction,stable,treated"
GSE89364,0.029745911511082773,-0.8361208804852986,"cells,purified"
GSE120161,0.02973418586889908,-0.8366896934763305,"cells,subtypes"
GSE93682,0.029720454362249352,-0.8373560965299094,"activation,genes,high,hours"
GSE96700,0.029716126414233334,-0.8375661997716976,"analyzed,genes,stable"
GSE93774,0.029710719359862723,-0.837828731980709,cells
GSE94566,0.029707938346883983,-0.8379637789101029,"analyzed,cells,genes,induction,novel,signature,target"
GSE90809,0.029707832197472236,-0.8379689338118577,"activation,cells,inhibition,samples,target"
GSE84492,0.02970381124313836,-0.838164215765025,"genes,mutations"
GSE93787,0.029690626253043577,-0.838804744438694,
GSE82099,0.029682249249753614,-0.839211848224111,samples
GSE78156,0.02967949886405894,-0.8393455359247315,"analyzed,chronic"
GSE27218,0.029678376357854596,-0.8394001010225729,"arrays,genes,targets"
GSE79812,0.029669032901739247,-0.8398543671171478,"activation,profiling"
GSE114997,0.029655210274417382,-0.8405266668442921,activation
GSE75246,0.029655201148854855,-0.8405271107934568,"cell,cells,n4,samples,treated"
GSE66128,0.02964959620567529,-0.840799811286989,identified
GSE99250,0.029633496203919363,-0.8415834206541298,analyzed
GSE90459,0.029625441892795656,-0.8419755949036428,"aggressive,cells,malignant,purified,survival"
GSE94839,0.029618396574882428,-0.84231872747323,genes
GSE61239,0.02960433812482968,-0.8430036690470192,
GSE109238,0.02959836213559879,-0.8432949236694997,"activation,analyzed,cell,genes,identified"
GSE100873,0.029563502026756953,-0.8449950902441494,"cells,high"
GSE111778,0.029547559740147902,-0.8457732815911316,"genes,high,novel,samples"
GSE94685,0.029468698079330495,-0.8496289443830419,
GSE87862,0.02946459820378208,-0.8498296753960533,"cells,lines,samples"
GSE87586,0.029457311740422938,-0.8501864915487337,"activation,combined,identified,point,survival"
GSE96966,0.029442720838512855,-0.8509012694983099,"cells,mutations"
GSE107740,0.02942904762445563,-0.8515714134054178,"characterized,combination,combined,genes,induction,subtypes"
GSE96644,0.029425014125467924,-0.8517691604707208,
GSE33343,0.029423615878742683,-0.8518377174997182,"analyzed,cell,genes,identified,purified,target"
GSE94482,0.02941647700602058,-0.8521877922810214,"inhibition,targets,therapeutic"
GSE86895,0.029385980922582936,-0.8536842110987506,"agents,apoptosis,cell,cells,genes,identified,lines,nfb"
GSE72823,0.02938238243957393,-0.8538608882529642,"cell,identified"
GSE27201,0.029380975668835654,-0.8539299633103979,"arrays,genes,targets"
GSE88709,0.02936727286292305,-0.8546029696038261,"cells,characterized"
GSE95257,0.029362549005879392,-0.8548350522129193,profiling
GSE41286,0.02935593918664321,-0.8551598546309322,"activation,cell,cells,genes,profiling,vitro"
GSE63758,0.029315460066518993,-0.8571505702392916,"cells,genes,malignant"
GSE49023,0.029271716215257117,-0.859304934146803,"cells,signature,target,vitro"
GSE66007,0.029271518352972075,-0.8593146860827704,
GSE123021,0.02927042409710704,-0.8593686192952349,"cells,genes,samples"
GSE75038,0.02924823505524741,-0.8604626984368576,
GSE94673,0.029241088713898578,-0.8608152411099943,
GSE78143,0.029227735774131614,-0.8614741981007218,
GSE84586,0.029204333692923027,-0.8626297987364413,cells
GSE38983,0.02920313235274729,-0.8626891462011248,"cell,cells,genes,inventory,target"
GSE90969,0.02916465296217129,-0.8645913610514369,cells
GSE88908,0.02915302125632013,-0.8651668642688047,"acute,genes,inhibition,survival"
GSE55870,0.029146614152801672,-0.8654839673328252,"genes,vitro"
GSE43617,0.02909788111974016,-0.8678981670336815,stable
GSE54795,0.02909044513009754,-0.8682668961630897,"profiling,samples,treated"
GSE108917,0.029050325270987432,-0.8702579509966237,"cell,genes,high,identified,novel"
GSE67130,0.029002522239324743,-0.8726338968895219,
GSE77703,0.028986268609516523,-0.8734426404895034,"arrays,samples"
GSE69807,0.02898483095873566,-0.8735141965465026,"cell,cells,novel,samples"
GSE87758,0.028982715016551697,-0.8736195195939287,cells
GSE69751,0.028957098458018953,-0.8748952187082891,"profiling,samples"
GSE73932,0.028945206071018335,-0.8754878406472925,profiling
GSE77471,0.028926723180954413,-0.8764093642628967,"cells,profiling,signature"
GSE97804,0.02890047758243117,-0.8777189347395824,
GSE80436,0.02886816710235172,-0.8793327574108403,"cells,combination,inhibition,resistance,therapeutic"
GSE93678,0.0288452249877943,-0.8804797520837997,"cell,novel,therapeutic"
GSE65444,0.02883916957382552,-0.8807826456411222,
GSE70249,0.02883434874692972,-0.8810238302705417,"samples,vitro"
GSE73127,0.028825151547611675,-0.8814840754648623,"samples,shrna"
GSE83240,0.028780163481294,-0.883737481190999,"activating,activation,genes,samples,targets"
GSE80121,0.028763509250231536,-0.8845725678684376,"activated,profiling"
GSE97181,0.028743749922765183,-0.885563979571196,"genes,identified"
GSE36232,0.02873315239192369,-0.8860959847680049,"analyzed,genes"
GSE60647,0.02871867839993348,-0.8868229087535461,"cell,cells,genes,profiling,resistance,target,targets,therapeutic"
GSE93339,0.0287184647256053,-0.8868336428143595,
GSE124872,0.0287167343910689,-0.8869205701722824,"cell,cells,n4,samples"
GSE89960,0.02866444587979898,-0.8895498781240752,"cells,genes,vitro"
GSE89823,0.028611200280744573,-0.8922322462502692,"profiling,treated"
GSE104325,0.028574466623371392,-0.8940856992388971,"cell,genes"
GSE79108,0.028533612950991813,-0.8961498345079414,"activation,cell,identified,target"
GSE48962,0.028491403768323872,-0.8982855634612791,"genes,novel,signature,therapeutic"
GSE108069,0.028434283047217557,-0.9011808402103131,samples
GSE90024,0.02842327915520796,-0.9017392623450646,"genes,inhibition,samples,target"
GSE63809,0.028408794206924305,-0.9024746697399595,inhibition
GSE60556,0.028399947998646705,-0.9029239801953728,"cell,cells,genes,profiling,resistance,target,targets,therapeutic"
GSE22131,0.0283976260669253,-0.9030419373242372,"genes,high,identified"
GSE83243,0.028389117369831116,-0.9034742725648642,cells
GSE40652,0.02838442909016875,-0.9037125440224815,"cells,genes,identified"
GSE106330,0.028370690851349748,-0.9044109863629174,cell
GSE92707,0.02834675137091327,-0.9056288611613902,"activated,cell,targets"
GSE67672,0.02834177796134601,-0.9058820027906374,
GSE42662,0.028321084017562434,-0.9069357812394374,cells
GSE102123,0.028302971651240103,-0.9078587325065113,profiling
GSE64452,0.028256452326529236,-0.9102319254946826,profiling
GSE90891,0.028254499025872598,-0.9103316589836569,"analyzed,ezh2,genes,mutations,profiling,relapse,resistance,samples,therapeutic"
GSE100276,0.02823103019394091,-0.911530492379015,"cells,signature"
GSE64526,0.028217292246624497,-0.9122327158641348,profiling
GSE91402,0.02820790222277743,-0.912712889343037,cells
GSE77214,0.028206834440538193,-0.9127675021705567,activation
GSE70814,0.028172468019454576,-0.9145263132678134,"analyzed,genes"
GSE99791,0.028166534721101366,-0.9148301858862677,"genes,point,profiling"
GSE66001,0.028165882737819486,-0.9148635809752763,
GSE89549,0.02816357820571535,-0.9149816270912651,"cell,cells,treated"
GSE100265,0.028149072831577065,-0.9157248644069624,"analyzed,genes,micrornas,target"
GSE55782,0.028110444837919104,-0.9177059842585213,"cells,vitro"
GSE74747,0.028077848747457557,-0.9193798640059181,"analyzed,identified"
GSE70844,0.028044397463712817,-0.9210996813740038,"cells,genes,subtypes"
GSE60982,0.028024356873054514,-0.9221310030907948,"activated,genes"
GSE72129,0.028018997341042476,-0.9224069384050619,point
GSE101391,0.02792111152057761,-0.9274558928946381,"analyzed,profiling,survival,therapeutic"
GSE84148,0.027916449618989113,-0.9276967953331117,
GSE77729,0.027821877332099697,-0.9325924966465085,activation
GSE84383,0.027795599532384686,-0.9339557679163527,
GSE60537,0.027787710487727775,-0.9343652968082513,genes
GSE61024,0.027784837236127725,-0.9345144793096156,"samples,vitro"
GSE40969,0.027754696363617083,-0.9360803581980286,"activated,profiling,samples"
GSE86389,0.02769174473519791,-0.9393563138539724,"genes,high,identified,profiling"
GSE83688,0.027605887420630505,-0.9438362894571116,
GSE104525,0.02756375790728706,-0.9460396768970274,
GSE89619,0.02741150044450887,-0.9540309680600736,"cell,cells,vitro"
GSE40171,0.02738811136736692,-0.9552624843623596,"cases,cells,genes,induction,inhibition,novel,profiling,targets,therapeutic"
GSE71513,0.027345861934559994,-0.9574897321070366,"activation,cells,genes,mutations,target,targets"
GSE96103,0.027323502330258542,-0.9586698479717237,"analyzed,genes,identified"
GSE81789,0.027286033576032598,-0.9606495752664338,"activated,center,hours,identified,novel,samples"
GSE64771,0.027266619261167538,-0.9616764341084457,"aggressive,combination,novel,samples,therapeutic"
GSE81140,0.027262593705375864,-0.9618894446791862,
GSE75192,0.027239458075082976,-0.9631142668649875,samples
GSE57533,0.02722345844151921,-0.9639619112490508,"analyzed,genes,treated"
GSE79993,0.027086099925679598,-0.9712595906309063,
GSE67071,0.027070624451962677,-0.972084100977537,"cell,cells,lines,relapse,stable"
GSE60648,0.02705115163822381,-0.9731222536419529,"cell,cells,genes,profiling,resistance,target,targets,therapeutic"
GSE55590,0.02703908799994196,-0.9737657764486292,"analyzed,genes,hours"
GSE55800,0.02694458163491633,-0.9788170819402618,"cells,novel,profiling"
GSE77623,0.026943973665263018,-0.9788496348561453,
GSE89806,0.026933296112584573,-0.9794214697899946,
GSE102443,0.026877327279273534,-0.9824225867550153,
GSE106386,0.02686292726938466,-0.9831957436195342,cells
GSE85810,0.026787943705597617,-0.9872284269327578,"cell,cells"
GSE100356,0.026758523869258317,-0.9888137362233089,
GSE67647,0.02675198557471133,-0.9891662937027188,"genes,identified,target,therapeutic"
GSE42912,0.026671054105652445,-0.9935374234280863,genes
GSE95056,0.026628495541937705,-0.9958413469048614,
GSE61401,0.026616742982717094,-0.9964782248549086,"characterized,genes,identified"
GSE101091,0.02656562555933838,-0.999251582941192,"analyzed,genes,identified,samples"
GSE95224,0.026408749859510822,-1.0077962596450039,profiling
GSE90822,0.026391798911212617,-1.0087225776647097,"cell,combined,identified,vitro"
GSE31223,0.026391731665176433,-1.0087262536417376,"genes,samples"
GSE89069,0.026375141965363422,-1.0096334090895371,"aggressive,analyzed,apoptosis,genes"
GSE100175,0.02628026882700475,-1.0148322348997838,
GSE108811,0.026187090112685177,-1.0199565107584945,"cells,resistance,vitro"
GSE59547,0.02617248706735059,-1.020761243828049,samples
GSE62042,0.026028425733739598,-1.028724211832874,"analyzed,cells,genes"
GSE83580,0.02589560665140039,-1.0361049116957464,"combined,genes,identified,mutations,novel,therapeutic"
GSE85731,0.025584185329934363,-1.0535599735556302,"cell,genes"
GSE75413,0.025503350796358296,-1.0581254580901485,"genes,high"
GSE93946,0.02548262992431258,-1.0592980902751727,"cell,cells,doxycycline,identified,inhibition,survival,targets,therapeutic"
GSE51144,0.025272121613082194,-1.0712654836298063,"aggressive,cases,cell,cells,diagnosis,genes,profiling,targets,therapeutic"
GSE70732,0.025227490978463645,-1.0738155393112492,"analyzed,genes,point,signature"
GSE84447,0.02514448712011901,-1.0785701416800306,"analyzed,cell,cells,malignant,purified,samples"
GSE94583,0.02495824514078968,-1.0892957690229106,"aggressive,cell,characterized,identified,prognosis"
GSE74490,0.02371421910318971,-1.163059906292063,"cells,characterized,purified,samples,treated"
GSE59831,0.023711978758268176,-1.1631962079420508,"activation,cell,cells"
GSE107470,0.02361208785069493,-1.169286653727424,"cell,characterized,glucocorticoid,novel,therapeutic"
GSE86301,0.021749249817677677,-1.287846628395107,"cell,cells,genes,novel,prognosis,therapeutic"
GSE87388,0.021058056992630435,-1.3344399419274662,
