ID,prob,log2(prob/prior),related_words
GSE43879,0.8650842773668297,5.475410767760026,"als,amyotrophic,cord,disease,lateral,motor,neuron,neurons,sclerosis,spinal"
GSE38820,0.6414396200776799,5.0438835474833335,"als,cord,motor,muscle,neuron,neurons,sod1,spinal,splicing"
GSE49023,0.5922584354660012,4.9287969211293206,"als,amyotrophic,lateral,mn,mns,models,motor,neurons,sclerosis,sod1"
GSE100888,0.42199331645675875,4.439790229049285,"als,motor,neuron,neurons,spinal"
GSE101391,0.38313879760605607,4.300437203501422,"als,amyotrophic,disease,lateral,motor,neuron,neurons,sclerosis,spinal,sporadic"
GSE77681,0.3428648728606645,4.140210184458355,"als,amyotrophic,c9orf72,disease,lateral,loss,microglia,motor,neuron,repeat,sclerosis,sporadic"
GSE78730,0.2317055635538411,3.574862764999493,"als,amyotrophic,cytoplasmic,fus,lateral,loss,models,motor,neuron,neurons,sclerosis,splicing"
GSE79561,0.20336696200368054,3.3866554044756434,"motor,neuron,neurons,spinal"
GSE91402,0.19121782246162455,3.297787075395334,"motor,neurons"
GSE77703,0.18403711327595124,3.2425668116452417,"als,alsassociated,amyotrophic,disease,fus,lateral,loss,motor,mrnas,neurons,sclerosis,splicing,sporadic,stem,tdp43"
GSE40652,0.16883925368001462,3.1182204366635857,"als,amyotrophic,lateral,motor,mrnas,neuron,neurons,sclerosis,splicing,sporadic,stem,tdp43"
GSE43366,0.16510662605438922,3.0859680989937663,"als,cord,disease,microglia,motor,neuron,spinal,splicing"
GSE74724,0.16087767944238696,3.0485342563376165,"als,disease,motor,neurons,sod1"
GSE89619,0.15364671607488256,2.982187011606106,"motor,neurons,stem"
GSE86043,0.13585166504835944,2.804602327258104,"als,alsassociated,amyotrophic,cord,cytoplasmic,ipscderived,lateral,loss,models,motor,neurons,sclerosis,spinal,splicing,stem"
GSE90913,0.12567909090791757,2.6923147295201098,"als,amyotrophic,lateral,sclerosis"
GSE102903,0.11595931200208681,2.5761887582715954,"als,amyotrophic,lateral,models,sclerosis,stem"
GSE51685,0.09285367016379682,2.2556009202096097,"amyotrophic,c9orf72,cord,lateral,sclerosis,spinal"
GSE106386,0.09050731608663948,2.2186764005087056,"amyotrophic,fus,lateral,neurons,sclerosis"
GSE27218,0.08852602838298188,2.1867436826098436,"als,amyotrophic,lateral,loss,mrnas,sclerosis,splicing,tdp43"
GSE27201,0.08741477468069139,2.168519126432851,"als,amyotrophic,lateral,loss,mrnas,sclerosis,splicing,tdp43"
GSE65973,0.06587182438615218,1.7603034920588625,"als,amyotrophic,cytoplasmic,lateral,loss,sclerosis,splicing,tdp43,tdp43s"
GSE97390,0.06503346062638958,1.7418241804682248,"motor,neuron,neurons,spinal,stem"
GSE107586,0.0616321859139416,1.6643259446981096,"motor,neurons"
GSE56284,0.055019698496727054,1.500590218326887,"disease,mescderived,loss,mn,mns,motor,neuron,neurons,spinal,stem"
GSE55782,0.05268461906483047,1.4380238223049635,"motor,neurons,spinal,stem"
GSE83226,0.05245992043055185,1.4318576038704431,"amyotrophic,fus,lateral,sclerosis"
GSE60226,0.05120660847793456,1.39697199400212,"motor,neurons"
GSE77720,0.04832027405416965,1.3132706215997059,"amyotrophic,c9orf72,lateral,repeat,repeats,sclerosis"
GSE80561,0.04543012739134404,1.2242913353818234,"motor,neuron,neurons,spinal"
GSE81275,0.045332778223540426,1.22119656413074,"motor,neuron,neurons,spinal"
GSE84271,0.04409321175112992,1.1811985512370948,"cord,loss,mn,mns,motor,neuron,neurons,spinal"
GSE93412,0.0437734637779234,1.1706985329137691,"cord,motor,neurons,spinal"
GSE51735,0.04070239329976971,1.0657556119174876,"mns,motor,neurons,spinal"
GSE102365,0.04029382280874791,1.0512006697454466,motor
GSE102563,0.03743552318433173,0.9450499016318992,"amyotrophic,disease,diseases,lateral,loss,microglia,models,neurons,sclerosis,sod1"
GSE102562,0.03735066565831872,0.9417759392494153,"amyotrophic,disease,diseases,lateral,loss,microglia,models,neurons,sclerosis,sod1"
GSE102564,0.037265726126659945,0.9384913554977851,"amyotrophic,disease,diseases,lateral,loss,microglia,models,neurons,sclerosis,sod1"
GSE75413,0.03582983100752055,0.8818032235473346,neurons
GSE71028,0.03542359313830987,0.865352541587354,"motor,muscle,neurons,spinal"
GSE62042,0.03495607676100469,0.8461852598663645,"nonipcderived,neurons"
GSE74672,0.03451719246489393,0.8279571088724073,"lateral,neurons"
GSE35510,0.03423648933753378,0.8161767576441638,"composed,cord,mn,mns,motor,neuron,neurons,spinal,stem"
GSE108917,0.03248793457996525,0.7405460117609585,"disease,motor,neuron,neurons"
GSE55800,0.0316260925188417,0.7017573028589301,"mrnas,neurons"
GSE92707,0.03058403883791837,0.6534209218266419,neurons
GSE95056,0.028904162394998576,0.5719192500335696,neurons
GSE79108,0.02837785602563835,0.5454075810128014,neurons
GSE65543,0.028349955883539144,0.5439884746331457,"mrnas,neurons"
GSE102204,0.02813430225077331,0.5329721685492337,"cytoplasmic,disease,motor,neuron,neurons,spinal"
GSE55590,0.027760367841203965,0.5136686690981326,neurons
GSE81789,0.027586453186634156,0.5046019646033081,neurons
GSE90822,0.02744911917752457,0.49740183942523886,neurons
GSE81251,0.02739097294159455,0.49434249672843916,"listed,motor"
GSE61845,0.0263878143556606,0.4405138448684981,"loss,neurons"
GSE59547,0.026380670045439692,0.44012319271669814,neurons
GSE94482,0.026349467540838212,0.4384157932686164,"cord,motor,neurons,spinal"
GSE40969,0.02566865332763108,0.4006495932851739,neurons
GSE96939,0.025366400260021148,0.38356078590588055,"als,loss,microglia,neurons"
GSE96938,0.02519509834812703,0.37378507232230557,"als,microglia"
GSE42912,0.02487336464877595,0.35524366027792087,"disease,neurons"
GSE83474,0.024592446420067086,0.33885724373151455,"loss,models,motor,neurons"
GSE101091,0.024287282031750092,0.3208430327784015,"diseases,neurons"
GSE107389,0.024128919810363428,0.3114053157528831,neurons
GSE75386,0.024011409402390212,0.30436207270383414,neurons
GSE70844,0.023538010261192076,0.2756343546767155,neurons
GSE106188,0.02317538525283892,0.2532353059906771,neurons
GSE67130,0.02302719868916094,0.24398089918561502,"cord,neurons,spinal"
GSE101487,0.022986603308535074,0.2414352816984927,neurons
GSE72321,0.02290772319632404,0.23647606048597647,"disease,models,neuron,neurons"
GSE100175,0.022730229747513306,0.22525425087585155,neurons
GSE100356,0.022689814128546176,0.22268677522099353,neurons
GSE78270,0.022040985400249458,0.18083070932628068,"disease,expanded,models,motor,repeat,repeats"
GSE78274,0.022040985400249458,0.18083070932628068,"disease,expanded,models,motor,repeat,repeats"
GSE78273,0.022040985400249458,0.18083070932628068,"disease,expanded,models,motor,repeat,repeats"
GSE78272,0.022040985400249458,0.18083070932628068,"disease,expanded,models,motor,repeat,repeats"
GSE79993,0.022039256670325337,0.18071755068773018,neurons
GSE89899,0.021985140657482055,0.17717074721405007,"neuron,neurons"
GSE76752,0.02196071922986902,0.17556728894854226,"disease,expanded,models,motor,repeat,repeats"
GSE83873,0.021886209846344738,0.17066412132227882,"mn,mns,motor,neurons,spinal"
GSE78845,0.021875581360492086,0.16996334268820532,"muscle,neurons"
GSE102443,0.021597632426423204,0.15151515457736858,"neurons,geniculate"
GSE103341,0.021515598661245503,0.1460249676417666,"disease,neurons"
GSE79020,0.021495465051929608,0.1446743076985246,"loss,models,mrnas,neurons,splicing,tdp43"
GSE96950,0.02143211813707216,0.14041642316515493,"diseases,neurons,splicing"
GSE74215,0.02140488563466268,0.1385821117983182,neurons
GSE43078,0.021358004500443964,0.13541884538992338,lateral
GSE70896,0.021326274710567566,0.133273961147713,neurons
GSE81140,0.02126626368203512,0.12920856970499037,neurons
GSE72129,0.02120318513113421,0.12492298644300971,neurons
GSE102123,0.02110067345346519,0.1179310295184145,"diseases,neurons"
GSE64526,0.020740560118580064,0.0930968405282426,neurons
GSE70133,0.020705332185423083,0.09064433322871437,neurons
GSE55831,0.020704726092450044,0.09060210158920708,"cord,neurons,spinal"
GSE90809,0.02068400283044117,0.08915739185263338,neurons
GSE87069,0.020518455529642092,0.0775641246243375,"disease,neuron,neurons,stem"
GSE96055,0.020361190104568785,0.06646387340509682,"cord,microglia,spinal"
GSE63093,0.020328898972082756,0.06417406438579328,"neuron,neurons"
GSE54795,0.019979370882612053,0.03915314025903959,neurons
GSE88777,0.01996292884823619,0.03796538477395892,"mrnas,neurons"
GSE80121,0.019907408203426808,0.03394738961107138,"neuron,neurons"
GSE67828,0.019875491772664056,0.03163254145818398,neurons
GSE75775,0.019777986121150844,0.024537516714471894,"neuron,neurons"
GSE38604,0.01970139305398847,0.018939628444276893,"neurons,stem"
GSE33343,0.019683720449467968,0.01764491689747658,neurons
GSE107655,0.019562400771017566,0.008725418586106337,"composed,disease,neurons"
GSE61024,0.01955676320751244,0.00830959758480309,neurons
GSE107740,0.019543521203184696,0.007332409055697207,"composed,disease,neurons"
GSE114997,0.019319571976568296,-0.009294883757677277,neurons
GSE63809,0.019311906872968517,-0.009867391330555376,neurons
GSE60701,0.01928425034764348,-0.011934951504258806,"disease,loss,motor,neurons,stem"
GSE62698,0.019239868054668752,-0.0152591102370996,"cord,microglia,spinal"
GSE87758,0.01923409513690747,-0.015692055491358502,neurons
GSE77471,0.019167609617583504,-0.020687585011210294,"disease,microglia,neurons"
GSE99250,0.019123788265891496,-0.023989677797870267,neurons
GSE43617,0.018945647867793704,-0.037491540228648,neurons
GSE101984,0.01893917310220359,-0.03798467241507829,neurons
GSE71453,0.018903695971648607,-0.04068968377197194,"neuron,neurons"
GSE94595,0.018889314024876713,-0.04178770503514325,"muscle,neurons"
GSE87890,0.01883863792709218,-0.04566335664890876,neurons
GSE64452,0.018829607014680363,-0.04635512515689206,neurons
GSE74155,0.01871036839318548,-0.05552005105599658,"motor,mrnas,neuron,neurons,stem"
GSE74138,0.018670548401617762,-0.0585937116838625,neurons
GSE68715,0.018601392331636338,-0.06394740305277585,neurons
GSE98875,0.018544014822008258,-0.06840439091635733,"cytoplasmic,disease,diseases,loss,neurons,stem,tdp43"
GSE96054,0.018524520219119243,-0.06992183796268794,"cord,spinal"
GSE68177,0.018514583658382558,-0.07069590783703619,"neuron,neurons"
GSE96870,0.018508467650777134,-0.0711725586591938,"cord,spinal"
GSE52464,0.018422663003632107,-0.07787639682876658,"loss,neurons"
GSE94364,0.01830485501439767,-0.08713166883849986,"neurons,stem"
GSE62424,0.018239394521351038,-0.09230017720300678,"disease,neurons"
GSE58669,0.01816704171957609,-0.09803450203770464,"disease,motor,muscle,neurons"
GSE74973,0.01816504836472407,-0.09819280854613599,"c9orf72,diseases,expanded,repeat,repeats"
GSE93179,0.018131503926120424,-0.1008594204388051,"microglia,neuron,neurons"
GSE93180,0.018124820363277918,-0.1013913189843172,"microglia,neuron,neurons"
GSE48962,0.01811112112184613,-0.10248216016625743,"disease,neurons"
GSE75246,0.01810640029895365,-0.10285826032702419,"microglia,neuron,neurons"
GSE75431,0.01809965840591022,-0.10339554585990499,"microglia,neuron,neurons"
GSE71133,0.0180527217030901,-0.10714165531310622,"cord,microglia,neurons,spinal"
GSE100035,0.018032613182191647,-0.10874953654657007,"cord,neurons,spinal"
GSE74985,0.017991957034162082,-0.11200589450968608,neurons
GSE63137,0.017982523959426972,-0.11276248918884267,"neuron,neurons"
GSE92275,0.017964826415120205,-0.11418302011554876,"neuron,neurons"
GSE75901,0.017946029725974418,-0.11569330951582114,"diseases,neuron,neurons,stem"
GSE90736,0.017927152112306867,-0.11721169404377907,"loss,microglia,motor"
GSE77893,0.017794487377083872,-0.12792764316023414,"neurons,spinal"
GSE74683,0.0177815130777614,-0.12897992323005988,neurons
GSE68902,0.01774407083396223,-0.1320209856702593,"neurons,stem"
GSE77647,0.0177392800293571,-0.13241055823990258,"mrnas,neuron,neurons,repeat,stem"
GSE94883,0.017732413814312505,-0.1329690798916675,"motor,neuron,stem"
GSE93306,0.017706726550495933,-0.13506049036216053,"neuron,neurons"
GSE77243,0.017621566136675378,-0.14201586438814032,neurons
GSE67245,0.017582986267405953,-0.1451778990997575,neurons
GSE53506,0.01753338686479493,-0.1492533119843914,"loss,motor,neurons,spinal,stem"
GSE107632,0.017418050426416185,-0.15877486099999974,neurons
GSE87586,0.017364485063110814,-0.16321838669520022,neurons
GSE95583,0.017355995459079173,-0.1639239016935782,neurons
GSE81803,0.017211278446943843,-0.17600375132830062,neurons
GSE98415,0.017139282355913894,-0.1820513123089155,neurons
GSE83253,0.017125882898492303,-0.1831796495934199,"mrnas,neurons"
GSE95672,0.017093684740322225,-0.1858945954581234,neurons
GSE97721,0.01706285746368557,-0.1884987449611878,neurons
GSE44402,0.017045801251868005,-0.18994159936726637,"mrnas,neuron,neurons,splicing"
GSE106120,0.01700216861101335,-0.19363924297389867,"loss,neurons"
GSE74315,0.016890244879308344,-0.2031677706313996,"neuron,neurons"
GSE101753,0.016771547246055462,-0.21334222575108353,sclerosis
GSE53789,0.016730006442139473,-0.21692001459495508,"disease,microglia,neurons"
GSE87808,0.016719588555150544,-0.21781867028167773,motor
GSE72121,0.016695269179035386,-0.21991866123736656,neurons
GSE64091,0.01667882278935008,-0.22134055021535792,neurons
GSE82187,0.016648200271278037,-0.22399179016048634,"neurons,splicing"
GSE66128,0.016622885382394148,-0.2261871902193427,"loss,neurons"
GSE69731,0.01661808017713764,-0.2266042927749162,neurons
GSE70800,0.016507518084592075,-0.23623478902578127,neurons
GSE65818,0.016495101370518128,-0.23732037150133117,"loss,neurons,splicing"
GSE79790,0.016479398605301007,-0.2386944213420308,"mrnas,neurons,trapseq"
GSE75596,0.01644863186201443,-0.24139042473191194,"mrnas,neuron,neurons"
GSE84737,0.01642037684903755,-0.2438707780337782,"cord,spinal"
GSE96684,0.0163313607616685,-0.25171301135618024,"disease,motor"
GSE53793,0.01626003275736159,-0.25802785164226466,"neuron,neurons"
GSE85128,0.016256614430671487,-0.2583311795317363,neurons
GSE93010,0.016236158008820615,-0.26014773010849507,neurons
GSE66345,0.016234287448470042,-0.26031395192075746,"disease,neurons"
GSE68949,0.016228108277584724,-0.26086318182824497,"neuron,neurons"
GSE86235,0.016198709037220066,-0.2634791739861857,"disease,motor"
GSE61288,0.01612840762417398,-0.2697540088821196,"lateral,stem"
GSE74893,0.016115369121016358,-0.2709207819323151,sclerosis
GSE44333,0.01608580192701857,-0.27357015490560277,"cord,disease,spinal"
GSE107115,0.016067345036414736,-0.2752264573197565,neurons
GSE76097,0.016040851032848618,-0.2776073307983273,"cord,spinal"
GSE52525,0.01603714670161941,-0.2779405324128532,neurons
GSE70368,0.016034789558962186,-0.2781525955699224,neurons
GSE80222,0.016021890032543586,-0.27931366927035217,neurons
GSE99078,0.01593934664677996,-0.2867655209778196,"ipscderived,microglia,neurons,stem"
GSE70725,0.01593022920203113,-0.2875909911846384,neurons
GSE90883,0.01589292352098161,-0.29097348104476334,"diseases,neurons"
GSE77067,0.01587357415347699,-0.2927310081276465,neurons
GSE63804,0.01580291613978212,-0.2991672094922681,"disease,sclerosis,stem"
GSE81103,0.015778745643593314,-0.30137549492290344,motor
GSE85329,0.015778629923103464,-0.3013860756111792,neurons
GSE76198,0.01574390425276797,-0.3045646634982334,"neurons,splicing"
GSE71233,0.01572523729382949,-0.306276227965781,motor
GSE71234,0.01572523729382949,-0.306276227965781,motor
GSE45376,0.01572271827314883,-0.30650735133047285,"cord,disease,spinal,splicing"
GSE71229,0.015707516453573548,-0.3079029241993762,motor
GSE79951,0.01570406886692286,-0.30821961093347156,neurons
GSE100397,0.015699233948215048,-0.30866385167713106,"diseases,neurons"
GSE92842,0.01569808963624671,-0.3087690130739769,"neurons,stem"
GSE99363,0.015678992257498265,-0.3105251800183588,"loss,neurons"
GSE66619,0.01566748960350289,-0.3115839797072442,"cord,spinal"
GSE77894,0.015655552008617776,-0.3126836372684727,neurons
GSE77892,0.01564279377047877,-0.31385981750771125,neurons
GSE98592,0.01564279377047877,-0.31385981750771125,neurons
GSE51572,0.015594760252534721,-0.3182966420235445,"mrnas,neurons"
GSE85512,0.015591537982568498,-0.3185947699310102,neurons
GSE101823,0.015580180862298898,-0.3196460345018394,"mrnas,neurons"
GSE97181,0.01557968613753431,-0.31969184579907906,"loss,neurons"
GSE71126,0.015533409814561513,-0.3239834579869384,neurons
GSE99622,0.015511186914760746,-0.3260489299975774,"microglia,neurons"
GSE78996,0.015484110486975162,-0.3285695083628373,"cord,healthy,spinal"
GSE79702,0.015467039939679225,-0.33016089324428827,"cord,disease,diseases,sclerosis,spinal"
GSE93570,0.015465203971321702,-0.33033215417546136,neurons
GSE87550,0.015449527887158664,-0.3317952631504618,neurons
GSE97461,0.015425584345488784,-0.3340328735269279,neurons
GSE77891,0.015414253042706666,-0.3350930357359852,neurons
GSE93918,0.015374519902289727,-0.33881665515809606,neurons
GSE89960,0.015280038430948209,-0.34770984359046675,"disease,diseases,microglia"
GSE42662,0.0152334596065423,-0.3521143921016906,"neurons,stem"
GSE99049,0.015219448051277609,-0.35344197651163217,"tangentially,loss,neurons"
GSE74506,0.015159487413463004,-0.3591370429011189,neurons
GSE71916,0.015130118063036041,-0.36193477029486104,"cytoplasmic,disease,mrnas,neurons,splicing"
GSE90466,0.015118413927744411,-0.3630512210892965,"motor,stem"
GSE79252,0.015095861841436232,-0.36520489105439413,"disease,diseases,healthy,microglia"
GSE80312,0.015059701626196102,-0.36866482893713604,motor
GSE77988,0.015058309421253151,-0.3687982060824836,"diseases,neurons,stem"
GSE62266,0.015055258569711936,-0.3690905293571867,"motor,neuron,stem"
GSE93325,0.015003423322644038,-0.37406629830708177,sclerosis
GSE99112,0.014999282748890019,-0.3744645014054984,"disease,loss,neurons,stem"
GSE91387,0.0149892938232025,-0.37542559897887,"disease,microglia,sclerosis"
GSE96096,0.014978698565145538,-0.37644573584319746,neurons
GSE95740,0.014940480460691406,-0.38013147198652725,neurons
GSE87202,0.014929556398238616,-0.38118671617682254,neurons
GSE101701,0.014899268594928362,-0.3841165049742144,"cytoplasmic,loss,motor"
GSE80346,0.014855945547312196,-0.3883175831327456,neurons
GSE93682,0.014850849420989671,-0.38881256458417557,"neurons,splicing"
GSE65388,0.01484395170502607,-0.38948280317246575,"neuron,neurons"
GSE68884,0.014839415248613971,-0.3899237722330256,neurons
GSE79014,0.014815569437085339,-0.3922439380882879,"disease,diseases,sclerosis,airedependent"
GSE109556,0.014781822328028023,-0.3955338771725455,neurons
GSE52564,0.014737547997244917,-0.3998615037208929,"e7510,microglia,neurons,splicing"
GSE90908,0.01472031310868033,-0.40154965691097716,"cord,healthy,spinal"
GSE62710,0.014695403997183101,-0.4039929942663239,"diseases,microglia"
GSE106447,0.014620621717446838,-0.4113533547180153,"microglia,neurons,stem"
GSE94546,0.014601619759229764,-0.41322959920615254,"cord,microglia,spinal"
GSE68376,0.014593934457625198,-0.413989135859328,microglia
GSE62571,0.014590616323722683,-0.4143171899303094,"neurons,splicing,sporadic"
GSE99265,0.014572482545835907,-0.41611134184252996,neurons
GSE72710,0.014539214662681894,-0.41940867147577454,neurons
GSE70249,0.014530994914480028,-0.42022453007856486,"disease,neurons"
GSE78809,0.014530972034830144,-0.4202268016631056,"microglia,stem"
GSE42443,0.014506156206254568,-0.42269272606448527,"cord,spinal"
GSE90937,0.014505881902302602,-0.4227200069435279,"cord,neurons,spinal"
GSE92905,0.014479645694765881,-0.42533171423194616,"disease,loss,neurons,stem"
GSE77076,0.01447526329204165,-0.42576842572211765,"disease,neurons"
GSE67525,0.014472180706058017,-0.42607568818914593,"consortium,lateral"
GSE49581,0.014469646724618597,-0.4263283164984298,"disease,models,neurons"
GSE76853,0.014454514018150072,-0.427837911384414,neurons
GSE54443,0.014394971082086512,-0.43379312481403925,"disease,microglia,models,repeat"
GSE80120,0.014380987150094544,-0.4351953058126546,"neurons,trapseq"
GSE100212,0.014361414549191535,-0.437160158918542,"disease,sclerosis"
GSE65487,0.01434064376599777,-0.4392482259701082,"neurons,stem"
GSE22131,0.014338152138363394,-0.43949891005411856,neurons
GSE90854,0.014301686150703792,-0.4431727665512544,neurons
GSE90855,0.01430116546004989,-0.44322529263043886,neurons
GSE67541,0.014252202174076651,-0.44817316147753317,"models,neurons"
GSE68713,0.014238253358312466,-0.44958583730606194,"disease,neurons"
GSE67294,0.01421444854271297,-0.4519998855428333,"loss,neurons"
GSE87799,0.014169638462467377,-0.45655506706037846,"microglia,stem"
GSE80044,0.014162581933760675,-0.4572737131134715,"disease,neuron,neurons"
GSE94054,0.014154606191562702,-0.4580864042584945,"microglia,neurons"
GSE67403,0.014154559687304526,-0.4580911441694433,"neuron,neurons"
GSE104325,0.014127998217748357,-0.4608009494000821,neurons
GSE103185,0.014127998217748357,-0.4608009494000821,neurons
GSE75330,0.014121331888869234,-0.4614818490714776,"cord,spinal"
GSE59725,0.014106833134241714,-0.46296386415977553,"disease,diseases,microglia"
GSE97101,0.014100257080298393,-0.46363654897145734,"disease,loss,neurons"
GSE43575,0.014078625906537488,-0.4658514836981347,"loss,neurons"
GSE75706,0.014067624681769841,-0.4669792654020903,microglia
GSE102727,0.014061757792057709,-0.46758106551794737,"disease,neurons,stem"
GSE64735,0.01404693019706512,-0.4691031358299157,"cord,diseases,neurons,spinal"
GSE98969,0.014010693879087377,-0.4728296085469639,"disease,diseases,microglia"
GSE120161,0.014008341131516657,-0.47307189364061064,neurons
GSE75229,0.013996537379552254,-0.4742880542766676,neurons
GSE95401,0.013987893735159174,-0.4751792743444652,disease
GSE98142,0.013979269501606575,-0.47606904205289197,microglia
GSE61098,0.013976088658443428,-0.4763973502541928,"mrnas,neurons"
GSE64411,0.01396722963616508,-0.47731212120598543,"neurons,stem"
GSE89737,0.013943231855012882,-0.4797930180842547,"mrnas,neurons"
GSE83373,0.013942127212555064,-0.4799073190830564,"loss,neurons"
GSE79818,0.013931528536871539,-0.48100445953158527,microglia
GSE93824,0.013931141114266316,-0.4810445800712405,"disease,microglia,models,neurons"
GSE74966,0.013930618627737727,-0.4810986892682758,"neurons,splicing"
GSE79812,0.013928679646215119,-0.48129950976303837,microglia
GSE37933,0.01392771467710748,-0.4813994621208778,"mrnas,neurons,splicing"
GSE80304,0.013922441724667126,-0.48194576156118946,microglia
GSE95833,0.013899104871898936,-0.4843660417952849,"neuron,neurons"
GSE85763,0.013873931798097584,-0.4869813178354178,"disease,loss,models,muscle"
GSE95734,0.013865200816048721,-0.4878895037614282,"disease,diseases,loss,microglia,stem"
GSE123021,0.013864581964390476,-0.48795389764619923,"healthy,microglia"
GSE67310,0.013841991121418463,-0.4903065310264981,neurons
GSE63943,0.013837220784356697,-0.4908038097578397,"disease,diseases,models,neurons,splicing"
GSE66312,0.013828159179282706,-0.4917488994827909,lateral
GSE51606,0.013822732185775314,-0.49231521010310464,"neurons,splicing,stem"
GSE95832,0.013821795259755063,-0.49241300150332146,"neuron,neurons"
GSE70383,0.013801015222249828,-0.4945836179026289,"microglia,stem"
GSE104686,0.013800505144789586,-0.4946369400539204,"neurons,stem"
GSE69807,0.013776488772556064,-0.497149781735276,neurons
GSE74065,0.013765311932795139,-0.4983207125944143,"disease,models,neurons"
GSE97464,0.013765289287628938,-0.4983230859584185,microglia
GSE90988,0.01376475141389005,-0.49837945985079524,neurons
GSE61695,0.013757465607116187,-0.4991432934866569,"neurons,stem"
GSE57980,0.013745437204219006,-0.5004052197956753,"disease,healthy,muscle"
GSE43650,0.01372768414166207,-0.5022697519363092,"neuron,neurons"
GSE71025,0.01372728446061733,-0.5023117565635644,microglia
GSE52261,0.013716562048367326,-0.5034390891888584,"expanded,neurons"
GSE72596,0.013702515485553343,-0.5049172503896495,"neurons,stem"
GSE46815,0.013702455949303777,-0.5049235187889585,"lateral,stem"
GSE61401,0.013697310456380295,-0.5054653757596339,"mrnas,neurons"
GSE65072,0.013671177932624155,-0.5082204620728192,neurons
GSE60261,0.013665227176971603,-0.5088485714215553,"loss,neuron,neurons"
GSE55621,0.013660679494236246,-0.5093287691671856,"neurons,stem"
GSE90447,0.013648945419394274,-0.5105685293381315,neurons
GSE66870,0.013602226302793598,-0.5155152160021491,neurons
GSE21161,0.013585348874995283,-0.5173064007147326,neurons
GSE121654,0.013584607430866785,-0.517385140463557,microglia
GSE84175,0.013580618813010792,-0.517808796735773,"loss,neurons"
GSE92395,0.013571117191050528,-0.5188185254278896,"sclerosis,stem"
GSE82099,0.01356956522072715,-0.5189835190605195,"disease,neuron"
GSE66634,0.013564982159800301,-0.5194708652647078,"disease,diseases,models,sclerosis"
GSE94098,0.01355770551891006,-0.5202449754194909,"loss,mrnas,neurons,stem"
GSE84545,0.013557351664979197,-0.5202826300191344,"loss,neurons,stem"
GSE61577,0.01355721799860346,-0.5202968540927453,"disease,loss"
GSE84547,0.013556891278836724,-0.5203316224845395,"loss,neurons,stem"
GSE84548,0.013556891278836724,-0.5203316224845395,"loss,neurons,stem"
GSE81367,0.013550654384774648,-0.5209954919771402,"disease,models,muscle"
GSE87043,0.013549348012375196,-0.5211345839931545,neurons
GSE72744,0.013546573979403119,-0.5214299851702966,"neurons,stem"
GSE106423,0.013535252916309195,-0.5226361698636323,"loss,neurons"
GSE45703,0.013515384900284375,-0.5247554169985693,neurons
GSE75691,0.013512617057665044,-0.5250508996495652,neurons
GSE89547,0.013507454154596943,-0.5256022301538466,"disease,diseases,sclerosis"
GSE108045,0.01350680862788853,-0.5256711787821075,microglia
GSE89546,0.013502589775603448,-0.5261218750344642,"disease,diseases,sclerosis"
GSE77693,0.013474781214985403,-0.5290961668378998,"disease,loss,microglia,neurons"
GSE61887,0.013470365390901864,-0.5295690302931982,neurons
GSE45975,0.013470206895975535,-0.5295860054221443,"disease,diseases,sclerosis3"
GSE60731,0.01345864448564175,-0.5308249021606627,neurons
GSE94239,0.013453847744393146,-0.5313391789378499,"mns,stem"
GSE31385,0.013447961821006247,-0.5319704816460328,"neurons,stem"
GSE79115,0.013420167712307458,-0.5349553144412802,neurons
GSE58510,0.013416560061835439,-0.5353431962665459,"healthy,neurons"
GSE66630,0.013415991572879975,-0.5354043277018365,"disease,loss,models"
GSE86573,0.013406208943654857,-0.5364566911190011,"disease,microglia,models"
GSE65713,0.013404397137828504,-0.5366516798691074,neurons
GSE85061,0.01340275414178142,-0.5368285238931199,"loss,neurons,stem"
GSE35838,0.013402704034452418,-0.536833917540532,"loss,neurons"
GSE97718,0.013396439659774778,-0.5375083855421536,"disease,diseases,muscle"
GSE80206,0.013394077286103466,-0.5377628177202296,neurons
GSE82068,0.013391919709040537,-0.5379952321221517,"loss,mrnas,neurons"
GSE86790,0.013387150634824698,-0.5385090901243311,"disease,neurons,stem"
GSE87862,0.013386502597910738,-0.5385789289045783,"mrnas,neurons"
GSE71079,0.013353692414247692,-0.5421193004684028,"neurons,splicing,stem"
GSE71075,0.013348567807312507,-0.5426730547230105,"neurons,splicing,stem"
GSE70985,0.013347804531031385,-0.542755550943242,"neurons,splicing,stem"
GSE90860,0.013344944301555,-0.5430647314568757,neurons
GSE90932,0.01333510075138462,-0.5441292905032898,"diseases,microglia"
GSE76909,0.01333196663424649,-0.5444684035529687,neurons
GSE36232,0.013326822488651805,-0.5450251755351436,"disease,models"
GSE87404,0.013315538620492656,-0.5462472280057892,"muscle,stem"
GSE93856,0.013307042248118255,-0.5471680759706609,ttreg
GSE94144,0.013296890232507344,-0.5482691359961644,"diseases,microglia"
GSE75907,0.013288923760362666,-0.5491337467395919,"disease,loss"
GSE46688,0.01328734129464495,-0.5493055553395814,"microglia,models"
GSE74274,0.013284904462480549,-0.549570162683729,"disease,muscle,splicing"
GSE93524,0.013280298811947512,-0.5500704072466642,"cord,models,spinal"
GSE111778,0.013268896587326677,-0.5513096111983908,neurons
GSE52477,0.013260508249807968,-0.552221943262916,"repeat,repeats,stem"
GSE99866,0.013231993519427969,-0.5553275824627077,"stem,quartzseq2"
GSE98739,0.013228531585213348,-0.5557050893588907,"disease,models"
GSE102721,0.013225246013027379,-0.5560634562277397,neurons
GSE90046,0.013222779366919098,-0.5563325589730103,microglia
GSE94011,0.013215924808623936,-0.5570806317541742,"loss,neurons"
GSE75878,0.013204687696937287,-0.5583078346646565,"loss,models,neurons"
GSE98563,0.013202439980922152,-0.5585534326559073,"disease,microglia"
GSE46149,0.013200688585616998,-0.5587448288625138,"splicing,stem"
GSE64910,0.013199953404345441,-0.5588251786036532,"splicing,stem"
GSE56473,0.013197462951615035,-0.559097399472994,"disease,loss,models"
GSE75889,0.013196834260603856,-0.5591661271528379,"models,neurons,stem"
GSE83963,0.01319547471116306,-0.5593147625177778,"disease,diseases"
GSE55163,0.013194217097344989,-0.5594522672096268,"disease,diseases,mrnas,muscle"
GSE61890,0.013193485026897673,-0.5595323161960236,"disease,muscle,splicing"
GSE64357,0.013188343126505558,-0.5600946877077512,"loss,splicing"
GSE68628,0.01317777127552084,-0.5612516240369706,neurons
GSE70883,0.01315970439719909,-0.5632309329252967,"neurons,splicing,stem"
GSE66961,0.013158251960465196,-0.5633901719822239,neurons
GSE84148,0.013156135456410152,-0.5636222480600319,"composed,listed,microglia,subseries,superseries"
GSE101624,0.013134066523177503,-0.5660443479766162,neurons
GSE101623,0.013131076963940001,-0.5663727697350679,neurons
GSE83312,0.013126549460077417,-0.5668702867100915,neurons
GSE89633,0.013118089098898902,-0.5678004364251845,"disease,healthy,muscle"
GSE77769,0.013106350958556405,-0.5690919460212114,"repeats,stem"
GSE74170,0.013092786216394921,-0.5705858721658261,"disease,phi,oir,loss"
GSE53627,0.013089549885406733,-0.5709425277883772,"disease,loss"
GSE43410,0.013089492943040348,-0.5709488038367522,neurons
GSE89136,0.013088420233340614,-0.5710670403787224,"disease,loss,muscle"
GSE98473,0.013087389357275755,-0.5711806750521533,"models,muscle"
GSE107925,0.013087064287078369,-0.5712165097762021,microglia
GSE104424,0.013077232042368298,-0.5723008065731147,disease
GSE94525,0.01304352192074775,-0.5760245468876837,"diseases,microglia"
GSE86418,0.013039579219080829,-0.5764607002542177,"disease,models"
GSE108184,0.013032221665510354,-0.5772749674678995,"disease,healthy"
GSE75484,0.013028884565818981,-0.5776444389062394,disease
GSE61891,0.01300079588852672,-0.5807580699963378,"disease,muscle,splicing"
GSE106161,0.01299539302793792,-0.5813577486888841,"disease,healthy,models,repeats"
GSE105158,0.012992942709895323,-0.581629798560395,"disease,healthy,models,repeats"
GSE99646,0.012981893845372384,-0.5828571512701742,disease
GSE97690,0.012979472832673703,-0.583126226705821,muscle
GSE89977,0.012977373934421572,-0.5833595424188929,"muscle,stem"
GSE89817,0.012974686316412399,-0.5836583559350472,"diseases,microglia"
GSE85690,0.012972414630645473,-0.583910973736586,"composed,listed,subseries,superseries"
GSE100686,0.012971563017593517,-0.584005686886891,"models,muscle"
GSE84989,0.01296957922048306,-0.5842263413386263,splicing
GSE90821,0.012967186788917234,-0.5844924924203936,"loss,splicing,stem"
GSE81492,0.01296070248267914,-0.5852140996866343,"disease,models"
GSE81830,0.012952568823401064,-0.586119766142368,"muscle,stem"
GSE89482,0.012943578818690876,-0.5871214468489535,"disease,microglia"
GSE80812,0.012942635627611164,-0.5872265790301566,muscle
GSE94581,0.012942510416208282,-0.587240536213917,"disease,eos"
GSE44640,0.012941222173328822,-0.587384143138364,disease
GSE86520,0.012936243157675999,-0.5879393135298683,"disease,muscle"
GSE58757,0.012920832808561981,-0.5896589539800469,"cytoplasmic,loss,mrnas,stem"
GSE80204,0.012910639824734109,-0.5907975160893255,"disease,splicing,stem"
GSE75778,0.012909846870336745,-0.5908861272290454,"disease,loss"
GSE74570,0.012906370796613062,-0.5912746360662365,"loss,muscle"
GSE106692,0.012898498132303014,-0.5921549237470117,microglia
GSE58465,0.012898366911837536,-0.5921696008106384,"expanded,muscle,stem"
GSE101826,0.012896412633386773,-0.5923882053410536,"disease,diseases,splicing"
GSE76217,0.012893928357617993,-0.5926661429103285,models
GSE69733,0.012884939287058103,-0.5936722761682609,cytoplasmic
GSE108402,0.012883709454246267,-0.59380998410304,"muscle,splicing"
GSE44674,0.012878775743096803,-0.5943625581766204,disease
GSE79696,0.012876626034081273,-0.5946033911148983,muscle
GSE86071,0.01286736374843307,-0.5956415094688458,disease
GSE99645,0.012864713079130544,-0.5959387344069605,disease
GSE102566,0.012863621409955606,-0.5960611632961361,disease
GSE69190,0.012861599244178283,-0.5962879732880917,"ipscderived,stem"
GSE90059,0.01285985284096392,-0.5964838819212658,"disease,models,stem"
GSE75993,0.012858766768867862,-0.5966057291161565,"loss,muscle"
GSE89270,0.012857092918865417,-0.5967935396836783,"disease,models,splicing"
GSE71843,0.012856400881363207,-0.5968711953364296,models
GSE54226,0.012855261428957,-0.5969990658970336,splicing
GSE92539,0.012849902140976534,-0.5976006429524069,muscle
GSE41246,0.012844257258024296,-0.5982345492535356,"disease,loss,models,mrnas,muscle"
GSE89984,0.012835869207134991,-0.5991770212361025,splicing
GSE64379,0.012835543318700668,-0.5992136501226223,"muscle,stem"
GSE74920,0.012834544822389058,-0.5993258839155033,muscle
GSE65267,0.012832001877997372,-0.5996117574549374,"disease,healthy,loss,models"
GSE71679,0.01283051357132898,-0.5997790966743882,"loss,muscle"
GSE58996,0.012828454660112072,-0.6000106243789981,"disease,models"
GSE81230,0.012823488100263096,-0.6005692745694232,microglia
GSE67404,0.01281255686436379,-0.6017996079379485,stem
GSE83555,0.012811024823083005,-0.601972126236742,"mrnas,muscle,stem"
GSE35724,0.01280909907711551,-0.6021890076361743,"disease,models"
GSE68736,0.012808453458446313,-0.6022617258126091,"models,muscle"
GSE38990,0.012807595773999729,-0.6023583353316624,"cytoplasmic,stem"
GSE95168,0.01280666819756663,-0.6024628247616259,"disease,loss,models"
GSE110648,0.012805192496029277,-0.6026290748687617,"disease,diseases,loss"
GSE80465,0.01280179078290071,-0.6030123792694809,"disease,microglia,modelwe"
GSE76069,0.012792115153278504,-0.604103184523922,microglia
GSE97375,0.012791974500288754,-0.6041190474585465,"muscle,stem"
GSE62784,0.01278427197562575,-0.6049880095621186,"loss,stem"
GSE90067,0.012781901197895774,-0.6052555747750017,"disease,models,stem"
GSE67009,0.012776093207504335,-0.6059112724754226,"loss,splicing"
GSE66534,0.012771987537040569,-0.6063749652692428,"composed,listed,subseries,superseries"
GSE97764,0.0127623838422719,-0.6074601851295212,muscle
GSE58432,0.012756916230511102,-0.6080783914651977,splicing
GSE38669,0.01275687432402284,-0.6080831307282772,splicing
GSE72207,0.012753716459292321,-0.6084403028414975,neuron
GSE65337,0.012752398314420658,-0.6085894185408569,"loss,stem"
GSE78082,0.012750281239006034,-0.6088289458581716,"disease,diseases,microglia"
GSE84377,0.012747274445959906,-0.6091692047826216,"muscle,stem"
GSE67609,0.01274640670131864,-0.609267416640216,"mrnas,repeats,stem"
GSE70022,0.012746222479642393,-0.6092882678201287,"disease,splicing"
GSE84378,0.01274576742245262,-0.609339774882041,"muscle,stem"
GSE76222,0.012744334481526464,-0.6095019787663578,"disease,splicing"
GSE84379,0.012743250003305057,-0.6096247500202483,"muscle,stem"
GSE106365,0.012740754118355794,-0.6099073430408155,muscle
GSE89505,0.012739904463835465,-0.6100035565950648,"disease,loss,models"
GSE63482,0.01273841941235928,-0.610171736920662,neuron
GSE95682,0.012736704685631985,-0.6103659520883814,muscle
GSE90766,0.012734030649227237,-0.6106688737766437,models
GSE56185,0.012725225980729067,-0.6116667388965893,"disease,muscle,splicing"
GSE68025,0.01272169679452894,-0.6120669082614206,"mescderived,models,stem"
GSE90019,0.012714957987581394,-0.6128313203805029,"disease,loss,stem"
GSE65831,0.012711865843789171,-0.6131822112795261,microglia
GSE81017,0.012711611483467817,-0.6132110794291901,"mrnas,splicing"
GSE70766,0.012707179939468308,-0.6137141219625638,"loss,stem"
GSE75599,0.012703950871120978,-0.6140807771068142,"loss,spinal"
GSE84063,0.012698382112785284,-0.6147133190208663,muscle
GSE88949,0.012697056177013248,-0.6148639697749713,stem
GSE39438,0.012695167443452768,-0.6150785919039363,"loss,models,muscle"
GSE98197,0.01268862315704449,-0.6158224847216134,loss
GSE67715,0.012683894019787813,-0.6163602873290053,"splicing,stem"
GSE67691,0.012683894019787813,-0.6163602873290053,"splicing,stem"
GSE54973,0.01268105216040269,-0.6166835631151908,"disease,models"
GSE103722,0.012680268884409051,-0.6167726774314389,muscle
GSE103799,0.012679317934012968,-0.6168808756785968,disease
GSE97077,0.0126786982484826,-0.6169513872860759,"disease,diseases,healthy,models"
GSE97399,0.012677076123297631,-0.6171359789241723,"muscle,stem"
GSE97353,0.012676634865079596,-0.6171861965071739,"disease,microglia"
GSE54794,0.01267382391980368,-0.617506138395469,splicing
GSE45278,0.012672756011942255,-0.6176277063056853,"disease,stem"
GSE68915,0.012668928461560171,-0.6180635090640022,"mrnas,muscle"
GSE78948,0.012665879814543465,-0.6184107205294075,"loss,models"
GSE73221,0.012665872959828661,-0.6184115013094146,stem
GSE31843,0.012663649995600403,-0.6186647283032318,muscle
GSE69244,0.012659801444068596,-0.6191032377430307,sporadic
GSE64856,0.012656117569680304,-0.6195231085244051,stem
GSE92344,0.01265601141621809,-0.619535209211281,"loss,stem"
GSE100070,0.012655909730089338,-0.6195468007513172,"disease,diseases,loss"
GSE81716,0.012655472778126616,-0.6195966114188761,splicing
GSE107470,0.012654336068237505,-0.6197261995742833,"loss,muscle"
GSE76733,0.01265423484313565,-0.619737740087809,muscle
GSE66822,0.012650543209881534,-0.6201586804347361,"disease,muscle,stem"
GSE93678,0.012650017051161224,-0.6202186859499336,disease
GSE70031,0.012649558491615759,-0.6202709841856212,"healthy,stem"
GSE54695,0.012648312450437538,-0.6204131034520318,models
GSE72808,0.012645344858087193,-0.6207516334427442,"loss,repeat"
GSE27623,0.012644559818515208,-0.6208412006208137,"composed,listed,subseries,superseries"
GSE26248,0.012642733068631739,-0.6210496407266148,"models,splicing"
GSE87266,0.012639323207458992,-0.6214388013059718,"models,muscle,muscle1"
GSE83351,0.012639072013475444,-0.621467473720594,"mrnas,splicing"
GSE93167,0.012636882159897769,-0.6217174576288585,"models,muscle,muscle1"
GSE76722,0.012632634578490799,-0.6222024660880835,muscle
GSE90921,0.012630922068328629,-0.622398054536437,"splicing,stem"
GSE45119,0.012629473469265228,-0.6225635219919393,splicing
GSE47081,0.012625824771780593,-0.6229803816744638,mater
GSE97439,0.012623978674815807,-0.6231913421238373,disease
GSE75000,0.012617009770840092,-0.6239879831494697,"disease,models"
GSE78084,0.012615966023224085,-0.6241073356604617,"disease,diseases,healthy,loss"
GSE67786,0.012614472411203101,-0.624278147330168,disease
GSE103162,0.012613199069862155,-0.6244237844921933,"muscle,stem"
GSE65506,0.012613105197829582,-0.6244345215953719,"disease,models"
GSE68318,0.012612547490852208,-0.6244983138865439,cytoplasmic
GSE74064,0.012611638014195755,-0.6246023487591366,"refer,splicing"
GSE55798,0.012609934042607346,-0.6247972859627824,"disease,diseases,expanded,loss,stem"
GSE79729,0.01260843321281425,-0.62496900522441,"healthy,stem"
GSE49109,0.012607398761958658,-0.625087375074093,disease
GSE104461,0.012606514297350897,-0.6251885900422718,"disease,healthy,models"
GSE96690,0.012606435432988639,-0.6251976153428058,"disease,loss"
GSE79095,0.012604928317637775,-0.6253701016760986,splicing
GSE47707,0.01260243991076389,-0.625654940000814,stem
GSE92522,0.01260054162811522,-0.6258722669043312,neuron
GSE44591,0.012600255532511016,-0.6259050237022047,"loss,splicing"
GSE92463,0.012600204599820454,-0.6259108553687462,"muscle,repeats,stem"
GSE62917,0.012599077985072126,-0.6260398559866021,"cytoplasmic,disease"
GSE45284,0.012598555604191796,-0.6260996740090324,"diseases,mrnas,splicing"
GSE85723,0.012595792917268665,-0.626416071532557,"loss,stem"
GSE121611,0.012592549382151928,-0.6267876269130666,"disease,stem"
GSE96738,0.012590418198020783,-0.6270318116998495,"disease,models"
GSE74176,0.012583146616223857,-0.6278652792970716,disease
GSE52856,0.012582894544321108,-0.6278941803770416,splicing
GSE59168,0.012579932931204702,-0.6282337848654446,cytoplasmic
GSE87632,0.012578792914061172,-0.6283645305232923,stem
GSE99670,0.012577865578798149,-0.6284708929788776,disease
GSE80262,0.012577086355239445,-0.6285602735483331,stem
GSE74517,0.01257384277901355,-0.6289323863507518,disease
GSE84386,0.012572707575398101,-0.62906264299466,stem
GSE94768,0.012571133786720581,-0.6292432436507596,"muscle,repeats"
GSE64568,0.012570360874542476,-0.6293319477299536,"splicing,stem"
GSE73787,0.012570042733370283,-0.6293684611207971,disease
GSE75787,0.012567211822566331,-0.6296934083807486,"disease,loss,modelswe,stem"
GSE62641,0.012566518493708647,-0.6297730035775104,microglia
GSE83541,0.012564648265858978,-0.6299877304522984,muscle
GSE33527,0.012564133267679443,-0.6300468646621125,"evassociated,mrnas,stem"
GSE80636,0.01256336153564275,-0.6301354826474148,stem
GSE76245,0.012562002428459665,-0.6302915621531913,stem
GSE87341,0.012562002428459665,-0.6302915621531913,stem
GSE104990,0.012561592340422876,-0.6303386598700983,"disease,models,repeat"
GSE94382,0.01256151777847745,-0.630347223312156,disease
GSE61613,0.012560616475533566,-0.6304507420080508,affinityseq
GSE95602,0.012559505313723907,-0.6305783741626172,"disease,models"
GSE69968,0.01255740755810308,-0.630819360915539,"loss,muscle,stem"
GSE59571,0.012554824769815634,-0.6311161227341179,disease
GSE64867,0.012554817654753782,-0.6311169403375131,stem
GSE61205,0.012554174497308165,-0.6311908485256145,muscle
GSE60843,0.012553179985557428,-0.6313051399116404,stem
GSE79739,0.012551624740618888,-0.6314838900901455,muscle
GSE94385,0.012549199921709834,-0.6317626278824762,"loss,stem"
GSE74161,0.012548200103958839,-0.6318775746188267,"disease,expanded,loss,stem"
GSE73743,0.012548076364887466,-0.6318918012508018,disease
GSE85891,0.012547929732197113,-0.6319086602087084,"disease,healthy,loss"
GSE95074,0.012547211393370547,-0.6319912533973948,"splicing,stem"
GSE87527,0.012546045484945556,-0.6321253173263802,stem
GSE60097,0.012543760437435684,-0.6323881034738698,stem
GSE46207,0.012542565462703496,-0.6325255476040531,"muscle,splicing"
GSE49433,0.012542321397241724,-0.6325536212432389,stem
GSE84803,0.012540113554684925,-0.6328076032447544,splicing
GSE58928,0.012539024932483659,-0.6329328507569812,splicing
GSE103246,0.012537417426740537,-0.6331178164338309,"splicing,stem"
GSE85745,0.012536472835573981,-0.633226515720463,"diseases,loss,stem"
GSE70069,0.012536467243819807,-0.6332271592186719,"cytoplasmic,muscle,stem"
GSE38497,0.012534496708956643,-0.6334539459418466,splicing
GSE79436,0.012534122676999493,-0.6334969969006129,muscle
GSE86073,0.012533516375946269,-0.6335667846872565,muscle
GSE60691,0.012532848006751758,-0.6336437206886573,disease
GSE73467,0.01253241133793871,-0.6336939878670251,stem
GSE46980,0.012531763092100285,-0.6337686139880004,stem
GSE81476,0.012530877691224025,-0.6338705476561207,models
GSE63256,0.012528742425657114,-0.6341164043001918,"loss,stem"
GSE75576,0.012525057251288912,-0.6345408175942002,loss
GSE93827,0.012524766825606,-0.6345742705790368,"disease,diseases,models"
GSE61031,0.01252476526552933,-0.634574450280188,"disease,loss,models,stem"
GSE61033,0.012524034411723216,-0.6346586378800395,"disease,loss,models,stem"
GSE73369,0.012523621813964382,-0.6347061674960037,stem
GSE64545,0.012522201613576776,-0.634869780887625,"disease,diseases,loss,stem"
GSE76133,0.012521064492454975,-0.635000795668005,splicing
GSE93655,0.012520731597820193,-0.6350391527760203,"disease,loss,models"
GSE72700,0.01252069895353685,-0.6350429142021573,"disease,neuron"
GSE60642,0.012520631245524562,-0.63505071586547,"loss,muscle"
GSE60641,0.012520631245524562,-0.63505071586547,"loss,muscle"
GSE57682,0.012520277694448315,-0.6350914545132291,disease
GSE79018,0.012520018097246522,-0.6351213678655939,"loss,splicing"
GSE65542,0.012517468022427477,-0.6354152456367463,"neuron,splicing,stem"
GSE90827,0.012516106898537325,-0.6355721298767713,"loss,stem"
GSE75105,0.012515347604239847,-0.6356596541648833,disease
GSE84481,0.012514829375479843,-0.635719393739463,disease
GSE76294,0.01251429406560138,-0.6357811049623057,splicing
GSE94791,0.012513857083586273,-0.6358314827774675,"loss,splicing"
GSE88709,0.012513342554682233,-0.6358908029018989,stem
GSE76317,0.0125125167484031,-0.635986015346726,splicing
GSE106510,0.01250794330736537,-0.6365134301715302,stem
GSE102757,0.012507412951988406,-0.6365746038813457,disease
GSE98082,0.012507232947564869,-0.6365953670366764,"disease,loss,muscle"
GSE87824,0.01250626889216529,-0.6367065740123101,"mrnas,stem"
GSE76183,0.01250584666075251,-0.6367552825003304,"disease,loss"
GSE84264,0.012502623829060366,-0.6371271215800139,"loss,models"
GSE87084,0.012498933489511657,-0.6375530178181518,stem
GSE74344,0.012498601465747062,-0.6375913423201095,models
GSE71591,0.01249711039217499,-0.6377634649996162,"loss,stem"
GSE66068,0.012495714385510686,-0.6379246322075369,disease
GSE77740,0.012495421806599603,-0.6379584123558953,"loss,stem"
GSE77736,0.012495421806599603,-0.6379584123558953,"loss,stem"
GSE33920,0.012494899112487958,-0.6380187627775904,repeat
GSE56933,0.012494549748590185,-0.638059101847541,healthy
GSE48172,0.012494280067144842,-0.6380902412075429,"models,stem"
GSE66211,0.01249423506524118,-0.6380954375165594,microglia
GSE57648,0.012493855195426009,-0.6381393013167023,stem
GSE58001,0.012487791712509588,-0.6388396360014456,splicing
GSE104365,0.012487231499233942,-0.6389043580165481,"disease,loss,muscle"
GSE85702,0.012487213373105622,-0.6389064521952633,loss
GSE108438,0.012486882143470473,-0.6389447209166859,"loss,stem"
GSE37338,0.012486069409872076,-0.6390386246532851,"splicing,stem"
GSE41090,0.01248345910149796,-0.6393402626244253,mir181a2b2
GSE93729,0.012481948510489876,-0.6395148499728639,loss
GSE54473,0.012481900791821958,-0.6395203654272099,neuron
GSE70484,0.012481321409542175,-0.6395873337003942,muscle
GSE74938,0.012481041500635165,-0.6396196882650252,loss
GSE69445,0.012480038325400757,-0.6397356508713459,disease
GSE68242,0.012479837470918659,-0.6397588698783341,"disease,diseases,models"
GSE84061,0.012479117666291926,-0.6398420831827353,stem
GSE90148,0.012478001420230138,-0.6399711367528403,muscle
GSE57231,0.012477483230289244,-0.6400310506409931,"splicing,stem"
GSE76837,0.012475263191733652,-0.6402877629538598,"expanded,loss,stem"
GSE77896,0.012474736933529167,-0.6403486230819672,loss
GSE69987,0.012474174548861088,-0.6404136639613993,"loss,stem"
GSE66557,0.012472499122257825,-0.6406074476848249,muscle
GSE54016,0.012472117688729032,-0.6406515688084028,"disease,loss,stem"
GSE61505,0.012471523684783475,-0.6407202810332022,stem
GSE47948,0.012470879418052411,-0.6407948111748483,"mrnas,stem"
GSE58916,0.01247080128437502,-0.6408038501061248,models
GSE70520,0.012470405567623065,-0.6408496296547311,"disease,diseases"
GSE63268,0.012469301703457442,-0.6409773408055711,muscle
GSE92770,0.012468786928377787,-0.6410369013810154,splicing
GSE55808,0.012467546133722819,-0.641180474078132,models
GSE61329,0.012467047659283744,-0.6412381567183489,repeats
GSE53398,0.012466115519147194,-0.6413460286272133,muscle
GSE75044,0.012465905614279455,-0.6413703209788146,"loss,muscle,stem"
GSE89195,0.012464918735600884,-0.6414845382189903,disease
GSE62659,0.012464775928922932,-0.6415010668198305,muscle
GSE83931,0.012464103681599406,-0.6415788760030182,disease
GSE92865,0.012463145620148912,-0.6416897739595031,stem
GSE62129,0.012462714554642049,-0.6417396736271374,splicing
GSE54412,0.01246240785582039,-0.6417751777953248,"repeats,stem"
GSE69007,0.012462375190522254,-0.6417789592576182,cytoplasmic
GSE68846,0.012462312002086452,-0.6417862742254866,stem
GSE55338,0.01246188679225051,-0.6418354993281085,"disease,diseases,loss,mrnas,stem"
GSE56127,0.012461343126731058,-0.6418984400907216,"cytoplasmic,disease"
GSE99784,0.012460805709228572,-0.641960660212345,stem
GSE35599,0.012459025399425632,-0.642166796772189,repeats
GSE50590,0.012458419538606613,-0.6422369542382865,muscle
GSE75832,0.012458411810455301,-0.6422378491647255,muscle
GSE84450,0.012456500654802204,-0.6424591796464073,splicing
GSE104415,0.012456174794431686,-0.6424969208469904,stem
GSE79902,0.012454894215120067,-0.6426452473136912,splicing
GSE101576,0.012454578715273026,-0.6426817932547494,"muscle,stem"
GSE77885,0.012454361332262376,-0.6427069743656957,"diseases,loss,models"
GSE81390,0.012452840351412444,-0.6428831733269504,"diseases,loss,stem"
GSE105035,0.012452714126305093,-0.6428977969191755,"disease,models,stem"
GSE75580,0.012452488678815057,-0.6429239161183172,loss
GSE103956,0.012452322908996716,-0.6429431216677356,"loss,models"
GSE67324,0.01245009764548341,-0.6432009581810048,"loss,stem"
GSE78965,0.012449921131019604,-0.64322141250627,muscle
GSE76840,0.012449670222119173,-0.6432504880859646,stem
GSE89952,0.012448660628013369,-0.6433674868052217,models
GSE40918,0.012448631207001277,-0.6433708964570445,disease
GSE88841,0.012444997880837683,-0.6437920308490509,"loss,stem"
GSE89627,0.012444529302724425,-0.643846352115611,"disease,loss"
GSE27843,0.01244416241948183,-0.6438888855392738,stem
GSE62795,0.01244353374522817,-0.6439617717736829,disease
GSE74643,0.012443285638569175,-0.6439905373817773,stem
GSE69755,0.012442943487638315,-0.6440302074698984,"cytoplasmic,mrnas"
GSE86929,0.01244245484365505,-0.644086864328842,disease
GSE79457,0.012442341100829176,-0.6441000528003242,"diseases,loss"
GSE91040,0.012441975803427631,-0.6441424098199463,repeats
GSE86507,0.012440412746928153,-0.6443236636299516,models
GSE100222,0.012438169505121811,-0.6445838323007791,repeat
GSE78938,0.012436900654600274,-0.6447310129394574,stem
GSE79352,0.012436376516957627,-0.6447918148010446,"disease,mrnas,splicing"
GSE69937,0.012436349265559055,-0.6447949761318871,"loss,stem"
GSE61636,0.012435302119785555,-0.6449164567679737,"composed,disease,muscle,stem"
GSE64684,0.012433079654075642,-0.6451743215776692,"disease,stem"
GSE108367,0.012431759788216474,-0.645327482746143,stem
GSE69311,0.012431507970738435,-0.6453567062440606,muscle
GSE65651,0.012430306067601236,-0.6454961956388683,"disease,healthy"
GSE93909,0.012429910973381678,-0.6455420520745021,"diseases,models"
GSE95251,0.0124291720070978,-0.6456278237817114,disease
GSE80168,0.0124264920793407,-0.6459389253870956,stem
GSE87631,0.012425935514779848,-0.6460035430530335,stem
GSE70930,0.012421985071012064,-0.6464622764638581,"muscle,stem"
GSE60968,0.012420719864006858,-0.6466092256691449,loss
GSE96957,0.012419793705529597,-0.6467168051069936,"disease,diseases"
GSE93127,0.012419707046837465,-0.646726871498153,repeats
GSE99251,0.012419391741126176,-0.6467634984297456,stem
GSE101605,0.01241818823231661,-0.6469033104560736,stem
GSE80083,0.012418049301384022,-0.6469194509819646,muscle
GSE79487,0.01241746634339507,-0.6469871790381798,loss
GSE75522,0.01241735366026936,-0.647000270929857,stem
GSE97389,0.01241725764720427,-0.647011426133468,stem
GSE71159,0.012416068120929364,-0.6471496374769786,"disease,diseases"
GSE109152,0.01241575657079808,-0.6471858387497401,"disease,microglia"
GSE65358,0.01241575013226197,-0.6471865868995988,stem
GSE86280,0.012415706046607498,-0.6471917096080397,"disease,muscle"
GSE82174,0.012413736599926227,-0.64742057587836,"loss,stem"
GSE53076,0.012413632278819971,-0.6474326998809791,dnaseiseq
GSE92983,0.012413136242721624,-0.6474903496567573,"disease,stem"
GSE99815,0.012412820065989982,-0.6475270972121899,stem
GSE80664,0.012412678857816016,-0.6475435093965283,splicing
GSE72341,0.012412156156888279,-0.6476042629150093,"loss,stem,tributaries"
GSE54424,0.012412075214755807,-0.6476136710462316,stem
GSE70028,0.012411938906804651,-0.6476295146405998,muscle
GSE84892,0.012411912569134112,-0.6476325759888126,loss
GSE96966,0.01241070119451822,-0.6477733866358325,stem
GSE70440,0.012410543265567248,-0.6477917453700008,"loss,stem"
GSE81875,0.012410538040184556,-0.6477923528079768,"cytoplasmic,disease,mrnas"
GSE73447,0.012409083172441613,-0.6479614875793996,loss
GSE104065,0.012408675574500486,-0.6480088761880479,stem
GSE67478,0.012407965181430903,-0.6480914724240919,"loss,vestibular,stem"
GSE62355,0.012406415870919245,-0.6482716246181085,stem
GSE69484,0.012406062496885533,-0.6483127177292836,"expanded,stem"
GSE95663,0.012405443630497535,-0.6483846871989755,splicing
GSE54569,0.012405388529993103,-0.6483910951440198,stem
GSE70965,0.01240484698914273,-0.6484540754650888,stem
GSE81149,0.012404182097608959,-0.6485314050304963,"disease,models"
GSE85412,0.012402903588737241,-0.6486801124146617,stem
GSE87569,0.012402207981858355,-0.6487610270754955,muscle
GSE97270,0.012402122624177928,-0.6487709563982588,"disease,mrnas,vestibular"
GSE90890,0.012402043403657085,-0.6487801718705652,loss
GSE109285,0.012401348182079717,-0.6488610473201006,loss
GSE68998,0.012401304074531357,-0.6488661785246691,muscle
GSE89834,0.012401283481214973,-0.6488685742324037,splicing
GSE97993,0.012401187756763452,-0.648879710315593,cord
GSE65732,0.012400813441510746,-0.6489232570241453,stem
GSE98359,0.012399983767458059,-0.6490197834891397,splicing
GSE78127,0.01239987743950573,-0.6490321544301101,stem
GSE81181,0.012399469990123785,-0.649079560935823,"repeats,stem"
GSE74283,0.012399318230576361,-0.6490972184717099,stem
GSE64008,0.01239861143452237,-0.6491794584954587,"loss,stem"
GSE83552,0.012397535438189285,-0.6493046662208928,"disease,loss,models"
GSE92779,0.01239745708704842,-0.6493137839330486,stem
GSE65970,0.012397288331774248,-0.6493334221582501,stem
GSE70721,0.012397073155893789,-0.6493584627849923,"loss,stem"
GSE87899,0.012396494009758657,-0.6494258618205307,disease
GSE94840,0.012395847086132221,-0.6495011522906232,"disease,models"
GSE53538,0.012394999045123763,-0.6495998552192263,"mrnas,splicing"
GSE30581,0.012394443017319512,-0.649664574590796,stem
GSE76223,0.012393891343992013,-0.6497287899884348,stem
GSE52006,0.012392918013199267,-0.6498420937612861,"diseases,loss"
GSE62202,0.0123927492940019,-0.6498617349794412,models
GSE70481,0.0123912217963554,-0.6500395687312909,"cytoplasmic,mrnas"
GSE95341,0.01239114456220447,-0.6500485610385566,"loss,stem"
GSE97381,0.012391096624084965,-0.6500541424617021,stem
GSE88801,0.012390785585688948,-0.6500903571081673,models
GSE89460,0.01239061096003688,-0.6501106894217067,neuron
GSE99412,0.012389467250934328,-0.6502438628070039,muscle
GSE73977,0.012388094952036152,-0.650403669393368,cytoplasmic
GSE80113,0.01238728397529356,-0.6504981173635616,models
GSE105159,0.012387214094945372,-0.6505062560577545,"loss,stem"
GSE49434,0.012387005344778802,-0.6505305686566504,stem
GSE77798,0.012386906831063974,-0.6505420424397843,"disease,diseases"
GSE64040,0.012386860482687893,-0.6505474406153207,stem
GSE96518,0.012386196178311657,-0.6506248140813875,models
GSE101900,0.012385989549521609,-0.6506488815846744,"composed,muscle"
GSE67363,0.01238595208979993,-0.6506532448239785,loss
GSE85875,0.012385914041674577,-0.6506576766129661,stem
GSE74052,0.01238582609541921,-0.650667920513942,"disease,models"
GSE64459,0.012385637206418353,-0.6506899223812923,disease
GSE81587,0.012383891369254415,-0.6508932940857711,"mrnas,neuron"
GSE94306,0.01238324942682038,-0.6509680808505373,loss
GSE65408,0.012383210348461519,-0.6509726336332159,"disease,healthy,loss,models"
GSE58360,0.012382996016154021,-0.6509976044464753,loss
GSE69132,0.012382591876777628,-0.6510446899327331,disease
GSE91390,0.012381031068901416,-0.651226551027187,stem
GSE86962,0.012380886193068109,-0.6512434327285552,stem
GSE98839,0.012380870764395669,-0.6512452305710309,"muscle,neuron"
GSE90952,0.01237957912802397,-0.6513957478191317,disease
GSE60896,0.012379256520487913,-0.6514333444411262,stem
GSE77256,0.012378302809379722,-0.6515444954854255,"loss,stem"
GSE79443,0.0123778304632278,-0.6515995486266848,diseases
GSE89210,0.012377614221744302,-0.6516247528207402,"loss,stem"
GSE73653,0.01237730150250274,-0.6516612028336622,loss
GSE85646,0.012376158705098268,-0.6517944131513725,"diseases,splicing"
GSE72066,0.01237569248858185,-0.6518487612686941,"mrnas,stem"
GSE76215,0.012375367232745679,-0.6518866784316094,loss
GSE82192,0.012375102620656846,-0.651917526698377,muscle
GSE77778,0.012374825904880756,-0.6519497867089469,"loss,stem"
GSE33306,0.01237448141265358,-0.6519899492251278,splicing
GSE65887,0.012373002461415922,-0.6521623849870568,models
GSE82164,0.01237278192132301,-0.6521881002437202,muscle
GSE86144,0.012372241839262634,-0.6522510764378705,"loss,models"
GSE87602,0.01237094614415622,-0.6524021719965746,"disease,diseases,models"
GSE84050,0.012370885201866176,-0.6524092790807995,"disease,stem"
GSE102685,0.012370876744279174,-0.6524102654065794,"muscle,stem"
GSE98765,0.012370425715673107,-0.6524628654452717,loss
GSE100464,0.012369645375864272,-0.6525538750764585,"disease,loss"
GSE103933,0.012369076405175103,-0.6526202367259475,stem
GSE55581,0.01236894310825676,-0.6526357841955384,"disease,diseases"
GSE94481,0.012368092686406533,-0.6527349795394474,"loss,stem"
GSE38741,0.012367960186373239,-0.6527504352907699,"disease,models"
GSE98759,0.012366877225374261,-0.6528767658129958,stem
GSE98387,0.012366540439606062,-0.6529160550987899,stem
GSE74528,0.012365594343886673,-0.6530264319518344,loss
GSE69771,0.012365222382560754,-0.6530698293669931,"diseases,loss,models"
GSE92263,0.012364806498523596,-0.6531183528718326,splicing
GSE69464,0.012363956840273492,-0.653217492301295,loss
GSE62715,0.012363940834050758,-0.6532193599973253,"disease,stem"
GSE90091,0.012363780931669262,-0.6532380184386487,stem
GSE102345,0.012362882009826145,-0.6533429149294409,"microglia,models"
GSE75737,0.01236254659028695,-0.6533820574748481,loss
GSE88818,0.01236240438785936,-0.6533986524308721,loss
GSE87565,0.01236240438785936,-0.6533986524308721,loss
GSE90752,0.012362358640194642,-0.6534039912022847,stem
GSE75631,0.012361199125949808,-0.6535393135913934,muscle
GSE107915,0.012361069538640216,-0.6535544380099042,loss
GSE79105,0.012360023411482676,-0.6536765396068093,splicing
GSE68270,0.012359980259442783,-0.6536815764372876,stem
GSE54877,0.012358893032078535,-0.6538084865524236,"expanded,loss"
GSE97955,0.012357779250760328,-0.6539385078406549,"models,muscle"
GSE71674,0.012357203563182302,-0.6540057174050169,stem
GSE57092,0.012355529260066568,-0.6542012043892355,"repeat,stem"
GSE57396,0.012355499138384466,-0.654204721555797,stem
GSE77846,0.012355461607676746,-0.6542091038512865,"disease,loss"
GSE77847,0.012355270065311048,-0.6542314696172845,"disease,loss"
GSE94967,0.012355170134494534,-0.654243138344531,loss
GSE62001,0.012354926801585524,-0.6542715522501529,splicing
GSE63316,0.012354850159401364,-0.6542805018492679,stem
GSE100425,0.012354635799568879,-0.654305533196971,stem
GSE58423,0.012354611721523948,-0.6543083448791952,stem
GSE71889,0.012354405460619946,-0.6543324309511865,stem
GSE84164,0.012354245153483774,-0.6543511510597014,"loss,stem"
GSE56367,0.0123539859753881,-0.6543814174880345,muscle
GSE79313,0.012353103422398154,-0.6544844854619233,stem
GSE104790,0.012353086010155407,-0.6544865190054877,"models,stem"
GSE87453,0.012353073182204969,-0.654488017159882,"disease,models"
GSE41287,0.012352870564477949,-0.6545116807440764,"loss,models"
GSE94602,0.012352673590529049,-0.6545346855674056,disease
GSE62378,0.012351194469257445,-0.6547074456324126,stem
GSE52801,0.012350656130579597,-0.6547703282523065,"disease,models"
GSE56461,0.012350193059873312,-0.6548244211141726,loss
GSE76102,0.012350066205619377,-0.6548392397443011,stem
GSE78691,0.01235003960193251,-0.6548423475048438,disease
GSE100426,0.01234991453699082,-0.6548569572948176,stem
GSE101767,0.012349614944401701,-0.6548919555924942,models
GSE58359,0.012347745806192198,-0.6551103268150686,loss
GSE103471,0.012347669019028,-0.6551192985583477,"loss,stem"
GSE68178,0.012347507857823322,-0.6551381286701494,splicing
GSE57244,0.012347241436871333,-0.6551692578937468,stem
GSE89010,0.012347204485648067,-0.6551735754108702,disease
GSE56529,0.012346952683935186,-0.6552029971951392,stem
GSE80958,0.012346333215224672,-0.6552753816028264,"expanded,loss"
GSE56170,0.012346007416500028,-0.6553134523723341,stem
GSE108478,0.012345845406077013,-0.6553323842552948,expanded
GSE80280,0.012344912745648523,-0.655441376013862,models
GSE45909,0.012344912400517676,-0.6554414163477695,stem
GSE48878,0.012344848440604168,-0.655448891077932,stem
GSE66793,0.012344826147541352,-0.6554514963849446,splicing
GSE79661,0.01234357246805339,-0.6555980167980231,loss
GSE44733,0.012343552011790927,-0.6556004076919837,"disease,loss"
GSE75579,0.01234204258332983,-0.6557768381157859,loss
GSE68582,0.012340999512870331,-0.6558987706210457,stem
GSE79403,0.01234066818226808,-0.6559375045528607,"composed,diseases"
GSE79638,0.01234011912096794,-0.6560016944026621,"cytoplasmic,stem"
GSE75104,0.012340111277881304,-0.6560026113456576,disease
GSE71713,0.012340068632439208,-0.6560075970765601,"loss,stem"
GSE89622,0.012339944844796474,-0.6560220693391836,models
GSE80353,0.01233972062038339,-0.6560482842365666,"cytoplasmic,mrnas"
GSE97321,0.012338924215958962,-0.6561413986455371,loss
GSE90742,0.012338816017142519,-0.6561540495523412,stem
GSE107122,0.012338648848859603,-0.6561735955514194,stem
GSE79791,0.012338114572838742,-0.6562360670638062,stem
GSE75103,0.012338027169987519,-0.6562462871104681,disease
GSE83394,0.012337885686110148,-0.6562628310243196,stem
GSE56018,0.01233759061828586,-0.656297334341021,disease
GSE56240,0.01233759061828586,-0.656297334341021,disease
GSE37641,0.012337337221757939,-0.6563269655453425,"mrnas,stem"
GSE75106,0.012337202354317282,-0.6563427366674106,disease
GSE95811,0.01233699303116292,-0.6563672148294768,expanded
GSE60188,0.012336815129822985,-0.6563880188642024,splicing
GSE74423,0.01233516752285685,-0.6565807066134096,"loss,repeat"
GSE102020,0.012334748279009655,-0.6566297413182043,loss
GSE69699,0.012334207900091751,-0.6566929464234003,muscle
GSE81489,0.01233364938477014,-0.6567582757526226,splicing
GSE58455,0.012333641942362979,-0.6567591463081903,"disease,mrnas"
GSE108069,0.012333167888533343,-0.6568145985627706,repeat
GSE60285,0.012332975364511185,-0.6568371195908193,stem
GSE89811,0.012332807414164974,-0.6568567663325239,"muscle,stem"
GSE103847,0.012332502991779588,-0.6568923781824074,"loss,models"
GSE98567,0.012332442268334225,-0.6568994818197816,disease
GSE62684,0.01233244093947114,-0.6568996372751443,stem
GSE75735,0.01233226265222844,-0.6569204941340112,loss
GSE43390,0.0123320085995648,-0.6569502149000722,"loss,stem"
GSE55423,0.012331705022000986,-0.6569857302204802,muscle
GSE100820,0.012331409240212057,-0.6570203343597272,models
GSE86868,0.01233115985363094,-0.6570495112700874,"loss,muscle"
GSE100406,0.012331100796582398,-0.6570564207186794,stem
GSE89509,0.012330728531209001,-0.6570999751039602,healthy
GSE83550,0.012330715806550395,-0.6571014638895815,disease
GSE69162,0.012330426899419204,-0.6571352664501876,ttreg
GSE97954,0.012329979301091044,-0.6571876376790446,"loss,stem"
GSE71396,0.01232972058791047,-0.6572179092739401,mater
GSE60367,0.012329071350202767,-0.6572938782852223,disease
GSE62826,0.012328991328364548,-0.657303242127846,microglia
GSE61851,0.012328368070833212,-0.6573761753673942,disease
GSE78971,0.012328133232523833,-0.657403656968307,stem
GSE65955,0.012328071281596617,-0.6574109067699075,"loss,stem"
GSE89242,0.012328037656237993,-0.6574148417896835,"loss,stem"
GSE55131,0.012327079129329852,-0.6575270182623937,disease
GSE42999,0.012326308816274242,-0.6576171743762774,models
GSE57403,0.012326232414464221,-0.6576261166197079,stem
GSE76143,0.012326121384601171,-0.6576391119088488,stem
GSE77420,0.01232611338240701,-0.6576400485156875,"loss,stem"
GSE58998,0.012326070968548255,-0.657645012803056,"disease,losing,loss"
GSE58836,0.012325927790557856,-0.6576617710528624,stem
GSE73436,0.012325351397815033,-0.6577292368379416,disease
GSE85019,0.01232483355543017,-0.6577898520943489,cytoplasmic
GSE83961,0.012324154154073277,-0.6578693822543834,"disease,loss"
GSE93034,0.012323398225535838,-0.6579578757758313,"disease,models"
GSE64002,0.012323097040585602,-0.6579931358020074,stem
GSE76983,0.012322731294274485,-0.6580359552505681,"mrnas,stem"
GSE99457,0.01232229795560057,-0.6580866896643607,stem
GSE47793,0.01232198198997841,-0.6581236834038585,stem
GSE70849,0.012321743977986875,-0.65815155083919,repeat
GSE71943,0.012321117754412308,-0.658224874275041,stem
GSE73698,0.012321012276435454,-0.658237224875735,disease
GSE59442,0.012320885501166903,-0.6582520693534532,restassociated
GSE49933,0.012320754986550846,-0.6582673518416012,disease
GSE100385,0.012320383844188628,-0.6583108112976883,stem
GSE86817,0.012320272027607715,-0.6583239048799059,"loss,stem"
GSE89585,0.01232003375113037,-0.6583518071547657,"loss,muscle"
GSE65082,0.012319938310719338,-0.6583629834180629,loss
GSE60875,0.01231968706308857,-0.6583924054328424,loss
GSE86417,0.012319604164469481,-0.6584021132954229,stem
GSE39657,0.012318626006525996,-0.6585166656480245,stem
GSE63756,0.012317696874096356,-0.6586254850327761,"disease,diseases"
GSE45597,0.012317623422371568,-0.6586340880010201,loss
GSE57147,0.012317594902870422,-0.6586374283361719,stem
GSE107220,0.012317363510435891,-0.6586645303683496,stem
GSE102597,0.012317013570102764,-0.658705518389406,stem
GSE38371,0.012316366864727745,-0.6587812691488389,models
GSE100858,0.012316230822701873,-0.6587972047118331,models
GSE92704,0.012316215924166332,-0.6587989498931838,disease
GSE54287,0.012315930826531905,-0.6588323460033596,"composed,cytoplasmic,mrnas"
GSE54286,0.012315893734121605,-0.6588366910356379,"composed,cytoplasmic,mrnas"
GSE77482,0.012315448744444095,-0.6588888184746208,disease
GSE76291,0.012315277812282997,-0.6589088424865459,models
GSE45930,0.012314546297409166,-0.6589945396378065,loss
GSE63493,0.012314461460053357,-0.65900447868478,disease
GSE108067,0.012314286895150291,-0.6590249299002732,stem
GSE104867,0.012314257484861408,-0.6590283755020325,"mrnas,neuron"
GSE74157,0.012313987483572668,-0.6590600082489714,loss
GSE75589,0.012313929991783901,-0.6590667439478893,stem
GSE40468,0.012313197692152578,-0.6591525424267395,loss
GSE99491,0.012313131553408269,-0.6591602916968377,stem
GSE53207,0.012312685897699736,-0.6592125088694851,loss
GSE94132,0.012312117021356702,-0.6592791664652285,disease
GSE66364,0.012311763503209078,-0.6593205912015099,loss
GSE86997,0.01231152248332335,-0.6593488342389419,loss
GSE64054,0.012310800194623963,-0.6594334763207326,stem
GSE100983,0.012310693746835398,-0.6594459509249985,disease
GSE78973,0.01231068300507612,-0.6594472097565415,stem
GSE78974,0.01231068300507612,-0.6594472097565415,stem
GSE78781,0.012310520733954462,-0.6594662265150216,stem
GSE48229,0.01230977042143385,-0.6595541598498555,stem
GSE30839,0.012309705853083767,-0.6595617272276034,stem
GSE50896,0.012309383880548511,-0.6595994628372439,stem
GSE63857,0.012308933935345889,-0.6596521986673214,models
GSE49932,0.012308825405888924,-0.65966491915152,disease
GSE75925,0.012308786584775671,-0.6596694693107795,"diseases,models"
GSE63206,0.012308702233138093,-0.6596793560778763,stem
GSE96991,0.012308569920966446,-0.6596948643854331,disease
GSE79883,0.012308271740975228,-0.6597298146687025,disease
GSE62786,0.012308117767733367,-0.6597478625170587,sporadic
GSE84158,0.012308059484143171,-0.6597546942396028,muscle
GSE100607,0.012307988233366077,-0.6597630459574704,"loss,stem"
GSE39851,0.0123079594461798,-0.6597664202846685,repeats
GSE109002,0.012307714314113502,-0.6597951540759812,stem
GSE57910,0.012307308495568436,-0.6598427244078916,"cytoplasmic,mrnas"
GSE91078,0.012305772362702149,-0.660022805177461,loss
GSE36799,0.012305633535267998,-0.6600390810173397,stem
GSE52016,0.012305593594639877,-0.6600437636075913,"loss,stem"
GSE48252,0.012305258708816257,-0.6600830258087595,stem
GSE67674,0.012305132495999679,-0.66009782334717,stem
GSE89011,0.012304905033731705,-0.660124492033523,"cytoplasmic,stem"
GSE77185,0.012304607920834557,-0.6601593276114647,disease
GSE77195,0.012304528465684002,-0.6601686436272629,"loss,models"
GSE94949,0.012304271389066711,-0.660198785947335,healthy
GSE76130,0.012303130759452328,-0.6603325327507895,stem
GSE66817,0.012303124587593636,-0.6603332564781347,loss
GSE33815,0.012302960413105895,-0.6603525081160366,splicing
GSE47954,0.012302888802241998,-0.6603609055208417,"disease,diseases"
GSE76010,0.012302869469495789,-0.660363172572056,muscle
GSE101334,0.012302011651858376,-0.660463767998295,muscle
GSE90725,0.012300967093054038,-0.6605862718482122,"loss,stem"
GSE87478,0.012300766008133778,-0.6606098558954069,loss
GSE96607,0.012299176300005618,-0.6607963168234385,stem
GSE89695,0.01229873743892654,-0.6608477962057316,"loss,stem"
GSE99933,0.01229826324850741,-0.660903421863095,stem
GSE101722,0.012298052966101163,-0.6609280900599127,models
GSE54124,0.012297557538897793,-0.6609862102167083,"cytoplasmic,binocular"
GSE84922,0.012297493090943891,-0.6609937709853273,"loss,stem"
GSE56932,0.012297463177712522,-0.6609972802959422,muscle
GSE98690,0.012297455707774485,-0.660998156643013,models
GSE107958,0.012297344043519055,-0.661011256767363,repeat
GSE27037,0.012297236374843663,-0.6610238882545775,stem
GSE83720,0.012297202040561839,-0.6610279163114321,neuron
GSE98003,0.012296998222742474,-0.6610518282056266,stem
GSE54462,0.012296751393096756,-0.6610807867752955,stem
GSE109418,0.012296299347235166,-0.6611338232472427,stem
GSE77357,0.012296169201079829,-0.6611490930614566,stem
GSE41658,0.012296107075512933,-0.6611563821994172,stem
GSE63748,0.012295872443720917,-0.6611839116727987,splicing
GSE70578,0.012295735351604027,-0.6611999970071802,stem
GSE46730,0.012294866812806646,-0.6613019088357678,stem
GSE104519,0.012294568915769983,-0.6613368648699164,stem
GSE68391,0.012294184034778353,-0.6613820290878105,"models,stem"
GSE39513,0.012294088477644915,-0.6613932425475982,"cytoplasmic,mrnas"
GSE92720,0.012293453361435312,-0.661467774520919,stem
GSE72148,0.012293132410724435,-0.6615054401002937,"loss,stem"
GSE102446,0.012292732577537348,-0.6615523644087545,stem
GSE44067,0.012292552972555779,-0.6615734432947987,"stem,factories"
GSE74534,0.012291825578564121,-0.6616588152071013,stem
GSE40948,0.01229169328781948,-0.6616743422927306,stem
GSE84804,0.01229109289114467,-0.6617448134996295,stem
GSE99120,0.01229062531478786,-0.6617996973841195,stem
GSE73216,0.012290526458560616,-0.6618113013471983,"loss,stem"
GSE79606,0.012290396457088699,-0.6618265613502087,stem
GSE75984,0.012290368247962981,-0.6618298726520554,disease
GSE55797,0.012290322856201229,-0.6618352009375214,muscle
GSE63853,0.012290290596367836,-0.6618389877512024,models
GSE57776,0.012290001802216783,-0.6618728882339814,muscle
GSE88840,0.012289980444219637,-0.6618753954023152,stem
GSE38198,0.012289966675692317,-0.6618770116617797,loss
GSE92361,0.012289080938330355,-0.6619809903773306,stem
GSE34483,0.012288793293547241,-0.6620147592621609,stem
GSE81555,0.012288040604927098,-0.6621031270433356,loss
GSE83144,0.012287096362200933,-0.6622139914752145,"disease,mir25s,mrnas"
GSE98622,0.012286644952607655,-0.6622669949127751,disease
GSE85976,0.012286507410407687,-0.6622831451768421,disease
GSE72105,0.012286344853102754,-0.6623022329583641,muscle
GSE95649,0.012286129894317148,-0.6623274742071343,binocular
GSE67265,0.012286079405433263,-0.6623334028610467,"expanded,stem"
GSE47883,0.012285704190250947,-0.6623774632428034,stem
GSE39652,0.012285518569434892,-0.6623992606302133,loss
GSE102772,0.012285227137610148,-0.6624334840317614,models
GSE60441,0.012285211318916248,-0.6624353416747402,"loss,muscle"
GSE69913,0.012285060575150593,-0.6624530441473948,"diseases,models,muscle"
GSE40285,0.012285002243407532,-0.6624598943469292,splicing
GSE80166,0.012284915597594072,-0.6624700696748406,stem
GSE104189,0.012284846643388747,-0.6624781674243503,disease
GSE107678,0.012284824599843857,-0.662480756153567,loss
GSE73532,0.01228466181199658,-0.6624998736244045,splicing
GSE93293,0.012284447406127027,-0.6625250533964513,loss
GSE89801,0.012284382651903758,-0.6625326582027496,splicing
GSE38907,0.012284061195686466,-0.6625704109634416,"muscle,splicing"
GSE61602,0.012283415526536003,-0.6626462432267364,"loss,stem"
GSE81095,0.012283298638815153,-0.662659971829925,stem
GSE70863,0.012283023495842194,-0.662692288218228,stem
GSE65884,0.012282753391780083,-0.6627240134750949,stem
GSE52123,0.012282477023811323,-0.6627564751855095,disease
GSE109653,0.012282222665330533,-0.6627863523444814,disease
GSE81044,0.012281918782845219,-0.6628220474454498,stem
GSE56253,0.01228120175136449,-0.6629062759749856,"loss,stem"
GSE41785,0.01228063743617623,-0.6629725686265684,"disease,expanded,mrnas,stem"
GSE100981,0.012280176084011862,-0.6630267680104094,loss
GSE47877,0.012280121964807085,-0.6630331260365371,models
GSE88789,0.012279931262610094,-0.6630555303132171,muscle
GSE90847,0.01227942663167691,-0.6631148175753694,stem
GSE106210,0.012278905521561249,-0.6631760434741839,models
GSE93132,0.012278326315421343,-0.6632440981988692,disease
GSE86209,0.012277873962179088,-0.6632972503781174,"loss,stem"
GSE72737,0.012277750648015243,-0.6633117403155941,disease
GSE90160,0.012277429476851787,-0.6633494799731708,stem
GSE87644,0.01227741049493111,-0.663351710500664,"expanded,stem"
GSE69823,0.012277394398095411,-0.6633536020103004,stem
GSE76026,0.012277238443243615,-0.6633719281072734,splicing
GSE100874,0.012277172980696437,-0.6633796206143792,stem
GSE90848,0.012276955669756416,-0.6634051571276043,stem
GSE61874,0.012276938547815279,-0.6634071691701219,stem
GSE53018,0.01227643620028754,-0.6634662025449315,loss
GSE97078,0.012276242749897304,-0.6634889365137359,disease
GSE77003,0.012276199031071364,-0.6634940743272322,stem
GSE42990,0.012275457534691125,-0.6635812173799276,disease
GSE96552,0.012274160253499878,-0.6637336907226198,mrnas
GSE77801,0.012273932533701834,-0.6637604569749888,disease
GSE94661,0.01227390775707605,-0.6637633692568616,muscle
GSE64960,0.012273838066504113,-0.6637715608230652,"loss,models"
GSE62874,0.012273564255975577,-0.6638037454987786,repeat
GSE25432,0.012273299032321393,-0.6638349215269449,splicing
GSE99440,0.012272968037427402,-0.6638738296583353,disease
GSE99811,0.012272962208875587,-0.663874514808396,cytoplasmic
GSE81849,0.012272636286191827,-0.6639128277498952,"loss,stem"
GSE23943,0.01227246773152193,-0.6639326421280465,stem
GSE50983,0.01227188478521131,-0.6640011722513016,"loss,mrnas"
GSE85717,0.012271606994638215,-0.6640338299583485,stem
GSE103583,0.012271574529849153,-0.6640376466428428,stem
GSE98723,0.012270365088493414,-0.6641798403793375,stem
GSE65936,0.012270201091356731,-0.6641991225633006,"models,muscle"
GSE89463,0.012270201011670454,-0.6641991319325845,modelmethods
GSE73457,0.012270136478073968,-0.6642067196277137,disease
GSE84592,0.012269440458615055,-0.6642885583508992,loss
GSE104163,0.012268464189012703,-0.6644033570132016,"loss,muscle"
GSE77636,0.012268455433850032,-0.6644043865662151,loss
GSE45152,0.012268344387025903,-0.664417445050096,disease
GSE58523,0.012268233478014683,-0.6644304874459313,"models,stem"
GSE62292,0.01226786204304614,-0.6644741673693904,"disease,diseases"
GSE62294,0.01226786204304614,-0.6644741673693904,"disease,diseases"
GSE85391,0.012267521699926608,-0.6645141921218803,"expanded,stem"
GSE59419,0.012267021290830453,-0.6645730428387501,"consortium,stem"
GSE77705,0.012266717872088691,-0.6646087276327531,"loss,stem"
GSE43725,0.012266109185825208,-0.6646803173155801,"disease,models"
GSE104820,0.012265809161197494,-0.6647156055499894,healthy
GSE95487,0.012265708128294858,-0.664727489011243,loss
GSE65747,0.012265348759934085,-0.6647697586088669,stem
GSE94579,0.012265015448378167,-0.6648089644620486,stem
GSE74055,0.01226463079148259,-0.664854211147656,"loss,stem"
GSE98133,0.012264563166190416,-0.6648621659686603,muscle
GSE99588,0.012264231778435598,-0.6649011480280398,stem
GSE32916,0.012263985904908873,-0.664930071492621,cytoplasmic
GSE87127,0.012263355008363315,-0.6650042900001233,loss
GSE98802,0.012263295395161017,-0.6650113030793586,loss
GSE74558,0.012263148679802932,-0.6650285632674956,models
GSE61694,0.012263083763286548,-0.665036200374946,stem
GSE79889,0.012263027094486208,-0.665042867212399,stem
GSE82005,0.012262934349854149,-0.6650537782807415,"disease,models"
GSE71491,0.012262397058255095,-0.6651169903052963,"models,repeating"
GSE53297,0.0122622466036635,-0.6651346916913932,stem
GSE102982,0.012261656715775013,-0.6652040956782285,disease
GSE69952,0.012261629184077076,-0.6652073350356492,"disease,mitigates"
GSE76205,0.012261449590329807,-0.6652284660698843,disease
GSE76253,0.012261419987869289,-0.6652319491306941,stem
GSE40688,0.01226067184732658,-0.6653199790311156,stem
GSE80976,0.012260561239904716,-0.6653329941008262,disease
GSE37111,0.0122603570279814,-0.6653570238313482,"mrnas,stem"
GSE98063,0.012260160783515973,-0.6653801164038016,loss
GSE93581,0.012259286273930869,-0.6654830266072186,stem
GSE106586,0.012259268242762198,-0.6654851485494077,muscle
GSE63048,0.012259123227893564,-0.6655022142881684,loss
GSE62125,0.012259056812598921,-0.6655100302856087,models
GSE104507,0.012258935823440759,-0.6655242688459245,"diseases,models"
GSE85414,0.012258635904460373,-0.6655595652962005,models
GSE56893,0.012258508490271484,-0.6655745605024521,"models,stem"
GSE98297,0.012258364320930536,-0.6655915277881936,"loss,stem"
GSE75470,0.012258185648572732,-0.6656125560099357,disease
GSE63282,0.01225772552144825,-0.665666710482608,stem
GSE65994,0.01225761546820822,-0.6656796634546831,"loss,stem"
GSE70728,0.012257351532818326,-0.6657107284182306,stem
GSE105051,0.01225689973085947,-0.6657639066645143,disease
GSE67374,0.012256847356562106,-0.6657700713800765,disease
GSE102858,0.012256760601301488,-0.6657802829641468,stem
GSE75417,0.01225662343473265,-0.6657964283913427,"consortium,models"
GSE78966,0.012256355923286668,-0.6658279168065924,models
GSE59285,0.012256135924973752,-0.6658538130293853,muscle
GSE56613,0.01225589768352912,-0.6658818571938316,"mrnas,stem"
GSE52854,0.012255756594641206,-0.6658984654762928,disease
GSE109345,0.012255655890462914,-0.6659103199884475,disease
GSE102857,0.012254988698139083,-0.665988861787189,stem
GSE72546,0.012254514968398132,-0.666044631790317,loss
GSE79941,0.01225413782468974,-0.6660890327096524,models
GSE39605,0.012254088664800874,-0.6660948203767372,disease
GSE75931,0.012253998787519746,-0.6661054018232107,stem
GSE66578,0.012253990560790599,-0.6661063703776828,disease
GSE80473,0.012253909059742331,-0.6661159657457056,muscle
GSE30765,0.012253791147675148,-0.6661298480074558,stem
GSE65849,0.012253756151391031,-0.6661339682863991,"composed,mrnas,stem"
GSE53401,0.012253447542970265,-0.6661703027326945,loss
GSE96638,0.012253123477720255,-0.6662084579955215,loss
GSE76687,0.012252947462330934,-0.6662291823727519,loss
GSE93554,0.012252694402840296,-0.6662589785865555,loss
GSE50739,0.012252531822813273,-0.6662781217192553,stem
GSE66264,0.012252443364135652,-0.6662885374731627,stem
GSE96061,0.012252326522805536,-0.6663022953177218,stem
GSE89660,0.012251384639050875,-0.6664132051316382,"loss,models"
GSE79199,0.012251155767721502,-0.6664401567477906,healthy
GSE97571,0.012250280822190911,-0.666543193936972,"disease,models"
GSE89132,0.012250265655446648,-0.66654498010013,stem
GSE31271,0.0122501801532402,-0.6665550495992888,stem
GSE79061,0.012250178762541293,-0.6665552133809234,diseases
GSE77303,0.012249931996143642,-0.6665842751808202,loss
GSE92425,0.012249845655016831,-0.6665944437560009,"loss,stem"
GSE77304,0.012249807341152816,-0.6665989560828995,loss
GSE63647,0.012249599918249024,-0.6666233850816509,mitigates
GSE75957,0.01224936334322981,-0.6666512479428981,"disease,models,muscle"
GSE53212,0.012249288073456094,-0.6666601130291776,stem
GSE89520,0.012249207274213013,-0.6666696294231966,"diseases,loss"
GSE61828,0.012248937553484995,-0.6667013971149535,"disease,diseases"
GSE99656,0.012248852781508652,-0.6667113816979062,models
GSE70452,0.012248815342604412,-0.6667157913356898,"expanded,loss"
GSE63424,0.012248622419300536,-0.6667385144871053,stem
GSE74456,0.012248199402561706,-0.6667883400649556,mrnas
GSE75318,0.012247710062226842,-0.6668459798007264,muscle
GSE90856,0.01224759503590039,-0.6668595291653968,stem
GSE45338,0.012247571245881108,-0.6668623314932071,stem
GSE101905,0.012247133824795923,-0.666913858158143,stem
GSE102965,0.012246646467977688,-0.6669712692442638,neuron
GSE102299,0.012246410045368762,-0.6669991208703174,loss
GSE58707,0.012246322645005884,-0.6670094171546634,loss
GSE52619,0.012245842581279372,-0.6670659728369596,losing
GSE58261,0.012245718683002567,-0.6670805694915047,disease
GSE118898,0.012245345848091622,-0.6671244946607391,stem
GSE102415,0.012245236351746744,-0.6671373951163071,diseases
GSE84458,0.012245116041559576,-0.6671515697519033,stem
GSE104689,0.012245098823585456,-0.6671535983405469,stem
GSE60941,0.012245031911671775,-0.6671614818007937,stem
GSE79437,0.012244772594060448,-0.6671920346156847,"models,stem"
GSE82031,0.012244522941888842,-0.6672214492592711,loss
GSE46716,0.012244412125959078,-0.667234506061609,stem
GSE56986,0.012243988976029564,-0.6672843644661964,stem
GSE61997,0.012243923110495698,-0.6672921253466455,"mrnas,stem"
GSE98700,0.012243746901074541,-0.6673128881597629,models
GSE61996,0.012243545728643853,-0.667336592737685,"mrnas,stem"
GSE61994,0.012243545728643853,-0.667336592737685,"mrnas,stem"
GSE70123,0.012243536549613356,-0.6673376743317786,models
GSE87113,0.012243366325457873,-0.6673577325274771,models
GSE48808,0.012242880803354828,-0.667414945078401,healthy
GSE77646,0.012242876281081583,-0.6674154779809501,disease
GSE78795,0.012242385317069567,-0.6674733341196437,stem
GSE67135,0.012241753162362949,-0.6675478318571305,stem
GSE93867,0.012241738120696666,-0.667549604524035,stem
GSE78964,0.012241484750516013,-0.6675794646372296,stem
GSE89683,0.012241051280164924,-0.6676305512995894,stem
GSE78183,0.012240962291593717,-0.667641039274363,models
GSE66954,0.01224024737244855,-0.667725300658487,stem
GSE101865,0.012239808550321255,-0.6677770232941661,mrnas
GSE72491,0.012239513931972378,-0.6678117501074764,"cytoplasmic,loss"
GSE90976,0.012239373057078218,-0.6678283553976828,loss
GSE69227,0.012239326059664674,-0.6678338951475796,loss
GSE84257,0.012239313489395637,-0.6678353768528653,disease
GSE79408,0.012239273909134417,-0.6678400423383077,healthy
GSE61184,0.012238968903051874,-0.6678759951447346,"cytoplasmic,stem"
GSE79929,0.012238495333265874,-0.6679318192918167,neuron
GSE37076,0.012238478902703616,-0.6679337561562723,muscle
GSE77441,0.012238338112100365,-0.6679503529143388,"loss,stem"
GSE90470,0.012238080675790339,-0.6679807006617813,stem
GSE90894,0.012237980911965325,-0.6679924614407848,loss
GSE72343,0.012237969358991687,-0.6679938233832295,"disease,models"
GSE48764,0.012237722527576581,-0.6680229218422372,stem
GSE109165,0.01223765645437453,-0.6680307111786968,models
GSE65864,0.012237481899231309,-0.6680512895987942,loss
GSE57170,0.012237345556041513,-0.6680673633908683,stem
GSE71529,0.012237062118018387,-0.668100779082543,loss
GSE97925,0.012236831967963295,-0.6681279130026283,diseases
GSE34274,0.012236799118141801,-0.6681317859280961,"disease,diseases,muscle"
GSE106789,0.01223672156326969,-0.6681409295270779,diseases
GSE57567,0.012236126832717535,-0.668211049261777,mrnas
GSE87821,0.012236032966446982,-0.6682221165647159,stem
GSE73357,0.012235985872989989,-0.6682276691509009,"mrnas,stem"
GSE75426,0.01223536675722951,-0.6683006684044419,loss
GSE92376,0.012235238859786602,-0.6683157491106176,ttreg
GSE89733,0.012235211113941023,-0.6683190207132129,disease
GSE48364,0.012234693458452668,-0.6683800605103923,stem
GSE53595,0.012234595813240271,-0.668391574720072,loss
GSE66523,0.012234492436610499,-0.6684037648719562,stem
GSE47540,0.012233692928076387,-0.6684980462402333,splicing
GSE99938,0.01223348197859092,-0.668522923307384,stem
GSE76926,0.012233056999352124,-0.6685730419973145,loss
GSE71295,0.012232630133119806,-0.6686233849771144,expanded
GSE87800,0.012232597776868352,-0.6686272010219668,"loss,models"
GSE67120,0.01223243312106685,-0.6686466204217848,stem
GSE102623,0.012231677451814912,-0.6687357469223721,disease
GSE51553,0.01223124765343627,-0.6687864414314586,stem
GSE57125,0.012230943628400867,-0.6688223021117917,stem
GSE102624,0.012230851980456382,-0.6688331124412648,disease
GSE50198,0.01223084036846302,-0.6688344821392396,"loss,splicing,stem"
GSE80375,0.012230562375559572,-0.6688672733072214,diseases
GSE90574,0.012230495052899184,-0.6688752145884654,"loss,stem"
GSE60397,0.012230456508435196,-0.6688797612559907,stem
GSE49715,0.012230089990019675,-0.6689229961281581,stem
GSE104708,0.01222992065762311,-0.6689429711815063,diseases
GSE89848,0.012229866158111564,-0.6689494001970681,models
GSE100601,0.01222975788045859,-0.6689621732170246,models
GSE42923,0.012229573644705576,-0.6689839069268734,stem
GSE61117,0.012229159105876825,-0.6690328099602932,"disease,loss"
GSE73631,0.012229122481629115,-0.6690371305925795,stem
GSE29752,0.01222872393386025,-0.66908414886884,disease
GSE52071,0.012228671128662851,-0.6690903786243986,"loss,stem"
GSE75738,0.012228549629952313,-0.669104712680496,stem
GSE37952,0.012228546073843573,-0.6691051322217615,loss
GSE74049,0.012228387737743984,-0.6691238124625009,loss
GSE78962,0.012228300669327348,-0.6691340847586359,loss
GSE77197,0.012227894832908613,-0.6691819661381189,stem
GSE74547,0.01222781939884703,-0.6691908661723219,stem
GSE49538,0.012227636314382742,-0.6692124674912091,models
GSE98510,0.012227269739640605,-0.6692557189812346,models
GSE97716,0.012226984290210465,-0.6692893995406011,loss
GSE46104,0.012226413145119555,-0.6693567920730793,stem
GSE44775,0.012226386819943877,-0.6693598984004082,mrnas
GSE87354,0.012226285070204719,-0.6693719047647645,loss
GSE74822,0.012226157448026633,-0.6693869641915107,loss
GSE66440,0.012226113112175476,-0.6693921958621187,mrnas
GSE84832,0.012225858239909985,-0.6694222713883987,loss
GSE42237,0.01222577404538385,-0.6694322066781094,stem
GSE84480,0.012225624316625303,-0.6694498754375184,stem
GSE77967,0.012225376358852184,-0.6694791361990216,models
GSE98517,0.012225375719151324,-0.6694792116889906,stem
GSE81385,0.012225319668335226,-0.6694858261621695,stem
GSE44698,0.012225106618194544,-0.6695109681681067,mrnas
GSE62704,0.012224982068503152,-0.6695256664560696,stem
GSE80160,0.012224888331029783,-0.6695367286486917,disease
GSE70413,0.012224710700258613,-0.6695576915309341,muscle
GSE94085,0.012224521124437003,-0.6695800644299825,"loss,stem"
GSE71912,0.01222433924359371,-0.6696015295278813,disease
GSE49843,0.012223824460196734,-0.6696622846392309,loss
GSE70816,0.012222818607064825,-0.6697810035424435,stem
GSE53545,0.012222438950776716,-0.669825816180874,stem
GSE98724,0.012222429270871278,-0.6698269587643763,loss
GSE83823,0.012222415457010184,-0.6698285893076763,mrnas
GSE75751,0.012222006581571842,-0.6698768524710567,stem
GSE83405,0.012221787191470851,-0.669902749679458,stem
GSE50775,0.012221701675539537,-0.6699128442621661,stem
GSE80354,0.012221491761833535,-0.6699376234681604,stem
GSE99093,0.012221243086043332,-0.6699669788845295,"diseases,muscle"
GSE39619,0.012220883786509242,-0.6700093941504975,refer
GSE57272,0.01222076884072684,-0.6700229637493107,disease
GSE61528,0.01222075331039994,-0.6700247971478581,models
GSE49027,0.012220393819804143,-0.6700672366697904,aidassociated
GSE57804,0.012220313966121358,-0.6700766639345945,models
GSE41265,0.012220147492835936,-0.6700963174246669,splicing
GSE94324,0.012219791760361871,-0.6701383153585352,stem
GSE69726,0.012219629506082958,-0.670157471576762,muscle
GSE38596,0.012219575579132377,-0.6701638384077534,stem
GSE48519,0.012219326613235845,-0.6701932326793506,loss
GSE98086,0.012219323751514395,-0.6701935705532743,composed
GSE85936,0.01221923078909084,-0.6702045463601477,splicing
GSE39524,0.012219009618423959,-0.6702306596824645,refer
GSE72146,0.01221872424625335,-0.6702643538881256,stem
GSE52023,0.012218279133532458,-0.6703169104070373,"disease,diseases"
GSE74868,0.012218206170141266,-0.6703255257149536,stem
GSE86631,0.012218186813251965,-0.6703278113295467,stem
GSE42671,0.012218105275974668,-0.670337439093462,models
GSE103319,0.012217843053466822,-0.6703684022553246,diseases
GSE48553,0.012217764104562448,-0.6703777246504743,loss
GSE46700,0.012217127692425707,-0.6704528752704544,"loss,stem"
GSE71554,0.012216943033362229,-0.6704746814375995,stem
GSE89035,0.012216725748528313,-0.6705003407649118,models
GSE62050,0.012216701486439847,-0.6705032059212712,losing
GSE75615,0.012216299111767104,-0.6705507239445009,models
GSE94136,0.012216287787039109,-0.6705520613492536,stem
GSE41293,0.012216287638869687,-0.6705520788474735,models
GSE63820,0.012216224944969552,-0.670559482767026,stem
GSE36025,0.012216159610295386,-0.670567198592733,refer
GSE76711,0.012215865718150488,-0.6706019068688029,"mrnas,stem"
GSE66814,0.012215657836268582,-0.6706264579500693,loss
GSE100634,0.012215505382126401,-0.670644463219235,loss
GSE58801,0.012214900021294722,-0.6707159602783767,stem
GSE65582,0.012214897916657287,-0.6707162088559536,loss
GSE72671,0.01221408173129713,-0.6708126112918271,"disease,loss,models"
GSE92761,0.01221394250744978,-0.670829056138302,loss
GSE87181,0.012213617273023322,-0.6708674729182361,loss
GSE89364,0.012213466325766318,-0.6708853031973392,stem
GSE72164,0.012213180399872512,-0.6709190781050214,stem
GSE84492,0.012213104058004945,-0.6709280960982362,listed
GSE87183,0.01221297493939479,-0.6709433485485848,loss
GSE76482,0.012212835030250014,-0.6709598758391514,stem
GSE76678,0.012212711681219112,-0.6709744470614282,stem
GSE71362,0.012212390245740104,-0.6710124189292994,stem
GSE93574,0.012212006216692724,-0.6710577864210293,cytoplasmic
GSE95145,0.012211719885205318,-0.6710916132839108,"loss,stem"
GSE77456,0.01221141001907821,-0.6711282213948854,"disease,loss"
GSE20846,0.012211260618097469,-0.6711458722126212,muscle
GSE93573,0.01221121811029602,-0.6711508942904401,cytoplasmic
GSE54107,0.0122106725937795,-0.6712153458091838,stem
GSE71333,0.01221022709470413,-0.6712679826337911,stem
GSE103685,0.012209869874880345,-0.6713101904324712,stem
GSE90047,0.012209125612598203,-0.6713981337309128,stem
GSE70132,0.01220904128945897,-0.6714080978347124,stem
GSE86110,0.012208807903383885,-0.6714356764253152,loss
GSE87623,0.012208798716892755,-0.6714367619784903,loss
GSE62357,0.01220876869373699,-0.6714403097731749,stem
GSE83084,0.012207794686216192,-0.6715554116242357,loss
GSE98671,0.012207009662691476,-0.6716481872639906,stem
GSE57809,0.012206776874001454,-0.6716756998408027,disease
GSE102227,0.012206647556580276,-0.6716909836943862,loss
GSE99307,0.01220607094280834,-0.6717591348779143,disease
GSE98988,0.012206017940701867,-0.6717653994689149,stem
GSE70116,0.012205962234816743,-0.6717719836627114,composed
GSE84899,0.012205856869780688,-0.6717844374347429,loss
GSE97654,0.012205824667279463,-0.6717882436771562,"loss,models"
GSE83134,0.012205814696253117,-0.6717894222256386,stem
GSE90712,0.012205354400091678,-0.6718438290413797,stem
GSE60808,0.012205333951011234,-0.671846246161825,stem
GSE108106,0.012205279277056181,-0.6718527087478389,loss
GSE78140,0.012205213809327344,-0.6718604472205849,stem
GSE70895,0.012205194385455236,-0.6718627431857931,splicing
GSE71882,0.012205133920963618,-0.6718698903098393,stem
GSE66054,0.012204839665024662,-0.6719046729434549,"loss,models"
GSE63310,0.012204625886058524,-0.6719299432922592,stem
GSE49366,0.012204623652963703,-0.6719302072638998,loss
GSE78855,0.012204350296538716,-0.6719625207859312,stem
GSE69887,0.01220404260848307,-0.6719988935232738,stem
GSE77550,0.012203927824890777,-0.6720124626743698,stem
GSE76132,0.012203900026674683,-0.6720157488617967,expanded
GSE25409,0.012203780768556974,-0.6720298471365529,stem
GSE69354,0.012203736204830942,-0.672035115338691,stem
GSE79796,0.012203413333834222,-0.6720732848418609,stem
GSE67868,0.012203056292173425,-0.6721154951444037,stem
GSE40594,0.012202894029743663,-0.6721346785975908,"loss,stem"
GSE94559,0.012202631838483732,-0.6721656766619246,mrnas
GSE86167,0.012202445550856401,-0.6721877012785114,disease
GSE93027,0.012202380022750888,-0.6721954486867094,stem
GSE99347,0.012202338854030752,-0.6722003160985147,neuron
GSE100835,0.01220215435253742,-0.6722221300642641,stem
GSE89378,0.012202083634149156,-0.67223049132251,mrnas
GSE53218,0.012201921296370722,-0.672249685213723,mrnas
GSE86521,0.01220180255932928,-0.6722637241646529,models
GSE71794,0.012201727916411923,-0.6722725496882235,stem
GSE82127,0.012201383000073575,-0.6723133321190038,stem
GSE101925,0.012200523789909552,-0.6724149289535378,disease
GSE100990,0.01220014699634737,-0.672459484958445,stem
GSE67634,0.012199915780833188,-0.6724868269762703,sporadic
GSE84724,0.012199877129519383,-0.6724913976756165,stem
GSE56690,0.012199689091753329,-0.6725136342309823,disease
GSE38148,0.012199445725168028,-0.6725424142486657,stem
GSE95376,0.012199304397311445,-0.6725591276456068,disease
GSE78505,0.012199088723714998,-0.672584633524335,diseases
GSE75028,0.01219906932172746,-0.6725869280542047,stem
GSE48966,0.012198614022694291,-0.6726407739581851,diseases
GSE80550,0.012198452695748043,-0.6726598537588845,stem
GSE101838,0.012198415325055757,-0.6726642735485385,stem
GSE79035,0.012198202771339477,-0.672689412294507,loss
GSE101748,0.01219820161725519,-0.6726895487893486,loss
GSE73611,0.012198025862760847,-0.6727103356210515,loss
GSE72494,0.012197659311348056,-0.6727536893454277,disease
GSE73536,0.012197375687049927,-0.6727872357919431,splicing
GSE52125,0.012197161168531081,-0.6728126090798361,"mrnas,stem"
GSE85597,0.012197057401492928,-0.6728248828233808,diseases
GSE76458,0.012196986577546578,-0.6728332600613871,mrnas
GSE78151,0.012196964446554147,-0.672835877781903,mrnas
GSE82300,0.012196869664000841,-0.6728470890018367,loss
GSE97462,0.012196857145682463,-0.6728485697198906,loss
GSE54458,0.012196509388073167,-0.6728897045241171,healthy
GSE76567,0.012196386091378004,-0.6729042890600793,disease
GSE65246,0.0121959392714657,-0.6729571437889447,stem
GSE83465,0.012195830431379019,-0.6729700188738785,loss
GSE79068,0.012195507959225955,-0.6730081659381049,stem
GSE94142,0.012195497383522515,-0.6730094170152696,stem
GSE92870,0.012194853285699372,-0.6730856140940338,loss
GSE57680,0.012194653180636169,-0.6731092874375468,muscle
GSE66965,0.012194341475147155,-0.6731461643953377,splicing
GSE68360,0.012193705222654443,-0.6732214404785414,disease
GSE72069,0.01219343964542632,-0.6732528625209389,"losing,loss"
GSE77588,0.012193063034943781,-0.6732974227502322,loss
GSE75242,0.012193007217365496,-0.6733040271553334,loss
GSE95762,0.012192569453485961,-0.67335582496899,loss
GSE65697,0.012192411104665063,-0.6733745618351605,stem
GSE63948,0.012192222116337373,-0.6733969244863169,mrnas
GSE72857,0.01219212762604323,-0.6734081054839824,stem
GSE40823,0.012191749469248883,-0.6734528534893793,stem
GSE83940,0.012191091383861964,-0.6735307292816334,disease
GSE85737,0.012189796429157674,-0.6736839824975244,stem
GSE53528,0.012189501960097231,-0.6737188341201127,loss
GSE102455,0.01218931490818764,-0.6737409729190398,composed
GSE45148,0.012189225928201784,-0.6737515043930269,mrnas
GSE79174,0.012188941536915516,-0.67378516483112,"loss,mrnas"
GSE50534,0.012188849056968142,-0.6737961108896598,stem
GSE56312,0.012188383648706716,-0.6738511985363127,stem
GSE76408,0.012188079008263361,-0.6738872581781967,stem
GSE81384,0.012187471039240085,-0.6739592248737885,diseases
GSE61188,0.012186755521097646,-0.6740439270056493,stem
GSE68981,0.012185941187064259,-0.6741403328885189,"mrnas,stem"
GSE72917,0.012185271133697998,-0.6742196627680634,loss
GSE88967,0.012185268600009121,-0.6742199627483196,stem
GSE106332,0.012185161152218602,-0.674232684263378,stem
GSE57698,0.012185000122932896,-0.674251749886236,stem
GSE70156,0.012184897735290086,-0.6742638725586733,refer
GSE43660,0.012184829537757232,-0.6742719471867843,diseases
GSE45319,0.012184434769750209,-0.6743186888396219,muscle
GSE89603,0.012184396227062822,-0.6743232524843831,models
GSE53244,0.01218422044845734,-0.6743440657234605,mrnas
GSE73352,0.012184074307663856,-0.6743613698967842,stem
GSE65395,0.012183856102454062,-0.6743872074274057,stem
GSE69709,0.012183661166168038,-0.6744102900919252,splicing
GSE100732,0.012183644660643332,-0.6744122445499854,"loss,mrnas"
GSE85641,0.01218357380383829,-0.6744206349012596,stem
GSE98436,0.012183036821713395,-0.6744842220337224,composed
GSE94534,0.012182610340608612,-0.6745347261037246,loss
GSE49622,0.01218240240262702,-0.6745593508472469,stem
GSE62899,0.0121821026589951,-0.6745948482768265,stem
GSE66734,0.01218200582257161,-0.6746063164106225,stem
GSE62621,0.012181772542273607,-0.6746339436795985,stem
GSE57875,0.012181747063850557,-0.6746369611085397,stem
GSE70419,0.012181216465480817,-0.6746998017096781,stem
GSE70605,0.012181011152338881,-0.6747241183901028,stem
GSE43110,0.012180980193175404,-0.6747277851372899,stem
GSE90573,0.01218075708618164,-0.6747542098006715,loss
GSE97762,0.012180503518412635,-0.674784242808308,disease
GSE96819,0.01218039834853995,-0.6747966994944029,composed
GSE75639,0.012179886964401445,-0.6748572711462734,stem
GSE78228,0.01217966180399143,-0.6748839414109838,loss
GSE84703,0.012179623946704042,-0.674888425657471,stem
GSE106083,0.012179602450386644,-0.6748909719313141,models
GSE100863,0.012179210584457222,-0.6749373898772388,stem
GSE66049,0.012179081501678634,-0.6749526805292988,loss
GSE70546,0.012178887136392804,-0.6749757046031172,stem
GSE98255,0.01217882737381563,-0.6749827840172128,stem
GSE73175,0.01217880057932657,-0.674985958076408,stem
GSE94444,0.012178798182624866,-0.674986241988603,stem
GSE25626,0.012178770599954345,-0.6749895094232414,mrnas
GSE57998,0.012178488470037765,-0.675022930871064,mrnas
GSE82230,0.012178344858295366,-0.6750399435874367,mrnas
GSE89032,0.01217833000274741,-0.67504170343565,"cytoplasmic,mrnas"
GSE89900,0.012178217307159206,-0.6750550538801249,loss
GSE68958,0.012178071222068394,-0.675072359984527,"loss,stem"
GSE48048,0.01217803702182972,-0.67507641157719,"disease,models"
GSE41979,0.012177894282875796,-0.6750933215264254,mrnas
GSE41976,0.012177873099660468,-0.6750958310691734,mrnas
GSE79410,0.01217769055356325,-0.6751174572037965,composed
GSE60415,0.01217737837693558,-0.6751544413465169,"disease,mrnas,neuron"
GSE41545,0.012177204496194251,-0.6751750417308086,stem
GSE81091,0.012177166404349724,-0.675179554671457,stem
GSE41985,0.012176945224665392,-0.6752057592679208,mrnas
GSE41974,0.012176931726879598,-0.6752073584538466,mrnas
GSE61529,0.012176678643384828,-0.6752373435194937,mrnas
GSE43735,0.012176629619205364,-0.6752431519246462,mrnas
GSE48965,0.012176531442414242,-0.6752547840219599,loss
GSE46316,0.012176087708181724,-0.6753073593259006,stem
GSE81741,0.012175298483379686,-0.6754008743890259,models
GSE79374,0.012175218253937576,-0.6754103810963794,e7510
GSE67052,0.012174710663138457,-0.6754705290114958,loss
GSE77262,0.012174698640128968,-0.6754719537307527,loss
GSE71773,0.012174690898626364,-0.6754728710948122,"diseases,models,muscle"
GSE48005,0.01217456659906077,-0.6754876006089986,loss
GSE98418,0.012174545386966072,-0.6754901142599148,mrnas
GSE71744,0.01217446252393161,-0.6754999336405916,loss
GSE83251,0.012174348061582846,-0.6755134976923021,stem
GSE68812,0.01217431934456918,-0.6755169007445113,loss
GSE63467,0.012174314417235647,-0.6755174846491132,mrnas
GSE84553,0.012174287003592986,-0.6755207332567549,loss
GSE78209,0.012174271933625056,-0.675522519101088,mrnas
GSE50809,0.012173959450377246,-0.6755595499658675,mrnas
GSE60066,0.012173693195027143,-0.6755911033380808,"loss,stem"
GSE93764,0.012173619782527578,-0.6755998034233148,loss
GSE52405,0.012173185324597173,-0.6756512919286015,loss
GSE81576,0.0121730083292284,-0.6756722685415724,stem
GSE77458,0.012172696621444802,-0.6757092113431498,loss
GSE66127,0.01217250544450354,-0.6757318696085729,stem
GSE77652,0.012172328036061001,-0.6757528963517193,losing
GSE45048,0.012172294737086205,-0.6757568430356548,mrnas
GSE64138,0.012172269332567653,-0.6757598540546917,mrnas
GSE94388,0.012172252178350204,-0.6757618872270776,loss
GSE93431,0.012172247473095525,-0.6757624449093214,loss
GSE91052,0.012172180784618456,-0.6757703490699063,loss
GSE94387,0.0121721779350571,-0.6757706868112358,loss
GSE44654,0.01217180106775826,-0.6758153553169957,mrnas
GSE97947,0.012171652369822528,-0.6758329802423187,stem
GSE82002,0.012171308730620485,-0.675873712063779,loss
GSE105054,0.012171305934133916,-0.6758740435382208,stem
GSE53928,0.012171224479969269,-0.6758836985344269,stem
GSE98650,0.012170940704497922,-0.6759173357612022,loss
GSE73336,0.012170878208267793,-0.6759247438354801,loss
GSE71387,0.01217048392445444,-0.6759714816720215,loss
GSE41903,0.012170415123987331,-0.6759796373356648,stem
GSE93941,0.012170176322330351,-0.6760079454371383,loss
GSE79180,0.01217009389492749,-0.6760177167013256,loss
GSE78045,0.012169987566496667,-0.6760303213838609,"loss,stem"
GSE85385,0.012169831678314303,-0.6760488013163019,loss
GSE70314,0.012169745825390828,-0.676058978944646,stem
GSE85388,0.012169535685506385,-0.6760838907538999,loss
GSE104651,0.012169468792286652,-0.6760918209481248,stem
GSE73018,0.01216914230835973,-0.6761305262580034,loss
GSE49761,0.012169002691864479,-0.676147078384332,loss
GSE84993,0.012168883290057567,-0.6761612341244679,stem
GSE70872,0.012167345740279466,-0.6763435315083535,stem
GSE74957,0.012166675738337069,-0.6764229765339754,"cytoplasmic,diseases,healthy"
GSE100807,0.012166556730600936,-0.6764370882530796,models
GSE57926,0.012166449622468219,-0.6764497890570549,"splicing,stem"
GSE57419,0.012166304746029031,-0.676466968577071,loss
GSE84055,0.012165150996517769,-0.6766037880684476,disease
GSE36005,0.012164440739656935,-0.6766880216275049,mrnas
GSE62270,0.012164378664993704,-0.6766953836624083,"healthy,stem"
GSE60545,0.01216326913755987,-0.676826979593147,disease
GSE29446,0.012162993832275554,-0.6768596341417658,"disease,diseases"
GSE65141,0.012162651716028457,-0.6769002143115415,mrnas
GSE84857,0.012161475480002735,-0.6770397424326429,disease
GSE83964,0.012161293897630248,-0.6770612833998115,"disease,stem"
GSE73813,0.012160996927119895,-0.6770965134598157,"loss,stem"
GSE84681,0.012160778809114505,-0.6771223896761023,"loss,stem"
GSE92292,0.012160690660366852,-0.67713284724827,"loss,stem"
GSE77323,0.012160643339897498,-0.6771384611678412,diseases
GSE64899,0.012160461047846039,-0.6771600878040699,disease
GSE64893,0.012160461047846039,-0.6771600878040699,disease
GSE54447,0.012160458420959136,-0.6771603994532006,disease
GSE36290,0.012160400425618764,-0.6771672799330782,"loss,stem"
GSE43431,0.012160280075132483,-0.6771815582383027,disease
GSE71629,0.012160232391656998,-0.6771872154146231,loss
GSE97234,0.012159662351296978,-0.6772548468258073,disease
GSE52502,0.012159413313739275,-0.6772843944331635,diseases
GSE92602,0.012159364707400174,-0.6772901615094792,disease
GSE79510,0.012159241529302908,-0.6773047765271608,disease
GSE78907,0.012157704296365954,-0.6774871808762669,
GSE78902,0.012157704296365954,-0.6774871808762669,
GSE33468,0.012157704296365954,-0.6774871808762669,
GSE33060,0.012157704296365954,-0.6774871808762669,
GSE34030,0.012157704296365954,-0.6774871808762669,
GSE78849,0.012157704296365954,-0.6774871808762669,
GSE78701,0.012157704296365954,-0.6774871808762669,
GSE36892,0.012157704296365954,-0.6774871808762669,
GSE78752,0.012157704296365954,-0.6774871808762669,
GSE88998,0.012157704296365954,-0.6774871808762669,
GSE88905,0.012157704296365954,-0.6774871808762669,
GSE88959,0.012157704296365954,-0.6774871808762669,
GSE84759,0.012157704296365954,-0.6774871808762669,
GSE87144,0.012157704296365954,-0.6774871808762669,
GSE87068,0.012157704296365954,-0.6774871808762669,
GSE60005,0.012157704296365954,-0.6774871808762669,
GSE78706,0.012157704296365954,-0.6774871808762669,
GSE78499,0.012157704296365954,-0.6774871808762669,
GSE48974,0.012157704296365954,-0.6774871808762669,
GSE49114,0.012157704296365954,-0.6774871808762669,
GSE72937,0.012157704296365954,-0.6774871808762669,
GSE72941,0.012157704296365954,-0.6774871808762669,
GSE72833,0.012157704296365954,-0.6774871808762669,
GSE72847,0.012157704296365954,-0.6774871808762669,
GSE72942,0.012157704296365954,-0.6774871808762669,
GSE73082,0.012157704296365954,-0.6774871808762669,
GSE72901,0.012157704296365954,-0.6774871808762669,
GSE90153,0.012157704296365954,-0.6774871808762669,
GSE96630,0.012157704296365954,-0.6774871808762669,
GSE90108,0.012157704296365954,-0.6774871808762669,
GSE73308,0.012157704296365954,-0.6774871808762669,
GSE90134,0.012157704296365954,-0.6774871808762669,
GSE90136,0.012157704296365954,-0.6774871808762669,
GSE90140,0.012157704296365954,-0.6774871808762669,
GSE73238,0.012157704296365954,-0.6774871808762669,
GSE73271,0.012157704296365954,-0.6774871808762669,
GSE96592,0.012157704296365954,-0.6774871808762669,
GSE96626,0.012157704296365954,-0.6774871808762669,
GSE94554,0.012157704296365954,-0.6774871808762669,
GSE96105,0.012157704296365954,-0.6774871808762669,
GSE31234,0.012157704296365954,-0.6774871808762669,
GSE90101,0.012157704296365954,-0.6774871808762669,
GSE97804,0.012157704296365954,-0.6774871808762669,
GSE97544,0.012157704296365954,-0.6774871808762669,
GSE97579,0.012157704296365954,-0.6774871808762669,
GSE34854,0.012157704296365954,-0.6774871808762669,
GSE97875,0.012157704296365954,-0.6774871808762669,
GSE97941,0.012157704296365954,-0.6774871808762669,
GSE35616,0.012157704296365954,-0.6774871808762669,
GSE35681,0.012157704296365954,-0.6774871808762669,
GSE34550,0.012157704296365954,-0.6774871808762669,
GSE78056,0.012157704296365954,-0.6774871808762669,
GSE48968,0.012157704296365954,-0.6774871808762669,
GSE89171,0.012157704296365954,-0.6774871808762669,
GSE89055,0.012157704296365954,-0.6774871808762669,
GSE47484,0.012157704296365954,-0.6774871808762669,
GSE47703,0.012157704296365954,-0.6774871808762669,
GSE96724,0.012157704296365954,-0.6774871808762669,
GSE96818,0.012157704296365954,-0.6774871808762669,
GSE96889,0.012157704296365954,-0.6774871808762669,
GSE96685,0.012157704296365954,-0.6774871808762669,
GSE74366,0.012157704296365954,-0.6774871808762669,
GSE74406,0.012157704296365954,-0.6774871808762669,
GSE74189,0.012157704296365954,-0.6774871808762669,
GSE78105,0.012157704296365954,-0.6774871808762669,
GSE60361,0.012157704296365954,-0.6774871808762669,
GSE60101,0.012157704296365954,-0.6774871808762669,
GSE60163,0.012157704296365954,-0.6774871808762669,
GSE93558,0.012157704296365954,-0.6774871808762669,
GSE93585,0.012157704296365954,-0.6774871808762669,
GSE93394,0.012157704296365954,-0.6774871808762669,
GSE60283,0.012157704296365954,-0.6774871808762669,
GSE60297,0.012157704296365954,-0.6774871808762669,
GSE64510,0.012157704296365954,-0.6774871808762669,
GSE64391,0.012157704296365954,-0.6774871808762669,
GSE64403,0.012157704296365954,-0.6774871808762669,
GSE73993,0.012157704296365954,-0.6774871808762669,
GSE48043,0.012157704296365954,-0.6774871808762669,
GSE73881,0.012157704296365954,-0.6774871808762669,
GSE47926,0.012157704296365954,-0.6774871808762669,
GSE48649,0.012157704296365954,-0.6774871808762669,
GSE48654,0.012157704296365954,-0.6774871808762669,
GSE48870,0.012157704296365954,-0.6774871808762669,
GSE74094,0.012157704296365954,-0.6774871808762669,
GSE74113,0.012157704296365954,-0.6774871808762669,
GSE74131,0.012157704296365954,-0.6774871808762669,
GSE73932,0.012157704296365954,-0.6774871808762669,
GSE73984,0.012157704296365954,-0.6774871808762669,
GSE48020,0.012157704296365954,-0.6774871808762669,
GSE84037,0.012157704296365954,-0.6774871808762669,
GSE50068,0.012157704296365954,-0.6774871808762669,
GSE51006,0.012157704296365954,-0.6774871808762669,
GSE51619,0.012157704296365954,-0.6774871808762669,
GSE50856,0.012157704296365954,-0.6774871808762669,
GSE90797,0.012157704296365954,-0.6774871808762669,
GSE90806,0.012157704296365954,-0.6774871808762669,
GSE90652,0.012157704296365954,-0.6774871808762669,
GSE90654,0.012157704296365954,-0.6774871808762669,
GSE90697,0.012157704296365954,-0.6774871808762669,
GSE90731,0.012157704296365954,-0.6774871808762669,
GSE36026,0.012157704296365954,-0.6774871808762669,
GSE90758,0.012157704296365954,-0.6774871808762669,
GSE98034,0.012157704296365954,-0.6774871808762669,
GSE98040,0.012157704296365954,-0.6774871808762669,
GSE124872,0.012157704296365954,-0.6774871808762669,
GSE19066,0.012157704296365954,-0.6774871808762669,
GSE79484,0.012157704296365954,-0.6774871808762669,
GSE79633,0.012157704296365954,-0.6774871808762669,
GSE79580,0.012157704296365954,-0.6774871808762669,
GSE79452,0.012157704296365954,-0.6774871808762669,
GSE21699,0.012157704296365954,-0.6774871808762669,
GSE79600,0.012157704296365954,-0.6774871808762669,
GSE72018,0.012157704296365954,-0.6774871808762669,
GSE87386,0.012157704296365954,-0.6774871808762669,
GSE87299,0.012157704296365954,-0.6774871808762669,
GSE59130,0.012157704296365954,-0.6774871808762669,
GSE60402,0.012157704296365954,-0.6774871808762669,
GSE59622,0.012157704296365954,-0.6774871808762669,
GSE59104,0.012157704296365954,-0.6774871808762669,
GSE59127,0.012157704296365954,-0.6774871808762669,
GSE59129,0.012157704296365954,-0.6774871808762669,
GSE59813,0.012157704296365954,-0.6774871808762669,
GSE59956,0.012157704296365954,-0.6774871808762669,
GSE65498,0.012157704296365954,-0.6774871808762669,
GSE84145,0.012157704296365954,-0.6774871808762669,
GSE65529,0.012157704296365954,-0.6774871808762669,
GSE65530,0.012157704296365954,-0.6774871808762669,
GSE84357,0.012157704296365954,-0.6774871808762669,
GSE84299,0.012157704296365954,-0.6774871808762669,
GSE84302,0.012157704296365954,-0.6774871808762669,
GSE84308,0.012157704296365954,-0.6774871808762669,
GSE84329,0.012157704296365954,-0.6774871808762669,
GSE84341,0.012157704296365954,-0.6774871808762669,
GSE84498,0.012157704296365954,-0.6774871808762669,
GSE84410,0.012157704296365954,-0.6774871808762669,
GSE84448,0.012157704296365954,-0.6774871808762669,
GSE65504,0.012157704296365954,-0.6774871808762669,
GSE64959,0.012157704296365954,-0.6774871808762669,
GSE65808,0.012157704296365954,-0.6774871808762669,
GSE65457,0.012157704296365954,-0.6774871808762669,
GSE65321,0.012157704296365954,-0.6774871808762669,
GSE65361,0.012157704296365954,-0.6774871808762669,
GSE65164,0.012157704296365954,-0.6774871808762669,
GSE94413,0.012157704296365954,-0.6774871808762669,
GSE94297,0.012157704296365954,-0.6774871808762669,
GSE93319,0.012157704296365954,-0.6774871808762669,
GSE93331,0.012157704296365954,-0.6774871808762669,
GSE93339,0.012157704296365954,-0.6774871808762669,
GSE79632,0.012157704296365954,-0.6774871808762669,
GSE98838,0.012157704296365954,-0.6774871808762669,
GSE103183,0.012157704296365954,-0.6774871808762669,
GSE103086,0.012157704296365954,-0.6774871808762669,
GSE87321,0.012157704296365954,-0.6774871808762669,
GSE87104,0.012157704296365954,-0.6774871808762669,
GSE103390,0.012157704296365954,-0.6774871808762669,
GSE79244,0.012157704296365954,-0.6774871808762669,
GSE79124,0.012157704296365954,-0.6774871808762669,
GSE79137,0.012157704296365954,-0.6774871808762669,
GSE74148,0.012157704296365954,-0.6774871808762669,
GSE78497,0.012157704296365954,-0.6774871808762669,
GSE98816,0.012157704296365954,-0.6774871808762669,
GSE72487,0.012157704296365954,-0.6774871808762669,
GSE73083,0.012157704296365954,-0.6774871808762669,
GSE72726,0.012157704296365954,-0.6774871808762669,
GSE72552,0.012157704296365954,-0.6774871808762669,
GSE72568,0.012157704296365954,-0.6774871808762669,
GSE72590,0.012157704296365954,-0.6774871808762669,
GSE90486,0.012157704296365954,-0.6774871808762669,
GSE72761,0.012157704296365954,-0.6774871808762669,
GSE72762,0.012157704296365954,-0.6774871808762669,
GSE72764,0.012157704296365954,-0.6774871808762669,
GSE72607,0.012157704296365954,-0.6774871808762669,
GSE65207,0.012157704296365954,-0.6774871808762669,
GSE90615,0.012157704296365954,-0.6774871808762669,
GSE29898,0.012157704296365954,-0.6774871808762669,
GSE30578,0.012157704296365954,-0.6774871808762669,
GSE28207,0.012157704296365954,-0.6774871808762669,
GSE29362,0.012157704296365954,-0.6774871808762669,
GSE109847,0.012157704296365954,-0.6774871808762669,
GSE78510,0.012157704296365954,-0.6774871808762669,
GSE93604,0.012157704296365954,-0.6774871808762669,
GSE93670,0.012157704296365954,-0.6774871808762669,
GSE65731,0.012157704296365954,-0.6774871808762669,
GSE65636,0.012157704296365954,-0.6774871808762669,
GSE90516,0.012157704296365954,-0.6774871808762669,
GSE75851,0.012157704296365954,-0.6774871808762669,
GSE43631,0.012157704296365954,-0.6774871808762669,
GSE43041,0.012157704296365954,-0.6774871808762669,
GSE45254,0.012157704296365954,-0.6774871808762669,
GSE89640,0.012157704296365954,-0.6774871808762669,
GSE43717,0.012157704296365954,-0.6774871808762669,
GSE43721,0.012157704296365954,-0.6774871808762669,
GSE43504,0.012157704296365954,-0.6774871808762669,
GSE89405,0.012157704296365954,-0.6774871808762669,
GSE89261,0.012157704296365954,-0.6774871808762669,
GSE73693,0.012157704296365954,-0.6774871808762669,
GSE76779,0.012157704296365954,-0.6774871808762669,
GSE76634,0.012157704296365954,-0.6774871808762669,
GSE100332,0.012157704296365954,-0.6774871808762669,
GSE61486,0.012157704296365954,-0.6774871808762669,
GSE75761,0.012157704296365954,-0.6774871808762669,
GSE61300,0.012157704296365954,-0.6774871808762669,
GSE61351,0.012157704296365954,-0.6774871808762669,
GSE63271,0.012157704296365954,-0.6774871808762669,
GSE63143,0.012157704296365954,-0.6774871808762669,
GSE63166,0.012157704296365954,-0.6774871808762669,
GSE63180,0.012157704296365954,-0.6774871808762669,
GSE89574,0.012157704296365954,-0.6774871808762669,
GSE76992,0.012157704296365954,-0.6774871808762669,
GSE44359,0.012157704296365954,-0.6774871808762669,
GSE75357,0.012157704296365954,-0.6774871808762669,
GSE89798,0.012157704296365954,-0.6774871808762669,
GSE44831,0.012157704296365954,-0.6774871808762669,
GSE44942,0.012157704296365954,-0.6774871808762669,
GSE44553,0.012157704296365954,-0.6774871808762669,
GSE46494,0.012157704296365954,-0.6774871808762669,
GSE39812,0.012157704296365954,-0.6774871808762669,
GSE77081,0.012157704296365954,-0.6774871808762669,
GSE77083,0.012157704296365954,-0.6774871808762669,
GSE89620,0.012157704296365954,-0.6774871808762669,
GSE77172,0.012157704296365954,-0.6774871808762669,
GSE77051,0.012157704296365954,-0.6774871808762669,
GSE77214,0.012157704296365954,-0.6774871808762669,
GSE75854,0.012157704296365954,-0.6774871808762669,
GSE75896,0.012157704296365954,-0.6774871808762669,
GSE75762,0.012157704296365954,-0.6774871808762669,
GSE75816,0.012157704296365954,-0.6774871808762669,
GSE75714,0.012157704296365954,-0.6774871808762669,
GSE75715,0.012157704296365954,-0.6774871808762669,
GSE89692,0.012157704296365954,-0.6774871808762669,
GSE89711,0.012157704296365954,-0.6774871808762669,
GSE77113,0.012157704296365954,-0.6774871808762669,
GSE40190,0.012157704296365954,-0.6774871808762669,
GSE40350,0.012157704296365954,-0.6774871808762669,
GSE97344,0.012157704296365954,-0.6774871808762669,
GSE97354,0.012157704296365954,-0.6774871808762669,
GSE76190,0.012157704296365954,-0.6774871808762669,
GSE76857,0.012157704296365954,-0.6774871808762669,
GSE76864,0.012157704296365954,-0.6774871808762669,
GSE76865,0.012157704296365954,-0.6774871808762669,
GSE76315,0.012157704296365954,-0.6774871808762669,
GSE76359,0.012157704296365954,-0.6774871808762669,
GSE76279,0.012157704296365954,-0.6774871808762669,
GSE94072,0.012157704296365954,-0.6774871808762669,
GSE100597,0.012157704296365954,-0.6774871808762669,
GSE99735,0.012157704296365954,-0.6774871808762669,
GSE100961,0.012157704296365954,-0.6774871808762669,
GSE85721,0.012157704296365954,-0.6774871808762669,
GSE101016,0.012157704296365954,-0.6774871808762669,
GSE101678,0.012157704296365954,-0.6774871808762669,
GSE101772,0.012157704296365954,-0.6774871808762669,
GSE99372,0.012157704296365954,-0.6774871808762669,
GSE99144,0.012157704296365954,-0.6774871808762669,
GSE99164,0.012157704296365954,-0.6774871808762669,
GSE99166,0.012157704296365954,-0.6774871808762669,
GSE100827,0.012157704296365954,-0.6774871808762669,
GSE93866,0.012157704296365954,-0.6774871808762669,
GSE63194,0.012157704296365954,-0.6774871808762669,
GSE61627,0.012157704296365954,-0.6774871808762669,
GSE62689,0.012157704296365954,-0.6774871808762669,
GSE94018,0.012157704296365954,-0.6774871808762669,
GSE94059,0.012157704296365954,-0.6774871808762669,
GSE101928,0.012157704296365954,-0.6774871808762669,
GSE101902,0.012157704296365954,-0.6774871808762669,
GSE102783,0.012157704296365954,-0.6774871808762669,
GSE102788,0.012157704296365954,-0.6774871808762669,
GSE102161,0.012157704296365954,-0.6774871808762669,
GSE61734,0.012157704296365954,-0.6774871808762669,
GSE101996,0.012157704296365954,-0.6774871808762669,
GSE102159,0.012157704296365954,-0.6774871808762669,
GSE97196,0.012157704296365954,-0.6774871808762669,
GSE99235,0.012157704296365954,-0.6774871808762669,
GSE76755,0.012157704296365954,-0.6774871808762669,
GSE42350,0.012157704296365954,-0.6774871808762669,
GSE97037,0.012157704296365954,-0.6774871808762669,
GSE97054,0.012157704296365954,-0.6774871808762669,
GSE97115,0.012157704296365954,-0.6774871808762669,
GSE42573,0.012157704296365954,-0.6774871808762669,
GSE97126,0.012157704296365954,-0.6774871808762669,
GSE102334,0.012157704296365954,-0.6774871808762669,
GSE74682,0.012157704296365954,-0.6774871808762669,
GSE74549,0.012157704296365954,-0.6774871808762669,
GSE74552,0.012157704296365954,-0.6774871808762669,
GSE74630,0.012157704296365954,-0.6774871808762669,
GSE74855,0.012157704296365954,-0.6774871808762669,
GSE74690,0.012157704296365954,-0.6774871808762669,
GSE74720,0.012157704296365954,-0.6774871808762669,
GSE74804,0.012157704296365954,-0.6774871808762669,
GSE74650,0.012157704296365954,-0.6774871808762669,
GSE85234,0.012157704296365954,-0.6774871808762669,
GSE85018,0.012157704296365954,-0.6774871808762669,
GSE41082,0.012157704296365954,-0.6774871808762669,
GSE84945,0.012157704296365954,-0.6774871808762669,
GSE85249,0.012157704296365954,-0.6774871808762669,
GSE85308,0.012157704296365954,-0.6774871808762669,
GSE85316,0.012157704296365954,-0.6774871808762669,
GSE64787,0.012157704296365954,-0.6774871808762669,
GSE64824,0.012157704296365954,-0.6774871808762669,
GSE64622,0.012157704296365954,-0.6774871808762669,
GSE64757,0.012157704296365954,-0.6774871808762669,
GSE64080,0.012157704296365954,-0.6774871808762669,
GSE63961,0.012157704296365954,-0.6774871808762669,
GSE60599,0.012157704296365954,-0.6774871808762669,
GSE85039,0.012157704296365954,-0.6774871808762669,
GSE73897,0.012157704296365954,-0.6774871808762669,
GSE73909,0.012157704296365954,-0.6774871808762669,
GSE87375,0.012157704296365954,-0.6774871808762669,
GSE73711,0.012157704296365954,-0.6774871808762669,
GSE74518,0.012157704296365954,-0.6774871808762669,
GSE74537,0.012157704296365954,-0.6774871808762669,
GSE78247,0.012157704296365954,-0.6774871808762669,
GSE78143,0.012157704296365954,-0.6774871808762669,
GSE77625,0.012157704296365954,-0.6774871808762669,
GSE78224,0.012157704296365954,-0.6774871808762669,
GSE37228,0.012157704296365954,-0.6774871808762669,
GSE75038,0.012157704296365954,-0.6774871808762669,
GSE77695,0.012157704296365954,-0.6774871808762669,
GSE77722,0.012157704296365954,-0.6774871808762669,
GSE38359,0.012157704296365954,-0.6774871808762669,
GSE37646,0.012157704296365954,-0.6774871808762669,
GSE37909,0.012157704296365954,-0.6774871808762669,
GSE37150,0.012157704296365954,-0.6774871808762669,
GSE75300,0.012157704296365954,-0.6774871808762669,
GSE75066,0.012157704296365954,-0.6774871808762669,
GSE75074,0.012157704296365954,-0.6774871808762669,
GSE75077,0.012157704296365954,-0.6774871808762669,
GSE75154,0.012157704296365954,-0.6774871808762669,
GSE77795,0.012157704296365954,-0.6774871808762669,
GSE77374,0.012157704296365954,-0.6774871808762669,
GSE77569,0.012157704296365954,-0.6774871808762669,
GSE86907,0.012157704296365954,-0.6774871808762669,
GSE86909,0.012157704296365954,-0.6774871808762669,
GSE86609,0.012157704296365954,-0.6774871808762669,
GSE101527,0.012157704296365954,-0.6774871808762669,
GSE85484,0.012157704296365954,-0.6774871808762669,
GSE85491,0.012157704296365954,-0.6774871808762669,
GSE86927,0.012157704296365954,-0.6774871808762669,
GSE86949,0.012157704296365954,-0.6774871808762669,
GSE94257,0.012157704296365954,-0.6774871808762669,
GSE63340,0.012157704296365954,-0.6774871808762669,
GSE63472,0.012157704296365954,-0.6774871808762669,
GSE62824,0.012157704296365954,-0.6774871808762669,
GSE63751,0.012157704296365954,-0.6774871808762669,
GSE61239,0.012157704296365954,-0.6774871808762669,
GSE61250,0.012157704296365954,-0.6774871808762669,
GSE85532,0.012157704296365954,-0.6774871808762669,
GSE85576,0.012157704296365954,-0.6774871808762669,
GSE84946,0.012157704296365954,-0.6774871808762669,
GSE84961,0.012157704296365954,-0.6774871808762669,
GSE85657,0.012157704296365954,-0.6774871808762669,
GSE85209,0.012157704296365954,-0.6774871808762669,
GSE60930,0.012157704296365954,-0.6774871808762669,
GSE63404,0.012157704296365954,-0.6774871808762669,
GSE64156,0.012157704296365954,-0.6774871808762669,
GSE60520,0.012157704296365954,-0.6774871808762669,
GSE103272,0.012157704296365954,-0.6774871808762669,
GSE84586,0.012157704296365954,-0.6774871808762669,
GSE84794,0.012157704296365954,-0.6774871808762669,
GSE84927,0.012157704296365954,-0.6774871808762669,
GSE74660,0.012157704296365954,-0.6774871808762669,
GSE47089,0.012157704296365954,-0.6774871808762669,
GSE47442,0.012157704296365954,-0.6774871808762669,
GSE46953,0.012157704296365954,-0.6774871808762669,
GSE77390,0.012157704296365954,-0.6774871808762669,
GSE97027,0.012157704296365954,-0.6774871808762669,
GSE96919,0.012157704296365954,-0.6774871808762669,
GSE45888,0.012157704296365954,-0.6774871808762669,
GSE45657,0.012157704296365954,-0.6774871808762669,
GSE75648,0.012157704296365954,-0.6774871808762669,
GSE46213,0.012157704296365954,-0.6774871808762669,
GSE74923,0.012157704296365954,-0.6774871808762669,
GSE74961,0.012157704296365954,-0.6774871808762669,
GSE75616,0.012157704296365954,-0.6774871808762669,
GSE97534,0.012157704296365954,-0.6774871808762669,
GSE38324,0.012157704296365954,-0.6774871808762669,
GSE96988,0.012157704296365954,-0.6774871808762669,
GSE82144,0.012157704296365954,-0.6774871808762669,
GSE87633,0.012157704296365954,-0.6774871808762669,
GSE57514,0.012157704296365954,-0.6774871808762669,
GSE57206,0.012157704296365954,-0.6774871808762669,
GSE57043,0.012157704296365954,-0.6774871808762669,
GSE56890,0.012157704296365954,-0.6774871808762669,
GSE95002,0.012157704296365954,-0.6774871808762669,
GSE95052,0.012157704296365954,-0.6774871808762669,
GSE57415,0.012157704296365954,-0.6774871808762669,
GSE68220,0.012157704296365954,-0.6774871808762669,
GSE69168,0.012157704296365954,-0.6774871808762669,
GSE50927,0.012157704296365954,-0.6774871808762669,
GSE95141,0.012157704296365954,-0.6774871808762669,
GSE82229,0.012157704296365954,-0.6774871808762669,
GSE82282,0.012157704296365954,-0.6774871808762669,
GSE82157,0.012157704296365954,-0.6774871808762669,
GSE81783,0.012157704296365954,-0.6774871808762669,
GSE83114,0.012157704296365954,-0.6774871808762669,
GSE83145,0.012157704296365954,-0.6774871808762669,
GSE81903,0.012157704296365954,-0.6774871808762669,
GSE81904,0.012157704296365954,-0.6774871808762669,
GSE81925,0.012157704296365954,-0.6774871808762669,
GSE81836,0.012157704296365954,-0.6774871808762669,
GSE95105,0.012157704296365954,-0.6774871808762669,
GSE104331,0.012157704296365954,-0.6774871808762669,
GSE87544,0.012157704296365954,-0.6774871808762669,
GSE87450,0.012157704296365954,-0.6774871808762669,
GSE67688,0.012157704296365954,-0.6774871808762669,
GSE67741,0.012157704296365954,-0.6774871808762669,
GSE68746,0.012157704296365954,-0.6774871808762669,
GSE67957,0.012157704296365954,-0.6774871808762669,
GSE67991,0.012157704296365954,-0.6774871808762669,
GSE68056,0.012157704296365954,-0.6774871808762669,
GSE68083,0.012157704296365954,-0.6774871808762669,
GSE68147,0.012157704296365954,-0.6774871808762669,
GSE82076,0.012157704296365954,-0.6774871808762669,
GSE67934,0.012157704296365954,-0.6774871808762669,
GSE58384,0.012157704296365954,-0.6774871808762669,
GSE92562,0.012157704296365954,-0.6774871808762669,
GSE104525,0.012157704296365954,-0.6774871808762669,
GSE104555,0.012157704296365954,-0.6774871808762669,
GSE104396,0.012157704296365954,-0.6774871808762669,
GSE104725,0.012157704296365954,-0.6774871808762669,
GSE104734,0.012157704296365954,-0.6774871808762669,
GSE87647,0.012157704296365954,-0.6774871808762669,
GSE82185,0.012157704296365954,-0.6774871808762669,
GSE82043,0.012157704296365954,-0.6774871808762669,
GSE68150,0.012157704296365954,-0.6774871808762669,
GSE55790,0.012157704296365954,-0.6774871808762669,
GSE55596,0.012157704296365954,-0.6774871808762669,
GSE55682,0.012157704296365954,-0.6774871808762669,
GSE55735,0.012157704296365954,-0.6774871808762669,
GSE55744,0.012157704296365954,-0.6774871808762669,
GSE55385,0.012157704296365954,-0.6774871808762669,
GSE55394,0.012157704296365954,-0.6774871808762669,
GSE92317,0.012157704296365954,-0.6774871808762669,
GSE92323,0.012157704296365954,-0.6774871808762669,
GSE92332,0.012157704296365954,-0.6774871808762669,
GSE92282,0.012157704296365954,-0.6774871808762669,
GSE81882,0.012157704296365954,-0.6774871808762669,
GSE69407,0.012157704296365954,-0.6774871808762669,
GSE69473,0.012157704296365954,-0.6774871808762669,
GSE69278,0.012157704296365954,-0.6774871808762669,
GSE69285,0.012157704296365954,-0.6774871808762669,
GSE69363,0.012157704296365954,-0.6774871808762669,
GSE92377,0.012157704296365954,-0.6774871808762669,
GSE104762,0.012157704296365954,-0.6774871808762669,
GSE104875,0.012157704296365954,-0.6774871808762669,
GSE104920,0.012157704296365954,-0.6774871808762669,
GSE106678,0.012157704296365954,-0.6774871808762669,
GSE106085,0.012157704296365954,-0.6774871808762669,
GSE69376,0.012157704296365954,-0.6774871808762669,
GSE81885,0.012157704296365954,-0.6774871808762669,
GSE106760,0.012157704296365954,-0.6774871808762669,
GSE82008,0.012157704296365954,-0.6774871808762669,
GSE82013,0.012157704296365954,-0.6774871808762669,
GSE82014,0.012157704296365954,-0.6774871808762669,
GSE81889,0.012157704296365954,-0.6774871808762669,
GSE81902,0.012157704296365954,-0.6774871808762669,
GSE95224,0.012157704296365954,-0.6774871808762669,
GSE95260,0.012157704296365954,-0.6774871808762669,
GSE95102,0.012157704296365954,-0.6774871808762669,
GSE69652,0.012157704296365954,-0.6774871808762669,
GSE55788,0.012157704296365954,-0.6774871808762669,
GSE56507,0.012157704296365954,-0.6774871808762669,
GSE56096,0.012157704296365954,-0.6774871808762669,
GSE95315,0.012157704296365954,-0.6774871808762669,
GSE68921,0.012157704296365954,-0.6774871808762669,
GSE68822,0.012157704296365954,-0.6774871808762669,
GSE69201,0.012157704296365954,-0.6774871808762669,
GSE69054,0.012157704296365954,-0.6774871808762669,
GSE55480,0.012157704296365954,-0.6774871808762669,
GSE55180,0.012157704296365954,-0.6774871808762669,
GSE55188,0.012157704296365954,-0.6774871808762669,
GSE55291,0.012157704296365954,-0.6774871808762669,
GSE56446,0.012157704296365954,-0.6774871808762669,
GSE100102,0.012157704296365954,-0.6774871808762669,
GSE100106,0.012157704296365954,-0.6774871808762669,
GSE86338,0.012157704296365954,-0.6774871808762669,
GSE86188,0.012157704296365954,-0.6774871808762669,
GSE86204,0.012157704296365954,-0.6774871808762669,
GSE86261,0.012157704296365954,-0.6774871808762669,
GSE86111,0.012157704296365954,-0.6774871808762669,
GSE86112,0.012157704296365954,-0.6774871808762669,
GSE86366,0.012157704296365954,-0.6774871808762669,
GSE86288,0.012157704296365954,-0.6774871808762669,
GSE86297,0.012157704296365954,-0.6774871808762669,
GSE83332,0.012157704296365954,-0.6774871808762669,
GSE101537,0.012157704296365954,-0.6774871808762669,
GSE101552,0.012157704296365954,-0.6774871808762669,
GSE99787,0.012157704296365954,-0.6774871808762669,
GSE99658,0.012157704296365954,-0.6774871808762669,
GSE99709,0.012157704296365954,-0.6774871808762669,
GSE100473,0.012157704296365954,-0.6774871808762669,
GSE100570,0.012157704296365954,-0.6774871808762669,
GSE57575,0.012157704296365954,-0.6774871808762669,
GSE57609,0.012157704296365954,-0.6774871808762669,
GSE58453,0.012157704296365954,-0.6774871808762669,
GSE58025,0.012157704296365954,-0.6774871808762669,
GSE97249,0.012157704296365954,-0.6774871808762669,
GSE86568,0.012157704296365954,-0.6774871808762669,
GSE85793,0.012157704296365954,-0.6774871808762669,
GSE61523,0.012157704296365954,-0.6774871808762669,
GSE86310,0.012157704296365954,-0.6774871808762669,
GSE102817,0.012157704296365954,-0.6774871808762669,
GSE102856,0.012157704296365954,-0.6774871808762669,
GSE86780,0.012157704296365954,-0.6774871808762669,
GSE86837,0.012157704296365954,-0.6774871808762669,
GSE93947,0.012157704296365954,-0.6774871808762669,
GSE93974,0.012157704296365954,-0.6774871808762669,
GSE61915,0.012157704296365954,-0.6774871808762669,
GSE99924,0.012157704296365954,-0.6774871808762669,
GSE62205,0.012157704296365954,-0.6774871808762669,
GSE62268,0.012157704296365954,-0.6774871808762669,
GSE94135,0.012157704296365954,-0.6774871808762669,
GSE62559,0.012157704296365954,-0.6774871808762669,
GSE62573,0.012157704296365954,-0.6774871808762669,
GSE62310,0.012157704296365954,-0.6774871808762669,
GSE62398,0.012157704296365954,-0.6774871808762669,
GSE62149,0.012157704296365954,-0.6774871808762669,
GSE100278,0.012157704296365954,-0.6774871808762669,
GSE86113,0.012157704296365954,-0.6774871808762669,
GSE99849,0.012157704296365954,-0.6774871808762669,
GSE100599,0.012157704296365954,-0.6774871808762669,
GSE94778,0.012157704296365954,-0.6774871808762669,
GSE94814,0.012157704296365954,-0.6774871808762669,
GSE94653,0.012157704296365954,-0.6774871808762669,
GSE94673,0.012157704296365954,-0.6774871808762669,
GSE94685,0.012157704296365954,-0.6774871808762669,
GSE58116,0.012157704296365954,-0.6774871808762669,
GSE58174,0.012157704296365954,-0.6774871808762669,
GSE94852,0.012157704296365954,-0.6774871808762669,
GSE94857,0.012157704296365954,-0.6774871808762669,
GSE94939,0.012157704296365954,-0.6774871808762669,
GSE67437,0.012157704296365954,-0.6774871808762669,
GSE92751,0.012157704296365954,-0.6774871808762669,
GSE58286,0.012157704296365954,-0.6774871808762669,
GSE58313,0.012157704296365954,-0.6774871808762669,
GSE58332,0.012157704296365954,-0.6774871808762669,
GSE66953,0.012157704296365954,-0.6774871808762669,
GSE66775,0.012157704296365954,-0.6774871808762669,
GSE66781,0.012157704296365954,-0.6774871808762669,
GSE66828,0.012157704296365954,-0.6774871808762669,
GSE67602,0.012157704296365954,-0.6774871808762669,
GSE83467,0.012157704296365954,-0.6774871808762669,
GSE83471,0.012157704296365954,-0.6774871808762669,
GSE83315,0.012157704296365954,-0.6774871808762669,
GSE58282,0.012157704296365954,-0.6774871808762669,
GSE92762,0.012157704296365954,-0.6774871808762669,
GSE57984,0.012157704296365954,-0.6774871808762669,
GSE67517,0.012157704296365954,-0.6774871808762669,
GSE67334,0.012157704296365954,-0.6774871808762669,
GSE67335,0.012157704296365954,-0.6774871808762669,
GSE67355,0.012157704296365954,-0.6774871808762669,
GSE67266,0.012157704296365954,-0.6774871808762669,
GSE67270,0.012157704296365954,-0.6774871808762669,
GSE83217,0.012157704296365954,-0.6774871808762669,
GSE83222,0.012157704296365954,-0.6774871808762669,
GSE83229,0.012157704296365954,-0.6774871808762669,
GSE83567,0.012157704296365954,-0.6774871808762669,
GSE83867,0.012157704296365954,-0.6774871808762669,
GSE83264,0.012157704296365954,-0.6774871808762669,
GSE83311,0.012157704296365954,-0.6774871808762669,
GSE83204,0.012157704296365954,-0.6774871808762669,
GSE83529,0.012157704296365954,-0.6774871808762669,
GSE84160,0.012157704296365954,-0.6774871808762669,
GSE98860,0.012157704296365954,-0.6774871808762669,
GSE98782,0.012157704296365954,-0.6774871808762669,
GSE83868,0.012157704296365954,-0.6774871808762669,
GSE83734,0.012157704296365954,-0.6774871808762669,
GSE83795,0.012157704296365954,-0.6774871808762669,
GSE83841,0.012157704296365954,-0.6774871808762669,
GSE93252,0.012157704296365954,-0.6774871808762669,
GSE93202,0.012157704296365954,-0.6774871808762669,
GSE93043,0.012157704296365954,-0.6774871808762669,
GSE66202,0.012157704296365954,-0.6774871808762669,
GSE65976,0.012157704296365954,-0.6774871808762669,
GSE67133,0.012157704296365954,-0.6774871808762669,
GSE67169,0.012157704296365954,-0.6774871808762669,
GSE106969,0.012157704296365954,-0.6774871808762669,
GSE80623,0.012157704296365954,-0.6774871808762669,
GSE70788,0.012157704296365954,-0.6774871808762669,
GSE70793,0.012157704296365954,-0.6774871808762669,
GSE106138,0.012157704296365954,-0.6774871808762669,
GSE71042,0.012157704296365954,-0.6774871808762669,
GSE71145,0.012157704296365954,-0.6774871808762669,
GSE70904,0.012157704296365954,-0.6774871808762669,
GSE70941,0.012157704296365954,-0.6774871808762669,
GSE95701,0.012157704296365954,-0.6774871808762669,
GSE95712,0.012157704296365954,-0.6774871808762669,
GSE95752,0.012157704296365954,-0.6774871808762669,
GSE53915,0.012157704296365954,-0.6774871808762669,
GSE53427,0.012157704296365954,-0.6774871808762669,
GSE98527,0.012157704296365954,-0.6774871808762669,
GSE98451,0.012157704296365954,-0.6774871808762669,
GSE70819,0.012157704296365954,-0.6774871808762669,
GSE80444,0.012157704296365954,-0.6774871808762669,
GSE80446,0.012157704296365954,-0.6774871808762669,
GSE88764,0.012157704296365954,-0.6774871808762669,
GSE80707,0.012157704296365954,-0.6774871808762669,
GSE80503,0.012157704296365954,-0.6774871808762669,
GSE83876,0.012157704296365954,-0.6774871808762669,
GSE83885,0.012157704296365954,-0.6774871808762669,
GSE83948,0.012157704296365954,-0.6774871808762669,
GSE103667,0.012157704296365954,-0.6774871808762669,
GSE84208,0.012157704296365954,-0.6774871808762669,
GSE84252,0.012157704296365954,-0.6774871808762669,
GSE93238,0.012157704296365954,-0.6774871808762669,
GSE84139,0.012157704296365954,-0.6774871808762669,
GSE58993,0.012157704296365954,-0.6774871808762669,
GSE58843,0.012157704296365954,-0.6774871808762669,
GSE58858,0.012157704296365954,-0.6774871808762669,
GSE58765,0.012157704296365954,-0.6774871808762669,
GSE58797,0.012157704296365954,-0.6774871808762669,
GSE94749,0.012157704296365954,-0.6774871808762669,
GSE94597,0.012157704296365954,-0.6774871808762669,
GSE58971,0.012157704296365954,-0.6774871808762669,
GSE58972,0.012157704296365954,-0.6774871808762669,
GSE58973,0.012157704296365954,-0.6774871808762669,
GSE84256,0.012157704296365954,-0.6774871808762669,
GSE109099,0.012157704296365954,-0.6774871808762669,
GSE109125,0.012157704296365954,-0.6774871808762669,
GSE108080,0.012157704296365954,-0.6774871808762669,
GSE79723,0.012157704296365954,-0.6774871808762669,
GSE80010,0.012157704296365954,-0.6774871808762669,
GSE79898,0.012157704296365954,-0.6774871808762669,
GSE122108,0.012157704296365954,-0.6774871808762669,
GSE124829,0.012157704296365954,-0.6774871808762669,
GSE117978,0.012157704296365954,-0.6774871808762669,
GSE72410,0.012157704296365954,-0.6774871808762669,
GSE72196,0.012157704296365954,-0.6774871808762669,
GSE80101,0.012157704296365954,-0.6774871808762669,
GSE72136,0.012157704296365954,-0.6774871808762669,
GSE71531,0.012157704296365954,-0.6774871808762669,
GSE71586,0.012157704296365954,-0.6774871808762669,
GSE71588,0.012157704296365954,-0.6774871808762669,
GSE71948,0.012157704296365954,-0.6774871808762669,
GSE72003,0.012157704296365954,-0.6774871808762669,
GSE71734,0.012157704296365954,-0.6774871808762669,
GSE53380,0.012157704296365954,-0.6774871808762669,
GSE86479,0.012157704296365954,-0.6774871808762669,
GSE50934,0.012157704296365954,-0.6774871808762669,
GSE50708,0.012157704296365954,-0.6774871808762669,
GSE72311,0.012157704296365954,-0.6774871808762669,
GSE80102,0.012157704296365954,-0.6774871808762669,
GSE98507,0.012157704296365954,-0.6774871808762669,
GSE80326,0.012157704296365954,-0.6774871808762669,
GSE80232,0.012157704296365954,-0.6774871808762669,
GSE80032,0.012157704296365954,-0.6774871808762669,
GSE98347,0.012157704296365954,-0.6774871808762669,
GSE98401,0.012157704296365954,-0.6774871808762669,
GSE98167,0.012157704296365954,-0.6774871808762669,
GSE98168,0.012157704296365954,-0.6774871808762669,
GSE52069,0.012157704296365954,-0.6774871808762669,
GSE52080,0.012157704296365954,-0.6774871808762669,
GSE108836,0.012157704296365954,-0.6774871808762669,
GSE71209,0.012157704296365954,-0.6774871808762669,
GSE50554,0.012157704296365954,-0.6774871808762669,
GSE52313,0.012157704296365954,-0.6774871808762669,
GSE52359,0.012157704296365954,-0.6774871808762669,
GSE71281,0.012157704296365954,-0.6774871808762669,
GSE71162,0.012157704296365954,-0.6774871808762669,
GSE71165,0.012157704296365954,-0.6774871808762669,
GSE71185,0.012157704296365954,-0.6774871808762669,
GSE71257,0.012157704296365954,-0.6774871808762669,
GSE109404,0.012157704296365954,-0.6774871808762669,
GSE108769,0.012157704296365954,-0.6774871808762669,
GSE52234,0.012157704296365954,-0.6774871808762669,
GSE103849,0.012157704296365954,-0.6774871808762669,
GSE103901,0.012157704296365954,-0.6774871808762669,
GSE98794,0.012157704296365954,-0.6774871808762669,
GSE104086,0.012157704296365954,-0.6774871808762669,
GSE104205,0.012157704296365954,-0.6774871808762669,
GSE104213,0.012157704296365954,-0.6774871808762669,
GSE103903,0.012157704296365954,-0.6774871808762669,
GSE103958,0.012157704296365954,-0.6774871808762669,
GSE83506,0.012157704296365954,-0.6774871808762669,
GSE81329,0.012157704296365954,-0.6774871808762669,
GSE81999,0.012157704296365954,-0.6774871808762669,
GSE80433,0.012157704296365954,-0.6774871808762669,
GSE81424,0.012157704296365954,-0.6774871808762669,
GSE81432,0.012157704296365954,-0.6774871808762669,
GSE54697,0.012157704296365954,-0.6774871808762669,
GSE54826,0.012157704296365954,-0.6774871808762669,
GSE54549,0.012157704296365954,-0.6774871808762669,
GSE54561,0.012157704296365954,-0.6774871808762669,
GSE54588,0.012157704296365954,-0.6774871808762669,
GSE69969,0.012157704296365954,-0.6774871808762669,
GSE70357,0.012157704296365954,-0.6774871808762669,
GSE70358,0.012157704296365954,-0.6774871808762669,
GSE91058,0.012157704296365954,-0.6774871808762669,
GSE82000,0.012157704296365954,-0.6774871808762669,
GSE105471,0.012157704296365954,-0.6774871808762669,
GSE105043,0.012157704296365954,-0.6774871808762669,
GSE81311,0.012157704296365954,-0.6774871808762669,
GSE66966,0.012157704296365954,-0.6774871808762669,
GSE66471,0.012157704296365954,-0.6774871808762669,
GSE66484,0.012157704296365954,-0.6774871808762669,
GSE66243,0.012157704296365954,-0.6774871808762669,
GSE66582,0.012157704296365954,-0.6774871808762669,
GSE66679,0.012157704296365954,-0.6774871808762669,
GSE66686,0.012157704296365954,-0.6774871808762669,
GSE66706,0.012157704296365954,-0.6774871808762669,
GSE103753,0.012157704296365954,-0.6774871808762669,
GSE66547,0.012157704296365954,-0.6774871808762669,
GSE66575,0.012157704296365954,-0.6774871808762669,
GSE58609,0.012157704296365954,-0.6774871808762669,
GSE58619,0.012157704296365954,-0.6774871808762669,
GSE58645,0.012157704296365954,-0.6774871808762669,
GSE58664,0.012157704296365954,-0.6774871808762669,
GSE93085,0.012157704296365954,-0.6774871808762669,
GSE103976,0.012157704296365954,-0.6774871808762669,
GSE104054,0.012157704296365954,-0.6774871808762669,
GSE104064,0.012157704296365954,-0.6774871808762669,
GSE103736,0.012157704296365954,-0.6774871808762669,
GSE66716,0.012157704296365954,-0.6774871808762669,
GSE54619,0.012157704296365954,-0.6774871808762669,
GSE70359,0.012157704296365954,-0.6774871808762669,
GSE70360,0.012157704296365954,-0.6774871808762669,
GSE70304,0.012157704296365954,-0.6774871808762669,
GSE53913,0.012157704296365954,-0.6774871808762669,
GSE95432,0.012157704296365954,-0.6774871808762669,
GSE95434,0.012157704296365954,-0.6774871808762669,
GSE95436,0.012157704296365954,-0.6774871808762669,
GSE95445,0.012157704296365954,-0.6774871808762669,
GSE95448,0.012157704296365954,-0.6774871808762669,
GSE54390,0.012157704296365954,-0.6774871808762669,
GSE69900,0.012157704296365954,-0.6774871808762669,
GSE90929,0.012157704296365954,-0.6774871808762669,
GSE90869,0.012157704296365954,-0.6774871808762669,
GSE95631,0.012157704296365954,-0.6774871808762669,
GSE95424,0.012157704296365954,-0.6774871808762669,
GSE95428,0.012157704296365954,-0.6774871808762669,
GSE90969,0.012157704296365954,-0.6774871808762669,
GSE90983,0.012157704296365954,-0.6774871808762669,
GSE88778,0.012157704296365954,-0.6774871808762669,
GSE88779,0.012157704296365954,-0.6774871808762669,
GSE106594,0.012157704296365954,-0.6774871808762669,
GSE106349,0.012157704296365954,-0.6774871808762669,
GSE54411,0.012157704296365954,-0.6774871808762669,
GSE81530,0.012157704296365954,-0.6774871808762669,
GSE81670,0.012157704296365954,-0.6774871808762669,
GSE81257,0.012157704296365954,-0.6774871808762669,
GSE81206,0.012157704296365954,-0.6774871808762669,
GSE98725,0.012157704296365954,-0.6774871808762669,
GSE87870,0.012157704296365954,-0.6774871808762669,
GSE88700,0.012157704296365954,-0.6774871808762669,
GSE87795,0.012157704296365954,-0.6774871808762669,
GSE106436,0.012157704296365954,-0.6774871808762669,
GSE106467,0.012157704296365954,-0.6774871808762669,
GSE106259,0.012157704296365954,-0.6774871808762669,
GSE70243,0.012157704296365954,-0.6774871808762669,
GSE98668,0.012157704296365954,-0.6774871808762669,
GSE70236,0.012157704296365954,-0.6774871808762669,
GSE70713,0.012157704296365954,-0.6774871808762669,
GSE70244,0.012157704296365954,-0.6774871808762669,
GSE70207,0.012157704296365954,-0.6774871808762669,
GSE70235,0.012157704296365954,-0.6774871808762669,
GSE70238,0.012157704296365954,-0.6774871808762669,
GSE70239,0.012157704296365954,-0.6774871808762669,
GSE70240,0.012157704296365954,-0.6774871808762669,
GSE70241,0.012157704296365954,-0.6774871808762669,
GSE70242,0.012157704296365954,-0.6774871808762669,
GSE106294,0.012157704296365954,-0.6774871808762669,
GSE80128,0.012157544723966908,-0.6775061166731882,muscle
GSE92589,0.01215698500959385,-0.6775725376288322,
GSE83358,0.012156960789989006,-0.6775754118232628,
GSE83762,0.012156772635131458,-0.6775977407741618,muscle
GSE68472,0.012156710483004788,-0.6776051166457709,
GSE104294,0.012156531090608153,-0.6776264061575147,
GSE37379,0.012156193791771833,-0.6776664361714965,muscle
GSE89307,0.01215586721903444,-0.6777051942898266,
GSE79814,0.012155472445834111,-0.6777520479265484,stem
GSE96539,0.01215535429078435,-0.6777660714483474,stem
GSE80972,0.0121553239279646,-0.6777696751560753,muscle
GSE72403,0.012154902954385852,-0.6778196406703756,
GSE46066,0.01215443574008249,-0.677875096539994,stem
GSE83688,0.01215437065330298,-0.6778828221660494,
GSE85519,0.01215306842424026,-0.6780374019559395,loss
GSE94082,0.012152701399094688,-0.6780809722983963,loss
GSE77586,0.012151458937931561,-0.6782284772963263,composed
GSE75219,0.012149507998291105,-0.6784601233010135,composed
GSE92618,0.01214909305360844,-0.6785093968073116,stem
GSE79700,0.012148981268026191,-0.678522671316478,stem
GSE102454,0.012148683948227408,-0.6785579785606487,composed
GSE46433,0.01214860330425248,-0.6785675553221611,stem
GSE35553,0.012148011253703716,-0.6786378653967426,"disease,models"
GSE76093,0.012147863329631201,-0.678655432932755,stem
GSE95138,0.012147825417842864,-0.6786599353899271,"mrnas,splicing"
GSE59373,0.012147765786665854,-0.6786670173006023,stem
GSE58242,0.01214768842581907,-0.6786762048719923,stem
GSE87219,0.01214754071390589,-0.6786937476778989,mrnas
GSE88732,0.01214715903089027,-0.6787390787336153,mrnas
GSE73859,0.012147131779935908,-0.6787423152814136,stem
GSE60853,0.012146839834608274,-0.6787769895687709,stem
GSE77188,0.012146719460641388,-0.6787912866030563,loss
GSE70588,0.012146638547067306,-0.6788008969345745,splicing
GSE80708,0.012146246790659341,-0.6788474278442789,stem
GSE85136,0.01214611821334592,-0.6788626999556946,models
GSE73143,0.012146017006361247,-0.6788747211974316,stem
GSE54302,0.012144775564216864,-0.6790221863261718,stem
GSE52396,0.012144368061003183,-0.6790705950205789,stem
GSE58833,0.012143865854581784,-0.679130256066028,mrnas
GSE48085,0.012143467085472452,-0.6791776307380812,stem
GSE29413,0.01214284277937908,-0.67925180283834,stem
GSE72574,0.012142724934626788,-0.6792658040790546,loss
GSE81357,0.012142721600056623,-0.6792662002643035,loss
GSE65924,0.012142349853313366,-0.6793103687308476,stem
GSE56575,0.012142153865889162,-0.6793336551927207,expanded
GSE38808,0.012141759084534267,-0.679380562715751,loss
GSE98132,0.012141528840467188,-0.6794079207880849,loss
GSE59698,0.01214134279668522,-0.6794300272708476,splicing
GSE76254,0.012141096859822682,-0.6794592510141769,stem
GSE86339,0.012140752521718156,-0.6795001683980233,models
GSE88745,0.012140604956961846,-0.6795177037390626,stem
GSE44157,0.012140226691026781,-0.6795626546202029,"loss,stem"
GSE44158,0.012140226691026781,-0.6795626546202029,"loss,stem"
GSE92308,0.012140084654048507,-0.6795795338143178,stem
GSE94133,0.012139573287349598,-0.6796403045387226,loss
GSE66380,0.012139369073505827,-0.679664573989617,stem
GSE84462,0.012138911817762848,-0.6797189172601183,loss
GSE102659,0.012138251178124554,-0.6797974356216238,mrnas
GSE56566,0.012137540105303213,-0.6798819528446775,stem
GSE62432,0.012137352581819846,-0.6799042424756138,stem
GSE84987,0.012137256189683584,-0.6799157000820598,loss
GSE57745,0.012137247594706756,-0.6799167217244015,mrnas
GSE39406,0.012136912738712003,-0.6799565249617896,stem
GSE58514,0.01213610621856043,-0.6800523978835326,stem
GSE107338,0.012135127616662019,-0.6801687351176586,
GSE72909,0.01213475011247155,-0.6802136157247739,
GSE58917,0.012134572186057147,-0.680234769472089,
GSE116525,0.012134566277475216,-0.6802354719512367,
GSE58732,0.012134102626373636,-0.6802905971126276,loss
GSE63348,0.012134072791124656,-0.6802941444057393,mn
GSE71802,0.012134035989197498,-0.6802985200213498,stem
GSE79551,0.012134024944234902,-0.6802998332299169,splicing
GSE77645,0.012132920486644458,-0.6804311555254441,
GSE82158,0.012132300820424163,-0.6805048403578967,
GSE80041,0.01213230006458251,-0.680504930237719,stem
GSE89314,0.012132237047018095,-0.6805124239003634,loss
GSE105266,0.01213219307365367,-0.6805176529664879,
GSE95383,0.012132104443624996,-0.680528192410521,stem
GSE57849,0.01213200294990186,-0.6805402616359555,
GSE90531,0.01213178409433021,-0.680566287404095,
GSE59148,0.01213177493906141,-0.6805673761364509,
GSE103219,0.01213174373039375,-0.6805710874357623,
GSE95108,0.012131226773734655,-0.680632564723419,
GSE79519,0.012131217330991538,-0.6806336876934389,
GSE100265,0.012131047504472085,-0.6806538843139185,loss
GSE77029,0.012130997785397387,-0.680659797208866,stem
GSE68251,0.012130943602585034,-0.6806662409862565,"expanded,mrnas"
GSE75995,0.012130869221221677,-0.6806750869554204,
GSE79903,0.012130647046954225,-0.6807015098475705,
GSE68789,0.012130350967166212,-0.6807367229778503,
GSE81237,0.012130350560759095,-0.680736771312935,mrnas
GSE37184,0.012130349490382896,-0.6807368986156453,
GSE77410,0.01213033336884011,-0.6807388159952972,
GSE71699,0.012130250034645497,-0.680748727202073,
GSE66352,0.012130218216232697,-0.6807525114873457,stem
GSE98423,0.012130045196054515,-0.6807730896112347,
GSE99076,0.01212999034904885,-0.6807796128912962,stem
GSE56762,0.012129900852916153,-0.6807902572611119,
GSE36639,0.01212950156285118,-0.680837748438907,
GSE89621,0.012129216767453002,-0.680871622685934,
GSE103435,0.01212921233328143,-0.6808721501032132,
GSE77534,0.01212904219631825,-0.6808923869881677,
GSE65753,0.012129008086337203,-0.6808964442227703,
GSE36882,0.012128991634315116,-0.680898401123665,
GSE86442,0.012128921606341455,-0.6809067306950772,
GSE89897,0.012128870805278939,-0.6809127733258097,
GSE101470,0.012128807623232723,-0.6809202886719313,
GSE84370,0.012128683299954781,-0.6809350767287115,stem
GSE85967,0.012128619312408917,-0.6809426880049172,
GSE68140,0.012128552093734687,-0.6809506836649505,
GSE83436,0.012128398122020876,-0.6809689987644151,
GSE85450,0.012128320621419102,-0.6809782176315695,stem
GSE83736,0.012127979955901804,-0.6810187412432283,
GSE72921,0.012127511094297386,-0.6810745161859199,
GSE99954,0.012127337718491503,-0.6810951412095837,
GSE104236,0.01212722236489804,-0.6811088639946324,
GSE59073,0.012127186577651883,-0.681113121371729,
GSE70731,0.01212696255918598,-0.6811397716844659,
GSE60377,0.012126936740337208,-0.6811428432503717,
GSE78240,0.012126930600976,-0.6811435736267564,"loss,mrnas"
GSE47083,0.012126916138085485,-0.681145294223134,
GSE88970,0.012126862863202881,-0.6811516321557862,loss
GSE63199,0.012126849261851324,-0.6811532502670543,disease
GSE80810,0.012126658188481854,-0.6811759818742787,
GSE83636,0.012126589604480124,-0.6811841412597781,
GSE65619,0.012126449969693327,-0.6812007536446989,muscle
GSE77453,0.0121263642786596,-0.6812109484227679,
GSE84665,0.0121263384784093,-0.6812140179275182,
GSE84953,0.012126256491492036,-0.6812237721100377,stem
GSE70813,0.012126232602144836,-0.6812266142960585,
GSE95826,0.012126151377436384,-0.6812362778808163,
GSE73225,0.01212614180729384,-0.6812374164780685,loss
GSE107053,0.012126117161049074,-0.6812403487422461,
GSE64218,0.012126002268713944,-0.6812540180302118,"disease,loss,stem"
GSE42629,0.012125986483193636,-0.6812558961188169,composed
GSE47735,0.012125955560563288,-0.6812595751582419,
GSE73861,0.012125906238518466,-0.6812654432990108,
GSE59463,0.012125899792032534,-0.6812662102780368,stem
GSE100690,0.012125778978453251,-0.6812805843057776,
GSE53794,0.012125680302493665,-0.6812923245739324,
GSE89636,0.012125583340880375,-0.6813038609656609,
GSE79013,0.01212557731900356,-0.681304577445333,
GSE101810,0.012125391320027277,-0.681326707678949,muscle
GSE76504,0.012125274963275631,-0.6813405520250476,
GSE67889,0.01212525012652422,-0.6813435071658505,
GSE84878,0.012125197693897919,-0.6813497457549692,loss
GSE98492,0.012124953961301848,-0.6813787461350629,
GSE101696,0.012124767152183498,-0.681400973903158,
GSE50807,0.012124669134216564,-0.6814126368575579,stem
GSE89771,0.01212456490098362,-0.6814250394570005,mrnas
GSE79039,0.012124315451453519,-0.6814547216192128,
GSE102688,0.012124294285983394,-0.6814572401404078,
GSE104300,0.012123885101940308,-0.6815059306239598,stem
GSE89434,0.012123775028925846,-0.6815190289428279,
GSE70210,0.01212334790916467,-0.6815698558853027,"models,stem"
GSE98360,0.012123250218602211,-0.681581481243158,
GSE79824,0.012123068026073843,-0.6816031627417275,
GSE95688,0.012122978852406225,-0.68161377481459,mrnas
GSE99701,0.012122960994849772,-0.6816158999545763,composed
GSE35857,0.01212287914957988,-0.6816256399977582,
GSE42474,0.012122733247901371,-0.681643003273603,"loss,stem"
GSE61755,0.012122669124031364,-0.6816506345092364,
GSE85553,0.012122437543523955,-0.6816781947137922,splicing
GSE71527,0.01212214027478186,-0.681713573192499,
GSE55280,0.012122008476189957,-0.6817292590536023,
GSE79937,0.012122000428719902,-0.6817302168197198,
GSE43351,0.012121834664848835,-0.6817499452755377,"diseases,muscle"
GSE85278,0.012121731294825782,-0.6817622480382487,
GSE74018,0.012121472566812418,-0.6817930414617553,"loss,stem"
GSE79975,0.012121432424185376,-0.6817978192364472,
GSE58089,0.012121400514350652,-0.681801617155645,
GSE95182,0.01212129262489446,-0.6818144582688429,
GSE89945,0.012121291019497262,-0.681814649345719,
GSE75667,0.012121238429506201,-0.6818209087023976,
GSE54932,0.012120982092716311,-0.6818514187635735,
GSE84078,0.012120937005007461,-0.6818567853200493,
GSE82255,0.012120883366965478,-0.6818631696043964,
GSE80682,0.01212080759689491,-0.681872188208356,
GSE47496,0.012120804259091617,-0.6818725854948307,
GSE99160,0.012120766482102807,-0.6818770819587767,stem
GSE38842,0.01212074000064099,-0.6818802339636791,
GSE61389,0.012120678395126237,-0.6818875667004998,
GSE38841,0.012120667864303727,-0.6818888201593833,
GSE69800,0.012120597241223989,-0.6818972262855876,mrnas
GSE55060,0.01212056820351828,-0.6819006826007652,
GSE32190,0.012120564423433365,-0.6819011325392927,
GSE87046,0.01212037095160307,-0.6819241614237649,
GSE69170,0.012120207925202695,-0.6819435666847163,
GSE107840,0.01212016516865294,-0.6819486560999707,stem
GSE97120,0.012119998049063769,-0.6819685489200289,
GSE74111,0.012119947906557259,-0.6819745176087061,stem
GSE109032,0.012119911319028074,-0.6819788728028863,
GSE100674,0.012119897236174208,-0.6819805491579933,
GSE81222,0.012119734588948104,-0.6819999100417073,stem
GSE69669,0.01211943380367908,-0.6820357150172729,stem
GSE90962,0.012119341130055061,-0.6820467469096156,
GSE100389,0.012119238872953901,-0.6820589197194685,stem
GSE65658,0.012118975291172762,-0.6820902972892811,disease
GSE43718,0.012118888524150903,-0.6821006264464298,
GSE85674,0.012118839612849647,-0.6821064491119343,
GSE104658,0.012118719460134509,-0.6821207528399427,
GSE66832,0.012118691421994487,-0.6821240906952738,
GSE81470,0.012118596334727734,-0.6821354106028126,
GSE104657,0.012118565289746107,-0.682139106451504,
GSE82210,0.012118383470502399,-0.6821607518924244,
GSE67583,0.012118208076250903,-0.6821816327507209,stem
GSE47851,0.012118205248068831,-0.6821819694510564,
GSE90116,0.012118170717274857,-0.6821860804126372,
GSE68139,0.012118091891582701,-0.6821954648162479,
GSE43948,0.01211808134759351,-0.6821967201102058,
GSE90070,0.012117777377657287,-0.6822329091245557,diseases
GSE79996,0.012117761633537522,-0.6822347835589139,
GSE49313,0.012117690312485788,-0.682243274799587,
GSE93820,0.012117568504523583,-0.6822577769548428,healthy
GSE49147,0.012117444722034186,-0.6822725143417744,
GSE101732,0.012117440491267275,-0.6822730180542026,stem
GSE90094,0.012117382731620044,-0.6822798948988043,
GSE92238,0.012117376881007356,-0.6822805914726547,
GSE76505,0.012117315013773071,-0.6822879574051358,
GSE45893,0.012117191699512125,-0.6823026393522325,muscle
GSE103949,0.012117168502016162,-0.6823054012912404,
GSE44366,0.012117144169324938,-0.682308298394487,
GSE76565,0.012117042900343926,-0.6823203557625582,
GSE77744,0.012116859403408972,-0.682342203677497,
GSE76017,0.01211649267600766,-0.682385868771912,
GSE83340,0.012116426778799804,-0.6823937150881729,
GSE75054,0.012116370696684052,-0.6824003927646037,
GSE94560,0.012116307234745587,-0.6824079491910265,muscle
GSE92965,0.012116250947359339,-0.6824146513751207,
GSE105055,0.012116037625252252,-0.6824400520916144,stem
GSE95257,0.012115735609710385,-0.6824760144886145,
GSE39522,0.012115493010932012,-0.6825049025041566,stem
GSE75826,0.012115376781661765,-0.6825187429806419,mrnas
GSE42339,0.01211514104951351,-0.6825468141596108,
GSE102789,0.012115071383445987,-0.6825551101570491,
GSE92629,0.012115052172154335,-0.6825573978907563,stem
GSE71508,0.012114900338129947,-0.6825754788336662,
GSE86955,0.012114582704364066,-0.682613304540313,
GSE84786,0.01211453517383177,-0.6826189648423991,
GSE97618,0.012114530045418664,-0.6826195755746819,
GSE96541,0.012114493524980147,-0.6826239247268784,
GSE106575,0.012114335291486127,-0.6826427686156074,
GSE76619,0.012114251243427052,-0.6826527779257131,
GSE94965,0.012114182428341336,-0.6826609731878789,
GSE81505,0.012114142020949095,-0.6826657853691357,
GSE49669,0.012114128043067754,-0.6826674500212168,
GSE81494,0.01211410998203387,-0.6826696009464297,stem
GSE33252,0.012114020758170434,-0.6826802268446216,
GSE117470,0.01211384405094237,-0.6827012715915384,
GSE74371,0.012113841751550556,-0.6827015454370219,
GSE97032,0.012113403515241246,-0.6827537380279076,
GSE45684,0.01211336360310974,-0.6827584915333105,
GSE79525,0.012113198676273657,-0.6827781343638354,mrnas
GSE97732,0.012113035332054389,-0.6827975889678831,
GSE52616,0.012112999298813005,-0.6828018806300925,
GSE77656,0.012112770994641931,-0.6828290726071847,
GSE73049,0.012112217506888892,-0.6828949974299429,
GSE54006,0.012112149145666317,-0.6829031400078864,
GSE64455,0.01211199191339959,-0.6829218682848498,
GSE53074,0.012111967321468362,-0.6829247975052041,
GSE85505,0.012111838031004527,-0.6829401977867287,stem
GSE97118,0.01211170728950424,-0.6829557710739259,
GSE96526,0.012111683215950146,-0.6829586386161138,mrnas
GSE81411,0.012111319380051618,-0.6830019779374441,
GSE97137,0.012111051276422076,-0.6830339146774341,disease
GSE63526,0.012110952896911688,-0.6830456339084892,
GSE107653,0.012110951631261673,-0.6830457846767328,models
GSE68190,0.012110890417163608,-0.6830530767130308,airedependent
GSE60440,0.012110834307081559,-0.6830597607735623,
GSE78514,0.012110666939134084,-0.6830796985061888,
GSE89419,0.01211031032461535,-0.6831221811849116,
GSE22001,0.01211018453557111,-0.6831371664468868,mrnas
GSE45446,0.012110149218304816,-0.6831413738244942,stem
GSE105045,0.01210998315571541,-0.6831611571741899,diseases
GSE68618,0.012109750742996899,-0.6831888453955263,
GSE84137,0.012109524324410904,-0.6832158200238154,
GSE68283,0.01210935550902185,-0.6832359323598355,
GSE47708,0.012109306706105978,-0.6832417466962412,
GSE68284,0.012109296136513563,-0.6832430059512576,
GSE104777,0.01210910626652521,-0.6832656271370865,
GSE81125,0.012108797905940832,-0.6833023660953995,
GSE94118,0.012108701495358053,-0.683313852918821,loss
GSE92992,0.01210867892008504,-0.6833165426593182,
GSE97184,0.01210854059833566,-0.6833330231724283,
GSE39866,0.01210851244595182,-0.6833363774455085,splicing
GSE95687,0.012108498589878587,-0.6833380283584235,stem
GSE68470,0.012108407681866067,-0.6833488598442763,
GSE66029,0.012108349200005543,-0.6833558278698109,
GSE72086,0.012108190493452355,-0.6833747376860062,disease
GSE93061,0.012108171121494064,-0.6833770458633124,loss
GSE64099,0.012108161990094944,-0.6833781338747932,
GSE77476,0.012107923916359306,-0.6834065007875232,stem
GSE52974,0.012107254316794781,-0.6834862877675788,
GSE95337,0.012107236950944336,-0.6834883570760801,composed
GSE84534,0.012106895466446556,-0.6835290488492172,
GSE95519,0.012106446198805286,-0.6835825859617007,
GSE78128,0.01210640498344239,-0.6835874975022057,
GSE70108,0.01210640439428868,-0.6835875677104266,
GSE60334,0.012106385771023692,-0.683589787007902,
GSE85627,0.012106305925869677,-0.6835993020349116,
GSE77851,0.012106050721317778,-0.6836297147986764,stem
GSE89734,0.012105885625245213,-0.6836493896633179,loss
GSE47835,0.012105612523192399,-0.6836819364288964,mrnas
GSE95629,0.012105591242048757,-0.6836844726266578,
GSE102014,0.01210552162585102,-0.683692769225314,
GSE109279,0.01210486862289968,-0.6837705940030341,"diseases,loss"
GSE94813,0.012104867589490373,-0.683770717167902,
GSE83356,0.012104701213193363,-0.6837905465387245,
GSE71619,0.012104670923466081,-0.6837941566149456,models
GSE55754,0.012104514622691617,-0.6838127854409157,stem
GSE47124,0.012104360164753573,-0.6838311948633448,
GSE70538,0.012104183912708384,-0.6838522021532282,
GSE95739,0.012104138750704114,-0.6838575850127102,
GSE75549,0.012103829220072578,-0.6838944785105605,
GSE98666,0.012103642765975314,-0.6839167027561683,
GSE65160,0.012103302251930438,-0.6839572909364252,
GSE46240,0.012103181502471902,-0.6839716841582404,
GSE63772,0.012103161849929052,-0.6839740267364396,
GSE62734,0.012103029147732501,-0.6839898449046843,stem
GSE101650,0.012102778904343385,-0.6840196745138202,
GSE60231,0.01210234092651464,-0.6840718840005762,vehicules
GSE67863,0.012102037932978078,-0.6841080036857936,stem
GSE105806,0.012101998690406164,-0.684112681836366,
GSE106700,0.012101870691405349,-0.6841279408448163,
GSE76824,0.012101620288240803,-0.6841577923570654,stem
GSE75966,0.012101600238331464,-0.6841601826096141,loss
GSE104478,0.012101478155849396,-0.6841747367740548,
GSE89477,0.012101469497525132,-0.6841757689889452,
GSE108044,0.01210121695767373,-0.6842058762245143,cytoplasmic
GSE88982,0.012101074573112401,-0.6842228512700609,
GSE61209,0.01210094844714572,-0.6842378881375579,
GSE86460,0.012100662330661134,-0.6842719998202256,
GSE80960,0.012100624319138545,-0.6842765317309399,
GSE61102,0.012100267352622525,-0.6843190916357113,stem
GSE31920,0.012100124671114262,-0.6843361034183465,
GSE65929,0.012100095286286049,-0.6843396069688114,
GSE76988,0.012099595512419084,-0.6843991962656776,
GSE80804,0.012099591688593364,-0.6843996521995367,
GSE45182,0.012099546911748395,-0.6844049911773616,stem
GSE86396,0.012099167237570234,-0.6844502625129086,loss
GSE80288,0.012099101298420362,-0.6844581250659156,expanded
GSE98413,0.012099019340626434,-0.6844678977341843,
GSE35213,0.012098849655636344,-0.68448813122613,
GSE76552,0.012098750388225983,-0.6844999681521382,repeat
GSE87119,0.012098719981511404,-0.6845035939539815,
GSE92605,0.012098466141987809,-0.6845338630125418,
GSE81282,0.012098373268711273,-0.6845449378321262,expanded
GSE50612,0.012098172426880554,-0.6845688878220819,
GSE27016,0.012098101440479589,-0.6845773529046979,
GSE33473,0.012097994734173235,-0.6845900776564843,
GSE88836,0.012097902058960849,-0.684601129288128,"diseases,muscle"
GSE80268,0.012097715434405371,-0.6846233847499507,
GSE77351,0.01209740193052592,-0.6846607716727242,
GSE96104,0.01209734846059268,-0.6846671483293356,
GSE56636,0.012097315081497917,-0.6846711290298236,
GSE72724,0.012097287149800047,-0.6846744600969447,
GSE75909,0.012097280841384077,-0.6846752124245281,loss
GSE70135,0.01209723127325222,-0.6846811238227559,
GSE81117,0.012097210255209939,-0.6846836304005856,
GSE81115,0.012097210255209939,-0.6846836304005856,
GSE68461,0.012096733997544563,-0.6847404292891781,stem
GSE39756,0.012096705033509313,-0.6847438836364467,
GSE61969,0.012096676885775884,-0.6847472406367674,models
GSE76005,0.01209659770487013,-0.6847566840793766,
GSE99331,0.012096539327712293,-0.6847636464204737,splicing
GSE103180,0.01209563353900831,-0.6848716794507551,
GSE87212,0.012095539832661309,-0.6848828562283376,
GSE59215,0.012095295992869652,-0.684911940503122,
GSE79848,0.012095178167980974,-0.6849259944138854,
GSE60627,0.012094986449167658,-0.6849488625328585,
GSE72184,0.01209484585206773,-0.6849656331111993,
GSE69097,0.012094735235630103,-0.6849788276998473,
GSE74679,0.012094403862243426,-0.6850183554184432,
GSE47885,0.01209417568868832,-0.6850455736232766,
GSE72059,0.012094019490095097,-0.6850642064261108,
GSE72275,0.012093926526841194,-0.6850752960511081,
GSE62647,0.012093774148407373,-0.685093473521862,loss
GSE38046,0.012093772641881969,-0.6850936532388668,
GSE95835,0.01209373408791629,-0.685098252440902,
GSE73272,0.012092888356822427,-0.6851991455737343,
GSE86623,0.012092739792644525,-0.6852168695543884,
GSE106709,0.012092729604789342,-0.6852180849922954,
GSE47033,0.012092563084403485,-0.6852379514572561,
GSE79363,0.012092444070145685,-0.6852521504424725,
GSE53090,0.012092433283975768,-0.6852534372924013,stem
GSE78241,0.012092217484019856,-0.6852791836659348,
GSE70159,0.012091935256109469,-0.6853128560307359,
GSE86400,0.012091920593843137,-0.6853146053943656,
GSE86079,0.01209165899886421,-0.6853458168018735,
GSE45474,0.012091607710033576,-0.6853519362515325,stem
GSE58108,0.012091583669769276,-0.6853548045884318,
GSE102867,0.012091578707341013,-0.6853553966756482,
GSE77793,0.012091535245445824,-0.6853605822990363,
GSE81467,0.012091372474222728,-0.6853800033909152,
GSE87837,0.012091274297793646,-0.6853917174641269,
GSE92699,0.012091057697479814,-0.6854175618035968,
GSE104138,0.012090586619539018,-0.6854737715303,stem
GSE70158,0.012090460348042441,-0.6854888388069288,
GSE83298,0.012090376099961957,-0.6854988917501494,
GSE77454,0.012090042905026431,-0.6855386510844326,
GSE93131,0.012089557496867563,-0.685596575610236,
GSE60425,0.01208941255557334,-0.685613872135766,
GSE46807,0.01208929111856752,-0.6856283639437997,
GSE70355,0.012088754980382714,-0.6856923462769802,loss
GSE101806,0.012088522388666065,-0.6857201044824266,
GSE79543,0.012088492590356699,-0.6857236607422204,
GSE59354,0.012088461510293743,-0.6857273699813998,loss
GSE77449,0.012088347543685887,-0.6857409713677213,diseases
GSE59958,0.012088291556784276,-0.6857476531918552,
GSE98262,0.012088219809198004,-0.6857562160391034,
GSE71499,0.012087911524220868,-0.6857930094533671,
GSE80745,0.012087892880639833,-0.6857952345707986,"loss,stem"
GSE85193,0.012087852784005407,-0.6858000201287248,
GSE66231,0.012087586655992652,-0.6858317830727003,
GSE79291,0.01208757717111476,-0.6858329151259428,loss
GSE67672,0.012087052350492362,-0.6858955556813011,
GSE100532,0.012087032798206354,-0.6858978894189287,
GSE79423,0.01208698280035499,-0.6859038571202337,
GSE53683,0.012086926663116865,-0.6859105576429751,
GSE82275,0.012086759246320092,-0.6859305406429508,
GSE53489,0.01208661991821784,-0.6859471711653785,stem
GSE85266,0.012086595679591765,-0.685950064363058,
GSE75668,0.01208646993541685,-0.6859650736713899,
GSE103670,0.012086407149387786,-0.6859725681117458,
GSE95859,0.012085718036450784,-0.6860548264824475,
GSE49929,0.012085636773159056,-0.6860645270680297,
GSE73176,0.012085596066513781,-0.6860693863381925,stem
GSE75951,0.012085540042405765,-0.6860760741250174,
GSE81285,0.01208547943175514,-0.6860833094578237,stem
GSE92967,0.01208547853730623,-0.6860834162319954,stem
GSE98877,0.012085476680444391,-0.6860836378935177,disease
GSE85422,0.012085435177959533,-0.6860885922311482,
GSE63510,0.012085383407620666,-0.6860947723123798,
GSE88908,0.012085317364737908,-0.6861026562161473,diseases
GSE89264,0.012085232483700305,-0.6861127889977997,
GSE103127,0.012084917291541562,-0.6861504160848141,
GSE84383,0.012084828588165038,-0.686161005515258,
GSE94659,0.01208474059648953,-0.686171510059458,loss
GSE100608,0.012084714808008814,-0.686174588731494,
GSE85727,0.012084695098457787,-0.6861769416951483,
GSE54952,0.012084442571539115,-0.686207089178128,
GSE79698,0.012084438517688617,-0.6862075731450927,
GSE91398,0.012084426808884101,-0.6862089709959213,
GSE64969,0.012084385776001969,-0.6862138697004279,
GSE41538,0.012084079793489726,-0.6862503999014672,
GSE79087,0.012084046646095787,-0.6862543573104931,
GSE102491,0.012084034805903409,-0.6862557708928548,
GSE97870,0.012084009670883928,-0.6862587717287719,
GSE98901,0.012083925214221046,-0.6862688549410356,
GSE55310,0.012083817393090834,-0.686281727720458,
GSE57959,0.01208375492628398,-0.6862891856935865,
GSE90497,0.012083631445164868,-0.6863039283385255,disease
GSE70596,0.012083549633306438,-0.6863136960943973,mrnas
GSE66137,0.01208342884468005,-0.6863281175209274,"mrnas,stem"
GSE100727,0.012083170702676387,-0.6863589385876492,
GSE84812,0.012083081676085622,-0.686369568139885,
GSE66138,0.012082994903574652,-0.6863799286360005,"mrnas,stem"
GSE39160,0.012082900306479821,-0.6863912234594207,loss
GSE59623,0.012082862799972437,-0.6863957017332469,
GSE38838,0.012082850566502521,-0.6863971624115323,
GSE74429,0.01208273765480311,-0.6864106441565084,
GSE72550,0.012082682709204241,-0.6864172047494392,
GSE85520,0.012082340136869778,-0.6864581091103626,
GSE71176,0.012082261538586889,-0.6864674941897835,
GSE99233,0.012082150400810005,-0.6864807647729839,
GSE60763,0.012082136750299616,-0.6864823947423284,stem
GSE39656,0.012082092378809571,-0.6864876930308278,"disease,loss"
GSE45568,0.012082012004804271,-0.6864972903390516,
GSE62822,0.012081888818615065,-0.6865119998932394,
GSE89572,0.012081857001303598,-0.6865157991947063,
GSE81682,0.012081835060933003,-0.6865184190976393,stem
GSE55228,0.01208175805929229,-0.6865276139127188,
GSE45118,0.01208144390928118,-0.6865651273733716,loss
GSE65796,0.012081293385817671,-0.6865831021128801,
GSE65633,0.012081271240277181,-0.6865857466385697,
GSE94626,0.012080996713994494,-0.6866185297951338,
GSE65850,0.012080877102286329,-0.6866328137219118,
GSE63794,0.012080608229659376,-0.6866649227748297,
GSE97235,0.012080480653638974,-0.6866801582878368,
GSE64706,0.012079988116712627,-0.6867389800423274,mrnas
GSE87694,0.012079550315777936,-0.6867912669052745,
GSE52031,0.012079261034513103,-0.6868258170029731,
GSE61748,0.012079246044437428,-0.6868276073543197,"mrnas,stem"
GSE89313,0.012079013180818582,-0.6868554198870847,
GSE83265,0.012078840076254283,-0.6868760953249072,
GSE102675,0.012078117839147848,-0.6869623618072815,
GSE71310,0.01207809301659861,-0.6869653267895712,
GSE92949,0.012078090341620678,-0.6869656463083744,
GSE79685,0.012078073863799025,-0.6869676145406964,loss
GSE83295,0.012077775710858331,-0.6870032285866986,
GSE83993,0.012077643228387206,-0.687019053756577,
GSE77105,0.012077576710977353,-0.6870269993962829,
GSE89082,0.012077556024361486,-0.6870294704634843,composed
GSE101125,0.01207743540123195,-0.6870438792776076,
GSE62535,0.012077268027974765,-0.6870638727806395,
GSE72601,0.012077209591141697,-0.6870708533935594,muscle
GSE74254,0.012077206441600132,-0.6870712296252177,stem
GSE35350,0.012077105734388603,-0.6870832597582718,
GSE56867,0.012077059854415945,-0.6870887404534161,
GSE85154,0.01207705008704972,-0.6870899072387664,
GSE85152,0.012076955017101931,-0.6871012641082894,
GSE85874,0.01207687455209656,-0.6871108763698881,
GSE76261,0.012076768322223796,-0.6871235665724742,
GSE44229,0.01207667666930798,-0.6871345155039559,
GSE93796,0.012076225614986424,-0.6871884000289126,
GSE58088,0.012076027209541968,-0.6872121028737682,
GSE96972,0.012075920561643697,-0.6872248439077766,
GSE68509,0.01207578218624383,-0.687241375537472,
GSE93318,0.012075632303495476,-0.6872592821572153,
GSE72831,0.012075542640364194,-0.6872699943942105,
GSE60738,0.012075515182574218,-0.6872732748482363,stem
GSE46363,0.012075512752539333,-0.6872735651712227,splicing
GSE85303,0.01207540914371412,-0.6872859436583854,
GSE89263,0.012075298347199042,-0.6872991810000169,
GSE42398,0.012075100084273734,-0.6873228686372997,
GSE64687,0.01207505256460745,-0.6873285461489818,
GSE101995,0.012075020225177138,-0.6873324099829454,
GSE73279,0.012074476563545856,-0.687397366859386,
GSE71304,0.012074323723147783,-0.6874156288087777,
GSE62479,0.012074277338672074,-0.6874211710472624,
GSE76929,0.01207398529008459,-0.6874560668950805,
GSE65524,0.012073767107541981,-0.6874821373025499,
GSE63426,0.012073745634329546,-0.687484703140069,
GSE57546,0.012073684794926553,-0.6874919728746476,
GSE87315,0.0120735545596526,-0.6875075348841282,
GSE76466,0.012073542664322772,-0.6875089562834124,
GSE41710,0.012073291634443914,-0.6875389527257513,stem
GSE103126,0.012073271804091507,-0.6875413223508243,
GSE81686,0.012073183209350462,-0.6875519090140414,
GSE72521,0.012073066588754355,-0.6875658447562023,
GSE76606,0.012073060518829158,-0.6875665700941367,
GSE87743,0.012073036991733165,-0.687569381515295,
GSE80588,0.012072905319882274,-0.687585116028685,muscle
GSE66366,0.012072874685499094,-0.6875887767986153,
GSE63674,0.012072870196026922,-0.6875893132856254,
GSE81990,0.01207267729351727,-0.6876123651128144,
GSE98906,0.012072666572731912,-0.6876136462562062,
GSE80669,0.012072560348043694,-0.6876263402624723,
GSE81380,0.012072480052090342,-0.6876359358209625,
GSE47964,0.01207203935299595,-0.6876886015532894,stem
GSE90522,0.012072009578244992,-0.6876921598533636,
GSE101994,0.012072005934118557,-0.6876925953536749,
GSE76157,0.01207181498256588,-0.6877154156735451,
GSE77857,0.012071785938057831,-0.68771888676867,
GSE67015,0.012071632842640043,-0.6877371832661159,
GSE112204,0.012071456245418858,-0.6877582887621287,"loss,models"
GSE99774,0.012071255430931778,-0.6877822888884226,
GSE63796,0.012071248322670371,-0.6877831384319154,
GSE71463,0.012071064087003081,-0.6878051575226345,
GSE68315,0.012070613338507716,-0.6878590305495635,
GSE91067,0.012070543758489824,-0.6878673468656668,disease
GSE72095,0.012070297893146675,-0.6878967334725148,
GSE64779,0.012070082409759285,-0.6879224892237076,
GSE106471,0.012069868562102801,-0.687948049918001,
GSE68160,0.0120698414652065,-0.6879512887769492,
GSE88987,0.01206950051327181,-0.6879920429670038,
GSE79535,0.012069442260570764,-0.6879990060625879,"loss,splicing"
GSE92535,0.012069177629790324,-0.6880306384853491,
GSE56872,0.012069098442941927,-0.6880401041549887,
GSE72964,0.012069042199368399,-0.6880468273177887,
GSE94641,0.012068925301197036,-0.6880608010222534,
GSE39849,0.012068908071005923,-0.6880628606860921,
GSE101986,0.012068898970782088,-0.6880639485104977,splicing
GSE74583,0.012068891026709988,-0.6880648981312726,
GSE81940,0.012068694847667562,-0.6880883492363761,
GSE66145,0.012068694028870995,-0.6880884471155421,
GSE95533,0.012068577858637531,-0.6881023342043977,
GSE87504,0.012068473548106749,-0.6881148036881751,
GSE60756,0.012068343207026004,-0.6881303850660114,
GSE78156,0.01206824324291731,-0.6881423352002346,
GSE49949,0.01206819207833972,-0.6881484516694958,"diseases,loss"
GSE94263,0.012068049144159591,-0.6881655388730041,loss
GSE92641,0.01206801209461354,-0.6881699680295118,
GSE93314,0.012067975354586546,-0.6881743601974197,
GSE71462,0.012067944913999361,-0.6881779992949709,
GSE87464,0.012067889763275762,-0.6881845924521169,loss
GSE67516,0.012067720723218914,-0.6882048010357668,
GSE72846,0.012067475905968884,-0.6882340692151797,
GSE68462,0.012067414817939747,-0.68824137245079,"loss,stem"
GSE73729,0.012067338427063383,-0.6882505052343227,
GSE109238,0.01206715985808274,-0.6882718539758456,
GSE36567,0.012067085307260441,-0.6882807669624245,
GSE62040,0.012067042198595963,-0.6882859208803729,
GSE28532,0.012066971208320143,-0.6882944082643109,stem
GSE70711,0.012066941817295878,-0.6882979221814207,
GSE86865,0.012066940198458382,-0.6882981157258184,
GSE61462,0.012066904218188576,-0.6883024174488196,mrnas
GSE72064,0.012066892444653803,-0.6883038250698805,
GSE89272,0.012066783221614282,-0.6883168836308431,
GSE106264,0.012066768577884192,-0.6883186344246721,
GSE61425,0.012066336999910407,-0.6883702345306423,
GSE89069,0.012066332054676847,-0.6883708258008343,
GSE53105,0.012066053100169106,-0.6884041790133235,
GSE76303,0.012066022227847814,-0.688407870311666,
GSE60537,0.012065841473467585,-0.6884294826870055,
GSE71534,0.012065800606554801,-0.6884343690923498,
GSE29278,0.012065718734616494,-0.6884441584667952,diseases
GSE69855,0.012065433433887409,-0.6884782722085808,
GSE79169,0.012065205625622556,-0.6885055120884012,
GSE76186,0.012065132348177241,-0.688514274253861,
GSE90533,0.012065041991274004,-0.6885250787722518,
GSE81466,0.012065028955525903,-0.6885266375417375,
GSE60699,0.012065004804917581,-0.6885295253920577,stem
GSE89532,0.012064676846563004,-0.6885687421458159,
GSE90987,0.012064401980260297,-0.6886016110551254,
GSE86788,0.012064279158592695,-0.6886162984895314,
GSE86526,0.012064075013403763,-0.6886407111991263,stem
GSE66931,0.012063942911443937,-0.6886565088367878,
GSE78760,0.012063882546800462,-0.6886637277029833,loss
GSE76609,0.012063836094949557,-0.6886692827955254,
GSE63792,0.012063779322661585,-0.6886760721194515,
GSE29690,0.012063722274138522,-0.6886828945101564,
GSE65383,0.01206370228413714,-0.6886852851072789,stem
GSE42154,0.012063624178048142,-0.6886946258245303,stem
GSE90130,0.012063535232533989,-0.6887052629036824,stem
GSE100873,0.012063370278917724,-0.6887249900720961,
GSE70148,0.012063369156600813,-0.688725124293386,loss
GSE67834,0.012063278311180021,-0.6887359888147198,
GSE103880,0.012063236719554242,-0.6887409629298938,
GSE49047,0.012063132191887548,-0.6887534639031592,
GSE83483,0.012063047995372639,-0.6887635334536291,
GSE76868,0.012062983150586593,-0.6887712886663029,
GSE61775,0.01206269303379447,-0.6888059861441348,
GSE61608,0.012062680667397503,-0.6888074651628474,
GSE104560,0.012062657762640797,-0.6888102045713749,
GSE73381,0.012062592778547366,-0.6888179766962008,
GSE94246,0.012062167441364959,-0.6888688482355019,
GSE36103,0.012062157170733303,-0.6888700766545017,disease
GSE86315,0.012061965521223175,-0.6888929990879006,diseases
GSE51620,0.012061907408779965,-0.6888999497573787,
GSE35368,0.012061796620832224,-0.6889132008918315,
GSE74149,0.012061544647329291,-0.6889433394136133,stem
GSE60165,0.01206148998745499,-0.6889498773580125,
GSE75064,0.012061414184800548,-0.6889589442690998,
GSE31839,0.01206137441588528,-0.6889637011334728,"mrnas,muscle"
GSE70723,0.012061232857696547,-0.6889806334073826,
GSE72560,0.01206119187489272,-0.6889855355420974,
GSE89412,0.012061098197242095,-0.6889967408034217,
GSE95016,0.012060820646324041,-0.6890299405945067,
GSE71198,0.012060282208566855,-0.6890943490493706,
GSE71217,0.01206008682148035,-0.6891177221561758,
GSE97148,0.012060065871631274,-0.6891202282964771,
GSE83350,0.01205991054285255,-0.689138809745723,
GSE87130,0.012059639019443425,-0.6891712917350595,
GSE97026,0.012059536025754915,-0.6891836129262596,
GSE78184,0.012059526849985435,-0.6891847106336781,
GSE93031,0.012059171884307008,-0.6892271762102526,
GSE69129,0.012059067758314276,-0.6892396333427441,
GSE46038,0.012059029971299587,-0.6892441540258688,
GSE99101,0.012058913315897792,-0.6892581102880309,
GSE69707,0.012058695077844317,-0.6892842199214861,
GSE63243,0.012058629662495038,-0.6892920461958361,
GSE71574,0.012058527444555756,-0.6893042756069097,loss
GSE87387,0.012058437982234816,-0.6893149790137838,
GSE40187,0.012058437009757778,-0.6893150953628381,
GSE101340,0.012058309942832938,-0.6893302979789032,
GSE81197,0.012058303354704111,-0.6893310862040717,
GSE106550,0.012058072981155217,-0.6893586491158393,
GSE50050,0.012058039432143064,-0.6893626631121776,
GSE63889,0.01205775977264553,-0.689396123613886,
GSE70981,0.012057593040468145,-0.6894160730367569,
GSE85855,0.01205727188743762,-0.6894544996160406,
GSE53214,0.012057150936449592,-0.6894689719002743,
GSE57500,0.012056974039112036,-0.6894901386572603,loss
GSE60745,0.01205695755955407,-0.6894921105444621,
GSE42100,0.012056835475149717,-0.689506718828151,
GSE74278,0.012056511327072219,-0.6895455062123979,
GSE88791,0.01205634183423522,-0.6895657880491236,
GSE60418,0.01205629321420173,-0.6895716060678566,
GSE75544,0.012056039592359829,-0.6896019555969978,
GSE100816,0.012055871308551156,-0.6896220935460167,cytoplasmic
GSE53743,0.012055668160203325,-0.6896464039899325,mrnas
GSE103545,0.012055527803586277,-0.6896632004852765,
GSE84138,0.012055436481840591,-0.6896741290759433,
GSE64559,0.012055076689626854,-0.6897171866781481,
GSE69080,0.012055000328516047,-0.6897263252467055,
GSE101898,0.012054978630244866,-0.6897289220128232,
GSE79756,0.012054842190083336,-0.6897452507566896,
GSE72910,0.012054701711798411,-0.6897620629639916,
GSE93230,0.012054694040735862,-0.6897629810296296,mrnas
GSE103712,0.012054609909781947,-0.6897730497823609,loss
GSE87608,0.01205436242201735,-0.6898026694082628,
GSE49906,0.012054177846842087,-0.6898247599775847,splicing
GSE103713,0.0120540774239242,-0.6898367790676435,loss
GSE68699,0.012054022588921347,-0.689843342022554,stem
GSE80155,0.012053991800529752,-0.6898470269597833,
GSE76724,0.012053979685849764,-0.689848476919084,loss
GSE31530,0.012053673276982315,-0.6898851502986335,
GSE60307,0.012053673207030427,-0.6898851586711222,
GSE63204,0.012053446198400541,-0.6899123294184085,
GSE80587,0.012053421532950699,-0.6899152816660888,
GSE104508,0.012053272092033336,-0.6899331686209523,
GSE60927,0.01205309242766444,-0.6899546733894397,
GSE39918,0.012053088932555295,-0.6899550917366308,mrnas
GSE59486,0.01205279926332079,-0.6899897641257786,models
GSE82180,0.012052782269270588,-0.6899917982797289,
GSE45760,0.012052519519303775,-0.6900232492922452,mrnas
GSE76123,0.01205245091116578,-0.690031461757864,stem
GSE83865,0.012052325220258224,-0.690046507211763,
GSE76138,0.012052313797554927,-0.690047874540051,
GSE69221,0.01205201104355558,-0.6900841154799129,
GSE103725,0.012051984808612576,-0.6900872559569029,loss
GSE99771,0.012050886262891986,-0.6902187644779983,
GSE94802,0.012050795961939883,-0.690229575070767,
GSE51008,0.01204978902653391,-0.6903501282206788,
GSE76410,0.012049213678755747,-0.6904190150038084,
GSE47536,0.012049186844299863,-0.6904222279918565,loss
GSE53249,0.012049117788904815,-0.6904304962810579,
GSE96707,0.012049036241295344,-0.6904402603759865,
GSE89806,0.012048727666371658,-0.6904772081620031,
GSE44573,0.012048630133951051,-0.6904888865825753,
GSE44945,0.012048563344672341,-0.690496883909008,
GSE63497,0.0120484299730869,-0.6905128539117693,loss
GSE103261,0.012048294939914155,-0.6905290230542053,stem
GSE77541,0.012047805589250053,-0.6905876204007424,
GSE71924,0.012047416631305407,-0.6906341979083301,
GSE76838,0.012047192496061664,-0.6906610386678492,
GSE68602,0.012046933016006916,-0.6906921126811413,stem
GSE83848,0.012046859649941904,-0.6907008987497879,
GSE41937,0.012046760398905502,-0.6907127847991016,muscle
GSE52450,0.01204660953842968,-0.6907308516499325,
GSE79758,0.012046310364372015,-0.6907666810081938,loss
GSE83684,0.012046155384182737,-0.6907852419270173,
GSE33979,0.012046013347763226,-0.6908022528686505,
GSE70542,0.012045978854483476,-0.6908063839743908,
GSE48083,0.012045824938145882,-0.6908248179894501,"mrnas,stem"
GSE29087,0.012045278195586396,-0.6908903013153875,disease
GSE39978,0.01204527146059861,-0.6908911079830327,
GSE75049,0.012045047253706318,-0.690917962104432,
GSE92272,0.012045016949078793,-0.6909215918445171,
GSE75809,0.01204491648976469,-0.6909336244351955,
GSE60749,0.012044801119479956,-0.690947443122517,stem
GSE79416,0.012044681518266702,-0.6909617687167893,mrnas
GSE95008,0.012044681048183742,-0.6909618250226673,
GSE21180,0.012044373629085704,-0.6909986477219537,disease
GSE61677,0.012044363886449803,-0.6909998147115055,
GSE68911,0.012044304072562755,-0.6910069793416436,
GSE52870,0.012044163301183705,-0.69102384136672,
GSE90461,0.012044162231632852,-0.6910239694815372,
GSE105455,0.012044130207370341,-0.6910278054732192,
GSE67305,0.0120439570063095,-0.6910485523519013,mrnas
GSE67379,0.012043901234986385,-0.6910552329799986,
GSE20851,0.012043646190771227,-0.6910857841206295,stem
GSE100941,0.012043511784696566,-0.6911018845653211,
GSE65179,0.012043388752313297,-0.6911166227180312,
GSE85931,0.012043306497727297,-0.6911264761480747,mrnas
GSE40436,0.012043291439577648,-0.6911282799991524,
GSE101510,0.012043032639723181,-0.6911592825934384,
GSE103524,0.012042992407260145,-0.6911641022492173,loss
GSE99061,0.01204281463445845,-0.6911853987695268,
GSE101690,0.012042754629439757,-0.6911925872185063,
GSE64515,0.012042750018501481,-0.6911931395986932,
GSE87836,0.012042428073747046,-0.6912317083897492,
GSE57423,0.012042164597791588,-0.6912632734205166,
GSE73372,0.012042091464502927,-0.691272035080632,
GSE74467,0.012041871455444095,-0.6912983933655364,
GSE99058,0.012041820353263321,-0.6913045157543602,
GSE88996,0.01204175576188002,-0.6913122542785665,
GSE31555,0.01204173361469163,-0.6913149076846709,
GSE103525,0.01204067418025568,-0.6914418419032831,loss
GSE87050,0.012040660051881216,-0.6914435347443508,
GSE66232,0.012040315803371409,-0.691484782708798,
GSE64936,0.012040215478551334,-0.6914968038821439,
GSE73100,0.01203949652654114,-0.6915829534590018,
GSE54133,0.012039321848069072,-0.6916038853636731,
GSE103714,0.012039259738743991,-0.6916113280624853,
GSE56904,0.012039141566083402,-0.6916254890617347,
GSE96960,0.012039030994826169,-0.6916387392869398,
GSE53053,0.012039029875285939,-0.691638873446841,
GSE54461,0.012038803030290172,-0.6916660576333695,stem
GSE57967,0.012038529298966172,-0.6916988611697654,
GSE46340,0.012038252534405,-0.6917320289629261,
GSE90478,0.012037652924366657,-0.6918038895565346,
GSE94774,0.012037431761436719,-0.6918303958526846,models
GSE87293,0.012037406761228777,-0.6918333921490865,
GSE96661,0.01203730793172305,-0.6918452370111856,stem
GSE92441,0.012037142739348418,-0.6918650357781798,
GSE74750,0.012037128352965377,-0.6918667600391879,
GSE37018,0.012036991447557141,-0.6918831687598531,
GSE89361,0.012036907397585653,-0.6918932426143486,
GSE89762,0.01203670551887868,-0.6919174391826354,
GSE76776,0.012036625726264058,-0.6919270029948259,
GSE100039,0.012036560859677548,-0.6919347778444366,
GSE77941,0.012036127132650242,-0.691986765045173,
GSE97859,0.012036108769824885,-0.6919889660835133,stem
GSE64296,0.012035725572380888,-0.6920348983580813,
GSE98910,0.012035631032303186,-0.6920462307066073,loss
GSE78772,0.01203544397121635,-0.6920686536438702,
GSE73561,0.0120351074590648,-0.6921089920975759,
GSE103194,0.012034930142084139,-0.692130247928822,
GSE63968,0.012034831890511277,-0.6921420259477933,stem
GSE84874,0.012034767530705754,-0.6921497412047559,
GSE69256,0.012034546023614562,-0.6921762951138464,
GSE72442,0.012034245669106882,-0.6922123019034095,
GSE52126,0.012033818609568026,-0.6922634997622653,
GSE36872,0.012033630198556905,-0.6922860879172099,
GSE96093,0.012032942511601079,-0.6923685360973536,
GSE36873,0.012032917878943223,-0.6923714894439416,
GSE73560,0.012032909490154144,-0.6923724952239811,
GSE73559,0.012032909490154144,-0.6923724952239811,
GSE70020,0.012032908890925377,-0.692372567068982,
GSE47019,0.012032905732841668,-0.6923729457099528,
GSE50776,0.012032880792404724,-0.6923759359670679,
GSE59017,0.012032833083069377,-0.6923816561399134,
GSE36871,0.012032765833021411,-0.6923897192104431,
GSE104633,0.012032615258812726,-0.6924077727507824,
GSE73562,0.012032592040376133,-0.6924105566140512,
GSE79086,0.012032412031102079,-0.6924321396967904,
GSE65344,0.012032263389745532,-0.6924499620147077,
GSE33141,0.012032136113579152,-0.6924652227897823,
GSE76771,0.012032121353600505,-0.6924669925637326,
GSE68265,0.012031921167089938,-0.6924909958529394,
GSE93267,0.012031786648564892,-0.6925071254710745,
GSE107670,0.012031670657510556,-0.6925210336736035,loss
GSE70486,0.012031493197824513,-0.6925423126883296,stem
GSE91081,0.01203145964386902,-0.692546336145094,loss
GSE106901,0.012031403043043043,-0.692553123178874,composed
GSE69858,0.012031298064345726,-0.692565711312296,
GSE73823,0.012031214515257734,-0.6925757298716231,
GSE98964,0.012031201951203411,-0.6925772364616938,models
GSE104803,0.012030913325566384,-0.6926118467833919,
GSE49844,0.012030820274075366,-0.6926230051585012,
GSE55090,0.012030674445466249,-0.6926404925352121,
GSE80425,0.012030611527825212,-0.6926480375158758,
GSE90958,0.01203016583772635,-0.6927014850737588,
GSE78708,0.012030156631356653,-0.692702589130774,
GSE79578,0.012029793544123164,-0.6927461323756589,stem
GSE106612,0.01202939775082286,-0.6927935993935331,
GSE65665,0.012029273652667817,-0.6928084826586863,
GSE70471,0.012029258377069724,-0.6928103146931254,
GSE75510,0.012029241821537933,-0.6928123002353178,
GSE94843,0.012029126572961214,-0.6928261223322592,
GSE57391,0.012029119417268109,-0.6928269805397081,
GSE80036,0.012028774399905802,-0.6928683602915215,models
GSE108161,0.012028743853709877,-0.6928720239150852,
GSE69750,0.012028683391255922,-0.6928792756366924,
GSE76642,0.012028506523772865,-0.6929004889073699,
GSE87027,0.012028472126060182,-0.6929046145633992,
GSE100411,0.012028222070482512,-0.692934606543088,
GSE56902,0.012027935053458944,-0.6929690324935371,splicing
GSE70699,0.0120279304159563,-0.6929695887405846,
GSE67476,0.012027554875526338,-0.6930146337945036,
GSE97281,0.012027470273566931,-0.6930247817637141,
GSE62122,0.012027138183741199,-0.6930646164877418,
GSE101957,0.012026992154669309,-0.6930821332646844,
GSE64608,0.012026551895583881,-0.6931349454072939,
GSE55552,0.012026224659585869,-0.693174200896196,
GSE92457,0.012025774615972819,-0.6932281902283398,
GSE108108,0.012025751881230411,-0.6932309176477519,
GSE96059,0.012025730560407843,-0.6932334754480919,
GSE58429,0.012025594140330562,-0.6932498414962346,
GSE100457,0.012025368949742873,-0.6932768575739615,
GSE80162,0.012025270836607625,-0.6932886283488705,
GSE70706,0.0120251740313327,-0.6933002423120077,
GSE98041,0.01202504305904318,-0.6933159555234002,
GSE96679,0.012024950947585926,-0.6933270065650389,
GSE39970,0.012024229531597475,-0.6934135611376713,
GSE47454,0.012023767059780931,-0.6934690506495585,b117h
GSE74889,0.012023649420907629,-0.6934831658472778,
GSE62979,0.012023586998219812,-0.6934906558474245,
GSE58926,0.012023486184757591,-0.6935027523783325,
GSE59784,0.012022954164506208,-0.6935665907649959,mrnas
GSE47459,0.01202284570541451,-0.6935796053783236,
GSE41876,0.012022710950234803,-0.6935957755699549,
GSE84914,0.012022421236738811,-0.693630540878851,
GSE98689,0.012022359414385382,-0.6936379596034385,muscle
GSE122331,0.012022329011520644,-0.6936416079819421,
GSE79260,0.012022145164961773,-0.6936636699756313,
GSE42120,0.012022104782268927,-0.6936685160332821,
GSE84820,0.012022018675694142,-0.6936788491634248,
GSE68155,0.012021887965734305,-0.6936945350179463,
GSE81193,0.012021838035864632,-0.6937005268991852,
GSE96700,0.012021410133756636,-0.6937518787169513,
GSE65617,0.012021407652560018,-0.6937521764865463,
GSE66286,0.012021140823715318,-0.6937841991027353,
GSE84919,0.012020512885350427,-0.6938595619356072,
GSE72860,0.012020123845028452,-0.6939062550868379,
GSE58818,0.012020046067086409,-0.6939155902830271,
GSE94821,0.012019794094532781,-0.693945833375421,
GSE86850,0.012019713928377609,-0.6939554554787023,
GSE58239,0.012019703106427344,-0.6939567544098668,
GSE90961,0.012019655258710632,-0.6939624974636182,
GSE76748,0.012019441982093725,-0.6939880968540175,loss
GSE74290,0.0120190248292609,-0.6940381686267302,
GSE108523,0.012018883358268827,-0.6940551500959248,
GSE107849,0.012018727134590115,-0.6940739026359593,
GSE66873,0.012018191298288378,-0.6941382243898091,diseases
GSE96644,0.012017829250072621,-0.6941816862569199,
GSE85098,0.012017755906432259,-0.6941904909109812,
GSE99957,0.012017619641502376,-0.6942068491940625,
GSE93702,0.01201750332579182,-0.6942208127672075,
GSE83978,0.0120173865609575,-0.694234830393102,
GSE106102,0.012017091635281432,-0.6942702368460186,
GSE102992,0.012016994597667554,-0.6942818866073588,
GSE81082,0.012016873102577806,-0.6942964727210595,
GSE106674,0.012016855158996628,-0.6942986269532536,
GSE85750,0.01201675125934132,-0.6943111007796828,stem
GSE46434,0.012016645688779796,-0.6943237753196909,
GSE60827,0.012016632078504527,-0.6943254093437158,
GSE58283,0.012016490731810154,-0.6943423792711472,
GSE64840,0.012016274622505454,-0.6943683255006047,
GSE96998,0.01201613835889486,-0.6943846856418366,"mrnas,stem"
GSE59383,0.012015962748048685,-0.694405770181701,
GSE76140,0.01201568236882316,-0.6944394342705544,
GSE73391,0.012015502804388118,-0.6944609943158113,neuron
GSE79863,0.012015472463016375,-0.6944646373928037,
GSE63418,0.012014545611950674,-0.6945759284815262,
GSE64063,0.012014042430570304,-0.6946363512813135,
GSE92620,0.012014029036055605,-0.6946379597499712,
GSE104453,0.01201387722996697,-0.694656189377541,
GSE37746,0.012013545160181851,-0.6946960667663403,
GSE62741,0.012013127316057968,-0.6947462461364589,
GSE65935,0.012013122630887205,-0.6947468087937726,
GSE81441,0.012013086204653436,-0.6947511833455112,
GSE74762,0.012013020555195954,-0.6947590674482244,
GSE50763,0.012012963295516106,-0.6947659440245737,
GSE76030,0.01201273080939532,-0.6947938646808578,
GSE95111,0.012012684959920592,-0.6947993710837814,
GSE104513,0.01201245868737823,-0.6948265461366809,
GSE42852,0.012012455363511997,-0.6948269453327255,
GSE94264,0.012012404378875652,-0.6948330685969448,loss
GSE102890,0.012012302936747977,-0.6948452518924675,
GSE72664,0.012011886110300267,-0.6948953142232211,
GSE47062,0.012011876025810981,-0.694896525427578,
GSE43028,0.01201184651413615,-0.6949000699529407,
GSE75767,0.012011802491752707,-0.6949053573157612,
GSE21580,0.012011801286551323,-0.6949055020682369,
GSE93753,0.012010921854824491,-0.6950111313746399,g9ako
GSE99791,0.012010599823880636,-0.695049812724802,
GSE66008,0.012010517065276309,-0.6950597535971272,
GSE57694,0.012010011627940076,-0.6951204676594932,
GSE56248,0.012009888987845413,-0.6951351997984154,
GSE47395,0.012008916027529707,-0.6952520819682253,
GSE98299,0.012008696220392388,-0.6952784888119781,
GSE73413,0.012008062006908727,-0.6953546836621983,models
GSE42880,0.012007673780217274,-0.6954013274733657,stem
GSE77005,0.012007441798635853,-0.6954291998086878,
GSE83796,0.012007415964318943,-0.6954323038071589,
GSE74647,0.012006985665168998,-0.6954840053202234,stem
GSE84994,0.01200692169082855,-0.6954916921545514,
GSE68617,0.012006484240616589,-0.6955442550648944,
GSE48387,0.012006385288975184,-0.6955561451092865,
GSE101657,0.012006268772587184,-0.6955701458619495,
GSE89198,0.012006052384969936,-0.6955961476249839,
GSE86248,0.012005874957731451,-0.6956174681456929,stem
GSE107623,0.012005824427262774,-0.6956235401904413,
GSE81421,0.012005680877526837,-0.6956407901287128,
GSE84861,0.01200564719261829,-0.6956448379723283,
GSE84615,0.012005608918981364,-0.6956494372474293,
GSE70437,0.01200559171272161,-0.6956515048979397,
GSE47370,0.012005052604305469,-0.6957162902513297,
GSE83243,0.01200483540549563,-0.6957423921344972,
GSE55376,0.012004719305109095,-0.6957563447007917,
GSE71309,0.012004657015397718,-0.6957638305310362,
GSE70283,0.012004597979167414,-0.6957709254014692,mrnas
GSE100098,0.012004488260505288,-0.6957841112901919,
GSE102768,0.012004482628676469,-0.6957847881214935,
GSE92590,0.012004476607435515,-0.6957855117525662,
GSE69616,0.012004417575249884,-0.6957926062435339,
GSE95053,0.012004317380673183,-0.6958046477125407,
GSE68806,0.012004242276691826,-0.6958136738384726,stem
GSE42805,0.01200412605382135,-0.6958276418146854,splicing
GSE81191,0.012004035557681526,-0.695838517977072,
GSE55377,0.012003951120032344,-0.695848666081482,
GSE87512,0.0120039151946602,-0.6958529837793195,
GSE94121,0.012003902289914834,-0.6958545347418053,
GSE89928,0.01200384022894232,-0.6958619935903171,stem
GSE98844,0.012003528568964358,-0.6958994512816168,loss
GSE25602,0.012003326964165426,-0.6959236822137557,
GSE99409,0.012003071744778679,-0.6959543576805823,
GSE80597,0.012002932563210564,-0.6959710865418729,
GSE81420,0.012002930072605398,-0.6959713859007234,
GSE90655,0.012002908484132133,-0.6959739807347465,disease
GSE71873,0.012002858236630368,-0.6959800202687015,
GSE95411,0.012002557517914729,-0.6960161658955228,
GSE77494,0.012002536643751586,-0.6960186749505964,
GSE98778,0.01200196800468564,-0.6960870265181597,
GSE81286,0.012001871044749788,-0.6960986816220229,
GSE99504,0.012001608713427345,-0.6961302157247268,
GSE68511,0.012001433251135042,-0.6961513079329017,
GSE53075,0.012000542862708385,-0.6962583457003005,
GSE96107,0.012000523006806232,-0.6962607327619189,stem
GSE84873,0.012000456790240668,-0.6962686932961614,
GSE90055,0.012000443609116476,-0.69627027793192,
GSE69314,0.01200026146818816,-0.6962921751064558,
GSE92894,0.012000238128418437,-0.696294981062215,
GSE77324,0.012000033884048009,-0.6963195359789428,
GSE47494,0.011999652839157224,-0.6963653475414584,
GSE101903,0.011999593815628174,-0.696372443843595,stem
GSE69940,0.01199932354510269,-0.6964049384716624,loss
GSE50561,0.011999220183267666,-0.6964173658596319,
GSE73029,0.011999183498862028,-0.6964217765205071,
GSE44935,0.011998777065582843,-0.6964706439461212,
GSE86922,0.011998570148693068,-0.6964955231936559,
GSE96627,0.011997997187990876,-0.6965644170110288,
GSE52038,0.011997727218795445,-0.6965968797292077,
GSE107413,0.011997468161174753,-0.6966280310608617,
GSE89500,0.011997088775105988,-0.6966736529409814,
GSE88761,0.011997078514408573,-0.6966748868289592,
GSE102269,0.011997012171816786,-0.6966828648039882,
GSE103662,0.011997002711330043,-0.6966840024708083,loss
GSE58495,0.011996737258040485,-0.6967159248092964,stem
GSE65950,0.011996208662607172,-0.6967794936609849,splicing
GSE77514,0.011996193327072585,-0.6967813379531661,
GSE75001,0.011996015499531396,-0.6968027241384619,
GSE100934,0.01199579795701412,-0.6968288870220167,
GSE98585,0.011995596692950944,-0.696853092589896,
GSE63836,0.01199558690503389,-0.6968542697706164,
GSE80122,0.011995308615983538,-0.6968877396536012,
GSE77997,0.011995217807282172,-0.6968986614033635,
GSE49449,0.011994838892473766,-0.6969442351610161,loss
GSE99783,0.011994818901410813,-0.6969466396144378,
GSE40978,0.011994549691815024,-0.6969790195703597,
GSE86187,0.011994427785320179,-0.6969936824625763,
GSE76587,0.01199434800555241,-0.6970032784399891,
GSE99485,0.01199422820941938,-0.6970176877392731,stem
GSE44575,0.011994164053707075,-0.697025404565559,
GSE38236,0.011994026710682207,-0.6970419247027237,
GSE99659,0.011993992789518118,-0.6970460048974403,
GSE58733,0.011993597506163738,-0.6970935522607339,disease
GSE97062,0.011993559919807021,-0.6970980734842765,
GSE74747,0.011993009573092147,-0.6971642757377247,
GSE103822,0.011991731501150689,-0.6973180291635279,
GSE60019,0.011991427808253418,-0.6973545661544405,vestibular
GSE89196,0.011991000143321337,-0.6974060196668193,
GSE81066,0.011990933868030833,-0.6974139935885971,
GSE109362,0.011990928673231321,-0.6974146186035627,
GSE100560,0.011990866839797968,-0.6974220581455779,
GSE57919,0.011990826927419165,-0.6974268602576827,
GSE58746,0.01199079488142054,-0.6974307159271338,
GSE72368,0.011990611864508635,-0.6974527361191939,
GSE96968,0.011990479427642597,-0.6974686708410578,
GSE85513,0.011990447010659358,-0.6974725712592571,
GSE71405,0.01198947613493983,-0.6975893921162836,
GSE103492,0.011989396696220001,-0.6975989510182352,
GSE62512,0.011989107800025114,-0.6976337145797227,
GSE65177,0.011989106234435172,-0.6976339029731403,
GSE89454,0.011988654460367218,-0.6976882677001731,
GSE93379,0.011988530751374345,-0.6977031547145542,
GSE80378,0.011988503955127414,-0.6977063793678975,disease
GSE64428,0.011988499182213905,-0.6977069537398162,
GSE93381,0.011988310597318218,-0.6977296482097063,
GSE64092,0.011988184140392067,-0.6977448663458218,
GSE67658,0.011988065465701192,-0.697759148094704,
GSE100964,0.011987818469578259,-0.6977888729701371,mrnas
GSE87635,0.011987544814987993,-0.6978218067877084,
GSE100217,0.01198736495891813,-0.6978434525384134,
GSE53150,0.011987296000454999,-0.6978517518034544,
GSE83809,0.011986912221511043,-0.6978979411060722,
GSE44668,0.011986880753109894,-0.6979017285172948,
GSE83127,0.011986857073993525,-0.6979045784478317,
GSE90024,0.011986775822028752,-0.6979143576754648,
GSE77715,0.011986696066292237,-0.6979239568863,
GSE58405,0.011986490962206017,-0.6979486430198301,
GSE56983,0.011986448730280395,-0.6979537260668356,
GSE54154,0.01198575408131331,-0.6980373367911509,
GSE52899,0.011985643366821003,-0.6980506632773811,stem
GSE55009,0.011985101465493935,-0.6981158926528398,models
GSE80187,0.01198477149904518,-0.6981556125929506,
GSE97450,0.011983959169319727,-0.6982534020072624,stem
GSE22182,0.011983566079465933,-0.6983007251060684,
GSE77319,0.011983244963214991,-0.6983393846358645,
GSE60243,0.011983176293526965,-0.6983476519876993,
GSE102808,0.011982763978508856,-0.6983972928384413,
GSE63813,0.011982320407555402,-0.6984506986687395,
GSE67113,0.011982299156654183,-0.6984532573214836,
GSE66377,0.011982080444392574,-0.6984795909967523,
GSE76419,0.011981260941067502,-0.6985782661660048,
GSE67610,0.011980905049246487,-0.6986211206696851,
GSE89665,0.011980819347765013,-0.6986314405532019,
GSE58318,0.011980639282328,-0.6986531236666573,
GSE40478,0.011980441032439788,-0.6986769968916398,
GSE77717,0.011980307294563381,-0.6986931018119403,
GSE103574,0.011979938751539717,-0.6987374832587431,
GSE66978,0.011979587441174052,-0.6987797907499944,
GSE99516,0.011979441546498843,-0.698797360871432,
GSE97195,0.011979339752819269,-0.6988096200289309,
GSE75332,0.01197931056945279,-0.6988131346424443,
GSE63681,0.011978497994705871,-0.6989109981473676,stem
GSE54982,0.011978320863929103,-0.6989323320059857,
GSE69970,0.011977717166089166,-0.6990050445203811,
GSE101939,0.011977598786970868,-0.699019303148174,
GSE85360,0.011977186919479913,-0.6990689132088977,"loss,mrnas"
GSE104463,0.011976942762363428,-0.6990983231073861,
GSE84943,0.01197672132923339,-0.6991249963108997,
GSE64359,0.011976683891368535,-0.6991295060180975,
GSE85498,0.011976509366416747,-0.6991505292094317,
GSE44665,0.011976321403455946,-0.6991731714794854,
GSE86840,0.011976300394411372,-0.6991757022792182,
GSE63810,0.011976272363020988,-0.6991790790144278,
GSE97261,0.011975892628476899,-0.6992248236177947,
GSE77115,0.011975555358950092,-0.6992654539023648,stem
GSE106663,0.011974895820090046,-0.6993449107306133,
GSE83651,0.011974866628653066,-0.6993484276207252,loss
GSE106072,0.011974666656072148,-0.6993725199023895,stem
GSE84942,0.011974566262753429,-0.6993846152328366,
GSE70815,0.01197441759226563,-0.6994025271556784,
GSE106165,0.011974089618953321,-0.6994420423928555,
GSE106413,0.011974047872556933,-0.6994470722052211,
GSE100067,0.011974014352780464,-0.6994511108464128,
GSE61444,0.011973910412187153,-0.6994636342345552,splicing
GSE92304,0.011973590674796947,-0.6995021588009047,loss
GSE59970,0.01197329794922042,-0.69953742966588,
GSE93154,0.01197316360087617,-0.6995536177519232,
GSE83153,0.011972973841583905,-0.6995764827998315,
GSE56122,0.011972505872924602,-0.6996328722371867,
GSE101815,0.011972502736490358,-0.6996332501796804,
GSE106275,0.011972484571852073,-0.6996354390330912,
GSE89732,0.011971746242669,-0.6997244110998536,
GSE94671,0.011971465601767805,-0.6997582310601059,
GSE99619,0.011971450813897128,-0.6997600131644509,
GSE89108,0.011971142830735963,-0.6997971290914813,
GSE44566,0.011970939159866786,-0.69982167457195,stem
GSE93622,0.011970813396810217,-0.699836831168161,
GSE69374,0.011970261789779123,-0.6999033111171372,
GSE70288,0.011970165892959421,-0.699914868961304,
GSE77007,0.011969857592911281,-0.6999520270660856,
GSE93374,0.01196950416331395,-0.6999946256226055,
GSE76772,0.01196948379545174,-0.6999970805813409,
GSE30641,0.011969113264036362,-0.7000417418314696,
GSE38144,0.011968327978046278,-0.7001363992505747,
GSE68156,0.011968269579636003,-0.7001434387721024,
GSE93380,0.011968128925712267,-0.7001603937637407,
GSE72165,0.011967783493129441,-0.7002020344470387,
GSE107583,0.01196671360012037,-0.7003310139140801,
GSE74594,0.01196659956869772,-0.7003447614940164,
GSE96086,0.011965864706176511,-0.7004333593503208,
GSE67933,0.011965765527279015,-0.700445317156971,
GSE41317,0.011965226741443888,-0.700510279248291,
GSE74890,0.011964868972670082,-0.7005534174991329,
GSE93313,0.011964478306283366,-0.7006005238787796,
GSE85798,0.011964226897548506,-0.7006308394459564,splicing
GSE64425,0.011963936590164832,-0.7006658463133238,stem
GSE85772,0.011963819828061996,-0.7006799263719622,"disease,muscle"
GSE95692,0.011963705812213347,-0.7006936753990787,
GSE58724,0.011963380654365866,-0.7007328864927278,"listed,stem"
GSE75944,0.011963249618747784,-0.7007486885036446,
GSE84125,0.011962988901027274,-0.7007801298154208,
GSE32110,0.011962698075095392,-0.7008152028421746,
GSE93320,0.01196210490849533,-0.700886740193023,
GSE95685,0.011962102085281671,-0.7008870806880158,
GSE69786,0.01196200308709423,-0.7008990204611483,
GSE41285,0.011961635056161815,-0.7009434080578802,
GSE42878,0.011961496321982887,-0.7009601409101797,
GSE96561,0.011960798713729114,-0.7010442830016456,
GSE70016,0.01196068015020598,-0.7010585840411282,disease
GSE99575,0.011960061508390248,-0.7011332064330741,stem
GSE90459,0.011959931132052863,-0.7011489333020763,
GSE68769,0.011959723790058214,-0.7011739446384382,
GSE68770,0.011959403179439712,-0.701212620243111,
GSE78905,0.011959297474102557,-0.7012253718192036,
GSE99397,0.011959031546251773,-0.7012574520528395,
GSE83755,0.011958421230512302,-0.7013310802522232,
GSE96103,0.01195823957240185,-0.7013529961256182,
GSE95363,0.011957854374665422,-0.7013994688368714,
GSE78816,0.011957244822519782,-0.7014730121536371,
GSE84112,0.0119567146802833,-0.7015369776024012,
GSE83368,0.011956640859187073,-0.7015458848700796,
GSE76932,0.011956626429769156,-0.701547625932848,
GSE71385,0.011956597744363614,-0.7015510871384152,
GSE66567,0.011956577390050706,-0.701553543112256,stem
GSE49555,0.011956399008700193,-0.701575066981597,stem
GSE91043,0.01195612328105185,-0.7016083374920097,
GSE108678,0.011955860933478078,-0.7016399942161267,
GSE73836,0.011955856336780438,-0.7016405488925488,
GSE70386,0.011955836615288302,-0.7016429286570396,
GSE54984,0.011955712228172353,-0.7016579383643998,
GSE70307,0.011955122548661193,-0.701729096708688,
GSE84374,0.011954514819186789,-0.7018024368673551,
GSE96680,0.011954468535246626,-0.7018080225177323,
GSE98158,0.011954240086098222,-0.7018355925934504,
GSE103377,0.011954222854115954,-0.7018376722332353,
GSE62633,0.011953920219859922,-0.701874196102032,
GSE89018,0.011953476577740684,-0.7019277393874719,
GSE57482,0.011953387930136202,-0.7019384385286606,
GSE105138,0.011953012337333637,-0.7019837708135411,
GSE87578,0.011952752759779575,-0.7020151014359634,
GSE80964,0.011951947215263744,-0.7021123337860752,
GSE69672,0.011951619918149482,-0.702151841690568,
GSE38539,0.011951281709086641,-0.7021926679086887,
GSE89758,0.01195113850632383,-0.702209954686671,
GSE59269,0.011950950648655288,-0.7022326323133042,
GSE119498,0.011950908521183077,-0.7022377178670942,
GSE70814,0.011950792897457596,-0.7022516758504562,
GSE68768,0.011950514000584818,-0.7022853445646408,
GSE88984,0.011950436663616152,-0.7022946809013194,models
GSE77133,0.011950428426402308,-0.7022956753245354,
GSE60450,0.011950414316443649,-0.7022973787261773,
GSE65686,0.011949894065866254,-0.7023601865290007,
GSE59318,0.011949851668819426,-0.7023653050779497,
GSE58905,0.011949507038141101,-0.7024069126354316,
GSE84996,0.01194920055134172,-0.702443916057808,
GSE85642,0.011949060483107036,-0.7024608273926765,
GSE70510,0.011948826264259329,-0.7024891065768283,
GSE70889,0.011948668205159484,-0.7025081906761933,
GSE77375,0.011947831998769457,-0.7026091586675101,
GSE100244,0.011947336105881636,-0.702669038740924,
GSE57054,0.011947127174622624,-0.7026942683589936,
GSE63758,0.011946989969366944,-0.7027108369010127,
GSE48480,0.011946858211434977,-0.7027267478177986,
GSE76749,0.01194635226155447,-0.7027878472991328,
GSE61875,0.01194583187079186,-0.702850693388758,
GSE88829,0.011945626558430381,-0.7028754891229005,
GSE95478,0.01194540469614576,-0.7029022840832673,
GSE41908,0.011945110833676725,-0.7029377754837164,
GSE23619,0.011944547695003598,-0.7030057913048909,splicing
GSE102827,0.011944127277489598,-0.703056571372292,
GSE69556,0.011944032646181333,-0.7030680016473391,
GSE85302,0.011943399113343762,-0.7031445268001824,
GSE72990,0.011943113172713968,-0.7031790672239723,
GSE60569,0.01194283433462295,-0.7032127504874073,
GSE63412,0.01194264266999303,-0.7032359037709739,
GSE94383,0.011941968192739346,-0.7033173842685991,
GSE60114,0.011941843967455082,-0.7033323918561953,
GSE89764,0.011941570317138227,-0.7033654519497294,
GSE39129,0.011941270313919653,-0.7034016966462794,
GSE63312,0.011941107135675852,-0.7034214113035501,stem
GSE92650,0.011941065773761436,-0.7034264085564415,
GSE48607,0.011940869772857778,-0.7034500891774005,stem
GSE40064,0.011940422546093744,-0.7035041240952835,stem
GSE55776,0.011939316174097861,-0.7036378070816582,
GSE66040,0.011939134160975596,-0.7036598009234016,models
GSE72312,0.011938364475658025,-0.7037528107656793,mrnas
GSE69545,0.01193787717664523,-0.7038116997549537,
GSE102642,0.011937298724782476,-0.7038816074814891,
GSE88989,0.01193710829195638,-0.7039046226285164,stem
GSE94839,0.011937070874707079,-0.7039091448095415,models
GSE83099,0.01193648034545437,-0.7039805169834338,
GSE87606,0.011936456773284901,-0.7039833660213904,
GSE72369,0.011936175752306549,-0.7040173319085995,
GSE72811,0.011936102968168919,-0.7040261291680188,stem
GSE89258,0.01193507349648641,-0.704150564902823,
GSE57249,0.0119345642369081,-0.7042121248038545,
GSE81055,0.011933758777695655,-0.7043094950305909,
GSE53599,0.011933610803984083,-0.7043273839679653,
GSE63300,0.011933232713656356,-0.7043730933254231,
GSE67750,0.011932735942370489,-0.704433152858812,
GSE81672,0.011932490396111375,-0.7044628402680427,
GSE60982,0.011931964563759221,-0.7045264173099814,diseases
GSE101712,0.011931477756249784,-0.7045852784558639,
GSE99989,0.01193103270646849,-0.7046390926690413,stem
GSE62669,0.011930989615566642,-0.7046443032106766,
GSE84527,0.01193094444396139,-0.7046497653706779,loss
GSE100771,0.011930833869332141,-0.7046631361653581,
GSE82072,0.011930324697241682,-0.7047247073625763,
GSE75804,0.011930316297393639,-0.7047257231290108,stem
GSE64478,0.011930039880516885,-0.7047591497261961,
GSE40463,0.011929898106715141,-0.7047762944782753,
GSE31182,0.011929795910935279,-0.7047886531736299,
GSE67572,0.01192937893428392,-0.7048390799089251,
GSE48206,0.011929346435483592,-0.7048430101991935,
GSE62184,0.01192927392585042,-0.7048517792970382,
GSE96729,0.011929060798915064,-0.7048775545387952,
GSE99260,0.011928965462309957,-0.7048890845493585,
GSE47919,0.011928007273228573,-0.7050049730698354,"disease,diseases"
GSE83338,0.01192704893862201,-0.7051208885028459,
GSE54651,0.011926517663126338,-0.7051851529825254,
GSE99121,0.011926479784478803,-0.7051897349925702,
GSE65987,0.011925175260406472,-0.7053475462981762,
GSE87531,0.011925081938821958,-0.7053588362885577,
GSE73803,0.011925014631392382,-0.7053669791566236,
GSE36896,0.01192470209258892,-0.7054047907740179,
GSE82294,0.011924203364428315,-0.7054651300332311,
GSE99364,0.011923824574421196,-0.705510960109098,
GSE98468,0.011923569474283729,-0.7055418256789389,
GSE73574,0.011922060891513405,-0.7057243685474672,
GSE75210,0.011921695472919833,-0.7057685887269372,
GSE71698,0.011921519921433726,-0.7057898331148474,
GSE54098,0.011921191185519254,-0.705829615979428,
GSE65873,0.011921065327785802,-0.7058448472833785,
GSE84517,0.011920668474464893,-0.7058928755285419,
GSE56276,0.01192057439844384,-0.7059042610934442,
GSE97060,0.011920293223565947,-0.7059382908618579,
GSE83855,0.011920263649858296,-0.7059418701273588,stem
GSE42564,0.01192012875003512,-0.7059581969816026,
GSE101596,0.011920120617401133,-0.7059591812758977,
GSE39113,0.011919607789966414,-0.7060212502377895,
GSE82073,0.011919215238526891,-0.7060687636586047,
GSE72537,0.011918235740456353,-0.706187326420283,loss
GSE73697,0.011918055518316421,-0.7062091423634363,
GSE81097,0.011917880733321203,-0.7062303004537387,
GSE76062,0.01191758728133679,-0.7062658241298346,
GSE69018,0.011917373341151482,-0.7062917230981012,
GSE81559,0.011917301215070557,-0.7063004545736684,stem
GSE87344,0.011917051359841693,-0.7063307020828887,
GSE58363,0.011917034065166145,-0.7063327958022155,
GSE83760,0.011916640050472518,-0.7063804966343934,models
GSE100277,0.011916446202649396,-0.7064039651260643,
GSE75858,0.011916363317341055,-0.7064139998828314,
GSE88814,0.011915961319031517,-0.7064626699959253,
GSE98496,0.011915948876071754,-0.7064641764967637,
GSE70014,0.011915332278983828,-0.706538831447573,stem
GSE92333,0.01191482498874379,-0.7066002548872492,"diseases,loss"
GSE52868,0.011914781902425153,-0.7066054719618332,
GSE74900,0.011914574329182389,-0.7066306060766666,
GSE45914,0.011913821238946708,-0.706721798078714,mrnas
GSE76498,0.011913775250105245,-0.70672736707293,
GSE70499,0.011913553522230606,-0.706754217393269,
GSE97445,0.011913282166517764,-0.7067870781177364,
GSE48763,0.011912418196023782,-0.7068917084898743,
GSE98027,0.011912409352743287,-0.7068927794866645,
GSE98232,0.011912045219356704,-0.7069368798398956,
GSE71636,0.011911848232457879,-0.7069607375710125,
GSE93787,0.011911460863492316,-0.7070076542510934,
GSE35626,0.011911166471379055,-0.7070433109430214,
GSE77107,0.011911006817995309,-0.7070626484855871,stem
GSE97489,0.011910730417364162,-0.707096127305031,
GSE79028,0.011910108461891602,-0.7071714640369294,
GSE63800,0.01190924553138966,-0.7072759963056616,stem
GSE56905,0.011909024331010116,-0.7073027929363546,
GSE89712,0.011908791630908916,-0.7073309832022094,
GSE77547,0.011908716043777218,-0.7073401402627674,
GSE95830,0.011908614025022619,-0.7073524994945461,
GSE99808,0.011908583047577286,-0.7073562523296615,models
GSE83218,0.011908284646439248,-0.7073924033338657,
GSE42704,0.01190763181628326,-0.7074714962237231,
GSE107643,0.011907549496409205,-0.707481469901648,
GSE76288,0.01190630410579283,-0.707632366845743,
GSE52514,0.011906149069937769,-0.7076511527690253,
GSE102007,0.011905452694510574,-0.7077355366240583,
GSE87366,0.011905416531383514,-0.7077399188550115,
GSE87511,0.01190489601444425,-0.7078029963308446,
GSE45719,0.011903652177851776,-0.7079537385660098,
GSE104096,0.01190324772048935,-0.7080027586932477,
GSE92486,0.011901885624960978,-0.7081678565683681,
GSE73438,0.011901544722983765,-0.7082091798217646,
GSE79409,0.011901303747425344,-0.7082383909679476,
GSE65031,0.011899497097134962,-0.7084574126249569,
GSE68831,0.011897884350519868,-0.708652955277621,
GSE80678,0.011897295576753179,-0.708724349652127,exosomal
GSE59121,0.011896212886938365,-0.7088556452305084,
GSE101859,0.01189564422405578,-0.7089246106010527,
GSE53110,0.01189557406696993,-0.7089331192262606,
GSE89352,0.011894484509833658,-0.7090652667511007,
GSE73077,0.011893951269399072,-0.7091299455166865,
GSE74001,0.011893805056613607,-0.7091476807295091,stem
GSE67291,0.011892141618938241,-0.7093494665420921,
GSE67972,0.01189145447185618,-0.7094328301919071,
GSE106488,0.011891423177570281,-0.7094366268822604,
GSE67647,0.011890384110891123,-0.7095626943697264,"loss,splicing"
GSE55113,0.011890324836429884,-0.7095698863312,
GSE101092,0.011890302404234169,-0.7095726081111754,
GSE76184,0.011889996225617858,-0.7096097583907645,
GSE95156,0.011889351687643254,-0.7096879667372038,
GSE30943,0.011889347356657722,-0.7096884922740584,
GSE79602,0.011888587638420656,-0.7097806820906837,
GSE70352,0.01188813525004347,-0.7098355810329358,
GSE26337,0.011888009888815262,-0.7098507944345364,
GSE72238,0.011887637597807596,-0.7098959753189581,loss
GSE98388,0.011887045809481581,-0.7099677971025542,
GSE54704,0.011886718404549631,-0.7100075338028484,
GSE92364,0.011886706250659827,-0.7100090089253267,
GSE86901,0.011886505978464012,-0.7100333162592245,
GSE75192,0.011885511998533766,-0.7101539631406403,
GSE64489,0.011884699380799434,-0.7102526042134696,
GSE47656,0.0118838203136425,-0.7103593189643078,
GSE60659,0.011883713570290586,-0.7103722776587359,
GSE77729,0.01188322734018814,-0.7104313077005299,"disease,loss"
GSE63679,0.011882294805608753,-0.710544527431666,
GSE65315,0.011882029386257448,-0.7105767538210055,
GSE58372,0.011881886618422228,-0.7105940885437703,
GSE102317,0.011881463459046481,-0.7106454693407512,
GSE100225,0.011880988353867488,-0.7107031596743182,
GSE50459,0.011880405795235376,-0.7107739008475397,
GSE52320,0.011879892859003307,-0.710836190515627,
GSE50172,0.011879867121933646,-0.710839316030598,
GSE73127,0.011879773542385851,-0.710850680406974,
GSE92891,0.011878074123496266,-0.7110570747944673,
GSE77472,0.01187664767814347,-0.7112303393484567,
GSE81724,0.011876423213171623,-0.7112576060966787,
GSE74980,0.011875935103901123,-0.7113169006572156,
GSE77010,0.011875698946419237,-0.7113455894815106,
GSE61095,0.011873736240365041,-0.7115840445247812,
GSE38892,0.011872411984549547,-0.7117449546043246,
GSE89823,0.011870883377938162,-0.7119307176289676,muscle
GSE70391,0.011870180599520802,-0.7120161303921722,
GSE99972,0.011869862651238518,-0.7120547741642405,stem
GSE49087,0.011869737576495381,-0.7120699761651113,stem
GSE69276,0.011869541737227736,-0.712093779443763,
GSE63031,0.01186934539690059,-0.7121176440179283,
GSE84651,0.01186839940470651,-0.7122326320472672,
GSE99970,0.011868344561034617,-0.7122392987319294,stem
GSE99977,0.011868288368103838,-0.7122461294616972,stem
GSE49088,0.011867716427040981,-0.71231565561341,stem
GSE50932,0.011867545156965717,-0.7123364761539689,
GSE93279,0.011867174437201129,-0.7123815439344289,splicing
GSE66551,0.01186706087658078,-0.7123953495904064,
GSE99974,0.011867032596534136,-0.7123987876389754,stem
GSE99973,0.011867032596534136,-0.7123987876389754,stem
GSE73289,0.011866220436110577,-0.7124975267215884,
GSE61470,0.01186474169484906,-0.712677323282363,
GSE72178,0.011863933582662035,-0.7127755891511077,"models,stem"
GSE53782,0.011863686103761545,-0.7128056837486438,
GSE106273,0.011862462857585894,-0.7129544454542064,
GSE98562,0.011861860606579103,-0.7130276921828109,
GSE67112,0.011860740522062254,-0.7131639285398844,
GSE33921,0.01186046611028086,-0.7131973073238843,
GSE56292,0.011860147258029719,-0.7132360927089315,
GSE98356,0.011859847805006273,-0.7132725193094244,
GSE88830,0.011859402956466071,-0.7133266340695765,
GSE54113,0.011859241989600845,-0.7133462158035869,
GSE69869,0.011859039675969612,-0.713370827778148,disease
GSE94238,0.011859024333219451,-0.7133726942803685,
GSE84535,0.011858069614392064,-0.7134888441022228,
GSE68818,0.011857786607732497,-0.7135232761126459,
GSE54631,0.011857530719647501,-0.7135544094486382,
GSE94333,0.011856395230476359,-0.7136925700046668,
GSE101643,0.01185633467583551,-0.7136999383574797,
GSE52957,0.011856143449672299,-0.7137232072065557,
GSE75176,0.011854854467290081,-0.713880063404592,
GSE75997,0.011853965491505167,-0.7139882527585281,
GSE106107,0.01185357903771918,-0.7140352871496216,
GSE57712,0.011852315213666911,-0.7141891149424192,
GSE99971,0.01185173307478684,-0.7142599761611728,stem
GSE78130,0.011851221554492168,-0.7143222441614364,
GSE99975,0.011848636348005724,-0.7146369856765797,stem
GSE48138,0.011845820192627319,-0.7149799227184961,
GSE85423,0.011845657694691645,-0.7149997133763072,
GSE83580,0.011844911397635709,-0.715090608538664,
GSE58827,0.011843641181929163,-0.7152453274811823,
GSE35005,0.011842532701963993,-0.7153803597204693,
GSE81842,0.011841197291543383,-0.7155430528430422,stem
GSE83991,0.011840889237258446,-0.7155805857174102,
GSE75976,0.011840610027180476,-0.7156146051002518,
GSE107281,0.011838868178140106,-0.7158268527651086,
GSE62771,0.01183817940569622,-0.7159107896314646,
GSE70497,0.011838042558044824,-0.7159274670750475,
GSE33922,0.011838039001035828,-0.715927900565634,
GSE70667,0.011837984313477877,-0.7159345653224308,
GSE86065,0.011837964859428963,-0.7159369361891436,
GSE69751,0.011834545274240332,-0.7163537418933121,
GSE80671,0.011834266819354254,-0.7163876874484745,
GSE62902,0.01183401691067423,-0.7164181537059753,
GSE60050,0.0118339797609868,-0.7164226826629941,
GSE94543,0.01183357386862435,-0.7164721663491971,
GSE20898,0.011832667034300469,-0.7165827276663052,
GSE79672,0.011831754088410307,-0.7166940426654896,
GSE97735,0.011830593620303196,-0.7168355503134365,
GSE41879,0.01182978394321453,-0.7169342906752807,
GSE87561,0.011828113175422587,-0.7171380626673417,
GSE88706,0.011826643863413951,-0.7173172882791394,
GSE109913,0.011826008754711776,-0.7173947652699924,
GSE59859,0.011825892709826648,-0.71740892204978,
GSE76602,0.011825847134376097,-0.7174144820193155,
GSE94271,0.011825369534346673,-0.717472748044588,
GSE64027,0.011825012921017728,-0.7175162555254664,disease
GSE58016,0.011824767132169955,-0.71754624297998,stem
GSE58018,0.011824767132169955,-0.71754624297998,stem
GSE73111,0.011824762095732537,-0.7175468574567602,
GSE67556,0.011822952665257017,-0.7177676362005285,
GSE58017,0.01182259615592639,-0.7178111398846472,stem
GSE85648,0.011821917201856508,-0.7178939940889235,
GSE86083,0.011821219754584993,-0.7179791100125883,
GSE58371,0.011820862577005518,-0.7180227016315865,
GSE59119,0.011820411316713039,-0.7180777774273424,
GSE107289,0.011820162107697858,-0.7181081940000631,
GSE65921,0.01181961758523326,-0.7181746565364884,
GSE72826,0.01181937026899483,-0.7182048441158322,
GSE108753,0.011818927094548353,-0.7182589398543214,mrnas
GSE65922,0.011817311834027167,-0.7184561225240625,
GSE76356,0.011816330510643904,-0.7185759305806211,models
GSE108528,0.011816039529650782,-0.718611457854024,mrnas
GSE72851,0.011814972705832235,-0.7187417190056183,loss
GSE92844,0.011814619872615546,-0.7187848031790187,
GSE84526,0.011814034362664956,-0.71885630215597,
GSE72855,0.011813740346947146,-0.7188922069352616,loss
GSE94761,0.011813709149608425,-0.7188960167621214,
GSE92301,0.011813376275595045,-0.7189366680468426,
GSE85929,0.01181096980124974,-0.719230585906386,
GSE98469,0.011809770395919808,-0.7193770991916218,stem
GSE67186,0.01180967546012556,-0.7193886967032993,
GSE65422,0.011808861436409586,-0.7194881429970144,
GSE72628,0.011808843722323882,-0.7194903071381471,"loss,stem"
GSE34903,0.0118083450058768,-0.7195512369764445,
GSE63078,0.011807335345890676,-0.7196745983561851,
GSE86976,0.011806976440571522,-0.7197184523485277,
GSE98960,0.01180589361365475,-0.7198507690910902,
GSE92721,0.011804743700810586,-0.7199912967301324,
GSE84234,0.011804742016111735,-0.7199915026225188,
GSE58498,0.011803505218739699,-0.7201426634790706,
GSE98479,0.011803030285815655,-0.7202007137909628,
GSE106330,0.011800111998135656,-0.7205574628318001,"models,stem"
GSE81283,0.011800037604486861,-0.7205665583121252,mrnas
GSE53001,0.01179900088986943,-0.720693314581344,
GSE48419,0.01179819552654981,-0.7207917918451068,stem
GSE37236,0.011795395252979646,-0.7211342527150549,
GSE87051,0.011795263993502635,-0.7211503071537697,
GSE106895,0.011795142902411194,-0.7211651180485446,
GSE90885,0.011794372291320883,-0.7212593766027973,"disease,diseases"
GSE45358,0.01179348797295544,-0.7213675510371628,
GSE72480,0.011792955308165619,-0.7214327132866554,
GSE97891,0.011791441567004044,-0.7216179091923678,
GSE89184,0.01179100479631353,-0.7216713495267228,
GSE86030,0.0117897448809446,-0.7218255154189276,
GSE86039,0.0117897448809446,-0.7218255154189276,
GSE86031,0.0117897448809446,-0.7218255154189276,
GSE86028,0.0117897448809446,-0.7218255154189276,
GSE85954,0.011789168850908506,-0.7218960051527714,
GSE85951,0.011789168850908506,-0.7218960051527714,
GSE65444,0.011787848627244149,-0.7220575760670896,
GSE65348,0.011787640372375521,-0.722083064256643,
GSE57837,0.011787439738292488,-0.7221076201686716,
GSE97996,0.011787400966950773,-0.7221123655006227,
GSE109544,0.011787400966950773,-0.7221123655006227,
GSE98140,0.011785998299599861,-0.7222840523422771,stem
GSE49571,0.011785933572506997,-0.7222919754481467,
GSE55633,0.011785645199507928,-0.7223272751028476,
GSE59283,0.011782034658821052,-0.7227693134550272,loss
GSE66003,0.01178195425636369,-0.7227791586664579,
GSE106913,0.01178027454815707,-0.7229848528496391,
GSE98831,0.011779794938456122,-0.7230435904130075,
GSE81575,0.011778749211931118,-0.7231716683165578,
GSE73541,0.011778103896827444,-0.7232507105295236,
GSE71635,0.011775411077622254,-0.7235805905439912,
GSE109522,0.01177522715223309,-0.7236031248162477,stem
GSE99296,0.0117747487824021,-0.7236617356432731,
GSE99765,0.011774264332293382,-0.7237210938648764,
GSE56786,0.011773832125705735,-0.7237740529056906,
GSE74381,0.011773456107340773,-0.7238201286852106,
GSE65118,0.011773212238777279,-0.7238500121457515,
GSE57313,0.011770961610895423,-0.724125831523799,loss
GSE93309,0.01177017554669089,-0.7242221778406766,loss
GSE61008,0.011766341144312228,-0.7246922451338136,
GSE75477,0.011764639494647046,-0.7249009029517972,
GSE70732,0.011763671880952632,-0.7250195660769937,
GSE76095,0.011761141820192444,-0.7253298857396541,"loss,stem"
GSE69926,0.011759489285740204,-0.7255326101693118,stem
GSE38845,0.011759261026001052,-0.725560614139706,
GSE92999,0.011757572843881578,-0.7257677450816977,
GSE77862,0.011756373207013969,-0.7259149522035924,
GSE97939,0.011751634624151444,-0.7264965693391908,
GSE45180,0.01175100268989004,-0.7265741511367685,
GSE46664,0.011749162548494466,-0.7268000868137668,loss
GSE98760,0.01174530108980173,-0.7272743183129433,
GSE93537,0.011745165315729193,-0.7272909957664898,
GSE90800,0.011744582589532164,-0.7273625756061894,
GSE66001,0.011744546670072213,-0.7273669879303903,
GSE66007,0.011742993245389218,-0.7275578225684909,
GSE85535,0.011742901697050155,-0.7275690698584145,
GSE98048,0.011739801029847192,-0.7279500581352055,
GSE96766,0.011736471926517921,-0.7283592270782373,
GSE93416,0.011736274126844661,-0.7283835416264424,
GSE81079,0.011736214016438982,-0.7283909307863515,models
GSE64370,0.011735390657663006,-0.7284921471829255,
GSE50566,0.011735278628018927,-0.728505919658689,
GSE37685,0.011733407274800201,-0.7287359957716261,
GSE71877,0.011732621699536748,-0.728832590345722,loss
GSE57533,0.011732483767456706,-0.7288495511838601,
GSE99684,0.011732020039886359,-0.7289065749736359,
GSE35833,0.01173156924681186,-0.7289620103910549,
GSE60072,0.011729200341623506,-0.7292533569955476,
GSE104305,0.011726020250371233,-0.7296445621764452,mrnas
GSE86389,0.01172544805130829,-0.7297149636319149,
GSE85049,0.011725402555664904,-0.729720561410878,loss
GSE56966,0.011724710756569485,-0.7298056829718061,
GSE28666,0.011724173002548873,-0.7298718537172337,mrnas
GSE78728,0.011720962382452236,-0.7302669843611381,
GSE64371,0.011718626898289545,-0.7305544801350944,
GSE93774,0.011717398876061654,-0.730705671433223,loss
GSE72402,0.011716326320102667,-0.7308377350425069,
GSE86199,0.01171051012745607,-0.7315540923261107,
GSE66343,0.01170715048911932,-0.7319680477318384,
GSE97013,0.011705793222744423,-0.732135316016811,
GSE67207,0.011699553048371314,-0.7329045991311385,"loss,models"
GSE94583,0.01169934306767601,-0.7329304924986121,models
GSE95661,0.011693705893111642,-0.7336258036536217,
GSE48109,0.011690486097290021,-0.7340230962772701,
GSE52332,0.011686475729768438,-0.7345180910875532,
GSE70046,0.011686103312363052,-0.734564066736451,
GSE67790,0.011686041172561406,-0.7345717381577647,
GSE75936,0.011678571610388528,-0.7354941844890317,
GSE87542,0.011678198877579479,-0.7355402302191567,
GSE90097,0.011678198877579479,-0.7355402302191567,
GSE66882,0.011677298754783665,-0.7356514333898014,"disease,loss"
GSE74746,0.011673111932980654,-0.7361687953495367,
GSE107617,0.011672642304492185,-0.7362268385110106,
GSE89430,0.01167177296880336,-0.7363342891601729,
GSE53459,0.011671407303568563,-0.7363794880932021,
GSE86318,0.011668847689932357,-0.7366959149630351,
GSE78146,0.011668777732775878,-0.7367045642442623,
GSE69654,0.011663320157118878,-0.7373794814777132,loss
GSE76316,0.011662031701280537,-0.7375388658987118,models
GSE75453,0.01166088834388261,-0.7376803161155869,
GSE89992,0.011659148359955029,-0.7378956044721267,
GSE75760,0.011656044467878608,-0.7382797290869754,diseases
GSE43314,0.011655297186285886,-0.7383722247883667,
GSE87519,0.011655142906379357,-0.7383913217127644,
GSE100276,0.011650429961607934,-0.7389748166717524,loss
GSE44346,0.011644683527530899,-0.7396865841518946,
GSE76309,0.011643506995869525,-0.7398323555799537,
GSE66457,0.011643255302503626,-0.7398635421198573,stem
GSE72823,0.01164036898889176,-0.740221224437997,mrnas
GSE97914,0.01163593514969229,-0.7407708544707081,
GSE104443,0.011631424865951926,-0.7413301756882723,
GSE52594,0.011624941374801454,-0.7421345748515746,"disease,models"
GSE83240,0.011624004401993581,-0.7422508610726427,"mrnas,splicing"
GSE74178,0.01161185829133308,-0.7437591446636864,"loss,stem"
GSE41792,0.011604896112982523,-0.7446244077669004,
GSE31223,0.011604884957817141,-0.744625794553077,disease
GSE72293,0.011603403492408152,-0.7448099789927254,
GSE55190,0.011602208127660626,-0.744958610868762,
GSE90625,0.011596917853869652,-0.7456165884064981,disease
GSE104264,0.011593038809129038,-0.7460992351612284,
GSE55870,0.011591963992042072,-0.7462329969119287,expanded
GSE107592,0.011586810667220556,-0.7468745041870875,
GSE83624,0.011574091416142334,-0.7484590713367634,
GSE60647,0.011571508462028214,-0.7487810690491897,"disease,stem"
GSE85131,0.011568871888955713,-0.7491098251763929,
GSE60556,0.01156727830117086,-0.7493085670741738,"disease,stem"
GSE55966,0.011565820818562634,-0.7494903587937327,
GSE81316,0.011560719195326714,-0.7501268644411759,disease
GSE76075,0.011559215725151119,-0.7503144989632432,"loss,models"
GSE80776,0.011558069630328922,-0.7504575490915173,
GSE41286,0.01155612211502083,-0.7507006612638694,stem
GSE116177,0.01155548925478362,-0.7507796712741555,
GSE60837,0.01154784384862689,-0.7517345109850452,"disease,loss,models,stem"
GSE70351,0.011545208526190478,-0.75206378461808,"composed,disease"
GSE93007,0.011539364130278645,-0.7527942881716537,loss
GSE87681,0.011534838534097917,-0.7533602063397212,
GSE93006,0.011532324234973166,-0.7536747111558766,loss
GSE93017,0.011531275832122,-0.7538058724308617,
GSE80087,0.011526524908664149,-0.754400389998806,
GSE81212,0.011516337529835951,-0.7556760372333361,
GSE94920,0.011515027099962181,-0.7558402090670723,models
GSE93591,0.011483481239963194,-0.759797951338898,
GSE95537,0.011476709727416785,-0.7606489222970354,loss
GSE67681,0.01147198605187559,-0.7612428404386008,
GSE80436,0.011468110164329354,-0.7617303470072313,models
GSE76362,0.011462383084108569,-0.762450997044331,models
GSE71493,0.011457246021547313,-0.7630977103721776,
GSE85462,0.011455501215471484,-0.763317432874393,
GSE66066,0.011449762641744951,-0.7640403245277592,
GSE56175,0.011440106235110142,-0.7652575661700105,
GSE38983,0.01142322474774777,-0.7673880381073442,"loss,stem"
GSE52623,0.011400894250358777,-0.7702110262038913,
GSE85810,0.011378372311178653,-0.773063822229263,
GSE94373,0.011359983157612184,-0.7753973196078927,
GSE57654,0.011344476656887146,-0.7773679593287824,
GSE60648,0.01133794642091265,-0.7781986588783163,"disease,stem"
GSE71076,0.011332547641658669,-0.7788857892233642,
GSE95782,0.011321899117321031,-0.7802420416668279,
GSE90891,0.01130301126719513,-0.7826508391892862,"loss,models"
GSE67071,0.011252668818698722,-0.7890908065159166,
GSE53190,0.011246121156681207,-0.7899305209893709,stem
GSE39509,0.011236349316819745,-0.7911846345720276,
GSE42605,0.011234452915293309,-0.7914281442657146,disease
GSE94566,0.011189344252557151,-0.7972325253281687,loss
GSE75946,0.011176595908360485,-0.7988771666722413,
GSE76033,0.011162859180925891,-0.8006514186373431,
GSE81941,0.011108403881248102,-0.8077064785266432,stem
GSE51372,0.01110113806903159,-0.8086504288026299,
GSE54246,0.011101088845061932,-0.8086568259246116,
GSE71513,0.011084005060765643,-0.8108787408608497,loss
GSE78696,0.011079581993867908,-0.8114545625225569,
GSE40171,0.01105756332618598,-0.8143245109904502,
GSE85731,0.011035086377456918,-0.817260093103884,"loss,stem"
GSE89549,0.010911272192526465,-0.8335386939651457,stem
GSE108811,0.010755007655259951,-0.8543494638517093,
GSE51144,0.010744347158821695,-0.8557801901910216,
GSE77623,0.010743081922668722,-0.8559500895231968,
GSE64771,0.010716832221712798,-0.8594794915540234,
GSE84447,0.010711944054589355,-0.8601376844904204,
GSE86895,0.01065975363290085,-0.8671839204355382,
GSE87388,0.010593099363185683,-0.8762332560401552,
GSE74490,0.010589126884255184,-0.8767743772285804,models
GSE93946,0.01053323434186967,-0.8844095162231537,disease
GSE86301,0.01051568522086785,-0.8868151537792349,loss
GSE59831,0.010501189476716844,-0.8888052633286097,loss
