ID,prob,log2(prob/prior),related_words
GSE90024,0.004470909899032099,0.12552152485396192,tumors
GSE45180,0.004363638609423579,0.09048467748127655,tumors
GSE94082,0.004324863544164949,0.07760766720804062,"schwannomas,schwannomatosis,tumors"
GSE83688,0.004299168245546259,0.06901062339081682,tumors
GSE94583,0.004275676346423683,0.06110570318051315,tumors
GSE67672,0.004246997241248263,0.051396224444898435,tumors
GSE72403,0.004222222343004218,0.04295560617218445,tumors
GSE85690,0.0042083219555906345,0.038198134424073514,"composed,listed,subseries,superseries"
GSE84447,0.0041916179698166965,0.032460286434891794,"individual,tumors"
GSE77107,0.004184834475821591,0.03012361339829089,tumors
GSE78156,0.004170601306677171,0.025208455664521196,tumors
GSE63418,0.004160158119947153,0.02159141649033473,tumors
GSE64608,0.004128923489381284,0.010718737941191804,tumors
GSE71843,0.004123862444449665,0.008949263875482172,tumors
GSE66534,0.004114100476829522,0.005530081487405349,"composed,listed,subseries,superseries"
GSE31223,0.004109400146048315,0.003880870291828381,tumors
GSE94263,0.004092367145618916,-0.0021113652117140187,tumors
GSE94264,0.004090986988650006,-0.0025979983454886787,tumors
GSE81380,0.004083913255936372,-0.005094724017541961,tumors
GSE61851,0.004082364903894708,-0.005641803065085113,tumors
GSE66457,0.0040803798715142595,-0.006343477932185435,tumors
GSE89307,0.004080004567570458,-0.006476179802537898,tumors
GSE69751,0.004077448403701814,-0.007380326003730604,tumors
GSE27623,0.004054182653571478,-0.015635858919541234,"composed,listed,subseries,superseries"
GSE53190,0.00405317068644757,-0.015996015902358406,tumors
GSE83760,0.004051589138395856,-0.01655906566802898,tumors
GSE43028,0.004049654579902986,-0.017248090241063507,tumors
GSE76062,0.004049209857988261,-0.01740653173777277,tumors
GSE39509,0.004043660975616256,-0.019384901712938867,tumors
GSE60827,0.0040415414538161306,-0.02014130173800502,tumors
GSE70016,0.004041153479360973,-0.020279802282069735,"grade,individual,tumors"
GSE63679,0.004040640209882218,-0.02046305153616066,tumors
GSE84148,0.004037132309223009,-0.021716077959258905,"composed,listed,subseries,superseries"
GSE103725,0.004025346195080434,-0.025934081276259558,"recurrent,tumors"
GSE103713,0.004020820982394042,-0.027556842137661124,"recurrent,tumors"
GSE103712,0.004020200321121187,-0.02777955636969682,"recurrent,tumors"
GSE101859,0.0040195498477464614,-0.028013005094914303,tumors
GSE56905,0.004017191778690799,-0.028859610544842363,tumors
GSE93017,0.004014327353841712,-0.02988867905150961,"landscape,tumors"
GSE97654,0.004014010737795545,-0.030002471070403994,tumors
GSE71877,0.004009172735351112,-0.031742369703840596,tumors
GSE64867,0.004008740674164935,-0.031897854678402913,tumors
GSE84535,0.004008665957143255,-0.031924744639610515,tumors
GSE54098,0.004007895954968894,-0.032201890461976794,tumors
GSE88989,0.004006542067893476,-0.032689322314999485,tumors
GSE56904,0.004006275401481169,-0.03278534804183515,tumors
GSE70046,0.003999088763071782,-0.03537564379004677,tumors
GSE51372,0.003996484599464724,-0.03631541730823331,tumors
GSE104294,0.003984414635517909,-0.040679158759692656,tumors
GSE87681,0.003984386508578805,-0.04068934312615522,tumors
GSE41293,0.003971675623176253,-0.0452991479854082,tumors
GSE102345,0.003971464687131942,-0.04537577168164295,tumors
GSE89419,0.003965764046507066,-0.04744810388965013,tumors
GSE71491,0.003964957343163229,-0.04774160226399777,tumors
GSE75976,0.003964671771280252,-0.047845514599271,"series,tumors"
GSE72823,0.00396423457742528,-0.04800461281014022,tumors
GSE54704,0.003962958748527401,-0.04846899710460666,tumors
GSE89509,0.003962563259664622,-0.04861298000464564,tumors
GSE53001,0.00396026849097175,-0.04944870430372757,tumors
GSE68472,0.003957992329516878,-0.05027813061541413,tumors
GSE71362,0.003955835194605609,-0.05106462435857558,tumors
GSE86573,0.0039556514323191945,-0.0511316441114645,tumors
GSE67647,0.003949548304119789,-0.05335928030792641,tumors
GSE57533,0.003949264803495984,-0.05346284142240161,tumors
GSE89952,0.003946349289249116,-0.05452829322573529,tumors
GSE87043,0.003945588481424879,-0.05480645397925135,"landscape,tumors"
GSE92949,0.003944670617074102,-0.05514210793852381,tumors
GSE76075,0.003944481025929682,-0.055211449286309014,tumors
GSE72480,0.003941318088641458,-0.05636875855040923,tumors
GSE73541,0.003939629684345778,-0.05698692088616517,tumors
GSE98469,0.003937062918183149,-0.05792717871565908,tumors
GSE71629,0.003936286731850297,-0.05821163202374626,tumors
GSE92589,0.003933468045015333,-0.05924508371514178,tumors
GSE90891,0.003933160631660081,-0.059357839443568775,tumors
GSE67324,0.0039328841557223935,-0.05945925520591745,tumors
GSE84383,0.003932117092778812,-0.059740663402381315,tumors
GSE89823,0.003926324868631713,-0.0618673991108189,tumors
GSE65831,0.003923989236829192,-0.06272586272717785,tumors
GSE52332,0.003923668612617612,-0.06284374833564006,tumors
GSE83358,0.00392354820205396,-0.06288802281592207,tumors
GSE79889,0.00392043404195764,-0.06403355920898937,tumors
GSE75946,0.003920194082343096,-0.06412186553867022,tumors
GSE61462,0.00391775480721025,-0.06501983777623484,tumors
GSE107053,0.003917647234290864,-0.06505945154883239,tumors
GSE70135,0.003913058838056787,-0.0667501438539625,tumors
GSE67113,0.003912602786595789,-0.06691829402796044,tumors
GSE92301,0.003910892993981668,-0.06754888409505977,tumors
GSE101690,0.0039103300907890595,-0.06775654922289884,tumors
GSE106330,0.003909984772639473,-0.06788395810373321,tumors
GSE58818,0.00390775669554084,-0.06870630196891007,tumors
GSE80678,0.0039067382383604285,-0.06908235266554132,tumors
GSE55870,0.003906381636877437,-0.06921404581748535,tumors
GSE60853,0.0039051185949230574,-0.06968058472187624,tumors
GSE79035,0.003902237688442088,-0.07074529075837545,"recurrent,tumors"
GSE98048,0.0039005107517216635,-0.07138389729612866,tumors
GSE101767,0.0039000515492299552,-0.07155375406612977,tumors
GSE51144,0.003899992436106709,-0.07157562117608997,tumors
GSE64411,0.0038996006377456445,-0.07172056349491587,tumors
GSE63312,0.0038988160841783607,-0.07201084589069218,tumors
GSE107670,0.0038974287528808277,-0.07252429718576515,tumors
GSE49088,0.0038967366775127213,-0.07278050260327373,tumors
GSE81941,0.003896185362965909,-0.07298463110856397,tumors
GSE49087,0.0038961354469730287,-0.0730031143197015,tumors
GSE74001,0.0038942012878397927,-0.0737194894757777,tumors
GSE79437,0.003893279734166851,-0.07406094030341129,tumors
GSE89660,0.0038930098232371237,-0.07416096205500027,tumors
GSE64425,0.0038927001818625144,-0.0742757153852798,tumors
GSE103525,0.003892298200956107,-0.07442470343439786,"recurrent,tumors"
GSE103524,0.0038909105480339095,-0.07493913394117334,"recurrent,tumors"
GSE97013,0.003889746907095986,-0.07537066020555795,tumors
GSE76362,0.0038896445976404296,-0.07540860696375513,tumors
GSE71513,0.0038888273594705086,-0.07571175788229266,tumors
GSE88987,0.0038885703888427185,-0.07580709317630728,tumors
GSE59283,0.0038872734290638093,-0.07628835733295272,tumors
GSE60982,0.003887243125955541,-0.07629960385708408,tumors
GSE67186,0.0038867843995795577,-0.07646986367835436,tumors
GSE86389,0.0038848474951926576,-0.07718898224942138,tumors
GSE71574,0.003882422996103793,-0.07808963658601623,"individual,series,tumors"
GSE83580,0.003882169867743083,-0.07818370128129076,"series,tumors"
GSE56690,0.0038820709629863864,-0.07822045681351213,tumors
GSE52031,0.0038816750559283937,-0.07836759535934372,tumors
GSE93313,0.003881612921242372,-0.07839068902884459,tumors
GSE89928,0.003881236866324459,-0.07853046567799951,tumors
GSE81420,0.0038810045036621896,-0.07861683981780405,tumors
GSE76033,0.0038809869985754943,-0.07862334704001846,tumors
GSE70116,0.0038801495734437663,-0.0789346800717561,"composed,landscape"
GSE77482,0.003879969011840358,-0.07900181701740863,tumors
GSE81421,0.003879632582062101,-0.07912691766004593,tumors
GSE66054,0.0038787938203323543,-0.07943885653268475,tumors
GSE39438,0.003878637450372577,-0.07949701861177336,tumors
GSE85049,0.003877421877248045,-0.07994923313435026,tumors
GSE38741,0.003877273576416307,-0.08000441334763181,tumors
GSE80436,0.003877254599348888,-0.08001147454347403,tumors
GSE41286,0.0038761180785216185,-0.08043442673247238,tumors
GSE81316,0.0038746588502052374,-0.08097765523712412,tumors
GSE84462,0.003874468415687564,-0.0810485635923207,tumors
GSE87578,0.0038738538799166387,-0.08127740996117261,tumors
GSE104305,0.0038738054488515633,-0.08129544670090143,tumors
GSE39619,0.0038733957143076733,-0.08144804942352424,"contact,refer"
GSE98689,0.003872138603119391,-0.0819163523239516,tumors
GSE39524,0.003871805846430871,-0.08204033731061403,"contact,refer"
GSE69869,0.0038717306758995463,-0.08206834729092564,tumors
GSE40187,0.0038716903354157773,-0.08208337915237192,tumors
GSE34903,0.0038702257211283083,-0.08262923673571988,tumors
GSE52594,0.0038700648305651326,-0.08268921278341536,tumors
GSE36025,0.0038700009849059586,-0.08271301356704464,"contact,refer"
GSE83332,0.003869903758334454,-0.08274925904995765,landscape
GSE85388,0.0038691005515798195,-0.08304872455210131,"recurrent,tumors"
GSE84264,0.0038690211291164942,-0.0830783395927291,tumors
GSE76776,0.003867120851170793,-0.08378709639442639,tumors
GSE46688,0.003866610637387491,-0.08397745286002666,tumors
GSE67681,0.003866322862801155,-0.0840848302139848,tumors
GSE67207,0.003866164341120584,-0.08414398283498081,tumors
GSE85810,0.0038656232887355453,-0.08434589567361497,tumors
GSE107281,0.0038647836575420474,-0.08465928972187574,tumors
GSE73611,0.0038642838027517453,-0.08484589387091276,tumors
GSE90625,0.003863639126356877,-0.08508659798987045,tumors
GSE60415,0.003863541030459116,-0.0851232277726288,tumors
GSE107289,0.0038635047913241315,-0.08513675998701815,tumors
GSE97489,0.0038634888238614036,-0.08514272250761545,tumors
GSE64027,0.0038632018345210444,-0.08524989338234576,tumors
GSE106107,0.00386265757373301,-0.08545315940096052,tumors
GSE79606,0.003861928246501577,-0.08572558741395354,esprc2p48
GSE106901,0.0038613996189469984,-0.08592307957431372,"composed,tumors"
GSE96518,0.0038613038611464653,-0.08595885702046813,landscape
GSE86901,0.0038599380708261564,-0.08646924614178168,landscape
GSE28207,0.003858913606671855,-0.08685220190396238,landscape
GSE74957,0.0038588960199175187,-0.08685877691021249,tumors
GSE84989,0.003858683812586558,-0.08693811537401575,landscape
GSE86366,0.00385866558595423,-0.08694493001223243,landscape
GSE58429,0.0038581771448650245,-0.087127562097059,landscape
GSE82013,0.0038579047311819285,-0.08722942982634176,landscape
GSE57919,0.0038562030182258625,-0.08786593970209372,landscape
GSE82014,0.003855312242578742,-0.08819923804123936,landscape
GSE98086,0.003853368383077937,-0.08892683246566116,composed
GSE100597,0.00385305247624921,-0.08904511233221961,landscape
GSE77003,0.00385250044376946,-0.08925182417511368,"landscape,series"
GSE89082,0.0038500835733541795,-0.09015718452412773,composed
GSE63243,0.0038488219187281358,-0.09063002651198523,landscape
GSE92992,0.0038487845670746564,-0.0906440274992644,landscape
GSE60231,0.003848474384887819,-0.0907603022162144,vehicules
GSE36026,0.003848409313008985,-0.09078469621268914,contact
GSE73391,0.003848236757787031,-0.0908493853151227,landscape
GSE81682,0.003847988081000753,-0.09094261667828782,"individual,landscape"
GSE108528,0.0038478312723156153,-0.09100140888794393,"individual,tumors"
GSE61608,0.0038477847616140244,-0.09101884758505098,landscape
GSE108753,0.0038476779719025505,-0.09105888805890068,"individual,tumors"
GSE42671,0.0038465969635049914,-0.09146427140630427,"individual,landscape"
GSE84492,0.0038464609360583614,-0.09151529042247712,listed
GSE66706,0.0038454398485860126,-0.09189832132278855,landscape
GSE95251,0.0038454384363373205,-0.09189885115673194,landscape
GSE63497,0.0038452111564222942,-0.09198412239486145,landscape
GSE81251,0.0038450027073718847,-0.09206233307058617,listed
GSE106612,0.003844807831840565,-0.0921354547583707,landscape
GSE103261,0.0038443462010161735,-0.09230868382857157,landscape
GSE90869,0.0038442921132520146,-0.09232898186989877,"individual,landscape"
GSE87565,0.0038442759113981647,-0.09233506215276224,landscape
GSE88818,0.0038442759113981647,-0.09233506215276224,landscape
GSE79561,0.003844252195494668,-0.09234396237810812,landscape
GSE77586,0.0038440373387230776,-0.09242459742640495,"composed,landscape"
GSE92842,0.00384398029323409,-0.09244600717024493,landscape
GSE68190,0.003843932688311405,-0.09246387401812577,airedependent
GSE81017,0.00384293363585666,-0.09283888458013648,landscape
GSE76642,0.0038427791161515725,-0.09289689476591172,landscape
GSE89603,0.0038420658867661475,-0.09316468741493254,shelves
GSE52525,0.0038413516276067923,-0.09343291653254901,"individual,landscape"
GSE67015,0.003841029337171011,-0.09355396411293661,shelves
GSE86623,0.0038410036157596923,-0.09356362513698611,"individual,landscape"
GSE102454,0.0038409663379248248,-0.09357762689638463,composed
GSE49433,0.003840244178962202,-0.09384890058557437,contact
GSE84234,0.0038400990968181074,-0.0939034057768961,landscape
GSE98960,0.00384003444648052,-0.09392769460492363,landscape
GSE89977,0.0038397281882998823,-0.09404275992131023,landscape
GSE101900,0.003839707959540771,-0.09405036046121744,"composed,individual"
GSE67525,0.00383962248957545,-0.09408247448364039,shelves
GSE82127,0.003839557012425097,-0.09410707699751154,landscape
GSE69162,0.0038394636784773624,-0.09414214720476055,landscape
GSE75219,0.003839425618115682,-0.0941564486207416,composed
GSE69926,0.0038393543294277157,-0.09418323616702011,"individual,garners"
GSE95337,0.003839211482409953,-0.09423691407750633,composed
GSE69731,0.0038390181540821845,-0.09430956463186554,contact
GSE66582,0.0038386283575008555,-0.09445605681393561,landscape
GSE72341,0.003838191221784757,-0.09462035754393928,tributaries
GSE107655,0.003838186624296921,-0.09462208564358078,composed
GSE75907,0.0038381748141525385,-0.09462652483964247,landscape
GSE107740,0.0038381390142782907,-0.09463998137677639,composed
GSE84943,0.0038380980131090376,-0.0946553931425523,landscape
GSE75931,0.003837442724050429,-0.09490172947503335,landscape
GSE102455,0.0038373871790266276,-0.09492261190015484,composed
GSE21180,0.0038372868119231616,-0.0949603461733285,landscape
GSE37909,0.003837178989790422,-0.09500088435806492,contact
GSE29087,0.0038371615754156387,-0.09500743179544464,landscape
GSE70351,0.0038369927009832476,-0.09507092655914315,composed
GSE80960,0.0038368989868854107,-0.09510616314306072,landscape
GSE44067,0.003836652502150168,-0.09519884573099141,factories
GSE85513,0.003836560036821485,-0.09523361585379841,landscape
GSE79403,0.0038365197227991287,-0.09524877556592296,composed
GSE54287,0.0038364377434666848,-0.09527960362065836,composed
GSE54286,0.003836434842306341,-0.09528069460440508,composed
GSE43504,0.003836365589776281,-0.09530673732050943,recurrent
GSE95002,0.003836068336789345,-0.095418525943119,landscape
GSE72552,0.0038360583619964136,-0.09542227733692706,contact
GSE79014,0.0038360219701327487,-0.09543596394055108,airedependent
GSE62268,0.0038359276684402795,-0.09547143043615872,landscape
GSE96766,0.0038358920663369464,-0.09548482047390729,landscape
GSE75426,0.0038356728679759065,-0.09556726424939162,landscape
GSE85627,0.003835262491891928,-0.09572162548802685,landscape
GSE95519,0.003835223851081686,-0.09573616091715621,landscape
GSE74064,0.003835214115396683,-0.09573982319160115,refer
GSE83312,0.0038351847623709317,-0.09575086498104694,landscape
GSE98436,0.0038349237284152383,-0.09584906239089594,composed
GSE60005,0.003834616637153605,-0.0959645944878348,landscape
GSE76184,0.0038345801757744893,-0.09597831239131734,recurrent
GSE56312,0.0038344877554555654,-0.09601308437064802,landscape
GSE76030,0.003834411253165496,-0.09604186802639295,landscape
GSE81197,0.003834411094121005,-0.09604192786679301,landscape
GSE65849,0.0038341808830965793,-0.09612854723691551,composed
GSE108067,0.003834180545195714,-0.09612867437956711,landscape
GSE81082,0.0038340484079692006,-0.09617839478374154,landscape
GSE93774,0.00383393215943741,-0.09622213802979274,landscape
GSE83651,0.0038339298676318455,-0.09622300042833642,"landscape,recurrent"
GSE70156,0.003833713364973565,-0.09630447195799628,refer
GSE35510,0.0038333883378301186,-0.0964267906819318,composed
GSE99701,0.0038333788838376655,-0.09643034869475114,composed
GSE40463,0.003833275026467802,-0.0964694360239104,landscape
GSE69545,0.0038330764335892573,-0.09654418056506243,landscape
GSE33343,0.0038328754674716377,-0.09661982226620668,landscape
GSE71508,0.0038328266829207123,-0.09663818489713392,landscape
GSE77449,0.0038327730767030504,-0.09665836268538486,"individual,landscape"
GSE98003,0.003832714414174034,-0.09668044403110486,landscape
GSE96819,0.0038326499120999473,-0.09670472384833309,composed
GSE109418,0.003832545687072331,-0.09674395701036848,landscape
GSE42237,0.0038325382157038267,-0.09674676947959296,landscape
GSE58724,0.003832391302266588,-0.09680207365085061,listed
GSE60749,0.003832367477300115,-0.09681104253349102,landscape
GSE63048,0.0038323644962305497,-0.0968121647578018,landscape
GSE42629,0.00383234383622619,-0.09681994224509602,composed
GSE93796,0.0038323106444870473,-0.09683243740911951,landscape
GSE85152,0.003832141656490622,-0.09689605529983832,landscape
GSE63340,0.003832134891790729,-0.09689860202396222,landscape
GSE65072,0.003832132916579564,-0.09689934563768353,landscape
GSE85154,0.003832128538172805,-0.09690099399108461,landscape
GSE82210,0.003831835650588837,-0.09701126263397662,landscape
GSE101905,0.003831804075328946,-0.09702315084179675,landscape
GSE54651,0.00383169901125814,-0.097062708577267,landscape
GSE65315,0.003831683067162295,-0.0970687117930198,landscape
GSE75000,0.0038316277397182964,-0.09708954368437721,landscape
GSE90962,0.0038315072850449603,-0.09713489832300133,landscape
GSE61636,0.00383136159154247,-0.09718975800987405,composed
GSE39978,0.003831309183042552,-0.09720949250849938,landscape
GSE86144,0.0038313058350065926,-0.09721075322559493,landscape
GSE61613,0.0038312608690349303,-0.09722768545909628,landscape
GSE43110,0.003831235414585237,-0.09723727058827157,landscape
GSE79087,0.0038311418588231026,-0.09727250049911207,landscape
GSE71744,0.0038311389933335764,-0.09727357955836591,landscape
GSE79410,0.0038310144002266827,-0.09732049844610606,composed
GSE65713,0.003830953858405444,-0.09734329764921433,landscape
GSE90822,0.00383087102344105,-0.09737449272197864,individual
GSE79028,0.0038307216197075245,-0.09743075883674464,landscape
GSE80346,0.0038306603792038073,-0.09745382291866327,landscape
GSE59698,0.003830497635372068,-0.09751511645120095,landscape
GSE69221,0.0038304517361186065,-0.09753240376694705,landscape
GSE89520,0.0038304328385572553,-0.0975395213309255,landscape
GSE106423,0.0038303894780259487,-0.09755585274311651,landscape
GSE29446,0.0038302940082296896,-0.09759181136270241,individual
GSE73729,0.0038302365905390386,-0.09761343811988188,recurrent
GSE80206,0.0038301685492281913,-0.09763906675438533,landscape
GSE32110,0.003830040021842565,-0.09768747948888434,landscape
GSE37338,0.0038300384660822947,-0.09768806551098062,landscape
GSE78140,0.003830005537510169,-0.09770046906576112,individual
GSE36103,0.0038299844186319826,-0.09770842419390176,landscape
GSE77319,0.0038299539640288217,-0.09771989601071221,recurrent
GSE28532,0.003829863357971293,-0.09775402656615037,"individual,landscape"
GSE85648,0.003829852431051014,-0.09775814270156133,landscape
GSE81494,0.0038298365489843993,-0.09776412544545712,landscape
GSE93431,0.0038297998255886526,-0.0977779591728921,landscape
GSE57575,0.0038297424862276577,-0.0977995592133095,landscape
GSE94246,0.0038297179340772004,-0.0978088082370694,landscape
GSE47540,0.003829680457401211,-0.0978229261643101,individual
GSE38983,0.0038295641258233554,-0.09786675058815777,recurrent
GSE96539,0.0038293680452916676,-0.09794062104540223,landscape
GSE82144,0.0038292952952853976,-0.09796802950262415,contact
GSE63467,0.003829174524747977,-0.09801353077364339,landscape
GSE78209,0.0038291525934998384,-0.09802179370168017,landscape
GSE48083,0.0038289632870908514,-0.09809311970973952,landscape
GSE70930,0.003828898681371683,-0.09811746236596496,individual
GSE72737,0.0038288855073849836,-0.09812242621577097,recurrent
GSE58242,0.0038288185343139246,-0.09814766138207306,landscape
GSE68884,0.0038288184680822044,-0.09814768633811995,individual
GSE40594,0.003828781362893651,-0.0981616676044956,landscape
GSE80588,0.003828596273692362,-0.09823141139552882,landscape
GSE85772,0.003828453012380442,-0.09828539626007926,landscape
GSE44945,0.0038284403436344154,-0.09829017029472141,landscape
GSE92967,0.003828427831275534,-0.09829488541262499,recurrent
GSE41246,0.0038283650170365517,-0.09831855636543106,"individual,landscape"
GSE106085,0.0038281465453985234,-0.09840088836382838,dispersal
GSE87623,0.0038279206084168207,-0.09848603865224725,recurrent
GSE97032,0.003827898217640785,-0.09849447747826504,individual
GSE63813,0.0038278848534040195,-0.0984995143289511,series
GSE94581,0.0038276335286415845,-0.09859423945936109,landscape
GSE53018,0.003827563549247435,-0.09862061603043555,"individual,series"
GSE46716,0.0038274381527334854,-0.09866788157938738,landscape
GSE62050,0.003827353509351911,-0.09869978697727083,individual
GSE95762,0.0038273099646399743,-0.09871620095554219,landscape
GSE88814,0.0038272533959078396,-0.09873752455702738,individual
GSE89270,0.0038271438037729174,-0.09877883624375039,landscape
GSE92272,0.00382707620852128,-0.0988043174382211,landscape
GSE97870,0.0038269531244945645,-0.09885071723818115,contact
GSE74176,0.00382675092689292,-0.09892694424546591,recurrent
GSE71387,0.0038267500960340295,-0.09892725748146004,recurrent
GSE46980,0.0038266935315680517,-0.09894858259431889,individual
GSE73467,0.0038266755519220257,-0.0989553610851705,individual
GSE97762,0.0038266587034683918,-0.09896171313505972,landscape
GSE64156,0.003826606043410939,-0.09898156672859233,individual
GSE92650,0.003826559735422348,-0.09899902572724091,individual
GSE65160,0.0038265235347148385,-0.09901267423447846,individual
GSE77115,0.0038264958167564763,-0.0990231246356172,contact
GSE94383,0.003826486031822384,-0.09902681383184668,individual
GSE85385,0.003826458099440168,-0.09903734517994299,recurrent
GSE60367,0.003826423288417818,-0.0990504700898344,contact
GSE90921,0.0038264145687304475,-0.09905375771985152,recurrent
GSE94813,0.0038263679366751803,-0.09907133977836002,individual
GSE80280,0.003826184796721272,-0.0991403925800974,individual
GSE45719,0.003826172639819743,-0.09914497644897567,individual
GSE104163,0.0038261684922572484,-0.09914654032798706,contact
GSE63180,0.003826167133697113,-0.09914705258674467,individual
GSE105035,0.0038260871091770313,-0.09917722695748853,recurrent
GSE73743,0.003825860119386795,-0.09926282008431513,series
GSE37150,0.0038257853019367225,-0.09929103330075453,individual
GSE72343,0.003825752619624305,-0.09930335777997261,individual
GSE70815,0.0038256572159086656,-0.09933933506269589,individual
GSE74720,0.0038256321219684087,-0.09934879827904186,individual
GSE99307,0.003825595928965721,-0.09936244719007818,recurrent
GSE48968,0.0038255766113366126,-0.09936973220360248,individual
GSE36799,0.0038255091199257594,-0.09939518467588232,individual
GSE75210,0.0038254444432772056,-0.09941957606170417,series
GSE87504,0.0038254434598667337,-0.09941994693667422,individual
GSE105054,0.0038252400384563064,-0.0994966655880646,"individual,series"
GSE107632,0.003825094163718997,-0.09955168351396729,individual
GSE67516,0.003825076700606497,-0.09955827001935356,contact
GSE86204,0.0038250431333826463,-0.09957093054453148,individual
GSE75901,0.003824987223747078,-0.09959201818737948,individual
GSE96105,0.0038249803970450157,-0.0995945930608167,individual
GSE92707,0.003824972545557472,-0.09959755446521439,individual
GSE75909,0.0038248653218935277,-0.09963799742647146,individual
GSE79510,0.0038246814682552006,-0.0997073465629868,individual
GSE101487,0.003824609815692453,-0.09973437463476716,individual
GSE94821,0.003824396062273237,-0.09981500759619417,individual
GSE96607,0.0038242830520597475,-0.09985763960419065,series
GSE102159,0.0038242178771537255,-0.0998822267787445,individual
GSE102161,0.003824212931080193,-0.09988409269763326,individual
GSE106273,0.003824168906784269,-0.09990070108219239,individual
GSE63137,0.0038241034801684438,-0.09992538395158292,individual
GSE59831,0.003823999107826286,-0.09996476037435288,individual
GSE96104,0.0038239655038307986,-0.09997743834034926,individual
GSE80268,0.003823949333064334,-0.09998353921492312,individual
GSE69699,0.0038238332021380264,-0.10002735361752135,individual
GSE87119,0.003823794423513302,-0.10004198448929545,individual
GSE88779,0.0038237806321268697,-0.10004718790728562,series
GSE65487,0.0038236818833743843,-0.10008444584355491,individual
GSE77703,0.0038236079388115044,-0.1001123457810887,individual
GSE67355,0.003823477911385619,-0.10016140758742843,individual
GSE109847,0.0038234744527224367,-0.10016271262922366,series
GSE90752,0.003823451300163671,-0.10017144871030903,individual
GSE65498,0.00382336507004733,-0.100203986110242,individual
GSE61470,0.0038233141758499518,-0.10022319047433463,individual
GSE47033,0.003823290475375465,-0.10023213367424308,series
GSE100607,0.003823280006426011,-0.10023608407305173,individual
GSE50776,0.0038232597238093725,-0.10024373763439402,series
GSE89405,0.0038231815664879895,-0.10027323035543682,individual
GSE41090,0.0038231396568447623,-0.10028904523757003,individual
GSE67310,0.0038231258319649276,-0.10029426218579335,individual
GSE75386,0.003823108469620062,-0.10030081405638686,individual
GSE123021,0.003823082143705749,-0.10031074848463942,individual
GSE50932,0.0038230332999212684,-0.10032918050706148,series
GSE22182,0.0038230202090172526,-0.10033412061957366,individual
GSE108108,0.003823003787387259,-0.10034031767157524,individual
GSE33252,0.0038229871163187987,-0.10034660888172621,individual
GSE83474,0.0038228943934158783,-0.1003816004970308,individual
GSE52801,0.0038228614208649027,-0.1003940438281896,individual
GSE66040,0.0038228471243038466,-0.10039943916273986,individual
GSE77105,0.0038228416064715826,-0.10040152152563063,individual
GSE75775,0.0038228281860232492,-0.100406586252406,individual
GSE77893,0.003822813140056942,-0.10041226445258593,series
GSE60659,0.0038227865953636203,-0.100422282214107,individual
GSE82294,0.0038227713285659856,-0.10042804381671525,individual
GSE52974,0.003822746695910971,-0.10043734008915088,series
GSE80036,0.00382273610821079,-0.10044133586624882,individual
GSE67572,0.003822723542414712,-0.10044607818718554,individual
GSE74138,0.003822720993824544,-0.10044704002488643,series
GSE86338,0.003822710372928616,-0.10045104835696077,series
GSE32190,0.003822663853471261,-0.1004686049574472,individual
GSE38841,0.0038226564696790537,-0.100471391645238,individual
GSE47496,0.0038226543236618295,-0.10047220156611401,individual
GSE38842,0.0038226534336400905,-0.10047253746624774,individual
GSE84050,0.0038226408761521543,-0.10047727675419071,individual
GSE70721,0.003822610968848283,-0.10048856405246583,individual
GSE65970,0.003822597311978745,-0.10049371831307802,individual
GSE85422,0.0038225955305417193,-0.10049439064938542,individual
GSE76458,0.0038225931032138806,-0.10049530675335704,individual
GSE78151,0.003822591719218069,-0.10049582909099572,individual
GSE40918,0.0038225884641213425,-0.10049705760668605,series
GSE47835,0.0038225861073670113,-0.10049794707696666,individual
GSE64459,0.003822574422574441,-0.10050235708045288,individual
GSE53459,0.0038225514747792138,-0.10051101793727027,individual
GSE68981,0.003822541626017482,-0.10051473502992624,individual
GSE100406,0.00382253075421356,-0.10051883824748227,individual
GSE77715,0.00382250955537509,-0.10052683911023627,individual
GSE67071,0.0038224659015540187,-0.10054331506925834,individual
GSE94054,0.0038224642175514485,-0.10054395065444206,individual
GSE64568,0.0038224449875401026,-0.10055120856719427,series
GSE98140,0.0038224202284397792,-0.10056055335751933,individual
GSE79363,0.0038223793378830565,-0.10057598675191827,individual
GSE95826,0.003822360833140629,-0.1005829710835074,individual
GSE47885,0.0038223578676743787,-0.10058409035646441,individual
GSE77472,0.003822350039492511,-0.10058704499627458,individual
GSE103194,0.0038223485300328307,-0.10058761472181058,series
GSE44366,0.0038223409631885016,-0.10059047073023278,series
GSE102317,0.003822303187124112,-0.10060472890620206,individual
GSE43410,0.0038222817397848886,-0.10061282404027001,individual
GSE43717,0.0038222381243347694,-0.1006292864982692,individual
GSE93043,0.003822230766371505,-0.1006320637473534,series
GSE43721,0.003822230155084079,-0.1006322944768573,individual
GSE106072,0.0038222015688338783,-0.10064308435448113,individual
GSE38596,0.003822198776841516,-0.10064413819607823,series
GSE61095,0.0038221812446832234,-0.100650755752441,individual
GSE81222,0.003822152476426406,-0.10066161446765684,individual
GSE92333,0.003822150977738303,-0.10066218015684131,series
GSE74149,0.0038220923951104756,-0.10068429270939318,series
GSE54226,0.003822083940196233,-0.10068748412265058,series
GSE103956,0.0038220784986517566,-0.1006895381054886,individual
GSE97955,0.0038220513818301807,-0.10069977375156583,individual
GSE62266,0.003822050396966755,-0.10070014550422467,individual
GSE65031,0.0038220457078994474,-0.10070191546997552,individual
GSE61102,0.003822040106316532,-0.10070402988263125,series
GSE85931,0.0038220238228595495,-0.10071017636776142,series
GSE93380,0.0038219692985153255,-0.10073075775755913,series
GSE56893,0.0038219252134840407,-0.10074739881818942,series
GSE55009,0.0038219004525208,-0.1007567455826071,individual
GSE62715,0.003821850259593553,-0.10077569258649427,series
GSE87453,0.0038218269206363753,-0.10078450274343484,individual
GSE93381,0.003821823774644747,-0.10078569031903223,series
GSE93379,0.00382182167285844,-0.10078648371969516,series
GSE56762,0.0038218170876451406,-0.10078821458759603,series
GSE77693,0.0038217659462003247,-0.10080752006475092,individual
GSE87366,0.0038217063150163093,-0.10083003067524926,series
GSE80446,0.0038216953816421102,-0.10083415803250789,individual
GSE63756,0.003821675726776289,-0.10084157778932663,individual
GSE68470,0.003821657909583171,-0.10084830385347007,series
GSE81091,0.003820626528913534,-0.10123770778062355,
GSE83978,0.003820626528913534,-0.10123770778062355,
GSE74660,0.003820626528913534,-0.10123770778062355,
GSE74148,0.003820626528913534,-0.10123770778062355,
GSE83964,0.003820626528913534,-0.10123770778062355,
GSE81095,0.003820626528913534,-0.10123770778062355,
GSE81079,0.003820626528913534,-0.10123770778062355,
GSE83963,0.003820626528913534,-0.10123770778062355,
GSE81103,0.003820626528913534,-0.10123770778062355,
GSE81115,0.003820626528913534,-0.10123770778062355,
GSE81117,0.003820626528913534,-0.10123770778062355,
GSE81125,0.003820626528913534,-0.10123770778062355,
GSE83961,0.003820626528913534,-0.10123770778062355,
GSE81097,0.003820626528913534,-0.10123770778062355,
GSE74682,0.003820626528913534,-0.10123770778062355,
GSE74679,0.003820626528913534,-0.10123770778062355,
GSE84112,0.003820626528913534,-0.10123770778062355,
GSE80972,0.003820626528913534,-0.10123770778062355,
GSE84078,0.003820626528913534,-0.10123770778062355,
GSE84063,0.003820626528913534,-0.10123770778062355,
GSE80976,0.003820626528913534,-0.10123770778062355,
GSE84037,0.003820626528913534,-0.10123770778062355,
GSE81044,0.003820626528913534,-0.10123770778062355,
GSE84055,0.003820626528913534,-0.10123770778062355,
GSE74672,0.003820626528913534,-0.10123770778062355,
GSE74650,0.003820626528913534,-0.10123770778062355,
GSE83993,0.003820626528913534,-0.10123770778062355,
GSE81055,0.003820626528913534,-0.10123770778062355,
GSE81066,0.003820626528913534,-0.10123770778062355,
GSE83991,0.003820626528913534,-0.10123770778062355,
GSE84061,0.003820626528913534,-0.10123770778062355,
GSE74630,0.003820626528913534,-0.10123770778062355,
GSE83855,0.003820626528913534,-0.10123770778062355,
GSE83848,0.003820626528913534,-0.10123770778062355,
GSE83841,0.003820626528913534,-0.10123770778062355,
GSE83823,0.003820626528913534,-0.10123770778062355,
GSE81230,0.003820626528913534,-0.10123770778062355,
GSE83809,0.003820626528913534,-0.10123770778062355,
GSE83796,0.003820626528913534,-0.10123770778062355,
GSE83795,0.003820626528913534,-0.10123770778062355,
GSE81140,0.003820626528913534,-0.10123770778062355,
GSE74170,0.003820626528913534,-0.10123770778062355,
GSE83755,0.003820626528913534,-0.10123770778062355,
GSE81237,0.003820626528913534,-0.10123770778062355,
GSE74594,0.003820626528913534,-0.10123770778062355,
GSE83736,0.003820626528913534,-0.10123770778062355,
GSE74583,0.003820626528913534,-0.10123770778062355,
GSE83734,0.003820626528913534,-0.10123770778062355,
GSE83720,0.003820626528913534,-0.10123770778062355,
GSE83684,0.003820626528913534,-0.10123770778062355,
GSE83636,0.003820626528913534,-0.10123770778062355,
GSE83762,0.003820626528913534,-0.10123770778062355,
GSE74647,0.003820626528913534,-0.10123770778062355,
GSE83948,0.003820626528913534,-0.10123770778062355,
GSE80964,0.003820626528913534,-0.10123770778062355,
GSE83940,0.003820626528913534,-0.10123770778062355,
GSE83931,0.003820626528913534,-0.10123770778062355,
GSE74643,0.003820626528913534,-0.10123770778062355,
GSE83885,0.003820626528913534,-0.10123770778062355,
GSE74155,0.003820626528913534,-0.10123770778062355,
GSE83876,0.003820626528913534,-0.10123770778062355,
GSE74161,0.003820626528913534,-0.10123770778062355,
GSE83873,0.003820626528913534,-0.10123770778062355,
GSE83868,0.003820626528913534,-0.10123770778062355,
GSE81181,0.003820626528913534,-0.10123770778062355,
GSE81191,0.003820626528913534,-0.10123770778062355,
GSE81193,0.003820626528913534,-0.10123770778062355,
GSE74157,0.003820626528913534,-0.10123770778062355,
GSE81206,0.003820626528913534,-0.10123770778062355,
GSE81212,0.003820626528913534,-0.10123770778062355,
GSE83867,0.003820626528913534,-0.10123770778062355,
GSE83865,0.003820626528913534,-0.10123770778062355,
GSE81149,0.003820626528913534,-0.10123770778062355,
GSE80375,0.003820626528913534,-0.10123770778062355,
GSE80378,0.003820626528913534,-0.10123770778062355,
GSE80425,0.003820626528913534,-0.10123770778062355,
GSE80433,0.003820626528913534,-0.10123770778062355,
GSE84378,0.003820626528913534,-0.10123770778062355,
GSE84377,0.003820626528913534,-0.10123770778062355,
GSE74724,0.003820626528913534,-0.10123770778062355,
GSE84374,0.003820626528913534,-0.10123770778062355,
GSE74178,0.003820626528913534,-0.10123770778062355,
GSE84370,0.003820626528913534,-0.10123770778062355,
GSE84357,0.003820626528913534,-0.10123770778062355,
GSE84341,0.003820626528913534,-0.10123770778062355,
GSE84329,0.003820626528913534,-0.10123770778062355,
GSE84308,0.003820626528913534,-0.10123770778062355,
GSE80465,0.003820626528913534,-0.10123770778062355,
GSE74094,0.003820626528913534,-0.10123770778062355,
GSE80473,0.003820626528913534,-0.10123770778062355,
GSE84302,0.003820626528913534,-0.10123770778062355,
GSE80444,0.003820626528913534,-0.10123770778062355,
GSE80222,0.003820626528913534,-0.10123770778062355,
GSE80232,0.003820626528913534,-0.10123770778062355,
GSE84458,0.003820626528913534,-0.10123770778062355,
GSE80262,0.003820626528913534,-0.10123770778062355,
GSE84450,0.003820626528913534,-0.10123770778062355,
GSE84448,0.003820626528913534,-0.10123770778062355,
GSE74052,0.003820626528913534,-0.10123770778062355,
GSE80288,0.003820626528913534,-0.10123770778062355,
GSE80304,0.003820626528913534,-0.10123770778062355,
GSE80354,0.003820626528913534,-0.10123770778062355,
GSE84410,0.003820626528913534,-0.10123770778062355,
GSE80326,0.003820626528913534,-0.10123770778062355,
GSE84386,0.003820626528913534,-0.10123770778062355,
GSE80353,0.003820626528913534,-0.10123770778062355,
GSE74750,0.003820626528913534,-0.10123770778062355,
GSE74065,0.003820626528913534,-0.10123770778062355,
GSE74747,0.003820626528913534,-0.10123770778062355,
GSE74746,0.003820626528913534,-0.10123770778062355,
GSE84379,0.003820626528913534,-0.10123770778062355,
GSE80312,0.003820626528913534,-0.10123770778062355,
GSE84160,0.003820626528913534,-0.10123770778062355,
GSE80682,0.003820626528913534,-0.10123770778062355,
GSE80707,0.003820626528913534,-0.10123770778062355,
GSE80708,0.003820626528913534,-0.10123770778062355,
GSE80745,0.003820626528913534,-0.10123770778062355,
GSE80776,0.003820626528913534,-0.10123770778062355,
GSE84158,0.003820626528913534,-0.10123770778062355,
GSE74683,0.003820626528913534,-0.10123770778062355,
GSE80503,0.003820626528913534,-0.10123770778062355,
GSE80804,0.003820626528913534,-0.10123770778062355,
GSE84145,0.003820626528913534,-0.10123770778062355,
GSE80810,0.003820626528913534,-0.10123770778062355,
GSE80812,0.003820626528913534,-0.10123770778062355,
GSE84139,0.003820626528913534,-0.10123770778062355,
GSE84138,0.003820626528913534,-0.10123770778062355,
GSE84137,0.003820626528913534,-0.10123770778062355,
GSE80958,0.003820626528913534,-0.10123770778062355,
GSE84125,0.003820626528913534,-0.10123770778062355,
GSE74131,0.003820626528913534,-0.10123770778062355,
GSE84299,0.003820626528913534,-0.10123770778062355,
GSE80550,0.003820626528913534,-0.10123770778062355,
GSE84271,0.003820626528913534,-0.10123770778062355,
GSE80561,0.003820626528913534,-0.10123770778062355,
GSE74111,0.003820626528913534,-0.10123770778062355,
GSE74113,0.003820626528913534,-0.10123770778062355,
GSE80587,0.003820626528913534,-0.10123770778062355,
GSE84257,0.003820626528913534,-0.10123770778062355,
GSE80597,0.003820626528913534,-0.10123770778062355,
GSE74690,0.003820626528913534,-0.10123770778062355,
GSE80636,0.003820626528913534,-0.10123770778062355,
GSE84256,0.003820626528913534,-0.10123770778062355,
GSE80664,0.003820626528913534,-0.10123770778062355,
GSE84252,0.003820626528913534,-0.10123770778062355,
GSE80669,0.003820626528913534,-0.10123770778062355,
GSE80671,0.003820626528913534,-0.10123770778062355,
GSE84208,0.003820626528913534,-0.10123770778062355,
GSE84175,0.003820626528913534,-0.10123770778062355,
GSE84164,0.003820626528913534,-0.10123770778062355,
GSE80623,0.003820626528913534,-0.10123770778062355,
GSE81842,0.003820626528913534,-0.10123770778062355,
GSE83217,0.003820626528913534,-0.10123770778062355,
GSE74490,0.003820626528913534,-0.10123770778062355,
GSE81849,0.003820626528913534,-0.10123770778062355,
GSE81875,0.003820626528913534,-0.10123770778062355,
GSE83204,0.003820626528913534,-0.10123770778062355,
GSE81882,0.003820626528913534,-0.10123770778062355,
GSE83153,0.003820626528913534,-0.10123770778062355,
GSE81282,0.003820626528913534,-0.10123770778062355,
GSE74467,0.003820626528913534,-0.10123770778062355,
GSE81889,0.003820626528913534,-0.10123770778062355,
GSE83145,0.003820626528913534,-0.10123770778062355,
GSE81902,0.003820626528913534,-0.10123770778062355,
GSE81903,0.003820626528913534,-0.10123770778062355,
GSE83144,0.003820626528913534,-0.10123770778062355,
GSE83134,0.003820626528913534,-0.10123770778062355,
GSE81904,0.003820626528913534,-0.10123770778062355,
GSE83127,0.003820626528913534,-0.10123770778062355,
GSE81885,0.003820626528913534,-0.10123770778062355,
GSE83251,0.003820626528913534,-0.10123770778062355,
GSE74506,0.003820626528913534,-0.10123770778062355,
GSE81716,0.003820626528913534,-0.10123770778062355,
GSE81724,0.003820626528913534,-0.10123770778062355,
GSE81741,0.003820626528913534,-0.10123770778062355,
GSE81783,0.003820626528913534,-0.10123770778062355,
GSE74290,0.003820626528913534,-0.10123770778062355,
GSE74315,0.003820626528913534,-0.10123770778062355,
GSE83218,0.003820626528913534,-0.10123770778062355,
GSE81803,0.003820626528913534,-0.10123770778062355,
GSE83243,0.003820626528913534,-0.10123770778062355,
GSE83240,0.003820626528913534,-0.10123770778062355,
GSE81830,0.003820626528913534,-0.10123770778062355,
GSE83229,0.003820626528913534,-0.10123770778062355,
GSE83226,0.003820626528913534,-0.10123770778062355,
GSE74344,0.003820626528913534,-0.10123770778062355,
GSE83222,0.003820626528913534,-0.10123770778062355,
GSE81836,0.003820626528913534,-0.10123770778062355,
GSE81789,0.003820626528913534,-0.10123770778062355,
GSE82008,0.003820626528913534,-0.10123770778062355,
GSE74423,0.003820626528913534,-0.10123770778062355,
GSE74381,0.003820626528913534,-0.10123770778062355,
GSE82187,0.003820626528913534,-0.10123770778062355,
GSE82185,0.003820626528913534,-0.10123770778062355,
GSE82031,0.003820626528913534,-0.10123770778062355,
GSE82043,0.003820626528913534,-0.10123770778062355,
GSE82180,0.003820626528913534,-0.10123770778062355,
GSE81925,0.003820626528913534,-0.10123770778062355,
GSE82174,0.003820626528913534,-0.10123770778062355,
GSE82072,0.003820626528913534,-0.10123770778062355,
GSE82164,0.003820626528913534,-0.10123770778062355,
GSE82158,0.003820626528913534,-0.10123770778062355,
GSE82073,0.003820626528913534,-0.10123770778062355,
GSE74406,0.003820626528913534,-0.10123770778062355,
GSE82157,0.003820626528913534,-0.10123770778062355,
GSE82076,0.003820626528913534,-0.10123770778062355,
GSE82099,0.003820626528913534,-0.10123770778062355,
GSE82068,0.003820626528913534,-0.10123770778062355,
GSE74366,0.003820626528913534,-0.10123770778062355,
GSE74371,0.003820626528913534,-0.10123770778062355,
GSE81940,0.003820626528913534,-0.10123770778062355,
GSE83114,0.003820626528913534,-0.10123770778062355,
GSE83099,0.003820626528913534,-0.10123770778062355,
GSE83084,0.003820626528913534,-0.10123770778062355,
GSE74456,0.003820626528913534,-0.10123770778062355,
GSE81990,0.003820626528913534,-0.10123770778062355,
GSE81999,0.003820626528913534,-0.10123770778062355,
GSE82192,0.003820626528913534,-0.10123770778062355,
GSE82300,0.003820626528913534,-0.10123770778062355,
GSE82282,0.003820626528913534,-0.10123770778062355,
GSE82275,0.003820626528913534,-0.10123770778062355,
GSE82255,0.003820626528913534,-0.10123770778062355,
GSE82002,0.003820626528913534,-0.10123770778062355,
GSE82230,0.003820626528913534,-0.10123770778062355,
GSE74429,0.003820626528913534,-0.10123770778062355,
GSE82005,0.003820626528913534,-0.10123770778062355,
GSE82229,0.003820626528913534,-0.10123770778062355,
GSE82000,0.003820626528913534,-0.10123770778062355,
GSE74558,0.003820626528913534,-0.10123770778062355,
GSE74552,0.003820626528913534,-0.10123770778062355,
GSE83467,0.003820626528913534,-0.10123770778062355,
GSE83465,0.003820626528913534,-0.10123770778062355,
GSE81329,0.003820626528913534,-0.10123770778062355,
GSE81357,0.003820626528913534,-0.10123770778062355,
GSE81367,0.003820626528913534,-0.10123770778062355,
GSE74549,0.003820626528913534,-0.10123770778062355,
GSE81686,0.003820626528913534,-0.10123770778062355,
GSE83436,0.003820626528913534,-0.10123770778062355,
GSE74254,0.003820626528913534,-0.10123770778062355,
GSE81385,0.003820626528913534,-0.10123770778062355,
GSE81390,0.003820626528913534,-0.10123770778062355,
GSE81411,0.003820626528913534,-0.10123770778062355,
GSE74547,0.003820626528913534,-0.10123770778062355,
GSE74537,0.003820626528913534,-0.10123770778062355,
GSE74274,0.003820626528913534,-0.10123770778062355,
GSE83405,0.003820626528913534,-0.10123770778062355,
GSE81384,0.003820626528913534,-0.10123770778062355,
GSE83624,0.003820626528913534,-0.10123770778062355,
GSE74570,0.003820626528913534,-0.10123770778062355,
GSE83567,0.003820626528913534,-0.10123770778062355,
GSE81257,0.003820626528913534,-0.10123770778062355,
GSE81275,0.003820626528913534,-0.10123770778062355,
GSE74189,0.003820626528913534,-0.10123770778062355,
GSE81283,0.003820626528913534,-0.10123770778062355,
GSE83555,0.003820626528913534,-0.10123770778062355,
GSE74215,0.003820626528913534,-0.10123770778062355,
GSE83550,0.003820626528913534,-0.10123770778062355,
GSE83541,0.003820626528913534,-0.10123770778062355,
GSE83529,0.003820626528913534,-0.10123770778062355,
GSE83506,0.003820626528913534,-0.10123770778062355,
GSE81285,0.003820626528913534,-0.10123770778062355,
GSE81286,0.003820626528913534,-0.10123770778062355,
GSE83483,0.003820626528913534,-0.10123770778062355,
GSE81311,0.003820626528913534,-0.10123770778062355,
GSE83471,0.003820626528913534,-0.10123770778062355,
GSE83552,0.003820626528913534,-0.10123770778062355,
GSE81505,0.003820626528913534,-0.10123770778062355,
GSE81530,0.003820626528913534,-0.10123770778062355,
GSE74518,0.003820626528913534,-0.10123770778062355,
GSE81555,0.003820626528913534,-0.10123770778062355,
GSE83315,0.003820626528913534,-0.10123770778062355,
GSE83311,0.003820626528913534,-0.10123770778062355,
GSE74517,0.003820626528913534,-0.10123770778062355,
GSE81559,0.003820626528913534,-0.10123770778062355,
GSE74534,0.003820626528913534,-0.10123770778062355,
GSE81576,0.003820626528913534,-0.10123770778062355,
GSE81587,0.003820626528913534,-0.10123770778062355,
GSE81670,0.003820626528913534,-0.10123770778062355,
GSE83298,0.003820626528913534,-0.10123770778062355,
GSE83295,0.003820626528913534,-0.10123770778062355,
GSE83265,0.003820626528913534,-0.10123770778062355,
GSE83264,0.003820626528913534,-0.10123770778062355,
GSE81672,0.003820626528913534,-0.10123770778062355,
GSE83253,0.003820626528913534,-0.10123770778062355,
GSE81575,0.003820626528913534,-0.10123770778062355,
GSE81424,0.003820626528913534,-0.10123770778062355,
GSE81432,0.003820626528913534,-0.10123770778062355,
GSE81441,0.003820626528913534,-0.10123770778062355,
GSE83394,0.003820626528913534,-0.10123770778062355,
GSE83373,0.003820626528913534,-0.10123770778062355,
GSE83368,0.003820626528913534,-0.10123770778062355,
GSE74528,0.003820626528913534,-0.10123770778062355,
GSE81466,0.003820626528913534,-0.10123770778062355,
GSE81467,0.003820626528913534,-0.10123770778062355,
GSE74283,0.003820626528913534,-0.10123770778062355,
GSE74278,0.003820626528913534,-0.10123770778062355,
GSE81476,0.003820626528913534,-0.10123770778062355,
GSE81489,0.003820626528913534,-0.10123770778062355,
GSE81492,0.003820626528913534,-0.10123770778062355,
GSE83356,0.003820626528913534,-0.10123770778062355,
GSE83351,0.003820626528913534,-0.10123770778062355,
GSE83350,0.003820626528913534,-0.10123770778062355,
GSE83340,0.003820626528913534,-0.10123770778062355,
GSE83338,0.003820626528913534,-0.10123770778062355,
GSE81470,0.003820626528913534,-0.10123770778062355,
GSE76853,0.003820626528913534,-0.10123770778062355,
GSE76857,0.003820626528913534,-0.10123770778062355,
GSE76864,0.003820626528913534,-0.10123770778062355,
GSE76865,0.003820626528913534,-0.10123770778062355,
GSE76868,0.003820626528913534,-0.10123770778062355,
GSE76909,0.003820626528913534,-0.10123770778062355,
GSE76926,0.003820626528913534,-0.10123770778062355,
GSE76929,0.003820626528913534,-0.10123770778062355,
GSE76932,0.003820626528913534,-0.10123770778062355,
GSE76983,0.003820626528913534,-0.10123770778062355,
GSE76988,0.003820626528913534,-0.10123770778062355,
GSE76992,0.003820626528913534,-0.10123770778062355,
GSE84480,0.003820626528913534,-0.10123770778062355,
GSE77007,0.003820626528913534,-0.10123770778062355,
GSE77010,0.003820626528913534,-0.10123770778062355,
GSE77029,0.003820626528913534,-0.10123770778062355,
GSE77051,0.003820626528913534,-0.10123770778062355,
GSE77067,0.003820626528913534,-0.10123770778062355,
GSE77076,0.003820626528913534,-0.10123770778062355,
GSE77081,0.003820626528913534,-0.10123770778062355,
GSE77083,0.003820626528913534,-0.10123770778062355,
GSE75357,0.003820626528913534,-0.10123770778062355,
GSE77113,0.003820626528913534,-0.10123770778062355,
GSE75332,0.003820626528913534,-0.10123770778062355,
GSE77133,0.003820626528913534,-0.10123770778062355,
GSE77005,0.003820626528913534,-0.10123770778062355,
GSE76565,0.003820626528913534,-0.10123770778062355,
GSE76567,0.003820626528913534,-0.10123770778062355,
GSE76587,0.003820626528913534,-0.10123770778062355,
GSE76602,0.003820626528913534,-0.10123770778062355,
GSE76606,0.003820626528913534,-0.10123770778062355,
GSE75417,0.003820626528913534,-0.10123770778062355,
GSE76609,0.003820626528913534,-0.10123770778062355,
GSE76619,0.003820626528913534,-0.10123770778062355,
GSE76634,0.003820626528913534,-0.10123770778062355,
GSE76678,0.003820626528913534,-0.10123770778062355,
GSE76687,0.003820626528913534,-0.10123770778062355,
GSE76711,0.003820626528913534,-0.10123770778062355,
GSE76840,0.003820626528913534,-0.10123770778062355,
GSE76724,0.003820626528913534,-0.10123770778062355,
GSE76733,0.003820626528913534,-0.10123770778062355,
GSE76748,0.003820626528913534,-0.10123770778062355,
GSE75413,0.003820626528913534,-0.10123770778062355,
GSE76749,0.003820626528913534,-0.10123770778062355,
GSE76752,0.003820626528913534,-0.10123770778062355,
GSE76755,0.003820626528913534,-0.10123770778062355,
GSE76771,0.003820626528913534,-0.10123770778062355,
GSE76772,0.003820626528913534,-0.10123770778062355,
GSE76779,0.003820626528913534,-0.10123770778062355,
GSE76824,0.003820626528913534,-0.10123770778062355,
GSE76837,0.003820626528913534,-0.10123770778062355,
GSE76838,0.003820626528913534,-0.10123770778062355,
GSE76722,0.003820626528913534,-0.10123770778062355,
GSE77456,0.003820626528913534,-0.10123770778062355,
GSE77458,0.003820626528913534,-0.10123770778062355,
GSE77471,0.003820626528913534,-0.10123770778062355,
GSE77476,0.003820626528913534,-0.10123770778062355,
GSE75229,0.003820626528913534,-0.10123770778062355,
GSE77494,0.003820626528913534,-0.10123770778062355,
GSE77514,0.003820626528913534,-0.10123770778062355,
GSE77534,0.003820626528913534,-0.10123770778062355,
GSE77541,0.003820626528913534,-0.10123770778062355,
GSE77547,0.003820626528913534,-0.10123770778062355,
GSE77550,0.003820626528913534,-0.10123770778062355,
GSE77569,0.003820626528913534,-0.10123770778062355,
GSE75330,0.003820626528913534,-0.10123770778062355,
GSE77623,0.003820626528913534,-0.10123770778062355,
GSE77625,0.003820626528913534,-0.10123770778062355,
GSE77636,0.003820626528913534,-0.10123770778062355,
GSE77645,0.003820626528913534,-0.10123770778062355,
GSE77646,0.003820626528913534,-0.10123770778062355,
GSE77647,0.003820626528913534,-0.10123770778062355,
GSE77652,0.003820626528913534,-0.10123770778062355,
GSE77656,0.003820626528913534,-0.10123770778062355,
GSE77681,0.003820626528913534,-0.10123770778062355,
GSE77695,0.003820626528913534,-0.10123770778062355,
GSE77705,0.003820626528913534,-0.10123770778062355,
GSE77717,0.003820626528913534,-0.10123770778062355,
GSE77588,0.003820626528913534,-0.10123770778062355,
GSE77172,0.003820626528913534,-0.10123770778062355,
GSE77185,0.003820626528913534,-0.10123770778062355,
GSE77188,0.003820626528913534,-0.10123770778062355,
GSE77195,0.003820626528913534,-0.10123770778062355,
GSE77197,0.003820626528913534,-0.10123770778062355,
GSE77214,0.003820626528913534,-0.10123770778062355,
GSE77243,0.003820626528913534,-0.10123770778062355,
GSE77256,0.003820626528913534,-0.10123770778062355,
GSE77262,0.003820626528913534,-0.10123770778062355,
GSE77303,0.003820626528913534,-0.10123770778062355,
GSE77304,0.003820626528913534,-0.10123770778062355,
GSE77323,0.003820626528913534,-0.10123770778062355,
GSE75242,0.003820626528913534,-0.10123770778062355,
GSE77351,0.003820626528913534,-0.10123770778062355,
GSE77357,0.003820626528913534,-0.10123770778062355,
GSE77374,0.003820626528913534,-0.10123770778062355,
GSE77375,0.003820626528913534,-0.10123770778062355,
GSE77390,0.003820626528913534,-0.10123770778062355,
GSE77410,0.003820626528913534,-0.10123770778062355,
GSE77420,0.003820626528913534,-0.10123770778062355,
GSE77441,0.003820626528913534,-0.10123770778062355,
GSE75318,0.003820626528913534,-0.10123770778062355,
GSE77453,0.003820626528913534,-0.10123770778062355,
GSE77454,0.003820626528913534,-0.10123770778062355,
GSE75300,0.003820626528913534,-0.10123770778062355,
GSE75246,0.003820626528913534,-0.10123770778062355,
GSE77324,0.003820626528913534,-0.10123770778062355,
GSE75858,0.003820626528913534,-0.10123770778062355,
GSE75615,0.003820626528913534,-0.10123770778062355,
GSE75878,0.003820626528913534,-0.10123770778062355,
GSE75889,0.003820626528913534,-0.10123770778062355,
GSE75896,0.003820626528913534,-0.10123770778062355,
GSE75599,0.003820626528913534,-0.10123770778062355,
GSE75925,0.003820626528913534,-0.10123770778062355,
GSE75936,0.003820626528913534,-0.10123770778062355,
GSE75596,0.003820626528913534,-0.10123770778062355,
GSE75944,0.003820626528913534,-0.10123770778062355,
GSE75589,0.003820626528913534,-0.10123770778062355,
GSE75580,0.003820626528913534,-0.10123770778062355,
GSE76552,0.003820626528913534,-0.10123770778062355,
GSE75951,0.003820626528913534,-0.10123770778062355,
GSE75957,0.003820626528913534,-0.10123770778062355,
GSE75966,0.003820626528913534,-0.10123770778062355,
GSE75576,0.003820626528913534,-0.10123770778062355,
GSE75984,0.003820626528913534,-0.10123770778062355,
GSE75993,0.003820626528913534,-0.10123770778062355,
GSE75549,0.003820626528913534,-0.10123770778062355,
GSE75995,0.003820626528913534,-0.10123770778062355,
GSE75997,0.003820626528913534,-0.10123770778062355,
GSE76005,0.003820626528913534,-0.10123770778062355,
GSE76010,0.003820626528913534,-0.10123770778062355,
GSE76017,0.003820626528913534,-0.10123770778062355,
GSE75579,0.003820626528913534,-0.10123770778062355,
GSE75706,0.003820626528913534,-0.10123770778062355,
GSE75714,0.003820626528913534,-0.10123770778062355,
GSE75715,0.003820626528913534,-0.10123770778062355,
GSE75735,0.003820626528913534,-0.10123770778062355,
GSE75737,0.003820626528913534,-0.10123770778062355,
GSE75738,0.003820626528913534,-0.10123770778062355,
GSE75751,0.003820626528913534,-0.10123770778062355,
GSE75760,0.003820626528913534,-0.10123770778062355,
GSE75691,0.003820626528913534,-0.10123770778062355,
GSE75761,0.003820626528913534,-0.10123770778062355,
GSE75762,0.003820626528913534,-0.10123770778062355,
GSE75668,0.003820626528913534,-0.10123770778062355,
GSE75854,0.003820626528913534,-0.10123770778062355,
GSE75667,0.003820626528913534,-0.10123770778062355,
GSE75648,0.003820626528913534,-0.10123770778062355,
GSE75778,0.003820626528913534,-0.10123770778062355,
GSE75787,0.003820626528913534,-0.10123770778062355,
GSE75639,0.003820626528913534,-0.10123770778062355,
GSE75631,0.003820626528913534,-0.10123770778062355,
GSE75804,0.003820626528913534,-0.10123770778062355,
GSE75809,0.003820626528913534,-0.10123770778062355,
GSE75816,0.003820626528913534,-0.10123770778062355,
GSE75826,0.003820626528913534,-0.10123770778062355,
GSE75832,0.003820626528913534,-0.10123770778062355,
GSE75616,0.003820626528913534,-0.10123770778062355,
GSE75851,0.003820626528913534,-0.10123770778062355,
GSE75767,0.003820626528913534,-0.10123770778062355,
GSE75477,0.003820626528913534,-0.10123770778062355,
GSE76253,0.003820626528913534,-0.10123770778062355,
GSE76254,0.003820626528913534,-0.10123770778062355,
GSE76261,0.003820626528913534,-0.10123770778062355,
GSE76279,0.003820626528913534,-0.10123770778062355,
GSE76288,0.003820626528913534,-0.10123770778062355,
GSE76291,0.003820626528913534,-0.10123770778062355,
GSE76294,0.003820626528913534,-0.10123770778062355,
GSE76303,0.003820626528913534,-0.10123770778062355,
GSE75470,0.003820626528913534,-0.10123770778062355,
GSE76309,0.003820626528913534,-0.10123770778062355,
GSE76315,0.003820626528913534,-0.10123770778062355,
GSE76026,0.003820626528913534,-0.10123770778062355,
GSE76317,0.003820626528913534,-0.10123770778062355,
GSE76356,0.003820626528913534,-0.10123770778062355,
GSE75453,0.003820626528913534,-0.10123770778062355,
GSE76359,0.003820626528913534,-0.10123770778062355,
GSE75431,0.003820626528913534,-0.10123770778062355,
GSE76408,0.003820626528913534,-0.10123770778062355,
GSE76410,0.003820626528913534,-0.10123770778062355,
GSE76419,0.003820626528913534,-0.10123770778062355,
GSE76466,0.003820626528913534,-0.10123770778062355,
GSE76482,0.003820626528913534,-0.10123770778062355,
GSE76498,0.003820626528913534,-0.10123770778062355,
GSE76504,0.003820626528913534,-0.10123770778062355,
GSE76505,0.003820626528913534,-0.10123770778062355,
GSE76316,0.003820626528913534,-0.10123770778062355,
GSE75544,0.003820626528913534,-0.10123770778062355,
GSE75522,0.003820626528913534,-0.10123770778062355,
GSE76069,0.003820626528913534,-0.10123770778062355,
GSE75510,0.003820626528913534,-0.10123770778062355,
GSE76093,0.003820626528913534,-0.10123770778062355,
GSE76095,0.003820626528913534,-0.10123770778062355,
GSE75484,0.003820626528913534,-0.10123770778062355,
GSE76097,0.003820626528913534,-0.10123770778062355,
GSE76102,0.003820626528913534,-0.10123770778062355,
GSE76123,0.003820626528913534,-0.10123770778062355,
GSE76130,0.003820626528913534,-0.10123770778062355,
GSE76132,0.003820626528913534,-0.10123770778062355,
GSE76245,0.003820626528913534,-0.10123770778062355,
GSE76138,0.003820626528913534,-0.10123770778062355,
GSE76140,0.003820626528913534,-0.10123770778062355,
GSE76143,0.003820626528913534,-0.10123770778062355,
GSE76157,0.003820626528913534,-0.10123770778062355,
GSE76183,0.003820626528913534,-0.10123770778062355,
GSE76186,0.003820626528913534,-0.10123770778062355,
GSE76190,0.003820626528913534,-0.10123770778062355,
GSE76198,0.003820626528913534,-0.10123770778062355,
GSE76205,0.003820626528913534,-0.10123770778062355,
GSE76215,0.003820626528913534,-0.10123770778062355,
GSE76217,0.003820626528913534,-0.10123770778062355,
GSE76222,0.003820626528913534,-0.10123770778062355,
GSE76223,0.003820626528913534,-0.10123770778062355,
GSE76133,0.003820626528913534,-0.10123770778062355,
GSE79484,0.003820626528913534,-0.10123770778062355,
GSE79487,0.003820626528913534,-0.10123770778062355,
GSE74961,0.003820626528913534,-0.10123770778062355,
GSE79519,0.003820626528913534,-0.10123770778062355,
GSE74938,0.003820626528913534,-0.10123770778062355,
GSE79525,0.003820626528913534,-0.10123770778062355,
GSE79535,0.003820626528913534,-0.10123770778062355,
GSE79543,0.003820626528913534,-0.10123770778062355,
GSE79551,0.003820626528913534,-0.10123770778062355,
GSE79578,0.003820626528913534,-0.10123770778062355,
GSE79580,0.003820626528913534,-0.10123770778062355,
GSE79600,0.003820626528913534,-0.10123770778062355,
GSE77720,0.003820626528913534,-0.10123770778062355,
GSE74923,0.003820626528913534,-0.10123770778062355,
GSE79632,0.003820626528913534,-0.10123770778062355,
GSE79633,0.003820626528913534,-0.10123770778062355,
GSE79638,0.003820626528913534,-0.10123770778062355,
GSE79661,0.003820626528913534,-0.10123770778062355,
GSE74920,0.003820626528913534,-0.10123770778062355,
GSE79672,0.003820626528913534,-0.10123770778062355,
GSE79685,0.003820626528913534,-0.10123770778062355,
GSE79696,0.003820626528913534,-0.10123770778062355,
GSE74900,0.003820626528913534,-0.10123770778062355,
GSE79698,0.003820626528913534,-0.10123770778062355,
GSE79700,0.003820626528913534,-0.10123770778062355,
GSE79602,0.003820626528913534,-0.10123770778062355,
GSE79108,0.003820626528913534,-0.10123770778062355,
GSE79115,0.003820626528913534,-0.10123770778062355,
GSE79124,0.003820626528913534,-0.10123770778062355,
GSE79137,0.003820626528913534,-0.10123770778062355,
GSE79169,0.003820626528913534,-0.10123770778062355,
GSE79174,0.003820626528913534,-0.10123770778062355,
GSE74985,0.003820626528913534,-0.10123770778062355,
GSE74980,0.003820626528913534,-0.10123770778062355,
GSE79180,0.003820626528913534,-0.10123770778062355,
GSE79199,0.003820626528913534,-0.10123770778062355,
GSE79244,0.003820626528913534,-0.10123770778062355,
GSE79252,0.003820626528913534,-0.10123770778062355,
GSE79457,0.003820626528913534,-0.10123770778062355,
GSE74973,0.003820626528913534,-0.10123770778062355,
GSE79291,0.003820626528913534,-0.10123770778062355,
GSE79313,0.003820626528913534,-0.10123770778062355,
GSE79352,0.003820626528913534,-0.10123770778062355,
GSE79374,0.003820626528913534,-0.10123770778062355,
GSE79408,0.003820626528913534,-0.10123770778062355,
GSE79409,0.003820626528913534,-0.10123770778062355,
GSE79416,0.003820626528913534,-0.10123770778062355,
GSE79423,0.003820626528913534,-0.10123770778062355,
GSE79436,0.003820626528913534,-0.10123770778062355,
GSE74966,0.003820626528913534,-0.10123770778062355,
GSE79443,0.003820626528913534,-0.10123770778062355,
GSE79452,0.003820626528913534,-0.10123770778062355,
GSE79260,0.003820626528913534,-0.10123770778062355,
GSE79996,0.003820626528913534,-0.10123770778062355,
GSE80010,0.003820626528913534,-0.10123770778062355,
GSE80032,0.003820626528913534,-0.10123770778062355,
GSE80041,0.003820626528913534,-0.10123770778062355,
GSE80044,0.003820626528913534,-0.10123770778062355,
GSE80083,0.003820626528913534,-0.10123770778062355,
GSE80087,0.003820626528913534,-0.10123770778062355,
GSE74868,0.003820626528913534,-0.10123770778062355,
GSE80101,0.003820626528913534,-0.10123770778062355,
GSE80102,0.003820626528913534,-0.10123770778062355,
GSE80113,0.003820626528913534,-0.10123770778062355,
GSE80120,0.003820626528913534,-0.10123770778062355,
GSE79702,0.003820626528913534,-0.10123770778062355,
GSE80121,0.003820626528913534,-0.10123770778062355,
GSE74822,0.003820626528913534,-0.10123770778062355,
GSE80122,0.003820626528913534,-0.10123770778062355,
GSE80128,0.003820626528913534,-0.10123770778062355,
GSE80155,0.003820626528913534,-0.10123770778062355,
GSE80160,0.003820626528913534,-0.10123770778062355,
GSE80162,0.003820626528913534,-0.10123770778062355,
GSE74804,0.003820626528913534,-0.10123770778062355,
GSE74762,0.003820626528913534,-0.10123770778062355,
GSE80166,0.003820626528913534,-0.10123770778062355,
GSE80168,0.003820626528913534,-0.10123770778062355,
GSE80187,0.003820626528913534,-0.10123770778062355,
GSE80204,0.003820626528913534,-0.10123770778062355,
GSE74855,0.003820626528913534,-0.10123770778062355,
GSE79723,0.003820626528913534,-0.10123770778062355,
GSE79729,0.003820626528913534,-0.10123770778062355,
GSE74893,0.003820626528913534,-0.10123770778062355,
GSE79739,0.003820626528913534,-0.10123770778062355,
GSE79756,0.003820626528913534,-0.10123770778062355,
GSE79758,0.003820626528913534,-0.10123770778062355,
GSE79790,0.003820626528913534,-0.10123770778062355,
GSE74890,0.003820626528913534,-0.10123770778062355,
GSE79791,0.003820626528913534,-0.10123770778062355,
GSE79796,0.003820626528913534,-0.10123770778062355,
GSE79812,0.003820626528913534,-0.10123770778062355,
GSE79814,0.003820626528913534,-0.10123770778062355,
GSE79993,0.003820626528913534,-0.10123770778062355,
GSE79824,0.003820626528913534,-0.10123770778062355,
GSE79848,0.003820626528913534,-0.10123770778062355,
GSE79863,0.003820626528913534,-0.10123770778062355,
GSE79883,0.003820626528913534,-0.10123770778062355,
GSE74889,0.003820626528913534,-0.10123770778062355,
GSE79898,0.003820626528913534,-0.10123770778062355,
GSE79902,0.003820626528913534,-0.10123770778062355,
GSE79903,0.003820626528913534,-0.10123770778062355,
GSE79929,0.003820626528913534,-0.10123770778062355,
GSE79937,0.003820626528913534,-0.10123770778062355,
GSE79941,0.003820626528913534,-0.10123770778062355,
GSE79951,0.003820626528913534,-0.10123770778062355,
GSE79975,0.003820626528913534,-0.10123770778062355,
GSE79818,0.003820626528913534,-0.10123770778062355,
GSE78056,0.003820626528913534,-0.10123770778062355,
GSE78082,0.003820626528913534,-0.10123770778062355,
GSE78084,0.003820626528913534,-0.10123770778062355,
GSE78105,0.003820626528913534,-0.10123770778062355,
GSE78127,0.003820626528913534,-0.10123770778062355,
GSE78128,0.003820626528913534,-0.10123770778062355,
GSE78130,0.003820626528913534,-0.10123770778062355,
GSE78143,0.003820626528913534,-0.10123770778062355,
GSE78146,0.003820626528913534,-0.10123770778062355,
GSE75176,0.003820626528913534,-0.10123770778062355,
GSE75154,0.003820626528913534,-0.10123770778062355,
GSE78183,0.003820626528913534,-0.10123770778062355,
GSE79105,0.003820626528913534,-0.10123770778062355,
GSE78224,0.003820626528913534,-0.10123770778062355,
GSE78228,0.003820626528913534,-0.10123770778062355,
GSE78240,0.003820626528913534,-0.10123770778062355,
GSE78241,0.003820626528913534,-0.10123770778062355,
GSE75106,0.003820626528913534,-0.10123770778062355,
GSE75105,0.003820626528913534,-0.10123770778062355,
GSE75104,0.003820626528913534,-0.10123770778062355,
GSE78247,0.003820626528913534,-0.10123770778062355,
GSE75103,0.003820626528913534,-0.10123770778062355,
GSE78270,0.003820626528913534,-0.10123770778062355,
GSE75077,0.003820626528913534,-0.10123770778062355,
GSE78272,0.003820626528913534,-0.10123770778062355,
GSE78184,0.003820626528913534,-0.10123770778062355,
GSE77722,0.003820626528913534,-0.10123770778062355,
GSE77729,0.003820626528913534,-0.10123770778062355,
GSE75192,0.003820626528913534,-0.10123770778062355,
GSE77736,0.003820626528913534,-0.10123770778062355,
GSE77740,0.003820626528913534,-0.10123770778062355,
GSE77744,0.003820626528913534,-0.10123770778062355,
GSE77769,0.003820626528913534,-0.10123770778062355,
GSE77778,0.003820626528913534,-0.10123770778062355,
GSE77793,0.003820626528913534,-0.10123770778062355,
GSE77795,0.003820626528913534,-0.10123770778062355,
GSE77798,0.003820626528913534,-0.10123770778062355,
GSE77801,0.003820626528913534,-0.10123770778062355,
GSE78045,0.003820626528913534,-0.10123770778062355,
GSE77847,0.003820626528913534,-0.10123770778062355,
GSE77851,0.003820626528913534,-0.10123770778062355,
GSE77857,0.003820626528913534,-0.10123770778062355,
GSE77862,0.003820626528913534,-0.10123770778062355,
GSE77885,0.003820626528913534,-0.10123770778062355,
GSE77891,0.003820626528913534,-0.10123770778062355,
GSE77892,0.003820626528913534,-0.10123770778062355,
GSE77894,0.003820626528913534,-0.10123770778062355,
GSE77896,0.003820626528913534,-0.10123770778062355,
GSE77941,0.003820626528913534,-0.10123770778062355,
GSE77967,0.003820626528913534,-0.10123770778062355,
GSE77988,0.003820626528913534,-0.10123770778062355,
GSE77997,0.003820626528913534,-0.10123770778062355,
GSE77846,0.003820626528913534,-0.10123770778062355,
GSE78902,0.003820626528913534,-0.10123770778062355,
GSE78905,0.003820626528913534,-0.10123770778062355,
GSE78907,0.003820626528913534,-0.10123770778062355,
GSE78938,0.003820626528913534,-0.10123770778062355,
GSE78948,0.003820626528913534,-0.10123770778062355,
GSE78962,0.003820626528913534,-0.10123770778062355,
GSE75049,0.003820626528913534,-0.10123770778062355,
GSE78964,0.003820626528913534,-0.10123770778062355,
GSE75044,0.003820626528913534,-0.10123770778062355,
GSE78965,0.003820626528913534,-0.10123770778062355,
GSE78966,0.003820626528913534,-0.10123770778062355,
GSE78971,0.003820626528913534,-0.10123770778062355,
GSE78273,0.003820626528913534,-0.10123770778062355,
GSE78974,0.003820626528913534,-0.10123770778062355,
GSE78996,0.003820626528913534,-0.10123770778062355,
GSE79013,0.003820626528913534,-0.10123770778062355,
GSE79018,0.003820626528913534,-0.10123770778062355,
GSE79020,0.003820626528913534,-0.10123770778062355,
GSE75038,0.003820626528913534,-0.10123770778062355,
GSE79039,0.003820626528913534,-0.10123770778062355,
GSE79061,0.003820626528913534,-0.10123770778062355,
GSE79068,0.003820626528913534,-0.10123770778062355,
GSE79086,0.003820626528913534,-0.10123770778062355,
GSE75028,0.003820626528913534,-0.10123770778062355,
GSE79095,0.003820626528913534,-0.10123770778062355,
GSE75001,0.003820626528913534,-0.10123770778062355,
GSE78973,0.003820626528913534,-0.10123770778062355,
GSE78274,0.003820626528913534,-0.10123770778062355,
GSE78497,0.003820626528913534,-0.10123770778062355,
GSE78499,0.003820626528913534,-0.10123770778062355,
GSE78505,0.003820626528913534,-0.10123770778062355,
GSE78510,0.003820626528913534,-0.10123770778062355,
GSE78514,0.003820626528913534,-0.10123770778062355,
GSE78691,0.003820626528913534,-0.10123770778062355,
GSE78696,0.003820626528913534,-0.10123770778062355,
GSE78701,0.003820626528913534,-0.10123770778062355,
GSE75074,0.003820626528913534,-0.10123770778062355,
GSE78706,0.003820626528913534,-0.10123770778062355,
GSE78708,0.003820626528913534,-0.10123770778062355,
GSE78855,0.003820626528913534,-0.10123770778062355,
GSE78730,0.003820626528913534,-0.10123770778062355,
GSE78752,0.003820626528913534,-0.10123770778062355,
GSE78760,0.003820626528913534,-0.10123770778062355,
GSE78772,0.003820626528913534,-0.10123770778062355,
GSE75066,0.003820626528913534,-0.10123770778062355,
GSE78781,0.003820626528913534,-0.10123770778062355,
GSE78795,0.003820626528913534,-0.10123770778062355,
GSE78809,0.003820626528913534,-0.10123770778062355,
GSE78816,0.003820626528913534,-0.10123770778062355,
GSE78845,0.003820626528913534,-0.10123770778062355,
GSE75064,0.003820626528913534,-0.10123770778062355,
GSE75054,0.003820626528913534,-0.10123770778062355,
GSE78849,0.003820626528913534,-0.10123770778062355,
GSE78728,0.003820626528913534,-0.10123770778062355,
GSE94920,0.003820626528913534,-0.10123770778062355,
GSE94939,0.003820626528913534,-0.10123770778062355,
GSE94949,0.003820626528913534,-0.10123770778062355,
GSE94965,0.003820626528913534,-0.10123770778062355,
GSE94967,0.003820626528913534,-0.10123770778062355,
GSE95008,0.003820626528913534,-0.10123770778062355,
GSE95016,0.003820626528913534,-0.10123770778062355,
GSE95052,0.003820626528913534,-0.10123770778062355,
GSE95053,0.003820626528913534,-0.10123770778062355,
GSE95056,0.003820626528913534,-0.10123770778062355,
GSE95074,0.003820626528913534,-0.10123770778062355,
GSE95102,0.003820626528913534,-0.10123770778062355,
GSE95105,0.003820626528913534,-0.10123770778062355,
GSE74055,0.003820626528913534,-0.10123770778062355,
GSE95111,0.003820626528913534,-0.10123770778062355,
GSE95138,0.003820626528913534,-0.10123770778062355,
GSE95141,0.003820626528913534,-0.10123770778062355,
GSE95145,0.003820626528913534,-0.10123770778062355,
GSE95156,0.003820626528913534,-0.10123770778062355,
GSE95168,0.003820626528913534,-0.10123770778062355,
GSE95182,0.003820626528913534,-0.10123770778062355,
GSE95224,0.003820626528913534,-0.10123770778062355,
GSE95257,0.003820626528913534,-0.10123770778062355,
GSE95260,0.003820626528913534,-0.10123770778062355,
GSE95315,0.003820626528913534,-0.10123770778062355,
GSE95341,0.003820626528913534,-0.10123770778062355,
GSE95363,0.003820626528913534,-0.10123770778062355,
GSE95376,0.003820626528913534,-0.10123770778062355,
GSE95108,0.003820626528913534,-0.10123770778062355,
GSE94554,0.003820626528913534,-0.10123770778062355,
GSE94559,0.003820626528913534,-0.10123770778062355,
GSE94560,0.003820626528913534,-0.10123770778062355,
GSE94566,0.003820626528913534,-0.10123770778062355,
GSE94579,0.003820626528913534,-0.10123770778062355,
GSE94595,0.003820626528913534,-0.10123770778062355,
GSE94597,0.003820626528913534,-0.10123770778062355,
GSE94602,0.003820626528913534,-0.10123770778062355,
GSE94626,0.003820626528913534,-0.10123770778062355,
GSE94641,0.003820626528913534,-0.10123770778062355,
GSE94653,0.003820626528913534,-0.10123770778062355,
GSE94659,0.003820626528913534,-0.10123770778062355,
GSE94661,0.003820626528913534,-0.10123770778062355,
GSE94671,0.003820626528913534,-0.10123770778062355,
GSE94883,0.003820626528913534,-0.10123770778062355,
GSE94685,0.003820626528913534,-0.10123770778062355,
GSE94749,0.003820626528913534,-0.10123770778062355,
GSE94761,0.003820626528913534,-0.10123770778062355,
GSE94768,0.003820626528913534,-0.10123770778062355,
GSE94774,0.003820626528913534,-0.10123770778062355,
GSE94778,0.003820626528913534,-0.10123770778062355,
GSE94791,0.003820626528913534,-0.10123770778062355,
GSE94802,0.003820626528913534,-0.10123770778062355,
GSE94814,0.003820626528913534,-0.10123770778062355,
GSE94839,0.003820626528913534,-0.10123770778062355,
GSE94840,0.003820626528913534,-0.10123770778062355,
GSE94843,0.003820626528913534,-0.10123770778062355,
GSE94852,0.003820626528913534,-0.10123770778062355,
GSE94857,0.003820626528913534,-0.10123770778062355,
GSE94673,0.003820626528913534,-0.10123770778062355,
GSE95740,0.003820626528913534,-0.10123770778062355,
GSE95752,0.003820626528913534,-0.10123770778062355,
GSE95782,0.003820626528913534,-0.10123770778062355,
GSE95811,0.003820626528913534,-0.10123770778062355,
GSE95830,0.003820626528913534,-0.10123770778062355,
GSE95832,0.003820626528913534,-0.10123770778062355,
GSE95833,0.003820626528913534,-0.10123770778062355,
GSE95835,0.003820626528913534,-0.10123770778062355,
GSE95859,0.003820626528913534,-0.10123770778062355,
GSE96054,0.003820626528913534,-0.10123770778062355,
GSE96055,0.003820626528913534,-0.10123770778062355,
GSE96059,0.003820626528913534,-0.10123770778062355,
GSE96061,0.003820626528913534,-0.10123770778062355,
GSE95383,0.003820626528913534,-0.10123770778062355,
GSE96093,0.003820626528913534,-0.10123770778062355,
GSE96096,0.003820626528913534,-0.10123770778062355,
GSE96103,0.003820626528913534,-0.10123770778062355,
GSE96107,0.003820626528913534,-0.10123770778062355,
GSE96526,0.003820626528913534,-0.10123770778062355,
GSE96541,0.003820626528913534,-0.10123770778062355,
GSE96552,0.003820626528913534,-0.10123770778062355,
GSE96561,0.003820626528913534,-0.10123770778062355,
GSE96592,0.003820626528913534,-0.10123770778062355,
GSE96626,0.003820626528913534,-0.10123770778062355,
GSE96627,0.003820626528913534,-0.10123770778062355,
GSE96630,0.003820626528913534,-0.10123770778062355,
GSE96638,0.003820626528913534,-0.10123770778062355,
GSE96644,0.003820626528913534,-0.10123770778062355,
GSE96086,0.003820626528913534,-0.10123770778062355,
GSE95401,0.003820626528913534,-0.10123770778062355,
GSE95411,0.003820626528913534,-0.10123770778062355,
GSE95424,0.003820626528913534,-0.10123770778062355,
GSE95428,0.003820626528913534,-0.10123770778062355,
GSE95432,0.003820626528913534,-0.10123770778062355,
GSE95434,0.003820626528913534,-0.10123770778062355,
GSE95436,0.003820626528913534,-0.10123770778062355,
GSE95445,0.003820626528913534,-0.10123770778062355,
GSE95448,0.003820626528913534,-0.10123770778062355,
GSE95478,0.003820626528913534,-0.10123770778062355,
GSE95487,0.003820626528913534,-0.10123770778062355,
GSE95533,0.003820626528913534,-0.10123770778062355,
GSE95537,0.003820626528913534,-0.10123770778062355,
GSE95583,0.003820626528913534,-0.10123770778062355,
GSE95739,0.003820626528913534,-0.10123770778062355,
GSE95629,0.003820626528913534,-0.10123770778062355,
GSE95631,0.003820626528913534,-0.10123770778062355,
GSE95649,0.003820626528913534,-0.10123770778062355,
GSE95661,0.003820626528913534,-0.10123770778062355,
GSE95663,0.003820626528913534,-0.10123770778062355,
GSE95672,0.003820626528913534,-0.10123770778062355,
GSE95682,0.003820626528913534,-0.10123770778062355,
GSE95685,0.003820626528913534,-0.10123770778062355,
GSE95687,0.003820626528913534,-0.10123770778062355,
GSE95688,0.003820626528913534,-0.10123770778062355,
GSE95692,0.003820626528913534,-0.10123770778062355,
GSE95701,0.003820626528913534,-0.10123770778062355,
GSE95712,0.003820626528913534,-0.10123770778062355,
GSE95734,0.003820626528913534,-0.10123770778062355,
GSE95602,0.003820626528913534,-0.10123770778062355,
GSE93230,0.003820626528913534,-0.10123770778062355,
GSE93238,0.003820626528913534,-0.10123770778062355,
GSE93252,0.003820626528913534,-0.10123770778062355,
GSE93267,0.003820626528913534,-0.10123770778062355,
GSE93279,0.003820626528913534,-0.10123770778062355,
GSE93293,0.003820626528913534,-0.10123770778062355,
GSE93306,0.003820626528913534,-0.10123770778062355,
GSE93309,0.003820626528913534,-0.10123770778062355,
GSE93314,0.003820626528913534,-0.10123770778062355,
GSE93318,0.003820626528913534,-0.10123770778062355,
GSE93319,0.003820626528913534,-0.10123770778062355,
GSE93320,0.003820626528913534,-0.10123770778062355,
GSE93325,0.003820626528913534,-0.10123770778062355,
GSE94546,0.003820626528913534,-0.10123770778062355,
GSE93339,0.003820626528913534,-0.10123770778062355,
GSE93374,0.003820626528913534,-0.10123770778062355,
GSE93394,0.003820626528913534,-0.10123770778062355,
GSE93412,0.003820626528913534,-0.10123770778062355,
GSE93416,0.003820626528913534,-0.10123770778062355,
GSE93524,0.003820626528913534,-0.10123770778062355,
GSE93537,0.003820626528913534,-0.10123770778062355,
GSE93554,0.003820626528913534,-0.10123770778062355,
GSE93558,0.003820626528913534,-0.10123770778062355,
GSE93570,0.003820626528913534,-0.10123770778062355,
GSE93573,0.003820626528913534,-0.10123770778062355,
GSE93574,0.003820626528913534,-0.10123770778062355,
GSE93581,0.003820626528913534,-0.10123770778062355,
GSE93585,0.003820626528913534,-0.10123770778062355,
GSE93331,0.003820626528913534,-0.10123770778062355,
GSE92751,0.003820626528913534,-0.10123770778062355,
GSE92761,0.003820626528913534,-0.10123770778062355,
GSE92762,0.003820626528913534,-0.10123770778062355,
GSE92770,0.003820626528913534,-0.10123770778062355,
GSE92779,0.003820626528913534,-0.10123770778062355,
GSE92844,0.003820626528913534,-0.10123770778062355,
GSE92865,0.003820626528913534,-0.10123770778062355,
GSE92870,0.003820626528913534,-0.10123770778062355,
GSE92891,0.003820626528913534,-0.10123770778062355,
GSE92894,0.003820626528913534,-0.10123770778062355,
GSE92905,0.003820626528913534,-0.10123770778062355,
GSE92965,0.003820626528913534,-0.10123770778062355,
GSE92983,0.003820626528913534,-0.10123770778062355,
GSE92999,0.003820626528913534,-0.10123770778062355,
GSE93202,0.003820626528913534,-0.10123770778062355,
GSE93007,0.003820626528913534,-0.10123770778062355,
GSE93010,0.003820626528913534,-0.10123770778062355,
GSE93027,0.003820626528913534,-0.10123770778062355,
GSE93031,0.003820626528913534,-0.10123770778062355,
GSE93034,0.003820626528913534,-0.10123770778062355,
GSE93061,0.003820626528913534,-0.10123770778062355,
GSE93085,0.003820626528913534,-0.10123770778062355,
GSE93127,0.003820626528913534,-0.10123770778062355,
GSE93131,0.003820626528913534,-0.10123770778062355,
GSE93132,0.003820626528913534,-0.10123770778062355,
GSE93154,0.003820626528913534,-0.10123770778062355,
GSE93167,0.003820626528913534,-0.10123770778062355,
GSE93179,0.003820626528913534,-0.10123770778062355,
GSE93180,0.003820626528913534,-0.10123770778062355,
GSE93006,0.003820626528913534,-0.10123770778062355,
GSE94121,0.003820626528913534,-0.10123770778062355,
GSE94132,0.003820626528913534,-0.10123770778062355,
GSE94133,0.003820626528913534,-0.10123770778062355,
GSE94135,0.003820626528913534,-0.10123770778062355,
GSE94136,0.003820626528913534,-0.10123770778062355,
GSE94142,0.003820626528913534,-0.10123770778062355,
GSE94144,0.003820626528913534,-0.10123770778062355,
GSE94238,0.003820626528913534,-0.10123770778062355,
GSE94239,0.003820626528913534,-0.10123770778062355,
GSE94257,0.003820626528913534,-0.10123770778062355,
GSE94271,0.003820626528913534,-0.10123770778062355,
GSE94297,0.003820626528913534,-0.10123770778062355,
GSE94306,0.003820626528913534,-0.10123770778062355,
GSE93591,0.003820626528913534,-0.10123770778062355,
GSE94333,0.003820626528913534,-0.10123770778062355,
GSE94364,0.003820626528913534,-0.10123770778062355,
GSE94373,0.003820626528913534,-0.10123770778062355,
GSE94382,0.003820626528913534,-0.10123770778062355,
GSE94385,0.003820626528913534,-0.10123770778062355,
GSE94387,0.003820626528913534,-0.10123770778062355,
GSE94388,0.003820626528913534,-0.10123770778062355,
GSE94413,0.003820626528913534,-0.10123770778062355,
GSE94444,0.003820626528913534,-0.10123770778062355,
GSE94481,0.003820626528913534,-0.10123770778062355,
GSE94482,0.003820626528913534,-0.10123770778062355,
GSE94525,0.003820626528913534,-0.10123770778062355,
GSE94534,0.003820626528913534,-0.10123770778062355,
GSE94543,0.003820626528913534,-0.10123770778062355,
GSE94324,0.003820626528913534,-0.10123770778062355,
GSE93604,0.003820626528913534,-0.10123770778062355,
GSE93622,0.003820626528913534,-0.10123770778062355,
GSE93655,0.003820626528913534,-0.10123770778062355,
GSE93670,0.003820626528913534,-0.10123770778062355,
GSE93678,0.003820626528913534,-0.10123770778062355,
GSE93682,0.003820626528913534,-0.10123770778062355,
GSE93702,0.003820626528913534,-0.10123770778062355,
GSE93729,0.003820626528913534,-0.10123770778062355,
GSE93753,0.003820626528913534,-0.10123770778062355,
GSE93764,0.003820626528913534,-0.10123770778062355,
GSE93787,0.003820626528913534,-0.10123770778062355,
GSE93820,0.003820626528913534,-0.10123770778062355,
GSE93824,0.003820626528913534,-0.10123770778062355,
GSE93827,0.003820626528913534,-0.10123770778062355,
GSE94118,0.003820626528913534,-0.10123770778062355,
GSE93866,0.003820626528913534,-0.10123770778062355,
GSE93867,0.003820626528913534,-0.10123770778062355,
GSE93909,0.003820626528913534,-0.10123770778062355,
GSE93918,0.003820626528913534,-0.10123770778062355,
GSE93941,0.003820626528913534,-0.10123770778062355,
GSE93946,0.003820626528913534,-0.10123770778062355,
GSE93947,0.003820626528913534,-0.10123770778062355,
GSE93974,0.003820626528913534,-0.10123770778062355,
GSE94011,0.003820626528913534,-0.10123770778062355,
GSE94018,0.003820626528913534,-0.10123770778062355,
GSE94059,0.003820626528913534,-0.10123770778062355,
GSE94072,0.003820626528913534,-0.10123770778062355,
GSE94085,0.003820626528913534,-0.10123770778062355,
GSE94098,0.003820626528913534,-0.10123770778062355,
GSE93856,0.003820626528913534,-0.10123770778062355,
GSE98794,0.003820626528913534,-0.10123770778062355,
GSE98802,0.003820626528913534,-0.10123770778062355,
GSE98816,0.003820626528913534,-0.10123770778062355,
GSE98831,0.003820626528913534,-0.10123770778062355,
GSE98838,0.003820626528913534,-0.10123770778062355,
GSE98839,0.003820626528913534,-0.10123770778062355,
GSE98844,0.003820626528913534,-0.10123770778062355,
GSE98860,0.003820626528913534,-0.10123770778062355,
GSE98875,0.003820626528913534,-0.10123770778062355,
GSE98877,0.003820626528913534,-0.10123770778062355,
GSE98901,0.003820626528913534,-0.10123770778062355,
GSE98906,0.003820626528913534,-0.10123770778062355,
GSE98910,0.003820626528913534,-0.10123770778062355,
GSE96661,0.003820626528913534,-0.10123770778062355,
GSE98969,0.003820626528913534,-0.10123770778062355,
GSE98988,0.003820626528913534,-0.10123770778062355,
GSE99049,0.003820626528913534,-0.10123770778062355,
GSE99058,0.003820626528913534,-0.10123770778062355,
GSE99061,0.003820626528913534,-0.10123770778062355,
GSE99076,0.003820626528913534,-0.10123770778062355,
GSE99078,0.003820626528913534,-0.10123770778062355,
GSE99093,0.003820626528913534,-0.10123770778062355,
GSE99101,0.003820626528913534,-0.10123770778062355,
GSE99112,0.003820626528913534,-0.10123770778062355,
GSE99120,0.003820626528913534,-0.10123770778062355,
GSE99121,0.003820626528913534,-0.10123770778062355,
GSE99144,0.003820626528913534,-0.10123770778062355,
GSE99658,0.003820626528913534,-0.10123770778062355,
GSE98964,0.003820626528913534,-0.10123770778062355,
GSE98468,0.003820626528913534,-0.10123770778062355,
GSE98473,0.003820626528913534,-0.10123770778062355,
GSE98479,0.003820626528913534,-0.10123770778062355,
GSE98492,0.003820626528913534,-0.10123770778062355,
GSE98496,0.003820626528913534,-0.10123770778062355,
GSE98507,0.003820626528913534,-0.10123770778062355,
GSE98510,0.003820626528913534,-0.10123770778062355,
GSE98517,0.003820626528913534,-0.10123770778062355,
GSE98527,0.003820626528913534,-0.10123770778062355,
GSE98562,0.003820626528913534,-0.10123770778062355,
GSE98563,0.003820626528913534,-0.10123770778062355,
GSE98567,0.003820626528913534,-0.10123770778062355,
GSE98585,0.003820626528913534,-0.10123770778062355,
GSE98592,0.003820626528913534,-0.10123770778062355,
GSE98782,0.003820626528913534,-0.10123770778062355,
GSE98650,0.003820626528913534,-0.10123770778062355,
GSE98666,0.003820626528913534,-0.10123770778062355,
GSE98668,0.003820626528913534,-0.10123770778062355,
GSE98671,0.003820626528913534,-0.10123770778062355,
GSE98690,0.003820626528913534,-0.10123770778062355,
GSE98700,0.003820626528913534,-0.10123770778062355,
GSE98723,0.003820626528913534,-0.10123770778062355,
GSE98724,0.003820626528913534,-0.10123770778062355,
GSE98725,0.003820626528913534,-0.10123770778062355,
GSE98739,0.003820626528913534,-0.10123770778062355,
GSE98759,0.003820626528913534,-0.10123770778062355,
GSE98760,0.003820626528913534,-0.10123770778062355,
GSE98765,0.003820626528913534,-0.10123770778062355,
GSE98778,0.003820626528913534,-0.10123770778062355,
GSE98622,0.003820626528913534,-0.10123770778062355,
GSE100070,0.003820626528913534,-0.10123770778062355,
GSE100098,0.003820626528913534,-0.10123770778062355,
GSE100102,0.003820626528913534,-0.10123770778062355,
GSE100106,0.003820626528913534,-0.10123770778062355,
GSE100175,0.003820626528913534,-0.10123770778062355,
GSE100212,0.003820626528913534,-0.10123770778062355,
GSE100217,0.003820626528913534,-0.10123770778062355,
GSE100222,0.003820626528913534,-0.10123770778062355,
GSE100225,0.003820626528913534,-0.10123770778062355,
GSE100244,0.003820626528913534,-0.10123770778062355,
GSE100265,0.003820626528913534,-0.10123770778062355,
GSE100276,0.003820626528913534,-0.10123770778062355,
GSE100277,0.003820626528913534,-0.10123770778062355,
GSE99659,0.003820626528913534,-0.10123770778062355,
GSE100332,0.003820626528913534,-0.10123770778062355,
GSE100356,0.003820626528913534,-0.10123770778062355,
GSE100385,0.003820626528913534,-0.10123770778062355,
GSE100389,0.003820626528913534,-0.10123770778062355,
GSE100397,0.003820626528913534,-0.10123770778062355,
GSE100411,0.003820626528913534,-0.10123770778062355,
GSE100425,0.003820626528913534,-0.10123770778062355,
GSE100426,0.003820626528913534,-0.10123770778062355,
GSE100457,0.003820626528913534,-0.10123770778062355,
GSE100464,0.003820626528913534,-0.10123770778062355,
GSE100473,0.003820626528913534,-0.10123770778062355,
GSE100532,0.003820626528913534,-0.10123770778062355,
GSE100560,0.003820626528913534,-0.10123770778062355,
GSE100570,0.003820626528913534,-0.10123770778062355,
GSE100278,0.003820626528913534,-0.10123770778062355,
GSE99670,0.003820626528913534,-0.10123770778062355,
GSE99684,0.003820626528913534,-0.10123770778062355,
GSE99709,0.003820626528913534,-0.10123770778062355,
GSE99735,0.003820626528913534,-0.10123770778062355,
GSE99765,0.003820626528913534,-0.10123770778062355,
GSE99771,0.003820626528913534,-0.10123770778062355,
GSE99774,0.003820626528913534,-0.10123770778062355,
GSE99783,0.003820626528913534,-0.10123770778062355,
GSE99784,0.003820626528913534,-0.10123770778062355,
GSE99787,0.003820626528913534,-0.10123770778062355,
GSE99791,0.003820626528913534,-0.10123770778062355,
GSE99808,0.003820626528913534,-0.10123770778062355,
GSE99811,0.003820626528913534,-0.10123770778062355,
GSE99815,0.003820626528913534,-0.10123770778062355,
GSE100067,0.003820626528913534,-0.10123770778062355,
GSE99866,0.003820626528913534,-0.10123770778062355,
GSE99924,0.003820626528913534,-0.10123770778062355,
GSE99933,0.003820626528913534,-0.10123770778062355,
GSE99938,0.003820626528913534,-0.10123770778062355,
GSE99954,0.003820626528913534,-0.10123770778062355,
GSE99957,0.003820626528913534,-0.10123770778062355,
GSE99970,0.003820626528913534,-0.10123770778062355,
GSE99971,0.003820626528913534,-0.10123770778062355,
GSE99972,0.003820626528913534,-0.10123770778062355,
GSE99973,0.003820626528913534,-0.10123770778062355,
GSE99974,0.003820626528913534,-0.10123770778062355,
GSE99975,0.003820626528913534,-0.10123770778062355,
GSE99977,0.003820626528913534,-0.10123770778062355,
GSE99989,0.003820626528913534,-0.10123770778062355,
GSE99849,0.003820626528913534,-0.10123770778062355,
GSE97062,0.003820626528913534,-0.10123770778062355,
GSE97077,0.003820626528913534,-0.10123770778062355,
GSE97078,0.003820626528913534,-0.10123770778062355,
GSE97101,0.003820626528913534,-0.10123770778062355,
GSE97115,0.003820626528913534,-0.10123770778062355,
GSE97118,0.003820626528913534,-0.10123770778062355,
GSE97120,0.003820626528913534,-0.10123770778062355,
GSE97126,0.003820626528913534,-0.10123770778062355,
GSE97137,0.003820626528913534,-0.10123770778062355,
GSE97148,0.003820626528913534,-0.10123770778062355,
GSE97181,0.003820626528913534,-0.10123770778062355,
GSE97184,0.003820626528913534,-0.10123770778062355,
GSE97195,0.003820626528913534,-0.10123770778062355,
GSE98451,0.003820626528913534,-0.10123770778062355,
GSE97234,0.003820626528913534,-0.10123770778062355,
GSE97235,0.003820626528913534,-0.10123770778062355,
GSE97249,0.003820626528913534,-0.10123770778062355,
GSE97261,0.003820626528913534,-0.10123770778062355,
GSE97270,0.003820626528913534,-0.10123770778062355,
GSE97281,0.003820626528913534,-0.10123770778062355,
GSE97321,0.003820626528913534,-0.10123770778062355,
GSE97344,0.003820626528913534,-0.10123770778062355,
GSE97353,0.003820626528913534,-0.10123770778062355,
GSE97354,0.003820626528913534,-0.10123770778062355,
GSE97375,0.003820626528913534,-0.10123770778062355,
GSE97381,0.003820626528913534,-0.10123770778062355,
GSE97389,0.003820626528913534,-0.10123770778062355,
GSE97390,0.003820626528913534,-0.10123770778062355,
GSE97196,0.003820626528913534,-0.10123770778062355,
GSE96679,0.003820626528913534,-0.10123770778062355,
GSE96680,0.003820626528913534,-0.10123770778062355,
GSE96684,0.003820626528913534,-0.10123770778062355,
GSE96685,0.003820626528913534,-0.10123770778062355,
GSE96690,0.003820626528913534,-0.10123770778062355,
GSE96700,0.003820626528913534,-0.10123770778062355,
GSE96707,0.003820626528913534,-0.10123770778062355,
GSE96724,0.003820626528913534,-0.10123770778062355,
GSE96729,0.003820626528913534,-0.10123770778062355,
GSE96738,0.003820626528913534,-0.10123770778062355,
GSE96818,0.003820626528913534,-0.10123770778062355,
GSE96870,0.003820626528913534,-0.10123770778062355,
GSE96889,0.003820626528913534,-0.10123770778062355,
GSE96919,0.003820626528913534,-0.10123770778062355,
GSE97060,0.003820626528913534,-0.10123770778062355,
GSE96939,0.003820626528913534,-0.10123770778062355,
GSE96950,0.003820626528913534,-0.10123770778062355,
GSE96957,0.003820626528913534,-0.10123770778062355,
GSE96960,0.003820626528913534,-0.10123770778062355,
GSE96966,0.003820626528913534,-0.10123770778062355,
GSE96968,0.003820626528913534,-0.10123770778062355,
GSE96972,0.003820626528913534,-0.10123770778062355,
GSE96988,0.003820626528913534,-0.10123770778062355,
GSE96991,0.003820626528913534,-0.10123770778062355,
GSE96998,0.003820626528913534,-0.10123770778062355,
GSE97026,0.003820626528913534,-0.10123770778062355,
GSE97027,0.003820626528913534,-0.10123770778062355,
GSE97037,0.003820626528913534,-0.10123770778062355,
GSE97054,0.003820626528913534,-0.10123770778062355,
GSE96938,0.003820626528913534,-0.10123770778062355,
GSE98027,0.003820626528913534,-0.10123770778062355,
GSE98034,0.003820626528913534,-0.10123770778062355,
GSE98040,0.003820626528913534,-0.10123770778062355,
GSE98041,0.003820626528913534,-0.10123770778062355,
GSE98063,0.003820626528913534,-0.10123770778062355,
GSE98082,0.003820626528913534,-0.10123770778062355,
GSE98132,0.003820626528913534,-0.10123770778062355,
GSE98133,0.003820626528913534,-0.10123770778062355,
GSE98142,0.003820626528913534,-0.10123770778062355,
GSE98158,0.003820626528913534,-0.10123770778062355,
GSE98167,0.003820626528913534,-0.10123770778062355,
GSE98168,0.003820626528913534,-0.10123770778062355,
GSE98197,0.003820626528913534,-0.10123770778062355,
GSE98232,0.003820626528913534,-0.10123770778062355,
GSE97399,0.003820626528913534,-0.10123770778062355,
GSE98262,0.003820626528913534,-0.10123770778062355,
GSE98297,0.003820626528913534,-0.10123770778062355,
GSE98299,0.003820626528913534,-0.10123770778062355,
GSE98347,0.003820626528913534,-0.10123770778062355,
GSE98356,0.003820626528913534,-0.10123770778062355,
GSE98359,0.003820626528913534,-0.10123770778062355,
GSE98360,0.003820626528913534,-0.10123770778062355,
GSE98387,0.003820626528913534,-0.10123770778062355,
GSE98388,0.003820626528913534,-0.10123770778062355,
GSE98401,0.003820626528913534,-0.10123770778062355,
GSE98413,0.003820626528913534,-0.10123770778062355,
GSE98415,0.003820626528913534,-0.10123770778062355,
GSE98418,0.003820626528913534,-0.10123770778062355,
GSE98423,0.003820626528913534,-0.10123770778062355,
GSE98255,0.003820626528913534,-0.10123770778062355,
GSE97439,0.003820626528913534,-0.10123770778062355,
GSE97445,0.003820626528913534,-0.10123770778062355,
GSE97450,0.003820626528913534,-0.10123770778062355,
GSE97461,0.003820626528913534,-0.10123770778062355,
GSE97462,0.003820626528913534,-0.10123770778062355,
GSE97464,0.003820626528913534,-0.10123770778062355,
GSE97534,0.003820626528913534,-0.10123770778062355,
GSE97544,0.003820626528913534,-0.10123770778062355,
GSE97571,0.003820626528913534,-0.10123770778062355,
GSE97579,0.003820626528913534,-0.10123770778062355,
GSE97618,0.003820626528913534,-0.10123770778062355,
GSE97690,0.003820626528913534,-0.10123770778062355,
GSE97716,0.003820626528913534,-0.10123770778062355,
GSE97718,0.003820626528913534,-0.10123770778062355,
GSE97996,0.003820626528913534,-0.10123770778062355,
GSE97732,0.003820626528913534,-0.10123770778062355,
GSE97735,0.003820626528913534,-0.10123770778062355,
GSE97764,0.003820626528913534,-0.10123770778062355,
GSE97804,0.003820626528913534,-0.10123770778062355,
GSE97859,0.003820626528913534,-0.10123770778062355,
GSE97875,0.003820626528913534,-0.10123770778062355,
GSE97891,0.003820626528913534,-0.10123770778062355,
GSE97914,0.003820626528913534,-0.10123770778062355,
GSE97925,0.003820626528913534,-0.10123770778062355,
GSE97939,0.003820626528913534,-0.10123770778062355,
GSE97941,0.003820626528913534,-0.10123770778062355,
GSE97947,0.003820626528913534,-0.10123770778062355,
GSE97954,0.003820626528913534,-0.10123770778062355,
GSE97993,0.003820626528913534,-0.10123770778062355,
GSE97721,0.003820626528913534,-0.10123770778062355,
GSE86507,0.003820626528913534,-0.10123770778062355,
GSE86520,0.003820626528913534,-0.10123770778062355,
GSE86521,0.003820626528913534,-0.10123770778062355,
GSE86526,0.003820626528913534,-0.10123770778062355,
GSE86568,0.003820626528913534,-0.10123770778062355,
GSE86609,0.003820626528913534,-0.10123770778062355,
GSE86631,0.003820626528913534,-0.10123770778062355,
GSE86780,0.003820626528913534,-0.10123770778062355,
GSE86788,0.003820626528913534,-0.10123770778062355,
GSE86790,0.003820626528913534,-0.10123770778062355,
GSE86817,0.003820626528913534,-0.10123770778062355,
GSE86837,0.003820626528913534,-0.10123770778062355,
GSE86840,0.003820626528913534,-0.10123770778062355,
GSE92721,0.003820626528913534,-0.10123770778062355,
GSE86865,0.003820626528913534,-0.10123770778062355,
GSE86868,0.003820626528913534,-0.10123770778062355,
GSE86895,0.003820626528913534,-0.10123770778062355,
GSE86907,0.003820626528913534,-0.10123770778062355,
GSE86909,0.003820626528913534,-0.10123770778062355,
GSE86922,0.003820626528913534,-0.10123770778062355,
GSE86927,0.003820626528913534,-0.10123770778062355,
GSE86929,0.003820626528913534,-0.10123770778062355,
GSE86949,0.003820626528913534,-0.10123770778062355,
GSE86955,0.003820626528913534,-0.10123770778062355,
GSE86962,0.003820626528913534,-0.10123770778062355,
GSE86976,0.003820626528913534,-0.10123770778062355,
GSE86997,0.003820626528913534,-0.10123770778062355,
GSE87027,0.003820626528913534,-0.10123770778062355,
GSE86850,0.003820626528913534,-0.10123770778062355,
GSE86073,0.003820626528913534,-0.10123770778062355,
GSE86079,0.003820626528913534,-0.10123770778062355,
GSE86083,0.003820626528913534,-0.10123770778062355,
GSE86110,0.003820626528913534,-0.10123770778062355,
GSE86111,0.003820626528913534,-0.10123770778062355,
GSE86112,0.003820626528913534,-0.10123770778062355,
GSE86113,0.003820626528913534,-0.10123770778062355,
GSE86167,0.003820626528913534,-0.10123770778062355,
GSE86187,0.003820626528913534,-0.10123770778062355,
GSE86188,0.003820626528913534,-0.10123770778062355,
GSE86199,0.003820626528913534,-0.10123770778062355,
GSE86209,0.003820626528913534,-0.10123770778062355,
GSE86235,0.003820626528913534,-0.10123770778062355,
GSE86248,0.003820626528913534,-0.10123770778062355,
GSE86479,0.003820626528913534,-0.10123770778062355,
GSE86280,0.003820626528913534,-0.10123770778062355,
GSE86288,0.003820626528913534,-0.10123770778062355,
GSE86297,0.003820626528913534,-0.10123770778062355,
GSE86301,0.003820626528913534,-0.10123770778062355,
GSE86310,0.003820626528913534,-0.10123770778062355,
GSE86315,0.003820626528913534,-0.10123770778062355,
GSE86318,0.003820626528913534,-0.10123770778062355,
GSE86339,0.003820626528913534,-0.10123770778062355,
GSE86396,0.003820626528913534,-0.10123770778062355,
GSE86400,0.003820626528913534,-0.10123770778062355,
GSE86417,0.003820626528913534,-0.10123770778062355,
GSE86418,0.003820626528913534,-0.10123770778062355,
GSE86442,0.003820626528913534,-0.10123770778062355,
GSE86460,0.003820626528913534,-0.10123770778062355,
GSE86261,0.003820626528913534,-0.10123770778062355,
GSE87478,0.003820626528913534,-0.10123770778062355,
GSE87511,0.003820626528913534,-0.10123770778062355,
GSE87512,0.003820626528913534,-0.10123770778062355,
GSE87519,0.003820626528913534,-0.10123770778062355,
GSE87527,0.003820626528913534,-0.10123770778062355,
GSE87531,0.003820626528913534,-0.10123770778062355,
GSE87542,0.003820626528913534,-0.10123770778062355,
GSE87544,0.003820626528913534,-0.10123770778062355,
GSE87550,0.003820626528913534,-0.10123770778062355,
GSE87561,0.003820626528913534,-0.10123770778062355,
GSE87569,0.003820626528913534,-0.10123770778062355,
GSE87586,0.003820626528913534,-0.10123770778062355,
GSE87602,0.003820626528913534,-0.10123770778062355,
GSE87046,0.003820626528913534,-0.10123770778062355,
GSE87608,0.003820626528913534,-0.10123770778062355,
GSE87631,0.003820626528913534,-0.10123770778062355,
GSE87632,0.003820626528913534,-0.10123770778062355,
GSE87633,0.003820626528913534,-0.10123770778062355,
GSE87635,0.003820626528913534,-0.10123770778062355,
GSE87644,0.003820626528913534,-0.10123770778062355,
GSE87647,0.003820626528913534,-0.10123770778062355,
GSE87694,0.003820626528913534,-0.10123770778062355,
GSE87743,0.003820626528913534,-0.10123770778062355,
GSE87758,0.003820626528913534,-0.10123770778062355,
GSE87795,0.003820626528913534,-0.10123770778062355,
GSE87799,0.003820626528913534,-0.10123770778062355,
GSE87800,0.003820626528913534,-0.10123770778062355,
GSE87808,0.003820626528913534,-0.10123770778062355,
GSE87606,0.003820626528913534,-0.10123770778062355,
GSE87050,0.003820626528913534,-0.10123770778062355,
GSE87051,0.003820626528913534,-0.10123770778062355,
GSE87068,0.003820626528913534,-0.10123770778062355,
GSE87069,0.003820626528913534,-0.10123770778062355,
GSE87084,0.003820626528913534,-0.10123770778062355,
GSE87104,0.003820626528913534,-0.10123770778062355,
GSE87113,0.003820626528913534,-0.10123770778062355,
GSE87127,0.003820626528913534,-0.10123770778062355,
GSE87130,0.003820626528913534,-0.10123770778062355,
GSE87144,0.003820626528913534,-0.10123770778062355,
GSE87181,0.003820626528913534,-0.10123770778062355,
GSE87183,0.003820626528913534,-0.10123770778062355,
GSE87202,0.003820626528913534,-0.10123770778062355,
GSE87212,0.003820626528913534,-0.10123770778062355,
GSE87464,0.003820626528913534,-0.10123770778062355,
GSE87266,0.003820626528913534,-0.10123770778062355,
GSE87293,0.003820626528913534,-0.10123770778062355,
GSE87299,0.003820626528913534,-0.10123770778062355,
GSE87315,0.003820626528913534,-0.10123770778062355,
GSE87321,0.003820626528913534,-0.10123770778062355,
GSE87341,0.003820626528913534,-0.10123770778062355,
GSE87344,0.003820626528913534,-0.10123770778062355,
GSE87354,0.003820626528913534,-0.10123770778062355,
GSE87375,0.003820626528913534,-0.10123770778062355,
GSE87386,0.003820626528913534,-0.10123770778062355,
GSE87387,0.003820626528913534,-0.10123770778062355,
GSE87388,0.003820626528913534,-0.10123770778062355,
GSE87404,0.003820626528913534,-0.10123770778062355,
GSE87450,0.003820626528913534,-0.10123770778062355,
GSE87219,0.003820626528913534,-0.10123770778062355,
GSE84874,0.003820626528913534,-0.10123770778062355,
GSE84878,0.003820626528913534,-0.10123770778062355,
GSE84892,0.003820626528913534,-0.10123770778062355,
GSE84899,0.003820626528913534,-0.10123770778062355,
GSE84914,0.003820626528913534,-0.10123770778062355,
GSE84919,0.003820626528913534,-0.10123770778062355,
GSE84922,0.003820626528913534,-0.10123770778062355,
GSE84927,0.003820626528913534,-0.10123770778062355,
GSE84942,0.003820626528913534,-0.10123770778062355,
GSE84945,0.003820626528913534,-0.10123770778062355,
GSE84946,0.003820626528913534,-0.10123770778062355,
GSE84953,0.003820626528913534,-0.10123770778062355,
GSE84961,0.003820626528913534,-0.10123770778062355,
GSE86071,0.003820626528913534,-0.10123770778062355,
GSE84993,0.003820626528913534,-0.10123770778062355,
GSE84994,0.003820626528913534,-0.10123770778062355,
GSE84996,0.003820626528913534,-0.10123770778062355,
GSE85018,0.003820626528913534,-0.10123770778062355,
GSE85019,0.003820626528913534,-0.10123770778062355,
GSE85039,0.003820626528913534,-0.10123770778062355,
GSE85061,0.003820626528913534,-0.10123770778062355,
GSE85098,0.003820626528913534,-0.10123770778062355,
GSE85128,0.003820626528913534,-0.10123770778062355,
GSE85131,0.003820626528913534,-0.10123770778062355,
GSE85136,0.003820626528913534,-0.10123770778062355,
GSE85193,0.003820626528913534,-0.10123770778062355,
GSE85209,0.003820626528913534,-0.10123770778062355,
GSE85234,0.003820626528913534,-0.10123770778062355,
GSE84987,0.003820626528913534,-0.10123770778062355,
GSE84481,0.003820626528913534,-0.10123770778062355,
GSE84498,0.003820626528913534,-0.10123770778062355,
GSE84517,0.003820626528913534,-0.10123770778062355,
GSE84526,0.003820626528913534,-0.10123770778062355,
GSE84527,0.003820626528913534,-0.10123770778062355,
GSE84534,0.003820626528913534,-0.10123770778062355,
GSE84545,0.003820626528913534,-0.10123770778062355,
GSE84547,0.003820626528913534,-0.10123770778062355,
GSE84548,0.003820626528913534,-0.10123770778062355,
GSE84553,0.003820626528913534,-0.10123770778062355,
GSE84586,0.003820626528913534,-0.10123770778062355,
GSE84592,0.003820626528913534,-0.10123770778062355,
GSE84615,0.003820626528913534,-0.10123770778062355,
GSE84651,0.003820626528913534,-0.10123770778062355,
GSE84873,0.003820626528913534,-0.10123770778062355,
GSE84681,0.003820626528913534,-0.10123770778062355,
GSE84703,0.003820626528913534,-0.10123770778062355,
GSE84724,0.003820626528913534,-0.10123770778062355,
GSE84737,0.003820626528913534,-0.10123770778062355,
GSE84759,0.003820626528913534,-0.10123770778062355,
GSE84786,0.003820626528913534,-0.10123770778062355,
GSE84794,0.003820626528913534,-0.10123770778062355,
GSE84803,0.003820626528913534,-0.10123770778062355,
GSE84804,0.003820626528913534,-0.10123770778062355,
GSE84812,0.003820626528913534,-0.10123770778062355,
GSE84820,0.003820626528913534,-0.10123770778062355,
GSE84832,0.003820626528913534,-0.10123770778062355,
GSE84857,0.003820626528913534,-0.10123770778062355,
GSE84861,0.003820626528913534,-0.10123770778062355,
GSE84665,0.003820626528913534,-0.10123770778062355,
GSE85674,0.003820626528913534,-0.10123770778062355,
GSE85702,0.003820626528913534,-0.10123770778062355,
GSE85717,0.003820626528913534,-0.10123770778062355,
GSE85721,0.003820626528913534,-0.10123770778062355,
GSE85723,0.003820626528913534,-0.10123770778062355,
GSE85727,0.003820626528913534,-0.10123770778062355,
GSE85731,0.003820626528913534,-0.10123770778062355,
GSE85737,0.003820626528913534,-0.10123770778062355,
GSE85745,0.003820626528913534,-0.10123770778062355,
GSE85750,0.003820626528913534,-0.10123770778062355,
GSE85763,0.003820626528913534,-0.10123770778062355,
GSE85793,0.003820626528913534,-0.10123770778062355,
GSE85798,0.003820626528913534,-0.10123770778062355,
GSE85855,0.003820626528913534,-0.10123770778062355,
GSE85249,0.003820626528913534,-0.10123770778062355,
GSE85875,0.003820626528913534,-0.10123770778062355,
GSE85891,0.003820626528913534,-0.10123770778062355,
GSE85929,0.003820626528913534,-0.10123770778062355,
GSE85936,0.003820626528913534,-0.10123770778062355,
GSE85951,0.003820626528913534,-0.10123770778062355,
GSE85954,0.003820626528913534,-0.10123770778062355,
GSE85967,0.003820626528913534,-0.10123770778062355,
GSE85976,0.003820626528913534,-0.10123770778062355,
GSE86028,0.003820626528913534,-0.10123770778062355,
GSE86030,0.003820626528913534,-0.10123770778062355,
GSE86031,0.003820626528913534,-0.10123770778062355,
GSE86039,0.003820626528913534,-0.10123770778062355,
GSE86043,0.003820626528913534,-0.10123770778062355,
GSE86065,0.003820626528913534,-0.10123770778062355,
GSE85874,0.003820626528913534,-0.10123770778062355,
GSE85266,0.003820626528913534,-0.10123770778062355,
GSE85278,0.003820626528913534,-0.10123770778062355,
GSE85302,0.003820626528913534,-0.10123770778062355,
GSE85303,0.003820626528913534,-0.10123770778062355,
GSE85308,0.003820626528913534,-0.10123770778062355,
GSE85316,0.003820626528913534,-0.10123770778062355,
GSE85329,0.003820626528913534,-0.10123770778062355,
GSE85360,0.003820626528913534,-0.10123770778062355,
GSE85391,0.003820626528913534,-0.10123770778062355,
GSE85412,0.003820626528913534,-0.10123770778062355,
GSE85414,0.003820626528913534,-0.10123770778062355,
GSE85423,0.003820626528913534,-0.10123770778062355,
GSE85450,0.003820626528913534,-0.10123770778062355,
GSE85462,0.003820626528913534,-0.10123770778062355,
GSE85657,0.003820626528913534,-0.10123770778062355,
GSE85491,0.003820626528913534,-0.10123770778062355,
GSE85498,0.003820626528913534,-0.10123770778062355,
GSE85505,0.003820626528913534,-0.10123770778062355,
GSE85512,0.003820626528913534,-0.10123770778062355,
GSE85519,0.003820626528913534,-0.10123770778062355,
GSE85520,0.003820626528913534,-0.10123770778062355,
GSE85532,0.003820626528913534,-0.10123770778062355,
GSE85535,0.003820626528913534,-0.10123770778062355,
GSE85553,0.003820626528913534,-0.10123770778062355,
GSE85576,0.003820626528913534,-0.10123770778062355,
GSE85597,0.003820626528913534,-0.10123770778062355,
GSE85641,0.003820626528913534,-0.10123770778062355,
GSE85642,0.003820626528913534,-0.10123770778062355,
GSE85646,0.003820626528913534,-0.10123770778062355,
GSE85484,0.003820626528913534,-0.10123770778062355,
GSE90615,0.003820626528913534,-0.10123770778062355,
GSE90652,0.003820626528913534,-0.10123770778062355,
GSE90654,0.003820626528913534,-0.10123770778062355,
GSE90655,0.003820626528913534,-0.10123770778062355,
GSE90697,0.003820626528913534,-0.10123770778062355,
GSE90712,0.003820626528913534,-0.10123770778062355,
GSE90725,0.003820626528913534,-0.10123770778062355,
GSE90731,0.003820626528913534,-0.10123770778062355,
GSE90736,0.003820626528913534,-0.10123770778062355,
GSE90742,0.003820626528913534,-0.10123770778062355,
GSE90758,0.003820626528913534,-0.10123770778062355,
GSE90766,0.003820626528913534,-0.10123770778062355,
GSE90797,0.003820626528913534,-0.10123770778062355,
GSE87821,0.003820626528913534,-0.10123770778062355,
GSE90806,0.003820626528913534,-0.10123770778062355,
GSE90809,0.003820626528913534,-0.10123770778062355,
GSE90821,0.003820626528913534,-0.10123770778062355,
GSE90827,0.003820626528913534,-0.10123770778062355,
GSE90847,0.003820626528913534,-0.10123770778062355,
GSE90848,0.003820626528913534,-0.10123770778062355,
GSE90854,0.003820626528913534,-0.10123770778062355,
GSE90855,0.003820626528913534,-0.10123770778062355,
GSE90856,0.003820626528913534,-0.10123770778062355,
GSE90860,0.003820626528913534,-0.10123770778062355,
GSE90883,0.003820626528913534,-0.10123770778062355,
GSE90885,0.003820626528913534,-0.10123770778062355,
GSE90890,0.003820626528913534,-0.10123770778062355,
GSE90894,0.003820626528913534,-0.10123770778062355,
GSE90800,0.003820626528913534,-0.10123770778062355,
GSE90059,0.003820626528913534,-0.10123770778062355,
GSE90067,0.003820626528913534,-0.10123770778062355,
GSE90070,0.003820626528913534,-0.10123770778062355,
GSE90091,0.003820626528913534,-0.10123770778062355,
GSE90094,0.003820626528913534,-0.10123770778062355,
GSE90097,0.003820626528913534,-0.10123770778062355,
GSE90101,0.003820626528913534,-0.10123770778062355,
GSE90108,0.003820626528913534,-0.10123770778062355,
GSE90116,0.003820626528913534,-0.10123770778062355,
GSE90130,0.003820626528913534,-0.10123770778062355,
GSE90134,0.003820626528913534,-0.10123770778062355,
GSE90136,0.003820626528913534,-0.10123770778062355,
GSE90140,0.003820626528913534,-0.10123770778062355,
GSE90148,0.003820626528913534,-0.10123770778062355,
GSE90574,0.003820626528913534,-0.10123770778062355,
GSE90160,0.003820626528913534,-0.10123770778062355,
GSE90447,0.003820626528913534,-0.10123770778062355,
GSE90459,0.003820626528913534,-0.10123770778062355,
GSE90461,0.003820626528913534,-0.10123770778062355,
GSE90466,0.003820626528913534,-0.10123770778062355,
GSE90470,0.003820626528913534,-0.10123770778062355,
GSE90478,0.003820626528913534,-0.10123770778062355,
GSE90486,0.003820626528913534,-0.10123770778062355,
GSE90497,0.003820626528913534,-0.10123770778062355,
GSE90516,0.003820626528913534,-0.10123770778062355,
GSE90522,0.003820626528913534,-0.10123770778062355,
GSE90531,0.003820626528913534,-0.10123770778062355,
GSE90533,0.003820626528913534,-0.10123770778062355,
GSE90573,0.003820626528913534,-0.10123770778062355,
GSE90153,0.003820626528913534,-0.10123770778062355,
GSE92317,0.003820626528913534,-0.10123770778062355,
GSE92323,0.003820626528913534,-0.10123770778062355,
GSE92332,0.003820626528913534,-0.10123770778062355,
GSE92344,0.003820626528913534,-0.10123770778062355,
GSE92361,0.003820626528913534,-0.10123770778062355,
GSE92364,0.003820626528913534,-0.10123770778062355,
GSE92376,0.003820626528913534,-0.10123770778062355,
GSE92377,0.003820626528913534,-0.10123770778062355,
GSE92395,0.003820626528913534,-0.10123770778062355,
GSE92425,0.003820626528913534,-0.10123770778062355,
GSE92441,0.003820626528913534,-0.10123770778062355,
GSE92457,0.003820626528913534,-0.10123770778062355,
GSE92463,0.003820626528913534,-0.10123770778062355,
GSE90908,0.003820626528913534,-0.10123770778062355,
GSE92522,0.003820626528913534,-0.10123770778062355,
GSE92535,0.003820626528913534,-0.10123770778062355,
GSE92539,0.003820626528913534,-0.10123770778062355,
GSE92562,0.003820626528913534,-0.10123770778062355,
GSE92590,0.003820626528913534,-0.10123770778062355,
GSE92602,0.003820626528913534,-0.10123770778062355,
GSE92605,0.003820626528913534,-0.10123770778062355,
GSE92618,0.003820626528913534,-0.10123770778062355,
GSE92620,0.003820626528913534,-0.10123770778062355,
GSE92629,0.003820626528913534,-0.10123770778062355,
GSE92641,0.003820626528913534,-0.10123770778062355,
GSE92699,0.003820626528913534,-0.10123770778062355,
GSE92704,0.003820626528913534,-0.10123770778062355,
GSE92720,0.003820626528913534,-0.10123770778062355,
GSE92486,0.003820626528913534,-0.10123770778062355,
GSE90913,0.003820626528913534,-0.10123770778062355,
GSE90929,0.003820626528913534,-0.10123770778062355,
GSE90932,0.003820626528913534,-0.10123770778062355,
GSE90937,0.003820626528913534,-0.10123770778062355,
GSE90952,0.003820626528913534,-0.10123770778062355,
GSE90958,0.003820626528913534,-0.10123770778062355,
GSE90961,0.003820626528913534,-0.10123770778062355,
GSE90969,0.003820626528913534,-0.10123770778062355,
GSE90976,0.003820626528913534,-0.10123770778062355,
GSE90983,0.003820626528913534,-0.10123770778062355,
GSE90987,0.003820626528913534,-0.10123770778062355,
GSE90988,0.003820626528913534,-0.10123770778062355,
GSE91040,0.003820626528913534,-0.10123770778062355,
GSE91043,0.003820626528913534,-0.10123770778062355,
GSE92308,0.003820626528913534,-0.10123770778062355,
GSE91058,0.003820626528913534,-0.10123770778062355,
GSE91067,0.003820626528913534,-0.10123770778062355,
GSE91078,0.003820626528913534,-0.10123770778062355,
GSE91081,0.003820626528913534,-0.10123770778062355,
GSE91387,0.003820626528913534,-0.10123770778062355,
GSE91390,0.003820626528913534,-0.10123770778062355,
GSE91398,0.003820626528913534,-0.10123770778062355,
GSE91402,0.003820626528913534,-0.10123770778062355,
GSE92238,0.003820626528913534,-0.10123770778062355,
GSE92263,0.003820626528913534,-0.10123770778062355,
GSE92275,0.003820626528913534,-0.10123770778062355,
GSE92282,0.003820626528913534,-0.10123770778062355,
GSE92292,0.003820626528913534,-0.10123770778062355,
GSE92304,0.003820626528913534,-0.10123770778062355,
GSE91052,0.003820626528913534,-0.10123770778062355,
GSE88982,0.003820626528913534,-0.10123770778062355,
GSE88984,0.003820626528913534,-0.10123770778062355,
GSE88996,0.003820626528913534,-0.10123770778062355,
GSE88998,0.003820626528913534,-0.10123770778062355,
GSE89010,0.003820626528913534,-0.10123770778062355,
GSE89011,0.003820626528913534,-0.10123770778062355,
GSE89018,0.003820626528913534,-0.10123770778062355,
GSE89032,0.003820626528913534,-0.10123770778062355,
GSE89035,0.003820626528913534,-0.10123770778062355,
GSE89055,0.003820626528913534,-0.10123770778062355,
GSE89069,0.003820626528913534,-0.10123770778062355,
GSE89108,0.003820626528913534,-0.10123770778062355,
GSE89132,0.003820626528913534,-0.10123770778062355,
GSE90055,0.003820626528913534,-0.10123770778062355,
GSE89171,0.003820626528913534,-0.10123770778062355,
GSE89184,0.003820626528913534,-0.10123770778062355,
GSE89195,0.003820626528913534,-0.10123770778062355,
GSE89196,0.003820626528913534,-0.10123770778062355,
GSE89198,0.003820626528913534,-0.10123770778062355,
GSE89210,0.003820626528913534,-0.10123770778062355,
GSE89242,0.003820626528913534,-0.10123770778062355,
GSE89258,0.003820626528913534,-0.10123770778062355,
GSE89261,0.003820626528913534,-0.10123770778062355,
GSE89263,0.003820626528913534,-0.10123770778062355,
GSE89264,0.003820626528913534,-0.10123770778062355,
GSE89272,0.003820626528913534,-0.10123770778062355,
GSE89313,0.003820626528913534,-0.10123770778062355,
GSE89314,0.003820626528913534,-0.10123770778062355,
GSE89136,0.003820626528913534,-0.10123770778062355,
GSE87824,0.003820626528913534,-0.10123770778062355,
GSE87836,0.003820626528913534,-0.10123770778062355,
GSE87837,0.003820626528913534,-0.10123770778062355,
GSE87862,0.003820626528913534,-0.10123770778062355,
GSE87870,0.003820626528913534,-0.10123770778062355,
GSE87890,0.003820626528913534,-0.10123770778062355,
GSE87899,0.003820626528913534,-0.10123770778062355,
GSE88700,0.003820626528913534,-0.10123770778062355,
GSE88706,0.003820626528913534,-0.10123770778062355,
GSE88709,0.003820626528913534,-0.10123770778062355,
GSE88732,0.003820626528913534,-0.10123770778062355,
GSE88745,0.003820626528913534,-0.10123770778062355,
GSE88761,0.003820626528913534,-0.10123770778062355,
GSE88764,0.003820626528913534,-0.10123770778062355,
GSE88970,0.003820626528913534,-0.10123770778062355,
GSE88778,0.003820626528913534,-0.10123770778062355,
GSE88789,0.003820626528913534,-0.10123770778062355,
GSE88791,0.003820626528913534,-0.10123770778062355,
GSE88801,0.003820626528913534,-0.10123770778062355,
GSE88829,0.003820626528913534,-0.10123770778062355,
GSE88830,0.003820626528913534,-0.10123770778062355,
GSE88836,0.003820626528913534,-0.10123770778062355,
GSE88840,0.003820626528913534,-0.10123770778062355,
GSE88841,0.003820626528913534,-0.10123770778062355,
GSE88905,0.003820626528913534,-0.10123770778062355,
GSE88908,0.003820626528913534,-0.10123770778062355,
GSE88949,0.003820626528913534,-0.10123770778062355,
GSE88959,0.003820626528913534,-0.10123770778062355,
GSE88967,0.003820626528913534,-0.10123770778062355,
GSE88777,0.003820626528913534,-0.10123770778062355,
GSE89692,0.003820626528913534,-0.10123770778062355,
GSE89695,0.003820626528913534,-0.10123770778062355,
GSE89711,0.003820626528913534,-0.10123770778062355,
GSE89712,0.003820626528913534,-0.10123770778062355,
GSE89732,0.003820626528913534,-0.10123770778062355,
GSE89733,0.003820626528913534,-0.10123770778062355,
GSE89734,0.003820626528913534,-0.10123770778062355,
GSE89737,0.003820626528913534,-0.10123770778062355,
GSE89758,0.003820626528913534,-0.10123770778062355,
GSE89762,0.003820626528913534,-0.10123770778062355,
GSE89764,0.003820626528913534,-0.10123770778062355,
GSE89771,0.003820626528913534,-0.10123770778062355,
GSE89798,0.003820626528913534,-0.10123770778062355,
GSE89801,0.003820626528913534,-0.10123770778062355,
GSE89352,0.003820626528913534,-0.10123770778062355,
GSE89811,0.003820626528913534,-0.10123770778062355,
GSE89817,0.003820626528913534,-0.10123770778062355,
GSE89834,0.003820626528913534,-0.10123770778062355,
GSE89848,0.003820626528913534,-0.10123770778062355,
GSE89897,0.003820626528913534,-0.10123770778062355,
GSE89899,0.003820626528913534,-0.10123770778062355,
GSE89900,0.003820626528913534,-0.10123770778062355,
GSE89945,0.003820626528913534,-0.10123770778062355,
GSE89960,0.003820626528913534,-0.10123770778062355,
GSE89984,0.003820626528913534,-0.10123770778062355,
GSE89992,0.003820626528913534,-0.10123770778062355,
GSE90019,0.003820626528913534,-0.10123770778062355,
GSE90046,0.003820626528913534,-0.10123770778062355,
GSE90047,0.003820626528913534,-0.10123770778062355,
GSE89806,0.003820626528913534,-0.10123770778062355,
GSE89361,0.003820626528913534,-0.10123770778062355,
GSE89364,0.003820626528913534,-0.10123770778062355,
GSE89378,0.003820626528913534,-0.10123770778062355,
GSE89412,0.003820626528913534,-0.10123770778062355,
GSE89430,0.003820626528913534,-0.10123770778062355,
GSE89434,0.003820626528913534,-0.10123770778062355,
GSE89454,0.003820626528913534,-0.10123770778062355,
GSE89460,0.003820626528913534,-0.10123770778062355,
GSE89463,0.003820626528913534,-0.10123770778062355,
GSE89477,0.003820626528913534,-0.10123770778062355,
GSE89482,0.003820626528913534,-0.10123770778062355,
GSE89500,0.003820626528913534,-0.10123770778062355,
GSE89505,0.003820626528913534,-0.10123770778062355,
GSE89532,0.003820626528913534,-0.10123770778062355,
GSE89683,0.003820626528913534,-0.10123770778062355,
GSE89547,0.003820626528913534,-0.10123770778062355,
GSE89549,0.003820626528913534,-0.10123770778062355,
GSE89572,0.003820626528913534,-0.10123770778062355,
GSE89574,0.003820626528913534,-0.10123770778062355,
GSE89585,0.003820626528913534,-0.10123770778062355,
GSE89619,0.003820626528913534,-0.10123770778062355,
GSE89620,0.003820626528913534,-0.10123770778062355,
GSE89621,0.003820626528913534,-0.10123770778062355,
GSE89622,0.003820626528913534,-0.10123770778062355,
GSE89627,0.003820626528913534,-0.10123770778062355,
GSE89633,0.003820626528913534,-0.10123770778062355,
GSE89636,0.003820626528913534,-0.10123770778062355,
GSE89640,0.003820626528913534,-0.10123770778062355,
GSE89665,0.003820626528913534,-0.10123770778062355,
GSE89546,0.003820626528913534,-0.10123770778062355,
GSE46340,0.003820626528913534,-0.10123770778062355,
GSE46363,0.003820626528913534,-0.10123770778062355,
GSE46433,0.003820626528913534,-0.10123770778062355,
GSE46434,0.003820626528913534,-0.10123770778062355,
GSE46494,0.003820626528913534,-0.10123770778062355,
GSE46664,0.003820626528913534,-0.10123770778062355,
GSE46700,0.003820626528913534,-0.10123770778062355,
GSE46730,0.003820626528913534,-0.10123770778062355,
GSE46807,0.003820626528913534,-0.10123770778062355,
GSE46815,0.003820626528913534,-0.10123770778062355,
GSE46953,0.003820626528913534,-0.10123770778062355,
GSE47019,0.003820626528913534,-0.10123770778062355,
GSE47062,0.003820626528913534,-0.10123770778062355,
GSE72184,0.003820626528913534,-0.10123770778062355,
GSE47083,0.003820626528913534,-0.10123770778062355,
GSE47089,0.003820626528913534,-0.10123770778062355,
GSE47124,0.003820626528913534,-0.10123770778062355,
GSE47370,0.003820626528913534,-0.10123770778062355,
GSE47395,0.003820626528913534,-0.10123770778062355,
GSE47442,0.003820626528913534,-0.10123770778062355,
GSE47454,0.003820626528913534,-0.10123770778062355,
GSE47459,0.003820626528913534,-0.10123770778062355,
GSE47484,0.003820626528913534,-0.10123770778062355,
GSE47494,0.003820626528913534,-0.10123770778062355,
GSE47536,0.003820626528913534,-0.10123770778062355,
GSE47656,0.003820626528913534,-0.10123770778062355,
GSE47703,0.003820626528913534,-0.10123770778062355,
GSE47707,0.003820626528913534,-0.10123770778062355,
GSE47081,0.003820626528913534,-0.10123770778062355,
GSE45182,0.003820626528913534,-0.10123770778062355,
GSE45254,0.003820626528913534,-0.10123770778062355,
GSE45278,0.003820626528913534,-0.10123770778062355,
GSE45284,0.003820626528913534,-0.10123770778062355,
GSE45319,0.003820626528913534,-0.10123770778062355,
GSE45338,0.003820626528913534,-0.10123770778062355,
GSE45358,0.003820626528913534,-0.10123770778062355,
GSE45376,0.003820626528913534,-0.10123770778062355,
GSE45446,0.003820626528913534,-0.10123770778062355,
GSE45474,0.003820626528913534,-0.10123770778062355,
GSE45568,0.003820626528913534,-0.10123770778062355,
GSE45597,0.003820626528913534,-0.10123770778062355,
GSE45657,0.003820626528913534,-0.10123770778062355,
GSE45684,0.003820626528913534,-0.10123770778062355,
GSE46316,0.003820626528913534,-0.10123770778062355,
GSE45760,0.003820626528913534,-0.10123770778062355,
GSE45888,0.003820626528913534,-0.10123770778062355,
GSE45893,0.003820626528913534,-0.10123770778062355,
GSE45909,0.003820626528913534,-0.10123770778062355,
GSE45914,0.003820626528913534,-0.10123770778062355,
GSE45930,0.003820626528913534,-0.10123770778062355,
GSE45975,0.003820626528913534,-0.10123770778062355,
GSE46038,0.003820626528913534,-0.10123770778062355,
GSE46066,0.003820626528913534,-0.10123770778062355,
GSE46104,0.003820626528913534,-0.10123770778062355,
GSE46149,0.003820626528913534,-0.10123770778062355,
GSE46207,0.003820626528913534,-0.10123770778062355,
GSE46213,0.003820626528913534,-0.10123770778062355,
GSE46240,0.003820626528913534,-0.10123770778062355,
GSE45703,0.003820626528913534,-0.10123770778062355,
GSE48763,0.003820626528913534,-0.10123770778062355,
GSE48764,0.003820626528913534,-0.10123770778062355,
GSE48808,0.003820626528913534,-0.10123770778062355,
GSE48870,0.003820626528913534,-0.10123770778062355,
GSE48878,0.003820626528913534,-0.10123770778062355,
GSE48962,0.003820626528913534,-0.10123770778062355,
GSE48965,0.003820626528913534,-0.10123770778062355,
GSE48966,0.003820626528913534,-0.10123770778062355,
GSE48974,0.003820626528913534,-0.10123770778062355,
GSE49023,0.003820626528913534,-0.10123770778062355,
GSE49027,0.003820626528913534,-0.10123770778062355,
GSE49047,0.003820626528913534,-0.10123770778062355,
GSE49109,0.003820626528913534,-0.10123770778062355,
GSE47708,0.003820626528913534,-0.10123770778062355,
GSE49147,0.003820626528913534,-0.10123770778062355,
GSE49313,0.003820626528913534,-0.10123770778062355,
GSE49366,0.003820626528913534,-0.10123770778062355,
GSE49434,0.003820626528913534,-0.10123770778062355,
GSE49449,0.003820626528913534,-0.10123770778062355,
GSE49538,0.003820626528913534,-0.10123770778062355,
GSE49555,0.003820626528913534,-0.10123770778062355,
GSE49571,0.003820626528913534,-0.10123770778062355,
GSE49581,0.003820626528913534,-0.10123770778062355,
GSE49622,0.003820626528913534,-0.10123770778062355,
GSE49669,0.003820626528913534,-0.10123770778062355,
GSE49715,0.003820626528913534,-0.10123770778062355,
GSE49761,0.003820626528913534,-0.10123770778062355,
GSE49843,0.003820626528913534,-0.10123770778062355,
GSE49114,0.003820626528913534,-0.10123770778062355,
GSE47735,0.003820626528913534,-0.10123770778062355,
GSE47793,0.003820626528913534,-0.10123770778062355,
GSE47851,0.003820626528913534,-0.10123770778062355,
GSE47877,0.003820626528913534,-0.10123770778062355,
GSE47883,0.003820626528913534,-0.10123770778062355,
GSE47919,0.003820626528913534,-0.10123770778062355,
GSE47926,0.003820626528913534,-0.10123770778062355,
GSE47948,0.003820626528913534,-0.10123770778062355,
GSE47954,0.003820626528913534,-0.10123770778062355,
GSE47964,0.003820626528913534,-0.10123770778062355,
GSE48005,0.003820626528913534,-0.10123770778062355,
GSE48020,0.003820626528913534,-0.10123770778062355,
GSE48043,0.003820626528913534,-0.10123770778062355,
GSE48048,0.003820626528913534,-0.10123770778062355,
GSE48654,0.003820626528913534,-0.10123770778062355,
GSE48109,0.003820626528913534,-0.10123770778062355,
GSE48138,0.003820626528913534,-0.10123770778062355,
GSE48172,0.003820626528913534,-0.10123770778062355,
GSE48206,0.003820626528913534,-0.10123770778062355,
GSE48229,0.003820626528913534,-0.10123770778062355,
GSE48252,0.003820626528913534,-0.10123770778062355,
GSE48364,0.003820626528913534,-0.10123770778062355,
GSE48387,0.003820626528913534,-0.10123770778062355,
GSE48419,0.003820626528913534,-0.10123770778062355,
GSE48480,0.003820626528913534,-0.10123770778062355,
GSE48519,0.003820626528913534,-0.10123770778062355,
GSE48553,0.003820626528913534,-0.10123770778062355,
GSE48607,0.003820626528913534,-0.10123770778062355,
GSE48649,0.003820626528913534,-0.10123770778062355,
GSE48085,0.003820626528913534,-0.10123770778062355,
GSE40948,0.003820626528913534,-0.10123770778062355,
GSE40969,0.003820626528913534,-0.10123770778062355,
GSE40978,0.003820626528913534,-0.10123770778062355,
GSE41082,0.003820626528913534,-0.10123770778062355,
GSE41265,0.003820626528913534,-0.10123770778062355,
GSE41285,0.003820626528913534,-0.10123770778062355,
GSE41287,0.003820626528913534,-0.10123770778062355,
GSE41317,0.003820626528913534,-0.10123770778062355,
GSE41538,0.003820626528913534,-0.10123770778062355,
GSE41545,0.003820626528913534,-0.10123770778062355,
GSE41658,0.003820626528913534,-0.10123770778062355,
GSE41710,0.003820626528913534,-0.10123770778062355,
GSE41785,0.003820626528913534,-0.10123770778062355,
GSE45152,0.003820626528913534,-0.10123770778062355,
GSE41876,0.003820626528913534,-0.10123770778062355,
GSE41879,0.003820626528913534,-0.10123770778062355,
GSE41903,0.003820626528913534,-0.10123770778062355,
GSE41908,0.003820626528913534,-0.10123770778062355,
GSE41937,0.003820626528913534,-0.10123770778062355,
GSE41974,0.003820626528913534,-0.10123770778062355,
GSE41976,0.003820626528913534,-0.10123770778062355,
GSE41979,0.003820626528913534,-0.10123770778062355,
GSE41985,0.003820626528913534,-0.10123770778062355,
GSE42100,0.003820626528913534,-0.10123770778062355,
GSE42120,0.003820626528913534,-0.10123770778062355,
GSE42154,0.003820626528913534,-0.10123770778062355,
GSE42339,0.003820626528913534,-0.10123770778062355,
GSE42350,0.003820626528913534,-0.10123770778062355,
GSE41792,0.003820626528913534,-0.10123770778062355,
GSE38907,0.003820626528913534,-0.10123770778062355,
GSE38990,0.003820626528913534,-0.10123770778062355,
GSE39113,0.003820626528913534,-0.10123770778062355,
GSE39129,0.003820626528913534,-0.10123770778062355,
GSE39160,0.003820626528913534,-0.10123770778062355,
GSE39406,0.003820626528913534,-0.10123770778062355,
GSE39513,0.003820626528913534,-0.10123770778062355,
GSE39522,0.003820626528913534,-0.10123770778062355,
GSE39605,0.003820626528913534,-0.10123770778062355,
GSE39652,0.003820626528913534,-0.10123770778062355,
GSE39656,0.003820626528913534,-0.10123770778062355,
GSE39657,0.003820626528913534,-0.10123770778062355,
GSE39756,0.003820626528913534,-0.10123770778062355,
GSE39812,0.003820626528913534,-0.10123770778062355,
GSE40823,0.003820626528913534,-0.10123770778062355,
GSE39851,0.003820626528913534,-0.10123770778062355,
GSE39866,0.003820626528913534,-0.10123770778062355,
GSE39918,0.003820626528913534,-0.10123770778062355,
GSE39970,0.003820626528913534,-0.10123770778062355,
GSE40064,0.003820626528913534,-0.10123770778062355,
GSE40171,0.003820626528913534,-0.10123770778062355,
GSE40190,0.003820626528913534,-0.10123770778062355,
GSE40285,0.003820626528913534,-0.10123770778062355,
GSE40350,0.003820626528913534,-0.10123770778062355,
GSE40436,0.003820626528913534,-0.10123770778062355,
GSE40468,0.003820626528913534,-0.10123770778062355,
GSE40478,0.003820626528913534,-0.10123770778062355,
GSE40652,0.003820626528913534,-0.10123770778062355,
GSE40688,0.003820626528913534,-0.10123770778062355,
GSE39849,0.003820626528913534,-0.10123770778062355,
GSE43879,0.003820626528913534,-0.10123770778062355,
GSE43948,0.003820626528913534,-0.10123770778062355,
GSE44157,0.003820626528913534,-0.10123770778062355,
GSE44158,0.003820626528913534,-0.10123770778062355,
GSE44229,0.003820626528913534,-0.10123770778062355,
GSE44333,0.003820626528913534,-0.10123770778062355,
GSE44346,0.003820626528913534,-0.10123770778062355,
GSE44359,0.003820626528913534,-0.10123770778062355,
GSE44402,0.003820626528913534,-0.10123770778062355,
GSE44553,0.003820626528913534,-0.10123770778062355,
GSE44566,0.003820626528913534,-0.10123770778062355,
GSE44573,0.003820626528913534,-0.10123770778062355,
GSE44575,0.003820626528913534,-0.10123770778062355,
GSE44591,0.003820626528913534,-0.10123770778062355,
GSE42398,0.003820626528913534,-0.10123770778062355,
GSE44654,0.003820626528913534,-0.10123770778062355,
GSE44665,0.003820626528913534,-0.10123770778062355,
GSE44668,0.003820626528913534,-0.10123770778062355,
GSE44674,0.003820626528913534,-0.10123770778062355,
GSE44698,0.003820626528913534,-0.10123770778062355,
GSE44733,0.003820626528913534,-0.10123770778062355,
GSE44775,0.003820626528913534,-0.10123770778062355,
GSE44831,0.003820626528913534,-0.10123770778062355,
GSE44935,0.003820626528913534,-0.10123770778062355,
GSE44942,0.003820626528913534,-0.10123770778062355,
GSE45048,0.003820626528913534,-0.10123770778062355,
GSE45118,0.003820626528913534,-0.10123770778062355,
GSE45119,0.003820626528913534,-0.10123770778062355,
GSE45148,0.003820626528913534,-0.10123770778062355,
GSE44640,0.003820626528913534,-0.10123770778062355,
GSE42443,0.003820626528913534,-0.10123770778062355,
GSE42474,0.003820626528913534,-0.10123770778062355,
GSE42564,0.003820626528913534,-0.10123770778062355,
GSE42573,0.003820626528913534,-0.10123770778062355,
GSE42605,0.003820626528913534,-0.10123770778062355,
GSE42662,0.003820626528913534,-0.10123770778062355,
GSE42704,0.003820626528913534,-0.10123770778062355,
GSE42805,0.003820626528913534,-0.10123770778062355,
GSE42852,0.003820626528913534,-0.10123770778062355,
GSE42878,0.003820626528913534,-0.10123770778062355,
GSE42880,0.003820626528913534,-0.10123770778062355,
GSE42912,0.003820626528913534,-0.10123770778062355,
GSE42923,0.003820626528913534,-0.10123770778062355,
GSE42990,0.003820626528913534,-0.10123770778062355,
GSE43735,0.003820626528913534,-0.10123770778062355,
GSE43041,0.003820626528913534,-0.10123770778062355,
GSE43078,0.003820626528913534,-0.10123770778062355,
GSE43314,0.003820626528913534,-0.10123770778062355,
GSE43351,0.003820626528913534,-0.10123770778062355,
GSE43366,0.003820626528913534,-0.10123770778062355,
GSE43390,0.003820626528913534,-0.10123770778062355,
GSE43431,0.003820626528913534,-0.10123770778062355,
GSE43575,0.003820626528913534,-0.10123770778062355,
GSE43617,0.003820626528913534,-0.10123770778062355,
GSE43631,0.003820626528913534,-0.10123770778062355,
GSE43650,0.003820626528913534,-0.10123770778062355,
GSE43660,0.003820626528913534,-0.10123770778062355,
GSE43718,0.003820626528913534,-0.10123770778062355,
GSE43725,0.003820626528913534,-0.10123770778062355,
GSE42999,0.003820626528913534,-0.10123770778062355,
GSE55280,0.003820626528913534,-0.10123770778062355,
GSE55291,0.003820626528913534,-0.10123770778062355,
GSE55310,0.003820626528913534,-0.10123770778062355,
GSE55338,0.003820626528913534,-0.10123770778062355,
GSE55376,0.003820626528913534,-0.10123770778062355,
GSE55377,0.003820626528913534,-0.10123770778062355,
GSE55385,0.003820626528913534,-0.10123770778062355,
GSE55394,0.003820626528913534,-0.10123770778062355,
GSE55423,0.003820626528913534,-0.10123770778062355,
GSE55480,0.003820626528913534,-0.10123770778062355,
GSE55552,0.003820626528913534,-0.10123770778062355,
GSE55581,0.003820626528913534,-0.10123770778062355,
GSE55590,0.003820626528913534,-0.10123770778062355,
GSE49844,0.003820626528913534,-0.10123770778062355,
GSE55621,0.003820626528913534,-0.10123770778062355,
GSE55633,0.003820626528913534,-0.10123770778062355,
GSE55682,0.003820626528913534,-0.10123770778062355,
GSE55735,0.003820626528913534,-0.10123770778062355,
GSE55744,0.003820626528913534,-0.10123770778062355,
GSE55754,0.003820626528913534,-0.10123770778062355,
GSE55776,0.003820626528913534,-0.10123770778062355,
GSE55782,0.003820626528913534,-0.10123770778062355,
GSE55788,0.003820626528913534,-0.10123770778062355,
GSE55790,0.003820626528913534,-0.10123770778062355,
GSE55797,0.003820626528913534,-0.10123770778062355,
GSE55798,0.003820626528913534,-0.10123770778062355,
GSE55800,0.003820626528913534,-0.10123770778062355,
GSE55808,0.003820626528913534,-0.10123770778062355,
GSE55596,0.003820626528913534,-0.10123770778062355,
GSE54458,0.003820626528913534,-0.10123770778062355,
GSE54461,0.003820626528913534,-0.10123770778062355,
GSE54462,0.003820626528913534,-0.10123770778062355,
GSE54473,0.003820626528913534,-0.10123770778062355,
GSE54549,0.003820626528913534,-0.10123770778062355,
GSE54561,0.003820626528913534,-0.10123770778062355,
GSE54569,0.003820626528913534,-0.10123770778062355,
GSE54588,0.003820626528913534,-0.10123770778062355,
GSE54619,0.003820626528913534,-0.10123770778062355,
GSE54631,0.003820626528913534,-0.10123770778062355,
GSE54695,0.003820626528913534,-0.10123770778062355,
GSE54697,0.003820626528913534,-0.10123770778062355,
GSE54794,0.003820626528913534,-0.10123770778062355,
GSE54795,0.003820626528913534,-0.10123770778062355,
GSE55228,0.003820626528913534,-0.10123770778062355,
GSE54877,0.003820626528913534,-0.10123770778062355,
GSE54932,0.003820626528913534,-0.10123770778062355,
GSE54952,0.003820626528913534,-0.10123770778062355,
GSE54973,0.003820626528913534,-0.10123770778062355,
GSE54982,0.003820626528913534,-0.10123770778062355,
GSE54984,0.003820626528913534,-0.10123770778062355,
GSE55060,0.003820626528913534,-0.10123770778062355,
GSE55090,0.003820626528913534,-0.10123770778062355,
GSE55113,0.003820626528913534,-0.10123770778062355,
GSE55131,0.003820626528913534,-0.10123770778062355,
GSE55163,0.003820626528913534,-0.10123770778062355,
GSE55180,0.003820626528913534,-0.10123770778062355,
GSE55188,0.003820626528913534,-0.10123770778062355,
GSE55190,0.003820626528913534,-0.10123770778062355,
GSE54826,0.003820626528913534,-0.10123770778062355,
GSE56933,0.003820626528913534,-0.10123770778062355,
GSE56966,0.003820626528913534,-0.10123770778062355,
GSE56983,0.003820626528913534,-0.10123770778062355,
GSE56986,0.003820626528913534,-0.10123770778062355,
GSE57043,0.003820626528913534,-0.10123770778062355,
GSE57054,0.003820626528913534,-0.10123770778062355,
GSE57092,0.003820626528913534,-0.10123770778062355,
GSE57125,0.003820626528913534,-0.10123770778062355,
GSE57147,0.003820626528913534,-0.10123770778062355,
GSE57170,0.003820626528913534,-0.10123770778062355,
GSE57206,0.003820626528913534,-0.10123770778062355,
GSE57231,0.003820626528913534,-0.10123770778062355,
GSE57244,0.003820626528913534,-0.10123770778062355,
GSE55831,0.003820626528913534,-0.10123770778062355,
GSE57272,0.003820626528913534,-0.10123770778062355,
GSE57313,0.003820626528913534,-0.10123770778062355,
GSE57391,0.003820626528913534,-0.10123770778062355,
GSE57396,0.003820626528913534,-0.10123770778062355,
GSE57403,0.003820626528913534,-0.10123770778062355,
GSE57415,0.003820626528913534,-0.10123770778062355,
GSE57419,0.003820626528913534,-0.10123770778062355,
GSE57423,0.003820626528913534,-0.10123770778062355,
GSE57482,0.003820626528913534,-0.10123770778062355,
GSE57500,0.003820626528913534,-0.10123770778062355,
GSE57514,0.003820626528913534,-0.10123770778062355,
GSE57546,0.003820626528913534,-0.10123770778062355,
GSE57567,0.003820626528913534,-0.10123770778062355,
GSE57609,0.003820626528913534,-0.10123770778062355,
GSE57249,0.003820626528913534,-0.10123770778062355,
GSE55966,0.003820626528913534,-0.10123770778062355,
GSE56018,0.003820626528913534,-0.10123770778062355,
GSE56096,0.003820626528913534,-0.10123770778062355,
GSE56122,0.003820626528913534,-0.10123770778062355,
GSE56127,0.003820626528913534,-0.10123770778062355,
GSE56170,0.003820626528913534,-0.10123770778062355,
GSE56175,0.003820626528913534,-0.10123770778062355,
GSE56185,0.003820626528913534,-0.10123770778062355,
GSE56240,0.003820626528913534,-0.10123770778062355,
GSE56248,0.003820626528913534,-0.10123770778062355,
GSE56253,0.003820626528913534,-0.10123770778062355,
GSE56276,0.003820626528913534,-0.10123770778062355,
GSE56284,0.003820626528913534,-0.10123770778062355,
GSE56292,0.003820626528913534,-0.10123770778062355,
GSE56932,0.003820626528913534,-0.10123770778062355,
GSE56446,0.003820626528913534,-0.10123770778062355,
GSE56461,0.003820626528913534,-0.10123770778062355,
GSE56473,0.003820626528913534,-0.10123770778062355,
GSE56507,0.003820626528913534,-0.10123770778062355,
GSE56529,0.003820626528913534,-0.10123770778062355,
GSE56566,0.003820626528913534,-0.10123770778062355,
GSE56575,0.003820626528913534,-0.10123770778062355,
GSE56613,0.003820626528913534,-0.10123770778062355,
GSE56636,0.003820626528913534,-0.10123770778062355,
GSE56786,0.003820626528913534,-0.10123770778062355,
GSE56867,0.003820626528913534,-0.10123770778062355,
GSE56872,0.003820626528913534,-0.10123770778062355,
GSE56890,0.003820626528913534,-0.10123770778062355,
GSE56902,0.003820626528913534,-0.10123770778062355,
GSE56367,0.003820626528913534,-0.10123770778062355,
GSE51572,0.003820626528913534,-0.10123770778062355,
GSE51606,0.003820626528913534,-0.10123770778062355,
GSE51619,0.003820626528913534,-0.10123770778062355,
GSE51620,0.003820626528913534,-0.10123770778062355,
GSE51685,0.003820626528913534,-0.10123770778062355,
GSE51735,0.003820626528913534,-0.10123770778062355,
GSE52006,0.003820626528913534,-0.10123770778062355,
GSE52016,0.003820626528913534,-0.10123770778062355,
GSE52023,0.003820626528913534,-0.10123770778062355,
GSE52038,0.003820626528913534,-0.10123770778062355,
GSE52069,0.003820626528913534,-0.10123770778062355,
GSE52071,0.003820626528913534,-0.10123770778062355,
GSE52080,0.003820626528913534,-0.10123770778062355,
GSE54447,0.003820626528913534,-0.10123770778062355,
GSE52125,0.003820626528913534,-0.10123770778062355,
GSE52126,0.003820626528913534,-0.10123770778062355,
GSE52234,0.003820626528913534,-0.10123770778062355,
GSE52261,0.003820626528913534,-0.10123770778062355,
GSE52313,0.003820626528913534,-0.10123770778062355,
GSE52320,0.003820626528913534,-0.10123770778062355,
GSE52359,0.003820626528913534,-0.10123770778062355,
GSE52396,0.003820626528913534,-0.10123770778062355,
GSE52405,0.003820626528913534,-0.10123770778062355,
GSE52450,0.003820626528913534,-0.10123770778062355,
GSE52464,0.003820626528913534,-0.10123770778062355,
GSE52477,0.003820626528913534,-0.10123770778062355,
GSE52502,0.003820626528913534,-0.10123770778062355,
GSE52514,0.003820626528913534,-0.10123770778062355,
GSE52123,0.003820626528913534,-0.10123770778062355,
GSE49906,0.003820626528913534,-0.10123770778062355,
GSE49929,0.003820626528913534,-0.10123770778062355,
GSE49932,0.003820626528913534,-0.10123770778062355,
GSE49933,0.003820626528913534,-0.10123770778062355,
GSE49949,0.003820626528913534,-0.10123770778062355,
GSE50050,0.003820626528913534,-0.10123770778062355,
GSE50068,0.003820626528913534,-0.10123770778062355,
GSE50172,0.003820626528913534,-0.10123770778062355,
GSE50198,0.003820626528913534,-0.10123770778062355,
GSE50459,0.003820626528913534,-0.10123770778062355,
GSE50534,0.003820626528913534,-0.10123770778062355,
GSE50554,0.003820626528913534,-0.10123770778062355,
GSE50561,0.003820626528913534,-0.10123770778062355,
GSE50566,0.003820626528913534,-0.10123770778062355,
GSE51553,0.003820626528913534,-0.10123770778062355,
GSE50612,0.003820626528913534,-0.10123770778062355,
GSE50708,0.003820626528913534,-0.10123770778062355,
GSE50739,0.003820626528913534,-0.10123770778062355,
GSE50763,0.003820626528913534,-0.10123770778062355,
GSE50775,0.003820626528913534,-0.10123770778062355,
GSE50807,0.003820626528913534,-0.10123770778062355,
GSE50809,0.003820626528913534,-0.10123770778062355,
GSE50856,0.003820626528913534,-0.10123770778062355,
GSE50896,0.003820626528913534,-0.10123770778062355,
GSE50927,0.003820626528913534,-0.10123770778062355,
GSE50934,0.003820626528913534,-0.10123770778062355,
GSE50983,0.003820626528913534,-0.10123770778062355,
GSE51006,0.003820626528913534,-0.10123770778062355,
GSE51008,0.003820626528913534,-0.10123770778062355,
GSE50590,0.003820626528913534,-0.10123770778062355,
GSE53528,0.003820626528913534,-0.10123770778062355,
GSE53538,0.003820626528913534,-0.10123770778062355,
GSE53545,0.003820626528913534,-0.10123770778062355,
GSE53595,0.003820626528913534,-0.10123770778062355,
GSE53599,0.003820626528913534,-0.10123770778062355,
GSE53627,0.003820626528913534,-0.10123770778062355,
GSE53683,0.003820626528913534,-0.10123770778062355,
GSE53743,0.003820626528913534,-0.10123770778062355,
GSE53782,0.003820626528913534,-0.10123770778062355,
GSE53789,0.003820626528913534,-0.10123770778062355,
GSE53793,0.003820626528913534,-0.10123770778062355,
GSE53794,0.003820626528913534,-0.10123770778062355,
GSE53913,0.003820626528913534,-0.10123770778062355,
GSE53915,0.003820626528913534,-0.10123770778062355,
GSE52564,0.003820626528913534,-0.10123770778062355,
GSE54006,0.003820626528913534,-0.10123770778062355,
GSE54016,0.003820626528913534,-0.10123770778062355,
GSE54107,0.003820626528913534,-0.10123770778062355,
GSE54113,0.003820626528913534,-0.10123770778062355,
GSE54124,0.003820626528913534,-0.10123770778062355,
GSE54133,0.003820626528913534,-0.10123770778062355,
GSE54154,0.003820626528913534,-0.10123770778062355,
GSE54246,0.003820626528913534,-0.10123770778062355,
GSE54302,0.003820626528913534,-0.10123770778062355,
GSE54390,0.003820626528913534,-0.10123770778062355,
GSE54411,0.003820626528913534,-0.10123770778062355,
GSE54412,0.003820626528913534,-0.10123770778062355,
GSE54424,0.003820626528913534,-0.10123770778062355,
GSE54443,0.003820626528913534,-0.10123770778062355,
GSE53928,0.003820626528913534,-0.10123770778062355,
GSE52616,0.003820626528913534,-0.10123770778062355,
GSE52619,0.003820626528913534,-0.10123770778062355,
GSE52623,0.003820626528913534,-0.10123770778062355,
GSE52854,0.003820626528913534,-0.10123770778062355,
GSE52856,0.003820626528913534,-0.10123770778062355,
GSE52868,0.003820626528913534,-0.10123770778062355,
GSE52870,0.003820626528913534,-0.10123770778062355,
GSE52899,0.003820626528913534,-0.10123770778062355,
GSE52957,0.003820626528913534,-0.10123770778062355,
GSE53053,0.003820626528913534,-0.10123770778062355,
GSE53074,0.003820626528913534,-0.10123770778062355,
GSE53075,0.003820626528913534,-0.10123770778062355,
GSE53076,0.003820626528913534,-0.10123770778062355,
GSE53090,0.003820626528913534,-0.10123770778062355,
GSE53506,0.003820626528913534,-0.10123770778062355,
GSE53110,0.003820626528913534,-0.10123770778062355,
GSE53150,0.003820626528913534,-0.10123770778062355,
GSE53207,0.003820626528913534,-0.10123770778062355,
GSE53212,0.003820626528913534,-0.10123770778062355,
GSE53214,0.003820626528913534,-0.10123770778062355,
GSE53218,0.003820626528913534,-0.10123770778062355,
GSE53244,0.003820626528913534,-0.10123770778062355,
GSE53249,0.003820626528913534,-0.10123770778062355,
GSE53297,0.003820626528913534,-0.10123770778062355,
GSE53380,0.003820626528913534,-0.10123770778062355,
GSE53398,0.003820626528913534,-0.10123770778062355,
GSE53401,0.003820626528913534,-0.10123770778062355,
GSE53427,0.003820626528913534,-0.10123770778062355,
GSE53489,0.003820626528913534,-0.10123770778062355,
GSE53105,0.003820626528913534,-0.10123770778062355,
GSE102903,0.003820626528913534,-0.10123770778062355,
GSE102965,0.003820626528913534,-0.10123770778062355,
GSE102982,0.003820626528913534,-0.10123770778062355,
GSE102992,0.003820626528913534,-0.10123770778062355,
GSE103086,0.003820626528913534,-0.10123770778062355,
GSE103126,0.003820626528913534,-0.10123770778062355,
GSE103127,0.003820626528913534,-0.10123770778062355,
GSE103162,0.003820626528913534,-0.10123770778062355,
GSE103180,0.003820626528913534,-0.10123770778062355,
GSE103183,0.003820626528913534,-0.10123770778062355,
GSE103185,0.003820626528913534,-0.10123770778062355,
GSE103219,0.003820626528913534,-0.10123770778062355,
GSE103246,0.003820626528913534,-0.10123770778062355,
GSE38892,0.003820626528913534,-0.10123770778062355,
GSE103319,0.003820626528913534,-0.10123770778062355,
GSE103341,0.003820626528913534,-0.10123770778062355,
GSE103377,0.003820626528913534,-0.10123770778062355,
GSE103390,0.003820626528913534,-0.10123770778062355,
GSE103435,0.003820626528913534,-0.10123770778062355,
GSE103471,0.003820626528913534,-0.10123770778062355,
GSE103492,0.003820626528913534,-0.10123770778062355,
GSE103545,0.003820626528913534,-0.10123770778062355,
GSE103574,0.003820626528913534,-0.10123770778062355,
GSE103583,0.003820626528913534,-0.10123770778062355,
GSE103662,0.003820626528913534,-0.10123770778062355,
GSE103667,0.003820626528913534,-0.10123770778062355,
GSE103670,0.003820626528913534,-0.10123770778062355,
GSE103685,0.003820626528913534,-0.10123770778062355,
GSE103272,0.003820626528913534,-0.10123770778062355,
GSE102446,0.003820626528913534,-0.10123770778062355,
GSE102491,0.003820626528913534,-0.10123770778062355,
GSE102562,0.003820626528913534,-0.10123770778062355,
GSE102563,0.003820626528913534,-0.10123770778062355,
GSE102564,0.003820626528913534,-0.10123770778062355,
GSE102566,0.003820626528913534,-0.10123770778062355,
GSE102597,0.003820626528913534,-0.10123770778062355,
GSE102623,0.003820626528913534,-0.10123770778062355,
GSE102624,0.003820626528913534,-0.10123770778062355,
GSE102642,0.003820626528913534,-0.10123770778062355,
GSE102659,0.003820626528913534,-0.10123770778062355,
GSE102675,0.003820626528913534,-0.10123770778062355,
GSE102685,0.003820626528913534,-0.10123770778062355,
GSE102688,0.003820626528913534,-0.10123770778062355,
GSE102890,0.003820626528913534,-0.10123770778062355,
GSE102727,0.003820626528913534,-0.10123770778062355,
GSE102757,0.003820626528913534,-0.10123770778062355,
GSE102768,0.003820626528913534,-0.10123770778062355,
GSE102772,0.003820626528913534,-0.10123770778062355,
GSE102783,0.003820626528913534,-0.10123770778062355,
GSE102788,0.003820626528913534,-0.10123770778062355,
GSE102789,0.003820626528913534,-0.10123770778062355,
GSE102808,0.003820626528913534,-0.10123770778062355,
GSE102817,0.003820626528913534,-0.10123770778062355,
GSE102827,0.003820626528913534,-0.10123770778062355,
GSE102856,0.003820626528913534,-0.10123770778062355,
GSE102857,0.003820626528913534,-0.10123770778062355,
GSE102858,0.003820626528913534,-0.10123770778062355,
GSE102867,0.003820626528913534,-0.10123770778062355,
GSE102721,0.003820626528913534,-0.10123770778062355,
GSE104415,0.003820626528913534,-0.10123770778062355,
GSE104424,0.003820626528913534,-0.10123770778062355,
GSE104443,0.003820626528913534,-0.10123770778062355,
GSE104453,0.003820626528913534,-0.10123770778062355,
GSE104461,0.003820626528913534,-0.10123770778062355,
GSE104463,0.003820626528913534,-0.10123770778062355,
GSE104478,0.003820626528913534,-0.10123770778062355,
GSE104507,0.003820626528913534,-0.10123770778062355,
GSE104508,0.003820626528913534,-0.10123770778062355,
GSE104513,0.003820626528913534,-0.10123770778062355,
GSE104519,0.003820626528913534,-0.10123770778062355,
GSE104525,0.003820626528913534,-0.10123770778062355,
GSE104555,0.003820626528913534,-0.10123770778062355,
GSE103714,0.003820626528913534,-0.10123770778062355,
GSE104633,0.003820626528913534,-0.10123770778062355,
GSE104651,0.003820626528913534,-0.10123770778062355,
GSE104657,0.003820626528913534,-0.10123770778062355,
GSE104658,0.003820626528913534,-0.10123770778062355,
GSE104686,0.003820626528913534,-0.10123770778062355,
GSE104689,0.003820626528913534,-0.10123770778062355,
GSE104708,0.003820626528913534,-0.10123770778062355,
GSE104725,0.003820626528913534,-0.10123770778062355,
GSE104734,0.003820626528913534,-0.10123770778062355,
GSE104762,0.003820626528913534,-0.10123770778062355,
GSE104777,0.003820626528913534,-0.10123770778062355,
GSE104790,0.003820626528913534,-0.10123770778062355,
GSE104803,0.003820626528913534,-0.10123770778062355,
GSE104820,0.003820626528913534,-0.10123770778062355,
GSE104560,0.003820626528913534,-0.10123770778062355,
GSE103722,0.003820626528913534,-0.10123770778062355,
GSE103736,0.003820626528913534,-0.10123770778062355,
GSE103753,0.003820626528913534,-0.10123770778062355,
GSE103799,0.003820626528913534,-0.10123770778062355,
GSE103822,0.003820626528913534,-0.10123770778062355,
GSE103847,0.003820626528913534,-0.10123770778062355,
GSE103849,0.003820626528913534,-0.10123770778062355,
GSE103880,0.003820626528913534,-0.10123770778062355,
GSE103901,0.003820626528913534,-0.10123770778062355,
GSE103903,0.003820626528913534,-0.10123770778062355,
GSE103933,0.003820626528913534,-0.10123770778062355,
GSE103949,0.003820626528913534,-0.10123770778062355,
GSE103958,0.003820626528913534,-0.10123770778062355,
GSE103976,0.003820626528913534,-0.10123770778062355,
GSE104396,0.003820626528913534,-0.10123770778062355,
GSE104064,0.003820626528913534,-0.10123770778062355,
GSE104065,0.003820626528913534,-0.10123770778062355,
GSE104086,0.003820626528913534,-0.10123770778062355,
GSE104096,0.003820626528913534,-0.10123770778062355,
GSE104138,0.003820626528913534,-0.10123770778062355,
GSE104189,0.003820626528913534,-0.10123770778062355,
GSE104205,0.003820626528913534,-0.10123770778062355,
GSE104213,0.003820626528913534,-0.10123770778062355,
GSE104236,0.003820626528913534,-0.10123770778062355,
GSE104264,0.003820626528913534,-0.10123770778062355,
GSE104300,0.003820626528913534,-0.10123770778062355,
GSE104325,0.003820626528913534,-0.10123770778062355,
GSE104331,0.003820626528913534,-0.10123770778062355,
GSE104365,0.003820626528913534,-0.10123770778062355,
GSE104054,0.003820626528913534,-0.10123770778062355,
GSE99645,0.003820626528913534,-0.10123770778062355,
GSE99646,0.003820626528913534,-0.10123770778062355,
GSE99656,0.003820626528913534,-0.10123770778062355,
GSE100601,0.003820626528913534,-0.10123770778062355,
GSE100608,0.003820626528913534,-0.10123770778062355,
GSE100634,0.003820626528913534,-0.10123770778062355,
GSE100674,0.003820626528913534,-0.10123770778062355,
GSE100686,0.003820626528913534,-0.10123770778062355,
GSE100690,0.003820626528913534,-0.10123770778062355,
GSE100727,0.003820626528913534,-0.10123770778062355,
GSE100732,0.003820626528913534,-0.10123770778062355,
GSE100771,0.003820626528913534,-0.10123770778062355,
GSE100807,0.003820626528913534,-0.10123770778062355,
GSE102443,0.003820626528913534,-0.10123770778062355,
GSE100820,0.003820626528913534,-0.10123770778062355,
GSE100827,0.003820626528913534,-0.10123770778062355,
GSE100835,0.003820626528913534,-0.10123770778062355,
GSE100858,0.003820626528913534,-0.10123770778062355,
GSE100863,0.003820626528913534,-0.10123770778062355,
GSE100873,0.003820626528913534,-0.10123770778062355,
GSE100874,0.003820626528913534,-0.10123770778062355,
GSE100888,0.003820626528913534,-0.10123770778062355,
GSE100934,0.003820626528913534,-0.10123770778062355,
GSE100941,0.003820626528913534,-0.10123770778062355,
GSE100961,0.003820626528913534,-0.10123770778062355,
GSE100964,0.003820626528913534,-0.10123770778062355,
GSE100981,0.003820626528913534,-0.10123770778062355,
GSE100983,0.003820626528913534,-0.10123770778062355,
GSE100816,0.003820626528913534,-0.10123770778062355,
GSE99260,0.003820626528913534,-0.10123770778062355,
GSE100599,0.003820626528913534,-0.10123770778062355,
GSE99160,0.003820626528913534,-0.10123770778062355,
GSE99164,0.003820626528913534,-0.10123770778062355,
GSE99166,0.003820626528913534,-0.10123770778062355,
GSE99233,0.003820626528913534,-0.10123770778062355,
GSE99235,0.003820626528913534,-0.10123770778062355,
GSE99250,0.003820626528913534,-0.10123770778062355,
GSE99251,0.003820626528913534,-0.10123770778062355,
GSE100035,0.003820626528913534,-0.10123770778062355,
GSE99265,0.003820626528913534,-0.10123770778062355,
GSE99296,0.003820626528913534,-0.10123770778062355,
GSE99331,0.003820626528913534,-0.10123770778062355,
GSE99347,0.003820626528913534,-0.10123770778062355,
GSE99622,0.003820626528913534,-0.10123770778062355,
GSE99364,0.003820626528913534,-0.10123770778062355,
GSE99372,0.003820626528913534,-0.10123770778062355,
GSE99397,0.003820626528913534,-0.10123770778062355,
GSE99409,0.003820626528913534,-0.10123770778062355,
GSE99412,0.003820626528913534,-0.10123770778062355,
GSE99440,0.003820626528913534,-0.10123770778062355,
GSE99457,0.003820626528913534,-0.10123770778062355,
GSE99485,0.003820626528913534,-0.10123770778062355,
GSE99491,0.003820626528913534,-0.10123770778062355,
GSE99504,0.003820626528913534,-0.10123770778062355,
GSE99516,0.003820626528913534,-0.10123770778062355,
GSE99575,0.003820626528913534,-0.10123770778062355,
GSE99588,0.003820626528913534,-0.10123770778062355,
GSE99619,0.003820626528913534,-0.10123770778062355,
GSE99363,0.003820626528913534,-0.10123770778062355,
GSE101810,0.003820626528913534,-0.10123770778062355,
GSE101815,0.003820626528913534,-0.10123770778062355,
GSE101823,0.003820626528913534,-0.10123770778062355,
GSE101826,0.003820626528913534,-0.10123770778062355,
GSE101838,0.003820626528913534,-0.10123770778062355,
GSE101865,0.003820626528913534,-0.10123770778062355,
GSE101898,0.003820626528913534,-0.10123770778062355,
GSE101902,0.003820626528913534,-0.10123770778062355,
GSE101903,0.003820626528913534,-0.10123770778062355,
GSE101925,0.003820626528913534,-0.10123770778062355,
GSE101928,0.003820626528913534,-0.10123770778062355,
GSE101939,0.003820626528913534,-0.10123770778062355,
GSE101957,0.003820626528913534,-0.10123770778062355,
GSE101984,0.003820626528913534,-0.10123770778062355,
GSE100990,0.003820626528913534,-0.10123770778062355,
GSE101994,0.003820626528913534,-0.10123770778062355,
GSE101995,0.003820626528913534,-0.10123770778062355,
GSE101996,0.003820626528913534,-0.10123770778062355,
GSE102007,0.003820626528913534,-0.10123770778062355,
GSE102014,0.003820626528913534,-0.10123770778062355,
GSE102020,0.003820626528913534,-0.10123770778062355,
GSE102123,0.003820626528913534,-0.10123770778062355,
GSE102204,0.003820626528913534,-0.10123770778062355,
GSE102227,0.003820626528913534,-0.10123770778062355,
GSE102269,0.003820626528913534,-0.10123770778062355,
GSE102299,0.003820626528913534,-0.10123770778062355,
GSE102334,0.003820626528913534,-0.10123770778062355,
GSE102365,0.003820626528913534,-0.10123770778062355,
GSE102415,0.003820626528913534,-0.10123770778062355,
GSE101986,0.003820626528913534,-0.10123770778062355,
GSE101016,0.003820626528913534,-0.10123770778062355,
GSE101091,0.003820626528913534,-0.10123770778062355,
GSE101092,0.003820626528913534,-0.10123770778062355,
GSE101125,0.003820626528913534,-0.10123770778062355,
GSE101334,0.003820626528913534,-0.10123770778062355,
GSE101340,0.003820626528913534,-0.10123770778062355,
GSE101391,0.003820626528913534,-0.10123770778062355,
GSE101470,0.003820626528913534,-0.10123770778062355,
GSE101510,0.003820626528913534,-0.10123770778062355,
GSE101527,0.003820626528913534,-0.10123770778062355,
GSE101537,0.003820626528913534,-0.10123770778062355,
GSE101552,0.003820626528913534,-0.10123770778062355,
GSE101576,0.003820626528913534,-0.10123770778062355,
GSE101596,0.003820626528913534,-0.10123770778062355,
GSE101806,0.003820626528913534,-0.10123770778062355,
GSE101623,0.003820626528913534,-0.10123770778062355,
GSE101624,0.003820626528913534,-0.10123770778062355,
GSE101643,0.003820626528913534,-0.10123770778062355,
GSE101650,0.003820626528913534,-0.10123770778062355,
GSE101657,0.003820626528913534,-0.10123770778062355,
GSE101678,0.003820626528913534,-0.10123770778062355,
GSE101696,0.003820626528913534,-0.10123770778062355,
GSE101701,0.003820626528913534,-0.10123770778062355,
GSE101712,0.003820626528913534,-0.10123770778062355,
GSE101722,0.003820626528913534,-0.10123770778062355,
GSE101732,0.003820626528913534,-0.10123770778062355,
GSE101748,0.003820626528913534,-0.10123770778062355,
GSE101753,0.003820626528913534,-0.10123770778062355,
GSE101772,0.003820626528913534,-0.10123770778062355,
GSE101605,0.003820626528913534,-0.10123770778062355,
GSE29690,0.003820626528913534,-0.10123770778062355,
GSE29752,0.003820626528913534,-0.10123770778062355,
GSE29898,0.003820626528913534,-0.10123770778062355,
GSE30578,0.003820626528913534,-0.10123770778062355,
GSE30581,0.003820626528913534,-0.10123770778062355,
GSE30641,0.003820626528913534,-0.10123770778062355,
GSE30765,0.003820626528913534,-0.10123770778062355,
GSE30839,0.003820626528913534,-0.10123770778062355,
GSE30943,0.003820626528913534,-0.10123770778062355,
GSE31182,0.003820626528913534,-0.10123770778062355,
GSE31234,0.003820626528913534,-0.10123770778062355,
GSE31271,0.003820626528913534,-0.10123770778062355,
GSE31385,0.003820626528913534,-0.10123770778062355,
GSE104867,0.003820626528913534,-0.10123770778062355,
GSE31555,0.003820626528913534,-0.10123770778062355,
GSE31839,0.003820626528913534,-0.10123770778062355,
GSE31843,0.003820626528913534,-0.10123770778062355,
GSE31920,0.003820626528913534,-0.10123770778062355,
GSE32916,0.003820626528913534,-0.10123770778062355,
GSE33060,0.003820626528913534,-0.10123770778062355,
GSE33141,0.003820626528913534,-0.10123770778062355,
GSE33306,0.003820626528913534,-0.10123770778062355,
GSE33468,0.003820626528913534,-0.10123770778062355,
GSE33473,0.003820626528913534,-0.10123770778062355,
GSE33527,0.003820626528913534,-0.10123770778062355,
GSE33815,0.003820626528913534,-0.10123770778062355,
GSE33920,0.003820626528913534,-0.10123770778062355,
GSE33921,0.003820626528913534,-0.10123770778062355,
GSE31530,0.003820626528913534,-0.10123770778062355,
GSE122108,0.003820626528913534,-0.10123770778062355,
GSE122331,0.003820626528913534,-0.10123770778062355,
GSE124829,0.003820626528913534,-0.10123770778062355,
GSE124872,0.003820626528913534,-0.10123770778062355,
GSE19066,0.003820626528913534,-0.10123770778062355,
GSE20846,0.003820626528913534,-0.10123770778062355,
GSE20851,0.003820626528913534,-0.10123770778062355,
GSE20898,0.003820626528913534,-0.10123770778062355,
GSE21161,0.003820626528913534,-0.10123770778062355,
GSE21580,0.003820626528913534,-0.10123770778062355,
GSE21699,0.003820626528913534,-0.10123770778062355,
GSE22001,0.003820626528913534,-0.10123770778062355,
GSE22131,0.003820626528913534,-0.10123770778062355,
GSE23619,0.003820626528913534,-0.10123770778062355,
GSE29413,0.003820626528913534,-0.10123770778062355,
GSE25409,0.003820626528913534,-0.10123770778062355,
GSE25432,0.003820626528913534,-0.10123770778062355,
GSE25602,0.003820626528913534,-0.10123770778062355,
GSE25626,0.003820626528913534,-0.10123770778062355,
GSE26248,0.003820626528913534,-0.10123770778062355,
GSE26337,0.003820626528913534,-0.10123770778062355,
GSE27016,0.003820626528913534,-0.10123770778062355,
GSE27037,0.003820626528913534,-0.10123770778062355,
GSE27201,0.003820626528913534,-0.10123770778062355,
GSE27218,0.003820626528913534,-0.10123770778062355,
GSE27843,0.003820626528913534,-0.10123770778062355,
GSE28666,0.003820626528913534,-0.10123770778062355,
GSE29278,0.003820626528913534,-0.10123770778062355,
GSE29362,0.003820626528913534,-0.10123770778062355,
GSE23943,0.003820626528913534,-0.10123770778062355,
GSE37018,0.003820626528913534,-0.10123770778062355,
GSE37076,0.003820626528913534,-0.10123770778062355,
GSE37111,0.003820626528913534,-0.10123770778062355,
GSE37184,0.003820626528913534,-0.10123770778062355,
GSE37228,0.003820626528913534,-0.10123770778062355,
GSE37236,0.003820626528913534,-0.10123770778062355,
GSE37379,0.003820626528913534,-0.10123770778062355,
GSE37641,0.003820626528913534,-0.10123770778062355,
GSE37646,0.003820626528913534,-0.10123770778062355,
GSE37685,0.003820626528913534,-0.10123770778062355,
GSE37746,0.003820626528913534,-0.10123770778062355,
GSE37933,0.003820626528913534,-0.10123770778062355,
GSE37952,0.003820626528913534,-0.10123770778062355,
GSE38046,0.003820626528913534,-0.10123770778062355,
GSE33922,0.003820626528913534,-0.10123770778062355,
GSE38148,0.003820626528913534,-0.10123770778062355,
GSE38198,0.003820626528913534,-0.10123770778062355,
GSE38236,0.003820626528913534,-0.10123770778062355,
GSE38324,0.003820626528913534,-0.10123770778062355,
GSE38359,0.003820626528913534,-0.10123770778062355,
GSE38371,0.003820626528913534,-0.10123770778062355,
GSE38497,0.003820626528913534,-0.10123770778062355,
GSE38539,0.003820626528913534,-0.10123770778062355,
GSE38604,0.003820626528913534,-0.10123770778062355,
GSE38669,0.003820626528913534,-0.10123770778062355,
GSE38808,0.003820626528913534,-0.10123770778062355,
GSE38820,0.003820626528913534,-0.10123770778062355,
GSE38838,0.003820626528913534,-0.10123770778062355,
GSE38845,0.003820626528913534,-0.10123770778062355,
GSE38144,0.003820626528913534,-0.10123770778062355,
GSE33979,0.003820626528913534,-0.10123770778062355,
GSE34030,0.003820626528913534,-0.10123770778062355,
GSE34274,0.003820626528913534,-0.10123770778062355,
GSE34483,0.003820626528913534,-0.10123770778062355,
GSE34550,0.003820626528913534,-0.10123770778062355,
GSE34854,0.003820626528913534,-0.10123770778062355,
GSE35005,0.003820626528913534,-0.10123770778062355,
GSE35213,0.003820626528913534,-0.10123770778062355,
GSE35350,0.003820626528913534,-0.10123770778062355,
GSE35368,0.003820626528913534,-0.10123770778062355,
GSE35553,0.003820626528913534,-0.10123770778062355,
GSE35599,0.003820626528913534,-0.10123770778062355,
GSE35616,0.003820626528913534,-0.10123770778062355,
GSE35626,0.003820626528913534,-0.10123770778062355,
GSE36896,0.003820626528913534,-0.10123770778062355,
GSE35724,0.003820626528913534,-0.10123770778062355,
GSE35833,0.003820626528913534,-0.10123770778062355,
GSE35838,0.003820626528913534,-0.10123770778062355,
GSE35857,0.003820626528913534,-0.10123770778062355,
GSE36005,0.003820626528913534,-0.10123770778062355,
GSE36232,0.003820626528913534,-0.10123770778062355,
GSE36290,0.003820626528913534,-0.10123770778062355,
GSE36567,0.003820626528913534,-0.10123770778062355,
GSE36639,0.003820626528913534,-0.10123770778062355,
GSE36871,0.003820626528913534,-0.10123770778062355,
GSE36872,0.003820626528913534,-0.10123770778062355,
GSE36873,0.003820626528913534,-0.10123770778062355,
GSE36882,0.003820626528913534,-0.10123770778062355,
GSE36892,0.003820626528913534,-0.10123770778062355,
GSE35681,0.003820626528913534,-0.10123770778062355,
GSE106413,0.003820626528913534,-0.10123770778062355,
GSE106436,0.003820626528913534,-0.10123770778062355,
GSE106447,0.003820626528913534,-0.10123770778062355,
GSE106467,0.003820626528913534,-0.10123770778062355,
GSE106471,0.003820626528913534,-0.10123770778062355,
GSE106488,0.003820626528913534,-0.10123770778062355,
GSE106510,0.003820626528913534,-0.10123770778062355,
GSE106550,0.003820626528913534,-0.10123770778062355,
GSE106575,0.003820626528913534,-0.10123770778062355,
GSE106586,0.003820626528913534,-0.10123770778062355,
GSE106594,0.003820626528913534,-0.10123770778062355,
GSE106663,0.003820626528913534,-0.10123770778062355,
GSE106674,0.003820626528913534,-0.10123770778062355,
GSE121654,0.003820626528913534,-0.10123770778062355,
GSE106692,0.003820626528913534,-0.10123770778062355,
GSE106700,0.003820626528913534,-0.10123770778062355,
GSE106709,0.003820626528913534,-0.10123770778062355,
GSE106760,0.003820626528913534,-0.10123770778062355,
GSE106789,0.003820626528913534,-0.10123770778062355,
GSE106895,0.003820626528913534,-0.10123770778062355,
GSE106913,0.003820626528913534,-0.10123770778062355,
GSE106969,0.003820626528913534,-0.10123770778062355,
GSE107115,0.003820626528913534,-0.10123770778062355,
GSE107122,0.003820626528913534,-0.10123770778062355,
GSE107220,0.003820626528913534,-0.10123770778062355,
GSE107338,0.003820626528913534,-0.10123770778062355,
GSE107389,0.003820626528913534,-0.10123770778062355,
GSE107413,0.003820626528913534,-0.10123770778062355,
GSE106678,0.003820626528913534,-0.10123770778062355,
GSE104875,0.003820626528913534,-0.10123770778062355,
GSE104920,0.003820626528913534,-0.10123770778062355,
GSE104990,0.003820626528913534,-0.10123770778062355,
GSE105043,0.003820626528913534,-0.10123770778062355,
GSE105045,0.003820626528913534,-0.10123770778062355,
GSE105051,0.003820626528913534,-0.10123770778062355,
GSE105055,0.003820626528913534,-0.10123770778062355,
GSE105138,0.003820626528913534,-0.10123770778062355,
GSE105158,0.003820626528913534,-0.10123770778062355,
GSE105159,0.003820626528913534,-0.10123770778062355,
GSE105266,0.003820626528913534,-0.10123770778062355,
GSE105455,0.003820626528913534,-0.10123770778062355,
GSE105471,0.003820626528913534,-0.10123770778062355,
GSE105806,0.003820626528913534,-0.10123770778062355,
GSE106386,0.003820626528913534,-0.10123770778062355,
GSE106102,0.003820626528913534,-0.10123770778062355,
GSE106120,0.003820626528913534,-0.10123770778062355,
GSE106138,0.003820626528913534,-0.10123770778062355,
GSE106161,0.003820626528913534,-0.10123770778062355,
GSE106165,0.003820626528913534,-0.10123770778062355,
GSE106188,0.003820626528913534,-0.10123770778062355,
GSE106210,0.003820626528913534,-0.10123770778062355,
GSE106259,0.003820626528913534,-0.10123770778062355,
GSE106264,0.003820626528913534,-0.10123770778062355,
GSE106275,0.003820626528913534,-0.10123770778062355,
GSE106294,0.003820626528913534,-0.10123770778062355,
GSE106332,0.003820626528913534,-0.10123770778062355,
GSE106349,0.003820626528913534,-0.10123770778062355,
GSE106365,0.003820626528913534,-0.10123770778062355,
GSE106083,0.003820626528913534,-0.10123770778062355,
GSE109002,0.003820626528913534,-0.10123770778062355,
GSE109032,0.003820626528913534,-0.10123770778062355,
GSE109099,0.003820626528913534,-0.10123770778062355,
GSE109125,0.003820626528913534,-0.10123770778062355,
GSE109152,0.003820626528913534,-0.10123770778062355,
GSE109165,0.003820626528913534,-0.10123770778062355,
GSE109238,0.003820626528913534,-0.10123770778062355,
GSE109279,0.003820626528913534,-0.10123770778062355,
GSE109285,0.003820626528913534,-0.10123770778062355,
GSE109345,0.003820626528913534,-0.10123770778062355,
GSE109362,0.003820626528913534,-0.10123770778062355,
GSE109404,0.003820626528913534,-0.10123770778062355,
GSE109522,0.003820626528913534,-0.10123770778062355,
GSE109544,0.003820626528913534,-0.10123770778062355,
GSE107470,0.003820626528913534,-0.10123770778062355,
GSE109653,0.003820626528913534,-0.10123770778062355,
GSE109913,0.003820626528913534,-0.10123770778062355,
GSE110648,0.003820626528913534,-0.10123770778062355,
GSE111778,0.003820626528913534,-0.10123770778062355,
GSE112204,0.003820626528913534,-0.10123770778062355,
GSE114997,0.003820626528913534,-0.10123770778062355,
GSE116177,0.003820626528913534,-0.10123770778062355,
GSE116525,0.003820626528913534,-0.10123770778062355,
GSE117470,0.003820626528913534,-0.10123770778062355,
GSE117978,0.003820626528913534,-0.10123770778062355,
GSE118898,0.003820626528913534,-0.10123770778062355,
GSE119498,0.003820626528913534,-0.10123770778062355,
GSE120161,0.003820626528913534,-0.10123770778062355,
GSE121611,0.003820626528913534,-0.10123770778062355,
GSE109556,0.003820626528913534,-0.10123770778062355,
GSE107583,0.003820626528913534,-0.10123770778062355,
GSE107586,0.003820626528913534,-0.10123770778062355,
GSE107592,0.003820626528913534,-0.10123770778062355,
GSE107617,0.003820626528913534,-0.10123770778062355,
GSE107623,0.003820626528913534,-0.10123770778062355,
GSE107643,0.003820626528913534,-0.10123770778062355,
GSE107653,0.003820626528913534,-0.10123770778062355,
GSE107678,0.003820626528913534,-0.10123770778062355,
GSE107840,0.003820626528913534,-0.10123770778062355,
GSE107849,0.003820626528913534,-0.10123770778062355,
GSE107915,0.003820626528913534,-0.10123770778062355,
GSE107925,0.003820626528913534,-0.10123770778062355,
GSE107958,0.003820626528913534,-0.10123770778062355,
GSE108044,0.003820626528913534,-0.10123770778062355,
GSE108917,0.003820626528913534,-0.10123770778062355,
GSE108069,0.003820626528913534,-0.10123770778062355,
GSE108080,0.003820626528913534,-0.10123770778062355,
GSE108106,0.003820626528913534,-0.10123770778062355,
GSE108161,0.003820626528913534,-0.10123770778062355,
GSE108184,0.003820626528913534,-0.10123770778062355,
GSE108367,0.003820626528913534,-0.10123770778062355,
GSE108402,0.003820626528913534,-0.10123770778062355,
GSE108438,0.003820626528913534,-0.10123770778062355,
GSE108478,0.003820626528913534,-0.10123770778062355,
GSE108523,0.003820626528913534,-0.10123770778062355,
GSE108678,0.003820626528913534,-0.10123770778062355,
GSE108769,0.003820626528913534,-0.10123770778062355,
GSE108811,0.003820626528913534,-0.10123770778062355,
GSE108836,0.003820626528913534,-0.10123770778062355,
GSE108045,0.003820626528913534,-0.10123770778062355,
GSE69464,0.003820626528913534,-0.10123770778062355,
GSE69473,0.003820626528913534,-0.10123770778062355,
GSE69484,0.003820626528913534,-0.10123770778062355,
GSE69556,0.003820626528913534,-0.10123770778062355,
GSE69616,0.003820626528913534,-0.10123770778062355,
GSE69652,0.003820626528913534,-0.10123770778062355,
GSE69654,0.003820626528913534,-0.10123770778062355,
GSE69669,0.003820626528913534,-0.10123770778062355,
GSE69672,0.003820626528913534,-0.10123770778062355,
GSE69707,0.003820626528913534,-0.10123770778062355,
GSE69709,0.003820626528913534,-0.10123770778062355,
GSE69726,0.003820626528913534,-0.10123770778062355,
GSE69733,0.003820626528913534,-0.10123770778062355,
GSE57648,0.003820626528913534,-0.10123770778062355,
GSE69755,0.003820626528913534,-0.10123770778062355,
GSE69771,0.003820626528913534,-0.10123770778062355,
GSE69786,0.003820626528913534,-0.10123770778062355,
GSE69800,0.003820626528913534,-0.10123770778062355,
GSE69807,0.003820626528913534,-0.10123770778062355,
GSE69823,0.003820626528913534,-0.10123770778062355,
GSE69855,0.003820626528913534,-0.10123770778062355,
GSE69858,0.003820626528913534,-0.10123770778062355,
GSE69887,0.003820626528913534,-0.10123770778062355,
GSE69900,0.003820626528913534,-0.10123770778062355,
GSE69913,0.003820626528913534,-0.10123770778062355,
GSE69937,0.003820626528913534,-0.10123770778062355,
GSE69940,0.003820626528913534,-0.10123770778062355,
GSE69952,0.003820626528913534,-0.10123770778062355,
GSE69750,0.003820626528913534,-0.10123770778062355,
GSE68915,0.003820626528913534,-0.10123770778062355,
GSE68921,0.003820626528913534,-0.10123770778062355,
GSE68949,0.003820626528913534,-0.10123770778062355,
GSE68958,0.003820626528913534,-0.10123770778062355,
GSE68998,0.003820626528913534,-0.10123770778062355,
GSE69007,0.003820626528913534,-0.10123770778062355,
GSE69018,0.003820626528913534,-0.10123770778062355,
GSE69054,0.003820626528913534,-0.10123770778062355,
GSE69080,0.003820626528913534,-0.10123770778062355,
GSE69097,0.003820626528913534,-0.10123770778062355,
GSE69129,0.003820626528913534,-0.10123770778062355,
GSE69132,0.003820626528913534,-0.10123770778062355,
GSE69168,0.003820626528913534,-0.10123770778062355,
GSE69170,0.003820626528913534,-0.10123770778062355,
GSE69445,0.003820626528913534,-0.10123770778062355,
GSE69201,0.003820626528913534,-0.10123770778062355,
GSE69227,0.003820626528913534,-0.10123770778062355,
GSE69244,0.003820626528913534,-0.10123770778062355,
GSE69256,0.003820626528913534,-0.10123770778062355,
GSE69276,0.003820626528913534,-0.10123770778062355,
GSE69278,0.003820626528913534,-0.10123770778062355,
GSE69285,0.003820626528913534,-0.10123770778062355,
GSE69311,0.003820626528913534,-0.10123770778062355,
GSE69314,0.003820626528913534,-0.10123770778062355,
GSE69354,0.003820626528913534,-0.10123770778062355,
GSE69363,0.003820626528913534,-0.10123770778062355,
GSE69374,0.003820626528913534,-0.10123770778062355,
GSE69376,0.003820626528913534,-0.10123770778062355,
GSE69407,0.003820626528913534,-0.10123770778062355,
GSE69190,0.003820626528913534,-0.10123770778062355,
GSE70304,0.003820626528913534,-0.10123770778062355,
GSE70307,0.003820626528913534,-0.10123770778062355,
GSE70314,0.003820626528913534,-0.10123770778062355,
GSE70352,0.003820626528913534,-0.10123770778062355,
GSE70355,0.003820626528913534,-0.10123770778062355,
GSE70357,0.003820626528913534,-0.10123770778062355,
GSE70358,0.003820626528913534,-0.10123770778062355,
GSE70359,0.003820626528913534,-0.10123770778062355,
GSE70360,0.003820626528913534,-0.10123770778062355,
GSE70368,0.003820626528913534,-0.10123770778062355,
GSE70383,0.003820626528913534,-0.10123770778062355,
GSE70386,0.003820626528913534,-0.10123770778062355,
GSE70391,0.003820626528913534,-0.10123770778062355,
GSE69968,0.003820626528913534,-0.10123770778062355,
GSE70419,0.003820626528913534,-0.10123770778062355,
GSE70437,0.003820626528913534,-0.10123770778062355,
GSE70440,0.003820626528913534,-0.10123770778062355,
GSE70452,0.003820626528913534,-0.10123770778062355,
GSE70471,0.003820626528913534,-0.10123770778062355,
GSE70481,0.003820626528913534,-0.10123770778062355,
GSE70484,0.003820626528913534,-0.10123770778062355,
GSE70486,0.003820626528913534,-0.10123770778062355,
GSE70497,0.003820626528913534,-0.10123770778062355,
GSE70499,0.003820626528913534,-0.10123770778062355,
GSE70510,0.003820626528913534,-0.10123770778062355,
GSE70520,0.003820626528913534,-0.10123770778062355,
GSE70538,0.003820626528913534,-0.10123770778062355,
GSE70542,0.003820626528913534,-0.10123770778062355,
GSE70413,0.003820626528913534,-0.10123770778062355,
GSE69969,0.003820626528913534,-0.10123770778062355,
GSE69970,0.003820626528913534,-0.10123770778062355,
GSE69987,0.003820626528913534,-0.10123770778062355,
GSE70014,0.003820626528913534,-0.10123770778062355,
GSE70020,0.003820626528913534,-0.10123770778062355,
GSE70022,0.003820626528913534,-0.10123770778062355,
GSE70028,0.003820626528913534,-0.10123770778062355,
GSE70031,0.003820626528913534,-0.10123770778062355,
GSE70069,0.003820626528913534,-0.10123770778062355,
GSE70108,0.003820626528913534,-0.10123770778062355,
GSE70123,0.003820626528913534,-0.10123770778062355,
GSE70132,0.003820626528913534,-0.10123770778062355,
GSE70133,0.003820626528913534,-0.10123770778062355,
GSE70148,0.003820626528913534,-0.10123770778062355,
GSE70288,0.003820626528913534,-0.10123770778062355,
GSE70159,0.003820626528913534,-0.10123770778062355,
GSE70207,0.003820626528913534,-0.10123770778062355,
GSE70210,0.003820626528913534,-0.10123770778062355,
GSE70235,0.003820626528913534,-0.10123770778062355,
GSE70236,0.003820626528913534,-0.10123770778062355,
GSE70238,0.003820626528913534,-0.10123770778062355,
GSE70239,0.003820626528913534,-0.10123770778062355,
GSE70240,0.003820626528913534,-0.10123770778062355,
GSE70241,0.003820626528913534,-0.10123770778062355,
GSE70242,0.003820626528913534,-0.10123770778062355,
GSE70243,0.003820626528913534,-0.10123770778062355,
GSE70244,0.003820626528913534,-0.10123770778062355,
GSE70249,0.003820626528913534,-0.10123770778062355,
GSE70283,0.003820626528913534,-0.10123770778062355,
GSE70158,0.003820626528913534,-0.10123770778062355,
GSE67294,0.003820626528913534,-0.10123770778062355,
GSE67305,0.003820626528913534,-0.10123770778062355,
GSE67334,0.003820626528913534,-0.10123770778062355,
GSE67335,0.003820626528913534,-0.10123770778062355,
GSE67363,0.003820626528913534,-0.10123770778062355,
GSE67374,0.003820626528913534,-0.10123770778062355,
GSE67379,0.003820626528913534,-0.10123770778062355,
GSE67403,0.003820626528913534,-0.10123770778062355,
GSE67404,0.003820626528913534,-0.10123770778062355,
GSE67437,0.003820626528913534,-0.10123770778062355,
GSE67476,0.003820626528913534,-0.10123770778062355,
GSE67478,0.003820626528913534,-0.10123770778062355,
GSE67517,0.003820626528913534,-0.10123770778062355,
GSE68911,0.003820626528913534,-0.10123770778062355,
GSE67556,0.003820626528913534,-0.10123770778062355,
GSE67583,0.003820626528913534,-0.10123770778062355,
GSE67602,0.003820626528913534,-0.10123770778062355,
GSE67609,0.003820626528913534,-0.10123770778062355,
GSE67610,0.003820626528913534,-0.10123770778062355,
GSE67634,0.003820626528913534,-0.10123770778062355,
GSE67658,0.003820626528913534,-0.10123770778062355,
GSE67674,0.003820626528913534,-0.10123770778062355,
GSE67688,0.003820626528913534,-0.10123770778062355,
GSE67691,0.003820626528913534,-0.10123770778062355,
GSE67715,0.003820626528913534,-0.10123770778062355,
GSE67741,0.003820626528913534,-0.10123770778062355,
GSE67750,0.003820626528913534,-0.10123770778062355,
GSE67786,0.003820626528913534,-0.10123770778062355,
GSE67541,0.003820626528913534,-0.10123770778062355,
GSE66781,0.003820626528913534,-0.10123770778062355,
GSE66793,0.003820626528913534,-0.10123770778062355,
GSE66814,0.003820626528913534,-0.10123770778062355,
GSE66817,0.003820626528913534,-0.10123770778062355,
GSE66822,0.003820626528913534,-0.10123770778062355,
GSE66828,0.003820626528913534,-0.10123770778062355,
GSE66832,0.003820626528913534,-0.10123770778062355,
GSE66870,0.003820626528913534,-0.10123770778062355,
GSE66873,0.003820626528913534,-0.10123770778062355,
GSE66882,0.003820626528913534,-0.10123770778062355,
GSE66931,0.003820626528913534,-0.10123770778062355,
GSE66953,0.003820626528913534,-0.10123770778062355,
GSE66954,0.003820626528913534,-0.10123770778062355,
GSE66961,0.003820626528913534,-0.10123770778062355,
GSE67291,0.003820626528913534,-0.10123770778062355,
GSE66966,0.003820626528913534,-0.10123770778062355,
GSE66978,0.003820626528913534,-0.10123770778062355,
GSE67009,0.003820626528913534,-0.10123770778062355,
GSE67052,0.003820626528913534,-0.10123770778062355,
GSE67112,0.003820626528913534,-0.10123770778062355,
GSE67120,0.003820626528913534,-0.10123770778062355,
GSE67130,0.003820626528913534,-0.10123770778062355,
GSE67133,0.003820626528913534,-0.10123770778062355,
GSE67135,0.003820626528913534,-0.10123770778062355,
GSE67169,0.003820626528913534,-0.10123770778062355,
GSE67245,0.003820626528913534,-0.10123770778062355,
GSE67265,0.003820626528913534,-0.10123770778062355,
GSE67266,0.003820626528913534,-0.10123770778062355,
GSE67270,0.003820626528913534,-0.10123770778062355,
GSE66965,0.003820626528913534,-0.10123770778062355,
GSE68318,0.003820626528913534,-0.10123770778062355,
GSE68360,0.003820626528913534,-0.10123770778062355,
GSE68376,0.003820626528913534,-0.10123770778062355,
GSE68391,0.003820626528913534,-0.10123770778062355,
GSE68461,0.003820626528913534,-0.10123770778062355,
GSE68462,0.003820626528913534,-0.10123770778062355,
GSE68509,0.003820626528913534,-0.10123770778062355,
GSE68511,0.003820626528913534,-0.10123770778062355,
GSE68582,0.003820626528913534,-0.10123770778062355,
GSE68602,0.003820626528913534,-0.10123770778062355,
GSE68617,0.003820626528913534,-0.10123770778062355,
GSE68618,0.003820626528913534,-0.10123770778062355,
GSE68628,0.003820626528913534,-0.10123770778062355,
GSE68699,0.003820626528913534,-0.10123770778062355,
GSE67790,0.003820626528913534,-0.10123770778062355,
GSE68715,0.003820626528913534,-0.10123770778062355,
GSE68736,0.003820626528913534,-0.10123770778062355,
GSE68746,0.003820626528913534,-0.10123770778062355,
GSE68768,0.003820626528913534,-0.10123770778062355,
GSE68769,0.003820626528913534,-0.10123770778062355,
GSE68770,0.003820626528913534,-0.10123770778062355,
GSE68789,0.003820626528913534,-0.10123770778062355,
GSE68806,0.003820626528913534,-0.10123770778062355,
GSE68812,0.003820626528913534,-0.10123770778062355,
GSE68818,0.003820626528913534,-0.10123770778062355,
GSE68822,0.003820626528913534,-0.10123770778062355,
GSE68831,0.003820626528913534,-0.10123770778062355,
GSE68846,0.003820626528913534,-0.10123770778062355,
GSE68902,0.003820626528913534,-0.10123770778062355,
GSE68713,0.003820626528913534,-0.10123770778062355,
GSE67828,0.003820626528913534,-0.10123770778062355,
GSE67834,0.003820626528913534,-0.10123770778062355,
GSE67863,0.003820626528913534,-0.10123770778062355,
GSE67868,0.003820626528913534,-0.10123770778062355,
GSE67889,0.003820626528913534,-0.10123770778062355,
GSE67933,0.003820626528913534,-0.10123770778062355,
GSE67934,0.003820626528913534,-0.10123770778062355,
GSE67957,0.003820626528913534,-0.10123770778062355,
GSE67972,0.003820626528913534,-0.10123770778062355,
GSE67991,0.003820626528913534,-0.10123770778062355,
GSE68025,0.003820626528913534,-0.10123770778062355,
GSE68056,0.003820626528913534,-0.10123770778062355,
GSE68083,0.003820626528913534,-0.10123770778062355,
GSE68139,0.003820626528913534,-0.10123770778062355,
GSE68315,0.003820626528913534,-0.10123770778062355,
GSE68147,0.003820626528913534,-0.10123770778062355,
GSE68150,0.003820626528913534,-0.10123770778062355,
GSE68155,0.003820626528913534,-0.10123770778062355,
GSE68156,0.003820626528913534,-0.10123770778062355,
GSE68160,0.003820626528913534,-0.10123770778062355,
GSE68177,0.003820626528913534,-0.10123770778062355,
GSE68178,0.003820626528913534,-0.10123770778062355,
GSE68220,0.003820626528913534,-0.10123770778062355,
GSE68242,0.003820626528913534,-0.10123770778062355,
GSE68251,0.003820626528913534,-0.10123770778062355,
GSE68265,0.003820626528913534,-0.10123770778062355,
GSE68270,0.003820626528913534,-0.10123770778062355,
GSE68283,0.003820626528913534,-0.10123770778062355,
GSE68284,0.003820626528913534,-0.10123770778062355,
GSE68140,0.003820626528913534,-0.10123770778062355,
GSE72726,0.003820626528913534,-0.10123770778062355,
GSE72744,0.003820626528913534,-0.10123770778062355,
GSE72761,0.003820626528913534,-0.10123770778062355,
GSE72762,0.003820626528913534,-0.10123770778062355,
GSE72764,0.003820626528913534,-0.10123770778062355,
GSE72808,0.003820626528913534,-0.10123770778062355,
GSE72811,0.003820626528913534,-0.10123770778062355,
GSE72826,0.003820626528913534,-0.10123770778062355,
GSE72831,0.003820626528913534,-0.10123770778062355,
GSE72833,0.003820626528913534,-0.10123770778062355,
GSE72846,0.003820626528913534,-0.10123770778062355,
GSE72847,0.003820626528913534,-0.10123770778062355,
GSE72851,0.003820626528913534,-0.10123770778062355,
GSE70546,0.003820626528913534,-0.10123770778062355,
GSE72857,0.003820626528913534,-0.10123770778062355,
GSE72860,0.003820626528913534,-0.10123770778062355,
GSE72901,0.003820626528913534,-0.10123770778062355,
GSE72909,0.003820626528913534,-0.10123770778062355,
GSE72910,0.003820626528913534,-0.10123770778062355,
GSE72917,0.003820626528913534,-0.10123770778062355,
GSE72921,0.003820626528913534,-0.10123770778062355,
GSE72937,0.003820626528913534,-0.10123770778062355,
GSE72941,0.003820626528913534,-0.10123770778062355,
GSE72942,0.003820626528913534,-0.10123770778062355,
GSE72964,0.003820626528913534,-0.10123770778062355,
GSE72990,0.003820626528913534,-0.10123770778062355,
GSE73018,0.003820626528913534,-0.10123770778062355,
GSE73029,0.003820626528913534,-0.10123770778062355,
GSE72855,0.003820626528913534,-0.10123770778062355,
GSE72275,0.003820626528913534,-0.10123770778062355,
GSE72293,0.003820626528913534,-0.10123770778062355,
GSE72311,0.003820626528913534,-0.10123770778062355,
GSE72312,0.003820626528913534,-0.10123770778062355,
GSE72321,0.003820626528913534,-0.10123770778062355,
GSE72368,0.003820626528913534,-0.10123770778062355,
GSE72369,0.003820626528913534,-0.10123770778062355,
GSE72402,0.003820626528913534,-0.10123770778062355,
GSE72410,0.003820626528913534,-0.10123770778062355,
GSE72442,0.003820626528913534,-0.10123770778062355,
GSE72487,0.003820626528913534,-0.10123770778062355,
GSE72491,0.003820626528913534,-0.10123770778062355,
GSE72494,0.003820626528913534,-0.10123770778062355,
GSE72521,0.003820626528913534,-0.10123770778062355,
GSE72724,0.003820626528913534,-0.10123770778062355,
GSE72546,0.003820626528913534,-0.10123770778062355,
GSE72550,0.003820626528913534,-0.10123770778062355,
GSE72560,0.003820626528913534,-0.10123770778062355,
GSE72568,0.003820626528913534,-0.10123770778062355,
GSE72574,0.003820626528913534,-0.10123770778062355,
GSE72590,0.003820626528913534,-0.10123770778062355,
GSE72596,0.003820626528913534,-0.10123770778062355,
GSE72601,0.003820626528913534,-0.10123770778062355,
GSE72607,0.003820626528913534,-0.10123770778062355,
GSE72628,0.003820626528913534,-0.10123770778062355,
GSE72664,0.003820626528913534,-0.10123770778062355,
GSE72671,0.003820626528913534,-0.10123770778062355,
GSE72700,0.003820626528913534,-0.10123770778062355,
GSE72710,0.003820626528913534,-0.10123770778062355,
GSE72537,0.003820626528913534,-0.10123770778062355,
GSE73536,0.003820626528913534,-0.10123770778062355,
GSE73559,0.003820626528913534,-0.10123770778062355,
GSE73560,0.003820626528913534,-0.10123770778062355,
GSE73561,0.003820626528913534,-0.10123770778062355,
GSE73562,0.003820626528913534,-0.10123770778062355,
GSE73574,0.003820626528913534,-0.10123770778062355,
GSE73631,0.003820626528913534,-0.10123770778062355,
GSE73653,0.003820626528913534,-0.10123770778062355,
GSE73693,0.003820626528913534,-0.10123770778062355,
GSE73697,0.003820626528913534,-0.10123770778062355,
GSE73698,0.003820626528913534,-0.10123770778062355,
GSE73711,0.003820626528913534,-0.10123770778062355,
GSE73787,0.003820626528913534,-0.10123770778062355,
GSE73049,0.003820626528913534,-0.10123770778062355,
GSE73813,0.003820626528913534,-0.10123770778062355,
GSE73823,0.003820626528913534,-0.10123770778062355,
GSE73836,0.003820626528913534,-0.10123770778062355,
GSE73859,0.003820626528913534,-0.10123770778062355,
GSE73861,0.003820626528913534,-0.10123770778062355,
GSE73881,0.003820626528913534,-0.10123770778062355,
GSE73897,0.003820626528913534,-0.10123770778062355,
GSE73909,0.003820626528913534,-0.10123770778062355,
GSE73932,0.003820626528913534,-0.10123770778062355,
GSE73977,0.003820626528913534,-0.10123770778062355,
GSE73984,0.003820626528913534,-0.10123770778062355,
GSE73993,0.003820626528913534,-0.10123770778062355,
GSE74018,0.003820626528913534,-0.10123770778062355,
GSE74049,0.003820626528913534,-0.10123770778062355,
GSE73803,0.003820626528913534,-0.10123770778062355,
GSE73077,0.003820626528913534,-0.10123770778062355,
GSE73082,0.003820626528913534,-0.10123770778062355,
GSE73083,0.003820626528913534,-0.10123770778062355,
GSE73100,0.003820626528913534,-0.10123770778062355,
GSE73111,0.003820626528913534,-0.10123770778062355,
GSE73127,0.003820626528913534,-0.10123770778062355,
GSE73143,0.003820626528913534,-0.10123770778062355,
GSE73175,0.003820626528913534,-0.10123770778062355,
GSE73176,0.003820626528913534,-0.10123770778062355,
GSE73216,0.003820626528913534,-0.10123770778062355,
GSE73221,0.003820626528913534,-0.10123770778062355,
GSE73225,0.003820626528913534,-0.10123770778062355,
GSE73238,0.003820626528913534,-0.10123770778062355,
GSE73271,0.003820626528913534,-0.10123770778062355,
GSE73532,0.003820626528913534,-0.10123770778062355,
GSE73279,0.003820626528913534,-0.10123770778062355,
GSE73289,0.003820626528913534,-0.10123770778062355,
GSE73308,0.003820626528913534,-0.10123770778062355,
GSE73336,0.003820626528913534,-0.10123770778062355,
GSE73352,0.003820626528913534,-0.10123770778062355,
GSE73357,0.003820626528913534,-0.10123770778062355,
GSE73369,0.003820626528913534,-0.10123770778062355,
GSE73372,0.003820626528913534,-0.10123770778062355,
GSE73381,0.003820626528913534,-0.10123770778062355,
GSE73413,0.003820626528913534,-0.10123770778062355,
GSE73436,0.003820626528913534,-0.10123770778062355,
GSE73438,0.003820626528913534,-0.10123770778062355,
GSE73447,0.003820626528913534,-0.10123770778062355,
GSE73457,0.003820626528913534,-0.10123770778062355,
GSE73272,0.003820626528913534,-0.10123770778062355,
GSE70904,0.003820626528913534,-0.10123770778062355,
GSE70941,0.003820626528913534,-0.10123770778062355,
GSE70965,0.003820626528913534,-0.10123770778062355,
GSE70981,0.003820626528913534,-0.10123770778062355,
GSE70985,0.003820626528913534,-0.10123770778062355,
GSE71025,0.003820626528913534,-0.10123770778062355,
GSE71028,0.003820626528913534,-0.10123770778062355,
GSE71042,0.003820626528913534,-0.10123770778062355,
GSE71075,0.003820626528913534,-0.10123770778062355,
GSE71076,0.003820626528913534,-0.10123770778062355,
GSE71079,0.003820626528913534,-0.10123770778062355,
GSE71126,0.003820626528913534,-0.10123770778062355,
GSE71133,0.003820626528913534,-0.10123770778062355,
GSE72238,0.003820626528913534,-0.10123770778062355,
GSE71159,0.003820626528913534,-0.10123770778062355,
GSE71162,0.003820626528913534,-0.10123770778062355,
GSE71165,0.003820626528913534,-0.10123770778062355,
GSE71176,0.003820626528913534,-0.10123770778062355,
GSE71185,0.003820626528913534,-0.10123770778062355,
GSE71198,0.003820626528913534,-0.10123770778062355,
GSE71209,0.003820626528913534,-0.10123770778062355,
GSE71217,0.003820626528913534,-0.10123770778062355,
GSE71229,0.003820626528913534,-0.10123770778062355,
GSE71233,0.003820626528913534,-0.10123770778062355,
GSE71234,0.003820626528913534,-0.10123770778062355,
GSE71257,0.003820626528913534,-0.10123770778062355,
GSE71281,0.003820626528913534,-0.10123770778062355,
GSE71295,0.003820626528913534,-0.10123770778062355,
GSE71145,0.003820626528913534,-0.10123770778062355,
GSE70578,0.003820626528913534,-0.10123770778062355,
GSE70588,0.003820626528913534,-0.10123770778062355,
GSE70596,0.003820626528913534,-0.10123770778062355,
GSE70605,0.003820626528913534,-0.10123770778062355,
GSE70667,0.003820626528913534,-0.10123770778062355,
GSE70699,0.003820626528913534,-0.10123770778062355,
GSE70706,0.003820626528913534,-0.10123770778062355,
GSE70711,0.003820626528913534,-0.10123770778062355,
GSE70713,0.003820626528913534,-0.10123770778062355,
GSE70723,0.003820626528913534,-0.10123770778062355,
GSE70725,0.003820626528913534,-0.10123770778062355,
GSE70728,0.003820626528913534,-0.10123770778062355,
GSE70731,0.003820626528913534,-0.10123770778062355,
GSE70732,0.003820626528913534,-0.10123770778062355,
GSE70896,0.003820626528913534,-0.10123770778062355,
GSE70788,0.003820626528913534,-0.10123770778062355,
GSE70793,0.003820626528913534,-0.10123770778062355,
GSE70800,0.003820626528913534,-0.10123770778062355,
GSE70813,0.003820626528913534,-0.10123770778062355,
GSE70814,0.003820626528913534,-0.10123770778062355,
GSE70816,0.003820626528913534,-0.10123770778062355,
GSE70819,0.003820626528913534,-0.10123770778062355,
GSE70844,0.003820626528913534,-0.10123770778062355,
GSE70849,0.003820626528913534,-0.10123770778062355,
GSE70863,0.003820626528913534,-0.10123770778062355,
GSE70872,0.003820626528913534,-0.10123770778062355,
GSE70883,0.003820626528913534,-0.10123770778062355,
GSE70889,0.003820626528913534,-0.10123770778062355,
GSE70895,0.003820626528913534,-0.10123770778062355,
GSE70766,0.003820626528913534,-0.10123770778062355,
GSE71802,0.003820626528913534,-0.10123770778062355,
GSE71873,0.003820626528913534,-0.10123770778062355,
GSE71882,0.003820626528913534,-0.10123770778062355,
GSE71889,0.003820626528913534,-0.10123770778062355,
GSE71912,0.003820626528913534,-0.10123770778062355,
GSE71916,0.003820626528913534,-0.10123770778062355,
GSE71924,0.003820626528913534,-0.10123770778062355,
GSE71943,0.003820626528913534,-0.10123770778062355,
GSE71948,0.003820626528913534,-0.10123770778062355,
GSE72003,0.003820626528913534,-0.10123770778062355,
GSE72018,0.003820626528913534,-0.10123770778062355,
GSE72059,0.003820626528913534,-0.10123770778062355,
GSE72064,0.003820626528913534,-0.10123770778062355,
GSE72066,0.003820626528913534,-0.10123770778062355,
GSE71304,0.003820626528913534,-0.10123770778062355,
GSE72086,0.003820626528913534,-0.10123770778062355,
GSE72095,0.003820626528913534,-0.10123770778062355,
GSE72105,0.003820626528913534,-0.10123770778062355,
GSE72121,0.003820626528913534,-0.10123770778062355,
GSE72129,0.003820626528913534,-0.10123770778062355,
GSE72136,0.003820626528913534,-0.10123770778062355,
GSE72146,0.003820626528913534,-0.10123770778062355,
GSE72148,0.003820626528913534,-0.10123770778062355,
GSE72164,0.003820626528913534,-0.10123770778062355,
GSE72165,0.003820626528913534,-0.10123770778062355,
GSE72178,0.003820626528913534,-0.10123770778062355,
GSE100039,0.003820626528913534,-0.10123770778062355,
GSE72196,0.003820626528913534,-0.10123770778062355,
GSE72207,0.003820626528913534,-0.10123770778062355,
GSE72069,0.003820626528913534,-0.10123770778062355,
GSE71309,0.003820626528913534,-0.10123770778062355,
GSE71310,0.003820626528913534,-0.10123770778062355,
GSE71333,0.003820626528913534,-0.10123770778062355,
GSE71385,0.003820626528913534,-0.10123770778062355,
GSE71396,0.003820626528913534,-0.10123770778062355,
GSE71405,0.003820626528913534,-0.10123770778062355,
GSE71453,0.003820626528913534,-0.10123770778062355,
GSE71462,0.003820626528913534,-0.10123770778062355,
GSE71463,0.003820626528913534,-0.10123770778062355,
GSE71493,0.003820626528913534,-0.10123770778062355,
GSE71499,0.003820626528913534,-0.10123770778062355,
GSE71527,0.003820626528913534,-0.10123770778062355,
GSE71529,0.003820626528913534,-0.10123770778062355,
GSE71531,0.003820626528913534,-0.10123770778062355,
GSE71794,0.003820626528913534,-0.10123770778062355,
GSE71554,0.003820626528913534,-0.10123770778062355,
GSE71586,0.003820626528913534,-0.10123770778062355,
GSE71588,0.003820626528913534,-0.10123770778062355,
GSE71591,0.003820626528913534,-0.10123770778062355,
GSE71619,0.003820626528913534,-0.10123770778062355,
GSE71635,0.003820626528913534,-0.10123770778062355,
GSE71636,0.003820626528913534,-0.10123770778062355,
GSE71674,0.003820626528913534,-0.10123770778062355,
GSE71679,0.003820626528913534,-0.10123770778062355,
GSE71698,0.003820626528913534,-0.10123770778062355,
GSE71699,0.003820626528913534,-0.10123770778062355,
GSE71713,0.003820626528913534,-0.10123770778062355,
GSE71734,0.003820626528913534,-0.10123770778062355,
GSE71773,0.003820626528913534,-0.10123770778062355,
GSE71534,0.003820626528913534,-0.10123770778062355,
GSE60627,0.003820626528913534,-0.10123770778062355,
GSE60641,0.003820626528913534,-0.10123770778062355,
GSE60642,0.003820626528913534,-0.10123770778062355,
GSE60647,0.003820626528913534,-0.10123770778062355,
GSE60648,0.003820626528913534,-0.10123770778062355,
GSE60691,0.003820626528913534,-0.10123770778062355,
GSE60699,0.003820626528913534,-0.10123770778062355,
GSE60701,0.003820626528913534,-0.10123770778062355,
GSE60731,0.003820626528913534,-0.10123770778062355,
GSE60738,0.003820626528913534,-0.10123770778062355,
GSE60745,0.003820626528913534,-0.10123770778062355,
GSE60756,0.003820626528913534,-0.10123770778062355,
GSE60763,0.003820626528913534,-0.10123770778062355,
GSE66775,0.003820626528913534,-0.10123770778062355,
GSE60837,0.003820626528913534,-0.10123770778062355,
GSE60843,0.003820626528913534,-0.10123770778062355,
GSE60875,0.003820626528913534,-0.10123770778062355,
GSE60896,0.003820626528913534,-0.10123770778062355,
GSE60927,0.003820626528913534,-0.10123770778062355,
GSE60930,0.003820626528913534,-0.10123770778062355,
GSE60941,0.003820626528913534,-0.10123770778062355,
GSE60968,0.003820626528913534,-0.10123770778062355,
GSE61008,0.003820626528913534,-0.10123770778062355,
GSE61024,0.003820626528913534,-0.10123770778062355,
GSE61031,0.003820626528913534,-0.10123770778062355,
GSE61033,0.003820626528913534,-0.10123770778062355,
GSE61098,0.003820626528913534,-0.10123770778062355,
GSE61117,0.003820626528913534,-0.10123770778062355,
GSE60808,0.003820626528913534,-0.10123770778062355,
GSE60072,0.003820626528913534,-0.10123770778062355,
GSE60097,0.003820626528913534,-0.10123770778062355,
GSE60101,0.003820626528913534,-0.10123770778062355,
GSE60114,0.003820626528913534,-0.10123770778062355,
GSE60163,0.003820626528913534,-0.10123770778062355,
GSE60165,0.003820626528913534,-0.10123770778062355,
GSE60188,0.003820626528913534,-0.10123770778062355,
GSE60226,0.003820626528913534,-0.10123770778062355,
GSE60243,0.003820626528913534,-0.10123770778062355,
GSE60261,0.003820626528913534,-0.10123770778062355,
GSE60283,0.003820626528913534,-0.10123770778062355,
GSE60285,0.003820626528913534,-0.10123770778062355,
GSE60297,0.003820626528913534,-0.10123770778062355,
GSE60307,0.003820626528913534,-0.10123770778062355,
GSE60599,0.003820626528913534,-0.10123770778062355,
GSE60361,0.003820626528913534,-0.10123770778062355,
GSE60377,0.003820626528913534,-0.10123770778062355,
GSE60397,0.003820626528913534,-0.10123770778062355,
GSE60402,0.003820626528913534,-0.10123770778062355,
GSE60418,0.003820626528913534,-0.10123770778062355,
GSE60425,0.003820626528913534,-0.10123770778062355,
GSE60440,0.003820626528913534,-0.10123770778062355,
GSE60441,0.003820626528913534,-0.10123770778062355,
GSE60450,0.003820626528913534,-0.10123770778062355,
GSE60520,0.003820626528913534,-0.10123770778062355,
GSE60537,0.003820626528913534,-0.10123770778062355,
GSE60545,0.003820626528913534,-0.10123770778062355,
GSE60556,0.003820626528913534,-0.10123770778062355,
GSE60569,0.003820626528913534,-0.10123770778062355,
GSE60334,0.003820626528913534,-0.10123770778062355,
GSE61874,0.003820626528913534,-0.10123770778062355,
GSE61875,0.003820626528913534,-0.10123770778062355,
GSE61887,0.003820626528913534,-0.10123770778062355,
GSE61890,0.003820626528913534,-0.10123770778062355,
GSE61891,0.003820626528913534,-0.10123770778062355,
GSE61915,0.003820626528913534,-0.10123770778062355,
GSE61969,0.003820626528913534,-0.10123770778062355,
GSE61994,0.003820626528913534,-0.10123770778062355,
GSE61996,0.003820626528913534,-0.10123770778062355,
GSE61997,0.003820626528913534,-0.10123770778062355,
GSE62001,0.003820626528913534,-0.10123770778062355,
GSE62040,0.003820626528913534,-0.10123770778062355,
GSE62042,0.003820626528913534,-0.10123770778062355,
GSE61184,0.003820626528913534,-0.10123770778062355,
GSE62125,0.003820626528913534,-0.10123770778062355,
GSE62129,0.003820626528913534,-0.10123770778062355,
GSE62149,0.003820626528913534,-0.10123770778062355,
GSE62184,0.003820626528913534,-0.10123770778062355,
GSE62202,0.003820626528913534,-0.10123770778062355,
GSE62205,0.003820626528913534,-0.10123770778062355,
GSE62270,0.003820626528913534,-0.10123770778062355,
GSE62292,0.003820626528913534,-0.10123770778062355,
GSE62294,0.003820626528913534,-0.10123770778062355,
GSE62310,0.003820626528913534,-0.10123770778062355,
GSE62355,0.003820626528913534,-0.10123770778062355,
GSE62357,0.003820626528913534,-0.10123770778062355,
GSE62378,0.003820626528913534,-0.10123770778062355,
GSE62398,0.003820626528913534,-0.10123770778062355,
GSE62122,0.003820626528913534,-0.10123770778062355,
GSE61188,0.003820626528913534,-0.10123770778062355,
GSE61205,0.003820626528913534,-0.10123770778062355,
GSE61209,0.003820626528913534,-0.10123770778062355,
GSE61239,0.003820626528913534,-0.10123770778062355,
GSE61250,0.003820626528913534,-0.10123770778062355,
GSE61288,0.003820626528913534,-0.10123770778062355,
GSE61300,0.003820626528913534,-0.10123770778062355,
GSE61329,0.003820626528913534,-0.10123770778062355,
GSE61351,0.003820626528913534,-0.10123770778062355,
GSE61389,0.003820626528913534,-0.10123770778062355,
GSE61401,0.003820626528913534,-0.10123770778062355,
GSE61425,0.003820626528913534,-0.10123770778062355,
GSE61444,0.003820626528913534,-0.10123770778062355,
GSE61486,0.003820626528913534,-0.10123770778062355,
GSE61845,0.003820626528913534,-0.10123770778062355,
GSE61523,0.003820626528913534,-0.10123770778062355,
GSE61528,0.003820626528913534,-0.10123770778062355,
GSE61529,0.003820626528913534,-0.10123770778062355,
GSE61577,0.003820626528913534,-0.10123770778062355,
GSE61602,0.003820626528913534,-0.10123770778062355,
GSE61627,0.003820626528913534,-0.10123770778062355,
GSE61677,0.003820626528913534,-0.10123770778062355,
GSE61694,0.003820626528913534,-0.10123770778062355,
GSE61695,0.003820626528913534,-0.10123770778062355,
GSE61734,0.003820626528913534,-0.10123770778062355,
GSE61748,0.003820626528913534,-0.10123770778062355,
GSE61755,0.003820626528913534,-0.10123770778062355,
GSE61775,0.003820626528913534,-0.10123770778062355,
GSE61828,0.003820626528913534,-0.10123770778062355,
GSE61505,0.003820626528913534,-0.10123770778062355,
GSE58239,0.003820626528913534,-0.10123770778062355,
GSE58261,0.003820626528913534,-0.10123770778062355,
GSE58282,0.003820626528913534,-0.10123770778062355,
GSE58283,0.003820626528913534,-0.10123770778062355,
GSE58286,0.003820626528913534,-0.10123770778062355,
GSE58313,0.003820626528913534,-0.10123770778062355,
GSE58318,0.003820626528913534,-0.10123770778062355,
GSE58332,0.003820626528913534,-0.10123770778062355,
GSE58359,0.003820626528913534,-0.10123770778062355,
GSE58360,0.003820626528913534,-0.10123770778062355,
GSE58363,0.003820626528913534,-0.10123770778062355,
GSE58371,0.003820626528913534,-0.10123770778062355,
GSE58372,0.003820626528913534,-0.10123770778062355,
GSE60066,0.003820626528913534,-0.10123770778062355,
GSE58405,0.003820626528913534,-0.10123770778062355,
GSE58423,0.003820626528913534,-0.10123770778062355,
GSE58432,0.003820626528913534,-0.10123770778062355,
GSE58453,0.003820626528913534,-0.10123770778062355,
GSE58455,0.003820626528913534,-0.10123770778062355,
GSE58465,0.003820626528913534,-0.10123770778062355,
GSE58495,0.003820626528913534,-0.10123770778062355,
GSE58498,0.003820626528913534,-0.10123770778062355,
GSE58510,0.003820626528913534,-0.10123770778062355,
GSE58514,0.003820626528913534,-0.10123770778062355,
GSE58523,0.003820626528913534,-0.10123770778062355,
GSE58609,0.003820626528913534,-0.10123770778062355,
GSE58619,0.003820626528913534,-0.10123770778062355,
GSE58645,0.003820626528913534,-0.10123770778062355,
GSE58384,0.003820626528913534,-0.10123770778062355,
GSE57654,0.003820626528913534,-0.10123770778062355,
GSE57680,0.003820626528913534,-0.10123770778062355,
GSE57682,0.003820626528913534,-0.10123770778062355,
GSE57694,0.003820626528913534,-0.10123770778062355,
GSE57698,0.003820626528913534,-0.10123770778062355,
GSE57712,0.003820626528913534,-0.10123770778062355,
GSE57745,0.003820626528913534,-0.10123770778062355,
GSE57776,0.003820626528913534,-0.10123770778062355,
GSE57804,0.003820626528913534,-0.10123770778062355,
GSE57809,0.003820626528913534,-0.10123770778062355,
GSE57837,0.003820626528913534,-0.10123770778062355,
GSE57849,0.003820626528913534,-0.10123770778062355,
GSE57875,0.003820626528913534,-0.10123770778062355,
GSE57910,0.003820626528913534,-0.10123770778062355,
GSE58174,0.003820626528913534,-0.10123770778062355,
GSE57959,0.003820626528913534,-0.10123770778062355,
GSE57967,0.003820626528913534,-0.10123770778062355,
GSE57980,0.003820626528913534,-0.10123770778062355,
GSE57984,0.003820626528913534,-0.10123770778062355,
GSE57998,0.003820626528913534,-0.10123770778062355,
GSE58001,0.003820626528913534,-0.10123770778062355,
GSE58016,0.003820626528913534,-0.10123770778062355,
GSE58017,0.003820626528913534,-0.10123770778062355,
GSE58018,0.003820626528913534,-0.10123770778062355,
GSE58025,0.003820626528913534,-0.10123770778062355,
GSE58088,0.003820626528913534,-0.10123770778062355,
GSE58089,0.003820626528913534,-0.10123770778062355,
GSE58108,0.003820626528913534,-0.10123770778062355,
GSE58116,0.003820626528913534,-0.10123770778062355,
GSE57926,0.003820626528913534,-0.10123770778062355,
GSE59127,0.003820626528913534,-0.10123770778062355,
GSE59129,0.003820626528913534,-0.10123770778062355,
GSE59130,0.003820626528913534,-0.10123770778062355,
GSE59148,0.003820626528913534,-0.10123770778062355,
GSE59168,0.003820626528913534,-0.10123770778062355,
GSE59215,0.003820626528913534,-0.10123770778062355,
GSE59269,0.003820626528913534,-0.10123770778062355,
GSE59285,0.003820626528913534,-0.10123770778062355,
GSE59318,0.003820626528913534,-0.10123770778062355,
GSE59354,0.003820626528913534,-0.10123770778062355,
GSE59373,0.003820626528913534,-0.10123770778062355,
GSE59383,0.003820626528913534,-0.10123770778062355,
GSE59419,0.003820626528913534,-0.10123770778062355,
GSE59442,0.003820626528913534,-0.10123770778062355,
GSE58664,0.003820626528913534,-0.10123770778062355,
GSE59486,0.003820626528913534,-0.10123770778062355,
GSE59547,0.003820626528913534,-0.10123770778062355,
GSE59571,0.003820626528913534,-0.10123770778062355,
GSE59622,0.003820626528913534,-0.10123770778062355,
GSE59623,0.003820626528913534,-0.10123770778062355,
GSE59725,0.003820626528913534,-0.10123770778062355,
GSE59784,0.003820626528913534,-0.10123770778062355,
GSE59813,0.003820626528913534,-0.10123770778062355,
GSE59859,0.003820626528913534,-0.10123770778062355,
GSE59956,0.003820626528913534,-0.10123770778062355,
GSE59958,0.003820626528913534,-0.10123770778062355,
GSE59970,0.003820626528913534,-0.10123770778062355,
GSE60019,0.003820626528913534,-0.10123770778062355,
GSE60050,0.003820626528913534,-0.10123770778062355,
GSE59463,0.003820626528913534,-0.10123770778062355,
GSE58669,0.003820626528913534,-0.10123770778062355,
GSE58707,0.003820626528913534,-0.10123770778062355,
GSE58732,0.003820626528913534,-0.10123770778062355,
GSE58733,0.003820626528913534,-0.10123770778062355,
GSE58746,0.003820626528913534,-0.10123770778062355,
GSE58757,0.003820626528913534,-0.10123770778062355,
GSE58765,0.003820626528913534,-0.10123770778062355,
GSE58797,0.003820626528913534,-0.10123770778062355,
GSE58801,0.003820626528913534,-0.10123770778062355,
GSE58827,0.003820626528913534,-0.10123770778062355,
GSE58833,0.003820626528913534,-0.10123770778062355,
GSE58836,0.003820626528913534,-0.10123770778062355,
GSE58843,0.003820626528913534,-0.10123770778062355,
GSE58858,0.003820626528913534,-0.10123770778062355,
GSE59121,0.003820626528913534,-0.10123770778062355,
GSE58916,0.003820626528913534,-0.10123770778062355,
GSE58917,0.003820626528913534,-0.10123770778062355,
GSE58926,0.003820626528913534,-0.10123770778062355,
GSE58928,0.003820626528913534,-0.10123770778062355,
GSE58971,0.003820626528913534,-0.10123770778062355,
GSE58972,0.003820626528913534,-0.10123770778062355,
GSE58973,0.003820626528913534,-0.10123770778062355,
GSE58993,0.003820626528913534,-0.10123770778062355,
GSE58996,0.003820626528913534,-0.10123770778062355,
GSE58998,0.003820626528913534,-0.10123770778062355,
GSE59017,0.003820626528913534,-0.10123770778062355,
GSE59073,0.003820626528913534,-0.10123770778062355,
GSE59104,0.003820626528913534,-0.10123770778062355,
GSE59119,0.003820626528913534,-0.10123770778062355,
GSE58905,0.003820626528913534,-0.10123770778062355,
GSE65444,0.003820626528913534,-0.10123770778062355,
GSE65457,0.003820626528913534,-0.10123770778062355,
GSE65504,0.003820626528913534,-0.10123770778062355,
GSE65506,0.003820626528913534,-0.10123770778062355,
GSE65524,0.003820626528913534,-0.10123770778062355,
GSE65529,0.003820626528913534,-0.10123770778062355,
GSE65530,0.003820626528913534,-0.10123770778062355,
GSE65542,0.003820626528913534,-0.10123770778062355,
GSE65543,0.003820626528913534,-0.10123770778062355,
GSE65582,0.003820626528913534,-0.10123770778062355,
GSE65617,0.003820626528913534,-0.10123770778062355,
GSE65619,0.003820626528913534,-0.10123770778062355,
GSE65633,0.003820626528913534,-0.10123770778062355,
GSE62424,0.003820626528913534,-0.10123770778062355,
GSE65651,0.003820626528913534,-0.10123770778062355,
GSE65658,0.003820626528913534,-0.10123770778062355,
GSE65665,0.003820626528913534,-0.10123770778062355,
GSE65686,0.003820626528913534,-0.10123770778062355,
GSE65697,0.003820626528913534,-0.10123770778062355,
GSE65731,0.003820626528913534,-0.10123770778062355,
GSE65732,0.003820626528913534,-0.10123770778062355,
GSE65747,0.003820626528913534,-0.10123770778062355,
GSE65753,0.003820626528913534,-0.10123770778062355,
GSE65796,0.003820626528913534,-0.10123770778062355,
GSE65808,0.003820626528913534,-0.10123770778062355,
GSE65818,0.003820626528913534,-0.10123770778062355,
GSE65850,0.003820626528913534,-0.10123770778062355,
GSE65864,0.003820626528913534,-0.10123770778062355,
GSE65636,0.003820626528913534,-0.10123770778062355,
GSE64824,0.003820626528913534,-0.10123770778062355,
GSE64840,0.003820626528913534,-0.10123770778062355,
GSE64856,0.003820626528913534,-0.10123770778062355,
GSE64893,0.003820626528913534,-0.10123770778062355,
GSE64899,0.003820626528913534,-0.10123770778062355,
GSE64910,0.003820626528913534,-0.10123770778062355,
GSE64936,0.003820626528913534,-0.10123770778062355,
GSE64959,0.003820626528913534,-0.10123770778062355,
GSE64960,0.003820626528913534,-0.10123770778062355,
GSE64969,0.003820626528913534,-0.10123770778062355,
GSE65082,0.003820626528913534,-0.10123770778062355,
GSE65118,0.003820626528913534,-0.10123770778062355,
GSE65141,0.003820626528913534,-0.10123770778062355,
GSE65164,0.003820626528913534,-0.10123770778062355,
GSE65422,0.003820626528913534,-0.10123770778062355,
GSE65179,0.003820626528913534,-0.10123770778062355,
GSE65207,0.003820626528913534,-0.10123770778062355,
GSE65246,0.003820626528913534,-0.10123770778062355,
GSE65267,0.003820626528913534,-0.10123770778062355,
GSE65321,0.003820626528913534,-0.10123770778062355,
GSE65337,0.003820626528913534,-0.10123770778062355,
GSE65344,0.003820626528913534,-0.10123770778062355,
GSE65348,0.003820626528913534,-0.10123770778062355,
GSE65358,0.003820626528913534,-0.10123770778062355,
GSE65361,0.003820626528913534,-0.10123770778062355,
GSE65383,0.003820626528913534,-0.10123770778062355,
GSE65388,0.003820626528913534,-0.10123770778062355,
GSE65395,0.003820626528913534,-0.10123770778062355,
GSE65408,0.003820626528913534,-0.10123770778062355,
GSE65177,0.003820626528913534,-0.10123770778062355,
GSE66232,0.003820626528913534,-0.10123770778062355,
GSE66243,0.003820626528913534,-0.10123770778062355,
GSE66264,0.003820626528913534,-0.10123770778062355,
GSE66286,0.003820626528913534,-0.10123770778062355,
GSE66312,0.003820626528913534,-0.10123770778062355,
GSE66343,0.003820626528913534,-0.10123770778062355,
GSE66345,0.003820626528913534,-0.10123770778062355,
GSE66352,0.003820626528913534,-0.10123770778062355,
GSE66364,0.003820626528913534,-0.10123770778062355,
GSE66366,0.003820626528913534,-0.10123770778062355,
GSE66377,0.003820626528913534,-0.10123770778062355,
GSE66380,0.003820626528913534,-0.10123770778062355,
GSE66440,0.003820626528913534,-0.10123770778062355,
GSE66471,0.003820626528913534,-0.10123770778062355,
GSE65873,0.003820626528913534,-0.10123770778062355,
GSE66523,0.003820626528913534,-0.10123770778062355,
GSE66547,0.003820626528913534,-0.10123770778062355,
GSE66551,0.003820626528913534,-0.10123770778062355,
GSE66557,0.003820626528913534,-0.10123770778062355,
GSE66567,0.003820626528913534,-0.10123770778062355,
GSE66575,0.003820626528913534,-0.10123770778062355,
GSE66578,0.003820626528913534,-0.10123770778062355,
GSE66619,0.003820626528913534,-0.10123770778062355,
GSE66630,0.003820626528913534,-0.10123770778062355,
GSE66634,0.003820626528913534,-0.10123770778062355,
GSE66679,0.003820626528913534,-0.10123770778062355,
GSE66686,0.003820626528913534,-0.10123770778062355,
GSE66716,0.003820626528913534,-0.10123770778062355,
GSE66734,0.003820626528913534,-0.10123770778062355,
GSE66484,0.003820626528913534,-0.10123770778062355,
GSE65884,0.003820626528913534,-0.10123770778062355,
GSE65887,0.003820626528913534,-0.10123770778062355,
GSE65921,0.003820626528913534,-0.10123770778062355,
GSE65922,0.003820626528913534,-0.10123770778062355,
GSE65924,0.003820626528913534,-0.10123770778062355,
GSE65929,0.003820626528913534,-0.10123770778062355,
GSE65935,0.003820626528913534,-0.10123770778062355,
GSE65936,0.003820626528913534,-0.10123770778062355,
GSE65950,0.003820626528913534,-0.10123770778062355,
GSE65955,0.003820626528913534,-0.10123770778062355,
GSE65973,0.003820626528913534,-0.10123770778062355,
GSE65976,0.003820626528913534,-0.10123770778062355,
GSE65987,0.003820626528913534,-0.10123770778062355,
GSE65994,0.003820626528913534,-0.10123770778062355,
GSE66231,0.003820626528913534,-0.10123770778062355,
GSE66003,0.003820626528913534,-0.10123770778062355,
GSE66007,0.003820626528913534,-0.10123770778062355,
GSE66008,0.003820626528913534,-0.10123770778062355,
GSE66029,0.003820626528913534,-0.10123770778062355,
GSE66049,0.003820626528913534,-0.10123770778062355,
GSE66066,0.003820626528913534,-0.10123770778062355,
GSE66068,0.003820626528913534,-0.10123770778062355,
GSE66127,0.003820626528913534,-0.10123770778062355,
GSE66128,0.003820626528913534,-0.10123770778062355,
GSE66137,0.003820626528913534,-0.10123770778062355,
GSE66138,0.003820626528913534,-0.10123770778062355,
GSE66145,0.003820626528913534,-0.10123770778062355,
GSE66202,0.003820626528913534,-0.10123770778062355,
GSE66211,0.003820626528913534,-0.10123770778062355,
GSE66001,0.003820626528913534,-0.10123770778062355,
GSE62917,0.003820626528913534,-0.10123770778062355,
GSE62979,0.003820626528913534,-0.10123770778062355,
GSE63031,0.003820626528913534,-0.10123770778062355,
GSE63078,0.003820626528913534,-0.10123770778062355,
GSE63093,0.003820626528913534,-0.10123770778062355,
GSE63143,0.003820626528913534,-0.10123770778062355,
GSE63166,0.003820626528913534,-0.10123770778062355,
GSE63194,0.003820626528913534,-0.10123770778062355,
GSE63199,0.003820626528913534,-0.10123770778062355,
GSE63204,0.003820626528913534,-0.10123770778062355,
GSE63206,0.003820626528913534,-0.10123770778062355,
GSE63256,0.003820626528913534,-0.10123770778062355,
GSE63268,0.003820626528913534,-0.10123770778062355,
GSE64787,0.003820626528913534,-0.10123770778062355,
GSE63282,0.003820626528913534,-0.10123770778062355,
GSE63300,0.003820626528913534,-0.10123770778062355,
GSE63310,0.003820626528913534,-0.10123770778062355,
GSE63316,0.003820626528913534,-0.10123770778062355,
GSE63348,0.003820626528913534,-0.10123770778062355,
GSE63404,0.003820626528913534,-0.10123770778062355,
GSE63412,0.003820626528913534,-0.10123770778062355,
GSE63424,0.003820626528913534,-0.10123770778062355,
GSE63426,0.003820626528913534,-0.10123770778062355,
GSE63472,0.003820626528913534,-0.10123770778062355,
GSE63482,0.003820626528913534,-0.10123770778062355,
GSE63493,0.003820626528913534,-0.10123770778062355,
GSE63510,0.003820626528913534,-0.10123770778062355,
GSE63526,0.003820626528913534,-0.10123770778062355,
GSE63271,0.003820626528913534,-0.10123770778062355,
GSE62432,0.003820626528913534,-0.10123770778062355,
GSE62479,0.003820626528913534,-0.10123770778062355,
GSE62512,0.003820626528913534,-0.10123770778062355,
GSE62535,0.003820626528913534,-0.10123770778062355,
GSE62559,0.003820626528913534,-0.10123770778062355,
GSE62571,0.003820626528913534,-0.10123770778062355,
GSE62573,0.003820626528913534,-0.10123770778062355,
GSE62621,0.003820626528913534,-0.10123770778062355,
GSE62633,0.003820626528913534,-0.10123770778062355,
GSE62641,0.003820626528913534,-0.10123770778062355,
GSE62647,0.003820626528913534,-0.10123770778062355,
GSE62659,0.003820626528913534,-0.10123770778062355,
GSE62669,0.003820626528913534,-0.10123770778062355,
GSE62684,0.003820626528913534,-0.10123770778062355,
GSE62902,0.003820626528913534,-0.10123770778062355,
GSE62698,0.003820626528913534,-0.10123770778062355,
GSE62704,0.003820626528913534,-0.10123770778062355,
GSE62710,0.003820626528913534,-0.10123770778062355,
GSE62734,0.003820626528913534,-0.10123770778062355,
GSE62741,0.003820626528913534,-0.10123770778062355,
GSE62771,0.003820626528913534,-0.10123770778062355,
GSE62784,0.003820626528913534,-0.10123770778062355,
GSE62786,0.003820626528913534,-0.10123770778062355,
GSE62795,0.003820626528913534,-0.10123770778062355,
GSE62822,0.003820626528913534,-0.10123770778062355,
GSE62824,0.003820626528913534,-0.10123770778062355,
GSE62826,0.003820626528913534,-0.10123770778062355,
GSE62874,0.003820626528913534,-0.10123770778062355,
GSE62899,0.003820626528913534,-0.10123770778062355,
GSE62689,0.003820626528913534,-0.10123770778062355,
GSE64099,0.003820626528913534,-0.10123770778062355,
GSE64138,0.003820626528913534,-0.10123770778062355,
GSE64218,0.003820626528913534,-0.10123770778062355,
GSE64296,0.003820626528913534,-0.10123770778062355,
GSE64357,0.003820626528913534,-0.10123770778062355,
GSE64359,0.003820626528913534,-0.10123770778062355,
GSE64370,0.003820626528913534,-0.10123770778062355,
GSE64371,0.003820626528913534,-0.10123770778062355,
GSE64379,0.003820626528913534,-0.10123770778062355,
GSE64391,0.003820626528913534,-0.10123770778062355,
GSE64403,0.003820626528913534,-0.10123770778062355,
GSE64428,0.003820626528913534,-0.10123770778062355,
GSE64452,0.003820626528913534,-0.10123770778062355,
GSE64455,0.003820626528913534,-0.10123770778062355,
GSE63647,0.003820626528913534,-0.10123770778062355,
GSE64489,0.003820626528913534,-0.10123770778062355,
GSE64510,0.003820626528913534,-0.10123770778062355,
GSE64515,0.003820626528913534,-0.10123770778062355,
GSE64526,0.003820626528913534,-0.10123770778062355,
GSE64545,0.003820626528913534,-0.10123770778062355,
GSE64559,0.003820626528913534,-0.10123770778062355,
GSE64622,0.003820626528913534,-0.10123770778062355,
GSE64684,0.003820626528913534,-0.10123770778062355,
GSE64687,0.003820626528913534,-0.10123770778062355,
GSE64706,0.003820626528913534,-0.10123770778062355,
GSE64735,0.003820626528913534,-0.10123770778062355,
GSE64757,0.003820626528913534,-0.10123770778062355,
GSE64771,0.003820626528913534,-0.10123770778062355,
GSE64779,0.003820626528913534,-0.10123770778062355,
GSE64478,0.003820626528913534,-0.10123770778062355,
GSE63674,0.003820626528913534,-0.10123770778062355,
GSE63681,0.003820626528913534,-0.10123770778062355,
GSE63748,0.003820626528913534,-0.10123770778062355,
GSE63751,0.003820626528913534,-0.10123770778062355,
GSE63758,0.003820626528913534,-0.10123770778062355,
GSE63772,0.003820626528913534,-0.10123770778062355,
GSE63792,0.003820626528913534,-0.10123770778062355,
GSE63794,0.003820626528913534,-0.10123770778062355,
GSE63796,0.003820626528913534,-0.10123770778062355,
GSE63800,0.003820626528913534,-0.10123770778062355,
GSE63804,0.003820626528913534,-0.10123770778062355,
GSE63809,0.003820626528913534,-0.10123770778062355,
GSE63810,0.003820626528913534,-0.10123770778062355,
GSE63820,0.003820626528913534,-0.10123770778062355,
GSE64092,0.003820626528913534,-0.10123770778062355,
GSE63853,0.003820626528913534,-0.10123770778062355,
GSE63857,0.003820626528913534,-0.10123770778062355,
GSE63889,0.003820626528913534,-0.10123770778062355,
GSE63943,0.003820626528913534,-0.10123770778062355,
GSE63948,0.003820626528913534,-0.10123770778062355,
GSE63961,0.003820626528913534,-0.10123770778062355,
GSE63968,0.003820626528913534,-0.10123770778062355,
GSE64002,0.003820626528913534,-0.10123770778062355,
GSE64008,0.003820626528913534,-0.10123770778062355,
GSE64040,0.003820626528913534,-0.10123770778062355,
GSE64054,0.003820626528913534,-0.10123770778062355,
GSE64063,0.003820626528913534,-0.10123770778062355,
GSE64080,0.003820626528913534,-0.10123770778062355,
GSE64091,0.003820626528913534,-0.10123770778062355,
GSE63836,0.003820626528913534,-0.10123770778062355,
