ID,prob,log2(prob/prior),related_words
GSE98451,0.05964540636251448,2.0410792989186897,"early,endometrium,pathways,uterine"
GSE60226,0.03863345829778126,1.414519094087747,cervical
GSE90101,0.03589466518625178,1.3084377076742266,uterine
GSE73541,0.035672143258998174,1.2994661656295057,uterine
GSE69018,0.027102428900422443,0.9030904176810893,"tissues,uterine"
GSE47019,0.02349165116449018,0.6968163870416382,"endometrial,pathways,sample,uterine"
GSE79698,0.023432219219962254,0.6931618625198156,"endometriosis,endometriotic"
GSE89463,0.021820755053434112,0.5903692904339063,"endometrial,tissues"
GSE105455,0.0212286277937472,0.5506793862854941,"early,uterine"
GSE81140,0.020677752733493197,0.5127476684969106,cervical
GSE80623,0.018563375638729188,0.3571273467812056,uterine
GSE42339,0.018142077285764172,0.3240079223346265,uterine
GSE103670,0.016922372512231654,0.22360011511149566,uterine
GSE54246,0.01651018047516995,0.1880241576488983,"cancer,cancers,carcinomas,normal,squamous"
GSE67207,0.016444786571284488,0.18229855127602596,"cancer,normal,ovarian,serous"
GSE52023,0.016385312152490616,0.17707142456892158,"early,stage"
GSE33921,0.01636627082506742,0.17539389760728707,stage
GSE57804,0.01635390447251875,0.17430338533569587,"cancers,tissue,tissues,uterine,women"
GSE47033,0.0160212113459382,0.14465149943852093,"early,stage"
GSE84078,0.015859717722269854,0.13003536059858098,"alterations,normal,ovarian"
GSE59283,0.015723846893563088,0.11762248811844349,"cancer,early,normal,profile,stage,tissues"
GSE78701,0.0156262252876173,0.10863758619013765,uterine
GSE84892,0.01527866736507871,0.07618698121246921,"early,stage"
GSE74938,0.01515235694747121,0.06421048921336041,"early,stage"
GSE68472,0.015091811071886048,0.05843421187720119,"ovarian,profile"
GSE81940,0.014995039492317595,0.049153588829685374,"endometrium,normal,pathways,secretory,uterine"
GSE55870,0.014741841016940795,0.024584971908372548,"cancer,normal,profile"
GSE64771,0.014711882496961414,0.021650129181862855,"cancer,samples"
GSE68178,0.01456424189386298,0.0070988744597894095,normal
GSE74490,0.014412968535722031,-0.007964225332823332,cancer
GSE53427,0.014386709020090888,-0.010595121696336068,"normal,samples,tissue"
GSE81222,0.014326809632966264,-0.016614354320396367,"ectopic,uterine"
GSE53190,0.014314938939282562,-0.017810216496671555,"cancer,normal,tissue,tissues"
GSE106330,0.014312061609199962,-0.01810023010449722,"cancer,normal,tissue"
GSE51144,0.014294921390151167,-0.01982904659528897,"cancer,stage"
GSE53380,0.01428434309861677,-0.02089704115062068,"normal,samples,tissue"
GSE87388,0.014243824984444894,-0.024995118637915148,"alterations,cancer"
GSE86895,0.014219262339856851,-0.027485109546570633,"cancer,pathways,tissues"
GSE87870,0.01413999046377601,-0.03555058582432856,"samples,gen"
GSE100276,0.014041946346865496,-0.04558881228605912,"alterations,cancer,early,stage"
GSE69751,0.01403713341769909,-0.04608338612300405,"normal,tissues"
GSE84927,0.013950872851685886,-0.05497634431812269,"samples,tissues"
GSE85731,0.013881450448935514,-0.06217341247528415,cancer
GSE78140,0.013876388661273695,-0.06269957850785535,"early,stage"
GSE84526,0.013844669585628147,-0.06600110997888667,normal
GSE82005,0.013766254285719584,-0.07419566869707453,"cancer,carcinomas,early,profile,proliferative,stage"
GSE90891,0.013598501990142188,-0.09188399993461219,"adenocarcinoma,cancer"
GSE75453,0.013542969491748352,-0.09778762766468424,"array,samples"
GSE63796,0.013519247377369922,-0.10031689462787415,"early,stage"
GSE87068,0.01351581191663546,-0.10068355350126917,"samples,tissue,tissues"
GSE62826,0.013505464108327382,-0.1017885148247917,"normal,peritoneal,tissue,tissues"
GSE75470,0.013497002285609471,-0.10269271593690679,"early,pathways,stage"
GSE104463,0.013469286474938114,-0.10565830582912827,"normal,tissues"
GSE66377,0.013464387793025188,-0.10618309900144371,"ectopic,tissue"
GSE78962,0.013449055644699512,-0.10782685869348803,"pathways,samples"
GSE71217,0.013444689732814596,-0.1082952709129274,ectopic
GSE46434,0.013438060408580092,-0.1090068122054761,normal
GSE60837,0.013421301710973613,-0.11080712994634415,cancer
GSE78696,0.01341942833143126,-0.11100851905726444,cancer
GSE47536,0.013399910655675125,-0.11310835149590642,"ectopic,normal"
GSE89928,0.013380908187050768,-0.11515569530647707,"cancer,cancers,normal,tissue"
GSE66828,0.013369774640075115,-0.11635658532042657,"normal,samples,tissue"
GSE58017,0.01336612413952521,-0.11675055442662766,"cancer,ectopic,normal,tissues"
GSE58018,0.013354828625048555,-0.11797027019305222,"cancer,ectopic,normal,tissues"
GSE58016,0.013354828625048555,-0.11797027019305222,"cancer,ectopic,normal,tissues"
GSE107470,0.013343261529709608,-0.11922038149542726,"cancer,tissue"
GSE43314,0.013334287789691434,-0.12019096320484438,"normal,profile"
GSE77623,0.01328215940026047,-0.12584201531867523,"cancer,profile"
GSE77941,0.01328125362207716,-0.12594040340552357,"pathways,profile,stage"
GSE75816,0.013251242305970723,-0.12920411410201138,"normal,samples,tissue"
GSE86301,0.013248382377028727,-0.1295155151401233,cancer
GSE63078,0.013235072947626794,-0.1309655864526745,"early,tissue"
GSE75579,0.01323227589461036,-0.13127051268876916,"normal,profile"
GSE90962,0.013191300847726985,-0.13574489137708906,"pathways,tissue,women"
GSE99771,0.013190630899887704,-0.13581816352674347,"normal,samples"
GSE112204,0.013174520927906342,-0.13758123166537597,"cancer,normal"
GSE80810,0.01317271319539581,-0.13777920362099652,"early,stage,tissues"
GSE49844,0.013172109115932876,-0.1378453648146711,"normal,sample,samples"
GSE70046,0.013159220686904132,-0.13925768043023487,"adenocarcinoma,cancer,cancers,carcinoma,normal,pathways"
GSE74762,0.013144981417574208,-0.14081963050750346,"carcinomas,proliferative,squamous"
GSE85498,0.013141562639840409,-0.14119489883486444,"normal,tissue"
GSE74747,0.01314026557413386,-0.14133729914650406,"tissue,tissues"
GSE97321,0.013135610406245897,-0.14184848954044194,normal
GSE86520,0.013101845273650463,-0.14556171667924983,"tissue,women"
GSE90987,0.013087567196663732,-0.14713478846361197,"profile,tissue"
GSE65582,0.013085760783733845,-0.14733393035201336,ectopic
GSE100035,0.013083328849837816,-0.14760207410716877,women
GSE94583,0.01308108315960434,-0.1478497270007246,"cancer,carcinoma,stage"
GSE84447,0.013073407687940767,-0.1486964928802791,"alterations,cancer,samples"
GSE44553,0.013041785064661955,-0.15219038431077117,stage
GSE92641,0.013040733247242791,-0.1523067420763231,"normal,proliferative,tissues"
GSE68715,0.01303757737178656,-0.1526559185210021,"early,stage"
GSE77729,0.013035704144268235,-0.1528632185537296,"cancer,carcinoma,normal,plus"
GSE53244,0.013029703742795069,-0.15352745136674428,"normal,samples"
GSE50776,0.013017240696139175,-0.15490806451460615,"ectopic,proliferative"
GSE81316,0.01300964675281101,-0.15574994349170002,"adenocarcinoma,array,cancer"
GSE72808,0.0130046394395287,-0.1563053326402908,"samples,tissues"
GSE89509,0.012984180532528778,-0.15857676857310288,stage
GSE74290,0.01298284881807735,-0.1587247452870117,"early,stage"
GSE30943,0.012982402881556127,-0.15877430000846984,"normal,pathways"
GSE39438,0.012979298881894275,-0.1591192793153902,"cancer,cancers,normal,tissue,tissues"
GSE85929,0.012977233444952632,-0.15934887821571664,"ectopic,pathways"
GSE108811,0.012970690335945197,-0.16007646715090912,cancer
GSE71513,0.012969533914370253,-0.16020509855026438,"cancer,cancers"
GSE95782,0.012962372615377346,-0.1610019216295223,"cancer,samples"
GSE81530,0.0129585972758228,-0.16142217316442944,"early,stage"
GSE90067,0.012955951708263417,-0.16171673721135615,normal
GSE60648,0.012954402242743005,-0.16188928647326278,cancer
GSE93017,0.012948479429295591,-0.16254904424429376,"cancer,carcinoma,samples"
GSE74274,0.012925328622733656,-0.16513077188681688,"tissue,tissues"
GSE66630,0.012922198545410959,-0.1654801861285549,"profile,stage"
GSE87862,0.012915995832332033,-0.1661728524534611,"early,normal,stage"
GSE95428,0.012904447650595592,-0.16746334195604,normal
GSE66557,0.012900242465742262,-0.16793355100410648,normal
GSE55131,0.012896393840471088,-0.1683640251611439,"samples,tissue"
GSE63348,0.012889811001249396,-0.16910062287024505,"adenocarcinoma,normal"
GSE99622,0.012879378545812635,-0.17026875060803734,"normal,tissue"
GSE63031,0.012874548421931373,-0.1708099027096805,tissue
GSE90800,0.012872959736023312,-0.17098793852347163,"cancer,ee"
GSE62125,0.012871236280789896,-0.17118110208705958,"carcinoma,normal,squamous"
GSE65619,0.012868318353715453,-0.17150820012723825,"early,ectopic,tissues"
GSE104443,0.012868019856471763,-0.17154166568785464,"cancer,normal,stage"
GSE85627,0.012865176999459554,-0.17186042715018815,stage
GSE95519,0.012861996972419562,-0.17221707800261896,stage
GSE72917,0.012841589712041421,-0.17450792245893906,"early,stage"
GSE99791,0.012838936057220375,-0.17480607949034707,normal
GSE54631,0.01283564974179317,-0.17517540587657457,"cancer,samples"
GSE41293,0.012835131925138764,-0.17523360835199542,"profile,samples,tissues"
GSE92301,0.012833862576931233,-0.17537629273844552,"normal,profile"
GSE84942,0.012831188142430975,-0.17567696570004288,"normal,profile,tissues"
GSE76133,0.012830552110349057,-0.17574848075097715,tissue
GSE73127,0.012825296997270462,-0.176339498078217,"profile,sample,tissues"
GSE81492,0.012824670193107306,-0.1764100078961253,stage
GSE97013,0.012823976836760774,-0.17648800824926592,"cancer,normal,pathways,profile,samples,tissue"
GSE92894,0.012818228683688697,-0.17713481938753964,ectopic
GSE99061,0.01281550972035744,-0.17744087189281574,"carcinoma,tissue"
GSE45376,0.012814763451847736,-0.17752488487786594,"normal,pathways,sample,samples,tissue,tissues"
GSE84665,0.012814262776188209,-0.17758125239528616,"early,normal,stage,tissues"
GSE51372,0.012813994718494821,-0.1776114320128443,"cancer,normal"
GSE76772,0.012810768865232972,-0.1779746683418651,"carcinoma,early,samples"
GSE76294,0.012809569977516708,-0.1781096883644118,tissue
GSE76033,0.012809385341276035,-0.1781304834191264,"adenocarcinoma,cancer"
GSE89313,0.012808667301796885,-0.17821135701326213,early
GSE86310,0.012807770334589658,-0.17831238980795464,"node,normal"
GSE93946,0.012806634089048837,-0.1784403846487434,cancer
GSE81686,0.012805780363744914,-0.17853656185725897,"early,tissue,tissues"
GSE76317,0.012804634421830665,-0.17866566907647263,tissue
GSE70016,0.012793529495355336,-0.1799174013032263,"cancer,ovarian,pathways,sample,samples,serous"
GSE38983,0.012791474028896275,-0.18014920985238445,"alterations,cancer,early"
GSE95053,0.012785784385347065,-0.18079106290288144,stage
GSE93154,0.012785002931172,-0.18087924165541197,normal
GSE83298,0.012779352660443525,-0.1815169747414798,tissue
GSE99619,0.012775795187218194,-0.1819186432463172,normal
GSE100597,0.012773462377688474,-0.18218209769235494,early
GSE77324,0.012773106725515848,-0.18222226728410623,"early,ectopic"
GSE87743,0.012766562808036683,-0.1829615781424067,"normal,profile"
GSE94373,0.012756161303027817,-0.18413748714487488,cancer
GSE38845,0.012748414167509907,-0.18501393806635302,"early,normal,pathways"
GSE67556,0.012745561398659915,-0.18533681242380126,"diseased,normal"
GSE74961,0.012743829984812405,-0.18553280785874843,"normal,samples"
GSE43351,0.012741761548814682,-0.18576698899273755,"pathways,stage"
GSE83240,0.012730695671457685,-0.18702047523886484,"alterations,cancer,pathways,samples"
GSE95859,0.012720766796782862,-0.1881460953480828,tissue
GSE117470,0.012720278805138135,-0.18820144080337153,"normal,tissue,tissues"
GSE103185,0.012719191487430198,-0.18832476631668024,"early,earlylife"
GSE104325,0.012719191487430198,-0.18832476631668024,"early,earlylife"
GSE76075,0.01271636241982299,-0.18864569361702294,"cancer,pathways,tissue"
GSE99938,0.012716190712432218,-0.18866517427237572,"samples,stage"
GSE69858,0.012712503273489727,-0.1890835874174745,normal
GSE70605,0.012708269068114378,-0.18956419178869702,"ectopic,profile,stage"
GSE73560,0.012703949108354418,-0.19005469478527054,"early,stage"
GSE48974,0.012703288632250152,-0.1901297021993149,tissues
GSE60647,0.012699539037635077,-0.19055560136818667,"cancer,carcinoma"
GSE73562,0.012695966849020475,-0.19096146678834375,"early,stage"
GSE73559,0.012692050144540567,-0.1914066067278715,"early,stage"
GSE53075,0.012689619108746962,-0.19168296706173155,"normal,sample,tissue"
GSE73561,0.012674320304807977,-0.1934233521723477,"early,stage"
GSE60556,0.012671106147206646,-0.1937892603385183,cancer
GSE22001,0.012667987514302296,-0.1941443824520618,"ectopic,outcomes"
GSE102642,0.012666085886421858,-0.19436096579217294,"early,pathways,tissue"
GSE65976,0.012663575181354714,-0.1946469689685815,"profile,tissue"
GSE70357,0.012662633426981486,-0.1947542621197695,ovary
GSE123021,0.01266093885648652,-0.19494734297153932,"sample,samples,tissue"
GSE20898,0.012660807411654615,-0.19496232099123315,"pathways,stage"
GSE65936,0.012660068131850853,-0.19504656415298208,"adenocarcinoma,cancer,tissue"
GSE55966,0.012657391736433172,-0.1953515886247118,early
GSE69937,0.012648483685815486,-0.19636728958478666,"normal,profile"
GSE41937,0.012646602572173054,-0.19658186670072217,"ectopic,tissue"
GSE42671,0.012636880498872087,-0.197691364754478,"pathways,samples,stage,tissues"
GSE67647,0.01263410041799581,-0.19800878883254208,"adenocarcinoma,alterations,cancer,cancers,carcinoma,pathways"
GSE65207,0.012633137259312064,-0.19811877665749142,"normal,tissue"
GSE103901,0.01263092398459929,-0.19837155315526706,early
GSE38359,0.012630160828132137,-0.19845872297074257,tissues
GSE85462,0.012625637245217269,-0.19897552712709235,cancer
GSE86065,0.012623135152698172,-0.19926146233408554,"cancer,carcinomas,earlylife"
GSE82185,0.01262269021473888,-0.19931231508127037,"early,stage"
GSE84586,0.012619943602177976,-0.1996262699851237,tissue
GSE93279,0.012609257024072557,-0.20084846282327368,"adenocarcinoma,cancer"
GSE62621,0.012605722549878072,-0.2012529183106143,normal
GSE92844,0.012603630067301554,-0.20149241785580801,tissues
GSE94388,0.012602032183131714,-0.20167533386475284,"normal,tissue"
GSE94387,0.01259764361281802,-0.20217782990822847,"normal,tissue"
GSE110648,0.012597285490726653,-0.20221884299964532,ectopic
GSE74366,0.012596800838896053,-0.20227434846894496,"early,tissue"
GSE95537,0.012595731318801548,-0.20239684439970274,cancer
GSE58827,0.012595604873045917,-0.2024113273682283,stage
GSE79535,0.012591115620438102,-0.20292561604228196,"cancer,carcinoma,tissue,tissues"
GSE94082,0.012581094290542213,-0.2040743212023655,"early,stage,tissue"
GSE76587,0.012578641229636615,-0.20435564521007463,samples
GSE58455,0.012576075604200378,-0.20464993714195545,"normal,pathways,samples"
GSE81079,0.012572856877467883,-0.2050192284527248,"cancer,profile,proliferative"
GSE94566,0.012570424419615835,-0.20529837220089397,cancer
GSE75357,0.012567119377671864,-0.20567773843400117,"sample,tissue"
GSE60243,0.012562809182802896,-0.20617263015713014,"normal,tissue"
GSE75219,0.01256268387604263,-0.20618702027804864,"early,normal"
GSE99049,0.012553933392962286,-0.20719227340755714,"ectopic,normal"
GSE62432,0.01255359660243389,-0.2072309778141837,"pathways,tissue,tissues"
GSE75318,0.012550531461081642,-0.20758327559081205,"tissue,tissues"
GSE40171,0.012550463955943527,-0.20759103538888984,"cancer,cancers,pathways"
GSE105045,0.0125469371270093,-0.20799650674667297,"alterations,samples"
GSE72312,0.012538364603758227,-0.20898254529597182,"profile,sample,stage,tissue"
GSE70355,0.01253439709869395,-0.20943912841965306,"early,stage"
GSE48654,0.012532243913291236,-0.20968697893211413,ectopic
GSE72823,0.012528268889968499,-0.21014465085034245,"cancer,normal"
GSE29446,0.012527033477196917,-0.21028692204342853,normal
GSE76565,0.012526117362626082,-0.21039243164238244,"profile,sample,tissue,tissues"
GSE73216,0.012525979975829337,-0.21040825524770146,normal
GSE22182,0.01252578173758993,-0.2104310877596968,"early,stage"
GSE84234,0.012520449987383829,-0.21104531905662477,"cancer,cancers,early,tissues"
GSE106612,0.012518153645035984,-0.21130994417512913,"early,pathways,stage"
GSE98960,0.012517756147319604,-0.21135575581041546,"cancer,cancers,early,tissues"
GSE48138,0.012517374980292411,-0.21139968669914302,"early,samples,tissues"
GSE80346,0.01251701626472416,-0.21144103119730762,"early,earlyacting,tissue,tissues"
GSE61444,0.012516815848683442,-0.21146413107484574,"sample,samples"
GSE107915,0.012516303863201891,-0.211523144008419,"early,tissues"
GSE83465,0.012515708815678435,-0.21159173394741898,"alterations,normal,p4,tissue"
GSE45446,0.012513204344603087,-0.2118804550748107,normal
GSE75858,0.012512350975277652,-0.211978846633247,"early,samples"
GSE64371,0.012511881229075018,-0.21203301017453474,samples
GSE67009,0.012511554873087971,-0.21207064147042717,ectopic
GSE89314,0.01251153712165498,-0.21207268837209314,ectopic
GSE80378,0.012511229382250704,-0.21210817398575516,stage
GSE92721,0.012507259365720752,-0.21256603722967696,"cancer,tissue"
GSE93031,0.012507039904919809,-0.21259135195113063,tissue
GSE85772,0.012504314314268343,-0.21290578483608905,"alterations,array,cancer,pathways,tissue,tissues"
GSE70497,0.012502340674327957,-0.2131335130597724,"normal,sample,samples"
GSE75946,0.012499770890591387,-0.2134300811521382,"cancer,carcinomas,pathways,profile"
GSE89603,0.01249754877437395,-0.21368657553622322,"normal,pathways,tissues"
GSE44359,0.012497309184132496,-0.21371423367725162,"normal,profile"
GSE92999,0.012489939389030702,-0.21456525712010102,"cancer,tissue"
GSE83580,0.012486658816962507,-0.2149442410827883,"alterations,cancer,copynumber,pathways,profile"
GSE81103,0.012483497205994615,-0.21530957644431184,"early,anomalous"
GSE58510,0.012483451344067645,-0.21531487663343762,"diseased,early"
GSE66457,0.012483371445867997,-0.21532411038635685,"cancer,early,proliferative,squamous"
GSE89352,0.01248102319686561,-0.21559552150999842,"early,profile"
GSE89692,0.012480890008072298,-0.2156109170295677,"alterations,early"
GSE64370,0.012479902790545063,-0.215725036307994,samples
GSE68921,0.012479649817738707,-0.2157542806313157,normal
GSE62689,0.012474590734968151,-0.21633924844142452,normal
GSE94802,0.012474448844902356,-0.21635565821893285,"early,ovarian,ovary"
GSE76505,0.012471739209671075,-0.21666906701049737,early
GSE76205,0.012468973632830067,-0.21698901648710348,"cs,pathways,tissue"
GSE107592,0.012467425724530232,-0.21716812491400891,samples
GSE52332,0.012465666242316228,-0.2173717415590897,"adenocarcinoma,cancer"
GSE97489,0.012464773531265436,-0.2174750618228453,"normal,tissue,tissues"
GSE75054,0.012463471863043038,-0.2176257270831825,"alterations,early,stage"
GSE67186,0.012462085887086785,-0.21778616807800255,"cancer,cancers,carcinoma,normal"
GSE93774,0.012460365339371265,-0.21798536402692295,"cancer,early,pathways"
GSE100265,0.012458806162875102,-0.21816590102444067,"early,normal"
GSE71924,0.01245525803766816,-0.2185768225532534,"ectopic,proliferative,tissues"
GSE72491,0.012452873425048128,-0.21885305915630984,"array,stage,tissues"
GSE55228,0.012451195644401555,-0.2190474471348705,"early,sample"
GSE108069,0.012450359128402097,-0.21914437582028856,"samples,tissue"
GSE97762,0.012448325108580613,-0.21938008870279457,"normal,tissue"
GSE65808,0.01244690863058771,-0.21954426035103092,early
GSE60101,0.012445862984098836,-0.2196654641308477,"profile,samples"
GSE41287,0.012443662745666268,-0.2199205331199617,"cancer,normal,tissue"
GSE86111,0.012442844426403817,-0.22001541064809885,tissue
GSE71396,0.012442612961818866,-0.2200422482346982,ectopic
GSE101391,0.01243879316195607,-0.2204852140650957,"alterations,stage"
GSE68139,0.012436746368924317,-0.22072262786346858,"alterations,early,stage"
GSE95141,0.01243641561839834,-0.22076099629799795,tissue
GSE84341,0.012435073723860117,-0.22091667210582175,"pneumonic,pathways"
GSE74178,0.012434596931917176,-0.2209719897158716,"cancer,normal"
GSE86389,0.012432221515795152,-0.22124761814633787,"alterations,cancer,carcinoma"
GSE69054,0.01242808687627262,-0.2217275014925897,stage
GSE75246,0.012427811774747893,-0.22175943657657537,"normal,sample,samples"
GSE81836,0.012425832847600833,-0.22198918061860698,"early,tissue"
GSE99331,0.012425503228661294,-0.22202745136654783,"alterations,early,normal,pathways"
GSE102007,0.012425046571907515,-0.222080473648906,normal
GSE87386,0.012423773779341145,-0.22222826750786848,"samples,tissue"
GSE55797,0.012421136878873244,-0.22253450674494804,tissue
GSE98468,0.012418965352634424,-0.22278674806945548,normal
GSE100106,0.012416593288335812,-0.2230623340113829,p4
GSE93202,0.012415923220217376,-0.22314019192412618,tissue
GSE90885,0.012415434839175196,-0.22319694153129818,cancer
GSE75907,0.012415084066543201,-0.22323770249474117,normal
GSE87633,0.012411538757351199,-0.22364974404068716,tissues
GSE56566,0.012408690248336842,-0.22398088762893043,"carcinomas,squamous"
GSE64357,0.01240865812615983,-0.22398462231522953,"normal,tissue"
GSE75192,0.012407958816557645,-0.22406592997273297,tissues
GSE64218,0.0124053776136473,-0.22436608216405066,"array,cancer,stage"
GSE103714,0.012404429646692163,-0.22447633108387632,ectopic
GSE55480,0.012402775160396855,-0.22466876865961788,samples
GSE76552,0.012400581443510361,-0.22492396512613272,normal
GSE75957,0.012400485478739292,-0.22493512979898772,"tissue,tissues"
GSE104453,0.012399318246233861,-0.2250709341438179,early
GSE59419,0.012396377861747142,-0.22541309659964945,"sample,samples"
GSE53401,0.012393643046987896,-0.22573141046646283,"early,normal,proliferative,stage"
GSE67790,0.012393090172467824,-0.22579576984140848,"cancer,pathways"
GSE77846,0.012392271756964548,-0.22589104575400165,normal
GSE77847,0.012391607223456214,-0.22596841210960458,normal
GSE109345,0.012390674953777821,-0.22607695585330048,early
GSE85874,0.012389764072347115,-0.22618301726102,"sample,samples"
GSE109238,0.012389696660762239,-0.22619086685550852,"early,pathways,tissue,tissues"
GSE49933,0.012388252522418331,-0.22635903664341706,"early,normal,tissue"
GSE43504,0.012387082018260697,-0.22649535613827942,early
GSE70210,0.01238683205973021,-0.2265244685289365,"cancer,cancers,tissue,tissues"
GSE85793,0.012384536684621061,-0.22679183577300008,"sample,samples"
GSE40478,0.012382949379400607,-0.22697675541863066,"ee,women"
GSE41876,0.012381410249102599,-0.22715608536573115,"normal,sample,tissue"
GSE37685,0.012379956910594622,-0.22732543984822617,"ectopic,tissues"
GSE102566,0.01237932766135965,-0.22739877110691684,"early,stage,tissue"
GSE31223,0.012375781985635876,-0.2278120456907272,cancer
GSE87387,0.012374088278671121,-0.22800950148475677,"adenocarcinoma,tissues"
GSE69221,0.012370400532585438,-0.22843951990783623,"profile,stage,tissue"
GSE64027,0.012370067515439077,-0.2284783584766687,"cancer,pathways,tissues"
GSE100217,0.012369438635970412,-0.22855170523512072,normal
GSE53249,0.012369237048477744,-0.22857521734867872,"normal,sample,samples"
GSE52870,0.012367419990610654,-0.22878716679475236,normal
GSE74889,0.012367417152727914,-0.22878749784195776,"samples,tissue"
GSE57533,0.012367141553246743,-0.22881964767810395,cancer
GSE93753,0.012366644876939588,-0.22887758886291834,normal
GSE95002,0.01236575899782097,-0.22898093938382016,tissue
GSE92605,0.012365454594196029,-0.22901645414726024,"early,ectopic"
GSE52320,0.012365266658639127,-0.2290383810205755,early
GSE75417,0.012363876865710366,-0.22920054170085333,"normal,stage"
GSE83651,0.012362197601819065,-0.22939650209846751,"cancer,cancers,tissue"
GSE39524,0.012360231808444614,-0.2296259326541501,tissues
GSE101748,0.012359665656548018,-0.2296920158193338,"early,normal,stage"
GSE70359,0.012359179275412625,-0.22974879028869413,ovary
GSE104396,0.012358311665274768,-0.229850070539738,stage
GSE70358,0.0123550047864283,-0.23023616341807884,ovary
GSE77351,0.012351453322106708,-0.23065092784747937,samples
GSE59130,0.012349641952204867,-0.23086251800979918,"p4,profile"
GSE91081,0.012346452824978173,-0.23123512251280268,normal
GSE72537,0.012345978045829533,-0.23129060198559567,"cancer,tissues"
GSE60982,0.012345706039686393,-0.23132238774086916,"cancer,carcinoma,tissues"
GSE100425,0.012345511312284606,-0.23134514338332157,samples
GSE65422,0.012344784987217274,-0.23143002414459757,"normal,profile"
GSE72066,0.012343696918949239,-0.23155718876342068,"pathways,samples,squamous"
GSE66440,0.012343648763426602,-0.23156281705044626,tissues
GSE49449,0.012342908034612445,-0.23164939419410316,"normal,peritoneal"
GSE43028,0.01234217520447691,-0.23173505324515192,"adenocarcinoma,samples"
GSE69473,0.01233903204498954,-0.23210250857939327,ectopic
GSE69170,0.012338615511484588,-0.23215121101917324,"normal,samples"
GSE49906,0.012337912398776886,-0.23223342495304197,"normal,proliferative"
GSE97115,0.012333345317954228,-0.23276756107249758,"early,profile,tissue"
GSE78497,0.012333076955222785,-0.2327989531874577,carcinomas
GSE100426,0.012331899782845473,-0.23293666268301844,samples
GSE72121,0.012327966208658005,-0.23339692049815158,normal
GSE48048,0.012327501959706517,-0.2334512508118617,"early,normal,pathways,sample"
GSE92770,0.012327293033418457,-0.23347570178943303,tissues
GSE59119,0.012326311876317372,-0.2335905337168529,"cancer,tissues"
GSE89272,0.012325635446338362,-0.23366970654354272,hom
GSE70437,0.012324890910445316,-0.23375685585836392,tissue
GSE81367,0.012322509870060552,-0.23403559641981547,"normal,pathways"
GSE95424,0.012322350940640965,-0.23405420368136626,"sample,samples,tissue"
GSE56872,0.01232203148279583,-0.23409160614015437,early
GSE87821,0.012321867729700937,-0.2341107788997812,"early,normal"
GSE41246,0.012317967542122788,-0.23456750121650555,"samples,tissue,tissues"
GSE23619,0.01231760336286113,-0.2346101549562426,"normal,tissue"
GSE100874,0.012317358197160367,-0.23463887019006485,"stage,tissue"
GSE72628,0.01231711075381541,-0.23466785277437716,"cancer,cancers"
GSE86112,0.012316846967768682,-0.23469875019051994,"samples,tissue"
GSE73100,0.012312788107100616,-0.2351742503912081,tissues
GSE79437,0.012309767251398826,-0.23552824886932097,"p70,normal,tissue"
GSE86418,0.012309291665631723,-0.2355839882239498,samples
GSE34550,0.0123092476411369,-0.2355891480686968,early
GSE75896,0.01230793083247989,-0.2357434917781608,"ec,sample,samples"
GSE52974,0.012306916668512207,-0.23586237363006712,"normal,pathways"
GSE71877,0.01230654582522253,-0.2359058468939479,"adenocarcinoma,cancer,cancers"
GSE83332,0.012305397003451353,-0.23604052943281797,p4
GSE83467,0.012305210797339487,-0.2360623605583515,normal
GSE85597,0.012302849035257676,-0.23633928628730605,tissue
GSE72942,0.01230216961420849,-0.23641896087666928,"adenocarcinoma,lymph,node"
GSE72146,0.012300997224643978,-0.236556455421422,"carcinomas,squamous"
GSE94920,0.012300490506822073,-0.2366158859157787,cancer
GSE64138,0.01230029894761983,-0.2366383536102915,stage
GSE84651,0.012300115262788808,-0.2366598980601158,tissue
GSE85648,0.012299060905440244,-0.2367835701789402,"cancer,carcinoma,carcinomas,pathways"
GSE74868,0.01229622029439213,-0.23711681584969577,"carcinomas,squamous"
GSE76356,0.012295701239300539,-0.2371777170042211,cancer
GSE73447,0.01229428007058958,-0.2373444770377494,normal
GSE85810,0.012294141870449572,-0.23736069448001718,"cancer,cancers"
GSE96684,0.012293555780274412,-0.23742947272850456,"normal,pathways,tissue"
GSE93252,0.012290326330706921,-0.23780851057790414,stage
GSE97914,0.012289787556388551,-0.2378717557720449,cancer
GSE83144,0.012288774475078326,-0.23799068603177573,"alterations,normal"
GSE71233,0.012288429726897164,-0.23803115983727965,normal
GSE71234,0.012288429726897164,-0.23803115983727965,normal
GSE52594,0.012287851736955227,-0.23809901902291733,"cancer,early"
GSE74517,0.01228761638026644,-0.23812665210206324,normal
GSE71229,0.012286113472103984,-0.23830312007567694,normal
GSE83338,0.012285313622481751,-0.23839704535558984,"cancer,tissues"
GSE77007,0.012285035063436601,-0.23842975761036395,"tissue,tissues"
GSE70022,0.012284404920930109,-0.23850376039349186,ectopic
GSE93581,0.012283480627601514,-0.2386123145789536,"sample,stage"
GSE90140,0.012282856668046547,-0.23868560050229065,samples
GSE87043,0.01228257752257323,-0.23871838818167235,"normal,profile,stage"
GSE76222,0.012282485152266098,-0.23872923791454626,ectopic
GSE97654,0.01228066723176446,-0.23894278582209705,"alterations,cancer,carcinoma"
GSE76606,0.012277250440292162,-0.23934423583186346,"early,stage"
GSE45893,0.012276097659351578,-0.23947970504287966,"early,ectopic,tissues"
GSE94543,0.012275208168999912,-0.23958424231912884,"alterations,profile,samples"
GSE95692,0.012274578971545736,-0.239658193269651,normal
GSE89992,0.012274282719010396,-0.23969301378955898,cancer
GSE77720,0.012273675712866012,-0.23976436186169284,"early,normal"
GSE81082,0.012272282055396386,-0.23992818702111587,tissue
GSE57980,0.012267852695939559,-0.2404489840792271,"diseased,tissues"
GSE75544,0.012265925217380609,-0.2406756726694607,"early,normal,pathways"
GSE77795,0.012264514163255394,-0.24084164774716146,tissue
GSE35616,0.012264290468686165,-0.24086796154847007,samples
GSE79013,0.012263515351793843,-0.24095914437217786,"early,normal,plus"
GSE67572,0.01226289537757132,-0.24103208074647015,"pathways,stage"
GSE76095,0.01226061749646117,-0.24130009192477733,"cancer,pathways"
GSE70819,0.012260489078484045,-0.2413152028234796,"pneumonic,pathways"
GSE56175,0.012259946784619688,-0.24137901609933732,cancer
GSE89018,0.012258925711992177,-0.24149917630793988,samples
GSE76776,0.012258253844801862,-0.2415782473496641,"normal,ovarian"
GSE79199,0.012256463208488074,-0.24178900582008947,samples
GSE94525,0.012256236811186172,-0.24181565504799765,"alterations,outcomes,women"
GSE89823,0.01225487087493467,-0.24197644985853736,cancer
GSE81842,0.012252024098996428,-0.24231162324965572,tissues
GSE62902,0.012247664737840423,-0.24282503620191567,array
GSE64960,0.012247207803550623,-0.24287886108570464,"ovarian,ovary,tissue"
GSE99765,0.012247182718320083,-0.24288181607555567,"sample,samples,tissue,tissues"
GSE85412,0.012245658402193417,-0.24306138881754244,"ovarian,samples"
GSE47540,0.012245611631879422,-0.24306689896870778,cancer
GSE39918,0.01224324344320625,-0.24334592990378828,stage
GSE102334,0.012239983100068135,-0.24373016691572333,ec
GSE61997,0.012236857937860546,-0.24409856870714536,"early,stage"
GSE54952,0.012236838232134844,-0.24410089196494422,stage
GSE78728,0.012236783273317566,-0.24410737149745826,early
GSE97060,0.012235486598023088,-0.24426025531482146,"cancer,carcinoma,tissue"
GSE61996,0.012234859632063217,-0.24433418321701023,"early,stage"
GSE61994,0.012234612954550573,-0.24436327092398405,"early,stage"
GSE69970,0.012233265834673754,-0.2445221308876512,"normal,sample,samples"
GSE81424,0.012232026959380856,-0.24466824148260016,tissue
GSE99808,0.012231746416482359,-0.24470133023323723,"adenocarcinoma,cancer"
GSE100690,0.012230059806007651,-0.24490027421550056,"early,normal"
GSE66734,0.012224502049347104,-0.24555603310074345,"early,stage"
GSE79061,0.012224383731479922,-0.2455699966491657,"normal,pathways"
GSE64391,0.01222308857278524,-0.24572285654441167,samples
GSE98041,0.012223001559374185,-0.24573312680161363,normal
GSE53595,0.01222259325165815,-0.24578132063953734,"early,stage"
GSE35368,0.012222516467169426,-0.2457903839329628,samples
GSE102020,0.012221976176730986,-0.2458541589801818,"secretory,tissues"
GSE94965,0.012220761554098323,-0.245997541449808,"peritoneal,tissue"
GSE69201,0.012220230590897807,-0.24606022450063142,"alterations,samples,tissue,tissues"
GSE76909,0.012218175939174705,-0.2463028128097349,"normal,tissue"
GSE49761,0.012217832904982294,-0.24634331809285517,"early,stage"
GSE41658,0.012215548668306693,-0.24661306846889877,normal
GSE66575,0.012213013232203463,-0.24691254259436335,"profile,tissue"
GSE109544,0.01220966631683746,-0.24730796015870862,samples
GSE97996,0.01220966631683746,-0.24730796015870862,samples
GSE96685,0.012207680636516428,-0.24754260736782038,"ovary,tissue"
GSE100827,0.012207577017129566,-0.24755485308545228,"tissue,tissues"
GSE89762,0.012206542300012274,-0.24767714144124672,tissue
GSE86840,0.012206212701670823,-0.24771609729794497,samples
GSE68699,0.012205584845345356,-0.24779030774521713,normal
GSE89798,0.0122055174502701,-0.24779827383701222,"early,tissue"
GSE77722,0.012204982853736555,-0.24786146465721995,tissues
GSE74278,0.012204238553379364,-0.2479494476712354,"early,tissues"
GSE100934,0.012203949241188145,-0.24798364842936393,stage
GSE104213,0.012203132311175672,-0.2480802253900841,samples
GSE124872,0.012199325586676668,-0.2485303392781426,"samples,tissue"
GSE39970,0.012196511073308748,-0.24886322267566827,"early,samples"
GSE88732,0.012193501267350058,-0.2492192890926945,"pathways,profile,stage"
GSE106085,0.012193307344619028,-0.24924223357606903,"early,tissue"
GSE74149,0.012192272557461093,-0.24936467333825793,ectopic
GSE80682,0.012191643953646669,-0.2494390570908058,"alterations,ectopic"
GSE104525,0.012191152388758121,-0.2494972274677486,tissue
GSE81283,0.012190771981968223,-0.2495422453245023,"tissue,tissues"
GSE44402,0.012188837773875203,-0.24977116387222714,normal
GSE78948,0.012187457863875583,-0.24993450200571848,"carcinoma,profile,squamous"
GSE59831,0.012186214790062978,-0.2500816588541691,cancer
GSE41286,0.01218615152646939,-0.2500891484898945,"cancer,normal"
GSE100457,0.012184244923834329,-0.25031488516822625,"tissue,tissues"
GSE74315,0.012184096290836869,-0.2503324844037639,"early,stage"
GSE49023,0.012183375470790585,-0.25041783782217547,"early,normal"
GSE70538,0.012181431882750319,-0.250648006260816,"early,tissue"
GSE60072,0.012180540651093367,-0.25075356220383777,samples
GSE89419,0.012179958083512406,-0.25082256467947284,"cancers,tissue"
GSE79756,0.012179674645153436,-0.25085613785518174,"adenocarcinoma,profile"
GSE95376,0.012179206159091347,-0.25091163158036695,"early,profile,stage"
GSE69855,0.012177843994529225,-0.25107299661006494,"plus,tissue"
GSE86788,0.012176670754831795,-0.2512119956508575,ec
GSE95182,0.01217652178974744,-0.25122964517981133,"normal,profile"
GSE96700,0.012174467093304851,-0.25147310965589703,stage
GSE78247,0.012172690753773792,-0.25168362426733865,normal
GSE55280,0.012171246542236223,-0.25185480091804663,"alterations,tissue"
GSE102345,0.012164106457596472,-0.2527013853088263,"alterations,cancer,normal,tissue"
GSE92292,0.012163716194853756,-0.25274767223977385,early
GSE54795,0.012162455479978967,-0.25289720888892464,samples
GSE66582,0.012161387693412603,-0.2530238739372092,early
GSE54982,0.012161362866218302,-0.25302681916908243,early
GSE43718,0.012160484906635636,-0.2531309747372278,normal
GSE97235,0.012159894009419537,-0.25320107927683644,normal
GSE69869,0.012159580593542267,-0.2532382645811474,"cancer,early,outcomes,pathways"
GSE63312,0.012159555932758125,-0.25324119050665866,"cancer,pathways"
GSE81941,0.01215806130035675,-0.2534185350824418,"cancer,pathways,sample"
GSE92332,0.012158007481939431,-0.2534249212762356,"samples,tissue"
GSE72403,0.012157866227876273,-0.25344168288133834,samples
GSE88908,0.012157564873370066,-0.2534774431070045,"cancer,early"
GSE98359,0.012156218030723136,-0.25363727699358957,early
GSE49949,0.012155715263142602,-0.2536969464807085,"cancer,early,tissue"
GSE42999,0.012153586198226499,-0.25394965562654126,early
GSE76261,0.012153479615056258,-0.25396230766873606,"early,normal"
GSE29278,0.012152549489486417,-0.25407272369283423,"tissue,tissues"
GSE87586,0.012152066779189067,-0.25413002998761913,normal
GSE86187,0.012151528874526134,-0.2541938915166595,samples
GSE49088,0.01214900682578063,-0.25449335382283717,"cancer,pathways"
GSE47083,0.012148633740512746,-0.25453765839342946,stage
GSE64455,0.012148244651580913,-0.2545838648783456,early
GSE99684,0.012147998900620651,-0.2546130499407124,tissue
GSE58733,0.012147615296970983,-0.25465860738812574,"tissue,tissues"
GSE93604,0.01214712520378209,-0.2547168138145958,tissue
GSE74344,0.012146582023648718,-0.25478132791098473,early
GSE94306,0.01214602576913499,-0.2548473978558348,early
GSE49087,0.01214575320666936,-0.25487977296660025,"cancer,pathways"
GSE60827,0.012145686704712649,-0.2548876722137016,"profile,tissues"
GSE67634,0.012144876177730865,-0.25498395184816053,"carcinomas,early,samples"
GSE63810,0.012143099965757692,-0.2551949642597912,early
GSE81206,0.012140856673571919,-0.2554615094994284,tissues
GSE57415,0.01214077273989289,-0.2554714833525367,early
GSE74094,0.012140701406393464,-0.2554799599783997,normal
GSE94142,0.012140074919539605,-0.2555544081315652,early
GSE80707,0.012138138712026465,-0.2557845203651629,normal
GSE85360,0.012138134497178042,-0.255785021326811,stage
GSE71574,0.01213696247727834,-0.25592433012547144,"alterations,carcinoma,early"
GSE47395,0.012136179179941751,-0.25601744202663274,"normal,samples"
GSE74518,0.012135883065113241,-0.2560526432707901,tissues
GSE65246,0.012134281516502001,-0.25624304546066917,"normal,sample"
GSE70386,0.012133729195098066,-0.25630871473698874,tissue
GSE78228,0.012131622737056492,-0.2565591934101643,stage
GSE89801,0.01213146731790057,-0.2565776760061569,"cancer,normal"
GSE89198,0.01213114404284345,-0.2566161209463857,samples
GSE52006,0.012131107348092826,-0.2566204848723792,ectopic
GSE87504,0.01213101661972216,-0.2566312748073907,early
GSE80561,0.012129751218718161,-0.25678177192001456,stage
GSE81275,0.012129145775169006,-0.2568537842960351,stage
GSE90736,0.012124990847133315,-0.25734807475249005,"alterations,pathways,samples"
GSE58239,0.012123591557858929,-0.25751457914152615,tissue
GSE85049,0.012122512725736879,-0.2576429647770292,"cancer,cancers,carcinoma"
GSE50932,0.012122453887792772,-0.2576499670725187,"cancer,plus"
GSE70207,0.012120828503334824,-0.2578434172879392,secretory
GSE96870,0.012120541926933452,-0.25787752776484496,"sample,tissue,tissues"
GSE98496,0.012120089938535111,-0.2579313284598534,"pathways,profile,tissues"
GSE96968,0.012119959960842346,-0.2579468002244379,tissue
GSE94839,0.01211894575354589,-0.25806753107385216,"cancer,pathways"
GSE109152,0.012118502476220068,-0.2581203018105824,"normal,profile"
GSE89712,0.01211782265749754,-0.25820123578836496,early
GSE88989,0.012116357879985872,-0.2583756363422764,"cancer,carcinoma,carcinomas,squamous"
GSE75691,0.012116221169175425,-0.2583919145937879,"l4,samples"
GSE77449,0.012116053901726487,-0.25841183149539004,"normal,pathways,tissue"
GSE63143,0.012115833993282133,-0.25843801689402685,samples
GSE66882,0.01211522021484588,-0.25851110451941617,"cancer,cancers,early"
GSE101957,0.0121142972076216,-0.25862102152045247,normal
GSE61887,0.012114002437694756,-0.2586561261805324,early
GSE53782,0.012113437204202751,-0.2587234432035494,samples
GSE92590,0.0121128379466119,-0.2587948157896636,tissues
GSE103736,0.012112537603805066,-0.25883058845102896,"profile,tissue"
GSE61008,0.01211218465332608,-0.25887262814092443,tissue
GSE67334,0.012111760462349923,-0.2589231548585861,early
GSE98802,0.012111147098464073,-0.2589962176842888,"tissue,tissues"
GSE84271,0.012111078709615404,-0.25900436427276585,"sample,samples"
GSE31530,0.012110967354052897,-0.25901762922300026,peritoneal
GSE41090,0.012110835371038563,-0.25903335152430246,"proliferative,tissues"
GSE65506,0.012110241263176894,-0.2591041259559182,normal
GSE98140,0.0121075368179799,-0.25942634293859973,"cancer,early"
GSE102982,0.012106581614684841,-0.259540166372756,normal
GSE93412,0.012106558662274622,-0.2595429015263148,samples
GSE90625,0.012105028913866259,-0.259725207658744,"adenocarcinoma,cancer"
GSE95257,0.01210389199564802,-0.2598607135974589,"tissue,tissues"
GSE65665,0.012103157171330814,-0.2599483019186432,"carcinoma,proliferative,tissue"
GSE77390,0.01209724873677473,-0.26065275864843634,tissue
GSE89108,0.012096600555563256,-0.26073006158674233,tissue
GSE66231,0.012095785235330453,-0.2608273036253914,samples
GSE94560,0.01209560182145697,-0.26084918003000507,early
GSE73536,0.01209555800371785,-0.2608544063718083,samples
GSE67052,0.01209358615270967,-0.26108961764334226,"proliferative,stage"
GSE58089,0.01209319345889531,-0.2611364645099125,"alterations,early,earlylife"
GSE96998,0.01209145960055774,-0.2613433253504094,cancer
GSE86507,0.01209144196181175,-0.2613454299226254,"samples,tissues"
GSE90130,0.012091373566767268,-0.2613535905267024,samples
GSE76642,0.012090752881560135,-0.2614276501403093,stage
GSE93431,0.0120905398343065,-0.26145307162789594,normal
GSE90148,0.012090111946650032,-0.26150412992075756,tissues
GSE97544,0.012089580327729587,-0.2615675686090245,tissues
GSE100961,0.012087852345569795,-0.26177378995027345,"pathways,samples"
GSE84383,0.012086270963427279,-0.2619625415462549,tissues
GSE70499,0.012086005859674205,-0.26199418638241934,"sample,samples"
GSE97947,0.01208571879455545,-0.2620284534799629,"early,ectopic"
GSE84517,0.01208392896314712,-0.2622421248522088,cancer
GSE57575,0.01208362480223679,-0.26227843894847586,normal
GSE76062,0.01208350675492899,-0.2622925329889831,"carcinoma,carcinomas"
GSE39509,0.01208261675724925,-0.2623987970523028,"cancer,samples"
GSE61117,0.012081543993941533,-0.26252689339473684,"cancers,carcinoma,normal,pathways"
GSE66567,0.012080791186294319,-0.2626167913165749,"cancer,tissue"
GSE84448,0.012080695334773179,-0.2626282380058414,adenocarcinoma
GSE90153,0.012080374944182262,-0.2626665000456728,tissue
GSE48043,0.012079844473275947,-0.2627298527605447,"profile,tissue"
GSE56276,0.012079676079041545,-0.26274996421320074,"normal,tissues"
GSE80122,0.012077770560002376,-0.26297756135249345,early
GSE70706,0.01207746442024212,-0.2630141303458669,samples
GSE76687,0.012076821997076204,-0.2630908720636576,early
GSE103390,0.012075921462012385,-0.2631984538357675,samples
GSE90024,0.012075854117157782,-0.26320649946267777,"plus,samples"
GSE94602,0.01207536659207552,-0.2632647449672883,"lymph,node"
GSE44346,0.012072237086676605,-0.2636386886517044,samples
GSE67113,0.01207202132128859,-0.26366447396679105,"cancer,lymph,node"
GSE85329,0.012071519874813167,-0.2637244017410635,normal
GSE92304,0.01207012696772574,-0.26389088086842266,tissue
GSE94054,0.012070058548263457,-0.263899058802173,"profile,tissue,tissues"
GSE52854,0.012069785934363217,-0.2639316438275037,"pathways,proliferative,samples"
GSE80473,0.012069692309818884,-0.2639428347624897,"normal,pathways,profile,sample"
GSE94626,0.012069570316289325,-0.26395741677046936,"profile,tissue"
GSE80036,0.012069560893018933,-0.2639585431494881,"tissue,tissues"
GSE60261,0.012069546023299505,-0.26396032055331276,"early,sample"
GSE97181,0.012069492026478992,-0.263966774907046,"normal,pathways"
GSE59073,0.0120674701930355,-0.26420846970382506,"early,ectopic"
GSE29752,0.012067023365644887,-0.26426188998041583,tissues
GSE84527,0.012066573773015555,-0.26431564285058334,"cancer,tissues"
GSE66965,0.01206582004153879,-0.2644057627676045,samples
GSE35724,0.012065581529197638,-0.2644342816723828,tissue
GSE35213,0.012065087256877143,-0.26449338357561203,carcinomas
GSE50708,0.012063958926219975,-0.26462831116723035,normal
GSE102789,0.01206391693261349,-0.26463333307369064,tissue
GSE78730,0.012063690065018104,-0.2646604638832105,"alterations,normal"
GSE60163,0.012063170500063489,-0.26472259992296066,tissue
GSE75596,0.012062348254016374,-0.26482093980175153,tissues
GSE88841,0.012062047625588592,-0.26485689636158394,"alterations,normal,tissue"
GSE68147,0.012061686036851106,-0.264900145245505,samples
GSE74052,0.012061677821246265,-0.2649011279121373,normal
GSE57391,0.012061216497802748,-0.2649563077786563,samples
GSE89960,0.012061111050940654,-0.2649689207957637,tissue
GSE90059,0.012059866405643535,-0.2651178072662763,normal
GSE75878,0.012058844184195366,-0.26524009853133823,"early,normal,samples,tissue"
GSE90983,0.012058069461485138,-0.26533278772274277,peritoneal
GSE83222,0.012058014577371903,-0.2653393543807342,tissue
GSE102455,0.012056211390888728,-0.26555511483726685,stage
GSE95649,0.012055648268321293,-0.2656225019361537,tissues
GSE74750,0.01205392603141756,-0.26582861612245884,"peritoneal,profile,sample"
GSE50807,0.012053747974689551,-0.2658499273081365,stage
GSE72811,0.012053337399689668,-0.2658990692518517,"early,pathways,sample,samples"
GSE61851,0.0120504499943959,-0.26624471163992725,tissue
GSE67889,0.012049876865110203,-0.2663133290311551,early
GSE82294,0.01204950793599234,-0.26635750046650225,"pathways,tissue"
GSE79452,0.012048592907807637,-0.2664670615172701,early
GSE84899,0.012047656321177892,-0.2665792124893104,"early,tissues"
GSE29690,0.012047170031641945,-0.26663744636008135,"samples,tissues"
GSE72165,0.012046342672924117,-0.2667365291575424,"profile,tissue"
GSE69244,0.012045620704710136,-0.26682299616282357,"early,tissue"
GSE97939,0.012045605544433033,-0.2668248118990894,cancer
GSE68376,0.012045428806064852,-0.26684597990404957,"early,proliferative"
GSE44575,0.012045182475492392,-0.26687548350536267,"early,tissues"
GSE94011,0.012043602751488166,-0.26706470516753145,normal
GSE80678,0.012043497911860225,-0.26707726389042924,"carcinoma,tissues"
GSE73574,0.012041217686605456,-0.26735043877294273,gen
GSE98562,0.012040787638567344,-0.26740196506102526,"pathways,samples,tissue"
GSE31839,0.01204074004939185,-0.26740766708029723,normal
GSE106349,0.012040615001371704,-0.2674226501373683,tissue
GSE47919,0.012040375635321584,-0.2674513310349847,"cancer,pathways"
GSE65082,0.012040104792029736,-0.2674837842308588,"early,profile"
GSE102675,0.012039664578831178,-0.2675365333572133,tissue
GSE45284,0.012039530316863927,-0.2675526218581097,cancer
GSE65887,0.012038221402703346,-0.2677094773645768,samples
GSE80433,0.012037518651198087,-0.26779369958243027,tissue
GSE30641,0.012036598444582474,-0.2679039904409738,tissues
GSE56284,0.012036308907361262,-0.2679386945095026,"early,normal"
GSE81282,0.012035578958146173,-0.26802619027376634,"early,stage"
GSE102365,0.012033525389291477,-0.2682723709016133,tissue
GSE80288,0.012032787066886713,-0.2683608908254035,"early,stage"
GSE91058,0.012032358688079193,-0.2684122530724964,tissue
GSE47459,0.012031993414163939,-0.2684560505422062,"tissue,tissues"
GSE86623,0.012031001562646965,-0.26857498330739416,"pathways,tissue,tissues"
GSE73381,0.012030126560285901,-0.26867991284861753,"normal,pathways"
GSE75760,0.012029589045091667,-0.26874437499920767,"cancer,profile"
GSE74920,0.01202950111166468,-0.26875492079443225,tissue
GSE80776,0.012029472490881975,-0.2687583532817825,cancer
GSE76857,0.012029080071431643,-0.26880541692732196,samples
GSE74660,0.012028963729233856,-0.2688193703736774,early
GSE85039,0.012028203677598647,-0.26891053012717264,tissue
GSE66931,0.012026310007287162,-0.26913767990944565,"normal,pathways"
GSE49047,0.012026016596347767,-0.2691728783760393,samples
GSE77195,0.012025379832951058,-0.2692492693995348,"adenocarcinoma,cancer,pathways"
GSE98666,0.012022013215699933,-0.26965322188076013,"sample,samples,tissues"
GSE77482,0.012020398571542752,-0.2698469993721766,"alterations,proliferative"
GSE87602,0.012017545362371195,-0.27018948380038516,early
GSE102890,0.01201714272144336,-0.27023782127561047,tissue
GSE90929,0.012016379026497668,-0.2703295081222432,"sample,tissue"
GSE89737,0.01201560823447382,-0.2704220529308492,"profile,tissues"
GSE70158,0.012015052429033711,-0.27048878915283764,"pathways,tissue"
GSE63510,0.012013911582953427,-0.2706257815743886,tissue
GSE82002,0.012013319569212285,-0.270696875516362,early
GSE43041,0.012011611351731993,-0.27090203214302117,"early,pathways"
GSE72855,0.012011352888618923,-0.2709330760598136,cancer
GSE49932,0.01201104045718402,-0.27097060298523595,"early,normal,tissue"
GSE100532,0.012010858622967618,-0.27099244399967004,"early,proliferative"
GSE72851,0.012010335848254361,-0.2710552389191601,cancer
GSE35833,0.012010099283702252,-0.2710836555989008,"alterations,early"
GSE74570,0.012009822204898848,-0.2711169396557045,"tissue,tissues"
GSE70159,0.012008512459999884,-0.2712742829935172,"pathways,tissue"
GSE72590,0.012007643368626782,-0.27137869885620125,"pathways,samples"
GSE87113,0.012007503781498369,-0.27139547007618814,"early,tissue"
GSE57984,0.012007053193270983,-0.2714496090221527,tissues
GSE63772,0.012005811760297008,-0.27159877982706987,tissues
GSE109653,0.01200570565096025,-0.271611530659207,"ectopic,pathways"
GSE91387,0.01200532727407516,-0.2716569999613778,"alterations,normal,pathways"
GSE64867,0.012004141740093148,-0.27179947408248684,"carcinoma,squamous"
GSE66686,0.012003172826388195,-0.27191592584089347,tissue
GSE48962,0.012002284665229642,-0.2720226803736897,early
GSE76419,0.012001515201176746,-0.2721151742271474,early
GSE73225,0.012001303677034746,-0.27214060164317294,"stage,tissues"
GSE89505,0.012000443633879762,-0.2722439924487758,"early,tissue"
GSE81115,0.011999940527427139,-0.27230447724597445,"tissue,tissues"
GSE81117,0.011999940527427139,-0.27230447724597445,"tissue,tissues"
GSE101657,0.011998600110717223,-0.2724656380908183,"pathways,tissues"
GSE94653,0.011998395658329409,-0.27249022137189605,"pathways,tissue"
GSE98831,0.011997080998139882,-0.27264830564460596,"cancer,profile,samples"
GSE107958,0.011996983131505837,-0.2726600745310141,"pathways,tissue"
GSE95739,0.011995321301162166,-0.27285993148149373,ec
GSE71159,0.011993318701598869,-0.27310080720143737,"normal,tissue"
GSE61828,0.011992282961531231,-0.27322540337218565,"diseased,pathways,profile,tissue"
GSE93820,0.011991764938736278,-0.27328772387125816,"tissue,tissues"
GSE89627,0.011991759591455042,-0.2732883671875574,normal
GSE75615,0.011991055431226921,-0.2733730852215691,"normal,pathways"
GSE87315,0.011990742903406217,-0.2734106872671543,stage
GSE76926,0.011990459688943755,-0.2734447632980745,tissues
GSE87837,0.011989990412666136,-0.27350122783946085,tissue
GSE87800,0.011989667626076407,-0.2735400676437269,"alterations,outcomes,stage"
GSE67112,0.011989451965192773,-0.27356601796155716,"early,tissues"
GSE74131,0.011989423698417911,-0.27356941931669043,tissue
GSE106550,0.011988541942835563,-0.27367552543307544,"tissue,tissues"
GSE74018,0.01198817421871697,-0.27371977784518864,"normal,pathways"
GSE65542,0.011986958915700717,-0.2738660386919082,stage
GSE80160,0.011986716667948849,-0.273895194807672,tissue
GSE103722,0.011985834706012949,-0.2740013497255945,"tissue,tissues"
GSE79818,0.011984839677459789,-0.27412112297327607,"early,pathways"
GSE79812,0.011984562767533066,-0.27415445685208184,"early,pathways"
GSE84786,0.011983950486465405,-0.27422816479139156,normal
GSE83251,0.01198313704747237,-0.27432609445431855,"early,plus"
GSE79551,0.011982664210627991,-0.27438302218757266,tissues
GSE103725,0.011982262729688156,-0.27443136070847934,"alterations,early"
GSE68315,0.011979915474566755,-0.27471400390604783,"pathways,tissues"
GSE93537,0.011979656519416662,-0.27474518921361174,normal
GSE104803,0.01197871469437091,-0.27485861648389387,tissue
GSE103713,0.011977678153085036,-0.27498346106990984,"alterations,early"
GSE94840,0.011977607225313292,-0.27499200424883186,"normal,pathways,plus,samples"
GSE73413,0.011977476345474154,-0.2750077687269078,"array,profile"
GSE63137,0.011976926493475116,-0.27507400028840473,tissue
GSE106678,0.011976710630562834,-0.2751000025486423,tissues
GSE103712,0.011976251800216107,-0.27515527356305863,"alterations,early"
GSE44674,0.011975779763885395,-0.27521213758911867,"pathways,tissues"
GSE94659,0.011972283489202384,-0.27563338736863496,samples
GSE67071,0.011970643201522482,-0.27583106035453975,cancer
GSE79848,0.011969890870290155,-0.27592173373175743,tissue
GSE73391,0.011969704369602385,-0.2759442122753315,tissues
GSE73336,0.011966444201322006,-0.2763372102236618,tissue
GSE76868,0.011965940789006308,-0.2763979037526837,"profile,tissue"
GSE87808,0.01196516005235393,-0.27649203773377323,normal
GSE101939,0.01196446191270317,-0.2765762181369368,tissue
GSE74647,0.01196439861108609,-0.2765838511731149,samples
GSE93006,0.01196174671911639,-0.27690365792481075,cancer
GSE90160,0.011961232430810464,-0.2769656870879857,"normal,tissues"
GSE89454,0.011961221264764337,-0.27696703387285815,"pathways,tissues"
GSE57809,0.011960946017477297,-0.277000233030055,tissues
GSE52069,0.011960841804465494,-0.27701280295973135,normal
GSE78996,0.011960601475735027,-0.2770417912664632,tissue
GSE93007,0.01195961872214945,-0.27716033647327126,cancer
GSE75176,0.011958948285369742,-0.2772412138784489,peritoneal
GSE76291,0.011958608627173696,-0.2772821899026189,samples
GSE77214,0.011958534662701399,-0.27729111305670046,"pathways,tissue"
GSE74724,0.011956978011344129,-0.2774789219677874,"early,pathways"
GSE85891,0.011956854407563685,-0.2774938357263149,samples
GSE98988,0.011955857439007444,-0.27761413338239627,"early,normal"
GSE55831,0.011955741666470102,-0.27762810354514095,normal
GSE73977,0.011955612288482163,-0.2776437156248211,tissues
GSE82043,0.011954585028141342,-0.27776768142741926,fumarate
GSE104513,0.011954077759213795,-0.2778289006074952,stage
GSE70249,0.01195365602584208,-0.2778797990029252,samples
GSE97464,0.011952501045034484,-0.2780192011728178,early
GSE26337,0.01195247250659503,-0.2780226458338199,"pathways,peritoneal"
GSE81441,0.011949734894109202,-0.27835312074839497,"adenocarcinoma,profile"
GSE74170,0.011948795558591742,-0.2784665314617566,"pathways,tissues"
GSE36871,0.01194839098057509,-0.2785153809526685,"tissue,tissues"
GSE36873,0.011948147697262988,-0.2785447562218357,"tissue,tissues"
GSE59104,0.011946561408194434,-0.2787363075285187,tissues
GSE99516,0.011945778496323564,-0.27883085691786064,normal
GSE36872,0.011945716184322622,-0.2788383823754303,"tissue,tissues"
GSE97439,0.011945293020964007,-0.278889489105479,"early,profile"
GSE103574,0.011945194708576882,-0.2789013628516302,normal
GSE120161,0.0119451643810969,-0.27890502569360004,early
GSE98356,0.011944256552555793,-0.27901467420609427,tissues
GSE101900,0.011943498888775743,-0.2791061920367411,"pathways,tissues"
GSE75966,0.011943343304094673,-0.27912498575137346,"sample,samples"
GSE81555,0.011942899641865476,-0.2791785788844095,tissue
GSE96766,0.01194261051192629,-0.2792135060286714,tissue
GSE58833,0.011942112930104384,-0.2792736163187275,"early,profile"
GSE66049,0.011940754768874151,-0.2794377015113763,early
GSE72064,0.011939756207780998,-0.2795583537988725,early
GSE95687,0.011939678469270973,-0.27956774706671295,"normal,tissues"
GSE56690,0.011938302739737023,-0.2797339887737533,samples
GSE85535,0.011938161559870012,-0.27975104988392896,cancer
GSE57419,0.011936760151305912,-0.2799204163189245,"alterations,samples"
GSE93293,0.011936723174551812,-0.2799248853927534,tissue
GSE81420,0.011936476415028239,-0.2799547095258469,samples
GSE65524,0.01193494859877131,-0.28013937993735333,tissues
GSE38497,0.0119336120102214,-0.28030095563571794,array
GSE104990,0.011933239529168837,-0.28034598684283096,"alterations,early"
GSE86043,0.011932871399351702,-0.28039049338712846,normal
GSE87608,0.011932856984825506,-0.2803922361175513,tissue
GSE81421,0.011932503037702755,-0.28043502933401965,samples
GSE86339,0.011930337111328765,-0.28069692366241905,"outcomes,tissue"
GSE95833,0.011929929945819182,-0.28074616164120153,early
GSE36103,0.011928433582009927,-0.2809271293464921,normal
GSE92457,0.01192708459287337,-0.28109029326733687,"alterations,tissue"
GSE21180,0.01192692234047947,-0.28110991938086216,"samples,tissue,tissues"
GSE80503,0.011926072414083319,-0.28121273117535456,secretory
GSE44942,0.011925746359058537,-0.28125217453787654,array
GSE59354,0.011925707526169341,-0.2812568722822518,cancer
GSE85414,0.011925468837324652,-0.28128574760540676,tissues
GSE29087,0.011925358382447399,-0.28129911005210007,"samples,tissue,tissues"
GSE69771,0.0119251008527374,-0.28133026558095986,"cancers,early"
GSE42878,0.011925097805333445,-0.28133063425500215,tissue
GSE48519,0.01192488666409453,-0.28135617828994336,early
GSE53538,0.01192479921095644,-0.2813667585725764,"alterations,early"
GSE75616,0.01192415094634644,-0.28144518954183007,early
GSE72607,0.01192355658059806,-0.2815171032481579,"early,outcomes"
GSE95832,0.011922936123108283,-0.28159217767984945,early
GSE60165,0.011922413406555673,-0.28165542863596776,tissue
GSE70304,0.011922192362689918,-0.281682176730865,samples
GSE105035,0.011922160755991291,-0.2816860014374646,"fumarate,pathways,tissue"
GSE85266,0.011922114975418676,-0.281691541333566,samples
GSE77262,0.011922094269838226,-0.28169404691787153,samples
GSE75951,0.011921119468819201,-0.2818120126092586,samples
GSE86167,0.011921048440735868,-0.2818206084604393,early
GSE79561,0.011920273603926258,-0.281914382893,early
GSE63820,0.01191952625782477,-0.2820048360445406,"early,normal"
GSE69887,0.011918638746568615,-0.28211226109914056,ectopic
GSE109279,0.011918253960968664,-0.28215883833416144,cancer
GSE61775,0.011917937716977675,-0.2821971199224036,tissue
GSE97270,0.011917159015466769,-0.2822913866938899,"pathways,tissue"
GSE50566,0.011916519912928027,-0.28236875872413797,profile
GSE71491,0.011916091525815324,-0.2824206231171552,"carcinoma,early,pathways"
GSE96991,0.011915809783873148,-0.28245473434458307,tissues
GSE94132,0.011915699530123294,-0.28246808327150646,"early,pathways"
GSE79087,0.011915638801684659,-0.2824754359947184,tissues
GSE51685,0.01191501165983499,-0.2825513696699758,samples
GSE97101,0.011914757107388516,-0.2825821917527056,"alterations,tissues"
GSE61389,0.011914268237095989,-0.282641387690145,tissues
GSE38741,0.011914018420126465,-0.282671638266551,"early,pathways"
GSE89405,0.01191392401618215,-0.2826830698958383,early
GSE87027,0.011912277129910392,-0.2828825103896366,"pathways,samples"
GSE79252,0.011911493099725952,-0.2829774673547605,"diseased,tissue"
GSE79028,0.01191145672790631,-0.28298187263993335,tissues
GSE74558,0.011911307941720418,-0.28299989347802823,"carcinomas,squamous"
GSE76458,0.011911136022725708,-0.2830207164197447,tissues
GSE78151,0.011910994930014773,-0.2830378058862393,tissues
GSE66953,0.011909492648882759,-0.2832197781095092,early
GSE72671,0.011909469472103026,-0.2832225857066676,normal
GSE98360,0.011909462270055455,-0.28322345815203404,samples
GSE97618,0.011907881846262413,-0.2834149211095271,"early,pathways"
GSE99659,0.011906573932590578,-0.2835733896118256,profile
GSE39849,0.011905797864573936,-0.28366742723973903,early
GSE86400,0.011904834460295671,-0.2837841732846503,samples
GSE103847,0.011904470970836538,-0.28382822366164795,"profile,tissue"
GSE104138,0.011904304541493185,-0.2838483932657667,normal
GSE93306,0.011903911088653681,-0.2838960770123562,early
GSE98760,0.011903880030968858,-0.28389984105477833,cancer
GSE52450,0.011903202283780105,-0.2839819832085733,early
GSE94133,0.011902824356037955,-0.28402778963294717,samples
GSE83471,0.011900884922932283,-0.28426287992892485,early
GSE83550,0.011899177407323493,-0.2844698898326038,tissue
GSE50934,0.011897636768651383,-0.28465669397863125,profile
GSE87104,0.011897020245767189,-0.2847314548383723,tissues
GSE81875,0.011896410161105684,-0.28480543879955983,early
GSE84943,0.01189560405912297,-0.28490319927688573,tissues
GSE99347,0.011895535761996702,-0.2849114823542091,tissue
GSE85423,0.01189545145188766,-0.28492170755210583,early
GSE102204,0.011894642181132165,-0.28501986024743775,early
GSE90860,0.011894563492999858,-0.28502940432215895,early
GSE64959,0.011894209892698342,-0.2850722932423418,"p4,profile"
GSE94246,0.011893853600585497,-0.28511550994760165,tissues
GSE93379,0.011893658817580748,-0.2851391368380531,"early,profile"
GSE101650,0.011893348746745398,-0.28517674877013827,"sample,samples"
GSE81091,0.011892380730350814,-0.2852941765290036,samples
GSE44229,0.011891245384476876,-0.2854319148078817,tissue
GSE39160,0.011890696957884816,-0.285498453723283,"proliferative,stage"
GSE98527,0.011890008591317277,-0.28558197547006403,tissue
GSE39129,0.011889718957357567,-0.28561711914246407,"pathways,tissue"
GSE70413,0.011889654229645136,-0.2856249732056472,early
GSE105266,0.011889485766373905,-0.28564541474609173,"early,pathways"
GSE49147,0.01188922034192451,-0.2856776222627787,early
GSE61529,0.011889168755617076,-0.28568388200641454,early
GSE76138,0.011888261590571592,-0.28579396644312344,lymph
GSE83312,0.011887856799873392,-0.28584309048627954,"profile,tissues"
GSE70148,0.011887114895962041,-0.28593312980222596,"alterations,samples"
GSE80446,0.011886879288578118,-0.2859617248798351,tissue
GSE98567,0.011886637573750716,-0.28599106179156203,"early,pathways,tissue"
GSE33141,0.011886486638889259,-0.2860093810477252,"pathways,sample,tissue"
GSE77681,0.011886314908045177,-0.2860302246354394,"normal,tissue,tissues"
GSE57998,0.011885944288844662,-0.28607520904169675,"profile,tissue"
GSE33468,0.011885762725216907,-0.2860972470842504,tissue
GSE72724,0.011885749277293212,-0.2860988793954659,tissues
GSE42237,0.011885162520133193,-0.28617010187547437,"tissue,tissues"
GSE76030,0.011885110809230787,-0.2861763788804904,stage
GSE77472,0.011885101641085105,-0.2861774917723787,tissues
GSE80465,0.011885018264229262,-0.2861876126617078,profile
GSE59017,0.011884371866956943,-0.28626607947421756,"pathways,sample,tissue"
GSE48229,0.011882583137226808,-0.28648323741603837,early
GSE84987,0.011882412562026273,-0.28650394753936687,tissue
GSE82158,0.01188187505050735,-0.2865692106110436,normal
GSE106365,0.011880240252896428,-0.28676772108704646,early
GSE93380,0.01187983353990501,-0.28681711174306523,early
GSE63340,0.011879352220609637,-0.28687556466881897,"profile,tissue"
GSE91398,0.011879308652244179,-0.28688085586474305,tissue
GSE81494,0.011878999821670611,-0.28691836260369935,early
GSE104920,0.011878912778353165,-0.2869289339838148,"pathways,peritoneal"
GSE44640,0.011878366318552979,-0.286995303102997,tissue
GSE64459,0.01187712629392205,-0.2871459189977231,tissue
GSE95672,0.01187671093684633,-0.28719637262233794,sample
GSE87130,0.011876555309501843,-0.2872152772054628,lymph
GSE54412,0.011876131521884957,-0.2872667573851727,"early,profile"
GSE84545,0.011875865733102378,-0.2872990453780055,"early,normal"
GSE84548,0.011875822714841899,-0.28730427129962355,"early,normal"
GSE84547,0.011875822714841899,-0.28730427129962355,"early,normal"
GSE79951,0.011874325833454772,-0.2874861264448638,early
GSE75901,0.011874018553619395,-0.28752346050802735,"pathways,stage"
GSE60545,0.011873601516439337,-0.2875741314779877,tissue
GSE58261,0.011872727106552058,-0.28768038005465646,"sample,samples"
GSE67933,0.011871694559913585,-0.28780585372899353,"pathways,tissue"
GSE107617,0.011871261631983335,-0.28785846579406715,ectopic
GSE107281,0.01187092505354673,-0.2878993702017213,"cancer,tissue,tissues"
GSE53459,0.011870382317190094,-0.2879653314428727,"samples,tissue"
GSE63418,0.011870311893575862,-0.2879738905690812,tissue
GSE106120,0.011869320539731021,-0.28809438285391903,early
GSE80206,0.011868637965320079,-0.28817735095901253,tissue
GSE55633,0.01186842629592105,-0.2882030807113471,profile
GSE83114,0.011868389378312609,-0.2882075683268175,"ec,normal"
GSE99265,0.011868171745860788,-0.28823402348663135,"pathways,tissue"
GSE74537,0.011867473428312063,-0.28831891347023275,"early,tissues"
GSE76316,0.011866755878255695,-0.2884061466299748,early
GSE84737,0.011866554700776428,-0.2884306048909257,"pathways,profile"
GSE63199,0.011866181721230279,-0.2884759511781854,tissue
GSE93381,0.01186471102222677,-0.28865477042318016,early
GSE73932,0.011863180348968135,-0.28884090535510243,profile
GSE61734,0.011862749386955251,-0.2888933160943897,early
GSE94271,0.011862681580009589,-0.28890156249837545,"profile,stage"
GSE105051,0.011861135161755335,-0.28908964437187806,tissue
GSE90894,0.011861038959076144,-0.2891013457553586,early
GSE77647,0.011860806330177411,-0.28912964140896286,"early,pathways"
GSE68628,0.01185895986672156,-0.2893542543882146,tissues
GSE104633,0.011858369612806409,-0.2894260631807826,cancers
GSE62710,0.01185800538506527,-0.28947037598625835,tissue
GSE121611,0.01185708078748161,-0.2895828708209585,"early,normal,tissue"
GSE96103,0.011856601405318898,-0.2896412002076228,early
GSE98132,0.011855724265586884,-0.28974793331846854,tissue
GSE108106,0.011855412662439087,-0.28978585206672947,tissue
GSE88801,0.011853964211478763,-0.28996212603893406,early
GSE103219,0.011853798144715513,-0.28998233745257995,early
GSE94324,0.011852472925412205,-0.2901436354748045,stage
GSE68713,0.011852097832094014,-0.29018929293686985,early
GSE72086,0.011851720938683594,-0.2902351709668584,early
GSE85951,0.011851720334864648,-0.290235244468979,cancer
GSE85954,0.011851720334864648,-0.290235244468979,cancer
GSE96592,0.011851702818485566,-0.29023737671739497,sample
GSE91067,0.011851637440132273,-0.290245335175996,tissue
GSE86031,0.011851553802840838,-0.29025551634564095,cancer
GSE86039,0.011851553802840838,-0.29025551634564095,cancer
GSE86028,0.011851553802840838,-0.29025551634564095,cancer
GSE86030,0.011851553802840838,-0.29025551634564095,cancer
GSE100389,0.011851412598306715,-0.29027270534027444,alterations
GSE89270,0.011850616021514717,-0.2903696774101651,"alterations,early,normal"
GSE71619,0.011850590432224575,-0.2903727926559698,tissue
GSE63300,0.011850271350206918,-0.2904116383358245,tissue
GSE90742,0.011850175433268348,-0.2904233156592841,stage
GSE65929,0.011848864760236562,-0.29058289186740655,"pathways,tissue"
GSE85967,0.011848857504959188,-0.29058377525633067,tissue
GSE89764,0.01184879720935119,-0.29059111675705673,profile
GSE73372,0.01184832507295563,-0.29064860465187153,early
GSE69556,0.011848298045878012,-0.2906518955706369,profile
GSE82164,0.011848261984982877,-0.2906562864927381,diseased
GSE66007,0.011848258342143992,-0.2906567300604453,profile
GSE54124,0.011848091018177116,-0.29067710429223653,"alterations,tissue"
GSE98167,0.011848024537828065,-0.2906851993633181,"ectopic,tissue"
GSE98168,0.011847977826666129,-0.29069088723932723,"ectopic,tissue"
GSE100175,0.011847684223862722,-0.2907266388724813,profile
GSE71636,0.0118475001218146,-0.2907490571924214,ectopic
GSE66001,0.011846716375116027,-0.2908444988353981,profile
GSE72910,0.011846160184230087,-0.29091223344171074,profile
GSE80972,0.011845856485394966,-0.29094922014567,"pathways,tissue"
GSE74957,0.011845766116461928,-0.29096022612983025,tissues
GSE104508,0.011845725110274248,-0.29096522027925265,profile
GSE90847,0.011845225422511164,-0.2910260787118345,"early,tissue,tissues"
GSE42100,0.011844468202654331,-0.2911183076236958,profile
GSE102788,0.011843954761309998,-0.29118084781748577,secretory
GSE90848,0.011843256232889095,-0.2912659370657975,"early,tissue,tissues"
GSE86909,0.011842844661392472,-0.29131607382404734,"ectopic,secretory"
GSE84832,0.011842787470812428,-0.29132304079590227,early
GSE63180,0.011842706520610768,-0.2913329022287722,profile
GSE99058,0.011842572672033268,-0.29134920794148267,profile
GSE96561,0.011841863376716418,-0.2914356188515288,profile
GSE55009,0.011840213286524683,-0.2916366634621296,early
GSE60875,0.011839080188577942,-0.2917747347091937,early
GSE75549,0.011839059107596594,-0.291777303612676,cancers
GSE53913,0.011838990933660868,-0.29178561123925995,stage
GSE98839,0.011838010098790411,-0.2919051403639501,pathways
GSE73787,0.011837964476357226,-0.2919107003680717,tissue
GSE45048,0.011837584517492644,-0.2919570067721905,early
GSE70391,0.011837569467881656,-0.2919588409312547,profile
GSE83964,0.011837453876418337,-0.2919729286243038,cancer
GSE66003,0.01183715729602343,-0.29200907494678063,profile
GSE72402,0.01183687173727942,-0.292043878839545,"alterations,pathways,profile"
GSE62698,0.011836587614571539,-0.29207850854157474,profile
GSE90712,0.011836549434493639,-0.2920831621038747,"pathways,stage"
GSE93180,0.011835053326928299,-0.2922655263476297,"sample,samples"
GSE93179,0.011835053326928299,-0.2922655263476297,"sample,samples"
GSE75431,0.011834783800836175,-0.29229838199884633,"sample,samples"
GSE40688,0.01183460215436033,-0.2923205254097823,early
GSE44654,0.011834191112907901,-0.2923706342140954,early
GSE74189,0.011833655214066392,-0.2924359666140539,tissue
GSE69940,0.011832412103119362,-0.2925875279170931,samples
GSE101772,0.01183141642385001,-0.2927089335927149,profile
GSE81466,0.011831348194249951,-0.292717253373369,profile
GSE70123,0.011830800611567794,-0.29278402624565986,tissue
GSE52623,0.011829318612489188,-0.2929647584477129,cancer
GSE99774,0.011828617960111214,-0.2930502120297093,profile
GSE63526,0.011827894805293376,-0.29313841538243174,early
GSE85931,0.011827864311330623,-0.29314213485629204,"profile,sample"
GSE83855,0.011827057235139408,-0.29324058073926396,cancer
GSE83529,0.011827050732499105,-0.29324137394837013,pathways
GSE78809,0.011826255080525844,-0.29333843295277356,tissue
GSE41082,0.011826080107011258,-0.29335977828039406,profile
GSE74406,0.011825139574428944,-0.29347452092041776,profile
GSE99811,0.01182475803377541,-0.29352107053495874,"array,pathways"
GSE84145,0.011824574556181135,-0.29354345613204685,profile
GSE69913,0.011824203588489665,-0.2935887179418185,tissue
GSE93318,0.011823069844282712,-0.29372705500219126,profile
GSE42605,0.011821834316478803,-0.2938778265870607,"adenocarcinoma,cancer"
GSE96105,0.01182119459581343,-0.2939558979572846,profile
GSE37111,0.011820806871598309,-0.2940032177921311,cancer
GSE62310,0.011820360734463258,-0.294057668557262,profile
GSE63968,0.01182011223992684,-0.2940879980549656,tissue
GSE81191,0.011819856773118217,-0.29411917920395286,profile
GSE76504,0.011818999104516099,-0.2942238673704149,tissue
GSE79416,0.011818968356868876,-0.29422762061004865,profile
GSE83265,0.011818673013975907,-0.2942636724072973,profile
GSE95411,0.011818659963944052,-0.29426526541411063,profile
GSE96738,0.011817876330165802,-0.29436092617862364,"pathways,profile"
GSE81670,0.011817402679694847,-0.29441874933233964,profile
GSE61969,0.011816067856019463,-0.2945817168064629,alterations
GSE91052,0.011815513704128576,-0.2946493781420356,"adenocarcinoma,normal,pathways"
GSE99364,0.01181510866231658,-0.29469883530863195,cancers
GSE98724,0.011812087814552804,-0.2950677459507467,profile
GSE94814,0.011811799876440335,-0.2951029143271288,profile
GSE42990,0.011810815896732748,-0.2952231027651007,cancers
GSE77534,0.011810184708575177,-0.2953002046660935,tissue
GSE96966,0.011809942180651305,-0.29532983141913355,normal
GSE76184,0.01180990408116303,-0.29533448563594633,"cancer,early,pathways"
GSE59970,0.01180964531576798,-0.29536609670065667,"alterations,pathways,profile"
GSE75667,0.011809221696925838,-0.2954178479385566,cancers
GSE85491,0.011809032548323972,-0.2954409558064859,profile
GSE68391,0.011808995211713922,-0.2954455171816109,alterations
GSE104560,0.01180763344197254,-0.29561189304191776,pathways
GSE68360,0.0118066783880172,-0.295728589358611,"plus,profile"
GSE76619,0.01180661962012481,-0.29573577040946486,"early,tissue"
GSE92376,0.011806560157657912,-0.29574303636914684,profile
GSE47081,0.011806420474273384,-0.2957601049916385,sample
GSE78084,0.011805191745941598,-0.2959102582514782,secretory
GSE98622,0.011803349838368114,-0.2961353726167975,profile
GSE69285,0.011802823299090786,-0.2961997316808386,alterations
GSE74552,0.011802691496075013,-0.29621584245485755,profile
GSE81193,0.011802378798943572,-0.29625406531081333,"pathways,profile"
GSE96104,0.01180218295385031,-0.29627800515327213,profile
GSE47062,0.011801461296473224,-0.2963662230156013,"pathways,sample"
GSE65831,0.01179965113359945,-0.2965875272455652,cancers
GSE79903,0.011799176381302906,-0.2966455744331668,"early,stage"
GSE93416,0.011798810750760086,-0.2966902810742895,"profile,samples"
GSE48206,0.011798527854855936,-0.2967248724767223,profile
GSE95108,0.011797858044052504,-0.29680677762345475,"pathways,tear"
GSE63194,0.011797538146856135,-0.2968458966189649,alterations
GSE37933,0.011797205191989736,-0.2968866135132093,ectopic
GSE75001,0.011796650712354147,-0.29695442311787323,pathways
GSE104461,0.01179551075895883,-0.29709384273938994,keywords
GSE90047,0.011795508105968402,-0.29709416722356385,"pathways,stage"
GSE85098,0.01179291016584137,-0.2974119532921135,carcinoma
GSE65388,0.011792843810265614,-0.29742007097706646,"profile,sample"
GSE101925,0.011792650505567064,-0.2974437193879288,"pathways,profile,samples"
GSE62633,0.011791725868714653,-0.29755684249800046,profile
GSE58001,0.011790954518650958,-0.29765121878549616,sample
GSE77133,0.011790311083646931,-0.2977299491221398,profile
GSE104777,0.011789822593612418,-0.29778972335073933,profile
GSE68177,0.011789708519118862,-0.29780368246683525,pathways
GSE40190,0.0117889098150999,-0.2979014224031965,profile
GSE80664,0.011788841115191902,-0.2979098297374559,alterations
GSE73111,0.01178863742286987,-0.2979347574159942,"sample,samples"
GSE74583,0.011788554820952252,-0.29794486628525085,"alterations,sample"
GSE96539,0.011787803516587297,-0.2980368145892567,"early,samples,stage"
GSE75854,0.011787503228578064,-0.298073566944292,alterations
GSE97375,0.011787453728318895,-0.29807962538830596,pathways
GSE92364,0.011786683271818142,-0.29817392650933927,profile
GSE69278,0.011786408530053319,-0.29820755541003524,alterations
GSE90883,0.011786344999737948,-0.29821533174985215,pathways
GSE98492,0.011786075284052329,-0.2982483463896239,"pathways,profile"
GSE95826,0.011786048990187353,-0.2982515649394809,array
GSE83961,0.011785320722807201,-0.2983407127277438,normal
GSE109032,0.01178518406063966,-0.29835744226605465,sample
GSE74506,0.011784681213357405,-0.298419000130057,sample
GSE100397,0.0117843190815639,-0.2984633334268572,pathways
GSE96988,0.01178428193204197,-0.29846788146354614,pathways
GSE60569,0.011783572630644073,-0.2985547205609982,profile
GSE89532,0.01178338033078573,-0.29857826455096204,stage
GSE93570,0.01178316322850307,-0.29860484565614454,profile
GSE60731,0.011783079310403328,-0.2986151203722889,profile
GSE69755,0.011782955846248057,-0.29863023713871606,array
GSE54098,0.011782647281558941,-0.29866801803016124,pathways
GSE103903,0.011782390751179539,-0.2986994285549991,pathways
GSE81575,0.011782354116653307,-0.2987039142771756,"pathways,samples"
GSE55682,0.011781259090362291,-0.298838001438338,node
GSE119498,0.011781247593236137,-0.29883940934006176,profile
GSE57514,0.011781172262254218,-0.29884863416796204,profile
GSE89572,0.011781138750322237,-0.2988527379672926,pathways
GSE65031,0.011780899070268615,-0.2988820890130218,"pathways,sample"
GSE88745,0.011780650895918296,-0.29891248089343775,"normal,profile"
GSE74064,0.011780104468741273,-0.2989793996119965,normal
GSE25602,0.011779404869646928,-0.2990650812049212,profile
GSE35553,0.011779403287462579,-0.29906527498463176,alterations
GSE74746,0.011779260824914498,-0.29908272334338865,sample
GSE68509,0.011779177384765483,-0.29909294292485006,plus
GSE78772,0.0117790277951183,-0.2991112645448983,"early,tissue"
GSE104305,0.011778636700098877,-0.29915916664870884,"cancer,tissue"
GSE77967,0.01177844429117605,-0.29918273386392485,"profile,samples"
GSE57054,0.011777992988229163,-0.2992380132353992,pathways
GSE76771,0.011777859843863337,-0.2992543222790728,sample
GSE97875,0.011777502748899403,-0.2992980642619528,profile
GSE94482,0.011776830245779737,-0.2993804454455938,profile
GSE69407,0.01177669564950697,-0.2993969339642224,outcomes
GSE58836,0.011776470632869343,-0.2994244997176619,pathways
GSE38820,0.011776229364378972,-0.2994540569959896,"profile,samples"
GSE90913,0.011775457707480645,-0.2995485950711164,pathways
GSE47954,0.011775139858215223,-0.29958753756994044,profile
GSE77705,0.011775027212036287,-0.2996013390927273,"normal,pathways"
GSE78499,0.011774889877994342,-0.29961816557585286,pathways
GSE76609,0.01177486971885808,-0.2996206355361762,"pathways,profile,tissues"
GSE54932,0.01177459967006024,-0.2996537231658822,"pathways,sample"
GSE61095,0.011774570265625643,-0.2996573259792374,sample
GSE68915,0.011773607414331573,-0.29977530545151093,pathways
GSE83084,0.011773436500069758,-0.29979624881568334,pathways
GSE87453,0.011772976077081608,-0.29985266929669074,diseased
GSE72129,0.011772938515210881,-0.29985727224591247,pathways
GSE61401,0.011772840903975807,-0.2998692339008885,profile
GSE58432,0.011772731667976186,-0.29988262021667755,pathways
GSE75000,0.011772655996446101,-0.2998918934503781,"alterations,pathways"
GSE38198,0.011772347583362416,-0.2999296888174414,sample
GSE58498,0.011771993405648001,-0.2999730937640871,pathways
GSE68220,0.011771798503760401,-0.29999697980485646,pathways
GSE74900,0.011771737020565793,-0.30000451490933283,profile
GSE39605,0.011771543254969008,-0.3000282622089709,profile
GSE66127,0.01177055532916853,-0.3001493453527577,normal
GSE86071,0.01177021189063428,-0.30019144058828,pathways
GSE64099,0.011770116510787517,-0.3002031315069095,sample
GSE74528,0.011770022732498015,-0.3002146262114914,pathways
GSE56983,0.011769937322504396,-0.3002250952669995,pathways
GSE95762,0.011769872691754632,-0.30023301737530184,proliferative
GSE72410,0.011769804843014807,-0.30024133397524944,pathways
GSE76838,0.011769634473390682,-0.30026221734537084,"pathways,tissues"
GSE37909,0.011768675273513827,-0.3003797986773531,sample
GSE86204,0.011768535392429558,-0.30039694648211696,pathways
GSE75993,0.011768320713616004,-0.3004232640207305,pathways
GSE81286,0.011768234204990353,-0.3004338692741884,pathways
GSE46815,0.01176808659442245,-0.3004519653084935,"cancer,early"
GSE98563,0.01176800106240084,-0.30046245104641345,pathways
GSE78270,0.011767653750749509,-0.30050503025663994,alterations
GSE78272,0.011767653750749509,-0.30050503025663994,alterations
GSE78274,0.011767653750749509,-0.30050503025663994,alterations
GSE78273,0.011767653750749509,-0.30050503025663994,alterations
GSE76254,0.011767612717224419,-0.300510060908257,normal
GSE76752,0.011767483954915904,-0.30052584709741437,alterations
GSE48808,0.01176740534432855,-0.30053548479768943,plus
GSE40436,0.011767131152790728,-0.30056910133158077,pathways
GSE71773,0.011766999428212679,-0.30058525135631714,profile
GSE79408,0.011766722942600429,-0.30061915032184466,profile
GSE79929,0.011766312853719001,-0.30066943139911306,pathways
GSE73438,0.011766104263223554,-0.3006950073925923,sample
GSE59442,0.011766032304460085,-0.30070383060768013,pathways
GSE58405,0.011765591933982838,-0.3007578277561399,sample
GSE88959,0.011765424376963166,-0.3007783737179595,"alterations,pathways"
GSE102623,0.011764996568359245,-0.3008308332428297,pathways
GSE89069,0.011764951529985468,-0.3008363561312124,pathways
GSE73018,0.011764939894013277,-0.3008377830106716,alterations
GSE102624,0.011764778107846796,-0.30085762244096587,pathways
GSE63748,0.011764556312191725,-0.300884821127164,alterations
GSE107925,0.01176455188556703,-0.3008853639670748,pathways
GSE100599,0.011764439046088399,-0.300899201615847,sample
GSE79863,0.011763560302444482,-0.30100696760811013,alterations
GSE54107,0.011763300797011227,-0.3010387939703327,"carcinoma,early,normal"
GSE90961,0.01176273991113136,-0.3011075847445714,alterations
GSE44333,0.011762700899134207,-0.30111236955734333,pathways
GSE79035,0.011762672991090151,-0.30111579248247505,alterations
GSE97062,0.011762515578479276,-0.30113509931118887,"sample,samples"
GSE39851,0.011762449187448398,-0.3011432423211325,carcinoma
GSE96093,0.011762397218908208,-0.30114961641207605,pathways
GSE45760,0.011762116421125486,-0.301184057555034,sample
GSE62042,0.011762074811486172,-0.3011891612391265,normal
GSE100686,0.01176206422224994,-0.30119046007846567,alterations
GSE43410,0.011762008634570017,-0.30119727829150617,pathways
GSE74855,0.011761748804047985,-0.30122914872773227,pathways
GSE53105,0.011761731896367115,-0.301231222623824,pathways
GSE85512,0.011761021668289318,-0.30131834189098233,alterations
GSE87899,0.011760992587728442,-0.3013219091348846,pathways
GSE59725,0.011760403700331204,-0.30139414846263635,pathways
GSE102721,0.011760250279346188,-0.3014129693418894,normal
GSE55423,0.01176004271393525,-0.3014384327652503,"pathways,tissues"
GSE79996,0.01175995269497149,-0.3014494761273209,"normal,pathways"
GSE102317,0.011759843790791879,-0.3014628364061785,normal
GSE97026,0.01175956915496273,-0.3014965290625127,sample
GSE42805,0.011759041842308197,-0.30156122262387197,alterations
GSE81576,0.01175894843733264,-0.30157268235265233,pathways
GSE58916,0.011758771838457064,-0.30159434927606477,sample
GSE84534,0.01175877069357431,-0.30159448974283903,outcomes
GSE62669,0.011758587410643605,-0.30161697707955804,alterations
GSE74893,0.011758526479837562,-0.3016244528754508,pathways
GSE100983,0.011758210104458279,-0.3016632706075916,alterations
GSE66679,0.011757368783123301,-0.30176650175695746,"pathways,samples"
GSE59859,0.01175728705782942,-0.3017765299433784,pathways
GSE64063,0.01175709969573455,-0.3017995206654378,pathways
GSE65753,0.011757056566583173,-0.30180481298484885,sample
GSE75944,0.01175688639048571,-0.30182569525136943,"sample,tissues"
GSE87450,0.011756721849666361,-0.30184588630173304,normal
GSE85505,0.011756721087292057,-0.3018459798544833,alterations
GSE78514,0.011756693003290797,-0.30184942611279286,pathways
GSE34903,0.01175661435819467,-0.3018590768938104,carcinomas
GSE69707,0.011756437376695626,-0.30188079507262305,alterations
GSE65973,0.011756233924316104,-0.3019057620136603,alterations
GSE66345,0.0117561561895458,-0.30191530145793466,outcomes
GSE75984,0.011756112331420699,-0.30192068366080715,alterations
GSE70793,0.011755743864421268,-0.3019659021674555,pathways
GSE54154,0.011755457952123146,-0.3020009904847494,pathways
GSE47735,0.011755418228614652,-0.30200586558240805,alterations
GSE104867,0.011755354753210753,-0.3020136556836093,pathways
GSE99307,0.011754873318643076,-0.3020727417342656,pathways
GSE57313,0.011754435391100182,-0.30212649030699273,pathways
GSE103949,0.011754385812289513,-0.30213257543594635,pathways
GSE89136,0.011754293210244874,-0.3021439411541518,outcomes
GSE87050,0.011753963730361836,-0.3021843813275397,pathways
GSE58917,0.011753904615274873,-0.3021916371996204,sample
GSE54651,0.011753556555173992,-0.3022343593445488,pathways
GSE63493,0.011753548933767576,-0.3022352948374572,pathways
GSE95602,0.01175302318626827,-0.30229982941155514,pathways
GSE45888,0.011752875480322727,-0.30231796057413424,pathways
GSE103194,0.011752750562664475,-0.302333294612526,pathways
GSE58707,0.011752647577878483,-0.3023459364439173,pathways
GSE83873,0.011752549373340325,-0.3023579915822332,pathways
GSE73029,0.011752490547147184,-0.3023652128639162,pathways
GSE80187,0.011752453255432185,-0.30236979067297165,pathways
GSE52405,0.011752278479543814,-0.3023912457833953,pathways
GSE75154,0.011752274466435111,-0.3023917384276959,pathways
GSE69672,0.011752250315672263,-0.30239470314926487,pathways
GSE77715,0.011751824263126345,-0.3024470059015524,pathways
GSE77793,0.011751781717490313,-0.302452228962062,pathways
GSE97281,0.011751613083439517,-0.3024729312913106,pathways
GSE38144,0.011751443128809838,-0.30249379604176696,pathways
GSE74679,0.011751433802635635,-0.3024949409931117,pathways
GSE69726,0.011751101363990322,-0.30253575425701074,pathways
GSE56636,0.011751098112992133,-0.30253615338552375,outcomes
GSE85763,0.011750868497866022,-0.30256434375863156,pathways
GSE62715,0.011750395425545478,-0.30262242566377057,pathways
GSE102965,0.011750306704836799,-0.3026333186937513,pathways
GSE79291,0.01175009803485583,-0.30265893928625315,pathways
GSE41908,0.011749036432150427,-0.3027892903816667,"early,pathways,sample,samples"
GSE76567,0.011748853964397642,-0.30281169625024706,pathways
GSE67374,0.011748583749331857,-0.3028448775647502,pathways
GSE79423,0.01174844587350947,-0.3028618084507738,pathways
GSE79543,0.011748162529472706,-0.3028966031777159,pathways
GSE90821,0.011748130141689248,-0.3029005804600246,"alterations,tissues"
GSE62979,0.011747883003110388,-0.3029309299154791,pathways
GSE69952,0.011747603433723608,-0.3029652627537452,pathways
GSE95688,0.011747244759982022,-0.30300931128932695,"pathways,samples"
GSE66961,0.011742880760860936,-0.3035453595073137,"pathways,tissues"
GSE43390,0.011741964559355705,-0.3036579256622703,"early,pathways"
GSE100212,0.011741256297375456,-0.30374495001494306,"early,pathways"
GSE38892,0.011739983696713622,-0.3039013280142412,
GSE41538,0.011739983696713622,-0.3039013280142412,
GSE40350,0.011739983696713622,-0.3039013280142412,
GSE40468,0.011739983696713622,-0.3039013280142412,
GSE93132,0.011739983696713622,-0.3039013280142412,
GSE97195,0.011739983696713622,-0.3039013280142412,
GSE69652,0.011739983696713622,-0.3039013280142412,
GSE85128,0.011739983696713622,-0.3039013280142412,
GSE85303,0.011739983696713622,-0.3039013280142412,
GSE102817,0.011739983696713622,-0.3039013280142412,
GSE102808,0.011739983696713622,-0.3039013280142412,
GSE69699,0.011739983696713622,-0.3039013280142412,
GSE102783,0.011739983696713622,-0.3039013280142412,
GSE69374,0.011739983696713622,-0.3039013280142412,
GSE93061,0.011739983696713622,-0.3039013280142412,
GSE98027,0.011739983696713622,-0.3039013280142412,
GSE55190,0.011739983696713622,-0.3039013280142412,
GSE58669,0.011739983696713622,-0.3039013280142412,
GSE58664,0.011739983696713622,-0.3039013280142412,
GSE85278,0.011739983696713622,-0.3039013280142412,
GSE69276,0.011739983696713622,-0.3039013280142412,
GSE58645,0.011739983696713622,-0.3039013280142412,
GSE58429,0.011739983696713622,-0.3039013280142412,
GSE93127,0.011739983696713622,-0.3039013280142412,
GSE39978,0.011739983696713622,-0.3039013280142412,
GSE38842,0.011739983696713622,-0.3039013280142412,
GSE58514,0.011739983696713622,-0.3039013280142412,
GSE39619,0.011739983696713622,-0.3039013280142412,
GSE86901,0.011739983696713622,-0.3039013280142412,
GSE39812,0.011739983696713622,-0.3039013280142412,
GSE86868,0.011739983696713622,-0.3039013280142412,
GSE39113,0.011739983696713622,-0.3039013280142412,
GSE86949,0.011739983696713622,-0.3039013280142412,
GSE86929,0.011739983696713622,-0.3039013280142412,
GSE58384,0.011739983696713622,-0.3039013280142412,
GSE76929,0.011739983696713622,-0.3039013280142412,
GSE70588,0.011739983696713622,-0.3039013280142412,
GSE77547,0.011739983696713622,-0.3039013280142412,
GSE77569,0.011739983696713622,-0.3039013280142412,
GSE77588,0.011739983696713622,-0.3039013280142412,
GSE77862,0.011739983696713622,-0.3039013280142412,
GSE77717,0.011739983696713622,-0.3039013280142412,
GSE77625,0.011739983696713622,-0.3039013280142412,
GSE77494,0.011739983696713622,-0.3039013280142412,
GSE93314,0.011739983696713622,-0.3039013280142412,
GSE93319,0.011739983696713622,-0.3039013280142412,
GSE93339,0.011739983696713622,-0.3039013280142412,
GSE98040,0.011739983696713622,-0.3039013280142412,
GSE70133,0.011739983696713622,-0.3039013280142412,
GSE69786,0.011739983696713622,-0.3039013280142412,
GSE86318,0.011739983696713622,-0.3039013280142412,
GSE86568,0.011739983696713622,-0.3039013280142412,
GSE56762,0.011739983696713622,-0.3039013280142412,
GSE56786,0.011739983696713622,-0.3039013280142412,
GSE56867,0.011739983696713622,-0.3039013280142412,
GSE56367,0.011739983696713622,-0.3039013280142412,
GSE56446,0.011739983696713622,-0.3039013280142412,
GSE76498,0.011739983696713622,-0.3039013280142412,
GSE76309,0.011739983696713622,-0.3039013280142412,
GSE93702,0.011739983696713622,-0.3039013280142412,
GSE93558,0.011739983696713622,-0.3039013280142412,
GSE93374,0.011739983696713622,-0.3039013280142412,
GSE107678,0.011739983696713622,-0.3039013280142412,
GSE107623,0.011739983696713622,-0.3039013280142412,
GSE107389,0.011739983696713622,-0.3039013280142412,
GSE107583,0.011739983696713622,-0.3039013280142412,
GSE69311,0.011739983696713622,-0.3039013280142412,
GSE77798,0.011739983696713622,-0.3039013280142412,
GSE107586,0.011739983696713622,-0.3039013280142412,
GSE106969,0.011739983696713622,-0.3039013280142412,
GSE107115,0.011739983696713622,-0.3039013280142412,
GSE107220,0.011739983696713622,-0.3039013280142412,
GSE95701,0.011739983696713622,-0.3039013280142412,
GSE95740,0.011739983696713622,-0.3039013280142412,
GSE77005,0.011739983696713622,-0.3039013280142412,
GSE93034,0.011739983696713622,-0.3039013280142412,
GSE70510,0.011739983696713622,-0.3039013280142412,
GSE70452,0.011739983696713622,-0.3039013280142412,
GSE70471,0.011739983696713622,-0.3039013280142412,
GSE70484,0.011739983696713622,-0.3039013280142412,
GSE70239,0.011739983696713622,-0.3039013280142412,
GSE70240,0.011739983696713622,-0.3039013280142412,
GSE70241,0.011739983696713622,-0.3039013280142412,
GSE70242,0.011739983696713622,-0.3039013280142412,
GSE77645,0.011739983696713622,-0.3039013280142412,
GSE70116,0.011739983696713622,-0.3039013280142412,
GSE76853,0.011739983696713622,-0.3039013280142412,
GSE71145,0.011739983696713622,-0.3039013280142412,
GSE77801,0.011739983696713622,-0.3039013280142412,
GSE43631,0.011739983696713622,-0.3039013280142412,
GSE43078,0.011739983696713622,-0.3039013280142412,
GSE43366,0.011739983696713622,-0.3039013280142412,
GSE92317,0.011739983696713622,-0.3039013280142412,
GSE79108,0.011739983696713622,-0.3039013280142412,
GSE44698,0.011739983696713622,-0.3039013280142412,
GSE44775,0.011739983696713622,-0.3039013280142412,
GSE92323,0.011739983696713622,-0.3039013280142412,
GSE92361,0.011739983696713622,-0.3039013280142412,
GSE91402,0.011739983696713622,-0.3039013280142412,
GSE92263,0.011739983696713622,-0.3039013280142412,
GSE92275,0.011739983696713622,-0.3039013280142412,
GSE69162,0.011739983696713622,-0.3039013280142412,
GSE42398,0.011739983696713622,-0.3039013280142412,
GSE42443,0.011739983696713622,-0.3039013280142412,
GSE92891,0.011739983696713622,-0.3039013280142412,
GSE92707,0.011739983696713622,-0.3039013280142412,
GSE92761,0.011739983696713622,-0.3039013280142412,
GSE68812,0.011739983696713622,-0.3039013280142412,
GSE95682,0.011739983696713622,-0.3039013280142412,
GSE67658,0.011739983696713622,-0.3039013280142412,
GSE92620,0.011739983696713622,-0.3039013280142412,
GSE92629,0.011739983696713622,-0.3039013280142412,
GSE92486,0.011739983696713622,-0.3039013280142412,
GSE92522,0.011739983696713622,-0.3039013280142412,
GSE92539,0.011739983696713622,-0.3039013280142412,
GSE79018,0.011739983696713622,-0.3039013280142412,
GSE104331,0.011739983696713622,-0.3039013280142412,
GSE97027,0.011739983696713622,-0.3039013280142412,
GSE85193,0.011739983696713622,-0.3039013280142412,
GSE96889,0.011739983696713622,-0.3039013280142412,
GSE96679,0.011739983696713622,-0.3039013280142412,
GSE96680,0.011739983696713622,-0.3039013280142412,
GSE55188,0.011739983696713622,-0.3039013280142412,
GSE104875,0.011739983696713622,-0.3039013280142412,
GSE106674,0.011739983696713622,-0.3039013280142412,
GSE55776,0.011739983696713622,-0.3039013280142412,
GSE55581,0.011739983696713622,-0.3039013280142412,
GSE55590,0.011739983696713622,-0.3039013280142412,
GSE79352,0.011739983696713622,-0.3039013280142412,
GSE43617,0.011739983696713622,-0.3039013280142412,
GSE68602,0.011739983696713622,-0.3039013280142412,
GSE68617,0.011739983696713622,-0.3039013280142412,
GSE68284,0.011739983696713622,-0.3039013280142412,
GSE68318,0.011739983696713622,-0.3039013280142412,
GSE68283,0.011739983696713622,-0.3039013280142412,
GSE78706,0.011739983696713622,-0.3039013280142412,
GSE79124,0.011739983696713622,-0.3039013280142412,
GSE79020,0.011739983696713622,-0.3039013280142412,
GSE44366,0.011739983696713622,-0.3039013280142412,
GSE43575,0.011739983696713622,-0.3039013280142412,
GSE79487,0.011739983696713622,-0.3039013280142412,
GSE79180,0.011739983696713622,-0.3039013280142412,
GSE68140,0.011739983696713622,-0.3039013280142412,
GSE79095,0.011739983696713622,-0.3039013280142412,
GSE102659,0.011739983696713622,-0.3039013280142412,
GSE58282,0.011739983696713622,-0.3039013280142412,
GSE58313,0.011739983696713622,-0.3039013280142412,
GSE68998,0.011739983696713622,-0.3039013280142412,
GSE68884,0.011739983696713622,-0.3039013280142412,
GSE68911,0.011739983696713622,-0.3039013280142412,
GSE68958,0.011739983696713622,-0.3039013280142412,
GSE97891,0.011739983696713622,-0.3039013280142412,
GSE97732,0.011739983696713622,-0.3039013280142412,
GSE69709,0.011739983696713622,-0.3039013280142412,
GSE95685,0.011739983696713622,-0.3039013280142412,
GSE95533,0.011739983696713622,-0.3039013280142412,
GSE95583,0.011739983696713622,-0.3039013280142412,
GSE92562,0.011739983696713622,-0.3039013280142412,
GSE93573,0.011739983696713622,-0.3039013280142412,
GSE69168,0.011739983696713622,-0.3039013280142412,
GSE69190,0.011739983696713622,-0.3039013280142412,
GSE102827,0.011739983696713622,-0.3039013280142412,
GSE102856,0.011739983696713622,-0.3039013280142412,
GSE78130,0.011739983696713622,-0.3039013280142412,
GSE78143,0.011739983696713622,-0.3039013280142412,
GSE78146,0.011739983696713622,-0.3039013280142412,
GSE78156,0.011739983696713622,-0.3039013280142412,
GSE77997,0.011739983696713622,-0.3039013280142412,
GSE78105,0.011739983696713622,-0.3039013280142412,
GSE102443,0.011739983696713622,-0.3039013280142412,
GSE77896,0.011739983696713622,-0.3039013280142412,
GSE42912,0.011739983696713622,-0.3039013280142412,
GSE78209,0.011739983696713622,-0.3039013280142412,
GSE78845,0.011739983696713622,-0.3039013280142412,
GSE78849,0.011739983696713622,-0.3039013280142412,
GSE68150,0.011739983696713622,-0.3039013280142412,
GSE68160,0.011739983696713622,-0.3039013280142412,
GSE67934,0.011739983696713622,-0.3039013280142412,
GSE67972,0.011739983696713622,-0.3039013280142412,
GSE67750,0.011739983696713622,-0.3039013280142412,
GSE67828,0.011739983696713622,-0.3039013280142412,
GSE78708,0.011739983696713622,-0.3039013280142412,
GSE68511,0.011739983696713622,-0.3039013280142412,
GSE67672,0.011739983696713622,-0.3039013280142412,
GSE67688,0.011739983696713622,-0.3039013280142412,
GSE102772,0.011739983696713622,-0.3039013280142412,
GSE78907,0.011739983696713622,-0.3039013280142412,
GSE78965,0.011739983696713622,-0.3039013280142412,
GSE58318,0.011739983696713622,-0.3039013280142412,
GSE58088,0.011739983696713622,-0.3039013280142412,
GSE58108,0.011739983696713622,-0.3039013280142412,
GSE58174,0.011739983696713622,-0.3039013280142412,
GSE85641,0.011739983696713622,-0.3039013280142412,
GSE85721,0.011739983696713622,-0.3039013280142412,
GSE85723,0.011739983696713622,-0.3039013280142412,
GSE85727,0.011739983696713622,-0.3039013280142412,
GSE69731,0.011739983696713622,-0.3039013280142412,
GSE69616,0.011739983696713622,-0.3039013280142412,
GSE102688,0.011739983696713622,-0.3039013280142412,
GSE78902,0.011739983696713622,-0.3039013280142412,
GSE73611,0.011739983696713622,-0.3039013280142412,
GSE73653,0.011739983696713622,-0.3039013280142412,
GSE73436,0.011739983696713622,-0.3039013280142412,
GSE99787,0.011739983696713622,-0.3039013280142412,
GSE99658,0.011739983696713622,-0.3039013280142412,
GSE21580,0.011739983696713622,-0.3039013280142412,
GSE122108,0.011739983696713622,-0.3039013280142412,
GSE124829,0.011739983696713622,-0.3039013280142412,
GSE95251,0.011739983696713622,-0.3039013280142412,
GSE95260,0.011739983696713622,-0.3039013280142412,
GSE95056,0.011739983696713622,-0.3039013280142412,
GSE95102,0.011739983696713622,-0.3039013280142412,
GSE95111,0.011739983696713622,-0.3039013280142412,
GSE70800,0.011739983696713622,-0.3039013280142412,
GSE94749,0.011739983696713622,-0.3039013280142412,
GSE75477,0.011739983696713622,-0.3039013280142412,
GSE75510,0.011739983696713622,-0.3039013280142412,
GSE75386,0.011739983696713622,-0.3039013280142412,
GSE75413,0.011739983696713622,-0.3039013280142412,
GSE20846,0.011739983696713622,-0.3039013280142412,
GSE21161,0.011739983696713622,-0.3039013280142412,
GSE72552,0.011739983696713622,-0.3039013280142412,
GSE72442,0.011739983696713622,-0.3039013280142412,
GSE72321,0.011739983696713622,-0.3039013280142412,
GSE72196,0.011739983696713622,-0.3039013280142412,
GSE72207,0.011739983696713622,-0.3039013280142412,
GSE72275,0.011739983696713622,-0.3039013280142412,
GSE72293,0.011739983696713622,-0.3039013280142412,
GSE94685,0.011739983696713622,-0.3039013280142412,
GSE72726,0.011739983696713622,-0.3039013280142412,
GSE72550,0.011739983696713622,-0.3039013280142412,
GSE98063,0.011739983696713622,-0.3039013280142412,
GSE72003,0.011739983696713622,-0.3039013280142412,
GSE71843,0.011739983696713622,-0.3039013280142412,
GSE71534,0.011739983696713622,-0.3039013280142412,
GSE72487,0.011739983696713622,-0.3039013280142412,
GSE75210,0.011739983696713622,-0.3039013280142412,
GSE75074,0.011739983696713622,-0.3039013280142412,
GSE75077,0.011739983696713622,-0.3039013280142412,
GSE75832,0.011739983696713622,-0.3039013280142412,
GSE75809,0.011739983696713622,-0.3039013280142412,
GSE75715,0.011739983696713622,-0.3039013280142412,
GSE74630,0.011739983696713622,-0.3039013280142412,
GSE75737,0.011739983696713622,-0.3039013280142412,
GSE101826,0.011739983696713622,-0.3039013280142412,
GSE98197,0.011739983696713622,-0.3039013280142412,
GSE98232,0.011739983696713622,-0.3039013280142412,
GSE114997,0.011739983696713622,-0.3039013280142412,
GSE116177,0.011739983696713622,-0.3039013280142412,
GSE109556,0.011739983696713622,-0.3039013280142412,
GSE29898,0.011739983696713622,-0.3039013280142412,
GSE27623,0.011739983696713622,-0.3039013280142412,
GSE28207,0.011739983696713622,-0.3039013280142412,
GSE29362,0.011739983696713622,-0.3039013280142412,
GSE71586,0.011739983696713622,-0.3039013280142412,
GSE100244,0.011739983696713622,-0.3039013280142412,
GSE99409,0.011739983696713622,-0.3039013280142412,
GSE75735,0.011739983696713622,-0.3039013280142412,
GSE108045,0.011739983696713622,-0.3039013280142412,
GSE108080,0.011739983696713622,-0.3039013280142412,
GSE95145,0.011739983696713622,-0.3039013280142412,
GSE74923,0.011739983696713622,-0.3039013280142412,
GSE74973,0.011739983696713622,-0.3039013280142412,
GSE72901,0.011739983696713622,-0.3039013280142412,
GSE95631,0.011739983696713622,-0.3039013280142412,
GSE86396,0.011739983696713622,-0.3039013280142412,
GSE86288,0.011739983696713622,-0.3039013280142412,
GSE94967,0.011739983696713622,-0.3039013280142412,
GSE95016,0.011739983696713622,-0.3039013280142412,
GSE109099,0.011739983696713622,-0.3039013280142412,
GSE109125,0.011739983696713622,-0.3039013280142412,
GSE72311,0.011739983696713622,-0.3039013280142412,
GSE108678,0.011739983696713622,-0.3039013280142412,
GSE57654,0.011739983696713622,-0.3039013280142412,
GSE86073,0.011739983696713622,-0.3039013280142412,
GSE85798,0.011739983696713622,-0.3039013280142412,
GSE56185,0.011739983696713622,-0.3039013280142412,
GSE55808,0.011739983696713622,-0.3039013280142412,
GSE56096,0.011739983696713622,-0.3039013280142412,
GSE56127,0.011739983696713622,-0.3039013280142412,
GSE99670,0.011739983696713622,-0.3039013280142412,
GSE74804,0.011739983696713622,-0.3039013280142412,
GSE74672,0.011739983696713622,-0.3039013280142412,
GSE74547,0.011739983696713622,-0.3039013280142412,
GSE86338,0.011739983696713622,-0.3039013280142412,
GSE57712,0.011739983696713622,-0.3039013280142412,
GSE108402,0.011739983696713622,-0.3039013280142412,
GSE57043,0.011739983696713622,-0.3039013280142412,
GSE56902,0.011739983696713622,-0.3039013280142412,
GSE56904,0.011739983696713622,-0.3039013280142412,
GSE100608,0.011739983696713622,-0.3039013280142412,
GSE86261,0.011739983696713622,-0.3039013280142412,
GSE86079,0.011739983696713622,-0.3039013280142412,
GSE57423,0.011739983696713622,-0.3039013280142412,
GSE101537,0.011739983696713622,-0.3039013280142412,
GSE101596,0.011739983696713622,-0.3039013280142412,
GSE73238,0.011739983696713622,-0.3039013280142412,
GSE73271,0.011739983696713622,-0.3039013280142412,
GSE73279,0.011739983696713622,-0.3039013280142412,
GSE73308,0.011739983696713622,-0.3039013280142412,
GSE109362,0.011739983696713622,-0.3039013280142412,
GSE73697,0.011739983696713622,-0.3039013280142412,
GSE73698,0.011739983696713622,-0.3039013280142412,
GSE98875,0.011739983696713622,-0.3039013280142412,
GSE98765,0.011739983696713622,-0.3039013280142412,
GSE98782,0.011739983696713622,-0.3039013280142412,
GSE101753,0.011739983696713622,-0.3039013280142412,
GSE101767,0.011739983696713622,-0.3039013280142412,
GSE101815,0.011739983696713622,-0.3039013280142412,
GSE108769,0.011739983696713622,-0.3039013280142412,
GSE108836,0.011739983696713622,-0.3039013280142412,
GSE98901,0.011739983696713622,-0.3039013280142412,
GSE100570,0.011739983696713622,-0.3039013280142412,
GSE100356,0.011739983696713622,-0.3039013280142412,
GSE100222,0.011739983696713622,-0.3039013280142412,
GSE57249,0.011739983696713622,-0.3039013280142412,
GSE37646,0.011739983696713622,-0.3039013280142412,
GSE37952,0.011739983696713622,-0.3039013280142412,
GSE37150,0.011739983696713622,-0.3039013280142412,
GSE93591,0.011739983696713622,-0.3039013280142412,
GSE58928,0.011739983696713622,-0.3039013280142412,
GSE58993,0.011739983696713622,-0.3039013280142412,
GSE58996,0.011739983696713622,-0.3039013280142412,
GSE58843,0.011739983696713622,-0.3039013280142412,
GSE105138,0.011739983696713622,-0.3039013280142412,
GSE85646,0.011739983696713622,-0.3039013280142412,
GSE85690,0.011739983696713622,-0.3039013280142412,
GSE85702,0.011739983696713622,-0.3039013280142412,
GSE56473,0.011739983696713622,-0.3039013280142412,
GSE72710,0.011739983696713622,-0.3039013280142412,
GSE57910,0.011739983696713622,-0.3039013280142412,
GSE57959,0.011739983696713622,-0.3039013280142412,
GSE57967,0.011739983696713622,-0.3039013280142412,
GSE86609,0.011739983696713622,-0.3039013280142412,
GSE86817,0.011739983696713622,-0.3039013280142412,
GSE86837,0.011739983696713622,-0.3039013280142412,
GSE71508,0.011739983696713622,-0.3039013280142412,
GSE71257,0.011739983696713622,-0.3039013280142412,
GSE71310,0.011739983696713622,-0.3039013280142412,
GSE32190,0.011739983696713622,-0.3039013280142412,
GSE32916,0.011739983696713622,-0.3039013280142412,
GSE30765,0.011739983696713622,-0.3039013280142412,
GSE31234,0.011739983696713622,-0.3039013280142412,
GSE94383,0.011739983696713622,-0.3039013280142412,
GSE56933,0.011739983696713622,-0.3039013280142412,
GSE93574,0.011739983696713622,-0.3039013280142412,
GSE93585,0.011739983696713622,-0.3039013280142412,
GSE86297,0.011739983696713622,-0.3039013280142412,
GSE70283,0.011739983696713622,-0.3039013280142412,
GSE70352,0.011739983696713622,-0.3039013280142412,
GSE70238,0.011739983696713622,-0.3039013280142412,
GSE70895,0.011739983696713622,-0.3039013280142412,
GSE70896,0.011739983696713622,-0.3039013280142412,
GSE70788,0.011739983696713622,-0.3039013280142412,
GSE104294,0.011739983696713622,-0.3039013280142412,
GSE70235,0.011739983696713622,-0.3039013280142412,
GSE70236,0.011739983696713622,-0.3039013280142412,
GSE77243,0.011739983696713622,-0.3039013280142412,
GSE70844,0.011739983696713622,-0.3039013280142412,
GSE40978,0.011739983696713622,-0.3039013280142412,
GSE70360,0.011739983696713622,-0.3039013280142412,
GSE70368,0.011739983696713622,-0.3039013280142412,
GSE70383,0.011739983696713622,-0.3039013280142412,
GSE93682,0.011739983696713622,-0.3039013280142412,
GSE71025,0.011739983696713622,-0.3039013280142412,
GSE71028,0.011739983696713622,-0.3039013280142412,
GSE93796,0.011739983696713622,-0.3039013280142412,
GSE38669,0.011739983696713622,-0.3039013280142412,
GSE37379,0.011739983696713622,-0.3039013280142412,
GSE94059,0.011739983696713622,-0.3039013280142412,
GSE85576,0.011739983696713622,-0.3039013280142412,
GSE85450,0.011739983696713622,-0.3039013280142412,
GSE93394,0.011739983696713622,-0.3039013280142412,
GSE77081,0.011739983696713622,-0.3039013280142412,
GSE75995,0.011739983696713622,-0.3039013280142412,
GSE71889,0.011739983696713622,-0.3039013280142412,
GSE71916,0.011739983696713622,-0.3039013280142412,
GSE71948,0.011739983696713622,-0.3039013280142412,
GSE98413,0.011739983696713622,-0.3039013280142412,
GSE98418,0.011739983696713622,-0.3039013280142412,
GSE98423,0.011739983696713622,-0.3039013280142412,
GSE98436,0.011739983696713622,-0.3039013280142412,
GSE31843,0.011739983696713622,-0.3039013280142412,
GSE32110,0.011739983696713622,-0.3039013280142412,
GSE102161,0.011739983696713622,-0.3039013280142412,
GSE102123,0.011739983696713622,-0.3039013280142412,
GSE102159,0.011739983696713622,-0.3039013280142412,
GSE36005,0.011739983696713622,-0.3039013280142412,
GSE101986,0.011739983696713622,-0.3039013280142412,
GSE94761,0.011739983696713622,-0.3039013280142412,
GSE94413,0.011739983696713622,-0.3039013280142412,
GSE94144,0.011739983696713622,-0.3039013280142412,
GSE94641,0.011739983696713622,-0.3039013280142412,
GSE33922,0.011739983696713622,-0.3039013280142412,
GSE34030,0.011739983696713622,-0.3039013280142412,
GSE33060,0.011739983696713622,-0.3039013280142412,
GSE33343,0.011739983696713622,-0.3039013280142412,
GSE33473,0.011739983696713622,-0.3039013280142412,
GSE75049,0.011739983696713622,-0.3039013280142412,
GSE72095,0.011739983696713622,-0.3039013280142412,
GSE72761,0.011739983696713622,-0.3039013280142412,
GSE72700,0.011739983696713622,-0.3039013280142412,
GSE101984,0.011739983696713622,-0.3039013280142412,
GSE36025,0.011739983696713622,-0.3039013280142412,
GSE36567,0.011739983696713622,-0.3039013280142412,
GSE35681,0.011739983696713622,-0.3039013280142412,
GSE76288,0.011739983696713622,-0.3039013280142412,
GSE76198,0.011739983696713622,-0.3039013280142412,
GSE76215,0.011739983696713622,-0.3039013280142412,
GSE71493,0.011739983696713622,-0.3039013280142412,
GSE35350,0.011739983696713622,-0.3039013280142412,
GSE94121,0.011739983696713622,-0.3039013280142412,
GSE93947,0.011739983696713622,-0.3039013280142412,
GSE93974,0.011739983696713622,-0.3039013280142412,
GSE94018,0.011739983696713622,-0.3039013280142412,
GSE76183,0.011739983696713622,-0.3039013280142412,
GSE75631,0.011739983696713622,-0.3039013280142412,
GSE93918,0.011739983696713622,-0.3039013280142412,
GSE93941,0.011739983696713622,-0.3039013280142412,
GSE93729,0.011739983696713622,-0.3039013280142412,
GSE76005,0.011739983696713622,-0.3039013280142412,
GSE76010,0.011739983696713622,-0.3039013280142412,
GSE35838,0.011739983696713622,-0.3039013280142412,
GSE34854,0.011739983696713622,-0.3039013280142412,
GSE26248,0.011739983696713622,-0.3039013280142412,
GSE21699,0.011739983696713622,-0.3039013280142412,
GSE94843,0.011739983696713622,-0.3039013280142412,
GSE94852,0.011739983696713622,-0.3039013280142412,
GSE94939,0.011739983696713622,-0.3039013280142412,
GSE94768,0.011739983696713622,-0.3039013280142412,
GSE94813,0.011739983696713622,-0.3039013280142412,
GSE94257,0.011739983696713622,-0.3039013280142412,
GSE83229,0.011739983696713622,-0.3039013280142412,
GSE63243,0.011739983696713622,-0.3039013280142412,
GSE63268,0.011739983696713622,-0.3039013280142412,
GSE63271,0.011739983696713622,-0.3039013280142412,
GSE63166,0.011739983696713622,-0.3039013280142412,
GSE83368,0.011739983696713622,-0.3039013280142412,
GSE89430,0.011739983696713622,-0.3039013280142412,
GSE52514,0.011739983696713622,-0.3039013280142412,
GSE83636,0.011739983696713622,-0.3039013280142412,
GSE83688,0.011739983696713622,-0.3039013280142412,
GSE83720,0.011739983696713622,-0.3039013280142412,
GSE83541,0.011739983696713622,-0.3039013280142412,
GSE62641,0.011739983696713622,-0.3039013280142412,
GSE45152,0.011739983696713622,-0.3039013280142412,
GSE52123,0.011739983696713622,-0.3039013280142412,
GSE51735,0.011739983696713622,-0.3039013280142412,
GSE52038,0.011739983696713622,-0.3039013280142412,
GSE89196,0.011739983696713622,-0.3039013280142412,
GSE62573,0.011739983696713622,-0.3039013280142412,
GSE62205,0.011739983696713622,-0.3039013280142412,
GSE62268,0.011739983696713622,-0.3039013280142412,
GSE53398,0.011739983696713622,-0.3039013280142412,
GSE53207,0.011739983696713622,-0.3039013280142412,
GSE83373,0.011739983696713622,-0.3039013280142412,
GSE83350,0.011739983696713622,-0.3039013280142412,
GSE52619,0.011739983696713622,-0.3039013280142412,
GSE52313,0.011739983696713622,-0.3039013280142412,
GSE52080,0.011739983696713622,-0.3039013280142412,
GSE88791,0.011739983696713622,-0.3039013280142412,
GSE88818,0.011739983696713622,-0.3039013280142412,
GSE88761,0.011739983696713622,-0.3039013280142412,
GSE61613,0.011739983696713622,-0.3039013280142412,
GSE83848,0.011739983696713622,-0.3039013280142412,
GSE88777,0.011739983696713622,-0.3039013280142412,
GSE88789,0.011739983696713622,-0.3039013280142412,
GSE87890,0.011739983696713622,-0.3039013280142412,
GSE88706,0.011739983696713622,-0.3039013280142412,
GSE87758,0.011739983696713622,-0.3039013280142412,
GSE87836,0.011739983696713622,-0.3039013280142412,
GSE84302,0.011739983696713622,-0.3039013280142412,
GSE84308,0.011739983696713622,-0.3039013280142412,
GSE83218,0.011739983696713622,-0.3039013280142412,
GSE54619,0.011739983696713622,-0.3039013280142412,
GSE54443,0.011739983696713622,-0.3039013280142412,
GSE54473,0.011739983696713622,-0.3039013280142412,
GSE60691,0.011739983696713622,-0.3039013280142412,
GSE85019,0.011739983696713622,-0.3039013280142412,
GSE84945,0.011739983696713622,-0.3039013280142412,
GSE84946,0.011739983696713622,-0.3039013280142412,
GSE84989,0.011739983696713622,-0.3039013280142412,
GSE84410,0.011739983696713622,-0.3039013280142412,
GSE84450,0.011739983696713622,-0.3039013280142412,
GSE84462,0.011739983696713622,-0.3039013280142412,
GSE84299,0.011739983696713622,-0.3039013280142412,
GSE62659,0.011739983696713622,-0.3039013280142412,
GSE62571,0.011739983696713622,-0.3039013280142412,
GSE84329,0.011739983696713622,-0.3039013280142412,
GSE49114,0.011739983696713622,-0.3039013280142412,
GSE49313,0.011739983696713622,-0.3039013280142412,
GSE48965,0.011739983696713622,-0.3039013280142412,
GSE48966,0.011739983696713622,-0.3039013280142412,
GSE89771,0.011739983696713622,-0.3039013280142412,
GSE89733,0.011739983696713622,-0.3039013280142412,
GSE81789,0.011739983696713622,-0.3039013280142412,
GSE81783,0.011739983696713622,-0.3039013280142412,
GSE89640,0.011739983696713622,-0.3039013280142412,
GSE89660,0.011739983696713622,-0.3039013280142412,
GSE64296,0.011739983696713622,-0.3039013280142412,
GSE64359,0.011739983696713622,-0.3039013280142412,
GSE64080,0.011739983696713622,-0.3039013280142412,
GSE63751,0.011739983696713622,-0.3039013280142412,
GSE63809,0.011739983696713622,-0.3039013280142412,
GSE49669,0.011739983696713622,-0.3039013280142412,
GSE50809,0.011739983696713622,-0.3039013280142412,
GSE50856,0.011739983696713622,-0.3039013280142412,
GSE50927,0.011739983696713622,-0.3039013280142412,
GSE83145,0.011739983696713622,-0.3039013280142412,
GSE82282,0.011739983696713622,-0.3039013280142412,
GSE89734,0.011739983696713622,-0.3039013280142412,
GSE50050,0.011739983696713622,-0.3039013280142412,
GSE50068,0.011739983696713622,-0.3039013280142412,
GSE89574,0.011739983696713622,-0.3039013280142412,
GSE89585,0.011739983696713622,-0.3039013280142412,
GSE89619,0.011739983696713622,-0.3039013280142412,
GSE89621,0.011739983696713622,-0.3039013280142412,
GSE64091,0.011739983696713622,-0.3039013280142412,
GSE63756,0.011739983696713622,-0.3039013280142412,
GSE63647,0.011739983696713622,-0.3039013280142412,
GSE63412,0.011739983696713622,-0.3039013280142412,
GSE63467,0.011739983696713622,-0.3039013280142412,
GSE50983,0.011739983696713622,-0.3039013280142412,
GSE50590,0.011739983696713622,-0.3039013280142412,
GSE50763,0.011739983696713622,-0.3039013280142412,
GSE83358,0.011739983696713622,-0.3039013280142412,
GSE83264,0.011739983696713622,-0.3039013280142412,
GSE83311,0.011739983696713622,-0.3039013280142412,
GSE83204,0.011739983696713622,-0.3039013280142412,
GSE104189,0.011739983696713622,-0.3039013280142412,
GSE82157,0.011739983696713622,-0.3039013280142412,
GSE83217,0.011739983696713622,-0.3039013280142412,
GSE103958,0.011739983696713622,-0.3039013280142412,
GSE103976,0.011739983696713622,-0.3039013280142412,
GSE104064,0.011739983696713622,-0.3039013280142412,
GSE103799,0.011739983696713622,-0.3039013280142412,
GSE103849,0.011739983696713622,-0.3039013280142412,
GSE103880,0.011739983696713622,-0.3039013280142412,
GSE97344,0.011739983696713622,-0.3039013280142412,
GSE97354,0.011739983696713622,-0.3039013280142412,
GSE62917,0.011739983696713622,-0.3039013280142412,
GSE97234,0.011739983696713622,-0.3039013280142412,
GSE97261,0.011739983696713622,-0.3039013280142412,
GSE97120,0.011739983696713622,-0.3039013280142412,
GSE97126,0.011739983696713622,-0.3039013280142412,
GSE97148,0.011739983696713622,-0.3039013280142412,
GSE82068,0.011739983696713622,-0.3039013280142412,
GSE74176,0.011739983696713622,-0.3039013280142412,
GSE98668,0.011739983696713622,-0.3039013280142412,
GSE74113,0.011739983696713622,-0.3039013280142412,
GSE73984,0.011739983696713622,-0.3039013280142412,
GSE86199,0.011739983696713622,-0.3039013280142412,
GSE101125,0.011739983696713622,-0.3039013280142412,
GSE101487,0.011739983696713622,-0.3039013280142412,
GSE101527,0.011739983696713622,-0.3039013280142412,
GSE99296,0.011739983696713622,-0.3039013280142412,
GSE73909,0.011739983696713622,-0.3039013280142412,
GSE73693,0.011739983696713622,-0.3039013280142412,
GSE57206,0.011739983696713622,-0.3039013280142412,
GSE57231,0.011739983696713622,-0.3039013280142412,
GSE52957,0.011739983696713622,-0.3039013280142412,
GSE73711,0.011739983696713622,-0.3039013280142412,
GSE73743,0.011739983696713622,-0.3039013280142412,
GSE100039,0.011739983696713622,-0.3039013280142412,
GSE100067,0.011739983696713622,-0.3039013280142412,
GSE100070,0.011739983696713622,-0.3039013280142412,
GSE99440,0.011739983696713622,-0.3039013280142412,
GSE95629,0.011739983696713622,-0.3039013280142412,
GSE83885,0.011739983696713622,-0.3039013280142412,
GSE83931,0.011739983696713622,-0.3039013280142412,
GSE83940,0.011739983696713622,-0.3039013280142412,
GSE62001,0.011739983696713622,-0.3039013280142412,
GSE84160,0.011739983696713622,-0.3039013280142412,
GSE84175,0.011739983696713622,-0.3039013280142412,
GSE84208,0.011739983696713622,-0.3039013280142412,
GSE72833,0.011739983696713622,-0.3039013280142412,
GSE57482,0.011739983696713622,-0.3039013280142412,
GSE100732,0.011739983696713622,-0.3039013280142412,
GSE72937,0.011739983696713622,-0.3039013280142412,
GSE100225,0.011739983696713622,-0.3039013280142412,
GSE73803,0.011739983696713622,-0.3039013280142412,
GSE56905,0.011739983696713622,-0.3039013280142412,
GSE98844,0.011739983696713622,-0.3039013280142412,
GSE108917,0.011739983696713622,-0.3039013280142412,
GSE74423,0.011739983696713622,-0.3039013280142412,
GSE99412,0.011739983696713622,-0.3039013280142412,
GSE99121,0.011739983696713622,-0.3039013280142412,
GSE99233,0.011739983696713622,-0.3039013280142412,
GSE99250,0.011739983696713622,-0.3039013280142412,
GSE74157,0.011739983696713622,-0.3039013280142412,
GSE100981,0.011739983696713622,-0.3039013280142412,
GSE100990,0.011739983696713622,-0.3039013280142412,
GSE100888,0.011739983696713622,-0.3039013280142412,
GSE100727,0.011739983696713622,-0.3039013280142412,
GSE98585,0.011739983696713622,-0.3039013280142412,
GSE99783,0.011739983696713622,-0.3039013280142412,
GSE98473,0.011739983696713622,-0.3039013280142412,
GSE98479,0.011739983696713622,-0.3039013280142412,
GSE99924,0.011739983696713622,-0.3039013280142412,
GSE74381,0.011739983696713622,-0.3039013280142412,
GSE99849,0.011739983696713622,-0.3039013280142412,
GSE109404,0.011739983696713622,-0.3039013280142412,
GSE74456,0.011739983696713622,-0.3039013280142412,
GSE74215,0.011739983696713622,-0.3039013280142412,
GSE100964,0.011739983696713622,-0.3039013280142412,
GSE85234,0.011739983696713622,-0.3039013280142412,
GSE84994,0.011739983696713622,-0.3039013280142412,
GSE83809,0.011739983696713622,-0.3039013280142412,
GSE83624,0.011739983696713622,-0.3039013280142412,
GSE54390,0.011739983696713622,-0.3039013280142412,
GSE53743,0.011739983696713622,-0.3039013280142412,
GSE61845,0.011739983696713622,-0.3039013280142412,
GSE61602,0.011739983696713622,-0.3039013280142412,
GSE60334,0.011739983696713622,-0.3039013280142412,
GSE60361,0.011739983696713622,-0.3039013280142412,
GSE61024,0.011739983696713622,-0.3039013280142412,
GSE61031,0.011739983696713622,-0.3039013280142412,
GSE83865,0.011739983696713622,-0.3039013280142412,
GSE84252,0.011739983696713622,-0.3039013280142412,
GSE83868,0.011739983696713622,-0.3039013280142412,
GSE83762,0.011739983696713622,-0.3039013280142412,
GSE83795,0.011739983696713622,-0.3039013280142412,
GSE84112,0.011739983696713622,-0.3039013280142412,
GSE84138,0.011739983696713622,-0.3039013280142412,
GSE84139,0.011739983696713622,-0.3039013280142412,
GSE61329,0.011739983696713622,-0.3039013280142412,
GSE61425,0.011739983696713622,-0.3039013280142412,
GSE61209,0.011739983696713622,-0.3039013280142412,
GSE61239,0.011739983696713622,-0.3039013280142412,
GSE60968,0.011739983696713622,-0.3039013280142412,
GSE53218,0.011739983696713622,-0.3039013280142412,
GSE53053,0.011739983696713622,-0.3039013280142412,
GSE52801,0.011739983696713622,-0.3039013280142412,
GSE83867,0.011739983696713622,-0.3039013280142412,
GSE62040,0.011739983696713622,-0.3039013280142412,
GSE61875,0.011739983696713622,-0.3039013280142412,
GSE61890,0.011739983696713622,-0.3039013280142412,
GSE61891,0.011739983696713622,-0.3039013280142412,
GSE61915,0.011739983696713622,-0.3039013280142412,
GSE61748,0.011739983696713622,-0.3039013280142412,
GSE84063,0.011739983696713622,-0.3039013280142412,
GSE83876,0.011739983696713622,-0.3039013280142412,
GSE60756,0.011739983696713622,-0.3039013280142412,
GSE53793,0.011739983696713622,-0.3039013280142412,
GSE53794,0.011739983696713622,-0.3039013280142412,
GSE87694,0.011739983696713622,-0.3039013280142412,
GSE87623,0.011739983696713622,-0.3039013280142412,
GSE85209,0.011739983696713622,-0.3039013280142412,
GSE87542,0.011739983696713622,-0.3039013280142412,
GSE87544,0.011739983696713622,-0.3039013280142412,
GSE60537,0.011739983696713622,-0.3039013280142412,
GSE87550,0.011739983696713622,-0.3039013280142412,
GSE87565,0.011739983696713622,-0.3039013280142412,
GSE87512,0.011739983696713622,-0.3039013280142412,
GSE54984,0.011739983696713622,-0.3039013280142412,
GSE55090,0.011739983696713622,-0.3039013280142412,
GSE54794,0.011739983696713622,-0.3039013280142412,
GSE59813,0.011739983696713622,-0.3039013280142412,
GSE59956,0.011739983696713622,-0.3039013280142412,
GSE59383,0.011739983696713622,-0.3039013280142412,
GSE59486,0.011739983696713622,-0.3039013280142412,
GSE59547,0.011739983696713622,-0.3039013280142412,
GSE87519,0.011739983696713622,-0.3039013280142412,
GSE80960,0.011739983696713622,-0.3039013280142412,
GSE97764,0.011739983696713622,-0.3039013280142412,
GSE97804,0.011739983696713622,-0.3039013280142412,
GSE102992,0.011739983696713622,-0.3039013280142412,
GSE103086,0.011739983696713622,-0.3039013280142412,
GSE104086,0.011739983696713622,-0.3039013280142412,
GSE80587,0.011739983696713622,-0.3039013280142412,
GSE97445,0.011739983696713622,-0.3039013280142412,
GSE103492,0.011739983696713622,-0.3039013280142412,
GSE103545,0.011739983696713622,-0.3039013280142412,
GSE103341,0.011739983696713622,-0.3039013280142412,
GSE67169,0.011739983696713622,-0.3039013280142412,
GSE79993,0.011739983696713622,-0.3039013280142412,
GSE51572,0.011739983696713622,-0.3039013280142412,
GSE79883,0.011739983696713622,-0.3039013280142412,
GSE79902,0.011739983696713622,-0.3039013280142412,
GSE79758,0.011739983696713622,-0.3039013280142412,
GSE66471,0.011739983696713622,-0.3039013280142412,
GSE66484,0.011739983696713622,-0.3039013280142412,
GSE46213,0.011739983696713622,-0.3039013280142412,
GSE79790,0.011739983696713622,-0.3039013280142412,
GSE79796,0.011739983696713622,-0.3039013280142412,
GSE79696,0.011739983696713622,-0.3039013280142412,
GSE79723,0.011739983696713622,-0.3039013280142412,
GSE79739,0.011739983696713622,-0.3039013280142412,
GSE67130,0.011739983696713622,-0.3039013280142412,
GSE67133,0.011739983696713622,-0.3039013280142412,
GSE79824,0.011739983696713622,-0.3039013280142412,
GSE65530,0.011739983696713622,-0.3039013280142412,
GSE65160,0.011739983696713622,-0.3039013280142412,
GSE90134,0.011739983696713622,-0.3039013280142412,
GSE65543,0.011739983696713622,-0.3039013280142412,
GSE90758,0.011739983696713622,-0.3039013280142412,
GSE90797,0.011739983696713622,-0.3039013280142412,
GSE90806,0.011739983696713622,-0.3039013280142412,
GSE90725,0.011739983696713622,-0.3039013280142412,
GSE90516,0.011739983696713622,-0.3039013280142412,
GSE90533,0.011739983696713622,-0.3039013280142412,
GSE80155,0.011739983696713622,-0.3039013280142412,
GSE80162,0.011739983696713622,-0.3039013280142412,
GSE47494,0.011739983696713622,-0.3039013280142412,
GSE80708,0.011739983696713622,-0.3039013280142412,
GSE47656,0.011739983696713622,-0.3039013280142412,
GSE47089,0.011739983696713622,-0.3039013280142412,
GSE47370,0.011739983696713622,-0.3039013280142412,
GSE97870,0.011739983696713622,-0.3039013280142412,
GSE97579,0.011739983696713622,-0.3039013280142412,
GSE97718,0.011739983696713622,-0.3039013280142412,
GSE46807,0.011739983696713622,-0.3039013280142412,
GSE80204,0.011739983696713622,-0.3039013280142412,
GSE80222,0.011739983696713622,-0.3039013280142412,
GSE80121,0.011739983696713622,-0.3039013280142412,
GSE103377,0.011739983696713622,-0.3039013280142412,
GSE103435,0.011739983696713622,-0.3039013280142412,
GSE103127,0.011739983696713622,-0.3039013280142412,
GSE103180,0.011739983696713622,-0.3039013280142412,
GSE47496,0.011739983696713622,-0.3039013280142412,
GSE66364,0.011739983696713622,-0.3039013280142412,
GSE66366,0.011739983696713622,-0.3039013280142412,
GSE67266,0.011739983696713622,-0.3039013280142412,
GSE67270,0.011739983696713622,-0.3039013280142412,
GSE79602,0.011739983696713622,-0.3039013280142412,
GSE66232,0.011739983696713622,-0.3039013280142412,
GSE66286,0.011739983696713622,-0.3039013280142412,
GSE79937,0.011739983696713622,-0.3039013280142412,
GSE79975,0.011739983696713622,-0.3039013280142412,
GSE66619,0.011739983696713622,-0.3039013280142412,
GSE66706,0.011739983696713622,-0.3039013280142412,
GSE66716,0.011739983696713622,-0.3039013280142412,
GSE91043,0.011739983696713622,-0.3039013280142412,
GSE45684,0.011739983696713622,-0.3039013280142412,
GSE67602,0.011739983696713622,-0.3039013280142412,
GSE91078,0.011739983696713622,-0.3039013280142412,
GSE45254,0.011739983696713622,-0.3039013280142412,
GSE57567,0.011739983696713622,-0.3039013280142412,
GSE44668,0.011739983696713622,-0.3039013280142412,
GSE106102,0.011739983696713622,-0.3039013280142412,
GSE67525,0.011739983696713622,-0.3039013280142412,
GSE67355,0.011739983696713622,-0.3039013280142412,
GSE44831,0.011739983696713622,-0.3039013280142412,
GSE44573,0.011739983696713622,-0.3039013280142412,
GSE44591,0.011739983696713622,-0.3039013280142412,
GSE44665,0.011739983696713622,-0.3039013280142412,
GSE90988,0.011739983696713622,-0.3039013280142412,
GSE105158,0.011739983696713622,-0.3039013280142412,
GSE90937,0.011739983696713622,-0.3039013280142412,
GSE65950,0.011739983696713622,-0.3039013280142412,
GSE90822,0.011739983696713622,-0.3039013280142412,
GSE90854,0.011739983696713622,-0.3039013280142412,
GSE90855,0.011739983696713622,-0.3039013280142412,
GSE46494,0.011739983696713622,-0.3039013280142412,
GSE47454,0.011739983696713622,-0.3039013280142412,
GSE46240,0.011739983696713622,-0.3039013280142412,
GSE46316,0.011739983696713622,-0.3039013280142412,
GSE46340,0.011739983696713622,-0.3039013280142412,
GSE45914,0.011739983696713622,-0.3039013280142412,
GSE46038,0.011739983696713622,-0.3039013280142412,
GSE45568,0.011739983696713622,-0.3039013280142412,
GSE58746,0.011739983696713622,-0.3039013280142412,
GSE66547,0.011739983696713622,-0.3039013280142412,
GSE55735,0.011739983696713622,-0.3039013280142412,
GSE55744,0.011739983696713622,-0.3039013280142412,
GSE55376,0.011739983696713622,-0.3039013280142412,
GSE55377,0.011739983696713622,-0.3039013280142412,
GSE55163,0.011739983696713622,-0.3039013280142412,
GSE55180,0.011739983696713622,-0.3039013280142412,
GSE79661,0.011739983696713622,-0.3039013280142412,
GSE79580,0.011739983696713622,-0.3039013280142412,
GSE79443,0.011739983696713622,-0.3039013280142412,
GSE90952,0.011739983696713622,-0.3039013280142412,
GSE90958,0.011739983696713622,-0.3039013280142412,
GSE90890,0.011739983696713622,-0.3039013280142412,
GSE67516,0.011739983696713622,-0.3039013280142412,
GSE66534,0.011739983696713622,-0.3039013280142412,
GSE58797,0.011739983696713622,-0.3039013280142412,
GSE89952,0.011739983696713622,-0.3039013280142412,
GSE63472,0.011739983696713622,-0.3039013280142412,
GSE63482,0.011739983696713622,-0.3039013280142412,
GSE81380,0.011739983696713622,-0.3039013280142412,
GSE64824,0.011739983696713622,-0.3039013280142412,
GSE64608,0.011739983696713622,-0.3039013280142412,
GSE64622,0.011739983696713622,-0.3039013280142412,
GSE64706,0.011739983696713622,-0.3039013280142412,
GSE63813,0.011739983696713622,-0.3039013280142412,
GSE63853,0.011739983696713622,-0.3039013280142412,
GSE81587,0.011739983696713622,-0.3039013280142412,
GSE59168,0.011739983696713622,-0.3039013280142412,
GSE59318,0.011739983696713622,-0.3039013280142412,
GSE65529,0.011739983696713622,-0.3039013280142412,
GSE60283,0.011739983696713622,-0.3039013280142412,
GSE64452,0.011739983696713622,-0.3039013280142412,
GSE81237,0.011739983696713622,-0.3039013280142412,
GSE81411,0.011739983696713622,-0.3039013280142412,
GSE81329,0.011739983696713622,-0.3039013280142412,
GSE60050,0.011739983696713622,-0.3039013280142412,
GSE84878,0.011739983696713622,-0.3039013280142412,
GSE84914,0.011739983696713622,-0.3039013280142412,
GSE84794,0.011739983696713622,-0.3039013280142412,
GSE84803,0.011739983696713622,-0.3039013280142412,
GSE60745,0.011739983696713622,-0.3039013280142412,
GSE59571,0.011739983696713622,-0.3039013280142412,
GSE59622,0.011739983696713622,-0.3039013280142412,
GSE87144,0.011739983696713622,-0.3039013280142412,
GSE60425,0.011739983696713622,-0.3039013280142412,
GSE51619,0.011739983696713622,-0.3039013280142412,
GSE64428,0.011739983696713622,-0.3039013280142412,
GSE106161,0.011739983696713622,-0.3039013280142412,
GSE106188,0.011739983696713622,-0.3039013280142412,
GSE87354,0.011739983696713622,-0.3039013280142412,
GSE87366,0.011739983696713622,-0.3039013280142412,
GSE87202,0.011739983696713622,-0.3039013280142412,
GSE87299,0.011739983696713622,-0.3039013280142412,
GSE87321,0.011739983696713622,-0.3039013280142412,
GSE81066,0.011739983696713622,-0.3039013280142412,
GSE90070,0.011739983696713622,-0.3039013280142412,
GSE90097,0.011739983696713622,-0.3039013280142412,
GSE64478,0.011739983696713622,-0.3039013280142412,
GSE96059,0.011739983696713622,-0.3039013280142412,
GSE64526,0.011739983696713622,-0.3039013280142412,
GSE64559,0.011739983696713622,-0.3039013280142412,
GSE64403,0.011739983696713622,-0.3039013280142412,
GSE81925,0.011739983696713622,-0.3039013280142412,
GSE81990,0.011739983696713622,-0.3039013280142412,
GSE81803,0.011739983696713622,-0.3039013280142412,
GSE81849,0.011739983696713622,-0.3039013280142412,
GSE81716,0.011739983696713622,-0.3039013280142412,
GSE81257,0.011739983696713622,-0.3039013280142412,
GSE81097,0.011739983696713622,-0.3039013280142412,
GSE81055,0.011739983696713622,-0.3039013280142412,
GSE96552,0.011739983696713622,-0.3039013280142412,
GSE96054,0.011739983696713622,-0.3039013280142412,
GSE96055,0.011739983696713622,-0.3039013280142412,
GSE64489,0.011739983696713622,-0.3039013280142412,
GSE106488,0.011739983696713622,-0.3039013280142412,
GSE81470,0.011739983696713622,-0.3039013280142412,
GSE81476,0.011739983696713622,-0.3039013280142412,
GSE65444,0.011739983696713622,-0.3039013280142412,
GSE65457,0.011739983696713622,-0.3039013280142412,
GSE65267,0.011739983696713622,-0.3039013280142412,
GSE65321,0.011739983696713622,-0.3039013280142412,
GSE65348,0.011739983696713622,-0.3039013280142412,
GSE65361,0.011739983696713622,-0.3039013280142412,
GSE66145,0.011739983696713622,-0.3039013280142412,
GSE66008,0.011739983696713622,-0.3039013280142412,
GSE66040,0.011739983696713622,-0.3039013280142412,
GSE66068,0.011739983696713622,-0.3039013280142412,
GSE97032,0.011739983696713622,-0.3039013280142412,
GSE102867,0.011739983696713622,-0.3039013280142412,
GSE65072,0.011739983696713622,-0.3039013280142412,
GSE65818,0.011739983696713622,-0.3039013280142412,
GSE65873,0.011739983696713622,-0.3039013280142412,
GSE65686,0.011739983696713622,-0.3039013280142412,
GSE65713,0.011739983696713622,-0.3039013280142412,
GSE80425,0.011739983696713622,-0.3039013280142412,
GSE80444,0.011739983696713622,-0.3039013280142412,
GSE66128,0.011739983696713622,-0.3039013280142412,
GSE90470,0.011739983696713622,-0.3039013280142412,
GSE65796,0.011739983696713622,-0.3039013280142412,
GSE65636,0.011739983696713622,-0.3039013280142412,
GSE65651,0.011739983696713622,-0.3039013280142412,
GSE65504,0.011739983696713622,-0.3039013280142412,
GSE103183,0.011739983696713622,-0.3039013280142412,
GSE97037,0.011739983696713622,-0.3039013280142412,
GSE97054,0.011739983696713622,-0.3039013280142412,
GSE104657,0.011739983696713622,-0.3039013280142412,
GSE104658,0.011739983696713622,-0.3039013280142412,
GSE104734,0.011739983696713622,-0.3039013280142412,
GSE104424,0.011739983696713622,-0.3039013280142412,
GSE90046,0.011739983696713622,-0.3039013280142412,
GSE90055,0.011739983696713622,-0.3039013280142412,
GSE89899,0.011739983696713622,-0.3039013280142412,
GSE89900,0.011739983696713622,-0.3039013280142412,
GSE106692,0.011739983696713622,-0.3039013280142412,
GSE48109,0.011739983696713622,-0.3039013280142412,
GSE47926,0.011739983696713622,-0.3039013280142412,
GSE106700,0.011739983696713622,-0.3039013280142412,
GSE106594,0.011739983696713622,-0.3039013280142412,
GSE106386,0.011739983696713622,-0.3039013280142412,
GSE106423,0.011739983696713622,-0.3039013280142412,
GSE106436,0.011739983696713622,-0.3039013280142412,
GSE106467,0.011739983696713622,-0.3039013280142412,
GSE106210,0.011739983696713622,-0.3039013280142412,
GSE90108,0.011739983696713622,-0.3039013280142412,
GSE89984,0.011739983696713622,-0.3039013280142412,
GSE65118,0.011739983696713622,-0.3039013280142412,
GSE65141,0.011739983696713622,-0.3039013280142412,
GSE106294,0.011739983696713622,-0.3039013280142412,
GSE96627,0.011739983696713622,-0.3039013280142412,
GSE96638,0.011739983696713622,-0.3039013280142412,
GSE96518,0.011739983696713622,-0.3039013280142412,
GSE48005,0.011739983696713622,-0.3039013280142412,
GSE67609,0.011739023113198884,-0.3040193763699546,"early,normal"
GSE64425,0.011738961194165792,-0.304026986076206,
GSE77188,0.011738959669593181,-0.3040271734431674,samples
GSE59148,0.011738866953833,-0.30403856807262547,
GSE77703,0.011738813643346568,-0.30404511989311583,
GSE62786,0.011738811856489813,-0.3040453394970428,
GSE85136,0.011738732567356488,-0.30405508413109655,
GSE109165,0.011738669895041015,-0.30406278660490116,
GSE89010,0.011738662605198574,-0.3040636825345847,
GSE62122,0.011738565483149785,-0.3040756189946833,
GSE106586,0.011738525201221064,-0.30408056973918424,
GSE48083,0.011738491842465759,-0.30408466962212594,samples
GSE71527,0.011738442504566893,-0.3040907334071986,
GSE87046,0.011738434382920623,-0.3040917315858621,
GSE95830,0.011738377898043205,-0.3040986737934805,samples
GSE66870,0.011738351334949708,-0.30410193851088446,
GSE83253,0.011738324132641647,-0.30410528179813956,
GSE98690,0.01173830294298903,-0.3041078861080901,
GSE82210,0.01173829551852118,-0.30410879861191525,
GSE92238,0.011738256792487942,-0.3041135582423213,
GSE107740,0.011738246550104676,-0.3041148170869908,
GSE107655,0.01173824298926858,-0.3041152547333918,
GSE83474,0.011738236083260587,-0.30411610352025226,
GSE71126,0.011738229975237336,-0.304116854230758,
GSE52261,0.011738218311367992,-0.30411828778716776,
GSE107632,0.011738198951552155,-0.30412066722266584,
GSE74683,0.011738153631710027,-0.30412623731378274,
GSE84481,0.011738119237931359,-0.30413046453794207,
GSE82230,0.01173807765265312,-0.30413557566177263,samples
GSE49581,0.011738064921716087,-0.3041371403872949,
GSE82229,0.011737829835023247,-0.3041660345708362,samples
GSE90976,0.011737794235412933,-0.3041704101206494,samples
GSE81251,0.011737717856079539,-0.3041797979529646,
GSE75229,0.011737714429755368,-0.3041802190860733,
GSE102014,0.011737700236170122,-0.3041819636358792,
GSE76410,0.011737627736988181,-0.30419087462620675,
GSE96938,0.011737530783637769,-0.30420279140348566,
GSE27016,0.011737448792516836,-0.3042128692127705,
GSE72136,0.011737419388383553,-0.30421648339257695,
GSE97353,0.011737204871588608,-0.30424285078511426,
GSE108161,0.011737135360998293,-0.3042513948023639,
GSE98142,0.011737088237054051,-0.3042571871541648,
GSE96644,0.011737067623089577,-0.30425972097599824,
GSE102564,0.011736938394854856,-0.30427560551937216,
GSE102562,0.01173693171563286,-0.3042764265242091,
GSE102563,0.011736925735644287,-0.30427716158020707,
GSE56461,0.011736905815623136,-0.30427961013792687,
GSE72664,0.011736810626555117,-0.3042913107816419,
GSE85936,0.011736764993884844,-0.30429691998478753,
GSE93325,0.011736764292782358,-0.30429700616501787,
GSE81672,0.011736736574063215,-0.30430041338227737,
GSE43650,0.011736689360548279,-0.30430621694108057,
GSE83993,0.01173657678353689,-0.30432005517688926,
GSE101823,0.011736551382167804,-0.3043231775923554,
GSE99363,0.011736312992253656,-0.3043524815530023,
GSE67294,0.011736175817015249,-0.3043693440201906,
GSE75300,0.01173588095086779,-0.3044055915406268,
GSE27201,0.011735805357800812,-0.304414884246862,
GSE27218,0.011735777029056383,-0.3044183667337629,
GSE75484,0.011735563168270543,-0.3044446571707458,
GSE121654,0.011735510417795319,-0.30445114199119766,
GSE70814,0.011735482385520163,-0.3044545881193348,
GSE86235,0.011735373823838264,-0.30446793415142753,
GSE39866,0.011735211827917971,-0.30448784935203843,
GSE84492,0.011735182998948249,-0.3044913935115601,
GSE84148,0.011735072913994985,-0.30450492715318217,
GSE45148,0.011735060759947777,-0.3045064213571674,
GSE111778,0.01173487222500572,-0.30452959981499433,
GSE82014,0.0117347258404622,-0.30454759656588976,
GSE93787,0.011734719859943265,-0.3045483318252666,
GSE40969,0.011734589116294842,-0.30456440585739086,
GSE38324,0.011734473187307087,-0.3045786586787065,
GSE54458,0.01173437049853361,-0.3045912838072587,
GSE82013,0.011734297997066488,-0.3046001976071271,
GSE86366,0.011734180474620938,-0.3046146466946207,
GSE75038,0.011734160768435293,-0.30461706953448053,
GSE98401,0.011734100296824541,-0.3046245044349791,
GSE45703,0.011733899701729623,-0.30464916759747185,
GSE72343,0.011733896194526382,-0.3046495988117832,
GSE36232,0.011733696344748058,-0.3046741707642436,
GSE98299,0.011733566606380525,-0.3046901225946591,
GSE92967,0.01173309630198079,-0.3047479498049401,"cancer,tissue"
GSE82099,0.011732805828143194,-0.3047836667496971,
GSE95138,0.01173253532071051,-0.30481692940112826,tissues
GSE72826,0.011732530559923968,-0.30481751481292046,
GSE101091,0.011732523147566667,-0.30481842627651656,
GSE94673,0.011732083316480825,-0.3048725113196578,
GSE39652,0.011731983046509863,-0.30488484157713475,"early,pathways"
GSE71333,0.01173189369638467,-0.3048958291035295,tissues
GSE69800,0.011731836459669453,-0.30490286763701546,"early,profile"
GSE38604,0.011731634015144137,-0.30492776299194996,tissues
GSE64840,0.011730963377249094,-0.30501023689281404,tissues
GSE93678,0.011730932888927601,-0.30501398640647,
GSE93524,0.011730515422180576,-0.30506532826718935,tissues
GSE89806,0.011730452382987217,-0.30507308125780724,
GSE100464,0.011730392956201405,-0.3050803900080205,tissues
GSE22131,0.011730079494293893,-0.3051189425086537,
GSE80102,0.011729842783055729,-0.3051480561711285,"sample,tissue"
GSE95224,0.011729254509981583,-0.30522041178109377,
GSE80101,0.011729180491101584,-0.30522951611146387,"sample,tissue"
GSE67868,0.011729042468785717,-0.30524649302493045,"early,pathways"
GSE106107,0.01172810284647256,-0.30536207302701573,"cancer,tissue,tissues"
GSE107289,0.011727860014995593,-0.3053919444733233,"cancer,tissue,tissues"
GSE70732,0.011727501801723468,-0.3054360105180387,
GSE96526,0.011727116844032989,-0.3054833680606571,tissues
GSE80436,0.011726756605648729,-0.30552768603923447,cancer
GSE65487,0.011725622871181075,-0.305667171509957,tissues
GSE55788,0.011725301794628587,-0.30570667660893697,tissues
GSE55790,0.011724881514598481,-0.3057583892891569,tissues
GSE97184,0.011724703796440224,-0.3057802568916921,ec
GSE56890,0.011723318429422503,-0.3059507328584369,tissues
GSE46433,0.011722754883591936,-0.3060200856037238,early
GSE35599,0.011721961978109673,-0.30611767013113267,early
GSE100835,0.01172181145591932,-0.30613619595575536,early
GSE94661,0.011721586243568515,-0.3061639148679906,"pathways,tissue"
GSE77471,0.011721327783877928,-0.3061957264860734,early
GSE79510,0.011721310372187519,-0.3061978695690524,early
GSE94791,0.011721280177708212,-0.30620158600350234,early
GSE40064,0.011720633197196833,-0.30628122076373954,early
GSE41974,0.011720468769911483,-0.3063014602925379,early
GSE79105,0.011720399619165087,-0.306309972216008,tissues
GSE99491,0.011720176898317117,-0.30633738777574365,tissues
GSE73289,0.011720032319724709,-0.30635518478568924,early
GSE69376,0.011719681551678147,-0.3063983637531537,"pathways,tissue"
GSE36026,0.0117196231009494,-0.3064055590669865,tissues
GSE77453,0.011719323072201044,-0.3064424933202762,early
GSE78082,0.01171889167343717,-0.30649560119253644,early
GSE98255,0.011718519131133845,-0.3065414650414106,early
GSE89549,0.011718334056478121,-0.3065642502067973,cancer
GSE75787,0.011717890224431357,-0.30661889333405684,early
GSE62874,0.011716178534685784,-0.3068296502740704,early
GSE84996,0.011715697277353825,-0.30688891207384067,"cancer,cancers"
GSE93043,0.0117145049970168,-0.30703573939619294,early
GSE81357,0.011713414355974236,-0.307170063097835,"early,outcomes"
GSE77744,0.011712993792512191,-0.3072218631704106,early
GSE80044,0.011712810380525874,-0.30724445428925967,early
GSE80354,0.011711517185316607,-0.3074037490491167,"cancers,tissue"
GSE64008,0.011710538651837864,-0.30752429571741613,early
GSE55782,0.01171051562868547,-0.3075271320874095,tissues
GSE109522,0.011709720634673139,-0.30762507592594895,cancer
GSE52464,0.011709063469421096,-0.30770604418170466,early
GSE105054,0.011707999828118773,-0.3078371033169774,early
GSE85519,0.011705447321979348,-0.30815166511047726,early
GSE73272,0.011704626028983582,-0.3082528929293594,"lymphid,sample"
GSE92618,0.011703044791742846,-0.30844780707922265,"profile,tissue"
GSE75851,0.011702902388848857,-0.30846536192948215,early
GSE60188,0.011702276600242013,-0.30854250913868525,early
GSE72069,0.01170179310068679,-0.30860211778107977,"adenocarcinoma,carcinomas,squamous"
GSE46688,0.011700887880737487,-0.30871372519336415,tissue
GSE87212,0.01169994415913576,-0.3088300887887448,tissue
GSE69926,0.011697922290457137,-0.30907942262689814,"cancer,tissues"
GSE54226,0.011695497731958954,-0.30937847240507055,tissue
GSE81489,0.011695289018128819,-0.30940421847431787,ovary
GSE54006,0.011693307696594376,-0.30964864893706434,tissues
GSE71744,0.011690931948034179,-0.309941793442088,early
GSE71529,0.011688840282170567,-0.3101999341927306,proliferative
GSE65864,0.011688558559001389,-0.31023470629221506,proliferative
GSE53789,0.011687541709218117,-0.31036021945512493,tissue
GSE66137,0.011686228626400919,-0.31052231380648027,tissue
GSE66138,0.011686017724962057,-0.31054835036757045,tissue
GSE89636,0.01168561076556446,-0.3105985923355236,proliferative
GSE35005,0.011684412948953015,-0.3107464812814526,"profile,stage"
GSE90466,0.011683017295342381,-0.3109188153827384,proliferative
GSE67610,0.011680758325914326,-0.3111977946071891,early
GSE103471,0.01168050923478241,-0.31122856027860024,early
GSE71912,0.011679390647427065,-0.3113667270036057,proliferative
GSE78760,0.011678768662941166,-0.31144355959316067,"cancer,carcinoma"
GSE65344,0.011676406200786459,-0.31173542745254496,"early,samples"
GSE61608,0.01167619128099267,-0.3117619824189411,early
GSE76602,0.011676088680173965,-0.3117746596986401,early
GSE82187,0.01167529547578013,-0.31187267119450657,tissue
GSE95487,0.011674086593135943,-0.31202205835963104,stage
GSE101696,0.0116733248167937,-0.31211620249683875,stage
GSE54461,0.011671817605780874,-0.31230248928982024,"early,sample,samples,stage"
GSE76988,0.011667651821342431,-0.31281749299488215,
GSE93313,0.011667184227692433,-0.3128753117032438,adenocarcinoma
GSE99078,0.011665305808406051,-0.3131076046296169,"tissue,tissues"
GSE87631,0.011664272849368745,-0.3132353604629645,proliferative
GSE86144,0.01166149356223319,-0.31357915742259224,"alterations,cancer"
GSE56613,0.011661267976475894,-0.31360706590614096,cancers
GSE97721,0.011659615510254448,-0.31381151826561204,stage
GSE100771,0.011658293703013434,-0.3139750805075115,cancer
GSE79791,0.011655796227724682,-0.31428417215452076,"tissue,tissues"
GSE79374,0.011654457307066624,-0.31444990644760906,"sample,stage,tissue,tissues"
GSE102227,0.011653517145196779,-0.31456629295479116,"early,tissue"
GSE88836,0.011646622766799734,-0.31542006343439166,"alterations,cancer,tissue"
GSE76097,0.01164541918312681,-0.315569161929191,"samples,tissue"
GSE74890,0.011644032454556624,-0.3157409672996869,cancer
GSE63800,0.011643918997095248,-0.31575502474198447,cancer
GSE86927,0.011641749038679556,-0.3160239101567818,tissue
GSE78184,0.011641204846763335,-0.3160913503091636,"normal,pathways"
GSE67991,0.011640934823274201,-0.3161248147204451,
GSE81559,0.01163994394541975,-0.3162476223328047,"plus,sample"
GSE75066,0.011639252193886082,-0.31633336296589787,early
GSE90752,0.011635394753313493,-0.3168115751981329,stage
GSE106901,0.011635196982979558,-0.31683609733175516,"adenocarcinoma,normal,profile"
GSE36882,0.011634429008094596,-0.31693132478052355,normal
GSE76102,0.011631135381377451,-0.31733979963061204,"pathways,tissue"
GSE37076,0.011630474488465933,-0.3174217773554212,tissue
GSE80976,0.01162947958537383,-0.31754519477520265,"profile,sample"
GSE72574,0.01162660180622551,-0.3179022418337624,profile
GSE57849,0.011625704573600662,-0.3180135798694729,
GSE72964,0.011625457136844741,-0.3180442859292527,tissue
GSE98048,0.011625005168789945,-0.3181003753147285,"cancer,pathways"
GSE85513,0.01162492263303256,-0.3181106182650628,stage
GSE60440,0.011624916706921826,-0.31811135371707544,
GSE71042,0.01162460123658634,-0.3181505052805347,sample
GSE65850,0.011624265627967655,-0.3181921572795513,"early,lymph,node,pathways,tissue"
GSE76132,0.011622993135163606,-0.31835009582004836,"alterations,normal"
GSE72238,0.011622388869399789,-0.31842510179077077,
GSE107653,0.011622326170458447,-0.3184328846740274,"alterations,plus"
GSE58818,0.01162122183154158,-0.3185699742680848,pathways
GSE38808,0.01162007538033851,-0.3187123053481061,pathways
GSE67541,0.011619925421078413,-0.3187309237193125,pathways
GSE80083,0.011619616728162524,-0.3187692506137132,"normal,tissues"
GSE68470,0.011618509951231981,-0.3189066749089073,
GSE92870,0.01161827567585549,-0.31893576567294835,"normal,tissues"
GSE65658,0.011618259475266632,-0.31893777737641915,"node,tissue"
GSE71133,0.011618070445672314,-0.3189612502793463,"alterations,profile"
GSE98415,0.011618062085289347,-0.3189622884454896,profile
GSE85061,0.0116177156717483,-0.3190053056496502,"normal,pathways,tissues"
GSE76466,0.01161674126635669,-0.31912631298206695,normal
GSE80312,0.011616517364571734,-0.31915411984290765,pathways
GSE79086,0.01161499875638398,-0.31934273331894925,profile
GSE41879,0.011614860763780648,-0.3193598734350431,peritoneal
GSE90921,0.011613005655985819,-0.3195903168837213,pathways
GSE39522,0.01161257089393385,-0.31964432880933,
GSE70731,0.011612286923031479,-0.3196796085441604,profile
GSE43660,0.011612250258531853,-0.3196841636998883,
GSE75889,0.011612090358328896,-0.3197040296873584,"sample,samples"
GSE52899,0.01161128283874087,-0.31980436003090046,
GSE84264,0.01161031857061635,-0.3199241747514797,"adenocarcinoma,cancers,profile,tissues"
GSE68831,0.01161002239306941,-0.31996097816266866,
GSE80128,0.011609719490984072,-0.31999861814493885,pathways
GSE56986,0.011609490164164694,-0.3200271159853033,
GSE49538,0.011608639276921682,-0.3201328584232987,
GSE88982,0.011607775143832773,-0.32024025489719166,pathways
GSE97450,0.011607121033664384,-0.32032155454972205,normal
GSE85642,0.011607029807936783,-0.32033289340124504,"ec,tissue"
GSE67305,0.011606593423072464,-0.32038713485019765,pathways
GSE86922,0.011606438483417563,-0.3204063939174895,
GSE53506,0.011606347248333433,-0.32041773459886663,pathways
GSE81741,0.01160632813208562,-0.3204201107933784,pathways
GSE79519,0.011605690158096309,-0.320499414703906,
GSE82072,0.011605629746060431,-0.3205069245004132,profile
GSE82300,0.011604583000900491,-0.32063705118807506,
GSE28532,0.011604575689845454,-0.32063796010709156,
GSE96707,0.011603518911841791,-0.32076934602329227,
GSE83963,0.01160294143359148,-0.3208411471507124,alterations
GSE85976,0.011602940073007861,-0.32084131632396623,fibrocystic
GSE37236,0.011601606057911228,-0.321007195626724,peritoneal
GSE42629,0.011601602155331233,-0.32100768092451154,
GSE95835,0.011601388016387465,-0.3210343100089493,"ec,profile"
GSE45358,0.011601234705548306,-0.32105337516292115,peritoneal
GSE87681,0.011601174581285316,-0.32106085205680585,"cancer,samples"
GSE80588,0.011600242398176613,-0.321176780833918,
GSE75599,0.011599737976088723,-0.32123951599430073,
GSE90531,0.011599194823441086,-0.3213070711390227,tissues
GSE104478,0.011598736720859374,-0.3213640505573539,
GSE74549,0.011598159040449113,-0.32143590643598957,
GSE60641,0.01159812372191808,-0.3214402997148693,alterations
GSE60642,0.01159812372191808,-0.3214402997148693,alterations
GSE82073,0.01159789106022748,-0.3214692408817375,profile
GSE100385,0.011597656613893732,-0.3214984046305583,normal
GSE45319,0.011597645573242344,-0.3214997780373695,
GSE95734,0.011597281949603183,-0.3215450118946853,
GSE98906,0.011597182442530284,-0.32155739056902594,
GSE74822,0.01159626577812034,-0.3216714285668684,profile
GSE43735,0.011595677075374762,-0.32174467111814153,
GSE101722,0.011595598814434803,-0.32175440811325234,"early,pathways"
GSE58242,0.011595157677053384,-0.32180929435319305,
GSE98838,0.01159482848818403,-0.3218502533383328,plus
GSE87119,0.011594512857765521,-0.3218895264192514,
GSE100807,0.01159444342170914,-0.32189816631256896,profile
GSE63857,0.011594203092761745,-0.32192807072121005,
GSE41545,0.011593982085649835,-0.3219555714386581,
GSE67583,0.011593779632754403,-0.3219807638476373,
GSE41985,0.011593275104699713,-0.3220435471662474,
GSE106471,0.011592561936342907,-0.32213229828186907,
GSE83736,0.011592510575536185,-0.3221386901515616,
GSE63792,0.01159231915761944,-0.3221625124252129,pathways
GSE87578,0.011592156818293209,-0.3221827161288588,pathways
GSE70069,0.011592058150469372,-0.3221949958269495,
GSE104365,0.011591623537538311,-0.32224908679738806,
GSE42573,0.011591522626105855,-0.32226164630265514,"outcomes,pathways"
GSE69750,0.011590732407343185,-0.3223600012460304,pathways
GSE34274,0.011590648297226079,-0.3223704704454612,profile
GSE47124,0.011589479978567702,-0.32251589910883965,early
GSE104236,0.0115890790821798,-0.32256580481948194,
GSE56122,0.01158884485933764,-0.3225949629212782,
GSE73859,0.011587822322717468,-0.32272226409883054,
GSE68251,0.011587635150928255,-0.32274556735507964,
GSE39656,0.011586517651804988,-0.3228847060289555,
GSE41976,0.011586224501363767,-0.3229212081127408,
GSE52125,0.01158610835144859,-0.3229356709557951,
GSE41979,0.011586063973254358,-0.322941196911657,
GSE100098,0.011585598622741904,-0.3229991434551041,
GSE62292,0.01158410915329386,-0.32318463135248976,"pathways,tissue"
GSE62294,0.01158410915329386,-0.32318463135248976,"pathways,tissue"
GSE41785,0.011583907140225022,-0.3232097904553603,
GSE101928,0.011583872863798089,-0.32321405935217695,"plus,sample,samples"
GSE64545,0.011583633788857696,-0.32324383486803976,alterations
GSE50459,0.011583184480092408,-0.3232997955545754,
GSE66312,0.011583065507979114,-0.3233146137040769,tissues
GSE50172,0.011582829410471934,-0.32334402044221383,
GSE89210,0.011582425572575356,-0.32339432119920536,
GSE89242,0.011582190762318326,-0.3234235692202804,
GSE72184,0.011581449562479673,-0.32351589713738704,samples
GSE67245,0.011580908384551126,-0.32358331296056697,
GSE47885,0.011580673151081335,-0.32361261753631965,
GSE63948,0.011580627397142072,-0.32361831747369035,
GSE76749,0.011580460419099714,-0.32363911946671975,
GSE68265,0.011580408682625928,-0.3236455648167482,
GSE99112,0.01158039022752457,-0.32364786396742196,
GSE65849,0.011580308102535516,-0.323658095205941,
GSE72178,0.01158019735457082,-0.3236718924470897,"cancer,early"
GSE66211,0.011579619456775414,-0.32374389045040175,"pathways,peritoneal"
GSE103685,0.0115794817483995,-0.32376104752305873,
GSE76748,0.011579425963397597,-0.32376799782888493,
GSE100816,0.011579341331730983,-0.32377854223171715,early
GSE94098,0.011579190903940382,-0.32379728447542294,
GSE93309,0.011579076922486954,-0.32381148592424014,"cancer,pathways"
GSE87069,0.011578759962290212,-0.32385097811915464,
GSE100406,0.011578455197044134,-0.32388895188293865,"normal,tissues"
GSE78183,0.011578369282711711,-0.3238996569933422,
GSE63943,0.011577744757387457,-0.32397747657799875,
GSE70020,0.011577264290871863,-0.32403734843190435,tissue
GSE70699,0.011577241736849278,-0.32404015899296723,"carcinoma,pathways,tissue"
GSE58116,0.011577121445935477,-0.32405514909253824,plus
GSE106760,0.011577055122639448,-0.3240634140627905,
GSE77652,0.011576333198260024,-0.32415338074135996,
GSE79174,0.011575651730508216,-0.32423831083693216,"early,pathways,samples"
GSE58765,0.011575082280404558,-0.32430928420998884,
GSE60701,0.011574881996669997,-0.32433424738895267,
GSE103753,0.01157376828230804,-0.3244730675939185,"early,lymph"
GSE70721,0.011573613011180947,-0.32449242260278216,pathways
GSE80958,0.011573599338364554,-0.3244941269725444,
GSE77441,0.011573554617011,-0.32449970167733266,early
GSE89482,0.011573464813339105,-0.3245108961477471,"profile,sample"
GSE87478,0.011572054439718937,-0.3246867175676848,pathways
GSE59285,0.01157179936923812,-0.32471851770959764,
GSE81505,0.011571742295390722,-0.3247256333151344,early
GSE88700,0.0115716101527853,-0.3247421081523009,
GSE46363,0.011571375140539316,-0.32477140869391574,
GSE81311,0.011571248643117742,-0.324787180216151,array
GSE84681,0.01157123737210524,-0.324788585478648,
GSE89035,0.011570769910082565,-0.32484686954482994,
GSE74254,0.01157053613268905,-0.3248760182441888,
GSE71794,0.011569987911793287,-0.32494437586359776,
GSE65315,0.01156995172460787,-0.32494888815479345,"adenocarcinoma,cancer"
GSE77454,0.011569860615313562,-0.32496024891478126,
GSE77115,0.01156927951187685,-0.32503271098916736,
GSE76359,0.011569149398423751,-0.3250489362942015,
GSE69968,0.011568266803068446,-0.32515900182025165,tissue
GSE92344,0.01156796635029816,-0.32519647220005504,"alterations,early"
GSE60659,0.011567676224477939,-0.32523265559809417,sample
GSE98910,0.011567268805555513,-0.32528346888148385,
GSE54302,0.011567206968398434,-0.32529118136744917,pathways
GSE84919,0.011567088661297086,-0.3253059370419812,
GSE42880,0.011566714355139588,-0.3253526228062595,
GSE90574,0.011565889084840106,-0.32545556092751754,
GSE60808,0.011565736717243457,-0.3254745669392836,pathways
GSE101865,0.011565468190987194,-0.3255080629460689,pathways
GSE81017,0.011565319205289467,-0.32552664778052287,alterations
GSE98877,0.011565172271146432,-0.3255449769335988,pathways
GSE56932,0.011564838377797761,-0.3255866289921005,
GSE108044,0.011564711570960135,-0.3256024480284589,
GSE78691,0.011564056992142415,-0.3256841088926655,"pathways,plus"
GSE40652,0.011563675917664502,-0.3257316513181758,
GSE61755,0.011563195524418,-0.3257915868746335,
GSE104708,0.011563004727030219,-0.32581539212082006,"lymph,tissue,tissues"
GSE71185,0.011562457377232434,-0.3258836855746316,
GSE80353,0.011561774127071319,-0.32596894000734483,
GSE82275,0.011561392276129526,-0.3260165887117244,
GSE76186,0.01156106369813756,-0.32605759108968235,profile
GSE94857,0.011561012633667976,-0.3260639633943125,
GSE89945,0.011560829327129176,-0.326086838339565,
GSE96957,0.01156065423197604,-0.3261086889192196,
GSE69807,0.011560429159723938,-0.32613677675718616,profile
GSE64735,0.011559901129506585,-0.3262026743085288,"lymph,node"
GSE69969,0.011559728333338015,-0.32622423972123454,lymph
GSE82255,0.011559400494398268,-0.3262651557623309,
GSE48763,0.011559326935828543,-0.3262743364219565,
GSE96690,0.011559266056379143,-0.32628193467672684,
GSE76093,0.011557394595021498,-0.3265155279336858,tissue
GSE106083,0.011556332865622439,-0.3266480683681505,
GSE94597,0.011555853169898614,-0.32670795492677657,
GSE55310,0.01155547961088424,-0.32675459280289365,"early,profile"
GSE99977,0.01155533681867083,-0.32677242043947186,pathways
GSE79484,0.011554650663475729,-0.3268580901265116,"sample,samples"
GSE38841,0.011554612086351829,-0.32686290681200647,
GSE70419,0.01155459842668082,-0.32686461234319386,
GSE43725,0.011554277978846091,-0.3269046236785738,tissue
GSE79260,0.011554077988487973,-0.326929595173586,
GSE62202,0.011553895202775387,-0.3269524188144927,
GSE66352,0.011553524551208038,-0.32699870153959576,
GSE85422,0.011552451086840089,-0.32713275186022156,
GSE42120,0.011552152611038664,-0.3271700266444331,
GSE88998,0.011551965003015153,-0.3271934563351642,lymph
GSE57680,0.011551607527845266,-0.32723810117562685,
GSE72164,0.011551452110402117,-0.3272575115894865,early
GSE90869,0.011551395297636583,-0.32726460712136163,
GSE85131,0.011551383758260723,-0.3272660483159717,cancer
GSE70813,0.011551053123047977,-0.32730734316155496,"early,profile,tissue,tissues"
GSE25626,0.011550996465311152,-0.3273144195757609,
GSE64910,0.011550960446304208,-0.32731891828060167,
GSE49109,0.011550659593506511,-0.32735649476558853,profile
GSE57919,0.011550651007288896,-0.32735756719769327,alterations
GSE69654,0.011549864721355767,-0.32745577892856614,cancer
GSE44157,0.01154841221384739,-0.32763722323177796,
GSE44158,0.01154841221384739,-0.32763722323177796,
GSE53001,0.011547401993509496,-0.3277634313714461,"cancer,carcinoma,pathways"
GSE64515,0.011547168548754856,-0.32779259749854384,
GSE83823,0.011547113277897106,-0.3277995030167999,
GSE62899,0.011546557169747904,-0.3278689847798678,
GSE54133,0.011545827763824096,-0.32796012394218915,
GSE72744,0.011545005979782466,-0.32806281263461184,early
GSE55394,0.011544527641888298,-0.3281225882644875,pathways
GSE89434,0.011544144726490473,-0.3281704411801301,early
GSE99989,0.011544021273967824,-0.3281858693732754,proliferative
GSE34483,0.011543557465586874,-0.328243834226044,
GSE98469,0.011543471465628724,-0.3282545824010047,cancer
GSE99975,0.01154282118470006,-0.32833585634874723,pathways
GSE41285,0.011542235657589935,-0.3284090410988682,
GSE42564,0.011541654344466828,-0.3284817028174964,
GSE65924,0.01154071629646025,-0.3285989626283715,"pathways,samples"
GSE106447,0.011540688680158184,-0.3286024149227253,profile
GSE75775,0.011539527094650651,-0.32874763138595525,
GSE72596,0.011539300531795773,-0.3287759570108512,
GSE76157,0.011538796882823036,-0.32883892683564886,pathways
GSE73352,0.011538645904154857,-0.3288578038124332,
GSE77885,0.011537540825700049,-0.32899598012608744,
GSE82174,0.011537319845553201,-0.3290236125323276,
GSE70816,0.011534969753607498,-0.3293175119299449,
GSE40948,0.011534661071947979,-0.3293561196998565,
GSE84498,0.011533489262849557,-0.3295026908945192,
GSE75925,0.01153346730530729,-0.32950543751063616,
GSE77769,0.011532950598845845,-0.3295700725877205,
GSE103524,0.011531882789614761,-0.32970365457007905,"alterations,cancer,cancers"
GSE98517,0.011531846008522606,-0.32970825607226595,
GSE92965,0.01153155153690608,-0.3297450965022183,
GSE102415,0.01152974989696832,-0.32997051457035426,
GSE72846,0.011529221295126743,-0.3300366590005829,pathways
GSE55800,0.011529174394113577,-0.3300425279135827,profile
GSE71591,0.01152912176894897,-0.3300491131411701,early
GSE46104,0.011529034446647985,-0.3300600402464782,
GSE60930,0.011528969129527429,-0.33006821378028833,
GSE95168,0.011528735039635469,-0.3300975072714171,
GSE48480,0.01152839973329944,-0.33013946780059517,
GSE75426,0.011528203336611996,-0.3301640456212022,alterations
GSE103525,0.01152788834200753,-0.3302034661058301,"alterations,cancer,cancers"
GSE71698,0.01152769031677236,-0.3302282488301317,early
GSE48649,0.011527215322267113,-0.3302876958066665,
GSE97461,0.011526684245335385,-0.33035416456641997,
GSE33979,0.011526052341979339,-0.3304332565939424,tissue
GSE64787,0.011525337156166233,-0.33052277788083023,pathways
GSE90486,0.01152519699366417,-0.3305403229620274,pathways
GSE63497,0.011524075712113176,-0.3306806889818133,
GSE33252,0.01152371855905315,-0.33072540154237484,
GSE72148,0.011522746707381366,-0.3308470762176003,
GSE38371,0.011522727161989176,-0.3308495233827612,
GSE72105,0.011522619979324104,-0.3308629431762162,
GSE67681,0.011522413367775052,-0.3308888123040866,"alterations,cancer"
GSE83351,0.011522369513115843,-0.33089430325617647,
GSE58732,0.01152206795347785,-0.3309320614869791,
GSE76824,0.011521571253669602,-0.33099425533959403,"early,pathways"
GSE64568,0.011520977485308429,-0.33106860706864927,samples
GSE90809,0.011520918888663592,-0.33107594475366836,
GSE61033,0.011520786081620903,-0.33109257547280424,
GSE98739,0.011519751094786644,-0.3312221879347657,
GSE74371,0.011519500598351084,-0.3312535596103888,
GSE77656,0.01151927595813736,-0.33128169368439564,
GSE45278,0.011518616348786972,-0.3313643067226294,tissues
GSE46066,0.011516978891233084,-0.33156941120306704,tissues
GSE98969,0.01151564316613335,-0.33173674290978644,pathways
GSE84922,0.011515226381755237,-0.331788959154096,
GSE57745,0.011515211837455566,-0.33179078135033985,
GSE25432,0.011515194025424618,-0.3317930129505008,
GSE92589,0.011514172996073243,-0.3319209395219452,cancers
GSE103662,0.011513810448356655,-0.3319663664950984,
GSE52031,0.0115137561320072,-0.33197317241857477,early
GSE75976,0.011513346305217853,-0.3320245253908637,
GSE51606,0.011512783582194925,-0.33209503986452515,tissue
GSE96661,0.011512222553331924,-0.3321653454752026,alterations
GSE52071,0.011512101635520496,-0.332180498799615,
GSE86315,0.01151184299579814,-0.3322129118592199,"outcomes,pathways"
GSE66029,0.011511718899402161,-0.33222846403623624,pathways
GSE67363,0.01151151148353113,-0.33225445846391377,
GSE54447,0.011511408223670123,-0.33226739969737107,
GSE98082,0.011511194940542455,-0.33229413016815285,
GSE64899,0.01151119018774093,-0.33229472583564357,
GSE64893,0.01151119018774093,-0.33229472583564357,
GSE79169,0.01151007264624505,-0.33243479387508934,
GSE71629,0.011509987483764458,-0.332445468346635,"adenocarcinoma,cancer"
GSE40918,0.011509695803155605,-0.33248202889898454,
GSE89184,0.011509301061730454,-0.33253150903053824,
GSE77420,0.01150909618833606,-0.33255719021302,early
GSE74966,0.011508761566480298,-0.33259913653982937,
GSE70440,0.011508251453900057,-0.33266308375046655,
GSE74690,0.01150748390539214,-0.33275930821682737,"profile,sample"
GSE67403,0.01150743509585416,-0.332765427489147,"profile,tissue"
GSE67786,0.011506564952804013,-0.332874522045613,diseased
GSE93866,0.01150534025626082,-0.33302808287554664,
GSE86573,0.011504728268216797,-0.33310482424773885,"profile,tissue"
GSE60415,0.01150472140788539,-0.33310568453481565,"alterations,profile"
GSE49555,0.011504566854078394,-0.3331250657523803,"cancer,carcinoma"
GSE96107,0.01150446878128623,-0.333137364323528,
GSE44945,0.011504014699382437,-0.33319430868593214,ectopic
GSE77323,0.011503818838784843,-0.3332188713734527,carcinomas
GSE97118,0.01150335897748375,-0.33327654377673205,
GSE67379,0.01150280977679925,-0.33334542348570023,tissue
GSE45474,0.011502416719712435,-0.33339472197968145,
GSE65383,0.011502284167608685,-0.3334113474740688,"cancers,tissue"
GSE19066,0.011502106218314823,-0.3334336672625512,
GSE93824,0.011501147525902122,-0.33355391988469946,pathways
GSE83506,0.01150101121018828,-0.333571019323636,
GSE90116,0.0115009463028832,-0.3335791613652081,proliferative
GSE76303,0.011500923472610128,-0.33358202522993424,
GSE68190,0.011500412030040326,-0.3336461828662758,
GSE74138,0.011500127916451908,-0.33368182457434314,
GSE106709,0.011499591755343909,-0.33374908773953005,normal
GSE56312,0.011498849131280617,-0.33384225753821417,
GSE57926,0.011498135006323363,-0.3339318575073729,ec
GSE84703,0.011497943942742079,-0.3339558308535967,early
GSE97390,0.011495798782040377,-0.33422501823664075,early
GSE98794,0.011495690547051244,-0.33423860153086216,"ec,pathways"
GSE67715,0.01149522058872478,-0.33429758192908166,"early,pathways"
GSE67691,0.01149522058872478,-0.33429758192908166,"early,pathways"
GSE61205,0.011494877929342317,-0.3343405876596957,
GSE53928,0.011494603625870426,-0.33437501525282476,
GSE71198,0.011493835359107446,-0.3344714441273706,
GSE74161,0.011493352017737834,-0.334532113941878,tissue
GSE77076,0.011492651669786852,-0.334620027311233,alterations
GSE82144,0.011492499785107474,-0.3346390938180743,
GSE48607,0.011492457149154955,-0.33464444607324173,
GSE31920,0.01149089965603403,-0.3348399777898889,"early,ectopic,normal"
GSE77893,0.011489878907615641,-0.3349681395645733,
GSE95341,0.011489858219594978,-0.3349707372013217,
GSE94238,0.011489754310350568,-0.3349837843622709,
GSE60066,0.011489619247494514,-0.33500074344186886,cancer
GSE66978,0.011488186188750098,-0.33518069681054796,early
GSE85154,0.011486355173592453,-0.3354106553939781,tissue
GSE84724,0.011486282089333145,-0.3354198348623399,
GSE93867,0.011486255597284858,-0.33542316230898134,
GSE60418,0.011486121719247667,-0.3354399777371525,
GSE42923,0.011485227920735199,-0.3355522461673799,"early,pathways"
GSE84535,0.011483330395022289,-0.3357906199394352,carcinoma
GSE89683,0.011482883171587655,-0.33584680743673656,
GSE69080,0.011482605413754498,-0.33588170500462367,
GSE71387,0.011481361616116362,-0.3360379864244522,profile
GSE71304,0.011481152040542996,-0.336064320966473,tissue
GSE52126,0.011479440583215947,-0.3362793947708349,tissue
GSE62266,0.011478847349363972,-0.33635395220639236,
GSE86113,0.011478042616121302,-0.33645509697475245,
GSE59121,0.011477840862314409,-0.33648045598277915,
GSE58025,0.011477454201009927,-0.3365290577842366,secretory
GSE86442,0.011477240630422934,-0.3365559034669177,normal
GSE71679,0.011476367541378192,-0.3366656553827196,
GSE46664,0.011476278491982142,-0.3366768498325351,
GSE43721,0.011475840342530267,-0.33673193111248334,sample
GSE102454,0.011475166826766081,-0.33681660520508966,early
GSE83226,0.01147493039853118,-0.3368463300327173,alterations
GSE44935,0.011474741682148735,-0.3368700567498693,
GSE38148,0.011474594007441627,-0.3368886236984289,
GSE97078,0.011474428091157956,-0.33690948442169893,pathways
GSE71281,0.011473142249536385,-0.3370711640509764,
GSE106413,0.011472292743797019,-0.33717798945814825,pathways
GSE101470,0.011472167628451418,-0.3371937233900613,normal
GSE79702,0.01147208683147376,-0.33720388413851266,"pathways,tissue"
GSE69132,0.011471894094395505,-0.33722812237580024,
GSE68789,0.011471854549808067,-0.33723309547597463,
GSE75931,0.011471483700316313,-0.33727973408774786,pathways
GSE50198,0.01147092143446147,-0.3373504483965433,
GSE99101,0.011470916135081869,-0.3373511148984003,cancers
GSE64411,0.0114705880257298,-0.33739238174226654,"node,pathways,proliferative"
GSE94821,0.011470449503854568,-0.3374098042169212,"alterations,pathways,tissues"
GSE45657,0.011470223926078217,-0.3374381765260672,"lymph,node"
GSE108753,0.011469874037884503,-0.3374821852275792,"alterations,cancer,samples"
GSE37184,0.011469857653195682,-0.33748424611561645,
GSE65987,0.011468783204813031,-0.3376193980946783,pathways
GSE90908,0.01146842213698464,-0.33766481869040693,profile
GSE58359,0.01146727366261986,-0.3378093007489865,
GSE69256,0.011467043815759047,-0.33783821801906294,"sample,samples"
GSE118898,0.011466704389988711,-0.33788092258451435,
GSE85385,0.011466171667060767,-0.3379479492168948,
GSE59373,0.011465874310289557,-0.33798536368393767,
GSE85388,0.01146583567768882,-0.3379902246438512,
GSE67437,0.011465682696550374,-0.33800947370762335,
GSE59784,0.011465139212731804,-0.3380778603893659,
GSE63424,0.011465116711789224,-0.3380806917575269,
GSE31271,0.011464782613877999,-0.33812273305852736,
GSE86526,0.011463753031083847,-0.3382522985933967,profile
GSE60738,0.011463567294914125,-0.3382756733835742,early
GSE92992,0.011463509695632135,-0.3382829222970334,early
GSE64779,0.011461388033079556,-0.338549960526648,pathways
GSE66873,0.011461227400085745,-0.33857018024583774,
GSE72764,0.011461178553649545,-0.33857632885967986,
GSE72762,0.011460714660484553,-0.33863472337033185,
GSE84257,0.01146024178395489,-0.3386942511327137,early
GSE62647,0.011460235363394175,-0.33869505939783334,tissue
GSE94264,0.011459628793840286,-0.3387714206608453,
GSE94263,0.011458281163647362,-0.33894108878521895,
GSE85249,0.011458170166557419,-0.33895506433046435,
GSE39406,0.011457709128768383,-0.3390131146390231,
GSE90461,0.011457277488992989,-0.33906746549454597,
GSE84812,0.011455970478786376,-0.33923205299852344,sample
GSE91040,0.011455632720163034,-0.33927458888627576,pathways
GSE88970,0.011455546619037783,-0.33928543229722163,
GSE77256,0.011455007837805595,-0.33935328722525565,
GSE92983,0.011454882573295865,-0.3393690636854436,ectopic
GSE73176,0.011453768946732607,-0.3395093271592736,cancer
GSE66202,0.011453363218921797,-0.33956043277096126,
GSE102857,0.011452755763550836,-0.33963695143849487,
GSE60441,0.011452665508126,-0.33964832089136615,"early,ectopic,profile,tissue"
GSE49571,0.01145172813011051,-0.339766407459079,"cancer,pathways"
GSE42852,0.011451507224714651,-0.3397942375114,
GSE65935,0.011450826876109634,-0.33987995240443236,cancer
GSE86209,0.011450028063964857,-0.33998059863125274,
GSE100102,0.011449381937334984,-0.3400620124043498,secretory
GSE80120,0.011447977980413191,-0.3402389307651132,
GSE89665,0.011447382176997261,-0.3403140169509423,
GSE97954,0.011446945991017574,-0.340368989811055,
GSE106259,0.011446638152781071,-0.34040778816560147,
GSE95663,0.0114462987099797,-0.34045057100724146,
GSE102858,0.011446218421598204,-0.34046069061524803,
GSE79436,0.011446181457238944,-0.34046534965476116,
GSE68736,0.011445625583695619,-0.340535414547676,
GSE96061,0.011445232692389897,-0.3405849384520743,
GSE96960,0.011444049284262773,-0.34073411718468916,
GSE70728,0.011443405934595915,-0.3408152233946458,
GSE89711,0.0114431592303226,-0.3408463262734857,cellnumber
GSE45118,0.011441887292135211,-0.3410066946533665,
GSE48387,0.011441177000837032,-0.3410962572854231,profile
GSE75778,0.011441148125005074,-0.34109989843808897,"pathways,profile"
GSE101623,0.011439842460848315,-0.3412645482332104,tissue
GSE86997,0.011438768339473654,-0.34140001358949423,
GSE101859,0.01143873961681443,-0.34140363619018177,"cancer,pathways"
GSE73993,0.01143860276033433,-0.3414208971256437,
GSE73457,0.011438568797769211,-0.34142518066429245,early
GSE79941,0.011438495851232825,-0.3414343811109327,
GSE70667,0.01143771890677979,-0.34153237756023425,"pathways,samples"
GSE70883,0.011437675042969515,-0.3415379103262882,
GSE99485,0.011436930762359491,-0.34163179346942313,
GSE84874,0.01143586653189316,-0.3417660455241669,samples
GSE55338,0.011435548858872687,-0.34180612221233536,
GSE101624,0.011434770324598319,-0.3419043445002024,tissue
GSE105055,0.011433943025074738,-0.34200872649163944,
GSE87561,0.011433808650516446,-0.3420256815042373,"early,profile"
GSE85657,0.011432548239209205,-0.3421847264411328,
GSE69097,0.01143217773751171,-0.3422314815137463,"early,node"
GSE61528,0.011431722443051682,-0.3422889389951493,cancers
GSE75997,0.011431491465359005,-0.3423180889102162,
GSE98671,0.011431214745939418,-0.3423530123117317,
GSE60377,0.011430533408027977,-0.34243900423323104,
GSE81212,0.011429901973382426,-0.3425187024206728,cancer
GSE61462,0.01142861175704382,-0.3426815641655185,
GSE117978,0.011425698466400036,-0.34304937137091024,
GSE70985,0.011424344584965117,-0.34322033280236175,
GSE71075,0.011424176328650134,-0.3432415807905484,
GSE63758,0.011423724376135952,-0.3432986564632274,"carcinoma,profile"
GSE101838,0.011423594199327348,-0.34331509650502856,
GSE94118,0.01142357668171304,-0.34331730882054223,
GSE62771,0.011423299411061821,-0.3433523260361906,cancer
GSE71079,0.01142276821261355,-0.3434194148131137,
GSE72059,0.011422084564044447,-0.34350576217637235,"profile,tissue"
GSE79889,0.011422078260059988,-0.3435065584171616,
GSE59215,0.011421833961923011,-0.34353741545314603,samples
GSE60627,0.011421441549329763,-0.3435869820489731,
GSE80812,0.011421395923416245,-0.34359274528037953,
GSE54549,0.011421141162299251,-0.3436249258213357,
GSE70872,0.01142096380918088,-0.34364732887610544,
GSE94085,0.011420728395835005,-0.34367706657361174,
GSE90697,0.011420446791917891,-0.34371263992492984,tissues
GSE78816,0.01142014909491225,-0.34375024717439745,early
GSE102903,0.011419735231804956,-0.34380253099895836,
GSE79014,0.011419615538874958,-0.3438176523041366,
GSE99588,0.011418929554768914,-0.34390431858381054,
GSE81149,0.011417421062315794,-0.3440949177404789,
GSE99646,0.011416344085900131,-0.34423100992896366,
GSE75028,0.01141632175400041,-0.3442338320366586,
GSE98689,0.011415828007095147,-0.3442962288078117,"carcinomas,tissues"
GSE80671,0.011415011149831516,-0.34439946425314566,
GSE94385,0.011414839209584776,-0.3444211952182989,tissue
GSE58360,0.011414667045564172,-0.3444429547934708,
GSE75767,0.011414517584160167,-0.3444618452821031,profile
GSE58286,0.011414183696374142,-0.3445040463908938,
GSE81467,0.011413887637484807,-0.3445414672211718,
GSE62424,0.011413736979286566,-0.3445605102744132,tissue
GSE74594,0.01141372155487585,-0.34456245991947015,proliferative
GSE77778,0.011413716771784608,-0.3445630645025967,
GSE71802,0.01141272690528801,-0.3446881891612498,
GSE94444,0.011410851036790374,-0.3449253391989747,
GSE46953,0.011410842115691875,-0.3449264671104297,
GSE90019,0.011409673737853737,-0.34507419496419584,
GSE52234,0.011409154198195211,-0.34513988959944436,
GSE104689,0.01140904865176808,-0.3451532360762031,
GSE93827,0.01140854290203944,-0.34521719047067456,
GSE83127,0.01140836171635242,-0.3452401029293555,pathways
GSE88984,0.011407628533553928,-0.3453328237953998,"cancer,early,pathways"
GSE70520,0.011406697027101296,-0.34545063396138026,
GSE90522,0.011405295405705172,-0.3456279189789772,profile
GSE92779,0.01140477581274066,-0.34569364557720933,pathways
GSE101092,0.011404679903111234,-0.3457057781198243,
GSE100863,0.011404524333621146,-0.3457254578359195,
GSE58998,0.011404278823175427,-0.34575651573054916,tissues
GSE101903,0.011404240357881568,-0.3457613817797878,
GSE89132,0.011404134224165913,-0.3457748083029885,pathways
GSE68949,0.011403422264421195,-0.34586487852106423,
GSE91390,0.011403159722358376,-0.34589809420698253,
GSE47442,0.011401671244656394,-0.3460864244257224,
GSE42350,0.011401633492356641,-0.34609120136978944,profile
GSE98723,0.011401412989123517,-0.34611910281016894,
GSE74055,0.011400321218269366,-0.3462572583016722,
GSE64040,0.011400226786193271,-0.3462692086010997,
GSE70014,0.011399547974663476,-0.34635511453993434,cancer
GSE94364,0.011399343544821215,-0.3463809868433658,
GSE44733,0.011399314397406792,-0.34638467572982123,normal
GSE72860,0.01139929926267102,-0.3463865911803455,
GSE74065,0.011399133817577045,-0.3464075300594151,
GSE89622,0.011398458486813983,-0.3464930036769889,stage
GSE39513,0.011397439415348615,-0.346621992616726,
GSE86850,0.011397132216467742,-0.3466608785680996,
GSE75639,0.011396482968920471,-0.3467430652865638,
GSE95478,0.011396168024350919,-0.34678293506466107,"adenocarcinoma,alterations,cancer,proliferative"
GSE57403,0.011395374389092045,-0.3468834086203289,tissues
GSE57170,0.011393803780951995,-0.3470822669171495,
GSE47484,0.011393612660465992,-0.3471064669907369,
GSE58453,0.011391901306877495,-0.347323180236136,
GSE66814,0.011390979943455892,-0.3474398684131337,
GSE108528,0.011390065961134729,-0.34755563111941434,"alterations,cancer,samples"
GSE86417,0.011389218769536726,-0.34766294257648045,
GSE70546,0.011388045881088086,-0.3478115223445798,early
GSE52016,0.011387319609627125,-0.34790353300722743,
GSE76678,0.011387176100101799,-0.3479217147911975,early
GSE76482,0.01138647625618602,-0.34801038404206797,early
GSE97955,0.011386228295138296,-0.34804180166952586,"array,samples"
GSE84137,0.01138586614756125,-0.3480876884029427,samples
GSE92602,0.011385290612946788,-0.3481606158297794,
GSE65179,0.011384333452750176,-0.348281908150269,samples
GSE66343,0.011384070178875067,-0.34831527227365494,
GSE73813,0.011383833198876904,-0.34834530489128157,
GSE85532,0.01138273531189458,-0.348484448926566,
GSE89520,0.011382184676544806,-0.34855424042058514,
GSE54286,0.01138212778385221,-0.3485614516030547,
GSE54287,0.011382075758142289,-0.34856804592413976,
GSE71453,0.011381900815229046,-0.34859022036915077,
GSE79410,0.01138185883546522,-0.3485955414582873,
GSE55060,0.011381317638642726,-0.3486641418992663,
GSE102491,0.011380474019267067,-0.34877108299674303,
GSE99164,0.01137958414237555,-0.3488838965027482,
GSE85745,0.011379539121476706,-0.34888960422942505,node
GSE89817,0.011379120785000165,-0.34894264179514095,
GSE72341,0.011378624569814847,-0.34900555551317625,
GSE65994,0.011378158549600054,-0.34906464339474563,
GSE101334,0.01137790863088465,-0.3490963322176424,
GSE89171,0.011377860204362239,-0.3491024726125667,
GSE107338,0.011376834082187154,-0.349232589181544,tissue
GSE97534,0.011376731298617378,-0.34924562321325886,
GSE56507,0.011374758574616721,-0.34949580807198954,
GSE97399,0.011374408454463202,-0.34954021555368686,normal
GSE108478,0.01137420511628598,-0.34956600657422526,stage
GSE95712,0.011373628161508225,-0.3496391889109073,
GSE71554,0.01137266794717338,-0.34976099304581143,profile
GSE101340,0.011372158990459905,-0.34982555887686306,
GSE59623,0.011371522748272375,-0.3499062761028196,
GSE104205,0.011371094286224051,-0.3499606357283158,
GSE106789,0.011370425782188928,-0.3500454539334018,
GSE83134,0.011370278613860496,-0.3500641269713086,
GSE97925,0.011369935431553974,-0.3501076716284334,
GSE53489,0.01136897881755757,-0.35022905845054403,"outcomes,pathways"
GSE76864,0.011368085203378859,-0.35034246031663985,
GSE76865,0.011368085203378859,-0.35034246031663985,
GSE85737,0.011368069600008005,-0.35034444050246705,
GSE70863,0.011366958101306618,-0.3504855050911529,
GSE71176,0.011366241665112072,-0.35057643808395167,
GSE99815,0.011365772884519475,-0.3506359407237044,
GSE87183,0.011365254585079506,-0.3507017316812727,
GSE54424,0.01136411485759329,-0.3508464149024994,
GSE99972,0.0113622675077057,-0.35108095839337644,pathways
GSE48020,0.011362029406258608,-0.3511111910362838,pathways
GSE60749,0.011361984275609908,-0.35111692151717355,pathways
GSE102685,0.01136182837440108,-0.3511367173062264,"pathways,sample"
GSE87181,0.011361690138610717,-0.3511542702295659,
GSE43110,0.011361558419164688,-0.35117099591833306,"early,pathways"
GSE99970,0.011359986482066054,-0.35137061490289295,pathways
GSE65617,0.011359725536516213,-0.351403754834456,tissue
GSE99973,0.011358208218390401,-0.35159646842913683,pathways
GSE96096,0.011358098218566157,-0.35161044043654727,"pathways,proliferative"
GSE99974,0.011358017097033737,-0.3516207444547216,pathways
GSE85553,0.01135745025246104,-0.3516927468345602,
GSE71873,0.011355396771952136,-0.3519536164782156,
GSE93167,0.011354588241867752,-0.3520563433045816,
GSE69445,0.011354523234335286,-0.35206460307685916,
GSE103956,0.011353953686294238,-0.3521369711301998,"lymph,node,tissue"
GSE83243,0.011353251462986876,-0.3522262021982059,
GSE87266,0.011352657385053035,-0.3523016956122759,
GSE78045,0.011352344643333588,-0.35234143935924306,"cancer,proliferative"
GSE81903,0.01135218397552766,-0.35236185772165324,samples
GSE29413,0.011351731324162364,-0.35241938417657803,pathways
GSE87647,0.011351324107167583,-0.3524711384385342,
GSE49622,0.011350540407103675,-0.3525707461333543,
GSE72601,0.011349986340007815,-0.3526411717988538,
GSE77410,0.011349547399819741,-0.3526969664984204,normal
GSE96939,0.01134917825841514,-0.3527438905841046,profile
GSE53599,0.01134917314073884,-0.3527445411376261,"early,tissue"
GSE55798,0.011348349684224874,-0.3528492218676573,"normal,outcomes"
GSE58523,0.01134821326866429,-0.35286656423382656,tissues
GSE69314,0.011348124548620843,-0.35287784323114674,
GSE102446,0.011347515892679,-0.3529552241635233,pathways
GSE90447,0.011347168817804528,-0.3529993510775247,
GSE83295,0.011346435880109926,-0.353092540819016,
GSE60699,0.011345892965293721,-0.35316157388463476,
GSE97941,0.01134581658607075,-0.3531712859714176,
GSE97077,0.011345249595179782,-0.3532433843858567,
GSE53627,0.011345189793865515,-0.3532509889155047,
GSE92463,0.0113441172200392,-0.35338738769933864,tissues
GSE94546,0.011344055168033839,-0.35339527922262937,
GSE76140,0.011343868165031499,-0.3534190617698596,
GSE42154,0.011343191654808559,-0.3535051018254497,
GSE63681,0.01134312508734913,-0.3535135682984071,"cancer,early"
GSE77514,0.011343077569572911,-0.3535196119418623,
GSE102757,0.011342322080158968,-0.3536157037760968,pathways
GSE89032,0.011341766939463246,-0.35368631703530073,
GSE73357,0.011341660896654544,-0.35369980595199746,
GSE99120,0.011340979728811899,-0.3537864552522371,
GSE70132,0.011340800808305171,-0.3538092160515802,
GSE54016,0.011340368083950392,-0.3538642651792292,pathways
GSE94135,0.011340300330611392,-0.3538728846259219,
GSE71405,0.011340054078862315,-0.35390421272342903,
GSE102768,0.01133956896217561,-0.35396593116001884,tissues
GSE77891,0.01133954970951749,-0.3539683806127329,
GSE98034,0.011339230039306,-0.35400905181585557,"sample,samples"
GSE65955,0.011339120697948516,-0.35402296343015544,
GSE78056,0.011339060411275258,-0.3540306338234838,
GSE42662,0.011338745567394077,-0.3540706926992403,
GSE79244,0.011338326232822826,-0.35412404808055364,
GSE99971,0.011338136363777323,-0.3541482073275443,pathways
GSE70815,0.011337604953855215,-0.35421582694347714,
GSE62704,0.011337529090320025,-0.3542254805089899,
GSE100820,0.01133653797063432,-0.3543516055180198,
GSE74534,0.011336344133409629,-0.3543762735775568,
GSE51553,0.01133539663034614,-0.35449686052197926,early
GSE50561,0.01133502374640105,-0.3545443195288715,
GSE87569,0.011334879074425673,-0.35456273315358655,
GSE56170,0.011334848179484137,-0.3545666654442968,
GSE48553,0.011334441301240835,-0.35461845367739686,
GSE86907,0.011334001446006952,-0.3546744413755187,
GSE63836,0.01133371254547575,-0.3547112157378433,
GSE38236,0.011333589758691791,-0.35472684564226953,
GSE63048,0.011333340740201833,-0.35475854448570887,
GSE107840,0.011332919446467617,-0.3548121747163843,
GSE84050,0.011332842567361582,-0.3548219615574318,"pathways,tissue,tissues"
GSE79898,0.01133217059578273,-0.3549075075094888,
GSE66793,0.011331579042170964,-0.35498281997772024,cancers
GSE94778,0.011331538239470135,-0.3549880148371397,
GSE57698,0.011331082351431654,-0.35504605820505186,pathways
GSE77197,0.011329420717555036,-0.355257636116678,pathways
GSE104790,0.011328974361170236,-0.35531447651871567,tissue
GSE76123,0.011328062332720436,-0.35543062400438774,
GSE67517,0.011327976777655062,-0.3554415199838603,
GSE70578,0.01132793009550621,-0.35544746528589777,
GSE64510,0.01132779331609977,-0.3554648852523923,tissue
GSE43717,0.011327782942935854,-0.3554662063675092,sample
GSE77693,0.011327554943127465,-0.3554952444859917,
GSE84458,0.011326948810761989,-0.3555724445136333,
GSE43431,0.011326529219647804,-0.35562588814104384,
GSE38907,0.011324268483908056,-0.3559138737823453,
GSE72521,0.011323903620204405,-0.35596035762691197,
GSE104686,0.011322996715822318,-0.3560759042523561,
GSE70028,0.011322706309956323,-0.35611290615971664,
GSE99575,0.011322624012800752,-0.3561233921801483,
GSE90932,0.011321837305208015,-0.3562236356019007,outcomes
GSE99144,0.011321700289237905,-0.35624109508761725,normal
GSE46207,0.01132112663685902,-0.3563141959813432,
GSE49027,0.011319493146376453,-0.3565223730228898,
GSE78974,0.011319122767682007,-0.3565695793987392,pathways
GSE78973,0.011319122767682007,-0.3565695793987392,pathways
GSE51008,0.011318060652226573,-0.35670495920046696,proliferative
GSE53212,0.011315132595558376,-0.35707824217578304,
GSE67015,0.0113142570458456,-0.35718988029323306,
GSE77892,0.011314227902520128,-0.35719359639983306,
GSE106575,0.011313932220864199,-0.3572312997266956,
GSE65408,0.011313775117515057,-0.35725133288509986,"cancer,profile"
GSE98650,0.011313574367767205,-0.35727693205356453,"early,normal"
GSE72560,0.011313269151355375,-0.35731585345268946,profile
GSE71162,0.011312886528935556,-0.35736464720054995,lymph
GSE61577,0.011312200020669738,-0.35745219798792566,
GSE77894,0.011311874408281047,-0.3574937253776911,
GSE89055,0.011308591312465525,-0.35791250597607027,
GSE74643,0.011308415082275309,-0.3579349887412116,samples
GSE97735,0.011308386185529066,-0.35793867530961776,profile
GSE63679,0.011308284824797957,-0.3579516067108878,tissue
GSE122331,0.01130827707952693,-0.3579525948419882,pathways
GSE89364,0.011307573528276159,-0.35804235577279986,
GSE98592,0.011307434971838677,-0.3580600338280824,
GSE108108,0.011307434007138342,-0.3580601569124471,
GSE84953,0.011306869692518507,-0.35813215859019215,
GSE81682,0.011306618660427559,-0.3581641892744526,
GSE37641,0.01130652094921976,-0.3581766570235015,
GSE96950,0.01130579882999716,-0.35826880129104255,
GSE92535,0.011305769739828032,-0.3582725133946599,
GSE84164,0.011305550096936495,-0.35830054163119657,
GSE53018,0.011305474228356215,-0.358310223211558,"alterations,pathways"
GSE65747,0.011305249384009487,-0.3583389159530703,sample
GSE104300,0.011304836438282931,-0.3583916140946525,
GSE47707,0.011303936428166681,-0.35850647571406186,
GSE105043,0.01130362809215258,-0.3585458284570872,
GSE86976,0.011303496851431422,-0.35856257895836086,
GSE66822,0.011302716142675669,-0.358662226312037,
GSE64092,0.011301034041178479,-0.3588769481588994,
GSE89011,0.011300102381636876,-0.3589958891339091,pathways
GSE47964,0.01129934142002429,-0.3590930451130415,pathways
GSE69354,0.011298535965468277,-0.35919588886905374,
GSE73881,0.011298173558712831,-0.3592421648481605,
GSE72921,0.011298015076121022,-0.3592624020707265,
GSE72847,0.01129745920472965,-0.35933338556856337,
GSE76711,0.011297380833952967,-0.35934339361736356,"sample,samples"
GSE89258,0.01129734008706496,-0.35934859707470784,profile
GSE40823,0.011297275945780151,-0.35935678808033306,"early,tissue"
GSE45975,0.011296326886167678,-0.3594779908479846,
GSE106332,0.011295934425311342,-0.3595281143237563,tissues
GSE59958,0.011295185618578724,-0.3596237536508928,alterations
GSE77113,0.011294559509305234,-0.35970372664209177,
GSE100607,0.011294440072270496,-0.3597189828482901,normal
GSE69363,0.011293663421438565,-0.35981819173534724,
GSE94297,0.011293616446568323,-0.35982419249442404,"profile,tissues"
GSE73049,0.01129324402646276,-0.3598717678216912,
GSE54704,0.01129313630076064,-0.3598855296847233,
GSE95337,0.01129211965661993,-0.36001541153896566,early
GSE93670,0.011291413526925455,-0.3601056303546397,"lymph,node"
GSE50896,0.01129017509479224,-0.36026387253403525,
GSE106663,0.011289571776141734,-0.3603409685998452,
GSE95008,0.011289072857523707,-0.36040472684821057,sample
GSE47877,0.011288870129247522,-0.360430634884109,normal
GSE97137,0.011288501209944294,-0.36047778280414866,"cancer,pathways"
GSE30839,0.01128846292398971,-0.36048267584082855,
GSE85152,0.011288340819552014,-0.3604982811912349,tissue
GSE106264,0.011288024438537337,-0.36053871651514263,
GSE92282,0.011287988566861562,-0.360543301194354,early
GSE31385,0.011287864776778666,-0.3605591226418084,
GSE66634,0.011287854338915012,-0.36056045669934617,"pathways,tissue"
GSE88996,0.011287401469681773,-0.36061833885161,profile
GSE56893,0.011287062682115928,-0.36066164150879904,"carcinoma,earlybound"
GSE92333,0.011286541891385515,-0.3607282097169729,cancer
GSE87127,0.011286472208417074,-0.36073711692560345,
GSE97859,0.011286287372910344,-0.3607607437460624,"early,stage"
GSE67834,0.011285890780750202,-0.3608114399206945,
GSE107053,0.011285644222732281,-0.36084295820509155,
GSE109002,0.011283886888370483,-0.36106762371201717,
GSE49843,0.011283692622639684,-0.361092461662078,
GSE106165,0.011283178401539872,-0.36115820974296636,
GSE96626,0.011283175358662328,-0.3611585988128524,
GSE68462,0.01128297359687085,-0.36118439681113634,
GSE94883,0.011281668897723144,-0.3613512315387678,
GSE94671,0.01128132210566445,-0.3613955798419928,
GSE52856,0.011281215175834724,-0.3614092544684892,
GSE76026,0.011279548917612974,-0.36162235917254726,
GSE75826,0.011279508933440489,-0.36162747330166906,
GSE79729,0.011278988699699734,-0.36169401484625513,
GSE70288,0.011278788446868781,-0.36171962940608243,
GSE104054,0.01127791197546724,-0.3618317451784646,"pathways,tissue"
GSE87531,0.01127757306274771,-0.36187510028246417,
GSE28666,0.011276741871388633,-0.36198143520381426,tissue
GSE88905,0.01127655390883163,-0.3620054824784575,normal
GSE108067,0.011275861985327021,-0.3620940082145711,
GSE95661,0.011275263686251459,-0.36217055987962377,"cancer,pathways"
GSE100873,0.01127495620207258,-0.3622099036999718,
GSE79578,0.011273814837127052,-0.362355955255979,
GSE78971,0.011273425157114948,-0.3624058229489825,pathways
GSE78781,0.011272536921513959,-0.3625194976808818,
GSE51620,0.011272103838168455,-0.3625749261263014,
GSE43879,0.01127181115752648,-0.36261238624898623,pathways
GSE87527,0.011271575733110951,-0.36264251886734084,tissues
GSE61098,0.011270455608939025,-0.3627858952618483,
GSE73532,0.01127005039101241,-0.36283776684745245,pathways
GSE74980,0.011269365867427503,-0.3629253963379678,
GSE80010,0.011269301120092258,-0.3629336852629092,
GSE106913,0.011268849705547744,-0.36299147647478647,
GSE82008,0.011267462179230844,-0.36316912553726455,
GSE75804,0.011267337932682866,-0.3631850342542471,
GSE86955,0.011265954299139508,-0.36336220865321034,tissue
GSE104163,0.01126538461067086,-0.3634351636366701,
GSE37746,0.01126450790558545,-0.3635474427413102,
GSE103162,0.011264359032948031,-0.36356650964035286,
GSE74049,0.011263967652260214,-0.363616637018685,
GSE73836,0.011262266972677579,-0.3638344774208225,pathways
GSE53090,0.011261082890856844,-0.3639861661334436,
GSE57147,0.011260789349942001,-0.36402377313322026,
GSE72018,0.011259356097219437,-0.3642074084123818,
GSE79363,0.011259351161537715,-0.3642080408362118,
GSE48172,0.011259298845157964,-0.36421474430925305,
GSE78855,0.011258628792621257,-0.36430060314028573,"normal,profile"
GSE73175,0.011258543254680816,-0.3643115641226172,
GSE99866,0.011258267632626745,-0.3643468833845302,
GSE94333,0.011258247230370081,-0.3643494978419354,
GSE45119,0.011255562209787908,-0.3646936124980756,
GSE60307,0.011253554113022925,-0.36495102564665094,"sample,samples"
GSE70596,0.011253214934699916,-0.36499450864357347,
GSE86280,0.011253180957581451,-0.36499886461603087,"alterations,cancer,pathways"
GSE71209,0.011252769594466625,-0.3650516036926995,
GSE106895,0.011252760488421889,-0.3650527711609204,
GSE90969,0.011251648061265062,-0.36519540038312515,
GSE57609,0.011250842462551425,-0.36529869857301916,
GSE86479,0.011249690576715618,-0.36544641240553505,"early,pathways,proliferative"
GSE35857,0.011249509212175615,-0.3654696713414007,"early,ectopic"
GSE81230,0.011248906000533533,-0.3655470323854228,
GSE101701,0.011248809570114874,-0.36555939983547375,
GSE60450,0.011247752689253168,-0.36569495448258243,
GSE98158,0.011247688481796797,-0.3657031900871381,
GSE83755,0.011247078962791823,-0.36578137271767086,
GSE78905,0.011245933714055818,-0.3659282845339921,
GSE85855,0.011245529235336978,-0.3659801743948866,
GSE50775,0.011245386491759782,-0.36599848716200023,
GSE79638,0.011245307382664913,-0.36600863627518404,early
GSE70904,0.011244590366450662,-0.3661006274214691,
GSE95363,0.011242762924464703,-0.36633510957349047,
GSE48870,0.011241953314599437,-0.3664390041591068,
GSE63310,0.011241838267465705,-0.3664537683885919,"sample,samples"
GSE77067,0.011241736014378738,-0.36646689085921264,early
GSE60520,0.011240585287470756,-0.3666145756096193,"early,normal,stage"
GSE92308,0.011240540846558582,-0.3666202794772302,
GSE76932,0.011240466058199432,-0.3666298784062567,
GSE81390,0.01124003275930815,-0.36668549266702827,early
GSE95383,0.011239618338233068,-0.36673868595079706,normal
GSE50534,0.011238905339261734,-0.366830207982689,
GSE63206,0.011238581901114802,-0.36687172709073296,normal
GSE89977,0.011238477381376184,-0.3668851443359949,
GSE98003,0.011237432578657587,-0.367019272983475,stage
GSE83567,0.011237317085116624,-0.3670341004642076,
GSE104507,0.011237264466412097,-0.3670408558953515,adenocarcinoma
GSE94774,0.011237167258987879,-0.3670533359144747,sample
GSE99160,0.01123703684329499,-0.3670700795617719,
GSE61470,0.011236171418876425,-0.36718119351603945,"early,pathways"
GSE80964,0.011236127484728721,-0.36718683455679735,
GSE77988,0.011236103114056211,-0.36718996370307566,
GSE92842,0.01123449390780191,-0.3673965976331451,tissue
GSE82127,0.011234480741418192,-0.36739828841581695,
GSE99235,0.011234202389927705,-0.36743403384091594,
GSE80280,0.011233356099308225,-0.36754271848335596,
GSE82180,0.0112326587173818,-0.3676322857212833,
GSE77003,0.011232186181481188,-0.36769297834601533,
GSE68768,0.011232072513345882,-0.3677075782896272,
GSE85717,0.011231969250397942,-0.3677208418816798,
GSE70244,0.01123090801579668,-0.3678571590488402,
GSE93010,0.011230278777073796,-0.3679379917843184,
GSE98347,0.011230179550561846,-0.36795073895043817,
GSE98816,0.011230053947974872,-0.3679668746891306,
GSE99260,0.011229691237386296,-0.36801347190233535,
GSE89695,0.011226706739656643,-0.36839694569932335,"early,pathways"
GSE63404,0.011225510182291688,-0.36855071825409563,
GSE62559,0.011224835628706829,-0.3686374140333211,
GSE38539,0.011223597223548,-0.3687965913794481,
GSE73143,0.0112227083132779,-0.3689108575277935,tissue
GSE62684,0.01122172400258972,-0.36903739760949,
GSE41903,0.011221418097920583,-0.3690767260731426,early
GSE83555,0.011220899518217843,-0.3691433994335665,
GSE70243,0.011220624449807393,-0.36917876600067195,
GSE92720,0.011220045782454642,-0.36925317024187165,
GSE27037,0.011218722749642768,-0.3694232983731106,
GSE50739,0.011216432192230088,-0.3697178874535238,pathways
GSE70889,0.011216016346367335,-0.3697713759314317,
GSE90615,0.011215870252627668,-0.3697901678161708,
GSE86790,0.011215249447728677,-0.36987002403033464,early
GSE60285,0.011214824680323502,-0.369924665831833,
GSE81044,0.011214694694936848,-0.36994138748061894,
GSE72857,0.01121354637083671,-0.37008911921590687,
GSE57092,0.011212051300387141,-0.3702814824927471,
GSE76992,0.011211714793549672,-0.3703247826898366,
GSE66966,0.011211351691664772,-0.3703715064766188,
GSE85302,0.011210695212196139,-0.3704559857998647,
GSE65970,0.01121004995915585,-0.3705390252666162,
GSE41317,0.011208398532634417,-0.370751573860962,
GSE87404,0.011208317465544826,-0.37076200849270236,tissues
GSE94481,0.01120792832675897,-0.3708120979324623,
GSE95074,0.011207471092034156,-0.3708709548154272,
GSE102299,0.011206477400093713,-0.3709988746628465,tissue
GSE93027,0.011205927842326652,-0.3710696251473931,
GSE76279,0.011205447772539623,-0.371131432536019,
GSE85520,0.011204416573946302,-0.3712642048790197,"early,profile"
GSE93622,0.011204120302838476,-0.37130235363102376,
GSE70351,0.011202849684636213,-0.37146597366374207,"adenocarcinoma,cancer"
GSE45182,0.011201939799052778,-0.3715831528428346,tissue
GSE65697,0.011201819131288628,-0.371598693697874,
GSE104762,0.01120145358659128,-0.3716457733838442,
GSE83734,0.011199917403664885,-0.3718436401567527,
GSE96818,0.011199448852844357,-0.37190399685948594,
GSE60763,0.011198558319033136,-0.3720187185580737,
GSE100674,0.011198397672061372,-0.3720394146374511,"node,tissues"
GSE86248,0.011197819067947468,-0.37211395841380795,
GSE93655,0.011197807885637198,-0.37211539911145886,
GSE63093,0.011195698479234243,-0.37238719488262373,
GSE68806,0.011195188343579292,-0.3724529332506957,"profile,sample"
GSE101016,0.011195026571170575,-0.37247378059429653,
GSE97571,0.011194438250494767,-0.3725495990498423,"normal,profile"
GSE60397,0.011193870060177613,-0.3726228270348816,
GSE48878,0.01119300062746183,-0.372734886132875,
GSE92377,0.011192366475338947,-0.3728166259693401,
GSE89477,0.011191556984598538,-0.37292097302712324,
GSE104820,0.011191201787003219,-0.3729667620037703,
GSE99645,0.01119047505991658,-0.37306044985133535,
GSE101732,0.011190182180508644,-0.3730982088558983,
GSE100473,0.011189143933889964,-0.37323207108583384,
GSE63794,0.011188483251114536,-0.373317260078939,pathways
GSE64002,0.011186055877588938,-0.3736302908628458,
GSE71531,0.01118562354058896,-0.3736860515801599,
GSE108438,0.011185460517011114,-0.3737070781255616,
GSE70542,0.011185089195227099,-0.37375497181644646,
GSE89460,0.011184994504341137,-0.3737671854561833,
GSE66954,0.011184389301190714,-0.3738452496167027,early
GSE36639,0.011184366858949617,-0.3738481444857519,
GSE65731,0.011184116837482135,-0.37388039564199144,
GSE77083,0.01118405754404512,-0.3738880442185877,
GSE83552,0.011183814341489112,-0.3739194166373224,"early,profile"
GSE86460,0.011183774029380927,-0.3739246168473407,
GSE84158,0.01118331510833267,-0.3739838183926556,
GSE86083,0.011182699262667973,-0.37406326728076744,
GSE53076,0.01118225637874348,-0.37412040546175757,tissues
GSE96919,0.011180738249358169,-0.37431628242505394,
GSE60941,0.011180071369170567,-0.37440233518935173,
GSE25409,0.011179839278132405,-0.37443228491456176,early
GSE59129,0.011179331658226176,-0.3744977918802344,profile
GSE45597,0.01117929050944657,-0.374503102148446,"normal,pathways"
GSE42474,0.01117917534412808,-0.3745179643876496,
GSE100332,0.0111791631579958,-0.3745195370333634,profile
GSE85308,0.011178215766577303,-0.37464180511377443,"alterations,proliferative"
GSE53915,0.011178140233182558,-0.3746515537198551,
GSE49715,0.011178030589086816,-0.3746657048904154,
GSE69823,0.011177130718996443,-0.3747818515018968,early
GSE64757,0.011177101172470286,-0.37478566524302365,
GSE81181,0.011176993604320722,-0.3747995497717854,
GSE87464,0.011176191822105885,-0.3749030452874041,
GSE44067,0.011174734317153144,-0.37509120171164073,stage
GSE75751,0.011174492991502758,-0.3751223579851224,
GSE78241,0.011173890097574034,-0.3752001973597111,profile
GSE54697,0.011173001264533338,-0.3753149618698964,
GSE78240,0.01117257380784055,-0.37537015755395975,"pathways,sample"
GSE107122,0.011171732907197404,-0.3754787456792296,
GSE62378,0.01117118212034539,-0.37554987493511854,
GSE47883,0.011171045169147293,-0.3755675615168349,
GSE58609,0.011170792744385418,-0.37560016151631376,
GSE75909,0.01117036658265803,-0.3756552008633588,
GSE79814,0.011170353811488454,-0.3756568503090963,
GSE72737,0.011169795633629472,-0.3757289429717916,
GSE76408,0.011169651162408685,-0.37574760305014415,"early,secretory"
GSE74467,0.011169145414453678,-0.3758129279716762,
GSE86962,0.011167268696636834,-0.3760553600362337,sample
GSE37018,0.011166778685008216,-0.3761186658342934,pathways
GSE62184,0.011166700422212772,-0.37612877705309017,
GSE79313,0.011164124625355812,-0.3764615985552459,
GSE100601,0.011162784417054669,-0.3766347986940082,"profile,stage"
GSE89848,0.011161918790255156,-0.3767466779409523,"profile,stage"
GSE35510,0.011161219387577942,-0.3768370796368334,
GSE62129,0.011161032981162217,-0.37686117466157554,
GSE66817,0.011160021082506565,-0.37699198041736365,
GSE78752,0.011159712965391621,-0.37703181234661653,tissue
GSE62795,0.01115940483489868,-0.3770716471051514,
GSE77357,0.011159160798860479,-0.3771031965862337,tissues
GSE48085,0.011159079783213878,-0.3771136706082479,
GSE62357,0.011158884331275943,-0.3771389397179346,
GSE79403,0.01115831832302077,-0.3772121188986469,
GSE87293,0.011156842301208945,-0.3774029711526035,
GSE58423,0.01115585044383735,-0.3775312342653135,
GSE65395,0.011155552245841428,-0.37756979829250015,"profile,proliferative"
GSE57396,0.011153527178147537,-0.37783171453493586,
GSE80550,0.01115160781146274,-0.3780800036222628,"alterations,profile"
GSE79700,0.011151416048785867,-0.37810481237148824,
GSE89361,0.011150580667688537,-0.3782128923951971,
GSE75580,0.011149850974819912,-0.3783073053016545,profile
GSE70135,0.01114965413201573,-0.3783327752962643,
GSE76253,0.011149639250510376,-0.37833470087064064,pathways
GSE67265,0.011149512102353374,-0.37835115315733653,
GSE62824,0.011148080750528935,-0.3785363753196881,
GSE80268,0.011147892717800834,-0.3785607092098183,
GSE83760,0.011147575381590114,-0.3786017775897682,"cancer,pathways,samples"
GSE87344,0.011146655289146618,-0.3787208588736884,
GSE71674,0.011146186270895449,-0.3787815644865934,
GSE75576,0.011143237355502144,-0.3791633047872899,profile
GSE52502,0.011141814523045522,-0.37934752812615935,
GSE70307,0.011141743359848964,-0.3793567427041282,
GSE92441,0.0111416513691831,-0.37936865421752775,
GSE82192,0.011139784088582332,-0.3796104623787737,
GSE60114,0.011139151717284636,-0.3796923620658488,"early,pathways"
GSE88814,0.011137943785125786,-0.3798488167290541,samples
GSE76190,0.011136811523534898,-0.3799954857416592,"lymph,pathways,tissue"
GSE35626,0.011136623424925194,-0.38001985278985384,
GSE74148,0.011135324586219169,-0.3801881207977786,
GSE77456,0.011135132248950656,-0.38021304027073977,pathways
GSE72546,0.011134986968307866,-0.3802318633098848,ec
GSE102597,0.011133357644183356,-0.38044298073953936,
GSE89546,0.01113279151177329,-0.3805163437997563,
GSE89547,0.01113089100263592,-0.38076265122104963,
GSE104519,0.01113064656407522,-0.38079433369565696,
GSE100278,0.011129866108858891,-0.38089549568480224,
GSE45930,0.011129750566143572,-0.3809104728431997,
GSE99784,0.011128557287517927,-0.38106515999808893,
GSE75714,0.011128085979066,-0.38112626124846893,
GSE62479,0.011127848177250608,-0.3811570912731611,
GSE99656,0.011127526661147268,-0.3811987755576322,
GSE66243,0.011126894530817728,-0.38128073421959885,
GSE84804,0.011126775445792787,-0.38129617467280125,profile
GSE109418,0.011126264266482982,-0.3813624555822794,
GSE68083,0.01112538384530329,-0.381476620543375,profile
GSE42704,0.011125034169452356,-0.3815219658142609,
GSE41710,0.011124229419064562,-0.38162632966338433,tissues
GSE76755,0.011123431108350259,-0.3817298658448799,
GSE80304,0.011122215752161277,-0.38188750462782883,
GSE97196,0.011122066079550061,-0.38190691922935166,
GSE61351,0.011121689522902455,-0.38195576497445677,
GSE100411,0.011121619994927777,-0.38196478410573215,
GSE94554,0.011121181034498589,-0.38202172711696347,
GSE67476,0.011121020055282543,-0.3820426102944639,
GSE69733,0.011119020323373172,-0.3823020525677163,sample
GSE78966,0.011119000391710774,-0.3823046387070917,"pathways,stage"
GSE77051,0.011118221082726296,-0.38240575792371495,plus
GSE40187,0.0111174887992832,-0.38250078180178004,pathways
GSE68156,0.011116050813347786,-0.38268739852740524,
GSE87511,0.011113937598592057,-0.38296168787035156,
GSE101810,0.01111336800039663,-0.3830356290404461,
GSE44566,0.011113271170366715,-0.38304819920032473,"cancer,profile,tissues"
GSE77857,0.01111196287321439,-0.38321804882369864,
GSE59698,0.011111873681077066,-0.3832296289173417,profile
GSE101905,0.011110813575835878,-0.3833672728087182,early
GSE61694,0.011109289927799212,-0.3835651260248064,
GSE97462,0.011109074984904934,-0.3835930396043051,"early,normal"
GSE93554,0.01110857980525858,-0.3836573482117621,proliferative
GSE107849,0.011105739532065697,-0.38402626773706916,pathways
GSE66523,0.011104927917034177,-0.38413170472893726,"profile,sample"
GSE56240,0.01110424762031305,-0.3842200880824352,
GSE56018,0.01110424762031305,-0.3842200880824352,
GSE67135,0.01110356177879436,-0.3843091972908566,
GSE59127,0.01110196961163379,-0.38451608373102963,profile
GSE70981,0.011101577427093511,-0.38456704880345227,"secretory,stage"
GSE104651,0.01109991482463029,-0.3847831269216207,
GSE71362,0.01109840268120009,-0.38497967891982193,profile
GSE69545,0.011098377560836578,-0.38498294435052555,
GSE37228,0.011096401476134356,-0.3852398414886369,
GSE61184,0.011096078463281424,-0.3852818385112656,
GSE72941,0.011095960943872028,-0.385297118284885,
GSE79115,0.011094585442525229,-0.3854759718326751,pathways
GSE37338,0.011094204196621587,-0.3855255483606012,
GSE55552,0.01109413742462036,-0.3855342314462222,
GSE77105,0.011093446254941249,-0.38562411478666975,tissue
GSE61523,0.011092192872652012,-0.3857871254986481,
GSE73077,0.011091989409078516,-0.3858135890288126,
GSE99372,0.011091985092151837,-0.3858141505159989,
GSE100858,0.011091674825774866,-0.3858545063242916,
GSE79409,0.011091603746494202,-0.385863751641695,cancer
GSE81889,0.011090641605316151,-0.38598890365268984,
GSE90731,0.011089326112487016,-0.38616003600123877,
GSE99166,0.011088997491283408,-0.38620278947433995,
GSE49366,0.011086886429755223,-0.38647746786080406,early
GSE97993,0.01108400883056974,-0.38685196767681296,normal
GSE61188,0.01108371722820537,-0.38688992315171383,
GSE57272,0.011083248634258127,-0.3869509182529983,
GSE69227,0.011081791686740724,-0.3871405800745678,
GSE68155,0.011081665535368932,-0.3871570033208748,
GSE58801,0.011081107693275756,-0.3872296292520517,
GSE101576,0.011080737529127475,-0.3872778232517597,early
GSE98510,0.011080458278883473,-0.38731418166361625,
GSE97716,0.011080426714833553,-0.38731829136395557,
GSE93131,0.011078389053622476,-0.387583623569723,
GSE85391,0.01107681140787691,-0.3877890888013475,pathways
GSE75706,0.01107641303176808,-0.3878409760774636,
GSE77636,0.011075843864544892,-0.3879151116144747,
GSE68461,0.011075657066329951,-0.3879394434066354,
GSE36892,0.011071326890924597,-0.38850359450505545,
GSE53528,0.011071227378551651,-0.38851656193466744,normal
GSE71713,0.011071104620058274,-0.38853255872033887,"profile,tissue"
GSE89261,0.011069158451856161,-0.38878618960196254,profile
GSE77476,0.011068876685123633,-0.38882291404161684,
GSE76722,0.011068019002640948,-0.38893470697613675,
GSE81724,0.011067099628010392,-0.38905455067276357,
GSE96819,0.011066828247210522,-0.3890899280116969,
GSE47851,0.011065662104566675,-0.38924195683304175,lymph
GSE49434,0.011064693454659814,-0.3893682509103456,
GSE38046,0.011064253400937005,-0.3894256294496722,early
GSE54462,0.011064138175616469,-0.3894406540390508,"early,pathways,profile"
GSE54826,0.011063315534840761,-0.3895479252853155,
GSE77586,0.011063159158425541,-0.3895683174609226,tissue
GSE61486,0.01106174057696029,-0.389753319921706,proliferative
GSE71499,0.01106144741869039,-0.3897915547350873,
GSE93230,0.011060478380488542,-0.38991794758368686,
GSE92949,0.011060189381517241,-0.3899556442199029,sample
GSE48364,0.011058882994878358,-0.39012605982282883,
GSE98860,0.011058480608896722,-0.39017855434891197,adenocarcinoma
GSE81285,0.011057641846018982,-0.3902879839333468,cancer
GSE97249,0.011057605740217134,-0.39029269467972866,lymph
GSE77010,0.011055020335542707,-0.3906300540242681,
GSE92905,0.01105438973094702,-0.3907123511204341,
GSE86110,0.011053734367116368,-0.39079788439720986,
GSE47793,0.01105180293433168,-0.39104999032608845,
GSE76733,0.011051496301861473,-0.39109001848111136,
GSE52525,0.011051358240033646,-0.39110804159337176,tissue
GSE54695,0.011050632933551867,-0.39120272953859314,
GSE66775,0.011047381692962014,-0.39162725172204155,"early,profile"
GSE79457,0.011046953596332839,-0.3916831586208846,pathways
GSE54561,0.011046307935945592,-0.3917674821633986,
GSE55291,0.011046229928274698,-0.3917776703346845,
GSE58283,0.011046189487587057,-0.3917829521083472,
GSE76315,0.011044579907509493,-0.3919931877192844,
GSE75044,0.011044370813767487,-0.39202050078711537,
GSE60599,0.011043144081406756,-0.39218075427905796,tissue
GSE30581,0.011043047547314755,-0.392193365711409,
GSE77851,0.011042908864948313,-0.3922114836827199,
GSE62741,0.011041085674349487,-0.3924496931277383,
GSE60005,0.011040642780858517,-0.39250756543102716,
GSE82031,0.011039353242068598,-0.39267608097038087,
GSE90478,0.01103842227219699,-0.39279775134581474,
GSE75589,0.011036547102928305,-0.39304285224405777,"alterations,pathways"
GSE93331,0.0110355007463459,-0.3931796382336385,profile
GSE101996,0.011035286973766538,-0.3932075854590881,
GSE75330,0.01103464526831934,-0.393291481073854,
GSE98297,0.011033181055595406,-0.39348292833356313,pathways
GSE55621,0.011033027355095456,-0.3935030262991889,
GSE61874,0.011031047821304348,-0.3937618963010841,
GSE96972,0.0110308927567589,-0.3937821765524923,profile
GSE80745,0.011029578572229122,-0.3939540647662928,
GSE94595,0.011028912381921014,-0.3940412066706131,
GSE94559,0.011028383102167524,-0.39411044356108327,profile
GSE20851,0.011025296982834812,-0.3945142155455136,
GSE66264,0.011023817271015505,-0.39470785351956417,
GSE57125,0.011023710587173724,-0.3947218153796396,"pathways,proliferative"
GSE70486,0.011022314448723682,-0.3949045423807823,tissues
GSE57694,0.011021992775369837,-0.3949466463623402,
GSE76362,0.011021901583753702,-0.39495858270083173,"cancer,cancers,early"
GSE89195,0.011021767033345349,-0.3949761945793493,
GSE75105,0.011021107128186547,-0.39506257550167084,lymph
GSE101995,0.011020560888180824,-0.3951340816823253,profile
GSE78224,0.011019751664825994,-0.3952400205176937,
GSE46149,0.011019361556652674,-0.3952910939997764,
GSE58372,0.011018823159176435,-0.3953615846848456,profile
GSE77740,0.011017457074395613,-0.3955404573185534,
GSE77736,0.011017457074395613,-0.3955404573185534,
GSE102727,0.011016072569688841,-0.39572176445449037,profile
GSE40285,0.011014933401804792,-0.39587096071549166,
GSE33306,0.011014431833436159,-0.395936655772112,stage
GSE53683,0.011012961929628006,-0.3961291999251393,early
GSE79606,0.011012622499718268,-0.3961736658369627,
GSE75106,0.011012384874480315,-0.3962047959743174,lymph
GSE98964,0.011011878704361674,-0.3962711091218625,
GSE58332,0.011010555827767983,-0.39644443305668337,
GSE72909,0.011010318042398423,-0.39647559001943555,
GSE47835,0.011010144495049697,-0.39649833031373655,"early,samples"
GSE75103,0.01101009429791917,-0.3965049078219969,lymph
GSE54113,0.011009814039651657,-0.39654163160908396,
GSE94072,0.011009286643317113,-0.3966107417955106,pathways
GSE63889,0.01100906863068899,-0.39663931120803414,
GSE70314,0.011008349790515338,-0.39673351545434926,cancers
GSE71882,0.01100671890770403,-0.3969472660068185,
GSE62822,0.011006090418092702,-0.3970296470270999,
GSE79600,0.011006067818280051,-0.3970326094478938,alterations
GSE78964,0.011005342366135205,-0.39712770614577747,early
GSE74650,0.01100456944341263,-0.3972290324744747,
GSE61677,0.011002893157090177,-0.3974488097394044,
GSE84861,0.011002838440657072,-0.3974559841545193,
GSE84256,0.011002210194433308,-0.3975383623148006,
GSE62734,0.011000214940826676,-0.3978000191525171,
GSE58757,0.010999076507874518,-0.39794933410475186,
GSE65884,0.010998038045058044,-0.3980855506210575,
GSE75648,0.010997869842334253,-0.39810761520113525,tissues
GSE99076,0.010997765297551938,-0.3981213293983419,
GSE90573,0.010996575704120423,-0.39827738959090353,
GSE101994,0.010996293251304124,-0.39831444644585134,profile
GSE92704,0.01099610983001639,-0.3983385112086909,
GSE74155,0.010994443505135272,-0.3985571504225807,
GSE106273,0.010992997322848027,-0.3987469314919978,"cancer,profile,tissue"
GSE81885,0.010990469054106524,-0.3990787736800256,
GSE95052,0.01098978160002415,-0.39916901710913,
GSE84553,0.010989644667664611,-0.3991869931594274,
GSE71309,0.010988192736671258,-0.3993776118821282,
GSE75668,0.01098770672127026,-0.3994414246976421,"samples,tissue"
GSE99397,0.010986229869521026,-0.3996353495949086,"lymph,secretory"
GSE85875,0.010985218282121656,-0.39976819583385087,profile
GSE89834,0.010985081463628397,-0.3997861643972307,
GSE65358,0.010982085440645675,-0.4001796923879086,
GSE97389,0.010981387219623183,-0.4002714192311555,
GSE68822,0.010979123593216017,-0.4005688369580419,
GSE84615,0.01097875589857065,-0.400617154122883,
GSE99504,0.010978547566357863,-0.40064453087711277,
GSE71588,0.010978034545030803,-0.4007119487767477,
GSE98778,0.010978004310906505,-0.4007159220454667,
GSE58858,0.0109777750191175,-0.40074605517095985,pathways
GSE86188,0.010977259588375648,-0.4008137944743698,
GSE77541,0.010976670865075753,-0.4008911699755103,profile
GSE80113,0.010975498487478192,-0.40104526712376887,cancers
GSE62270,0.010973471854217785,-0.40131168634228176,"cancer,diseased,normal,tissue"
GSE69464,0.01097091942621662,-0.4016472960376298,"profile,tissues"
GSE71943,0.010969898466881256,-0.4017815602185111,
GSE81385,0.01096928309464289,-0.40186249254265766,
GSE68981,0.010969079614593723,-0.40188925476386383,early
GSE65164,0.010968690363577926,-0.40194045144527385,"alterations,pathways"
GSE84961,0.010968456384817145,-0.40197122664149587,
GSE101605,0.010968257408734493,-0.40199739845650945,
GSE99251,0.010968243255238784,-0.4019992601188031,
GSE77646,0.01096800538131203,-0.402030548926674,
GSE93764,0.010964233169775552,-0.40252681846321464,
GSE90497,0.010962662065056144,-0.40273356227869883,cancer
GSE66380,0.010962387080514186,-0.4027697509168534,
GSE105471,0.010960286902943948,-0.4030461693662745,
GSE46716,0.010959380654055158,-0.4031654632173345,tissue
GSE78510,0.010959220696808542,-0.40318652017464274,
GSE30578,0.010958501095169021,-0.40328125316988545,
GSE80168,0.010956514816423684,-0.4035427719855804,
GSE100560,0.010955335289520472,-0.40369809411559465,"sample,samples"
GSE93085,0.010954446287682978,-0.40381517045781895,
GSE84993,0.010953997669309844,-0.40387425448072206,
GSE73861,0.01095353459911322,-0.40393524437845835,"ectopic,proliferative"
GSE72831,0.010952483994158048,-0.40407362667312025,
GSE100277,0.010951713544861554,-0.4041751162052328,
GSE93909,0.01095042859570736,-0.4043443955170716,
GSE83340,0.010948999687034626,-0.40453266339624605,
GSE89500,0.01094843928724009,-0.40460650636990314,
GSE83684,0.010947410825262472,-0.4047420349735719,
GSE95105,0.01094697217623016,-0.4047998431140114,"profile,tissue"
GSE68902,0.01094674844794596,-0.40482932843463565,"sample,samples"
GSE109913,0.010944186870836523,-0.4051669635841342,
GSE84379,0.010942708766182729,-0.4053618248648338,
GSE92650,0.010939036822148552,-0.4058460179998715,samples
GSE84378,0.010938936794967125,-0.4058592101465598,
GSE62512,0.010938767514745361,-0.40588153604812655,
GSE108523,0.010938411696278046,-0.405928465090792,"pathways,samples"
GSE67404,0.010938290101271396,-0.40594450265575205,tissue
GSE87635,0.010937326047096138,-0.4060716612390128,"early,profile"
GSE70930,0.010937091919470256,-0.4061025443249376,"outcomes,tissue"
GSE84377,0.010936954699395828,-0.4061206449283002,
GSE90136,0.010936792885751995,-0.40614198994388107,
GSE67863,0.010936375559830595,-0.4061970413223596,
GSE62535,0.010935907947060241,-0.4062587287657158,tissue
GSE103261,0.010935814151119331,-0.40627110263716487,
GSE63282,0.010934603350589156,-0.40643084498520526,pathways
GSE105806,0.010934317515843532,-0.4064685580824878,
GSE108367,0.010933515450015282,-0.4065743880835864,
GSE33815,0.010933434956320223,-0.406585009395889,
GSE61636,0.010933200689142194,-0.4066159218875479,"array,ec"
GSE94239,0.010931164546238768,-0.4068846269925149,profile
GSE103126,0.010925982601368393,-0.4075687022065611,
GSE52564,0.010925091235908279,-0.40768640521184285,"sample,samples,tissue"
GSE94534,0.01092400763274875,-0.4078295057502424,pathways
GSE68582,0.010923876092556503,-0.40784687790265967,
GSE103822,0.010921504129674475,-0.40816017243593955,
GSE53150,0.010920514905478998,-0.40829085164099094,
GSE73823,0.010919734678590932,-0.4083939300841496,
GSE100941,0.010919352066024856,-0.4084444810305487,
GSE57546,0.010918618953196414,-0.40854134517983,
GSE66054,0.010916295024441882,-0.40884844238256085,cancer
GSE60402,0.010912084182640391,-0.4094050536272808,tissue
GSE83394,0.010911697065644453,-0.40945623557086674,"profile,secretory"
GSE52477,0.01091097702954637,-0.40955143861553595,
GSE70481,0.010910231391199749,-0.409650033406864,
GSE90856,0.010909504732965382,-0.40974612496595225,proliferative
GSE50554,0.010909047453347202,-0.4098065978178546,
GSE95315,0.010908052215119072,-0.40993822166144883,
GSE84370,0.010907412054637732,-0.4100228915397195,early
GSE56529,0.0109065796711398,-0.4101329929425497,
GSE75738,0.010904768683348757,-0.4103725657620553,
GSE74682,0.010903750221705094,-0.4105073139831622,
GSE71463,0.01090241687555145,-0.4106837422272885,
GSE64379,0.010899901442612983,-0.41101664284722794,
GSE96607,0.0108976145499712,-0.41131936437628414,
GSE71076,0.010897047729809194,-0.41139440556081724,cancer
GSE103272,0.010895587205645036,-0.4115877819908016,
GSE73082,0.010894235192812926,-0.41176681440097346,
GSE92425,0.010894061774298764,-0.4117897799435086,
GSE96086,0.010893828886955831,-0.4118206214251346,
GSE67741,0.010893479514718528,-0.41186689034325263,
GSE67957,0.010893376851277635,-0.4118804868010959,
GSE92865,0.010893087530482442,-0.4119188043242296,alterations
GSE76840,0.010890733323060852,-0.4122306323922631,
GSE60367,0.010890623967097815,-0.4122451188453766,tissue
GSE73083,0.010889816354569776,-0.41235210828842617,
GSE58495,0.010888045595903964,-0.41258671945064385,"profile,sample"
GSE59463,0.010887671714917488,-0.412636260527746,
GSE57682,0.010886323235458097,-0.41281495484964,
GSE96541,0.010885932763268689,-0.412866702568513,
GSE78795,0.010885264879141657,-0.4129552188857211,
GSE69007,0.0108842931401426,-0.4130840155323656,
GSE51006,0.01088286069889265,-0.41327389574416873,
GSE75332,0.010879602956599631,-0.41370582558080304,
GSE70713,0.010877780364569016,-0.4139475315296728,"early,stage"
GSE71462,0.010876456460404848,-0.4141231285860055,
GSE67674,0.010875688122892193,-0.4142250474304167,
GSE36799,0.010875077678442516,-0.4143060271245168,
GSE70711,0.010874464723554824,-0.414387344419442,
GSE88829,0.010874309695453386,-0.4144079118563779,pathways
GSE86865,0.010873578094337836,-0.414504976666709,pathways
GSE66578,0.010872393180497635,-0.4146621983700972,
GSE85750,0.010870846668745139,-0.41486742490075557,
GSE98388,0.010870275514411509,-0.4149432260961086,
GSE89633,0.010869832291960282,-0.41500205145596236,"profile,tissue"
GSE56292,0.010868234141974756,-0.415214181000223,profile
GSE55596,0.01086818913688688,-0.4152201551769548,
GSE83841,0.010867789602262834,-0.41527319227528453,
GSE52616,0.010866765927606499,-0.4154090911069161,tissues
GSE55113,0.01086669298248408,-0.41541877548958217,
GSE92751,0.010865965424631164,-0.41551537150531953,pathways
GSE84820,0.01086444094076628,-0.41571779434807793,
GSE70725,0.010863900519090986,-0.41578955902211323,
GSE50612,0.010863180410977669,-0.41588519049766315,
GSE68846,0.01086277768841156,-0.4159386754437714,
GSE87219,0.010861711289181415,-0.41608031181402244,
GSE58371,0.010859378956035268,-0.41639013470399644,profile
GSE77695,0.010859155677179528,-0.4164197981507585,pathways
GSE54973,0.010858363476409501,-0.4165250499628767,
GSE64969,0.010857997194649445,-0.41657371676178057,
GSE48968,0.010856936598888195,-0.41671464431522437,
GSE78127,0.010856431567902607,-0.4167817555706444,
GSE31182,0.010854816017919629,-0.4169964595800607,profile
GSE63204,0.010852095522586388,-0.4173580812819092,
GSE87644,0.010851399514213024,-0.41745061272233513,pathways
GSE73631,0.010851222642002162,-0.4174741280984634,early
GSE67310,0.01085065875157418,-0.41754910057752936,
GSE67478,0.010848497428134223,-0.4178364970636481,early
GSE99954,0.010846844888262859,-0.41805627797764616,
GSE41792,0.010846299015187631,-0.418128884178228,cancer
GSE58972,0.010846135188528234,-0.4181506753619063,
GSE54569,0.010841427414516686,-0.41877701428722325,pathways
GSE61505,0.010840854079492122,-0.41885331138696597,
GSE81904,0.01084004510224487,-0.4189609736618153,
GSE83153,0.01083893994754634,-0.41910806552988045,
GSE106275,0.010838259517208746,-0.41919863566793153,
GSE99093,0.010833514287811014,-0.4198304177353327,
GSE70723,0.010832742985858207,-0.4199331353841408,
GSE77185,0.010832386165057838,-0.4199806572424818,
GSE57837,0.010829767382682515,-0.4203294779962565,
GSE86631,0.010829318073844048,-0.4203893342292888,
GSE72494,0.010828299110356222,-0.42052508818221135,
GSE84857,0.010826422321234144,-0.42077516153222405,"profile,sample"
GSE74111,0.010825790490741468,-0.42085935973650374,profile
GSE85674,0.010825688556154739,-0.420872944076165,
GSE67324,0.010823573418771994,-0.42115484728618,tissue
GSE95752,0.010822810591186817,-0.4212565296340619,
GSE66832,0.01082205210658082,-0.4213576401835156,
GSE57500,0.010819653475278721,-0.4216774387766108,cancer
GSE77375,0.010814148895080231,-0.42241160751772827,profile
GSE60853,0.010813488446191002,-0.42249971943883297,tissues
GSE90652,0.010813450566493538,-0.4225047732147418,
GSE92272,0.010811205419402508,-0.42280434446230725,array
GSE76837,0.010809464970985993,-0.4230366162891763,
GSE84055,0.010808989083371632,-0.42310013245917094,
GSE48764,0.010804090838498443,-0.42375405811290856,
GSE92762,0.010802963393181543,-0.4239046163289061,
GSE47708,0.010801803080436738,-0.42405958004457167,
GSE94581,0.010801753331533161,-0.42406622455208826,pathways
GSE81125,0.010801360772284767,-0.42411865618562516,
GSE103246,0.010799845330564615,-0.42432108194348306,
GSE90094,0.010796401575943046,-0.4247811885331323,pathways
GSE75104,0.010796112320070366,-0.4248198415602969,lymph
GSE75522,0.010795087769738082,-0.42495675971940694,stage
GSE76217,0.01079421717821057,-0.4250731134494683,
GSE48419,0.01079334137850693,-0.4251901727164183,
GSE106138,0.010792953677309019,-0.42524199583791167,profile
GSE69129,0.010790901232722964,-0.4255163723704881,
GSE76223,0.010789716285970634,-0.4256748031293432,tissue
GSE84125,0.010789560718531346,-0.4256956042315434,
GSE75762,0.010783934824133543,-0.4264480506875395,
GSE89263,0.010783302579077626,-0.4265326360973447,"profile,sample,samples"
GSE54411,0.010782554614196367,-0.42663270958069505,
GSE80804,0.010782377567773968,-0.4266563984097119,tissue
GSE67120,0.010782235612526829,-0.42667539231693996,"early,pathways"
GSE99457,0.01077209851288009,-0.4280324042647481,
GSE81432,0.01077025322631275,-0.4282795625897499,tissue
GSE58971,0.010770067584575925,-0.42830442985291256,
GSE62398,0.010769655782916757,-0.42835959344080543,
GSE75761,0.010768573315015035,-0.4285046073198898,
GSE85484,0.010768554484495511,-0.4285071300979861,
GSE68270,0.01076790771169139,-0.42859378276255733,profile
GSE70108,0.01076765062045172,-0.42862822851509613,
GSE67291,0.010766109256081692,-0.42883476176794094,
GSE71385,0.010765953808575583,-0.4288555924097155,
GSE65337,0.010765595971727713,-0.428903545246477,
GSE83405,0.010765287491980313,-0.42894488513878276,
GSE57648,0.01076463146846728,-0.4290328038969526,
GSE88967,0.0107637049811481,-0.4291569787178715,
GSE54588,0.010760201515091421,-0.42962663631942366,
GSE79137,0.010758905731493738,-0.4298003814986527,tissues
GSE58973,0.010757216992579446,-0.4300268475114424,
GSE78128,0.010756918775794664,-0.4300668431572054,
GSE81902,0.010756741603646884,-0.4300906053040908,
GSE73369,0.010756724033329994,-0.4300929618383167,
GSE89082,0.010756663012929372,-0.43010114593589094,
GSE62050,0.010756628783025796,-0.4301057368941328,
GSE58724,0.010754976457717407,-0.4303273662431616,"early,pathways"
GSE89412,0.010754191405735698,-0.4304326786019236,"lymph,normal"
GSE68056,0.01075388653730892,-0.43047357785555584,
GSE87084,0.010752110077532637,-0.43071191972469225,
GSE80375,0.010749848867867003,-0.4310153558898648,
GSE74985,0.010749416181891272,-0.43107342614576327,
GSE61102,0.010748766483669122,-0.4311606257400767,early
GSE79525,0.010747827364293132,-0.4312866794653307,
GSE89264,0.010747761851912273,-0.43129547330540957,profile
GSE75064,0.010744303629678865,-0.4317597525636094,pathways
GSE98387,0.010744225998541499,-0.4317701765487618,pathways
GSE98759,0.010742713078308385,-0.43197334020212114,pathways
GSE47948,0.010742454745584488,-0.4320080334698432,
GSE90655,0.010741347394471346,-0.43215675667539616,cancer
GSE94949,0.010738953646949467,-0.4324783022334955,"lymph,node"
GSE103933,0.010737131601959054,-0.43272310059854047,pathways
GSE47703,0.010736499767486857,-0.43280799955617677,
GSE83356,0.010736495222983521,-0.43280861021458084,
GSE36290,0.010736444260964048,-0.4328154581501252,
GSE83978,0.010735579020175294,-0.4329317283850669,
GSE103667,0.010735061084659128,-0.433001332551237,
GSE40594,0.010734698242005148,-0.4330500961437493,"cancer,early,profile"
GSE58905,0.01073349082601259,-0.43321237653554867,
GSE99735,0.01073191112351051,-0.4334247209375128,
GSE80041,0.010730025100721137,-0.4336782820052381,
GSE59269,0.01072986164075429,-0.43370026002277373,
GSE53545,0.010729436699588816,-0.4337573970738047,
GSE95401,0.010728266877793553,-0.4339147015214436,
GSE64936,0.010727315118942074,-0.4340426959777358,profile
GSE52396,0.010723852182218479,-0.4345084945621488,
GSE82076,0.010722671544708627,-0.4346673361444918,
GSE96724,0.010721572365976356,-0.43481523408056194,pathways
GSE100634,0.010721381050009396,-0.4348409777914611,
GSE84759,0.010717002366430299,-0.43543030442587355,
GSE99709,0.01071526274137597,-0.43566450724407985,
GSE83991,0.010713348546048471,-0.43592225610858454,
GSE63804,0.010712094519102055,-0.4360911374197715,early
GSE61627,0.010705681188113079,-0.4369551376050751,
GSE46730,0.010704235025143038,-0.43715003534569086,
GSE77319,0.010702268318958737,-0.4374151283617105,
GSE78505,0.010701598088344444,-0.4375054801108205,
GSE40463,0.010701348606517426,-0.4375391134417613,pathways
GSE70965,0.010700902098114778,-0.43759931042451755,
GSE80087,0.010699315834740642,-0.43781318621912696,
GSE88709,0.01069549711868027,-0.43832819355229313,
GSE56253,0.01069447074147411,-0.4384666462434076,
GSE104065,0.010692761690118624,-0.43869721744314755,
GSE69987,0.010692343232013601,-0.4387536779969031,
GSE88764,0.010688761103098344,-0.4392370879825822,
GSE104096,0.0106884718099946,-0.43927613529313503,tissues
GSE98133,0.010685175648011982,-0.43972110909494677,
GSE87051,0.010685030312020385,-0.4397407322576562,
GSE104264,0.010684568094771474,-0.43980314227774436,cancer
GSE66551,0.010684334010772182,-0.43983475006211026,
GSE60231,0.01068119599151667,-0.4402585359312377,profile
GSE83099,0.010676648549538386,-0.4408728837018967,
GSE81384,0.01067624596051976,-0.440927285055351,alterations
GSE57875,0.010674454282572047,-0.4411694171509423,pathways
GSE60297,0.010672976324753135,-0.44136918287063176,
GSE79068,0.010672664205761176,-0.4414113734548172,normal
GSE72369,0.010670533909853949,-0.4416993684717346,
GSE73729,0.010668580592088063,-0.4419634883218566,
GSE77374,0.010668507424047891,-0.44197338275249576,
GSE76779,0.010667754112794482,-0.44207525612034076,
GSE41265,0.010666345582898955,-0.4422657566923974,
GSE77172,0.010665576666756256,-0.4423697615254764,tissue
GSE74429,0.010663717274675502,-0.44262129687851076,
GSE106072,0.010663118195061223,-0.44270234867731806,
GSE46980,0.010662870626317673,-0.4427358445401929,
GSE38596,0.010662152870377114,-0.4428329607695434,
GSE62355,0.010661780351561016,-0.44288336714092735,
GSE68769,0.01065870264031209,-0.4432998866718075,"lymph,node"
GSE54877,0.010656584595156718,-0.4435866004484819,proliferative
GSE45909,0.01065564929494288,-0.4437132275292536,
GSE56248,0.010655289862392833,-0.44376189282304546,
GSE70156,0.010653477345200918,-0.44400732321750536,
GSE49433,0.010651989771120432,-0.4442087847241359,
GSE98086,0.010651737302150058,-0.4442429792789479,
GSE101510,0.010650682403494444,-0.4443858641794773,
GSE73221,0.010650171731575989,-0.44445503923130825,
GSE87824,0.010649649877498592,-0.4445257324327347,
GSE65633,0.01064727695841998,-0.444847224695697,
GSE101643,0.010646885584670243,-0.44490025640960457,
GSE46700,0.01064637830184191,-0.4449689968737064,
GSE61695,0.010644818767205272,-0.445180345524804,proliferative
GSE80669,0.010644725006249408,-0.44519305302736906,proliferative
GSE53297,0.01064462033131511,-0.4452072398430014,
GSE101712,0.010643460279523006,-0.4453644734611836,
GSE38990,0.010641799090184487,-0.4455896611917063,
GSE101678,0.010638812398552971,-0.4459946199717698,
GSE96729,0.010636681307309924,-0.4462836393309268,
GSE69484,0.010636398380119082,-0.4463220143721699,
GSE68025,0.010636344525771847,-0.4463293190624987,
GSE70849,0.01062979787889433,-0.44721756810205426,
GSE98700,0.010628989835543057,-0.44732724134889473,
GSE60097,0.010628905386762711,-0.4473387038041698,
GSE87795,0.010625053888104818,-0.4478615746728579,
GSE89620,0.010623544869007798,-0.44806648741994504,
GSE63426,0.010619861418652652,-0.44856679283632017,profile
GSE81095,0.010619747567655099,-0.4485822594364519,
GSE81882,0.01061774095893306,-0.44885488342937635,
GSE85316,0.01061752795644146,-0.44888382562356877,
GSE36896,0.010614775952708223,-0.44925781256136627,
GSE66781,0.010613337151446649,-0.4494533788312358,
GSE79039,0.010612349007690284,-0.44958770571116197,early
GSE60843,0.010608934444283569,-0.4500519729876752,
GSE64054,0.010607223952258896,-0.45028459930208126,
GSE104555,0.010607029582124313,-0.4503110359456156,
GSE80166,0.010605133340620613,-0.45056897269925716,
GSE77107,0.010605117983017978,-0.4505710619095001,
GSE86521,0.010604773562766656,-0.4506179167826177,
GSE74720,0.010601078801012987,-0.45112064729509915,sample
GSE107413,0.010600770375083368,-0.45116262142249514,
GSE105159,0.01060012496893436,-0.45125045962326066,
GSE27843,0.010598872098123857,-0.4514209875498014,
GSE43948,0.010597348138523753,-0.45162844047648604,
GSE76143,0.010595895236745504,-0.45182624825479967,
GSE101552,0.010595660375138292,-0.4518582264334895,profile
GSE93267,0.010594336149659309,-0.4520385429834992,profile
GSE61250,0.010593274548697504,-0.4521831148718622,
GSE33527,0.010589802993768336,-0.4526559824346875,pathways
GSE108184,0.010587717183822244,-0.4529401694074737,
GSE38838,0.010584214308437225,-0.4534175543824605,lymph
GSE66066,0.010582969197746329,-0.4535872807913294,
GSE90091,0.010578893544316358,-0.45414299038421074,
GSE96630,0.010578412272647079,-0.45420862522984895,
GSE95434,0.010577391993032042,-0.454347778752314,
GSE75936,0.010575569676479997,-0.45459635359494327,
GSE77458,0.010574449543378637,-0.4547491676851037,
GSE98262,0.010572524526396058,-0.4550118258273892,"pathways,tissues"
GSE84386,0.010569496650361485,-0.45542505990116583,
GSE58363,0.010563796400581136,-0.4562033316328404,
GSE64687,0.010559531185445692,-0.4567859486265691,
GSE39657,0.010558237875754438,-0.45696265777371736,carcinoma
GSE52868,0.010554689212024243,-0.45744763454574516,
GSE76017,0.010554644790243768,-0.4574537064646784,
GSE76130,0.010554158511811022,-0.4575201765031263,
GSE102269,0.010553942153883786,-0.4575497517371689,profile
GSE101902,0.01055383733389526,-0.4575640804142068,
GSE94136,0.010551398791659799,-0.4578974642991181,
GSE87632,0.010551017710153297,-0.45794957059695535,
GSE57244,0.010546821403662152,-0.4585234673464754,
GSE72480,0.010542140385863695,-0.45916392384143745,
GSE48252,0.010538913293309549,-0.4596056200233815,
GSE80262,0.010537366651044522,-0.45981735882507513,
GSE45719,0.010535882814478049,-0.4600205285984868,
GSE72368,0.010535838119123416,-0.4600266488168288,
GSE92395,0.010535307059908103,-0.46009936973351395,
GSE80636,0.010533987318001614,-0.460280105269511,"pathways,proliferative"
GSE90654,0.010532497799673574,-0.4604841184873548,
GSE95445,0.010532344708700202,-0.460505088365293,
GSE71699,0.010530741133822795,-0.460724758886991,tissue
GSE109285,0.01052965268253575,-0.4608738827152688,
GSE55754,0.010529386450998837,-0.4609103602502235,profile
GSE65177,0.01052387146930986,-0.46166619927004515,samples
GSE87799,0.010522099164361197,-0.46190918122710767,
GSE78938,0.010518964013966823,-0.46233910873804607,"pathways,profile"
GSE63961,0.010518882223522562,-0.462350326489806,
GSE90827,0.010506314302130573,-0.4640750837356117,
GSE53110,0.010504787860514935,-0.46428470527149446,
GSE80232,0.010503392479961755,-0.4644763552454153,
GSE107670,0.010500259827455699,-0.4649067053771616,cancers
GSE67335,0.010496782655272546,-0.46538453449189887,
GSE68746,0.010494847320581258,-0.4656505545935017,pathways
GSE60927,0.010493457373973097,-0.4658416390198819,
GSE76069,0.010490906522406576,-0.4661923859799862,profile
GSE23943,0.01048463554137981,-0.4670550205160433,profile
GSE58926,0.0104809667641514,-0.46755993582355004,
GSE76724,0.010478163789226542,-0.4679458142394163,pathways
GSE97690,0.010463356125532354,-0.4699860621895266,
GSE68618,0.010459041190266407,-0.4705811312635178,"alterations,secretory"
GSE104415,0.01045544425639609,-0.4710773690238501,
GSE109847,0.010454417747944554,-0.4712190188016767,
GSE84061,0.010451078615144249,-0.4716798880667895,"alterations,sample"
GSE83948,0.010450011691332509,-0.47182717662168977,
GSE95432,0.010449182527799961,-0.47194165281676004,
GSE45338,0.010447521664705259,-0.47217098266067165,
GSE79633,0.010447095883099045,-0.47222977990933784,
GSE95156,0.010446960535722074,-0.47224847086964183,
GSE60896,0.01044625426893133,-0.47234600756817907,
GSE53074,0.010439888076260059,-0.4732254878215283,
GSE39756,0.010439325928342088,-0.4733031735058188,
GSE104725,0.010427900108388642,-0.47488306490137505,
GSE103583,0.010423376958861384,-0.4755089762518869,
GSE84592,0.010420272228338894,-0.47593876465611396,
GSE99957,0.010419982201498418,-0.4759789196634259,
GSE97381,0.010416003842191537,-0.4765298472077836,
GSE77304,0.0104151808700549,-0.4766438395550587,lymph
GSE77303,0.01041348434043132,-0.4768788594044191,lymph
GSE58619,0.010411917469889113,-0.47709595162533364,
GSE101806,0.010404143490668928,-0.4781735312703593,
GSE71165,0.010396547353760648,-0.47922723757431,
GSE49929,0.010386094552412056,-0.480678468462923,
GSE89732,0.010383348413093837,-0.48105997523762584,
GSE79685,0.010381231455814571,-0.48135414191939185,
GSE83483,0.0103810850050339,-0.4813744945438604,
GSE101690,0.010377738657734777,-0.4818396228934994,
GSE83796,0.010376104304493757,-0.48206684570953834,
GSE74283,0.01037560613474201,-0.4821361129665782,
GSE83436,0.010368370048872238,-0.4831426187136723,
GSE84357,0.010365316990307748,-0.4835674956276572,
GSE86780,0.010360999921950394,-0.48416849128228984,
GSE52359,0.010348917944527544,-0.4858518017620252,
GSE80326,0.01034637523889438,-0.486206312209725,
GSE62149,0.010345871367061159,-0.48627657363749716,
GSE99701,0.010345275798210943,-0.48635962599028254,
GSE87606,0.010345143019996526,-0.48637814262575163,profile
GSE98725,0.01034372003381408,-0.486576600618012,
GSE65732,0.010340916245404612,-0.4869677132877456,
GSE68770,0.010339657742964416,-0.4871433017634503,
GSE69669,0.010339128385170114,-0.4872171650801973,profile
GSE93320,0.010337000727141426,-0.4875140834908781,
GSE88987,0.010332189884323027,-0.4881856704274353,profile
GSE63316,0.010328076857044597,-0.4887600912914352,
GSE68818,0.010323837861797901,-0.48935234412512213,
GSE88779,0.010323654681151114,-0.4893779427599358,
GSE61300,0.010322034149510134,-0.489604424228878,profile
GSE69900,0.010315385453298437,-0.49053400181846635,
GSE85018,0.0103074148951338,-0.4916491835702673,
GSE94579,0.01030451737980665,-0.49205479629644505,sample
GSE56575,0.010302752422906805,-0.49230192215032004,"early,profile"
GSE73897,0.0102900182484926,-0.49408619226259126,
GSE65498,0.010286225559706184,-0.4946180379596748,early
GSE71635,0.010286027442744981,-0.4946458251308142,
GSE70766,0.010285938637695944,-0.4946582807807362,profile
GSE88840,0.010272713232605642,-0.4965144558927941,pathways
GSE90766,0.010267347455306358,-0.4972682200217231,
GSE33920,0.010266693566759947,-0.49736010274100917,
GSE80032,0.010263699007536056,-0.49778096520206144,secretory
GSE95448,0.010260324634514182,-0.4982553547616853,
GSE95436,0.010243018020149626,-0.5006908769171373,
GSE84873,0.010241977850829146,-0.5008373887476578,
GSE87375,0.010240887993297478,-0.5009909153166119,"pathways,proliferative"
GSE55385,0.01023914226803373,-0.5012368670222221,pathways
GSE68242,0.010236122480944625,-0.5016624177482315,
GSE88949,0.01023335386100676,-0.5020526841343467,
GSE89378,0.010231102946493603,-0.5023700522667373,
GSE84480,0.010226902581691465,-0.5029624702858615,
GSE90459,0.010223333118730648,-0.5034660973970538,profile
GSE62784,0.010221857399649816,-0.503674362768946,
GSE77550,0.010219538169096529,-0.5040017320447873,profile
GSE92699,0.010210150892656776,-0.5053275454802508,
GSE64156,0.010198340692684488,-0.5069972934635986,
GSE65921,0.01019355397240196,-0.5076745996044926,profile
GSE56966,0.01019310185859176,-0.5077385887508643,
GSE89811,0.010189078100816257,-0.5083082094170963,
GSE45180,0.010186515177654861,-0.5086711452594145,
GSE65922,0.010183728772627134,-0.5090658320143,profile
GSE82000,0.0101789168608551,-0.5097476806802234,
GSE73467,0.0101728174342858,-0.5106124337867297,
GSE89758,0.010172558675721432,-0.510649131038784,pathways
GSE71295,0.010149165679898608,-0.5139705985856836,
GSE101898,0.010143151380893797,-0.5148257793495891,
GSE64684,0.010141176157104661,-0.5151067495290442,
GSE31555,0.010128977361711608,-0.5168432083799062,
GSE81197,0.010121775966073027,-0.5178692855875084,
GSE72568,0.010118260577992878,-0.5183704341886965,
GSE95811,0.0101096893900548,-0.5195930604155157,
GSE74001,0.010081013609571312,-0.5236910290809994,cancer
GSE106510,0.01005144245571795,-0.5279291794149625,
GSE103319,0.010041302865431454,-0.5293852609638916,lymph
GSE77029,0.01004096564195394,-0.5294337127250607,pathways
GSE88830,0.010037840393800658,-0.529882821107369,lymphimmune
GSE76634,0.010036340604221938,-0.5300983954306088,
GSE88778,0.010034276242257653,-0.5303951720371034,
GSE116525,0.010029731730677536,-0.5310487148826665,
GSE89897,0.010021048171736421,-0.5322983149746137,
GSE83315,0.01001694851770679,-0.5328886485006743,
GSE70941,0.010016392426366285,-0.5329687420029684,profile
GSE64856,0.010003944567034084,-0.5347627644760504,
GSE76983,0.009993348037593273,-0.5362917276420173,
GSE94382,0.009979637380245132,-0.5382724330855643,"normal,pathways"
GSE60019,0.009970588927415083,-0.5395811058514199,
GSE98507,0.009956844925840999,-0.5415711670106212,
GSE71734,0.0099553808873641,-0.541783314168243,
GSE63674,0.009941098331521377,-0.5438545726857068,
GSE81999,0.0099389247025104,-0.54417005358852,
GSE61288,0.00993548812996024,-0.544668979143401,
GSE79672,0.00989524466960612,-0.5505244481236686,
GSE89307,0.009866920414096252,-0.5546599556218292,
GSE79632,0.0098668174660193,-0.5546750082875727,
GSE75242,0.009861592398292285,-0.5554392036308543,
GSE84374,0.00986138955735346,-0.5554688784150427,
GSE58465,0.009851501365157637,-0.5569162203697889,
GSE87341,0.009838511558895617,-0.5588197571391512,
GSE76245,0.009838511558895617,-0.5588197571391512,
GSE107643,0.009830717208159935,-0.559963154460428,"lymph,node"
GSE99933,0.009815035206606234,-0.5622663852250623,
GSE93856,0.009802511484820314,-0.5641084008504331,
GSE84037,0.009747862797489026,-0.5721738828110927,
GSE57776,0.00968939260766557,-0.5808535966474444,
GSE63256,0.009675607545031936,-0.5829075749280886,secretory
GSE53214,0.009598972952506085,-0.5943797757576175,tissues
GSE81830,0.009534294196981126,-0.6041336849624541,
GSE72990,0.00949593441871618,-0.6099498564803044,
GSE70031,0.009352575091246748,-0.6318961837520941,
GSE93238,0.009294955159252456,-0.640811922575649,
GSE80597,0.009280500075432463,-0.6430572814848997,early
