ID,prob,log2(prob/prior),related_words
GSE58150,0.06534055524150759,3.7714816566592075,"artery,atherosclerosis,blood,cac,coronary"
GSE72696,0.035720148373254754,2.9002410154000717,"artery,cad,coronary,disease,myocardial"
GSE85910,0.03389654769244603,2.824641287036112,"artery,coronary"
GSE64486,0.029954463724070905,2.6462739474149735,"artery,coronary,disease,patients"
GSE66249,0.026622380000242345,2.4761424940616883,"artery,coronary,disease,myocardial,patients"
GSE44461,0.024514931823910006,2.357163691796625,"artery,cad,coronary,disease,heart"
GSE85565,0.017139814362854378,1.8408544263633548,"artery,cad,coronary,disease,heart"
GSE77120,0.01488467694204608,1.6373308518790266,"artery,coronary"
GSE100081,0.010257393583075466,1.1001671291502366,"artery,coronary,disease"
GSE78271,0.007615052231415125,0.6704287795673649,artery
GSE60217,0.007404962143163517,0.6300672073745305,"artery,atherosclerosis,coronary,disease,patients"
GSE87891,0.007381323538684429,0.6254543752890434,"artery,coronary,cvd,disease"
GSE99770,0.006256728840730212,0.3869834281044777,"artery,coronary"
GSE61405,0.005742674367285614,0.2632976048555369,"blood,disease,patients"
GSE77513,0.005574839565870382,0.22050513480983153,disease
GSE94892,0.005496084285264373,0.19997897621100655,"blood,disease,patients"
GSE100427,0.005460325236980208,0.19056173332656395,"disease,patients"
GSE92472,0.0053780378539187755,0.16865475723514137,disease
GSE92724,0.005368618270343701,0.1661256747309568,"arteriosclerosis,blood,disease,heart,patients"
GSE53080,0.0053371484140678025,0.15764397740017633,"heart,left,myocardial,patients,ventricular"
GSE84013,0.005319131881323985,0.15276565466671937,"disease,patients"
GSE93624,0.005310404658919568,0.15039664765215216,"disease,patients"
GSE63085,0.005306053604250184,0.1492140978431647,"disease,patients"
GSE67812,0.0052470828469336666,0.13309041649552805,"heart,left,patients"
GSE104288,0.0052449033403541775,0.13249103267574142,"blood,disease,patients"
GSE55296,0.005241263045988224,0.13148936349624946,"heart,patients"
GSE72748,0.005238557968377105,0.1307445793752029,"blood,disease"
GSE93709,0.005234651259175066,0.12966827312925075,disease
GSE103147,0.005200212354376787,0.12014538535540023,"blood,disease"
GSE90749,0.005139512054173469,0.10320624371733071,"blood,disease,heart"
GSE100891,0.0051362924070266205,0.10230218425576525,disease
GSE48166,0.005124411779565962,0.09896125761598608,"disease,heart"
GSE42608,0.005118982871176718,0.09743202629941837,"blood,disease,patients"
GSE84930,0.005109918706608779,0.0948751870151014,"homo,sapiens"
GSE92293,0.005104253103385083,0.09327471687130667,disease
GSE53697,0.005102773596797111,0.0928564801222365,"disease,patients"
GSE94437,0.005074560210951542,0.08485764331813381,disease
GSE78023,0.0050672425710948255,0.08277574036828918,"disease,patients"
GSE52431,0.005059752013889918,0.08064152540192553,disease
GSE55492,0.005049408987998046,0.077689383801659,"disease,patients,stenosis"
GSE65446,0.00504660702820373,0.0768885979080295,"heart,patients"
GSE96049,0.005046306606434792,0.0768027125012896,disease
GSE83687,0.005044855214520635,0.0763877125303188,"disease,patients"
GSE79362,0.005043376964774583,0.07596491028802604,"blood,disease"
GSE51984,0.005038690288860072,0.07462362889859611,blood
GSE95437,0.005038620336139754,0.07460359965737132,"disease,patients"
GSE74201,0.0050320521955591,0.07272173423928224,"disease,patients"
GSE117469,0.005028771897346103,0.07178096237238102,"blood,disease,patients"
GSE69549,0.005022739790595296,0.07004938371826519,disease
GSE71191,0.005017538547116578,0.06855464251845875,disease
GSE123649,0.005010996174089117,0.06667228368463683,"disease,patients"
GSE65705,0.005009415770753896,0.06621720457495901,"disease,myocardial,patients"
GSE69446,0.005005616058250391,0.06512248480926373,"disease,patients"
GSE76284,0.005002507266865373,0.06422620527455439,disease
GSE46224,0.004995481483352876,0.06219858452931916,"heart,myocardial"
GSE68279,0.004993050129690071,0.06149623866365164,heart
GSE66763,0.0049881477540452265,0.06007904732399291,"blood,disease,patients"
GSE84684,0.004985235453267175,0.059236492310883376,"disease,patients"
GSE92494,0.004964496904912213,0.053222371906901544,"disease,patients"
GSE60424,0.004960986137499296,0.05220177332728223,"blood,patients"
GSE96578,0.004956052446189384,0.050766301938671994,"blood,patients"
GSE68719,0.004953537687393535,0.050034075868213644,disease
GSE66207,0.004947781640699251,0.048356679012039036,"disease,patients"
GSE89189,0.004942753855066175,0.04688991070057591,disease
GSE103501,0.004936850283420119,0.04516574150682447,"blood,disease,patients"
GSE115650,0.004935667121266031,0.04481994476411463,disease
GSE74235,0.004922702411212274,0.04102537536350359,"blood,disease,heart"
GSE57344,0.004919049011167258,0.03995427690892457,"heart,myocardial"
GSE72994,0.004909321716200726,0.03709855948008853,"disease,patients"
GSE89714,0.004906432786684756,0.0362493441894485,"heart,patients"
GSE115390,0.004904299116673652,0.03562182012238213,"disease,patients"
GSE79102,0.004896413134419053,0.03330013784969134,"disease,patients"
GSE78922,0.004891945802323678,0.031983267810671026,"disease,patients"
GSE84814,0.004889951459960188,0.03139499177375093,"disease,heart"
GSE79833,0.004881935624680738,0.02902811866113382,"disease,patients"
GSE80753,0.004878217619016407,0.02792896612541919,"nb,patients"
GSE71613,0.004877978093524319,0.027858126578970303,"disease,heart"
GSE67333,0.00487767924533339,0.027769737495960924,disease
GSE104209,0.004875947750961585,0.027257514018331427,blood
GSE96975,0.004872557730712441,0.026254126246063898,"disease,heart"
GSE106118,0.004871568777295394,0.025961281485854533,"heart,ventricular"
GSE63161,0.004866743658551499,0.024531634306422103,"disease,left,ventricular"
GSE97358,0.004866639936746829,0.024500886739192627,"disease,heart"
GSE85623,0.004862807903478425,0.02336444903594287,"disease,heart"
GSE66430,0.0048591907597810065,0.022290917615915135,disease
GSE53695,0.00485888480390271,0.022200076373613094,"disease,patients"
GSE64801,0.004857819415288446,0.02188370760455199,disease
GSE99552,0.004856784970944164,0.02157646138599734,"disease,patients"
GSE107923,0.004854354256670271,0.020854243442292888,"ef1isl1,myocardial"
GSE90068,0.004854255466805209,0.020824883183207705,disease
GSE79338,0.004847953680408243,0.018950762119807958,"blood,disease,patients"
GSE99733,0.004845749920129602,0.018294799401925667,disease
GSE104552,0.004844623160284401,0.017959297180333168,disease
GSE96563,0.004842901765954568,0.017446586842426965,"blood,disease"
GSE96562,0.004842767445082724,0.01740657224942637,"blood,disease"
GSE96564,0.004841425174449959,0.017006644806034303,"blood,disease"
GSE70665,0.004838525716616237,0.01614237728853319,disease
GSE87257,0.004837564183763751,0.01585565017111685,disease
GSE103547,0.004836762303971228,0.015616487681784193,"blood,disease"
GSE64655,0.004834435720084485,0.014922354216205476,blood
GSE95587,0.004833897406183179,0.014761701332918535,disease
GSE96568,0.004826470615080578,0.0125434428192124,"blood,disease"
GSE97395,0.004826210366750318,0.01246564910029334,blood
GSE59841,0.004824161386446506,0.011853019070444417,disease
GSE81507,0.004822920153269815,0.01148177291664978,"papd5,disease"
GSE74322,0.0048192539322859575,0.01038466783636904,blood
GSE66446,0.00481795801978259,0.009996670444052494,"disease,patients"
GSE78081,0.004812806740104848,0.008453339973560913,"blood,disease,patients"
GSE54416,0.0048120797765592175,0.008235407699270239,blood
GSE66769,0.004806892891219328,0.006679504643659545,disease
GSE105064,0.004804313602644461,0.005905173777355516,blood
GSE74263,0.004802851535846053,0.005466060572702598,"disease,patients"
GSE64417,0.004802521465889872,0.005366909755960908,heart
GSE67250,0.0048016444239712104,0.005103419090611404,"disease,patients"
GSE86654,0.004796881301060598,0.0036715878775289267,disease
GSE25183,0.004794422594314046,0.002931925335992624,"disease,patients"
GSE83415,0.004792534474035973,0.0023636570570013445,"disease,patients"
GSE75061,0.004791946110352516,0.0021865312624515473,"arteriosclerosis,disease,patients"
GSE99400,0.004788518412074307,0.001154196450906289,disease
GSE92340,0.0047883766141238945,0.0011114746294131747,disease
GSE84712,0.004787502188939729,0.0008479940849585443,disease
GSE115259,0.0047867312390538425,0.0006156526473048434,"blood,disease,patients"
GSE62098,0.004784808241558326,3.595509846835503e-05,disease
GSE43143,0.0047843481130844315,-0.00010278755414767931,disease
GSE61390,0.004781204300684182,-0.0010510992723716088,"disease,patients"
GSE40524,0.004779198373110554,-0.0016565009283615918,disease
GSE76314,0.004777352513226813,-0.0022138176768911628,"heart,left,patients,ventricular"
GSE83256,0.004777274868277011,-0.0022372655790560644,"disease,patients"
GSE86356,0.004774762564710222,-0.0029961587483963723,heart
GSE73579,0.00477235055919175,-0.003725130622715381,disease
GSE36761,0.004770519304160331,-0.004278830426378789,"heart,left,patients,ventricular"
GSE92447,0.004768517003760724,-0.004884490957707115,"heart,left,patients"
GSE99321,0.004767242440292705,-0.005270156392400236,"left,patients"
GSE93960,0.004767125486478816,-0.005305550178042774,blood
GSE76025,0.0047655421147276035,-0.005784812162185976,disease
GSE80072,0.004764718642217491,-0.006034127420163186,"disease,patients"
GSE59612,0.004759653796126229,-0.0075685128245160755,"disease,patients"
GSE54159,0.004759263630084274,-0.007686780604130756,disease
GSE52912,0.0047569609973810625,-0.008384955978671156,disease
GSE77466,0.004754778260570713,-0.009047090114549829,"disease,patients"
GSE63887,0.004754651029987509,-0.009085694940526136,disease
GSE84504,0.004753841733443687,-0.00933127920761231,disease
GSE94989,0.004753287631492289,-0.009499447769887644,"disease,homo,sapiens"
GSE73570,0.0047529522031381395,-0.009601258965844085,blood
GSE95453,0.004752686372239354,-0.009681950634573576,disease
GSE87534,0.004752403773769456,-0.009767736966936755,"atherosclerosis,disease"
GSE58966,0.004751582435540517,-0.010017093514102736,disease
GSE101705,0.004750856242324349,-0.010237600141769266,blood
GSE53837,0.0047506315110883175,-0.010305846009833463,disease
GSE95455,0.004750002933330139,-0.010496748211400014,disease
GSE106694,0.0047498793756429744,-0.010534276268432575,disease
GSE106681,0.0047498793756429744,-0.010534276268432575,disease
GSE98394,0.004749815288605217,-0.010553741747024697,disease
GSE103305,0.0047456591797685735,-0.011816658731507569,"blood,patients"
GSE40783,0.004745480963656587,-0.011870837997036258,disease
GSE104704,0.004743114039962844,-0.01259059664299999,disease
GSE62408,0.004741302046847833,-0.013141849031977971,"blood,disease"
GSE76234,0.004741188151237048,-0.013176505884647019,"blood,disease"
GSE64810,0.004737425344689715,-0.014321944008727562,disease
GSE50792,0.0047373425358289666,-0.014347162132116675,"blood,disease"
GSE102246,0.00473565384160245,-0.014861523315191383,"disease,heart,patients"
GSE106804,0.0047354325073456415,-0.014928953348657474,"disease,patients"
GSE72509,0.004733984979790278,-0.015370023951949962,"blood,patients"
GSE46665,0.004733437015430593,-0.015537027274625062,"left,ventricular"
GSE47718,0.004732226274672364,-0.015906093792985316,disease
GSE33601,0.004730578694444271,-0.016408472497040312,"disease,homo,patients,sapiens"
GSE76717,0.004730256415806938,-0.016506761873533428,"heart,patients,stenosis"
GSE68987,0.004728890481529005,-0.016923422412594535,disease
GSE63734,0.004727866830429525,-0.017235752807014306,"disease,patients"
GSE95089,0.0047276442134740835,-0.01730368533360157,disease
GSE60407,0.0047270036029145885,-0.01749918826436897,"blood,disease,patients"
GSE41795,0.0047259911276337115,-0.017808231718632005,disease
GSE100206,0.004725766601036781,-0.017876774188149067,blood
GSE108111,0.004725010210936572,-0.01810770552227963,"disease,patients"
GSE58933,0.004724499559530937,-0.018263631971194773,"disease,patients"
GSE107218,0.004724233583813779,-0.018344853832881692,blood
GSE76712,0.004722371702312949,-0.01891355066341355,"heart,patients,stenosis"
GSE67785,0.004721395460809381,-0.019211825442237814,"disease,patients"
GSE89843,0.004718843719660692,-0.019991760001125257,"blood,patients"
GSE92581,0.004718155646085737,-0.02020214050400341,disease
GSE79209,0.004717892821251652,-0.02028250806170869,"disease,patients"
GSE94888,0.004716533662109954,-0.020698188266654056,disease
GSE39682,0.004715058714875221,-0.021149416223379815,disease
GSE79210,0.004714783041702507,-0.021233768077750213,"disease,patients"
GSE65832,0.004714124608242438,-0.021435258796379992,disease
GSE74246,0.004713642470502797,-0.021582818175139108,"blood,disease"
GSE69599,0.004710260210011516,-0.02261839140052252,disease
GSE73189,0.004709658404879474,-0.022802728721523828,"disease,patients"
GSE97577,0.004708913823304686,-0.023030832115901765,disease
GSE67488,0.004708697855776065,-0.023097000756785918,"blood,disease"
GSE97038,0.004707521084708906,-0.02345759598134913,"disease,patients"
GSE63744,0.004707218400198794,-0.02355036146732832,disease
GSE98624,0.004706622141850636,-0.02373311768872049,"disease,patients"
GSE79666,0.004706211999138559,-0.023858841960131508,"disease,patients"
GSE70935,0.004705921281432169,-0.023947964581101287,disease
GSE126250,0.004705516552878966,-0.024072047614374634,"disease,patients"
GSE56930,0.004705276235850874,-0.02414572986251861,disease
GSE93657,0.0047051077648342715,-0.02419738605427318,disease
GSE94116,0.004704506345505235,-0.024381806940082622,disease
GSE89232,0.004704286594530502,-0.024449197867602385,blood
GSE83888,0.004704088098987755,-0.02451007310791354,disease
GSE30786,0.004703263604282094,-0.024762959247107988,heart
GSE72712,0.004702854418528678,-0.024888479734134963,"blood,bap"
GSE63738,0.004702400648706227,-0.025027689456440665,"disease,patients"
GSE53638,0.004700770594188802,-0.025527876368170384,disease
GSE75844,0.00469880027921766,-0.026132704762524515,disease
GSE62642,0.004698040005270577,-0.02636615418219329,disease
GSE120306,0.004694024353323408,-0.027599825775986447,"disease,patients"
GSE83142,0.004693263527782264,-0.027833682295887643,"disease,patients"
GSE92661,0.004692836101590252,-0.027965077800375517,disease
GSE67427,0.00469151749434409,-0.028370507567698485,disease
GSE72502,0.00468691854825557,-0.0297854294623319,blood
GSE92626,0.0046866776356157495,-0.029859587440554072,"blood,disease,patients"
GSE114976,0.004685714275063255,-0.03015616818745677,"left,ventricular"
GSE67898,0.00468535252189021,-0.03026755348015492,disease
GSE94555,0.004684293117167792,-0.030593798037253015,disease
GSE86618,0.004684293117167792,-0.030593798037253015,disease
GSE86884,0.004682037979864291,-0.03128851519671446,blood
GSE96083,0.0046816642449660955,-0.03140368021832106,blood
GSE79309,0.004679554146065061,-0.03205407189699025,"disease,heart"
GSE100745,0.004678182546449193,-0.03247699467053913,blood
GSE74009,0.004677971030648238,-0.03254222506562506,disease
GSE70404,0.004676339272201111,-0.033045550221036904,"blood,patients"
GSE69637,0.004676051842642502,-0.033134227692680034,disease
GSE84231,0.004676024189214131,-0.033142759587381956,left
GSE56052,0.004675909757633654,-0.033178065626672214,disease
GSE117588,0.0046755521842247886,-0.03328839476818683,disease
GSE57896,0.004672194063679421,-0.03432495351452832,"disease,heart"
GSE55807,0.004670555083194039,-0.034831131943480836,"blood,patients"
GSE118644,0.0046705114767860165,-0.034844601657715774,blood
GSE99356,0.0046705030985168365,-0.03484718966082823,"disease,patients"
GSE74369,0.004670442459982477,-0.03486592072231677,"blood,disease,patients"
GSE85011,0.004669926643641622,-0.03502526467745621,disease
GSE63634,0.004669527588709765,-0.035148551233021574,heart
GSE60942,0.004669141990693493,-0.03526769033339074,disease
GSE68108,0.0046690951368688624,-0.035282167537068226,disease
GSE53439,0.00466889858487795,-0.03534290105029546,"blood,disease"
GSE108140,0.004668272857831827,-0.035536264385922965,disease
GSE100791,0.004667301926113824,-0.035836354827502005,disease
GSE85402,0.004666425910825153,-0.03610716257730967,disease
GSE89413,0.004665688969741754,-0.03633501687663284,disease
GSE36242,0.004663065056291496,-0.037146595145643634,bap
GSE41745,0.004662029124360407,-0.037467135364728885,disease
GSE109484,0.004661974626195851,-0.03748400027251884,disease
GSE109313,0.004661974626195851,-0.03748400027251884,disease
GSE63311,0.004661455400055949,-0.03764468898381971,"disease,patients"
GSE81781,0.004660762949621958,-0.03785901453843457,disease
GSE96783,0.004660235115904942,-0.03802240972024089,blood
GSE79027,0.0046583425215500395,-0.03860842974046397,blood
GSE99668,0.004657584890870186,-0.038843088079600886,disease
GSE50893,0.004656807223352863,-0.039083992061213636,disease
GSE75859,0.004655748456555454,-0.03941203898349006,disease
GSE78959,0.004655638790324023,-0.0394460220891328,disease
GSE78960,0.0046556326693051155,-0.03944791887920324,disease
GSE83647,0.004655109567277142,-0.0396100276957194,disease
GSE76878,0.004654679629569937,-0.039743278618033964,disease
GSE103544,0.004654649908288136,-0.03975249061245087,blood
GSE65420,0.004653025020411098,-0.040256207754266624,"disease,patients"
GSE107006,0.004652943399060833,-0.040281515107989274,disease
GSE85013,0.004652567412544529,-0.04039809847322085,blood
GSE72041,0.004651831907723582,-0.04062618609573464,"disease,patients"
GSE71686,0.004651538077502583,-0.040717315955884986,"disease,patients"
GSE71689,0.004651538077502583,-0.040717315955884986,"disease,patients"
GSE71840,0.0046512939040541,-0.04079304941512037,"disease,patients"
GSE72061,0.004651242665111811,-0.04080894232075768,"disease,patients"
GSE63034,0.004651085714844102,-0.04085762505128767,disease
GSE68452,0.004650788466010121,-0.04094983000063525,blood
GSE62772,0.004650712240414459,-0.040973475709499475,disease
GSE71645,0.004650616895009168,-0.04100305306159329,blood
GSE69292,0.004650191388518144,-0.04113505795540073,disease
GSE66627,0.004649028781924732,-0.04149579503761103,disease
GSE93841,0.004648812410838075,-0.04156294126807401,heart
GSE104527,0.004648260393623403,-0.04173426239586934,disease
GSE71800,0.004647708850176421,-0.041905456808385436,"disease,patients"
GSE99621,0.004647640510649614,-0.04192667023299051,disease
GSE97919,0.004647360559009673,-0.04201357390082811,disease
GSE98884,0.004645469169871331,-0.04260084340808637,"disease,patients"
GSE58464,0.004645120917290572,-0.042709000643904496,disease
GSE73433,0.004645071002475998,-0.042724503414153785,left
GSE89225,0.004644861705450327,-0.04278950965059358,blood
GSE98834,0.004644721301160022,-0.042833119912370175,"disease,patients"
GSE52249,0.004644547674677262,-0.042887050973323716,disease
GSE61410,0.0046440221983575685,-0.04305028430024011,blood
GSE76308,0.00464315497954438,-0.04331971649924381,disease
GSE57152,0.004642930872560676,-0.04338935144322989,"disease,patients"
GSE90087,0.004642503492750899,-0.04352215701986062,disease
GSE35871,0.00464147770329667,-0.04384096450845509,disease
GSE103826,0.004641168364303569,-0.04393711852062258,disease
GSE77383,0.00464088464130626,-0.04402531576773673,disease
GSE67070,0.004639034155449466,-0.04460068433780453,disease
GSE104583,0.004638581589306377,-0.04474143492476337,disease
GSE46622,0.004638428921255111,-0.04478891863521781,"disease,patients"
GSE79400,0.004637446648653683,-0.0450944681880334,"disease,patients"
GSE54968,0.004637065689888643,-0.045212988127703205,disease
GSE61490,0.004636731888016246,-0.04531684510799819,blood
GSE63703,0.004636355568039131,-0.04543393986584269,blood
GSE89972,0.004635926217853506,-0.045567546975365886,disease
GSE110999,0.004635746730837309,-0.045623404214860344,disease
GSE87626,0.004635048070499997,-0.04584085133291516,"disease,heart"
GSE93620,0.004633639085762239,-0.046279475546946676,left
GSE97100,0.004633504621801156,-0.04632134184274771,disease
GSE99179,0.004633446725858409,-0.04633936852409208,disease
GSE99651,0.0046332097341695066,-0.046413161425741416,disease
GSE58114,0.004632979540662383,-0.04648484116838232,blood
GSE51924,0.004632808654916959,-0.046538055425454854,disease
GSE76528,0.004632516797301646,-0.04662894517057343,blood
GSE57989,0.004632469055191146,-0.04664381347305269,disease
GSE81412,0.004631537094025637,-0.046934084384937014,disease
GSE99381,0.00462885269240212,-0.047770501232995574,disease
GSE106148,0.004628429892999765,-0.047902283015795195,"disease,patients"
GSE48846,0.004628338032844467,-0.047930916377152064,blood
GSE74053,0.004627941973505403,-0.0480543769562014,disease
GSE53239,0.004626808858424742,-0.04840765270516157,disease
GSE17403,0.0046267291189354106,-0.04843251665797744,disease
GSE47944,0.00462653165043951,-0.048494092101901726,"disease,patients"
GSE42951,0.004626382647819506,-0.048540556455520426,disease
GSE109843,0.004626312234885028,-0.048562514251097866,"blood,patients"
GSE81749,0.004625987468060318,-0.048663794906219256,disease
GSE74737,0.004625239784169411,-0.04889699204093505,blood
GSE52778,0.004625151180644922,-0.04892462933018605,disease
GSE96827,0.004624632823888801,-0.049086326235083085,disease
GSE69896,0.004624435445437532,-0.04914790149965579,disease
GSE67844,0.0046239052527057446,-0.04931331634555483,left
GSE81748,0.0046232650688029986,-0.04951307261933648,disease
GSE81747,0.0046232237125745845,-0.049525977934435896,disease
GSE55536,0.0046229584452892524,-0.04960875800314513,disease
GSE95277,0.004622873879655301,-0.049635148795546986,disease
GSE24491,0.004622752703462872,-0.04967296565746099,disease
GSE81750,0.004622083352382808,-0.04988187568673067,disease
GSE97158,0.004621527179848732,-0.05005548476620461,blood
GSE61566,0.00462152226827847,-0.050057018004363546,"blood,disease"
GSE87487,0.004621367086556358,-0.0501054617090006,blood
GSE81547,0.004620733305414527,-0.0503033286165177,disease
GSE66742,0.004619872809089695,-0.050572019602529654,disease
GSE69790,0.004619815499419263,-0.05058991639180815,disease
GSE98212,0.004619487722522117,-0.05069227954471469,blood
GSE85800,0.0046188547961576445,-0.05088995996776779,blood
GSE58910,0.00461803937823821,-0.051144677488498345,disease
GSE66573,0.004618016482112366,-0.05115183035281849,disease
GSE46561,0.00461655706788915,-0.05160783184949056,"disease,patients"
GSE115823,0.004616489137309708,-0.05162906062012806,blood
GSE78853,0.004616323913991529,-0.05168069534087415,disease
GSE100684,0.004615858524034027,-0.05182614649261277,"disease,patients"
GSE56512,0.004615634721747637,-0.05189609800320404,disease
GSE107654,0.004615528917897909,-0.05192916917283633,disease
GSE82117,0.004615452115524704,-0.05195317580930398,disease
GSE79253,0.004615366073907521,-0.05198007089311496,disease
GSE79271,0.0046148115880906395,-0.0521534053550318,disease
GSE113964,0.004614738492715293,-0.05217625681249246,blood
GSE100027,0.004614377449129234,-0.052289133450883485,disease
GSE57253,0.004614253584682077,-0.05232786045665766,"disease,patients"
GSE86053,0.004614237115630849,-0.052333009688380686,"disease,patients"
GSE93999,0.004613632107009548,-0.05252218509124714,disease
GSE75035,0.004613395285717456,-0.05259624164038514,"disease,patients"
GSE117632,0.004613236372850482,-0.052645937523698415,disease
GSE81266,0.004611577847617887,-0.053164700524632645,"disease,patients"
GSE38994,0.004611229143738782,-0.053273793853341515,"disease,patients"
GSE63537,0.004611149338475377,-0.053298762392200674,disease
GSE36866,0.004610358439893278,-0.0535462328693638,blood
GSE66388,0.004610297448099454,-0.05356531883451743,disease
GSE85118,0.004610133698116918,-0.053616561836938595,"disease,patients"
GSE77408,0.0046098822544801835,-0.0536952507437117,disease
GSE87290,0.0046096285665466735,-0.05377464634957538,blood
GSE95299,0.004609440885339231,-0.05383338693043241,disease
GSE63582,0.004609425403990788,-0.05383823239926209,disease
GSE57395,0.0046093782208714105,-0.05385300022708666,blood
GSE62591,0.0046088686286369016,-0.05401250695376747,disease
GSE53327,0.004608080919947029,-0.05425910121303331,disease
GSE69197,0.004607969416359953,-0.054294011107457206,"disease,patients"
GSE125686,0.0046072303148698215,-0.054525432690908995,"blood,patients"
GSE63511,0.00460679251711712,-0.05466252995205699,"disease,patients"
GSE84815,0.004606706321527467,-0.05468952381224402,heart
GSE83482,0.004606563390258593,-0.05473428668997582,blood
GSE52946,0.0046065201346545525,-0.05474783365180935,disease
GSE58596,0.004606266043626171,-0.05482741345743606,disease
GSE93526,0.0046057613507788555,-0.054985493288845264,disease
GSE70050,0.004605431363268344,-0.055088861302077,"blood,disease"
GSE50243,0.00460537191947307,-0.05510748275473913,disease
GSE77624,0.004605086619302583,-0.05519685966024853,disease
GSE27823,0.004604354514204803,-0.05542623392539445,disease
GSE64713,0.004604208927273742,-0.05547185179941169,disease
GSE57866,0.004604145318338643,-0.055491783329580324,blood
GSE95750,0.004603940005010379,-0.05555611907586479,disease
GSE45735,0.0046030302408438355,-0.055841231815598795,blood
GSE34995,0.00460289581466447,-0.05588336467245238,disease
GSE80551,0.004602876495367422,-0.05588941997191141,disease
GSE87540,0.004602857044166121,-0.05589551664015297,disease
GSE34993,0.004602496275607837,-0.0560085984507324,disease
GSE61727,0.004602338855481469,-0.05605794408972234,disease
GSE67939,0.004602252881665757,-0.056084894551213495,"blood,patients"
GSE118158,0.004602187924714148,-0.056105257129219196,disease
GSE68673,0.004601865703372122,-0.056206270693716746,disease
GSE85799,0.00460181230506318,-0.056223011278390134,atherosclerosis
GSE70072,0.004601812153179223,-0.056223058894898655,disease
GSE90878,0.004601706069849737,-0.05625631702285983,blood
GSE80609,0.004601464744330554,-0.0563319777134792,disease
GSE45734,0.004601164150016358,-0.056426225983520886,blood
GSE85579,0.004601014680399124,-0.05647309294395294,disease
GSE81671,0.004600875503107567,-0.05651673406210254,"disease,patients"
GSE52077,0.004600586148969731,-0.05660746959861599,disease
GSE86550,0.004600283886195079,-0.05670225911406939,"disease,patients"
GSE58434,0.004600261296841803,-0.05670934337859944,disease
GSE56961,0.004599832551473623,-0.05684380914104136,disease
GSE76240,0.00459958270518779,-0.05692217325171317,disease
GSE55320,0.0045993736844934935,-0.05698773571475412,blood
GSE80819,0.004599076277793757,-0.05708102690462734,blood
GSE74620,0.004598856869930951,-0.05714985511430859,disease
GSE61603,0.004598756812858025,-0.057181244091471774,disease
GSE83717,0.004597807152901045,-0.05747919661383477,"disease,patients"
GSE51633,0.004597434742392198,-0.057596055920136835,disease
GSE52202,0.004597339587436815,-0.05762591626848852,"disease,patients"
GSE72713,0.004597336290810551,-0.05762695078594776,"disease,patients"
GSE88858,0.004597134418164044,-0.05769030204895588,blood
GSE85263,0.004596843411900864,-0.057781629937854,blood
GSE79970,0.004596695131155633,-0.05782816781765313,blood
GSE89942,0.004596057198446303,-0.058028399984179434,disease
GSE89940,0.0045959914303082125,-0.058049044645779,disease
GSE81162,0.004595820750149081,-0.058102622637659286,"disease,patients"
GSE87554,0.004595491267910499,-0.058206055616745196,atherosclerosis
GSE65952,0.004595479753236172,-0.0582096705043366,atherosclerosis
GSE98011,0.004595088611272527,-0.05833246999816419,blood
GSE98052,0.004595088611272527,-0.05833246999816419,blood
GSE58123,0.004594939760090537,-0.05837920475314627,disease
GSE55716,0.004594869969629377,-0.05840111736182459,disease
GSE83115,0.004594382369001569,-0.05855422209383339,heart
GSE104001,0.004594226615593114,-0.05860313149249818,disease
GSE118530,0.004594120698743015,-0.05863639225401776,atherosclerosis
GSE71777,0.00459377620188999,-0.05874457890588577,disease
GSE46323,0.004593644346830905,-0.05878598914477975,disease
GSE95703,0.004593581127081531,-0.058805844283671964,blood
GSE113215,0.004593512175109203,-0.05882750002728246,"disease,patients"
GSE81259,0.004593505076525702,-0.058829729497617465,"blood,patients"
GSE87088,0.004593371516483449,-0.058871677685052595,blood
GSE81147,0.004593016792147157,-0.0589830944952094,disease
GSE73941,0.004592677932695211,-0.059089536275770876,"homo,sapiens"
GSE81148,0.004591883583749852,-0.059339086193861176,disease
GSE90081,0.004591608862703519,-0.05942540165469509,"blood,patients"
GSE58871,0.0045915778250619314,-0.05943515379262325,disease
GSE70390,0.0045914034935698655,-0.05948993059557602,disease
GSE83381,0.004591268330805649,-0.05953240160039701,disease
GSE77649,0.004590868303610753,-0.059658105948663595,blood
GSE74142,0.004590542411936708,-0.05976052208421751,"disease,heart"
GSE84076,0.00459053888260046,-0.05976163126858046,"blood,patients"
GSE86452,0.004590078818828419,-0.05990622540038221,"blood,disease,patients"
GSE77704,0.004589954146929793,-0.0599454112138903,"disease,patients"
GSE77702,0.004589954146929793,-0.0599454112138903,"disease,patients"
GSE79373,0.004589543743950248,-0.06007441311590888,"disease,patients"
GSE85020,0.00458927096259741,-0.06016016281620986,disease
GSE95389,0.004588622536653022,-0.060364018068177094,heart
GSE95304,0.0045885929128061265,-0.06037333204304096,disease
GSE80774,0.004588521881531886,-0.06039566508984141,disease
GSE62966,0.004587452292292985,-0.060731998010686176,tbl1x
GSE75042,0.004587221124165625,-0.060804699260286275,"blood,patients"
GSE113695,0.004586822371990282,-0.06093011348717834,disease
GSE53635,0.004586523636113299,-0.0610240780597632,blood
GSE63288,0.00458629813823929,-0.061095010357944034,"disease,patients"
GSE81965,0.00458547537989326,-0.06135384566095373,disease
GSE54201,0.00458538656741919,-0.06138178835961167,"disease,patients"
GSE70503,0.004584640414221321,-0.06161656880744232,heart
GSE57637,0.004584078169585811,-0.0617935068475884,disease
GSE101923,0.004583905605683959,-0.061847816953620384,disease
GSE45883,0.004583812128913198,-0.061877237247203544,disease
GSE90463,0.004583662181725888,-0.06192443193926735,patients
GSE87725,0.0045833803029254475,-0.06201315524306704,blood
GSE51310,0.004583040917312651,-0.06211998645428682,disease
GSE56148,0.004582983196460643,-0.062138156510554696,"disease,patients"
GSE89115,0.004582933298180505,-0.06215386426904141,disease
GSE35394,0.004582870681149572,-0.062173576076147076,"blood,patients"
GSE98454,0.004582753218343378,-0.06221055402982528,"disease,patients"
GSE92772,0.004582288778568565,-0.062356771572683004,blood
GSE46030,0.0045822091632585,-0.06238183800048768,disease
GSE75011,0.004581649151178941,-0.06255816692730025,disease
GSE49295,0.004581235225676356,-0.06268851196838593,disease
GSE85531,0.004580957741429271,-0.0627758982849051,"blood,patients"
GSE86422,0.00458067880266882,-0.06286374799703953,left
GSE71747,0.004580340569330129,-0.06297027927719512,disease
GSE107601,0.004580292328287954,-0.06298547410338046,disease
GSE77913,0.004580058392168694,-0.06305916090632376,nb
GSE93902,0.0045796255505679275,-0.06319551024660329,blood
GSE114069,0.004579488390177171,-0.06323871980090004,disease
GSE59535,0.0045789613413308155,-0.06340476771950487,disease
GSE119265,0.004578645860967293,-0.06350416965847812,bap
GSE52463,0.004578534319725676,-0.06353931584823691,disease
GSE82102,0.004578388634103632,-0.06358522208235727,"patients,ventricular"
GSE83886,0.004577877628808586,-0.06374625383583124,disease
GSE67124,0.0045772247744260575,-0.06395201227308484,disease
GSE74085,0.0045771476789331945,-0.06397631219878655,disease
GSE87326,0.004575678067317041,-0.06443960112565052,disease
GSE51827,0.004574889783692625,-0.06468816556385582,"blood,patients"
GSE97647,0.004574360052609585,-0.06485522634392732,"disease,patients"
GSE49159,0.0045741410157878115,-0.06492430942852058,left
GSE81608,0.004574089192657563,-0.06494065466061705,blood
GSE41616,0.004573955521285071,-0.06498281602564009,disease
GSE62520,0.004573705675684867,-0.06506162327499715,"disease,patients"
GSE81626,0.004573595647627578,-0.06509633010863192,nb
GSE97590,0.004573457020018023,-0.06514005946542413,blood
GSE92744,0.004573383842556398,-0.06516314344875325,disease
GSE77131,0.004573084235106801,-0.06525765909746743,blood
GSE91383,0.0045729680692744735,-0.06529430701170441,"heart,patients"
GSE72930,0.004572865519273955,-0.06532666018668075,blood
GSE94968,0.0045726805722429405,-0.06538501037415732,blood
GSE70089,0.004572170627225646,-0.06554590859596385,disease
GSE76326,0.004571465149697296,-0.06576853096598385,disease
GSE67141,0.00457121704671675,-0.0658468311698105,disease
GSE57662,0.0045710075497286924,-0.06591295080242647,blood
GSE56657,0.004569983481452148,-0.06623620201780211,disease
GSE98852,0.00456976935540867,-0.06630380090950548,blood
GSE80351,0.0045690488772682,-0.06653127676382589,disease
GSE87426,0.004568696363987207,-0.06664258850412078,disease
GSE66117,0.004567927165057094,-0.06688550526237952,"disease,patients"
GSE97142,0.0045676676898479965,-0.06696745802045279,heart
GSE50514,0.004567125368710635,-0.06713875998894717,disease
GSE93155,0.004567107131032262,-0.06714452104399948,blood
GSE87273,0.004567056713139914,-0.06716044754685277,blood
GSE76663,0.004566675355007352,-0.06728092042318971,blood
GSE70909,0.004565883617309582,-0.06753106631473692,disease
GSE92532,0.004565822576879743,-0.06755035355932189,"blood,patients"
GSE63807,0.004564867890842724,-0.06785204395636309,blood
GSE39957,0.0045638149295115235,-0.06818486351585529,"disease,patients"
GSE63283,0.0045634187152900655,-0.06831011861833901,blood
GSE84070,0.0045631768050269006,-0.06838659899622217,heart
GSE94964,0.004562114208295377,-0.06872258894760536,blood
GSE104873,0.004562005865459759,-0.06875685102885971,patients
GSE90728,0.004561616604180483,-0.06887995680607285,"blood,patients"
GSE90729,0.004561589382450278,-0.06888856620395967,"blood,patients"
GSE72819,0.004561307680970579,-0.06897766275411825,patients
GSE114725,0.004560697038127767,-0.06917081577903407,blood
GSE108444,0.0045605004423548805,-0.06923300668044892,blood
GSE102628,0.004560263712523135,-0.06930789710598054,patients
GSE79029,0.004559493109100356,-0.06955170749718434,disease
GSE46516,0.00455869130340258,-0.06980543368972181,blood
GSE102132,0.00455841221120939,-0.06989376106750068,blood
GSE72986,0.004557834488213886,-0.07007661660645596,"disease,patients"
GSE73313,0.004557047568283119,-0.07032572251424024,blood
GSE80183,0.004556990898285176,-0.07034366352366228,patients
GSE64413,0.004556455682470625,-0.07051311713169153,disease
GSE58708,0.004555529612234885,-0.0708063653971367,patients
GSE106170,0.004553900832194174,-0.07132227754484093,blood
GSE64098,0.0045538622456335305,-0.071334501982216,left
GSE104674,0.004553351094862571,-0.07149644716909449,patients
GSE42630,0.004553150617124505,-0.07155996843065257,"blood,patients"
GSE80715,0.004552415408863985,-0.07179294270391584,patients
GSE97726,0.004552275127395889,-0.07183739965224616,"cad,patients"
GSE69797,0.004551928207719728,-0.07194734871164284,blood
GSE83808,0.004551927238601651,-0.07194765586543089,patients
GSE76511,0.004550779868751309,-0.07231135092502111,blood
GSE70685,0.004550509796468173,-0.07239697218486646,blood
GSE106520,0.004550465028663529,-0.07241116545338835,patients
GSE49074,0.0045502943483079865,-0.07246527955361827,blood
GSE125862,0.004550240312183545,-0.07248241209619295,heart
GSE113098,0.004548973355494876,-0.07288416816222938,blood
GSE50957,0.0045486320601121465,-0.07299241316382707,blood
GSE84686,0.0045471587206670884,-0.0734597896857262,blood
GSE68799,0.004546972756330539,-0.07351879253318633,patients
GSE60216,0.0045468684025233765,-0.07355190301256848,blood
GSE98310,0.004546562570498216,-0.0736489450086026,blood
GSE107029,0.0045462935800007626,-0.07373430240355368,blood
GSE102860,0.004545876188147335,-0.0738667612495333,blood
GSE50386,0.0045457209879962305,-0.07391601694884072,blood
GSE40174,0.004543852599919883,-0.07450911721346684,blood
GSE46056,0.0045435607602385426,-0.07460178069084206,blood
GSE62731,0.004543501557750912,-0.07462057909506228,patients
GSE67073,0.004543378119572232,-0.07465977487063606,patients
GSE109142,0.004543122737431172,-0.07474087067513427,patients
GSE81074,0.00454283517736501,-0.07483218993622669,blood
GSE81080,0.00454283517736501,-0.07483218993622669,blood
GSE92852,0.004542255623980428,-0.07501625387422875,blood
GSE95573,0.0045406320238775425,-0.07553202813734441,blood
GSE81201,0.0045402230747406515,-0.07566196940075195,patients
GSE101968,0.004539848045806529,-0.07578114300117282,patients
GSE63755,0.004539490530348137,-0.0758947604799799,patients
GSE59089,0.0045393821862069784,-0.0759291937317824,blood
GSE69737,0.004539045882677932,-0.07603608083385109,patients
GSE64283,0.004538991591332138,-0.07605333695458537,heart
GSE84359,0.004538343277561179,-0.07625941485683345,patients
GSE65507,0.004538083652589574,-0.07634194946257894,patients
GSE71595,0.0045378751951243804,-0.07640822136979424,patients
GSE79782,0.004537638453573032,-0.0764834889249766,blood
GSE53665,0.004537520273676313,-0.07652106348561247,blood
GSE56524,0.004537434668499383,-0.07654828172857264,blood
GSE84865,0.004537369755747424,-0.07656892113873857,blood
GSE73893,0.004537291125521596,-0.076593922499859,blood
GSE70285,0.004537026298633475,-0.07667813036265145,blood
GSE66767,0.004536829557827623,-0.07674069185568778,blood
GSE60481,0.004536787779787956,-0.07675397717914878,"blood,patients"
GSE45144,0.0045367122338647705,-0.07677800092490895,blood
GSE85037,0.004536453068637305,-0.07686041899535533,patients
GSE64813,0.004536115653489329,-0.07696772866163402,blood
GSE89223,0.004535454272167002,-0.07717809391557975,patients
GSE101638,0.004535347952558185,-0.07721191380683007,patients
GSE113185,0.004534812062873848,-0.07738239048852931,"blood,patients"
GSE60514,0.004534487997372023,-0.07748549165168403,blood
GSE77088,0.0045341378321750525,-0.07759690469328642,patients
GSE43788,0.0045340104891704106,-0.07763742390730687,blood
GSE94153,0.004534004215847743,-0.07763942004246924,"blood,patients"
GSE103152,0.0045337999865184145,-0.07770440614805788,patients
GSE56701,0.004533251266934336,-0.07787902411405936,patients
GSE74207,0.004533066880127518,-0.07793770591355587,ventricular
GSE73982,0.004533048039463295,-0.07794370216069864,ventricular
GSE79671,0.004532984274979921,-0.07796399608879402,patients
GSE80126,0.004532004305997211,-0.0782759206730247,blood
GSE43603,0.004531614882108717,-0.07839989320572278,patients
GSE74442,0.0045311008387704434,-0.07856355447427946,patients
GSE74118,0.004531034114251117,-0.07858479960771411,patients
GSE76490,0.004531019894716276,-0.07858932715795365,patients
GSE88945,0.00453073266714851,-0.07868078447483182,patients
GSE70830,0.00453017305115715,-0.07885899076935995,blood
GSE94064,0.0045300792859820265,-0.0788888518699408,blood
GSE61476,0.00452995178311708,-0.07892945829823378,patients
GSE97156,0.0045296608345321765,-0.07902212232228276,patients
GSE50760,0.00452929068182375,-0.07914002061904493,patients
GSE89385,0.004528623205516462,-0.0793526445790772,blood
GSE48403,0.00452858335411015,-0.07936534019905246,patients
GSE84346,0.004528530343755506,-0.0793822280903416,patients
GSE87194,0.004528299168159029,-0.07945587767958169,patients
GSE48953,0.00452824761087815,-0.07947230368283889,patients
GSE55689,0.0045281804451892315,-0.07949370276108977,patients
GSE93904,0.004527440249890984,-0.07972955099820273,patients
GSE40049,0.004526736931878511,-0.07995368476329996,patients
GSE54460,0.004526483959871083,-0.08003431053506868,patients
GSE81810,0.004526409860213684,-0.08005792800156913,blood
GSE66385,0.004525585252788824,-0.08032077768961357,blood
GSE57803,0.00452506681693622,-0.08048605745699963,patients
GSE88710,0.004525023690615196,-0.0804998071823582,patients
GSE104282,0.004524208482581026,-0.08075974008469966,patients
GSE119794,0.004523974262130129,-0.08083443103482597,patients
GSE67528,0.004523824317016988,-0.0808822493122251,patients
GSE24455,0.004523711571267323,-0.08091820556284185,patients
GSE90834,0.004523654492596931,-0.08093640911824883,blood
GSE84776,0.004523502172091956,-0.08098498836702711,patients
GSE63569,0.004523489800191819,-0.08098893418217273,patients
GSE103270,0.0045229921407267575,-0.0811476634755509,patients
GSE50535,0.004522563666025965,-0.08128434016842606,patients
GSE94897,0.004522240669791421,-0.08138737944903364,patients
GSE68795,0.004522221282221186,-0.0813935645270585,patients
GSE89980,0.004521679992641948,-0.08156625898022672,patients
GSE52742,0.004521333760312439,-0.08167673269588571,patients
GSE69164,0.0045208039504889665,-0.08184579758524244,patients
GSE58441,0.004520553249734452,-0.08192580432037498,patients
GSE104600,0.004520504355015165,-0.08194140872687825,patients
GSE76203,0.0045202461152025145,-0.08202382695054197,patients
GSE38003,0.0045202008013294475,-0.08203828953199663,patients
GSE95558,0.004520147305806337,-0.08205536359263833,patients
GSE56545,0.004520087300938852,-0.08207451546834006,patients
GSE81827,0.004520009116472424,-0.08209947014510117,patients
GSE84339,0.004519835996552543,-0.08215472756307671,patients
GSE37764,0.004519475378292718,-0.08226983858288904,patients
GSE75432,0.004519358340980721,-0.08230719940948901,patients
GSE55405,0.004519264055251473,-0.08233729814534821,patients
GSE64850,0.004518786641933698,-0.08248971194556351,patients
GSE108971,0.0045187339533766845,-0.08250653370969999,patients
GSE61600,0.004518431439687117,-0.08260312041159609,patients
GSE29580,0.004518315487584136,-0.08264014336361815,patients
GSE81550,0.004518299670439299,-0.08264519377597236,patients
GSE71058,0.0045182345903513185,-0.08266597402589591,patients
GSE88956,0.004518068230051943,-0.08271909468457841,patients
GSE80062,0.004517797101303772,-0.08280567324373156,patients
GSE101547,0.004517762055326945,-0.08281686472753358,patients
GSE70380,0.004517726251960616,-0.0828282981636233,patients
GSE83322,0.0045176496706314795,-0.08285275392611054,patients
GSE55282,0.004517556779712551,-0.08288241860921931,patients
GSE104766,0.004517511353008748,-0.08289692583358964,patients
GSE65485,0.004517392029310567,-0.08293503309392258,patients
GSE76978,0.004517036165764707,-0.08304868778507198,patients
GSE94344,0.0045169958630797095,-0.08306156010688687,patients
GSE68042,0.004516363452587444,-0.08326356147771806,patients
GSE101799,0.004516352776777898,-0.08326697173374713,patients
GSE93072,0.004516342724638723,-0.08327018277331676,patients
GSE74958,0.004516316973946612,-0.08327840856661518,patients
GSE71340,0.00451627784104274,-0.08329090925938591,patients
GSE125506,0.004516167761463245,-0.08332607388045041,patients
GSE46523,0.004516061844687378,-0.08335990951438794,patients
GSE74484,0.004516029445942641,-0.08337025961091804,patients
GSE46513,0.0045159758474811115,-0.08338738232777577,patients
GSE84829,0.004515969754166466,-0.08338932892825576,patients
GSE102215,0.004515615822519429,-0.08350240219272738,patients
GSE40996,0.004515551491530889,-0.08352295546007726,patients
GSE60939,0.004515293180453793,-0.0836054868563245,patients
GSE74697,0.004515259127893786,-0.08361636713424657,patients
GSE79613,0.004514732443408307,-0.0837846607788585,patients
GSE86958,0.004514699818839377,-0.08379508608632848,patients
GSE101872,0.004514370874716954,-0.08390020566517918,patients
GSE80688,0.004514246227422625,-0.08394004078751623,patients
GSE47702,0.004514019374232498,-0.08401254197144589,patients
GSE60052,0.004513950813536024,-0.08403445435590155,patients
GSE99824,0.004513454796975664,-0.0841929939548572,patients
GSE79111,0.00451342436105771,-0.08420272262123868,patients
GSE79112,0.00451342436105771,-0.08420272262123868,patients
GSE63183,0.00451340348011528,-0.0842093971325118,patients
GSE102728,0.0045132917391750745,-0.08424511521014505,patients
GSE61162,0.004513139263608177,-0.08429385556924651,patients
GSE99095,0.004512996659091197,-0.0843394420375283,patients
GSE76199,0.004512971967314858,-0.0843473354182277,patients
GSE81928,0.004512962795692665,-0.0843502673813322,patients
GSE46718,0.0045127269703057245,-0.08442565754544228,patients
GSE72299,0.004512656656689606,-0.0844481366132528,patients
GSE66876,0.0045126482595862,-0.08445082116730461,patients
GSE109185,0.004512448162886661,-0.08451479356220365,patients
GSE46562,0.004512332753352297,-0.08455169213391474,patients
GSE75327,0.0045122525360190326,-0.08457733966123843,patients
GSE81198,0.004511897561525778,-0.08469083953342342,patients
GSE66741,0.004511614122021528,-0.08478147315404666,patients
GSE85417,0.004511128580878425,-0.08493674474341688,patients
GSE63646,0.004511112466999505,-0.0849418981001236,patients
GSE104836,0.004511087041511374,-0.08495002942677062,patients
GSE51005,0.0045110610345324475,-0.08495834676743268,patients
GSE96075,0.004511009124109958,-0.08497494848029442,patients
GSE95352,0.004510903868695819,-0.08500861128864402,patients
GSE51684,0.004510886480374076,-0.08501417250090419,patients
GSE107848,0.004510347587882779,-0.08518653417998445,patients
GSE102902,0.004510282249200312,-0.08520743378342184,patients
GSE71854,0.004510162261148542,-0.0852458146341807,patients
GSE77509,0.00451014493972856,-0.08525135536048901,patients
GSE78936,0.004510087687374066,-0.08526966923138889,patients
GSE50174,0.0045100728204145605,-0.08527442490923576,patients
GSE35420,0.00450940749596412,-0.08548726650394077,patients
GSE66301,0.00450928367593913,-0.08552688079666276,patients
GSE58963,0.004508678039140912,-0.08572066055184205,patients
GSE75688,0.0045084535459899875,-0.08579249606905986,patients
GSE64795,0.004508416135933965,-0.08580446725289805,patients
GSE114885,0.004508183541100119,-0.08587889961663152,patients
GSE85530,0.00450789570072355,-0.08597101635004688,patients
GSE85527,0.004507880637191866,-0.08597583725101966,patients
GSE60065,0.00450783936826753,-0.08598904495322125,patients
GSE52148,0.004507752642104063,-0.08601680117950329,patients
GSE84073,0.004507715596938947,-0.08602865744133802,patients
GSE74220,0.004507456977429158,-0.08611143102803831,patients
GSE69827,0.004507290010105274,-0.0861648730005128,patients
GSE76371,0.004507175530784739,-0.08620151604879561,patients
GSE96619,0.0045071406011981206,-0.08621269665099698,patients
GSE85870,0.004507126537573268,-0.08621719829744671,patients
GSE56235,0.0045070420525114676,-0.08624424154130769,patients
GSE33294,0.004506932342797717,-0.08627935982610221,patients
GSE80434,0.004506899401202553,-0.08628990465927257,patients
GSE101343,0.004506805851409445,-0.08631985101736081,patients
GSE96914,0.004506725444841266,-0.08634559057566639,patients
GSE69415,0.0045066678374461175,-0.08636403199960008,patients
GSE32625,0.004506589666668956,-0.08638905660197149,patients
GSE55008,0.004506586790610701,-0.08638997731510789,patients
GSE96048,0.004506510674655917,-0.08641434454533582,patients
GSE74516,0.004506328491465508,-0.08647266907116588,patients
GSE84789,0.0045059863075210226,-0.08658222296293036,patients
GSE77108,0.004505965676581788,-0.08658882844724165,patients
GSE85431,0.004505947085425573,-0.08659478087256678,patients
GSE94783,0.004505850791518364,-0.08662561217710772,patients
GSE76271,0.004505846079348624,-0.08662712093267576,patients
GSE56022,0.004505797614160882,-0.08664263874238737,patients
GSE61586,0.004505787122929383,-0.08664599789576566,patients
GSE71359,0.004505747159741769,-0.08665879365080136,patients
GSE94019,0.004505566884360316,-0.08671651717426947,patients
GSE79989,0.004505560441775724,-0.08671858010923969,patients
GSE63602,0.004505495124546136,-0.08673949504923069,patients
GSE63124,0.00450545302400736,-0.08675297603647218,patients
GSE93069,0.004505442117040732,-0.08675646856999265,patients
GSE108023,0.004505432186115473,-0.0867596485714311,patients
GSE49155,0.004505425469960799,-0.0867617991687242,patients
GSE75935,0.004505419126884094,-0.08676383030469792,patients
GSE68873,0.004505413184628861,-0.08676573309499734,patients
GSE71900,0.004505404164798024,-0.08676862137132409,patients
GSE78220,0.004505380776199978,-0.08677611075535344,patients
GSE102741,0.004505365779817016,-0.08678091284521257,patients
GSE68925,0.0045052756819753395,-0.08680976400080181,patients
GSE46831,0.004505204302607284,-0.08683262153125379,patients
GSE53300,0.0045051467922087125,-0.08685103812034059,patients
GSE65508,0.00450510901213137,-0.08686313658489261,patients
GSE102244,0.004505079436097858,-0.08687260790663524,patients
GSE67543,0.004505069560222498,-0.0868757705350027,patients
GSE64399,0.004505042805632722,-0.08688433840018005,patients
GSE97214,0.004504836632464567,-0.08695036481248831,patients
GSE71401,0.004504732021901728,-0.08698386722443031,patients
GSE87750,0.004504718132521832,-0.08698831547358063,patients
GSE74698,0.00450470930292676,-0.08699114326993375,patients
GSE80372,0.004504706461959333,-0.08699205312906903,patients
GSE60902,0.004504703091823521,-0.08699313246244693,patients
GSE82071,0.004504610571563107,-0.08702276369205493,patients
GSE87285,0.004504515397151942,-0.08705324559484755,patients
GSE107871,0.004504501970037864,-0.08705754600411629,patients
GSE63356,0.00450445423956857,-0.08707283312722988,patients
GSE36968,0.004504447518659585,-0.08707498571415392,patients
GSE67994,0.0045043919544189934,-0.08709278206952079,patients
GSE83919,0.004504318789344055,-0.08711621603111318,patients
GSE72627,0.0045042779360312726,-0.08712930105945928,patients
GSE66556,0.004504193364136325,-0.0871563892188987,patients
GSE101878,0.00450418403882385,-0.08715937612352342,patients
GSE66727,0.004504180095208604,-0.087160639268324,patients
GSE52687,0.004504170427912466,-0.08716373571981338,patients
GSE79978,0.004504160709648147,-0.08716684850319698,patients
GSE103559,0.004504125082784585,-0.08717825993053555,patients
GSE83484,0.0045040567866626155,-0.0872001357047834,patients
GSE47462,0.004503958410417329,-0.08723164695739921,patients
GSE48240,0.004503935428874162,-0.08723900835817759,patients
GSE93988,0.0045039271560771265,-0.08724165829275285,patients
GSE79134,0.0045038398943287586,-0.08726961019047173,patients
GSE93530,0.004503809508553084,-0.08727934356394527,patients
GSE82147,0.004503805693510453,-0.08728056562837896,patients
GSE66539,0.004503802385314416,-0.08728162533656665,patients
GSE59810,0.004503771670145602,-0.0872914643057398,patients
GSE89063,0.004503617123143682,-0.08734097126017326,patients
GSE68919,0.00450361210126639,-0.08734257997630201,patients
GSE73737,0.004503547794076209,-0.08736318040206253,patients
GSE115938,0.0045035377956381935,-0.08736638336861559,patients
GSE81383,0.0045034591127226156,-0.08739158942858538,patients
GSE72259,0.004503450190265916,-0.08739444776402543,patients
GSE95132,0.004503436036937576,-0.08739898183631045,patients
GSE80170,0.004503403853601185,-0.08740929194293495,patients
GSE79955,0.0045033110162092235,-0.08743903331854923,patients
GSE65469,0.004503113725915176,-0.0875022392492116,patients
GSE78213,0.004503096042720992,-0.08750790455286557,patients
GSE99293,0.004503094242635245,-0.08750848126170654,patients
GSE55030,0.004503036749214426,-0.08752690104111598,patients
GSE100568,0.004503012993454157,-0.08753451199564351,patients
GSE71536,0.004502981839408956,-0.08754449329973031,patients
GSE101467,0.0045029332741733825,-0.08756005303433555,patients
GSE77742,0.004502906172864414,-0.08756873605034558,patients
GSE57353,0.0045028539928426235,-0.08758545420789944,patients
GSE90748,0.004502852902261698,-0.08758580362537668,patients
GSE83930,0.0045027824439792955,-0.08760837833792197,patients
GSE94405,0.004502622981227484,-0.08765947123388967,patients
GSE77808,0.004502571235083916,-0.08767605142148319,patients
GSE81975,0.00450256823580285,-0.08767701243889676,patients
GSE52248,0.0045025637811953855,-0.08767843976724356,patients
GSE92541,0.004502474208886593,-0.08770714048474021,patients
GSE86906,0.004502369369568206,-0.08774073377559895,patients
GSE61999,0.004502322098523017,-0.08775588092477436,patients
GSE59536,0.00450231503377491,-0.08775814470884684,patients
GSE72536,0.00450228993344728,-0.08776618773090679,patients
GSE62000,0.004502288114356138,-0.08776677063301608,patients
GSE36266,0.004502283165532028,-0.08776835641512165,patients
GSE117123,0.004502269701637325,-0.08777267074241933,patients
GSE103837,0.004502256234230299,-0.08777698620810158,patients
GSE113519,0.004502203083453436,-0.08779401784975722,patients
GSE71414,0.004502190268744932,-0.08779812422665237,patients
GSE89478,0.004502122511381714,-0.08781983675803319,patients
GSE64513,0.004502057040871371,-0.08784081678848465,patients
GSE74927,0.004502046338787163,-0.08784424630126624,patients
GSE45162,0.004502033391869642,-0.08784839518805132,patients
GSE90711,0.004502025931118132,-0.08785078601841302,patients
GSE61910,0.004502020632206811,-0.08785248408006363,patients
GSE89779,0.004502003908780645,-0.08785784319562073,patients
GSE87360,0.004501990202851528,-0.08786223535219534,patients
GSE71709,0.0045019458679438655,-0.08787644286120493,patients
GSE71299,0.004501924898879024,-0.0878831626302114,patients
GSE36597,0.004501880911695774,-0.08789725891182228,patients
GSE86562,0.0045017485930874115,-0.08793966301119449,patients
GSE86563,0.0045017445882653976,-0.08794094645457433,patients
GSE86564,0.004501743746196037,-0.08794121631648665,patients
GSE62518,0.004501742242381712,-0.08794169825103332,patients
GSE106847,0.004501738931809286,-0.08794275920653039,patients
GSE56398,0.004501708149771011,-0.0879526241157292,patients
GSE39305,0.004501699314873112,-0.08795545550227618,patients
GSE57961,0.004501392024051421,-0.08805393877386497,patients
GSE48423,0.004501378350951199,-0.08805832100579201,patients
GSE51607,0.004501350229378732,-0.08806733401840895,patients
GSE87532,0.004501335310829134,-0.0880721154622183,patients
GSE75665,0.004501289233193819,-0.08808688359469795,patients
GSE101927,0.004501140463514046,-0.08813456611741523,patients
GSE74289,0.004501139465130582,-0.08813488611698973,patients
GSE53844,0.0045009650904315555,-0.08819077738375306,patients
GSE66511,0.004500887717356454,-0.08821557800072241,patients
GSE45732,0.004500661629747608,-0.08828804896312671,patients
GSE107245,0.004500531793165235,-0.08832966890944433,patients
GSE40069,0.004500358151851712,-0.08838533261902734,patients
GSE59093,0.004500013168539236,-0.08849592932590208,patients
GSE58326,0.004499947927391744,-0.08851684565630547,patients
GSE40665,0.004499492271888536,-0.08866293739553321,patients
GSE85159,0.004495805459401075,-0.08984554336346692,
GSE106545,0.004495805459401075,-0.08984554336346692,
GSE106542,0.004495805459401075,-0.08984554336346692,
GSE82052,0.004495805459401075,-0.08984554336346692,
GSE106540,0.004495805459401075,-0.08984554336346692,
GSE106394,0.004495805459401075,-0.08984554336346692,
GSE82237,0.004495805459401075,-0.08984554336346692,
GSE81796,0.004495805459401075,-0.08984554336346692,
GSE85557,0.004495805459401075,-0.08984554336346692,
GSE82236,0.004495805459401075,-0.08984554336346692,
GSE85201,0.004495805459401075,-0.08984554336346692,
GSE82207,0.004495805459401075,-0.08984554336346692,
GSE81802,0.004495805459401075,-0.08984554336346692,
GSE82204,0.004495805459401075,-0.08984554336346692,
GSE82184,0.004495805459401075,-0.08984554336346692,
GSE85567,0.004495805459401075,-0.08984554336346692,
GSE81812,0.004495805459401075,-0.08984554336346692,
GSE82177,0.004495805459401075,-0.08984554336346692,
GSE85671,0.004495805459401075,-0.08984554336346692,
GSE83100,0.004495805459401075,-0.08984554336346692,
GSE83083,0.004495805459401075,-0.08984554336346692,
GSE82336,0.004495805459401075,-0.08984554336346692,
GSE85187,0.004495805459401075,-0.08984554336346692,
GSE82227,0.004495805459401075,-0.08984554336346692,
GSE81955,0.004495805459401075,-0.08984554336346692,
GSE82061,0.004495805459401075,-0.08984554336346692,
GSE106387,0.004495805459401075,-0.08984554336346692,
GSE85088,0.004495805459401075,-0.08984554336346692,
GSE85223,0.004495805459401075,-0.08984554336346692,
GSE81978,0.004495805459401075,-0.08984554336346692,
GSE106338,0.004495805459401075,-0.08984554336346692,
GSE106336,0.004495805459401075,-0.08984554336346692,
GSE106292,0.004495805459401075,-0.08984554336346692,
GSE106289,0.004495805459401075,-0.08984554336346692,
GSE106261,0.004495805459401075,-0.08984554336346692,
GSE106844,0.004495805459401075,-0.08984554336346692,
GSE81791,0.004495805459401075,-0.08984554336346692,
GSE85107,0.004495805459401075,-0.08984554336346692,
GSE81995,0.004495805459401075,-0.08984554336346692,
GSE82022,0.004495805459401075,-0.08984554336346692,
GSE85111,0.004495805459401075,-0.08984554336346692,
GSE82032,0.004495805459401075,-0.08984554336346692,
GSE106696,0.004495805459401075,-0.08984554336346692,
GSE106688,0.004495805459401075,-0.08984554336346692,
GSE85133,0.004495805459401075,-0.08984554336346692,
GSE82070,0.004495805459401075,-0.08984554336346692,
GSE106605,0.004495805459401075,-0.08984554336346692,
GSE85143,0.004495805459401075,-0.08984554336346692,
GSE81687,0.004495805459401075,-0.08984554336346692,
GSE81698,0.004495805459401075,-0.08984554336346692,
GSE85089,0.004495805459401075,-0.08984554336346692,
GSE81534,0.004495805459401075,-0.08984554336346692,
GSE83139,0.004495805459401075,-0.08984554336346692,
GSE81579,0.004495805459401075,-0.08984554336346692,
GSE85455,0.004495805459401075,-0.08984554336346692,
GSE83126,0.004495805459401075,-0.08984554336346692,
GSE85465,0.004495805459401075,-0.08984554336346692,
GSE85510,0.004495805459401075,-0.08984554336346692,
GSE85541,0.004495805459401075,-0.08984554336346692,
GSE83480,0.004495805459401075,-0.08984554336346692,
GSE83479,0.004495805459401075,-0.08984554336346692,
GSE83403,0.004495805459401075,-0.08984554336346692,
GSE81593,0.004495805459401075,-0.08984554336346692,
GSE82104,0.004495805459401075,-0.08984554336346692,
GSE85556,0.004495805459401075,-0.08984554336346692,
GSE81601,0.004495805459401075,-0.08984554336346692,
GSE83392,0.004495805459401075,-0.08984554336346692,
GSE85297,0.004495805459401075,-0.08984554336346692,
GSE85306,0.004495805459401075,-0.08984554336346692,
GSE83321,0.004495805459401075,-0.08984554336346692,
GSE85324,0.004495805459401075,-0.08984554336346692,
GSE85331,0.004495805459401075,-0.08984554336346692,
GSE81673,0.004495805459401075,-0.08984554336346692,
GSE81662,0.004495805459401075,-0.08984554336346692,
GSE81620,0.004495805459401075,-0.08984554336346692,
GSE81617,0.004495805459401075,-0.08984554336346692,
GSE83402,0.004495805459401075,-0.08984554336346692,
GSE85378,0.004495805459401075,-0.08984554336346692,
GSE85685,0.004495805459401075,-0.08984554336346692,
GSE82333,0.004495805459401075,-0.08984554336346692,
GSE85689,0.004495805459401075,-0.08984554336346692,
GSE85761,0.004495805459401075,-0.08984554336346692,
GSE85782,0.004495805459401075,-0.08984554336346692,
GSE85783,0.004495805459401075,-0.08984554336346692,
GSE82329,0.004495805459401075,-0.08984554336346692,
GSE82320,0.004495805459401075,-0.08984554336346692,
GSE81814,0.004495805459401075,-0.08984554336346692,
GSE82289,0.004495805459401075,-0.08984554336346692,
GSE82260,0.004495805459401075,-0.08984554336346692,
GSE85447,0.004495805459401075,-0.08984554336346692,
GSE82143,0.004495805459401075,-0.08984554336346692,
GSE83314,0.004495805459401075,-0.08984554336346692,
GSE83299,0.004495805459401075,-0.08984554336346692,
GSE82110,0.004495805459401075,-0.08984554336346692,
GSE85241,0.004495805459401075,-0.08984554336346692,
GSE85361,0.004495805459401075,-0.08984554336346692,
GSE83277,0.004495805459401075,-0.08984554336346692,
GSE82115,0.004495805459401075,-0.08984554336346692,
GSE83266,0.004495805459401075,-0.08984554336346692,
GSE81817,0.004495805459401075,-0.08984554336346692,
GSE85227,0.004495805459401075,-0.08984554336346692,
GSE83254,0.004495805459401075,-0.08984554336346692,
GSE83245,0.004495805459401075,-0.08984554336346692,
GSE81826,0.004495805459401075,-0.08984554336346692,
GSE84826,0.004495805459401075,-0.08984554336346692,
GSE84259,0.004495805459401075,-0.08984554336346692,
GSE84237,0.004495805459401075,-0.08984554336346692,
GSE84204,0.004495805459401075,-0.08984554336346692,
GSE84629,0.004495805459401075,-0.08984554336346692,
GSE84631,0.004495805459401075,-0.08984554336346692,
GSE84405,0.004495805459401075,-0.08984554336346692,
GSE84636,0.004495805459401075,-0.08984554336346692,
GSE84639,0.004495805459401075,-0.08984554336346692,
GSE84389,0.004495805459401075,-0.08984554336346692,
GSE84661,0.004495805459401075,-0.08984554336346692,
GSE84358,0.004495805459401075,-0.08984554336346692,
GSE84666,0.004495805459401075,-0.08984554336346692,
GSE84337,0.004495805459401075,-0.08984554336346692,
GSE84675,0.004495805459401075,-0.08984554336346692,
GSE83492,0.004495805459401075,-0.08984554336346692,
GSE84335,0.004495805459401075,-0.08984554336346692,
GSE84325,0.004495805459401075,-0.08984554336346692,
GSE84691,0.004495805459401075,-0.08984554336346692,
GSE84323,0.004495805459401075,-0.08984554336346692,
GSE84582,0.004495805459401075,-0.08984554336346692,
GSE84577,0.004495805459401075,-0.08984554336346692,
GSE104969,0.004495805459401075,-0.08984554336346692,
GSE105019,0.004495805459401075,-0.08984554336346692,
GSE84531,0.004495805459401075,-0.08984554336346692,
GSE84471,0.004495805459401075,-0.08984554336346692,
GSE84465,0.004495805459401075,-0.08984554336346692,
GSE84461,0.004495805459401075,-0.08984554336346692,
GSE105022,0.004495805459401075,-0.08984554336346692,
GSE84432,0.004495805459401075,-0.08984554336346692,
GSE84425,0.004495805459401075,-0.08984554336346692,
GSE84336,0.004495805459401075,-0.08984554336346692,
GSE85008,0.004495805459401075,-0.08984554336346692,
GSE85001,0.004495805459401075,-0.08984554336346692,
GSE84986,0.004495805459401075,-0.08984554336346692,
GSE84944,0.004495805459401075,-0.08984554336346692,
GSE85050,0.004495805459401075,-0.08984554336346692,
GSE84913,0.004495805459401075,-0.08984554336346692,
GSE84902,0.004495805459401075,-0.08984554336346692,
GSE85082,0.004495805459401075,-0.08984554336346692,
GSE84197,0.004495805459401075,-0.08984554336346692,
GSE84852,0.004495805459401075,-0.08984554336346692,
GSE84863,0.004495805459401075,-0.08984554336346692,
GSE84868,0.004495805459401075,-0.08984554336346692,
GSE84877,0.004495805459401075,-0.08984554336346692,
GSE84188,0.004495805459401075,-0.08984554336346692,
GSE84170,0.004495805459401075,-0.08984554336346692,
GSE84773,0.004495805459401075,-0.08984554336346692,
GSE84275,0.004495805459401075,-0.08984554336346692,
GSE84285,0.004495805459401075,-0.08984554336346692,
GSE84722,0.004495805459401075,-0.08984554336346692,
GSE84293,0.004495805459401075,-0.08984554336346692,
GSE84714,0.004495805459401075,-0.08984554336346692,
GSE84706,0.004495805459401075,-0.08984554336346692,
GSE84320,0.004495805459401075,-0.08984554336346692,
GSE84166,0.004495805459401075,-0.08984554336346692,
GSE84697,0.004495805459401075,-0.08984554336346692,
GSE84694,0.004495805459401075,-0.08984554336346692,
GSE84897,0.004495805459401075,-0.08984554336346692,
GSE84054,0.004495805459401075,-0.08984554336346692,
GSE84068,0.004495805459401075,-0.08984554336346692,
GSE84896,0.004495805459401075,-0.08984554336346692,
GSE84884,0.004495805459401075,-0.08984554336346692,
GSE84085,0.004495805459401075,-0.08984554336346692,
GSE84322,0.004495805459401075,-0.08984554336346692,
GSE83724,0.004495805459401075,-0.08984554336346692,
GSE83719,0.004495805459401075,-0.08984554336346692,
GSE83712,0.004495805459401075,-0.08984554336346692,
GSE83671,0.004495805459401075,-0.08984554336346692,
GSE104465,0.004495805459401075,-0.08984554336346692,
GSE84023,0.004495805459401075,-0.08984554336346692,
GSE84022,0.004495805459401075,-0.08984554336346692,
GSE83939,0.004495805459401075,-0.08984554336346692,
GSE83923,0.004495805459401075,-0.08984554336346692,
GSE104522,0.004495805459401075,-0.08984554336346692,
GSE83849,0.004495805459401075,-0.08984554336346692,
GSE83816,0.004495805459401075,-0.08984554336346692,
GSE83549,0.004495805459401075,-0.08984554336346692,
GSE83547,0.004495805459401075,-0.08984554336346692,
GSE83525,0.004495805459401075,-0.08984554336346692,
GSE83601,0.004495805459401075,-0.08984554336346692,
GSE106391,0.004495805459401075,-0.08984554336346692,
GSE106393,0.004495805459401075,-0.08984554336346692,
GSE83551,0.004495805459401075,-0.08984554336346692,
GSE85083,0.004495805459401075,-0.08984554336346692,
GSE83559,0.004495805459401075,-0.08984554336346692,
GSE83560,0.004495805459401075,-0.08984554336346692,
GSE105216,0.004495805459401075,-0.08984554336346692,
GSE83520,0.004495805459401075,-0.08984554336346692,
GSE105783,0.004495805459401075,-0.08984554336346692,
GSE104589,0.004495805459401075,-0.08984554336346692,
GSE105884,0.004495805459401075,-0.08984554336346692,
GSE106092,0.004495805459401075,-0.08984554336346692,
GSE104537,0.004495805459401075,-0.08984554336346692,
GSE83493,0.004495805459401075,-0.08984554336346692,
GSE83501,0.004495805459401075,-0.08984554336346692,
GSE83518,0.004495805459401075,-0.08984554336346692,
GSE105248,0.004495805459401075,-0.08984554336346692,
GSE83592,0.004495805459401075,-0.08984554336346692,
GSE83584,0.004495805459401075,-0.08984554336346692,
GSE105039,0.004495805459401075,-0.08984554336346692,
GSE83577,0.004495805459401075,-0.08984554336346692,
GSE106984,0.004495805459401075,-0.08984554336346692,
GSE105083,0.004495805459401075,-0.08984554336346692,
GSE105137,0.004495805459401075,-0.08984554336346692,
GSE105142,0.004495805459401075,-0.08984554336346692,
GSE106917,0.004495805459401075,-0.08984554336346692,
GSE106885,0.004495805459401075,-0.08984554336346692,
GSE85183,0.004495805459401075,-0.08984554336346692,
GSE104690,0.004495805459401075,-0.08984554336346692,
GSE83668,0.004495805459401075,-0.08984554336346692,
GSE83660,0.004495805459401075,-0.08984554336346692,
GSE83652,0.004495805459401075,-0.08984554336346692,
GSE83763,0.004495805459401075,-0.08984554336346692,
GSE104348,0.004495805459401075,-0.08984554336346692,
GSE104310,0.004495805459401075,-0.08984554336346692,
GSE104280,0.004495805459401075,-0.08984554336346692,
GSE85161,0.004495805459401075,-0.08984554336346692,
GSE104854,0.004495805459401075,-0.08984554336346692,
GSE83765,0.004495805459401075,-0.08984554336346692,
GSE83772,0.004495805459401075,-0.08984554336346692,
GSE83649,0.004495805459401075,-0.08984554336346692,
GSE83786,0.004495805459401075,-0.08984554336346692,
GSE83611,0.004495805459401075,-0.08984554336346692,
GSE104784,0.004495805459401075,-0.08984554336346692,
GSE104736,0.004495805459401075,-0.08984554336346692,
GSE83635,0.004495805459401075,-0.08984554336346692,
GSE83637,0.004495805459401075,-0.08984554336346692,
GSE83645,0.004495805459401075,-0.08984554336346692,
GSE104714,0.004495805459401075,-0.08984554336346692,
GSE104827,0.004495805459401075,-0.08984554336346692,
GSE78740,0.004495805459401075,-0.08984554336346692,
GSE78785,0.004495805459401075,-0.08984554336346692,
GSE78236,0.004495805459401075,-0.08984554336346692,
GSE78275,0.004495805459401075,-0.08984554336346692,
GSE78276,0.004495805459401075,-0.08984554336346692,
GSE78285,0.004495805459401075,-0.08984554336346692,
GSE78502,0.004495805459401075,-0.08984554336346692,
GSE78506,0.004495805459401075,-0.08984554336346692,
GSE78508,0.004495805459401075,-0.08984554336346692,
GSE81345,0.004495805459401075,-0.08984554336346692,
GSE78138,0.004495805459401075,-0.08984554336346692,
GSE78158,0.004495805459401075,-0.08984554336346692,
GSE78167,0.004495805459401075,-0.08984554336346692,
GSE78172,0.004495805459401075,-0.08984554336346692,
GSE78195,0.004495805459401075,-0.08984554336346692,
GSE78199,0.004495805459401075,-0.08984554336346692,
GSE108571,0.004495805459401075,-0.08984554336346692,
GSE108643,0.004495805459401075,-0.08984554336346692,
GSE108763,0.004495805459401075,-0.08984554336346692,
GSE78512,0.004495805459401075,-0.08984554336346692,
GSE77422,0.004495805459401075,-0.08984554336346692,
GSE77460,0.004495805459401075,-0.08984554336346692,
GSE77523,0.004495805459401075,-0.08984554336346692,
GSE77530,0.004495805459401075,-0.08984554336346692,
GSE77538,0.004495805459401075,-0.08984554336346692,
GSE77564,0.004495805459401075,-0.08984554336346692,
GSE77568,0.004495805459401075,-0.08984554336346692,
GSE78801,0.004495805459401075,-0.08984554336346692,
GSE78913,0.004495805459401075,-0.08984554336346692,
GSE78725,0.004495805459401075,-0.08984554336346692,
GSE78925,0.004495805459401075,-0.08984554336346692,
GSE78930,0.004495805459401075,-0.08984554336346692,
GSE78957,0.004495805459401075,-0.08984554336346692,
GSE78968,0.004495805459401075,-0.08984554336346692,
GSE78519,0.004495805459401075,-0.08984554336346692,
GSE78522,0.004495805459401075,-0.08984554336346692,
GSE78527,0.004495805459401075,-0.08984554336346692,
GSE78705,0.004495805459401075,-0.08984554336346692,
GSE78711,0.004495805459401075,-0.08984554336346692,
GSE78918,0.004495805459401075,-0.08984554336346692,
GSE79120,0.004495805459401075,-0.08984554336346692,
GSE79123,0.004495805459401075,-0.08984554336346692,
GSE79130,0.004495805459401075,-0.08984554336346692,
GSE79133,0.004495805459401075,-0.08984554336346692,
GSE79636,0.004495805459401075,-0.08984554336346692,
GSE79657,0.004495805459401075,-0.08984554336346692,
GSE79664,0.004495805459401075,-0.08984554336346692,
GSE79668,0.004495805459401075,-0.08984554336346692,
GSE79669,0.004495805459401075,-0.08984554336346692,
GSE108883,0.004495805459401075,-0.08984554336346692,
GSE79684,0.004495805459401075,-0.08984554336346692,
GSE79442,0.004495805459401075,-0.08984554336346692,
GSE79463,0.004495805459401075,-0.08984554336346692,
GSE79477,0.004495805459401075,-0.08984554336346692,
GSE79564,0.004495805459401075,-0.08984554336346692,
GSE79572,0.004495805459401075,-0.08984554336346692,
GSE79577,0.004495805459401075,-0.08984554336346692,
GSE79586,0.004495805459401075,-0.08984554336346692,
GSE79608,0.004495805459401075,-0.08984554336346692,
GSE79680,0.004495805459401075,-0.08984554336346692,
GSE108905,0.004495805459401075,-0.08984554336346692,
GSE108923,0.004495805459401075,-0.08984554336346692,
GSE109028,0.004495805459401075,-0.08984554336346692,
GSE109072,0.004495805459401075,-0.08984554336346692,
GSE108094,0.004495805459401075,-0.08984554336346692,
GSE108308,0.004495805459401075,-0.08984554336346692,
GSE108313,0.004495805459401075,-0.08984554336346692,
GSE108366,0.004495805459401075,-0.08984554336346692,
GSE108391,0.004495805459401075,-0.08984554336346692,
GSE79051,0.004495805459401075,-0.08984554336346692,
GSE108495,0.004495805459401075,-0.08984554336346692,
GSE108526,0.004495805459401075,-0.08984554336346692,
GSE79147,0.004495805459401075,-0.08984554336346692,
GSE79157,0.004495805459401075,-0.08984554336346692,
GSE79160,0.004495805459401075,-0.08984554336346692,
GSE79183,0.004495805459401075,-0.08984554336346692,
GSE108013,0.004495805459401075,-0.08984554336346692,
GSE108072,0.004495805459401075,-0.08984554336346692,
GSE79044,0.004495805459401075,-0.08984554336346692,
GSE108465,0.004495805459401075,-0.08984554336346692,
GSE77032,0.004495805459401075,-0.08984554336346692,
GSE76688,0.004495805459401075,-0.08984554336346692,
GSE76743,0.004495805459401075,-0.08984554336346692,
GSE76747,0.004495805459401075,-0.08984554336346692,
GSE76801,0.004495805459401075,-0.08984554336346692,
GSE76860,0.004495805459401075,-0.08984554336346692,
GSE76877,0.004495805459401075,-0.08984554336346692,
GSE76883,0.004495805459401075,-0.08984554336346692,
GSE76922,0.004495805459401075,-0.08984554336346692,
GSE77682,0.004495805459401075,-0.08984554336346692,
GSE112295,0.004495805459401075,-0.08984554336346692,
GSE112557,0.004495805459401075,-0.08984554336346692,
GSE113386,0.004495805459401075,-0.08984554336346692,
GSE113907,0.004495805459401075,-0.08984554336346692,
GSE77415,0.004495805459401075,-0.08984554336346692,
GSE109686,0.004495805459401075,-0.08984554336346692,
GSE109702,0.004495805459401075,-0.08984554336346692,
GSE109708,0.004495805459401075,-0.08984554336346692,
GSE109795,0.004495805459401075,-0.08984554336346692,
GSE111520,0.004495805459401075,-0.08984554336346692,
GSE77229,0.004495805459401075,-0.08984554336346692,
GSE77250,0.004495805459401075,-0.08984554336346692,
GSE77251,0.004495805459401075,-0.08984554336346692,
GSE77260,0.004495805459401075,-0.08984554336346692,
GSE77261,0.004495805459401075,-0.08984554336346692,
GSE77282,0.004495805459401075,-0.08984554336346692,
GSE77284,0.004495805459401075,-0.08984554336346692,
GSE77034,0.004495805459401075,-0.08984554336346692,
GSE77039,0.004495805459401075,-0.08984554336346692,
GSE76998,0.004495805459401075,-0.08984554336346692,
GSE77085,0.004495805459401075,-0.08984554336346692,
GSE77128,0.004495805459401075,-0.08984554336346692,
GSE77140,0.004495805459401075,-0.08984554336346692,
GSE77179,0.004495805459401075,-0.08984554336346692,
GSE76931,0.004495805459401075,-0.08984554336346692,
GSE76947,0.004495805459401075,-0.08984554336346692,
GSE76970,0.004495805459401075,-0.08984554336346692,
GSE76980,0.004495805459401075,-0.08984554336346692,
GSE76987,0.004495805459401075,-0.08984554336346692,
GSE77057,0.004495805459401075,-0.08984554336346692,
GSE77950,0.004495805459401075,-0.08984554336346692,
GSE77958,0.004495805459401075,-0.08984554336346692,
GSE77992,0.004495805459401075,-0.08984554336346692,
GSE78003,0.004495805459401075,-0.08984554336346692,
GSE78011,0.004495805459401075,-0.08984554336346692,
GSE78102,0.004495805459401075,-0.08984554336346692,
GSE77737,0.004495805459401075,-0.08984554336346692,
GSE77829,0.004495805459401075,-0.08984554336346692,
GSE77841,0.004495805459401075,-0.08984554336346692,
GSE110278,0.004495805459401075,-0.08984554336346692,
GSE77902,0.004495805459401075,-0.08984554336346692,
GSE77926,0.004495805459401075,-0.08984554336346692,
GSE77597,0.004495805459401075,-0.08984554336346692,
GSE77598,0.004495805459401075,-0.08984554336346692,
GSE77635,0.004495805459401075,-0.08984554336346692,
GSE77638,0.004495805459401075,-0.08984554336346692,
GSE77639,0.004495805459401075,-0.08984554336346692,
GSE77661,0.004495805459401075,-0.08984554336346692,
GSE77675,0.004495805459401075,-0.08984554336346692,
GSE77901,0.004495805459401075,-0.08984554336346692,
GSE111036,0.004495805459401075,-0.08984554336346692,
GSE111049,0.004495805459401075,-0.08984554336346692,
GSE111203,0.004495805459401075,-0.08984554336346692,
GSE77356,0.004495805459401075,-0.08984554336346692,
GSE77370,0.004495805459401075,-0.08984554336346692,
GSE77381,0.004495805459401075,-0.08984554336346692,
GSE77382,0.004495805459401075,-0.08984554336346692,
GSE109483,0.004495805459401075,-0.08984554336346692,
GSE109620,0.004495805459401075,-0.08984554336346692,
GSE77946,0.004495805459401075,-0.08984554336346692,
GSE109683,0.004495805459401075,-0.08984554336346692,
GSE77288,0.004495805459401075,-0.08984554336346692,
GSE77308,0.004495805459401075,-0.08984554336346692,
GSE77312,0.004495805459401075,-0.08984554336346692,
GSE77314,0.004495805459401075,-0.08984554336346692,
GSE77315,0.004495805459401075,-0.08984554336346692,
GSE77317,0.004495805459401075,-0.08984554336346692,
GSE77347,0.004495805459401075,-0.08984554336346692,
GSE77352,0.004495805459401075,-0.08984554336346692,
GSE77938,0.004495805459401075,-0.08984554336346692,
GSE109673,0.004495805459401075,-0.08984554336346692,
GSE80525,0.004495805459401075,-0.08984554336346692,
GSE81429,0.004495805459401075,-0.08984554336346692,
GSE81439,0.004495805459401075,-0.08984554336346692,
GSE81443,0.004495805459401075,-0.08984554336346692,
GSE81460,0.004495805459401075,-0.08984554336346692,
GSE81469,0.004495805459401075,-0.08984554336346692,
GSE81474,0.004495805459401075,-0.08984554336346692,
GSE81475,0.004495805459401075,-0.08984554336346692,
GSE81478,0.004495805459401075,-0.08984554336346692,
GSE79256,0.004495805459401075,-0.08984554336346692,
GSE81328,0.004495805459401075,-0.08984554336346692,
GSE85243,0.004495805459401075,-0.08984554336346692,
GSE81396,0.004495805459401075,-0.08984554336346692,
GSE81402,0.004495805459401075,-0.08984554336346692,
GSE81405,0.004495805459401075,-0.08984554336346692,
GSE81417,0.004495805459401075,-0.08984554336346692,
GSE81194,0.004495805459401075,-0.08984554336346692,
GSE81214,0.004495805459401075,-0.08984554336346692,
GSE81236,0.004495805459401075,-0.08984554336346692,
GSE81322,0.004495805459401075,-0.08984554336346692,
GSE80716,0.004495805459401075,-0.08984554336346692,
GSE80722,0.004495805459401075,-0.08984554336346692,
GSE80727,0.004495805459401075,-0.08984554336346692,
GSE80746,0.004495805459401075,-0.08984554336346692,
GSE80780,0.004495805459401075,-0.08984554336346692,
GSE80802,0.004495805459401075,-0.08984554336346692,
GSE80538,0.004495805459401075,-0.08984554336346692,
GSE80563,0.004495805459401075,-0.08984554336346692,
GSE80589,0.004495805459401075,-0.08984554336346692,
GSE80492,0.004495805459401075,-0.08984554336346692,
GSE80611,0.004495805459401075,-0.08984554336346692,
GSE80619,0.004495805459401075,-0.08984554336346692,
GSE80635,0.004495805459401075,-0.08984554336346692,
GSE80651,0.004495805459401075,-0.08984554336346692,
GSE80411,0.004495805459401075,-0.08984554336346692,
GSE80442,0.004495805459401075,-0.08984554336346692,
GSE80450,0.004495805459401075,-0.08984554336346692,
GSE80463,0.004495805459401075,-0.08984554336346692,
GSE80467,0.004495805459401075,-0.08984554336346692,
GSE80591,0.004495805459401075,-0.08984554336346692,
GSE107590,0.004495805459401075,-0.08984554336346692,
GSE107649,0.004495805459401075,-0.08984554336346692,
GSE107680,0.004495805459401075,-0.08984554336346692,
GSE107735,0.004495805459401075,-0.08984554336346692,
GSE107030,0.004495805459401075,-0.08984554336346692,
GSE107096,0.004495805459401075,-0.08984554336346692,
GSE107149,0.004495805459401075,-0.08984554336346692,
GSE107173,0.004495805459401075,-0.08984554336346692,
GSE107181,0.004495805459401075,-0.08984554336346692,
GSE81239,0.004495805459401075,-0.08984554336346692,
GSE107307,0.004495805459401075,-0.08984554336346692,
GSE81485,0.004495805459401075,-0.08984554336346692,
GSE81493,0.004495805459401075,-0.08984554336346692,
GSE81497,0.004495805459401075,-0.08984554336346692,
GSE81498,0.004495805459401075,-0.08984554336346692,
GSE81513,0.004495805459401075,-0.08984554336346692,
GSE81518,0.004495805459401075,-0.08984554336346692,
GSE106989,0.004495805459401075,-0.08984554336346692,
GSE106991,0.004495805459401075,-0.08984554336346692,
GSE107196,0.004495805459401075,-0.08984554336346692,
GSE81252,0.004495805459401075,-0.08984554336346692,
GSE81268,0.004495805459401075,-0.08984554336346692,
GSE81301,0.004495805459401075,-0.08984554336346692,
GSE81063,0.004495805459401075,-0.08984554336346692,
GSE81076,0.004495805459401075,-0.08984554336346692,
GSE81084,0.004495805459401075,-0.08984554336346692,
GSE81087,0.004495805459401075,-0.08984554336346692,
GSE81089,0.004495805459401075,-0.08984554336346692,
GSE81144,0.004495805459401075,-0.08984554336346692,
GSE107581,0.004495805459401075,-0.08984554336346692,
GSE81167,0.004495805459401075,-0.08984554336346692,
GSE107746,0.004495805459401075,-0.08984554336346692,
GSE107762,0.004495805459401075,-0.08984554336346692,
GSE107821,0.004495805459401075,-0.08984554336346692,
GSE107894,0.004495805459401075,-0.08984554336346692,
GSE107898,0.004495805459401075,-0.08984554336346692,
GSE108003,0.004495805459401075,-0.08984554336346692,
GSE107363,0.004495805459401075,-0.08984554336346692,
GSE107542,0.004495805459401075,-0.08984554336346692,
GSE107574,0.004495805459401075,-0.08984554336346692,
GSE81157,0.004495805459401075,-0.08984554336346692,
GSE79920,0.004495805459401075,-0.08984554336346692,
GSE79923,0.004495805459401075,-0.08984554336346692,
GSE79928,0.004495805459401075,-0.08984554336346692,
GSE79933,0.004495805459401075,-0.08984554336346692,
GSE79953,0.004495805459401075,-0.08984554336346692,
GSE79968,0.004495805459401075,-0.08984554336346692,
GSE79859,0.004495805459401075,-0.08984554336346692,
GSE79861,0.004495805459401075,-0.08984554336346692,
GSE79871,0.004495805459401075,-0.08984554336346692,
GSE80714,0.004495805459401075,-0.08984554336346692,
GSE79884,0.004495805459401075,-0.08984554336346692,
GSE79888,0.004495805459401075,-0.08984554336346692,
GSE79899,0.004495805459401075,-0.08984554336346692,
GSE79917,0.004495805459401075,-0.08984554336346692,
GSE79688,0.004495805459401075,-0.08984554336346692,
GSE79724,0.004495805459401075,-0.08984554336346692,
GSE79735,0.004495805459401075,-0.08984554336346692,
GSE79779,0.004495805459401075,-0.08984554336346692,
GSE79804,0.004495805459401075,-0.08984554336346692,
GSE79872,0.004495805459401075,-0.08984554336346692,
GSE79272,0.004495805459401075,-0.08984554336346692,
GSE79293,0.004495805459401075,-0.08984554336346692,
GSE79301,0.004495805459401075,-0.08984554336346692,
GSE79304,0.004495805459401075,-0.08984554336346692,
GSE79343,0.004495805459401075,-0.08984554336346692,
GSE79395,0.004495805459401075,-0.08984554336346692,
GSE79426,0.004495805459401075,-0.08984554336346692,
GSE109082,0.004495805459401075,-0.08984554336346692,
GSE109108,0.004495805459401075,-0.08984554336346692,
GSE80064,0.004495805459401075,-0.08984554336346692,
GSE109373,0.004495805459401075,-0.08984554336346692,
GSE109419,0.004495805459401075,-0.08984554336346692,
GSE109463,0.004495805459401075,-0.08984554336346692,
GSE79249,0.004495805459401075,-0.08984554336346692,
GSE79988,0.004495805459401075,-0.08984554336346692,
GSE80016,0.004495805459401075,-0.08984554336346692,
GSE80043,0.004495805459401075,-0.08984554336346692,
GSE80045,0.004495805459401075,-0.08984554336346692,
GSE80048,0.004495805459401075,-0.08984554336346692,
GSE109140,0.004495805459401075,-0.08984554336346692,
GSE80237,0.004495805459401075,-0.08984554336346692,
GSE80239,0.004495805459401075,-0.08984554336346692,
GSE80249,0.004495805459401075,-0.08984554336346692,
GSE80073,0.004495805459401075,-0.08984554336346692,
GSE80082,0.004495805459401075,-0.08984554336346692,
GSE80095,0.004495805459401075,-0.08984554336346692,
GSE80098,0.004495805459401075,-0.08984554336346692,
GSE80106,0.004495805459401075,-0.08984554336346692,
GSE80131,0.004495805459401075,-0.08984554336346692,
GSE79820,0.004495805459401075,-0.08984554336346692,
GSE80136,0.004495805459401075,-0.08984554336346692,
GSE80829,0.004495805459401075,-0.08984554336346692,
GSE80963,0.004495805459401075,-0.08984554336346692,
GSE80979,0.004495805459401075,-0.08984554336346692,
GSE80988,0.004495805459401075,-0.08984554336346692,
GSE81032,0.004495805459401075,-0.08984554336346692,
GSE81043,0.004495805459401075,-0.08984554336346692,
GSE81046,0.004495805459401075,-0.08984554336346692,
GSE81062,0.004495805459401075,-0.08984554336346692,
GSE80135,0.004495805459401075,-0.08984554336346692,
GSE79835,0.004495805459401075,-0.08984554336346692,
GSE79842,0.004495805459401075,-0.08984554336346692,
GSE80358,0.004495805459401075,-0.08984554336346692,
GSE80361,0.004495805459401075,-0.08984554336346692,
GSE80386,0.004495805459401075,-0.08984554336346692,
GSE80388,0.004495805459401075,-0.08984554336346692,
GSE80389,0.004495805459401075,-0.08984554336346692,
GSE80397,0.004495805459401075,-0.08984554336346692,
GSE80409,0.004495805459401075,-0.08984554336346692,
GSE80207,0.004495805459401075,-0.08984554336346692,
GSE80264,0.004495805459401075,-0.08984554336346692,
GSE80282,0.004495805459401075,-0.08984554336346692,
GSE80297,0.004495805459401075,-0.08984554336346692,
GSE80306,0.004495805459401075,-0.08984554336346692,
GSE80333,0.004495805459401075,-0.08984554336346692,
GSE80336,0.004495805459401075,-0.08984554336346692,
GSE80338,0.004495805459401075,-0.08984554336346692,
GSE80137,0.004495805459401075,-0.08984554336346692,
GSE80176,0.004495805459401075,-0.08984554336346692,
GSE80182,0.004495805459401075,-0.08984554336346692,
GSE80258,0.004495805459401075,-0.08984554336346692,
GSE94631,0.004495805459401075,-0.08984554336346692,
GSE94655,0.004495805459401075,-0.08984554336346692,
GSE94687,0.004495805459401075,-0.08984554336346692,
GSE94690,0.004495805459401075,-0.08984554336346692,
GSE94696,0.004495805459401075,-0.08984554336346692,
GSE94724,0.004495805459401075,-0.08984554336346692,
GSE94728,0.004495805459401075,-0.08984554336346692,
GSE94730,0.004495805459401075,-0.08984554336346692,
GSE94488,0.004495805459401075,-0.08984554336346692,
GSE86451,0.004495805459401075,-0.08984554336346692,
GSE94494,0.004495805459401075,-0.08984554336346692,
GSE94502,0.004495805459401075,-0.08984554336346692,
GSE94518,0.004495805459401075,-0.08984554336346692,
GSE94528,0.004495805459401075,-0.08984554336346692,
GSE94587,0.004495805459401075,-0.08984554336346692,
GSE94588,0.004495805459401075,-0.08984554336346692,
GSE101754,0.004495805459401075,-0.08984554336346692,
GSE101756,0.004495805459401075,-0.08984554336346692,
GSE101770,0.004495805459401075,-0.08984554336346692,
GSE94493,0.004495805459401075,-0.08984554336346692,
GSE94036,0.004495805459401075,-0.08984554336346692,
GSE94043,0.004495805459401075,-0.08984554336346692,
GSE94053,0.004495805459401075,-0.08984554336346692,
GSE94055,0.004495805459401075,-0.08984554336346692,
GSE94099,0.004495805459401075,-0.08984554336346692,
GSE94120,0.004495805459401075,-0.08984554336346692,
GSE94948,0.004495805459401075,-0.08984554336346692,
GSE94950,0.004495805459401075,-0.08984554336346692,
GSE94963,0.004495805459401075,-0.08984554336346692,
GSE94947,0.004495805459401075,-0.08984554336346692,
GSE94993,0.004495805459401075,-0.08984554336346692,
GSE94999,0.004495805459401075,-0.08984554336346692,
GSE95059,0.004495805459401075,-0.08984554336346692,
GSE95097,0.004495805459401075,-0.08984554336346692,
GSE94736,0.004495805459401075,-0.08984554336346692,
GSE94827,0.004495805459401075,-0.08984554336346692,
GSE94849,0.004495805459401075,-0.08984554336346692,
GSE94853,0.004495805459401075,-0.08984554336346692,
GSE94869,0.004495805459401075,-0.08984554336346692,
GSE94937,0.004495805459401075,-0.08984554336346692,
GSE94969,0.004495805459401075,-0.08984554336346692,
GSE95351,0.004495805459401075,-0.08984554336346692,
GSE96056,0.004495805459401075,-0.08984554336346692,
GSE96106,0.004495805459401075,-0.08984554336346692,
GSE96544,0.004495805459401075,-0.08984554336346692,
GSE96560,0.004495805459401075,-0.08984554336346692,
GSE96590,0.004495805459401075,-0.08984554336346692,
GSE96601,0.004495805459401075,-0.08984554336346692,
GSE95561,0.004495805459401075,-0.08984554336346692,
GSE95605,0.004495805459401075,-0.08984554336346692,
GSE101871,0.004495805459401075,-0.08984554336346692,
GSE95743,0.004495805459401075,-0.08984554336346692,
GSE95778,0.004495805459401075,-0.08984554336346692,
GSE95820,0.004495805459401075,-0.08984554336346692,
GSE95837,0.004495805459401075,-0.08984554336346692,
GSE95860,0.004495805459401075,-0.08984554336346692,
GSE102073,0.004495805459401075,-0.08984554336346692,
GSE102097,0.004495805459401075,-0.08984554336346692,
GSE102101,0.004495805459401075,-0.08984554336346692,
GSE95499,0.004495805459401075,-0.08984554336346692,
GSE95623,0.004495805459401075,-0.08984554336346692,
GSE101629,0.004495805459401075,-0.08984554336346692,
GSE101655,0.004495805459401075,-0.08984554336346692,
GSE101661,0.004495805459401075,-0.08984554336346692,
GSE101665,0.004495805459401075,-0.08984554336346692,
GSE101668,0.004495805459401075,-0.08984554336346692,
GSE101691,0.004495805459401075,-0.08984554336346692,
GSE101708,0.004495805459401075,-0.08984554336346692,
GSE101738,0.004495805459401075,-0.08984554336346692,
GSE95375,0.004495805459401075,-0.08984554336346692,
GSE95297,0.004495805459401075,-0.08984554336346692,
GSE95397,0.004495805459401075,-0.08984554336346692,
GSE95412,0.004495805459401075,-0.08984554336346692,
GSE95413,0.004495805459401075,-0.08984554336346692,
GSE95452,0.004495805459401075,-0.08984554336346692,
GSE101628,0.004495805459401075,-0.08984554336346692,
GSE95106,0.004495805459401075,-0.08984554336346692,
GSE95131,0.004495805459401075,-0.08984554336346692,
GSE95176,0.004495805459401075,-0.08984554336346692,
GSE95245,0.004495805459401075,-0.08984554336346692,
GSE95293,0.004495805459401075,-0.08984554336346692,
GSE95392,0.004495805459401075,-0.08984554336346692,
GSE93594,0.004495805459401075,-0.08984554336346692,
GSE93610,0.004495805459401075,-0.08984554336346692,
GSE93619,0.004495805459401075,-0.08984554336346692,
GSE93627,0.004495805459401075,-0.08984554336346692,
GSE93629,0.004495805459401075,-0.08984554336346692,
GSE93365,0.004495805459401075,-0.08984554336346692,
GSE93385,0.004495805459401075,-0.08984554336346692,
GSE93395,0.004495805459401075,-0.08984554336346692,
GSE93424,0.004495805459401075,-0.08984554336346692,
GSE102798,0.004495805459401075,-0.08984554336346692,
GSE93528,0.004495805459401075,-0.08984554336346692,
GSE93562,0.004495805459401075,-0.08984554336346692,
GSE102676,0.004495805459401075,-0.08984554336346692,
GSE102702,0.004495805459401075,-0.08984554336346692,
GSE102718,0.004495805459401075,-0.08984554336346692,
GSE102737,0.004495805459401075,-0.08984554336346692,
GSE102762,0.004495805459401075,-0.08984554336346692,
GSE102796,0.004495805459401075,-0.08984554336346692,
GSE102460,0.004495805459401075,-0.08984554336346692,
GSE93511,0.004495805459401075,-0.08984554336346692,
GSE92943,0.004495805459401075,-0.08984554336346692,
GSE92971,0.004495805459401075,-0.08984554336346692,
GSE93801,0.004495805459401075,-0.08984554336346692,
GSE93807,0.004495805459401075,-0.08984554336346692,
GSE93811,0.004495805459401075,-0.08984554336346692,
GSE93813,0.004495805459401075,-0.08984554336346692,
GSE93814,0.004495805459401075,-0.08984554336346692,
GSE93831,0.004495805459401075,-0.08984554336346692,
GSE93870,0.004495805459401075,-0.08984554336346692,
GSE93593,0.004495805459401075,-0.08984554336346692,
GSE93636,0.004495805459401075,-0.08984554336346692,
GSE93650,0.004495805459401075,-0.08984554336346692,
GSE93656,0.004495805459401075,-0.08984554336346692,
GSE93672,0.004495805459401075,-0.08984554336346692,
GSE93681,0.004495805459401075,-0.08984554336346692,
GSE93705,0.004495805459401075,-0.08984554336346692,
GSE93748,0.004495805459401075,-0.08984554336346692,
GSE93783,0.004495805459401075,-0.08984554336346692,
GSE93578,0.004495805459401075,-0.08984554336346692,
GSE93590,0.004495805459401075,-0.08984554336346692,
GSE93871,0.004495805459401075,-0.08984554336346692,
GSE94427,0.004495805459401075,-0.08984554336346692,
GSE94454,0.004495805459401075,-0.08984554336346692,
GSE94461,0.004495805459401075,-0.08984554336346692,
GSE94464,0.004495805459401075,-0.08984554336346692,
GSE94479,0.004495805459401075,-0.08984554336346692,
GSE94280,0.004495805459401075,-0.08984554336346692,
GSE94296,0.004495805459401075,-0.08984554336346692,
GSE94304,0.004495805459401075,-0.08984554336346692,
GSE94330,0.004495805459401075,-0.08984554336346692,
GSE102467,0.004495805459401075,-0.08984554336346692,
GSE94374,0.004495805459401075,-0.08984554336346692,
GSE94384,0.004495805459401075,-0.08984554336346692,
GSE94126,0.004495805459401075,-0.08984554336346692,
GSE94147,0.004495805459401075,-0.08984554336346692,
GSE94149,0.004495805459401075,-0.08984554336346692,
GSE94150,0.004495805459401075,-0.08984554336346692,
GSE94259,0.004495805459401075,-0.08984554336346692,
GSE94267,0.004495805459401075,-0.08984554336346692,
GSE94270,0.004495805459401075,-0.08984554336346692,
GSE94277,0.004495805459401075,-0.08984554336346692,
GSE94372,0.004495805459401075,-0.08984554336346692,
GSE102476,0.004495805459401075,-0.08984554336346692,
GSE102492,0.004495805459401075,-0.08984554336346692,
GSE102560,0.004495805459401075,-0.08984554336346692,
GSE102616,0.004495805459401075,-0.08984554336346692,
GSE102639,0.004495805459401075,-0.08984554336346692,
GSE102652,0.004495805459401075,-0.08984554336346692,
GSE102185,0.004495805459401075,-0.08984554336346692,
GSE102188,0.004495805459401075,-0.08984554336346692,
GSE102283,0.004495805459401075,-0.08984554336346692,
GSE94408,0.004495805459401075,-0.08984554336346692,
GSE102349,0.004495805459401075,-0.08984554336346692,
GSE102392,0.004495805459401075,-0.08984554336346692,
GSE93877,0.004495805459401075,-0.08984554336346692,
GSE93895,0.004495805459401075,-0.08984554336346692,
GSE93925,0.004495805459401075,-0.08984554336346692,
GSE102138,0.004495805459401075,-0.08984554336346692,
GSE102170,0.004495805459401075,-0.08984554336346692,
GSE102182,0.004495805459401075,-0.08984554336346692,
GSE102183,0.004495805459401075,-0.08984554336346692,
GSE94395,0.004495805459401075,-0.08984554336346692,
GSE102305,0.004495805459401075,-0.08984554336346692,
GSE100562,0.004495805459401075,-0.08984554336346692,
GSE100574,0.004495805459401075,-0.08984554336346692,
GSE100618,0.004495805459401075,-0.08984554336346692,
GSE100624,0.004495805459401075,-0.08984554336346692,
GSE100669,0.004495805459401075,-0.08984554336346692,
GSE100223,0.004495805459401075,-0.08984554336346692,
GSE99454,0.004495805459401075,-0.08984554336346692,
GSE100359,0.004495805459401075,-0.08984554336346692,
GSE100382,0.004495805459401075,-0.08984554336346692,
GSE95513,0.004495805459401075,-0.08984554336346692,
GSE100408,0.004495805459401075,-0.08984554336346692,
GSE100417,0.004495805459401075,-0.08984554336346692,
GSE100501,0.004495805459401075,-0.08984554336346692,
GSE100520,0.004495805459401075,-0.08984554336346692,
GSE100530,0.004495805459401075,-0.08984554336346692,
GSE100210,0.004495805459401075,-0.08984554336346692,
GSE100040,0.004495805459401075,-0.08984554336346692,
GSE100258,0.004495805459401075,-0.08984554336346692,
GSE100266,0.004495805459401075,-0.08984554336346692,
GSE100392,0.004495805459401075,-0.08984554336346692,
GSE98273,0.004495805459401075,-0.08984554336346692,
GSE98274,0.004495805459401075,-0.08984554336346692,
GSE98288,0.004495805459401075,-0.08984554336346692,
GSE98323,0.004495805459401075,-0.08984554336346692,
GSE98368,0.004495805459401075,-0.08984554336346692,
GSE97930,0.004495805459401075,-0.08984554336346692,
GSE97949,0.004495805459401075,-0.08984554336346692,
GSE97979,0.004495805459401075,-0.08984554336346692,
GSE97987,0.004495805459401075,-0.08984554336346692,
GSE97929,0.004495805459401075,-0.08984554336346692,
GSE98050,0.004495805459401075,-0.08984554336346692,
GSE98088,0.004495805459401075,-0.08984554336346692,
GSE98091,0.004495805459401075,-0.08984554336346692,
GSE97768,0.004495805459401075,-0.08984554336346692,
GSE97774,0.004495805459401075,-0.08984554336346692,
GSE97815,0.004495805459401075,-0.08984554336346692,
GSE97861,0.004495805459401075,-0.08984554336346692,
GSE97862,0.004495805459401075,-0.08984554336346692,
GSE97881,0.004495805459401075,-0.08984554336346692,
GSE97904,0.004495805459401075,-0.08984554336346692,
GSE98030,0.004495805459401075,-0.08984554336346692,
GSE99202,0.004495805459401075,-0.08984554336346692,
GSE99209,0.004495805459401075,-0.08984554336346692,
GSE99215,0.004495805459401075,-0.08984554336346692,
GSE99246,0.004495805459401075,-0.08984554336346692,
GSE98898,0.004495805459401075,-0.08984554336346692,
GSE98976,0.004495805459401075,-0.08984554336346692,
GSE99015,0.004495805459401075,-0.08984554336346692,
GSE99028,0.004495805459401075,-0.08984554336346692,
GSE99059,0.004495805459401075,-0.08984554336346692,
GSE100268,0.004495805459401075,-0.08984554336346692,
GSE99062,0.004495805459401075,-0.08984554336346692,
GSE99065,0.004495805459401075,-0.08984554336346692,
GSE99867,0.004495805459401075,-0.08984554336346692,
GSE99909,0.004495805459401075,-0.08984554336346692,
GSE99923,0.004495805459401075,-0.08984554336346692,
GSE99937,0.004495805459401075,-0.08984554336346692,
GSE99944,0.004495805459401075,-0.08984554336346692,
GSE100688,0.004495805459401075,-0.08984554336346692,
GSE100709,0.004495805459401075,-0.08984554336346692,
GSE99060,0.004495805459401075,-0.08984554336346692,
GSE100291,0.004495805459401075,-0.08984554336346692,
GSE100327,0.004495805459401075,-0.08984554336346692,
GSE100338,0.004495805459401075,-0.08984554336346692,
GSE101558,0.004495805459401075,-0.08984554336346692,
GSE101565,0.004495805459401075,-0.08984554336346692,
GSE98856,0.004495805459401075,-0.08984554336346692,
GSE98871,0.004495805459401075,-0.08984554336346692,
GSE100092,0.004495805459401075,-0.08984554336346692,
GSE100099,0.004495805459401075,-0.08984554336346692,
GSE99180,0.004495805459401075,-0.08984554336346692,
GSE99503,0.004495805459401075,-0.08984554336346692,
GSE99298,0.004495805459401075,-0.08984554336346692,
GSE99313,0.004495805459401075,-0.08984554336346692,
GSE99317,0.004495805459401075,-0.08984554336346692,
GSE99349,0.004495805459401075,-0.08984554336346692,
GSE99385,0.004495805459401075,-0.08984554336346692,
GSE99389,0.004495805459401075,-0.08984554336346692,
GSE99479,0.004495805459401075,-0.08984554336346692,
GSE99088,0.004495805459401075,-0.08984554336346692,
GSE99149,0.004495805459401075,-0.08984554336346692,
GSE100118,0.004495805459401075,-0.08984554336346692,
GSE96917,0.004495805459401075,-0.08984554336346692,
GSE96987,0.004495805459401075,-0.08984554336346692,
GSE96999,0.004495805459401075,-0.08984554336346692,
GSE97003,0.004495805459401075,-0.08984554336346692,
GSE97009,0.004495805459401075,-0.08984554336346692,
GSE96714,0.004495805459401075,-0.08984554336346692,
GSE96715,0.004495805459401075,-0.08984554336346692,
GSE96716,0.004495805459401075,-0.08984554336346692,
GSE96774,0.004495805459401075,-0.08984554336346692,
GSE98183,0.004495805459401075,-0.08984554336346692,
GSE96777,0.004495805459401075,-0.08984554336346692,
GSE96788,0.004495805459401075,-0.08984554336346692,
GSE96800,0.004495805459401075,-0.08984554336346692,
GSE96634,0.004495805459401075,-0.08984554336346692,
GSE96637,0.004495805459401075,-0.08984554336346692,
GSE96642,0.004495805459401075,-0.08984554336346692,
GSE96643,0.004495805459401075,-0.08984554336346692,
GSE96649,0.004495805459401075,-0.08984554336346692,
GSE96682,0.004495805459401075,-0.08984554336346692,
GSE96775,0.004495805459401075,-0.08984554336346692,
GSE95516,0.004495805459401075,-0.08984554336346692,
GSE95540,0.004495805459401075,-0.08984554336346692,
GSE95542,0.004495805459401075,-0.08984554336346692,
GSE101966,0.004495805459401075,-0.08984554336346692,
GSE101972,0.004495805459401075,-0.08984554336346692,
GSE101974,0.004495805459401075,-0.08984554336346692,
GSE102000,0.004495805459401075,-0.08984554336346692,
GSE102004,0.004495805459401075,-0.08984554336346692,
GSE102025,0.004495805459401075,-0.08984554336346692,
GSE96860,0.004495805459401075,-0.08984554336346692,
GSE102040,0.004495805459401075,-0.08984554336346692,
GSE97033,0.004495805459401075,-0.08984554336346692,
GSE97036,0.004495805459401075,-0.08984554336346692,
GSE97041,0.004495805459401075,-0.08984554336346692,
GSE97053,0.004495805459401075,-0.08984554336346692,
GSE97080,0.004495805459401075,-0.08984554336346692,
GSE97084,0.004495805459401075,-0.08984554336346692,
GSE97140,0.004495805459401075,-0.08984554336346692,
GSE97165,0.004495805459401075,-0.08984554336346692,
GSE96817,0.004495805459401075,-0.08984554336346692,
GSE102033,0.004495805459401075,-0.08984554336346692,
GSE97388,0.004495805459401075,-0.08984554336346692,
GSE97398,0.004495805459401075,-0.08984554336346692,
GSE97404,0.004495805459401075,-0.08984554336346692,
GSE97168,0.004495805459401075,-0.08984554336346692,
GSE97204,0.004495805459401075,-0.08984554336346692,
GSE97215,0.004495805459401075,-0.08984554336346692,
GSE97239,0.004495805459401075,-0.08984554336346692,
GSE97259,0.004495805459401075,-0.08984554336346692,
GSE97262,0.004495805459401075,-0.08984554336346692,
GSE96713,0.004495805459401075,-0.08984554336346692,
GSE98386,0.004495805459401075,-0.08984554336346692,
GSE98393,0.004495805459401075,-0.08984554336346692,
GSE98428,0.004495805459401075,-0.08984554336346692,
GSE98431,0.004495805459401075,-0.08984554336346692,
GSE98476,0.004495805459401075,-0.08984554336346692,
GSE98541,0.004495805459401075,-0.08984554336346692,
GSE98623,0.004495805459401075,-0.08984554336346692,
GSE98644,0.004495805459401075,-0.08984554336346692,
GSE98136,0.004495805459401075,-0.08984554336346692,
GSE98177,0.004495805459401075,-0.08984554336346692,
GSE97266,0.004495805459401075,-0.08984554336346692,
GSE97632,0.004495805459401075,-0.08984554336346692,
GSE97668,0.004495805459401075,-0.08984554336346692,
GSE97672,0.004495805459401075,-0.08984554336346692,
GSE97679,0.004495805459401075,-0.08984554336346692,
GSE97681,0.004495805459401075,-0.08984554336346692,
GSE97710,0.004495805459401075,-0.08984554336346692,
GSE97725,0.004495805459401075,-0.08984554336346692,
GSE97744,0.004495805459401075,-0.08984554336346692,
GSE97443,0.004495805459401075,-0.08984554336346692,
GSE97384,0.004495805459401075,-0.08984554336346692,
GSE97513,0.004495805459401075,-0.08984554336346692,
GSE97527,0.004495805459401075,-0.08984554336346692,
GSE97575,0.004495805459401075,-0.08984554336346692,
GSE97589,0.004495805459401075,-0.08984554336346692,
GSE97591,0.004495805459401075,-0.08984554336346692,
GSE97619,0.004495805459401075,-0.08984554336346692,
GSE97273,0.004495805459401075,-0.08984554336346692,
GSE97317,0.004495805459401075,-0.08984554336346692,
GSE97323,0.004495805459401075,-0.08984554336346692,
GSE97324,0.004495805459401075,-0.08984554336346692,
GSE97460,0.004495805459401075,-0.08984554336346692,
GSE103850,0.004495805459401075,-0.08984554336346692,
GSE103868,0.004495805459401075,-0.08984554336346692,
GSE103567,0.004495805459401075,-0.08984554336346692,
GSE103630,0.004495805459401075,-0.08984554336346692,
GSE103650,0.004495805459401075,-0.08984554336346692,
GSE103658,0.004495805459401075,-0.08984554336346692,
GSE103672,0.004495805459401075,-0.08984554336346692,
GSE103687,0.004495805459401075,-0.08984554336346692,
GSE103688,0.004495805459401075,-0.08984554336346692,
GSE92939,0.004495805459401075,-0.08984554336346692,
GSE87365,0.004495805459401075,-0.08984554336346692,
GSE87392,0.004495805459401075,-0.08984554336346692,
GSE87399,0.004495805459401075,-0.08984554336346692,
GSE87400,0.004495805459401075,-0.08984554336346692,
GSE87456,0.004495805459401075,-0.08984554336346692,
GSE87476,0.004495805459401075,-0.08984554336346692,
GSE87831,0.004495805459401075,-0.08984554336346692,
GSE87849,0.004495805459401075,-0.08984554336346692,
GSE88741,0.004495805459401075,-0.08984554336346692,
GSE103711,0.004495805459401075,-0.08984554336346692,
GSE87055,0.004495805459401075,-0.08984554336346692,
GSE86867,0.004495805459401075,-0.08984554336346692,
GSE86874,0.004495805459401075,-0.08984554336346692,
GSE86896,0.004495805459401075,-0.08984554336346692,
GSE86910,0.004495805459401075,-0.08984554336346692,
GSE86931,0.004495805459401075,-0.08984554336346692,
GSE86940,0.004495805459401075,-0.08984554336346692,
GSE86956,0.004495805459401075,-0.08984554336346692,
GSE103907,0.004495805459401075,-0.08984554336346692,
GSE103844,0.004495805459401075,-0.08984554336346692,
GSE103934,0.004495805459401075,-0.08984554336346692,
GSE103997,0.004495805459401075,-0.08984554336346692,
GSE104018,0.004495805459401075,-0.08984554336346692,
GSE104149,0.004495805459401075,-0.08984554336346692,
GSE104177,0.004495805459401075,-0.08984554336346692,
GSE104193,0.004495805459401075,-0.08984554336346692,
GSE103715,0.004495805459401075,-0.08984554336346692,
GSE103719,0.004495805459401075,-0.08984554336346692,
GSE103763,0.004495805459401075,-0.08984554336346692,
GSE103790,0.004495805459401075,-0.08984554336346692,
GSE103930,0.004495805459401075,-0.08984554336346692,
GSE87497,0.004495805459401075,-0.08984554336346692,
GSE87515,0.004495805459401075,-0.08984554336346692,
GSE87517,0.004495805459401075,-0.08984554336346692,
GSE87535,0.004495805459401075,-0.08984554336346692,
GSE87541,0.004495805459401075,-0.08984554336346692,
GSE89235,0.004495805459401075,-0.08984554336346692,
GSE89339,0.004495805459401075,-0.08984554336346692,
GSE89365,0.004495805459401075,-0.08984554336346692,
GSE89367,0.004495805459401075,-0.08984554336346692,
GSE88750,0.004495805459401075,-0.08984554336346692,
GSE89404,0.004495805459401075,-0.08984554336346692,
GSE89442,0.004495805459401075,-0.08984554336346692,
GSE89446,0.004495805459401075,-0.08984554336346692,
GSE89140,0.004495805459401075,-0.08984554336346692,
GSE89152,0.004495805459401075,-0.08984554336346692,
GSE89154,0.004495805459401075,-0.08984554336346692,
GSE89179,0.004495805459401075,-0.08984554336346692,
GSE89182,0.004495805459401075,-0.08984554336346692,
GSE89205,0.004495805459401075,-0.08984554336346692,
GSE89368,0.004495805459401075,-0.08984554336346692,
GSE88802,0.004495805459401075,-0.08984554336346692,
GSE88848,0.004495805459401075,-0.08984554336346692,
GSE88850,0.004495805459401075,-0.08984554336346692,
GSE88931,0.004495805459401075,-0.08984554336346692,
GSE87679,0.004495805459401075,-0.08984554336346692,
GSE87692,0.004495805459401075,-0.08984554336346692,
GSE87701,0.004495805459401075,-0.08984554336346692,
GSE87708,0.004495805459401075,-0.08984554336346692,
GSE87720,0.004495805459401075,-0.08984554336346692,
GSE87495,0.004495805459401075,-0.08984554336346692,
GSE87809,0.004495805459401075,-0.08984554336346692,
GSE87563,0.004495805459401075,-0.08984554336346692,
GSE87581,0.004495805459401075,-0.08984554336346692,
GSE87585,0.004495805459401075,-0.08984554336346692,
GSE87615,0.004495805459401075,-0.08984554336346692,
GSE87617,0.004495805459401075,-0.08984554336346692,
GSE87641,0.004495805459401075,-0.08984554336346692,
GSE87660,0.004495805459401075,-0.08984554336346692,
GSE87668,0.004495805459401075,-0.08984554336346692,
GSE104227,0.004495805459401075,-0.08984554336346692,
GSE87748,0.004495805459401075,-0.08984554336346692,
GSE85941,0.004495805459401075,-0.08984554336346692,
GSE85953,0.004495805459401075,-0.08984554336346692,
GSE85969,0.004495805459401075,-0.08984554336346692,
GSE85988,0.004495805459401075,-0.08984554336346692,
GSE86007,0.004495805459401075,-0.08984554336346692,
GSE85791,0.004495805459401075,-0.08984554336346692,
GSE85839,0.004495805459401075,-0.08984554336346692,
GSE85840,0.004495805459401075,-0.08984554336346692,
GSE85854,0.004495805459401075,-0.08984554336346692,
GSE87042,0.004495805459401075,-0.08984554336346692,
GSE85861,0.004495805459401075,-0.08984554336346692,
GSE85897,0.004495805459401075,-0.08984554336346692,
GSE86610,0.004495805459401075,-0.08984554336346692,
GSE86611,0.004495805459401075,-0.08984554336346692,
GSE86791,0.004495805459401075,-0.08984554336346692,
GSE86813,0.004495805459401075,-0.08984554336346692,
GSE86821,0.004495805459401075,-0.08984554336346692,
GSE86846,0.004495805459401075,-0.08984554336346692,
GSE86855,0.004495805459401075,-0.08984554336346692,
GSE85857,0.004495805459401075,-0.08984554336346692,
GSE85271,0.004495805459401075,-0.08984554336346692,
GSE85294,0.004495805459401075,-0.08984554336346692,
GSE86159,0.004495805459401075,-0.08984554336346692,
GSE86165,0.004495805459401075,-0.08984554336346692,
GSE86190,0.004495805459401075,-0.08984554336346692,
GSE86202,0.004495805459401075,-0.08984554336346692,
GSE86219,0.004495805459401075,-0.08984554336346692,
GSE86221,0.004495805459401075,-0.08984554336346692,
GSE86237,0.004495805459401075,-0.08984554336346692,
GSE85935,0.004495805459401075,-0.08984554336346692,
GSE86101,0.004495805459401075,-0.08984554336346692,
GSE86102,0.004495805459401075,-0.08984554336346692,
GSE86103,0.004495805459401075,-0.08984554336346692,
GSE86104,0.004495805459401075,-0.08984554336346692,
GSE86146,0.004495805459401075,-0.08984554336346692,
GSE86148,0.004495805459401075,-0.08984554336346692,
GSE86151,0.004495805459401075,-0.08984554336346692,
GSE86153,0.004495805459401075,-0.08984554336346692,
GSE85908,0.004495805459401075,-0.08984554336346692,
GSE85917,0.004495805459401075,-0.08984554336346692,
GSE86239,0.004495805459401075,-0.08984554336346692,
GSE87231,0.004495805459401075,-0.08984554336346692,
GSE87237,0.004495805459401075,-0.08984554336346692,
GSE87240,0.004495805459401075,-0.08984554336346692,
GSE87307,0.004495805459401075,-0.08984554336346692,
GSE87320,0.004495805459401075,-0.08984554336346692,
GSE87328,0.004495805459401075,-0.08984554336346692,
GSE87340,0.004495805459401075,-0.08984554336346692,
GSE87087,0.004495805459401075,-0.08984554336346692,
GSE87110,0.004495805459401075,-0.08984554336346692,
GSE86857,0.004495805459401075,-0.08984554336346692,
GSE87169,0.004495805459401075,-0.08984554336346692,
GSE87186,0.004495805459401075,-0.08984554336346692,
GSE87187,0.004495805459401075,-0.08984554336346692,
GSE87189,0.004495805459401075,-0.08984554336346692,
GSE87198,0.004495805459401075,-0.08984554336346692,
GSE86977,0.004495805459401075,-0.08984554336346692,
GSE86982,0.004495805459401075,-0.08984554336346692,
GSE86985,0.004495805459401075,-0.08984554336346692,
GSE86986,0.004495805459401075,-0.08984554336346692,
GSE87040,0.004495805459401075,-0.08984554336346692,
GSE87167,0.004495805459401075,-0.08984554336346692,
GSE86506,0.004495805459401075,-0.08984554336346692,
GSE86518,0.004495805459401075,-0.08984554336346692,
GSE86538,0.004495805459401075,-0.08984554336346692,
GSE86577,0.004495805459401075,-0.08984554336346692,
GSE86602,0.004495805459401075,-0.08984554336346692,
GSE86394,0.004495805459401075,-0.08984554336346692,
GSE77219,0.004495805459401075,-0.08984554336346692,
GSE86473,0.004495805459401075,-0.08984554336346692,
GSE86480,0.004495805459401075,-0.08984554336346692,
GSE86387,0.004495805459401075,-0.08984554336346692,
GSE86497,0.004495805459401075,-0.08984554336346692,
GSE86503,0.004495805459401075,-0.08984554336346692,
GSE86504,0.004495805459401075,-0.08984554336346692,
GSE86244,0.004495805459401075,-0.08984554336346692,
GSE86308,0.004495805459401075,-0.08984554336346692,
GSE86316,0.004495805459401075,-0.08984554336346692,
GSE86333,0.004495805459401075,-0.08984554336346692,
GSE86337,0.004495805459401075,-0.08984554336346692,
GSE86344,0.004495805459401075,-0.08984554336346692,
GSE86348,0.004495805459401075,-0.08984554336346692,
GSE86491,0.004495805459401075,-0.08984554336346692,
GSE90519,0.004495805459401075,-0.08984554336346692,
GSE90523,0.004495805459401075,-0.08984554336346692,
GSE92592,0.004495805459401075,-0.08984554336346692,
GSE92625,0.004495805459401075,-0.08984554336346692,
GSE92628,0.004495805459401075,-0.08984554336346692,
GSE92651,0.004495805459401075,-0.08984554336346692,
GSE92652,0.004495805459401075,-0.08984554336346692,
GSE92653,0.004495805459401075,-0.08984554336346692,
GSE92659,0.004495805459401075,-0.08984554336346692,
GSE89226,0.004495805459401075,-0.08984554336346692,
GSE92456,0.004495805459401075,-0.08984554336346692,
GSE92478,0.004495805459401075,-0.08984554336346692,
GSE92496,0.004495805459401075,-0.08984554336346692,
GSE92506,0.004495805459401075,-0.08984554336346692,
GSE92547,0.004495805459401075,-0.08984554336346692,
GSE92574,0.004495805459401075,-0.08984554336346692,
GSE92583,0.004495805459401075,-0.08984554336346692,
GSE91377,0.004495805459401075,-0.08984554336346692,
GSE92239,0.004495805459401075,-0.08984554336346692,
GSE92723,0.004495805459401075,-0.08984554336346692,
GSE90944,0.004495805459401075,-0.08984554336346692,
GSE90718,0.004495805459401075,-0.08984554336346692,
GSE90734,0.004495805459401075,-0.08984554336346692,
GSE90772,0.004495805459401075,-0.08984554336346692,
GSE90781,0.004495805459401075,-0.08984554336346692,
GSE90796,0.004495805459401075,-0.08984554336346692,
GSE90813,0.004495805459401075,-0.08984554336346692,
GSE90552,0.004495805459401075,-0.08984554336346692,
GSE90566,0.004495805459401075,-0.08984554336346692,
GSE90491,0.004495805459401075,-0.08984554336346692,
GSE90634,0.004495805459401075,-0.08984554336346692,
GSE90657,0.004495805459401075,-0.08984554336346692,
GSE90659,0.004495805459401075,-0.08984554336346692,
GSE90682,0.004495805459401075,-0.08984554336346692,
GSE90683,0.004495805459401075,-0.08984554336346692,
GSE103449,0.004495805459401075,-0.08984554336346692,
GSE103461,0.004495805459401075,-0.08984554336346692,
GSE90111,0.004495805459401075,-0.08984554336346692,
GSE90444,0.004495805459401075,-0.08984554336346692,
GSE90489,0.004495805459401075,-0.08984554336346692,
GSE90599,0.004495805459401075,-0.08984554336346692,
GSE93124,0.004495805459401075,-0.08984554336346692,
GSE93153,0.004495805459401075,-0.08984554336346692,
GSE93156,0.004495805459401075,-0.08984554336346692,
GSE93206,0.004495805459401075,-0.08984554336346692,
GSE93226,0.004495805459401075,-0.08984554336346692,
GSE93236,0.004495805459401075,-0.08984554336346692,
GSE93237,0.004495805459401075,-0.08984554336346692,
GSE93241,0.004495805459401075,-0.08984554336346692,
GSE92979,0.004495805459401075,-0.08984554336346692,
GSE92262,0.004495805459401075,-0.08984554336346692,
GSE93057,0.004495805459401075,-0.08984554336346692,
GSE93070,0.004495805459401075,-0.08984554336346692,
GSE93071,0.004495805459401075,-0.08984554336346692,
GSE93073,0.004495805459401075,-0.08984554336346692,
GSE92725,0.004495805459401075,-0.08984554336346692,
GSE92839,0.004495805459401075,-0.08984554336346692,
GSE92874,0.004495805459401075,-0.08984554336346692,
GSE92882,0.004495805459401075,-0.08984554336346692,
GSE92910,0.004495805459401075,-0.08984554336346692,
GSE93030,0.004495805459401075,-0.08984554336346692,
GSE92276,0.004495805459401075,-0.08984554336346692,
GSE92277,0.004495805459401075,-0.08984554336346692,
GSE92316,0.004495805459401075,-0.08984554336346692,
GSE92322,0.004495805459401075,-0.08984554336346692,
GSE92341,0.004495805459401075,-0.08984554336346692,
GSE90982,0.004495805459401075,-0.08984554336346692,
GSE91000,0.004495805459401075,-0.08984554336346692,
GSE91010,0.004495805459401075,-0.08984554336346692,
GSE91011,0.004495805459401075,-0.08984554336346692,
GSE93330,0.004495805459401075,-0.08984554336346692,
GSE91061,0.004495805459401075,-0.08984554336346692,
GSE91063,0.004495805459401075,-0.08984554336346692,
GSE91087,0.004495805459401075,-0.08984554336346692,
GSE93256,0.004495805459401075,-0.08984554336346692,
GSE93263,0.004495805459401075,-0.08984554336346692,
GSE93280,0.004495805459401075,-0.08984554336346692,
GSE93292,0.004495805459401075,-0.08984554336346692,
GSE93315,0.004495805459401075,-0.08984554336346692,
GSE93321,0.004495805459401075,-0.08984554336346692,
GSE93326,0.004495805459401075,-0.08984554336346692,
GSE91016,0.004495805459401075,-0.08984554336346692,
GSE89888,0.004495805459401075,-0.08984554336346692,
GSE89895,0.004495805459401075,-0.08984554336346692,
GSE89745,0.004495805459401075,-0.08984554336346692,
GSE89774,0.004495805459401075,-0.08984554336346692,
GSE89775,0.004495805459401075,-0.08984554336346692,
GSE89777,0.004495805459401075,-0.08984554336346692,
GSE89790,0.004495805459401075,-0.08984554336346692,
GSE89799,0.004495805459401075,-0.08984554336346692,
GSE89807,0.004495805459401075,-0.08984554336346692,
GSE90926,0.004495805459401075,-0.08984554336346692,
GSE89623,0.004495805459401075,-0.08984554336346692,
GSE89647,0.004495805459401075,-0.08984554336346692,
GSE89672,0.004495805459401075,-0.08984554336346692,
GSE89701,0.004495805459401075,-0.08984554336346692,
GSE89725,0.004495805459401075,-0.08984554336346692,
GSE89726,0.004495805459401075,-0.08984554336346692,
GSE89729,0.004495805459401075,-0.08984554336346692,
GSE89448,0.004495805459401075,-0.08984554336346692,
GSE89476,0.004495805459401075,-0.08984554336346692,
GSE89569,0.004495805459401075,-0.08984554336346692,
GSE89234,0.004495805459401075,-0.08984554336346692,
GSE89057,0.004495805459401075,-0.08984554336346692,
GSE89062,0.004495805459401075,-0.08984554336346692,
GSE89110,0.004495805459401075,-0.08984554336346692,
GSE89122,0.004495805459401075,-0.08984554336346692,
GSE89124,0.004495805459401075,-0.08984554336346692,
GSE89127,0.004495805459401075,-0.08984554336346692,
GSE89134,0.004495805459401075,-0.08984554336346692,
GSE88943,0.004495805459401075,-0.08984554336346692,
GSE89879,0.004495805459401075,-0.08984554336346692,
GSE88946,0.004495805459401075,-0.08984554336346692,
GSE88977,0.004495805459401075,-0.08984554336346692,
GSE88997,0.004495805459401075,-0.08984554336346692,
GSE89008,0.004495805459401075,-0.08984554336346692,
GSE89049,0.004495805459401075,-0.08984554336346692,
GSE89831,0.004495805459401075,-0.08984554336346692,
GSE89838,0.004495805459401075,-0.08984554336346692,
GSE89839,0.004495805459401075,-0.08984554336346692,
GSE89840,0.004495805459401075,-0.08984554336346692,
GSE89872,0.004495805459401075,-0.08984554336346692,
GSE88944,0.004495805459401075,-0.08984554336346692,
GSE102864,0.004495805459401075,-0.08984554336346692,
GSE102870,0.004495805459401075,-0.08984554336346692,
GSE102875,0.004495805459401075,-0.08984554336346692,
GSE102893,0.004495805459401075,-0.08984554336346692,
GSE102910,0.004495805459401075,-0.08984554336346692,
GSE102923,0.004495805459401075,-0.08984554336346692,
GSE89917,0.004495805459401075,-0.08984554336346692,
GSE89926,0.004495805459401075,-0.08984554336346692,
GSE89930,0.004495805459401075,-0.08984554336346692,
GSE89479,0.004495805459401075,-0.08984554336346692,
GSE89970,0.004495805459401075,-0.08984554336346692,
GSE89991,0.004495805459401075,-0.08984554336346692,
GSE90013,0.004495805459401075,-0.08984554336346692,
GSE102812,0.004495805459401075,-0.08984554336346692,
GSE90830,0.004495805459401075,-0.08984554336346692,
GSE90874,0.004495805459401075,-0.08984554336346692,
GSE90876,0.004495805459401075,-0.08984554336346692,
GSE90884,0.004495805459401075,-0.08984554336346692,
GSE90889,0.004495805459401075,-0.08984554336346692,
GSE90897,0.004495805459401075,-0.08984554336346692,
GSE89950,0.004495805459401075,-0.08984554336346692,
GSE89497,0.004495805459401075,-0.08984554336346692,
GSE89503,0.004495805459401075,-0.08984554336346692,
GSE89511,0.004495805459401075,-0.08984554336346692,
GSE89542,0.004495805459401075,-0.08984554336346692,
GSE103114,0.004495805459401075,-0.08984554336346692,
GSE103122,0.004495805459401075,-0.08984554336346692,
GSE103175,0.004495805459401075,-0.08984554336346692,
GSE103242,0.004495805459401075,-0.08984554336346692,
GSE103252,0.004495805459401075,-0.08984554336346692,
GSE102838,0.004495805459401075,-0.08984554336346692,
GSE103307,0.004495805459401075,-0.08984554336346692,
GSE103405,0.004495805459401075,-0.08984554336346692,
GSE102924,0.004495805459401075,-0.08984554336346692,
GSE102943,0.004495805459401075,-0.08984554336346692,
GSE103001,0.004495805459401075,-0.08984554336346692,
GSE103016,0.004495805459401075,-0.08984554336346692,
GSE103021,0.004495805459401075,-0.08984554336346692,
GSE103029,0.004495805459401075,-0.08984554336346692,
GSE103071,0.004495805459401075,-0.08984554336346692,
GSE103075,0.004495805459401075,-0.08984554336346692,
GSE103299,0.004495805459401075,-0.08984554336346692,
GSE59386,0.004495805459401075,-0.08984554336346692,
GSE59483,0.004495805459401075,-0.08984554336346692,
GSE59528,0.004495805459401075,-0.08984554336346692,
GSE59531,0.004495805459401075,-0.08984554336346692,
GSE59598,0.004495805459401075,-0.08984554336346692,
GSE59599,0.004495805459401075,-0.08984554336346692,
GSE59621,0.004495805459401075,-0.08984554336346692,
GSE59233,0.004495805459401075,-0.08984554336346692,
GSE59251,0.004495805459401075,-0.08984554336346692,
GSE122818,0.004495805459401075,-0.08984554336346692,
GSE59290,0.004495805459401075,-0.08984554336346692,
GSE59317,0.004495805459401075,-0.08984554336346692,
GSE59335,0.004495805459401075,-0.08984554336346692,
GSE59364,0.004495805459401075,-0.08984554336346692,
GSE59376,0.004495805459401075,-0.08984554336346692,
GSE58989,0.004495805459401075,-0.08984554336346692,
GSE58991,0.004495805459401075,-0.08984554336346692,
GSE59020,0.004495805459401075,-0.08984554336346692,
GSE59066,0.004495805459401075,-0.08984554336346692,
GSE59275,0.004495805459401075,-0.08984554336346692,
GSE58111,0.004495805459401075,-0.08984554336346692,
GSE58122,0.004495805459401075,-0.08984554336346692,
GSE58135,0.004495805459401075,-0.08984554336346692,
GSE58168,0.004495805459401075,-0.08984554336346692,
GSE58207,0.004495805459401075,-0.08984554336346692,
GSE58310,0.004495805459401075,-0.08984554336346692,
GSE57892,0.004495805459401075,-0.08984554336346692,
GSE57914,0.004495805459401075,-0.08984554336346692,
GSE57925,0.004495805459401075,-0.08984554336346692,
GSE57872,0.004495805459401075,-0.08984554336346692,
GSE57973,0.004495805459401075,-0.08984554336346692,
GSE57982,0.004495805459401075,-0.08984554336346692,
GSE58008,0.004495805459401075,-0.08984554336346692,
GSE57681,0.004495805459401075,-0.08984554336346692,
GSE57723,0.004495805459401075,-0.08984554336346692,
GSE57732,0.004495805459401075,-0.08984554336346692,
GSE57821,0.004495805459401075,-0.08984554336346692,
GSE57826,0.004495805459401075,-0.08984554336346692,
GSE57862,0.004495805459401075,-0.08984554336346692,
GSE57871,0.004495805459401075,-0.08984554336346692,
GSE57931,0.004495805459401075,-0.08984554336346692,
GSE60182,0.004495805459401075,-0.08984554336346692,
GSE60191,0.004495805459401075,-0.08984554336346692,
GSE59822,0.004495805459401075,-0.08984554336346692,
GSE59846,0.004495805459401075,-0.08984554336346692,
GSE59855,0.004495805459401075,-0.08984554336346692,
GSE59884,0.004495805459401075,-0.08984554336346692,
GSE59966,0.004495805459401075,-0.08984554336346692,
GSE59980,0.004495805459401075,-0.08984554336346692,
GSE59987,0.004495805459401075,-0.08984554336346692,
GSE59100,0.004495805459401075,-0.08984554336346692,
GSE59626,0.004495805459401075,-0.08984554336346692,
GSE59688,0.004495805459401075,-0.08984554336346692,
GSE59703,0.004495805459401075,-0.08984554336346692,
GSE59717,0.004495805459401075,-0.08984554336346692,
GSE59765,0.004495805459401075,-0.08984554336346692,
GSE59781,0.004495805459401075,-0.08984554336346692,
GSE59819,0.004495805459401075,-0.08984554336346692,
GSE38993,0.004495805459401075,-0.08984554336346692,
GSE39068,0.004495805459401075,-0.08984554336346692,
GSE60040,0.004495805459401075,-0.08984554336346692,
GSE59223,0.004495805459401075,-0.08984554336346692,
GSE58586,0.004495805459401075,-0.08984554336346692,
GSE58594,0.004495805459401075,-0.08984554336346692,
GSE58604,0.004495805459401075,-0.08984554336346692,
GSE58626,0.004495805459401075,-0.08984554336346692,
GSE58640,0.004495805459401075,-0.08984554336346692,
GSE58663,0.004495805459401075,-0.08984554336346692,
GSE58740,0.004495805459401075,-0.08984554336346692,
GSE58838,0.004495805459401075,-0.08984554336346692,
GSE60171,0.004495805459401075,-0.08984554336346692,
GSE60237,0.004495805459401075,-0.08984554336346692,
GSE60271,0.004495805459401075,-0.08984554336346692,
GSE60296,0.004495805459401075,-0.08984554336346692,
GSE60340,0.004495805459401075,-0.08984554336346692,
GSE60391,0.004495805459401075,-0.08984554336346692,
GSE60462,0.004495805459401075,-0.08984554336346692,
GSE60477,0.004495805459401075,-0.08984554336346692,
GSE60106,0.004495805459401075,-0.08984554336346692,
GSE60119,0.004495805459401075,-0.08984554336346692,
GSE60138,0.004495805459401075,-0.08984554336346692,
GSE60196,0.004495805459401075,-0.08984554336346692,
GSE57116,0.004495805459401075,-0.08984554336346692,
GSE57148,0.004495805459401075,-0.08984554336346692,
GSE57182,0.004495805459401075,-0.08984554336346692,
GSE57227,0.004495805459401075,-0.08984554336346692,
GSE57243,0.004495805459401075,-0.08984554336346692,
GSE57254,0.004495805459401075,-0.08984554336346692,
GSE57299,0.004495805459401075,-0.08984554336346692,
GSE56862,0.004495805459401075,-0.08984554336346692,
GSE56882,0.004495805459401075,-0.08984554336346692,
GSE58107,0.004495805459401075,-0.08984554336346692,
GSE56900,0.004495805459401075,-0.08984554336346692,
GSE57009,0.004495805459401075,-0.08984554336346692,
GSE57027,0.004495805459401075,-0.08984554336346692,
GSE57049,0.004495805459401075,-0.08984554336346692,
GSE57078,0.004495805459401075,-0.08984554336346692,
GSE56691,0.004495805459401075,-0.08984554336346692,
GSE56742,0.004495805459401075,-0.08984554336346692,
GSE56748,0.004495805459401075,-0.08984554336346692,
GSE56785,0.004495805459401075,-0.08984554336346692,
GSE56887,0.004495805459401075,-0.08984554336346692,
GSE56076,0.004495805459401075,-0.08984554336346692,
GSE56087,0.004495805459401075,-0.08984554336346692,
GSE56144,0.004495805459401075,-0.08984554336346692,
GSE56152,0.004495805459401075,-0.08984554336346692,
GSE56179,0.004495805459401075,-0.08984554336346692,
GSE55502,0.004495805459401075,-0.08984554336346692,
GSE55534,0.004495805459401075,-0.08984554336346692,
GSE55758,0.004495805459401075,-0.08984554336346692,
GSE55769,0.004495805459401075,-0.08984554336346692,
GSE57096,0.004495805459401075,-0.08984554336346692,
GSE55922,0.004495805459401075,-0.08984554336346692,
GSE55939,0.004495805459401075,-0.08984554336346692,
GSE55949,0.004495805459401075,-0.08984554336346692,
GSE57325,0.004495805459401075,-0.08984554336346692,
GSE57397,0.004495805459401075,-0.08984554336346692,
GSE57430,0.004495805459401075,-0.08984554336346692,
GSE57433,0.004495805459401075,-0.08984554336346692,
GSE57478,0.004495805459401075,-0.08984554336346692,
GSE57480,0.004495805459401075,-0.08984554336346692,
GSE57488,0.004495805459401075,-0.08984554336346692,
GSE55903,0.004495805459401075,-0.08984554336346692,
GSE40137,0.004495805459401075,-0.08984554336346692,
GSE40228,0.004495805459401075,-0.08984554336346692,
GSE40243,0.004495805459401075,-0.08984554336346692,
GSE57494,0.004495805459401075,-0.08984554336346692,
GSE57501,0.004495805459401075,-0.08984554336346692,
GSE57503,0.004495805459401075,-0.08984554336346692,
GSE57530,0.004495805459401075,-0.08984554336346692,
GSE57561,0.004495805459401075,-0.08984554336346692,
GSE39776,0.004495805459401075,-0.08984554336346692,
GSE56787,0.004495805459401075,-0.08984554336346692,
GSE39872,0.004495805459401075,-0.08984554336346692,
GSE58345,0.004495805459401075,-0.08984554336346692,
GSE58365,0.004495805459401075,-0.08984554336346692,
GSE58375,0.004495805459401075,-0.08984554336346692,
GSE58379,0.004495805459401075,-0.08984554336346692,
GSE58418,0.004495805459401075,-0.08984554336346692,
GSE58492,0.004495805459401075,-0.08984554336346692,
GSE58507,0.004495805459401075,-0.08984554336346692,
GSE58557,0.004495805459401075,-0.08984554336346692,
GSE39821,0.004495805459401075,-0.08984554336346692,
GSE56788,0.004495805459401075,-0.08984554336346692,
GSE56796,0.004495805459401075,-0.08984554336346692,
GSE56826,0.004495805459401075,-0.08984554336346692,
GSE40740,0.004495805459401075,-0.08984554336346692,
GSE40859,0.004495805459401075,-0.08984554336346692,
GSE40953,0.004495805459401075,-0.08984554336346692,
GSE41009,0.004495805459401075,-0.08984554336346692,
GSE41074,0.004495805459401075,-0.08984554336346692,
GSE41166,0.004495805459401075,-0.08984554336346692,
GSE40131,0.004495805459401075,-0.08984554336346692,
GSE40291,0.004495805459401075,-0.08984554336346692,
GSE40310,0.004495805459401075,-0.08984554336346692,
GSE40548,0.004495805459401075,-0.08984554336346692,
GSE40591,0.004495805459401075,-0.08984554336346692,
GSE40632,0.004495805459401075,-0.08984554336346692,
GSE40705,0.004495805459401075,-0.08984554336346692,
GSE40718,0.004495805459401075,-0.08984554336346692,
GSE40050,0.004495805459401075,-0.08984554336346692,
GSE40111,0.004495805459401075,-0.08984554336346692,
GSE40114,0.004495805459401075,-0.08984554336346692,
GSE41180,0.004495805459401075,-0.08984554336346692,
GSE62854,0.004495805459401075,-0.08984554336346692,
GSE62889,0.004495805459401075,-0.08984554336346692,
GSE62905,0.004495805459401075,-0.08984554336346692,
GSE62909,0.004495805459401075,-0.08984554336346692,
GSE62483,0.004495805459401075,-0.08984554336346692,
GSE62526,0.004495805459401075,-0.08984554336346692,
GSE62540,0.004495805459401075,-0.08984554336346692,
GSE62544,0.004495805459401075,-0.08984554336346692,
GSE62563,0.004495805459401075,-0.08984554336346692,
GSE39121,0.004495805459401075,-0.08984554336346692,
GSE62678,0.004495805459401075,-0.08984554336346692,
GSE36863,0.004495805459401075,-0.08984554336346692,
GSE36952,0.004495805459401075,-0.08984554336346692,
GSE37001,0.004495805459401075,-0.08984554336346692,
GSE37002,0.004495805459401075,-0.08984554336346692,
GSE37003,0.004495805459401075,-0.08984554336346692,
GSE37037,0.004495805459401075,-0.08984554336346692,
GSE37061,0.004495805459401075,-0.08984554336346692,
GSE36147,0.004495805459401075,-0.08984554336346692,
GSE62613,0.004495805459401075,-0.08984554336346692,
GSE61742,0.004495805459401075,-0.08984554336346692,
GSE61794,0.004495805459401075,-0.08984554336346692,
GSE61797,0.004495805459401075,-0.08984554336346692,
GSE63055,0.004495805459401075,-0.08984554336346692,
GSE63079,0.004495805459401075,-0.08984554336346692,
GSE63086,0.004495805459401075,-0.08984554336346692,
GSE63091,0.004495805459401075,-0.08984554336346692,
GSE63122,0.004495805459401075,-0.08984554336346692,
GSE63144,0.004495805459401075,-0.08984554336346692,
GSE62852,0.004495805459401075,-0.08984554336346692,
GSE62920,0.004495805459401075,-0.08984554336346692,
GSE62930,0.004495805459401075,-0.08984554336346692,
GSE62936,0.004495805459401075,-0.08984554336346692,
GSE62968,0.004495805459401075,-0.08984554336346692,
GSE62982,0.004495805459401075,-0.08984554336346692,
GSE63015,0.004495805459401075,-0.08984554336346692,
GSE63018,0.004495805459401075,-0.08984554336346692,
GSE62679,0.004495805459401075,-0.08984554336346692,
GSE62789,0.004495805459401075,-0.08984554336346692,
GSE62820,0.004495805459401075,-0.08984554336346692,
GSE62913,0.004495805459401075,-0.08984554336346692,
GSE63764,0.004495805459401075,-0.08984554336346692,
GSE63776,0.004495805459401075,-0.08984554336346692,
GSE63797,0.004495805459401075,-0.08984554336346692,
GSE63816,0.004495805459401075,-0.08984554336346692,
GSE63840,0.004495805459401075,-0.08984554336346692,
GSE63863,0.004495805459401075,-0.08984554336346692,
GSE63555,0.004495805459401075,-0.08984554336346692,
GSE63570,0.004495805459401075,-0.08984554336346692,
GSE63577,0.004495805459401075,-0.08984554336346692,
GSE36349,0.004495805459401075,-0.08984554336346692,
GSE63609,0.004495805459401075,-0.08984554336346692,
GSE63700,0.004495805459401075,-0.08984554336346692,
GSE63420,0.004495805459401075,-0.08984554336346692,
GSE63452,0.004495805459401075,-0.08984554336346692,
GSE63475,0.004495805459401075,-0.08984554336346692,
GSE63485,0.004495805459401075,-0.08984554336346692,
GSE63487,0.004495805459401075,-0.08984554336346692,
GSE63496,0.004495805459401075,-0.08984554336346692,
GSE63513,0.004495805459401075,-0.08984554336346692,
GSE63608,0.004495805459401075,-0.08984554336346692,
GSE36350,0.004495805459401075,-0.08984554336346692,
GSE36552,0.004495805459401075,-0.08984554336346692,
GSE36695,0.004495805459401075,-0.08984554336346692,
GSE36710,0.004495805459401075,-0.08984554336346692,
GSE63375,0.004495805459401075,-0.08984554336346692,
GSE63381,0.004495805459401075,-0.08984554336346692,
GSE35584,0.004495805459401075,-0.08984554336346692,
GSE35587,0.004495805459401075,-0.08984554336346692,
GSE35704,0.004495805459401075,-0.08984554336346692,
GSE63733,0.004495805459401075,-0.08984554336346692,
GSE36062,0.004495805459401075,-0.08984554336346692,
GSE36070,0.004495805459401075,-0.08984554336346692,
GSE63189,0.004495805459401075,-0.08984554336346692,
GSE63190,0.004495805459401075,-0.08984554336346692,
GSE63234,0.004495805459401075,-0.08984554336346692,
GSE63265,0.004495805459401075,-0.08984554336346692,
GSE63314,0.004495805459401075,-0.08984554336346692,
GSE63344,0.004495805459401075,-0.08984554336346692,
GSE63346,0.004495805459401075,-0.08984554336346692,
GSE63721,0.004495805459401075,-0.08984554336346692,
GSE35774,0.004495805459401075,-0.08984554336346692,
GSE60548,0.004495805459401075,-0.08984554336346692,
GSE60559,0.004495805459401075,-0.08984554336346692,
GSE60560,0.004495805459401075,-0.08984554336346692,
GSE60570,0.004495805459401075,-0.08984554336346692,
GSE60585,0.004495805459401075,-0.08984554336346692,
GSE37752,0.004495805459401075,-0.08984554336346692,
GSE37918,0.004495805459401075,-0.08984554336346692,
GSE61332,0.004495805459401075,-0.08984554336346692,
GSE61375,0.004495805459401075,-0.08984554336346692,
GSE61674,0.004495805459401075,-0.08984554336346692,
GSE61474,0.004495805459401075,-0.08984554336346692,
GSE61491,0.004495805459401075,-0.08984554336346692,
GSE61515,0.004495805459401075,-0.08984554336346692,
GSE61544,0.004495805459401075,-0.08984554336346692,
GSE61549,0.004495805459401075,-0.08984554336346692,
GSE61045,0.004495805459401075,-0.08984554336346692,
GSE61071,0.004495805459401075,-0.08984554336346692,
GSE61130,0.004495805459401075,-0.08984554336346692,
GSE61141,0.004495805459401075,-0.08984554336346692,
GSE61398,0.004495805459401075,-0.08984554336346692,
GSE39167,0.004495805459401075,-0.08984554336346692,
GSE39170,0.004495805459401075,-0.08984554336346692,
GSE39527,0.004495805459401075,-0.08984554336346692,
GSE39561,0.004495805459401075,-0.08984554336346692,
GSE38447,0.004495805459401075,-0.08984554336346692,
GSE38541,0.004495805459401075,-0.08984554336346692,
GSE38676,0.004495805459401075,-0.08984554336346692,
GSE38677,0.004495805459401075,-0.08984554336346692,
GSE38770,0.004495805459401075,-0.08984554336346692,
GSE60530,0.004495805459401075,-0.08984554336346692,
GSE38886,0.004495805459401075,-0.08984554336346692,
GSE38945,0.004495805459401075,-0.08984554336346692,
GSE38100,0.004495805459401075,-0.08984554336346692,
GSE38201,0.004495805459401075,-0.08984554336346692,
GSE38233,0.004495805459401075,-0.08984554336346692,
GSE38234,0.004495805459401075,-0.08984554336346692,
GSE38265,0.004495805459401075,-0.08984554336346692,
GSE38355,0.004495805459401075,-0.08984554336346692,
GSE38356,0.004495805459401075,-0.08984554336346692,
GSE38393,0.004495805459401075,-0.08984554336346692,
GSE38790,0.004495805459401075,-0.08984554336346692,
GSE62276,0.004495805459401075,-0.08984554336346692,
GSE62288,0.004495805459401075,-0.08984554336346692,
GSE62448,0.004495805459401075,-0.08984554336346692,
GSE62056,0.004495805459401075,-0.08984554336346692,
GSE62074,0.004495805459401075,-0.08984554336346692,
GSE62077,0.004495805459401075,-0.08984554336346692,
GSE62093,0.004495805459401075,-0.08984554336346692,
GSE62118,0.004495805459401075,-0.08984554336346692,
GSE62121,0.004495805459401075,-0.08984554336346692,
GSE61220,0.004495805459401075,-0.08984554336346692,
GSE62190,0.004495805459401075,-0.08984554336346692,
GSE61917,0.004495805459401075,-0.08984554336346692,
GSE61945,0.004495805459401075,-0.08984554336346692,
GSE61946,0.004495805459401075,-0.08984554336346692,
GSE61950,0.004495805459401075,-0.08984554336346692,
GSE61955,0.004495805459401075,-0.08984554336346692,
GSE61966,0.004495805459401075,-0.08984554336346692,
GSE61626,0.004495805459401075,-0.08984554336346692,
GSE61656,0.004495805459401075,-0.08984554336346692,
GSE62171,0.004495805459401075,-0.08984554336346692,
GSE61255,0.004495805459401075,-0.08984554336346692,
GSE61290,0.004495805459401075,-0.08984554336346692,
GSE60889,0.004495805459401075,-0.08984554336346692,
GSE60890,0.004495805459401075,-0.08984554336346692,
GSE60949,0.004495805459401075,-0.08984554336346692,
GSE60988,0.004495805459401075,-0.08984554336346692,
GSE60989,0.004495805459401075,-0.08984554336346692,
GSE60997,0.004495805459401075,-0.08984554336346692,
GSE39661,0.004495805459401075,-0.08984554336346692,
GSE62247,0.004495805459401075,-0.08984554336346692,
GSE60590,0.004495805459401075,-0.08984554336346692,
GSE60630,0.004495805459401075,-0.08984554336346692,
GSE60664,0.004495805459401075,-0.08984554336346692,
GSE60833,0.004495805459401075,-0.08984554336346692,
GSE60873,0.004495805459401075,-0.08984554336346692,
GSE60883,0.004495805459401075,-0.08984554336346692,
GSE62193,0.004495805459401075,-0.08984554336346692,
GSE62212,0.004495805459401075,-0.08984554336346692,
GSE62228,0.004495805459401075,-0.08984554336346692,
GSE62241,0.004495805459401075,-0.08984554336346692,
GSE39757,0.004495805459401075,-0.08984554336346692,
GSE49247,0.004495805459401075,-0.08984554336346692,
GSE49339,0.004495805459401075,-0.08984554336346692,
GSE49601,0.004495805459401075,-0.08984554336346692,
GSE49608,0.004495805459401075,-0.08984554336346692,
GSE49642,0.004495805459401075,-0.08984554336346692,
GSE49712,0.004495805459401075,-0.08984554336346692,
GSE49831,0.004495805459401075,-0.08984554336346692,
GSE49833,0.004495805459401075,-0.08984554336346692,
GSE48843,0.004495805459401075,-0.08984554336346692,
GSE56066,0.004495805459401075,-0.08984554336346692,
GSE48889,0.004495805459401075,-0.08984554336346692,
GSE48918,0.004495805459401075,-0.08984554336346692,
GSE48933,0.004495805459401075,-0.08984554336346692,
GSE49110,0.004495805459401075,-0.08984554336346692,
GSE49133,0.004495805459401075,-0.08984554336346692,
GSE48263,0.004495805459401075,-0.08984554336346692,
GSE48286,0.004495805459401075,-0.08984554336346692,
GSE48599,0.004495805459401075,-0.08984554336346692,
GSE48603,0.004495805459401075,-0.08984554336346692,
GSE48850,0.004495805459401075,-0.08984554336346692,
GSE47806,0.004495805459401075,-0.08984554336346692,
GSE47933,0.004495805459401075,-0.08984554336346692,
GSE47042,0.004495805459401075,-0.08984554336346692,
GSE47058,0.004495805459401075,-0.08984554336346692,
GSE47095,0.004495805459401075,-0.08984554336346692,
GSE47114,0.004495805459401075,-0.08984554336346692,
GSE47117,0.004495805459401075,-0.08984554336346692,
GSE47157,0.004495805459401075,-0.08984554336346692,
GSE47226,0.004495805459401075,-0.08984554336346692,
GSE46597,0.004495805459401075,-0.08984554336346692,
GSE46611,0.004495805459401075,-0.08984554336346692,
GSE46613,0.004495805459401075,-0.08984554336346692,
GSE46805,0.004495805459401075,-0.08984554336346692,
GSE46817,0.004495805459401075,-0.08984554336346692,
GSE46959,0.004495805459401075,-0.08984554336346692,
GSE46989,0.004495805459401075,-0.08984554336346692,
GSE46486,0.004495805459401075,-0.08984554336346692,
GSE46490,0.004495805459401075,-0.08984554336346692,
GSE46502,0.004495805459401075,-0.08984554336346692,
GSE46514,0.004495805459401075,-0.08984554336346692,
GSE47399,0.004495805459401075,-0.08984554336346692,
GSE43834,0.004495805459401075,-0.08984554336346692,
GSE43835,0.004495805459401075,-0.08984554336346692,
GSE43925,0.004495805459401075,-0.08984554336346692,
GSE43984,0.004495805459401075,-0.08984554336346692,
GSE50499,0.004495805459401075,-0.08984554336346692,
GSE43296,0.004495805459401075,-0.08984554336346692,
GSE43306,0.004495805459401075,-0.08984554336346692,
GSE43335,0.004495805459401075,-0.08984554336346692,
GSE43362,0.004495805459401075,-0.08984554336346692,
GSE48678,0.004495805459401075,-0.08984554336346692,
GSE43550,0.004495805459401075,-0.08984554336346692,
GSE43586,0.004495805459401075,-0.08984554336346692,
GSE49834,0.004495805459401075,-0.08984554336346692,
GSE49890,0.004495805459401075,-0.08984554336346692,
GSE49994,0.004495805459401075,-0.08984554336346692,
GSE50064,0.004495805459401075,-0.08984554336346692,
GSE50177,0.004495805459401075,-0.08984554336346692,
GSE50244,0.004495805459401075,-0.08984554336346692,
GSE50491,0.004495805459401075,-0.08984554336346692,
GSE43472,0.004495805459401075,-0.08984554336346692,
GSE48785,0.004495805459401075,-0.08984554336346692,
GSE48812,0.004495805459401075,-0.08984554336346692,
GSE47997,0.004495805459401075,-0.08984554336346692,
GSE48032,0.004495805459401075,-0.08984554336346692,
GSE48034,0.004495805459401075,-0.08984554336346692,
GSE48035,0.004495805459401075,-0.08984554336346692,
GSE48159,0.004495805459401075,-0.08984554336346692,
GSE48213,0.004495805459401075,-0.08984554336346692,
GSE48230,0.004495805459401075,-0.08984554336346692,
GSE43801,0.004495805459401075,-0.08984554336346692,
GSE44064,0.004495805459401075,-0.08984554336346692,
GSE44256,0.004495805459401075,-0.08984554336346692,
GSE44267,0.004495805459401075,-0.08984554336346692,
GSE44376,0.004495805459401075,-0.08984554336346692,
GSE44377,0.004495805459401075,-0.08984554336346692,
GSE44378,0.004495805459401075,-0.08984554336346692,
GSE44379,0.004495805459401075,-0.08984554336346692,
GSE43666,0.004495805459401075,-0.08984554336346692,
GSE43726,0.004495805459401075,-0.08984554336346692,
GSE43785,0.004495805459401075,-0.08984554336346692,
GSE44052,0.004495805459401075,-0.08984554336346692,
GSE101519,0.004495805459401075,-0.08984554336346692,
GSE101521,0.004495805459401075,-0.08984554336346692,
GSE101526,0.004495805459401075,-0.08984554336346692,
GSE101528,0.004495805459401075,-0.08984554336346692,
GSE99596,0.004495805459401075,-0.08984554336346692,
GSE101209,0.004495805459401075,-0.08984554336346692,
GSE101232,0.004495805459401075,-0.08984554336346692,
GSE101234,0.004495805459401075,-0.08984554336346692,
GSE101396,0.004495805459401075,-0.08984554336346692,
GSE47805,0.004495805459401075,-0.08984554336346692,
GSE101451,0.004495805459401075,-0.08984554336346692,
GSE100813,0.004495805459401075,-0.08984554336346692,
GSE100862,0.004495805459401075,-0.08984554336346692,
GSE100925,0.004495805459401075,-0.08984554336346692,
GSE100982,0.004495805459401075,-0.08984554336346692,
GSE101133,0.004495805459401075,-0.08984554336346692,
GSE101157,0.004495805459401075,-0.08984554336346692,
GSE101167,0.004495805459401075,-0.08984554336346692,
GSE101168,0.004495805459401075,-0.08984554336346692,
GSE101419,0.004495805459401075,-0.08984554336346692,
GSE99641,0.004495805459401075,-0.08984554336346692,
GSE99671,0.004495805459401075,-0.08984554336346692,
GSE99687,0.004495805459401075,-0.08984554336346692,
GSE99778,0.004495805459401075,-0.08984554336346692,
GSE99794,0.004495805459401075,-0.08984554336346692,
GSE99812,0.004495805459401075,-0.08984554336346692,
GSE99819,0.004495805459401075,-0.08984554336346692,
GSE99820,0.004495805459401075,-0.08984554336346692,
GSE99821,0.004495805459401075,-0.08984554336346692,
GSE101518,0.004495805459401075,-0.08984554336346692,
GSE99843,0.004495805459401075,-0.08984554336346692,
GSE99857,0.004495805459401075,-0.08984554336346692,
GSE100751,0.004495805459401075,-0.08984554336346692,
GSE99392,0.004495805459401075,-0.08984554336346692,
GSE100183,0.004495805459401075,-0.08984554336346692,
GSE98894,0.004495805459401075,-0.08984554336346692,
GSE99407,0.004495805459401075,-0.08984554336346692,
GSE99987,0.004495805459401075,-0.08984554336346692,
GSE101480,0.004495805459401075,-0.08984554336346692,
GSE101497,0.004495805459401075,-0.08984554336346692,
GSE99825,0.004495805459401075,-0.08984554336346692,
GSE45669,0.004495805459401075,-0.08984554336346692,
GSE44976,0.004495805459401075,-0.08984554336346692,
GSE45133,0.004495805459401075,-0.08984554336346692,
GSE45176,0.004495805459401075,-0.08984554336346692,
GSE45202,0.004495805459401075,-0.08984554336346692,
GSE45258,0.004495805459401075,-0.08984554336346692,
GSE45326,0.004495805459401075,-0.08984554336346692,
GSE45332,0.004495805459401075,-0.08984554336346692,
GSE44618,0.004495805459401075,-0.08984554336346692,
GSE98670,0.004495805459401075,-0.08984554336346692,
GSE44718,0.004495805459401075,-0.08984554336346692,
GSE44769,0.004495805459401075,-0.08984554336346692,
GSE44801,0.004495805459401075,-0.08984554336346692,
GSE44866,0.004495805459401075,-0.08984554336346692,
GSE44875,0.004495805459401075,-0.08984554336346692,
GSE44953,0.004495805459401075,-0.08984554336346692,
GSE47428,0.004495805459401075,-0.08984554336346692,
GSE47488,0.004495805459401075,-0.08984554336346692,
GSE47636,0.004495805459401075,-0.08984554336346692,
GSE44646,0.004495805459401075,-0.08984554336346692,
GSE98710,0.004495805459401075,-0.08984554336346692,
GSE98720,0.004495805459401075,-0.08984554336346692,
GSE98734,0.004495805459401075,-0.08984554336346692,
GSE98752,0.004495805459401075,-0.08984554336346692,
GSE99951,0.004495805459401075,-0.08984554336346692,
GSE100075,0.004495805459401075,-0.08984554336346692,
GSE99466,0.004495805459401075,-0.08984554336346692,
GSE45785,0.004495805459401075,-0.08984554336346692,
GSE45822,0.004495805459401075,-0.08984554336346692,
GSE45510,0.004495805459401075,-0.08984554336346692,
GSE46044,0.004495805459401075,-0.08984554336346692,
GSE46164,0.004495805459401075,-0.08984554336346692,
GSE46217,0.004495805459401075,-0.08984554336346692,
GSE46228,0.004495805459401075,-0.08984554336346692,
GSE46322,0.004495805459401075,-0.08984554336346692,
GSE45335,0.004495805459401075,-0.08984554336346692,
GSE45419,0.004495805459401075,-0.08984554336346692,
GSE45428,0.004495805459401075,-0.08984554336346692,
GSE45442,0.004495805459401075,-0.08984554336346692,
GSE45453,0.004495805459401075,-0.08984554336346692,
GSE45910,0.004495805459401075,-0.08984554336346692,
GSE41279,0.004495805459401075,-0.08984554336346692,
GSE41357,0.004495805459401075,-0.08984554336346692,
GSE41359,0.004495805459401075,-0.08984554336346692,
GSE41476,0.004495805459401075,-0.08984554336346692,
GSE41586,0.004495805459401075,-0.08984554336346692,
GSE41716,0.004495805459401075,-0.08984554336346692,
GSE41761,0.004495805459401075,-0.08984554336346692,
GSE42006,0.004495805459401075,-0.08984554336346692,
GSE54308,0.004495805459401075,-0.08984554336346692,
GSE51878,0.004495805459401075,-0.08984554336346692,
GSE54333,0.004495805459401075,-0.08984554336346692,
GSE54384,0.004495805459401075,-0.08984554336346692,
GSE54392,0.004495805459401075,-0.08984554336346692,
GSE54401,0.004495805459401075,-0.08984554336346692,
GSE41245,0.004495805459401075,-0.08984554336346692,
GSE41264,0.004495805459401075,-0.08984554336346692,
GSE55275,0.004495805459401075,-0.08984554336346692,
GSE55326,0.004495805459401075,-0.08984554336346692,
GSE55361,0.004495805459401075,-0.08984554336346692,
GSE54322,0.004495805459401075,-0.08984554336346692,
GSE53292,0.004495805459401075,-0.08984554336346692,
GSE53330,0.004495805459401075,-0.08984554336346692,
GSE53350,0.004495805459401075,-0.08984554336346692,
GSE53356,0.004495805459401075,-0.08984554336346692,
GSE53370,0.004495805459401075,-0.08984554336346692,
GSE42701,0.004495805459401075,-0.08984554336346692,
GSE42735,0.004495805459401075,-0.08984554336346692,
GSE42948,0.004495805459401075,-0.08984554336346692,
GSE42960,0.004495805459401075,-0.08984554336346692,
GSE42563,0.004495805459401075,-0.08984554336346692,
GSE43093,0.004495805459401075,-0.08984554336346692,
GSE43126,0.004495805459401075,-0.08984554336346692,
GSE54409,0.004495805459401075,-0.08984554336346692,
GSE42142,0.004495805459401075,-0.08984554336346692,
GSE42146,0.004495805459401075,-0.08984554336346692,
GSE42212,0.004495805459401075,-0.08984554336346692,
GSE42326,0.004495805459401075,-0.08984554336346692,
GSE42420,0.004495805459401075,-0.08984554336346692,
GSE42485,0.004495805459401075,-0.08984554336346692,
GSE42509,0.004495805459401075,-0.08984554336346692,
GSE43070,0.004495805459401075,-0.08984554336346692,
GSE54641,0.004495805459401075,-0.08984554336346692,
GSE54733,0.004495805459401075,-0.08984554336346692,
GSE54734,0.004495805459401075,-0.08984554336346692,
GSE54760,0.004495805459401075,-0.08984554336346692,
GSE56361,0.004495805459401075,-0.08984554336346692,
GSE56568,0.004495805459401075,-0.08984554336346692,
GSE56623,0.004495805459401075,-0.08984554336346692,
GSE56625,0.004495805459401075,-0.08984554336346692,
GSE56648,0.004495805459401075,-0.08984554336346692,
GSE55362,0.004495805459401075,-0.08984554336346692,
GSE56689,0.004495805459401075,-0.08984554336346692,
GSE56192,0.004495805459401075,-0.08984554336346692,
GSE56231,0.004495805459401075,-0.08984554336346692,
GSE56267,0.004495805459401075,-0.08984554336346692,
GSE56293,0.004495805459401075,-0.08984554336346692,
GSE56331,0.004495805459401075,-0.08984554336346692,
GSE56343,0.004495805459401075,-0.08984554336346692,
GSE56356,0.004495805459401075,-0.08984554336346692,
GSE56010,0.004495805459401075,-0.08984554336346692,
GSE56660,0.004495805459401075,-0.08984554336346692,
GSE55370,0.004495805459401075,-0.08984554336346692,
GSE55391,0.004495805459401075,-0.08984554336346692,
GSE55458,0.004495805459401075,-0.08984554336346692,
GSE55048,0.004495805459401075,-0.08984554336346692,
GSE55123,0.004495805459401075,-0.08984554336346692,
GSE55169,0.004495805459401075,-0.08984554336346692,
GSE55193,0.004495805459401075,-0.08984554336346692,
GSE55195,0.004495805459401075,-0.08984554336346692,
GSE55215,0.004495805459401075,-0.08984554336346692,
GSE54602,0.004495805459401075,-0.08984554336346692,
GSE55271,0.004495805459401075,-0.08984554336346692,
GSE54846,0.004495805459401075,-0.08984554336346692,
GSE54878,0.004495805459401075,-0.08984554336346692,
GSE54879,0.004495805459401075,-0.08984554336346692,
GSE54912,0.004495805459401075,-0.08984554336346692,
GSE54922,0.004495805459401075,-0.08984554336346692,
GSE55005,0.004495805459401075,-0.08984554336346692,
GSE54478,0.004495805459401075,-0.08984554336346692,
GSE54505,0.004495805459401075,-0.08984554336346692,
GSE54511,0.004495805459401075,-0.08984554336346692,
GSE55259,0.004495805459401075,-0.08984554336346692,
GSE44385,0.004495805459401075,-0.08984554336346692,
GSE44457,0.004495805459401075,-0.08984554336346692,
GSE44568,0.004495805459401075,-0.08984554336346692,
GSE44585,0.004495805459401075,-0.08984554336346692,
GSE44615,0.004495805459401075,-0.08984554336346692,
GSE50580,0.004495805459401075,-0.08984554336346692,
GSE50582,0.004495805459401075,-0.08984554336346692,
GSE52934,0.004495805459401075,-0.08984554336346692,
GSE52973,0.004495805459401075,-0.08984554336346692,
GSE53280,0.004495805459401075,-0.08984554336346692,
GSE53024,0.004495805459401075,-0.08984554336346692,
GSE53066,0.004495805459401075,-0.08984554336346692,
GSE53094,0.004495805459401075,-0.08984554336346692,
GSE53172,0.004495805459401075,-0.08984554336346692,
GSE53220,0.004495805459401075,-0.08984554336346692,
GSE52666,0.004495805459401075,-0.08984554336346692,
GSE52695,0.004495805459401075,-0.08984554336346692,
GSE52716,0.004495805459401075,-0.08984554336346692,
GSE52734,0.004495805459401075,-0.08984554336346692,
GSE52975,0.004495805459401075,-0.08984554336346692,
GSE51975,0.004495805459401075,-0.08984554336346692,
GSE52036,0.004495805459401075,-0.08984554336346692,
GSE52082,0.004495805459401075,-0.08984554336346692,
GSE52090,0.004495805459401075,-0.08984554336346692,
GSE52133,0.004495805459401075,-0.08984554336346692,
GSE51254,0.004495805459401075,-0.08984554336346692,
GSE51261,0.004495805459401075,-0.08984554336346692,
GSE51403,0.004495805459401075,-0.08984554336346692,
GSE51415,0.004495805459401075,-0.08984554336346692,
GSE44384,0.004495805459401075,-0.08984554336346692,
GSE51443,0.004495805459401075,-0.08984554336346692,
GSE51518,0.004495805459401075,-0.08984554336346692,
GSE51584,0.004495805459401075,-0.08984554336346692,
GSE50599,0.004495805459401075,-0.08984554336346692,
GSE50630,0.004495805459401075,-0.08984554336346692,
GSE50676,0.004495805459401075,-0.08984554336346692,
GSE50721,0.004495805459401075,-0.08984554336346692,
GSE50958,0.004495805459401075,-0.08984554336346692,
GSE51124,0.004495805459401075,-0.08984554336346692,
GSE51217,0.004495805459401075,-0.08984554336346692,
GSE51428,0.004495805459401075,-0.08984554336346692,
GSE54122,0.004495805459401075,-0.08984554336346692,
GSE54136,0.004495805459401075,-0.08984554336346692,
GSE54178,0.004495805459401075,-0.08984554336346692,
GSE53532,0.004495805459401075,-0.08984554336346692,
GSE53554,0.004495805459401075,-0.08984554336346692,
GSE53567,0.004495805459401075,-0.08984554336346692,
GSE53586,0.004495805459401075,-0.08984554336346692,
GSE53667,0.004495805459401075,-0.08984554336346692,
GSE53696,0.004495805459401075,-0.08984554336346692,
GSE52745,0.004495805459401075,-0.08984554336346692,
GSE53391,0.004495805459401075,-0.08984554336346692,
GSE53419,0.004495805459401075,-0.08984554336346692,
GSE53450,0.004495805459401075,-0.08984554336346692,
GSE53463,0.004495805459401075,-0.08984554336346692,
GSE53470,0.004495805459401075,-0.08984554336346692,
GSE53481,0.004495805459401075,-0.08984554336346692,
GSE53499,0.004495805459401075,-0.08984554336346692,
GSE53510,0.004495805459401075,-0.08984554336346692,
GSE53279,0.004495805459401075,-0.08984554336346692,
GSE53698,0.004495805459401075,-0.08984554336346692,
GSE52834,0.004495805459401075,-0.08984554336346692,
GSE52848,0.004495805459401075,-0.08984554336346692,
GSE52447,0.004495805459401075,-0.08984554336346692,
GSE52490,0.004495805459401075,-0.08984554336346692,
GSE52530,0.004495805459401075,-0.08984554336346692,
GSE52642,0.004495805459401075,-0.08984554336346692,
GSE52643,0.004495805459401075,-0.08984554336346692,
GSE52656,0.004495805459401075,-0.08984554336346692,
GSE52657,0.004495805459401075,-0.08984554336346692,
GSE54114,0.004495805459401075,-0.08984554336346692,
GSE52194,0.004495805459401075,-0.08984554336346692,
GSE52201,0.004495805459401075,-0.08984554336346692,
GSE52285,0.004495805459401075,-0.08984554336346692,
GSE52367,0.004495805459401075,-0.08984554336346692,
GSE52385,0.004495805459401075,-0.08984554336346692,
GSE52429,0.004495805459401075,-0.08984554336346692,
GSE53949,0.004495805459401075,-0.08984554336346692,
GSE54066,0.004495805459401075,-0.08984554336346692,
GSE54074,0.004495805459401075,-0.08984554336346692,
GSE54112,0.004495805459401075,-0.08984554336346692,
GSE52665,0.004495805459401075,-0.08984554336346692,
GSE73470,0.004495805459401075,-0.08984554336346692,
GSE73471,0.004495805459401075,-0.08984554336346692,
GSE73502,0.004495805459401075,-0.08984554336346692,
GSE73114,0.004495805459401075,-0.08984554336346692,
GSE73211,0.004495805459401075,-0.08984554336346692,
GSE73213,0.004495805459401075,-0.08984554336346692,
GSE73268,0.004495805459401075,-0.08984554336346692,
GSE73277,0.004495805459401075,-0.08984554336346692,
GSE73305,0.004495805459401075,-0.08984554336346692,
GSE63546,0.004495805459401075,-0.08984554336346692,
GSE73318,0.004495805459401075,-0.08984554336346692,
GSE72915,0.004495805459401075,-0.08984554336346692,
GSE72932,0.004495805459401075,-0.08984554336346692,
GSE72955,0.004495805459401075,-0.08984554336346692,
GSE72956,0.004495805459401075,-0.08984554336346692,
GSE72983,0.004495805459401075,-0.08984554336346692,
GSE73016,0.004495805459401075,-0.08984554336346692,
GSE73060,0.004495805459401075,-0.08984554336346692,
GSE73109,0.004495805459401075,-0.08984554336346692,
GSE73317,0.004495805459401075,-0.08984554336346692,
GSE72460,0.004495805459401075,-0.08984554336346692,
GSE72055,0.004495805459401075,-0.08984554336346692,
GSE72131,0.004495805459401075,-0.08984554336346692,
GSE72141,0.004495805459401075,-0.08984554336346692,
GSE72156,0.004495805459401075,-0.08984554336346692,
GSE72202,0.004495805459401075,-0.08984554336346692,
GSE72268,0.004495805459401075,-0.08984554336346692,
GSE72273,0.004495805459401075,-0.08984554336346692,
GSE73526,0.004495805459401075,-0.08984554336346692,
GSE73458,0.004495805459401075,-0.08984554336346692,
GSE73555,0.004495805459401075,-0.08984554336346692,
GSE73565,0.004495805459401075,-0.08984554336346692,
GSE73573,0.004495805459401075,-0.08984554336346692,
GSE73583,0.004495805459401075,-0.08984554336346692,
GSE73588,0.004495805459401075,-0.08984554336346692,
GSE73610,0.004495805459401075,-0.08984554336346692,
GSE73362,0.004495805459401075,-0.08984554336346692,
GSE73370,0.004495805459401075,-0.08984554336346692,
GSE73376,0.004495805459401075,-0.08984554336346692,
GSE73398,0.004495805459401075,-0.08984554336346692,
GSE73527,0.004495805459401075,-0.08984554336346692,
GSE125629,0.004495805459401075,-0.08984554336346692,
GSE73628,0.004495805459401075,-0.08984554336346692,
GSE73632,0.004495805459401075,-0.08984554336346692,
GSE73663,0.004495805459401075,-0.08984554336346692,
GSE73678,0.004495805459401075,-0.08984554336346692,
GSE73696,0.004495805459401075,-0.08984554336346692,
GSE73708,0.004495805459401075,-0.08984554336346692,
GSE73718,0.004495805459401075,-0.08984554336346692,
GSE73719,0.004495805459401075,-0.08984554336346692,
GSE16921,0.004495805459401075,-0.08984554336346692,
GSE74308,0.004495805459401075,-0.08984554336346692,
GSE74324,0.004495805459401075,-0.08984554336346692,
GSE74339,0.004495805459401075,-0.08984554336346692,
GSE74345,0.004495805459401075,-0.08984554336346692,
GSE74365,0.004495805459401075,-0.08984554336346692,
GSE74377,0.004495805459401075,-0.08984554336346692,
GSE74031,0.004495805459401075,-0.08984554336346692,
GSE74041,0.004495805459401075,-0.08984554336346692,
GSE74102,0.004495805459401075,-0.08984554336346692,
GSE74279,0.004495805459401075,-0.08984554336346692,
GSE18156,0.004495805459401075,-0.08984554336346692,
GSE19166,0.004495805459401075,-0.08984554336346692,
GSE19323,0.004495805459401075,-0.08984554336346692,
GSE19373,0.004495805459401075,-0.08984554336346692,
GSE19466,0.004495805459401075,-0.08984554336346692,
GSE19480,0.004495805459401075,-0.08984554336346692,
GSE19481,0.004495805459401075,-0.08984554336346692,
GSE125642,0.004495805459401075,-0.08984554336346692,
GSE125778,0.004495805459401075,-0.08984554336346692,
GSE125577,0.004495805459401075,-0.08984554336346692,
GSE125892,0.004495805459401075,-0.08984554336346692,
GSE125966,0.004495805459401075,-0.08984554336346692,
GSE126007,0.004495805459401075,-0.08984554336346692,
GSE15780,0.004495805459401075,-0.08984554336346692,
GSE16642,0.004495805459401075,-0.08984554336346692,
GSE73727,0.004495805459401075,-0.08984554336346692,
GSE123029,0.004495805459401075,-0.08984554336346692,
GSE124282,0.004495805459401075,-0.08984554336346692,
GSE124586,0.004495805459401075,-0.08984554336346692,
GSE125522,0.004495805459401075,-0.08984554336346692,
GSE125802,0.004495805459401075,-0.08984554336346692,
GSE22917,0.004495805459401075,-0.08984554336346692,
GSE22932,0.004495805459401075,-0.08984554336346692,
GSE23109,0.004495805459401075,-0.08984554336346692,
GSE24283,0.004495805459401075,-0.08984554336346692,
GSE24355,0.004495805459401075,-0.08984554336346692,
GSE25133,0.004495805459401075,-0.08984554336346692,
GSE25291,0.004495805459401075,-0.08984554336346692,
GSE25842,0.004495805459401075,-0.08984554336346692,
GSE71382,0.004495805459401075,-0.08984554336346692,
GSE72437,0.004495805459401075,-0.08984554336346692,
GSE71446,0.004495805459401075,-0.08984554336346692,
GSE71456,0.004495805459401075,-0.08984554336346692,
GSE22666,0.004495805459401075,-0.08984554336346692,
GSE71862,0.004495805459401075,-0.08984554336346692,
GSE71878,0.004495805459401075,-0.08984554336346692,
GSE71890,0.004495805459401075,-0.08984554336346692,
GSE71960,0.004495805459401075,-0.08984554336346692,
GSE71972,0.004495805459401075,-0.08984554336346692,
GSE71993,0.004495805459401075,-0.08984554336346692,
GSE71421,0.004495805459401075,-0.08984554336346692,
GSE70871,0.004495805459401075,-0.08984554336346692,
GSE70874,0.004495805459401075,-0.08984554336346692,
GSE70926,0.004495805459401075,-0.08984554336346692,
GSE70959,0.004495805459401075,-0.08984554336346692,
GSE70968,0.004495805459401075,-0.08984554336346692,
GSE28040,0.004495805459401075,-0.08984554336346692,
GSE28115,0.004495805459401075,-0.08984554336346692,
GSE28859,0.004495805459401075,-0.08984554336346692,
GSE28864,0.004495805459401075,-0.08984554336346692,
GSE27315,0.004495805459401075,-0.08984554336346692,
GSE29006,0.004495805459401075,-0.08984554336346692,
GSE29038,0.004495805459401075,-0.08984554336346692,
GSE29040,0.004495805459401075,-0.08984554336346692,
GSE25882,0.004495805459401075,-0.08984554336346692,
GSE25932,0.004495805459401075,-0.08984554336346692,
GSE26140,0.004495805459401075,-0.08984554336346692,
GSE26463,0.004495805459401075,-0.08984554336346692,
GSE26501,0.004495805459401075,-0.08984554336346692,
GSE26811,0.004495805459401075,-0.08984554336346692,
GSE26880,0.004495805459401075,-0.08984554336346692,
GSE28866,0.004495805459401075,-0.08984554336346692,
GSE72577,0.004495805459401075,-0.08984554336346692,
GSE72589,0.004495805459401075,-0.08984554336346692,
GSE72631,0.004495805459401075,-0.08984554336346692,
GSE72815,0.004495805459401075,-0.08984554336346692,
GSE72820,0.004495805459401075,-0.08984554336346692,
GSE72821,0.004495805459401075,-0.08984554336346692,
GSE72842,0.004495805459401075,-0.08984554336346692,
GSE72468,0.004495805459401075,-0.08984554336346692,
GSE72475,0.004495805459401075,-0.08984554336346692,
GSE72001,0.004495805459401075,-0.08984554336346692,
GSE72483,0.004495805459401075,-0.08984554336346692,
GSE72501,0.004495805459401075,-0.08984554336346692,
GSE72524,0.004495805459401075,-0.08984554336346692,
GSE72534,0.004495805459401075,-0.08984554336346692,
GSE72379,0.004495805459401075,-0.08984554336346692,
GSE72400,0.004495805459401075,-0.08984554336346692,
GSE72404,0.004495805459401075,-0.08984554336346692,
GSE72407,0.004495805459401075,-0.08984554336346692,
GSE72419,0.004495805459401075,-0.08984554336346692,
GSE72482,0.004495805459401075,-0.08984554336346692,
GSE71710,0.004495805459401075,-0.08984554336346692,
GSE71740,0.004495805459401075,-0.08984554336346692,
GSE71756,0.004495805459401075,-0.08984554336346692,
GSE71797,0.004495805459401075,-0.08984554336346692,
GSE71812,0.004495805459401075,-0.08984554336346692,
GSE71858,0.004495805459401075,-0.08984554336346692,
GSE71541,0.004495805459401075,-0.08984554336346692,
GSE71551,0.004495805459401075,-0.08984554336346692,
GSE71557,0.004495805459401075,-0.08984554336346692,
GSE71520,0.004495805459401075,-0.08984554336346692,
GSE71569,0.004495805459401075,-0.08984554336346692,
GSE71577,0.004495805459401075,-0.08984554336346692,
GSE71594,0.004495805459401075,-0.08984554336346692,
GSE29098,0.004495805459401075,-0.08984554336346692,
GSE29119,0.004495805459401075,-0.08984554336346692,
GSE29155,0.004495805459401075,-0.08984554336346692,
GSE71503,0.004495805459401075,-0.08984554336346692,
GSE71505,0.004495805459401075,-0.08984554336346692,
GSE71511,0.004495805459401075,-0.08984554336346692,
GSE71519,0.004495805459401075,-0.08984554336346692,
GSE71560,0.004495805459401075,-0.08984554336346692,
GSE75491,0.004495805459401075,-0.08984554336346692,
GSE75515,0.004495805459401075,-0.08984554336346692,
GSE120891,0.004495805459401075,-0.08984554336346692,
GSE121425,0.004495805459401075,-0.08984554336346692,
GSE122093,0.004495805459401075,-0.08984554336346692,
GSE122383,0.004495805459401075,-0.08984554336346692,
GSE122550,0.004495805459401075,-0.08984554336346692,
GSE99626,0.004495805459401075,-0.08984554336346692,
GSE122953,0.004495805459401075,-0.08984554336346692,
GSE74230,0.004495805459401075,-0.08984554336346692,
GSE116346,0.004495805459401075,-0.08984554336346692,
GSE117622,0.004495805459401075,-0.08984554336346692,
GSE118808,0.004495805459401075,-0.08984554336346692,
GSE119587,0.004495805459401075,-0.08984554336346692,
GSE119669,0.004495805459401075,-0.08984554336346692,
GSE120297,0.004495805459401075,-0.08984554336346692,
GSE120890,0.004495805459401075,-0.08984554336346692,
GSE76098,0.004495805459401075,-0.08984554336346692,
GSE76122,0.004495805459401075,-0.08984554336346692,
GSE76125,0.004495805459401075,-0.08984554336346692,
GSE75885,0.004495805459401075,-0.08984554336346692,
GSE75699,0.004495805459401075,-0.08984554336346692,
GSE75719,0.004495805459401075,-0.08984554336346692,
GSE75733,0.004495805459401075,-0.08984554336346692,
GSE75741,0.004495805459401075,-0.08984554336346692,
GSE75742,0.004495805459401075,-0.08984554336346692,
GSE75746,0.004495805459401075,-0.08984554336346692,
GSE75747,0.004495805459401075,-0.08984554336346692,
GSE75524,0.004495805459401075,-0.08984554336346692,
GSE75489,0.004495805459401075,-0.08984554336346692,
GSE75591,0.004495805459401075,-0.08984554336346692,
GSE75602,0.004495805459401075,-0.08984554336346692,
GSE75627,0.004495805459401075,-0.08984554336346692,
GSE75652,0.004495805459401075,-0.08984554336346692,
GSE75664,0.004495805459401075,-0.08984554336346692,
GSE75428,0.004495805459401075,-0.08984554336346692,
GSE75440,0.004495805459401075,-0.08984554336346692,
GSE75452,0.004495805459401075,-0.08984554336346692,
GSE75478,0.004495805459401075,-0.08984554336346692,
GSE75487,0.004495805459401075,-0.08984554336346692,
GSE75530,0.004495805459401075,-0.08984554336346692,
GSE76495,0.004495805459401075,-0.08984554336346692,
GSE76507,0.004495805459401075,-0.08984554336346692,
GSE76523,0.004495805459401075,-0.08984554336346692,
GSE76572,0.004495805459401075,-0.08984554336346692,
GSE76586,0.004495805459401075,-0.08984554336346692,
GSE76608,0.004495805459401075,-0.08984554336346692,
GSE76377,0.004495805459401075,-0.08984554336346692,
GSE76389,0.004495805459401075,-0.08984554336346692,
GSE76421,0.004495805459401075,-0.08984554336346692,
GSE115575,0.004495805459401075,-0.08984554336346692,
GSE76445,0.004495805459401075,-0.08984554336346692,
GSE76453,0.004495805459401075,-0.08984554336346692,
GSE76464,0.004495805459401075,-0.08984554336346692,
GSE76151,0.004495805459401075,-0.08984554336346692,
GSE76220,0.004495805459401075,-0.08984554336346692,
GSE76268,0.004495805459401075,-0.08984554336346692,
GSE76307,0.004495805459401075,-0.08984554336346692,
GSE76312,0.004495805459401075,-0.08984554336346692,
GSE76367,0.004495805459401075,-0.08984554336346692,
GSE76433,0.004495805459401075,-0.08984554336346692,
GSE115770,0.004495805459401075,-0.08984554336346692,
GSE115795,0.004495805459401075,-0.08984554336346692,
GSE115831,0.004495805459401075,-0.08984554336346692,
GSE115941,0.004495805459401075,-0.08984554336346692,
GSE75906,0.004495805459401075,-0.08984554336346692,
GSE75949,0.004495805459401075,-0.08984554336346692,
GSE75956,0.004495805459401075,-0.08984554336346692,
GSE75962,0.004495805459401075,-0.08984554336346692,
GSE75990,0.004495805459401075,-0.08984554336346692,
GSE76487,0.004495805459401075,-0.08984554336346692,
GSE76023,0.004495805459401075,-0.08984554336346692,
GSE76626,0.004495805459401075,-0.08984554336346692,
GSE76627,0.004495805459401075,-0.08984554336346692,
GSE76647,0.004495805459401075,-0.08984554336346692,
GSE76656,0.004495805459401075,-0.08984554336346692,
GSE76661,0.004495805459401075,-0.08984554336346692,
GSE76682,0.004495805459401075,-0.08984554336346692,
GSE76683,0.004495805459401075,-0.08984554336346692,
GSE76684,0.004495805459401075,-0.08984554336346692,
GSE76476,0.004495805459401075,-0.08984554336346692,
GSE76011,0.004495805459401075,-0.08984554336346692,
GSE74866,0.004495805459401075,-0.08984554336346692,
GSE74881,0.004495805459401075,-0.08984554336346692,
GSE74886,0.004495805459401075,-0.08984554336346692,
GSE74896,0.004495805459401075,-0.08984554336346692,
GSE74924,0.004495805459401075,-0.08984554336346692,
GSE74716,0.004495805459401075,-0.08984554336346692,
GSE74718,0.004495805459401075,-0.08984554336346692,
GSE74729,0.004495805459401075,-0.08984554336346692,
GSE74734,0.004495805459401075,-0.08984554336346692,
GSE75853,0.004495805459401075,-0.08984554336346692,
GSE74791,0.004495805459401075,-0.08984554336346692,
GSE74792,0.004495805459401075,-0.08984554336346692,
GSE74508,0.004495805459401075,-0.08984554336346692,
GSE74550,0.004495805459401075,-0.08984554336346692,
GSE74557,0.004495805459401075,-0.08984554336346692,
GSE74639,0.004495805459401075,-0.08984554336346692,
GSE74658,0.004495805459401075,-0.08984554336346692,
GSE74665,0.004495805459401075,-0.08984554336346692,
GSE74383,0.004495805459401075,-0.08984554336346692,
GSE74760,0.004495805459401075,-0.08984554336346692,
GSE74232,0.004495805459401075,-0.08984554336346692,
GSE74251,0.004495805459401075,-0.08984554336346692,
GSE74270,0.004495805459401075,-0.08984554336346692,
GSE73857,0.004495805459401075,-0.08984554336346692,
GSE73887,0.004495805459401075,-0.08984554336346692,
GSE73929,0.004495805459401075,-0.08984554336346692,
GSE73934,0.004495805459401075,-0.08984554336346692,
GSE73942,0.004495805459401075,-0.08984554336346692,
GSE73986,0.004495805459401075,-0.08984554336346692,
GSE74863,0.004495805459401075,-0.08984554336346692,
GSE74029,0.004495805459401075,-0.08984554336346692,
GSE20116,0.004495805459401075,-0.08984554336346692,
GSE20301,0.004495805459401075,-0.08984554336346692,
GSE21918,0.004495805459401075,-0.08984554336346692,
GSE22260,0.004495805459401075,-0.08984554336346692,
GSE73742,0.004495805459401075,-0.08984554336346692,
GSE73784,0.004495805459401075,-0.08984554336346692,
GSE73853,0.004495805459401075,-0.08984554336346692,
GSE74798,0.004495805459401075,-0.08984554336346692,
GSE74850,0.004495805459401075,-0.08984554336346692,
GSE74016,0.004495805459401075,-0.08984554336346692,
GSE74999,0.004495805459401075,-0.08984554336346692,
GSE75059,0.004495805459401075,-0.08984554336346692,
GSE75070,0.004495805459401075,-0.08984554336346692,
GSE75130,0.004495805459401075,-0.08984554336346692,
GSE75140,0.004495805459401075,-0.08984554336346692,
GSE75146,0.004495805459401075,-0.08984554336346692,
GSE75147,0.004495805459401075,-0.08984554336346692,
GSE74928,0.004495805459401075,-0.08984554336346692,
GSE74935,0.004495805459401075,-0.08984554336346692,
GSE74417,0.004495805459401075,-0.08984554336346692,
GSE74953,0.004495805459401075,-0.08984554336346692,
GSE74974,0.004495805459401075,-0.08984554336346692,
GSE74978,0.004495805459401075,-0.08984554336346692,
GSE75748,0.004495805459401075,-0.08984554336346692,
GSE75792,0.004495805459401075,-0.08984554336346692,
GSE75797,0.004495805459401075,-0.08984554336346692,
GSE75823,0.004495805459401075,-0.08984554336346692,
GSE75839,0.004495805459401075,-0.08984554336346692,
GSE75852,0.004495805459401075,-0.08984554336346692,
GSE74941,0.004495805459401075,-0.08984554336346692,
GSE74439,0.004495805459401075,-0.08984554336346692,
GSE74450,0.004495805459401075,-0.08984554336346692,
GSE74457,0.004495805459401075,-0.08984554336346692,
GSE74461,0.004495805459401075,-0.08984554336346692,
GSE74493,0.004495805459401075,-0.08984554336346692,
GSE75291,0.004495805459401075,-0.08984554336346692,
GSE75297,0.004495805459401075,-0.08984554336346692,
GSE75299,0.004495805459401075,-0.08984554336346692,
GSE75354,0.004495805459401075,-0.08984554336346692,
GSE74981,0.004495805459401075,-0.08984554336346692,
GSE75367,0.004495805459401075,-0.08984554336346692,
GSE75369,0.004495805459401075,-0.08984554336346692,
GSE75168,0.004495805459401075,-0.08984554336346692,
GSE75184,0.004495805459401075,-0.08984554336346692,
GSE75189,0.004495805459401075,-0.08984554336346692,
GSE75215,0.004495805459401075,-0.08984554336346692,
GSE75217,0.004495805459401075,-0.08984554336346692,
GSE75220,0.004495805459401075,-0.08984554336346692,
GSE75234,0.004495805459401075,-0.08984554336346692,
GSE75247,0.004495805459401075,-0.08984554336346692,
GSE75364,0.004495805459401075,-0.08984554336346692,
GSE66507,0.004495805459401075,-0.08984554336346692,
GSE66182,0.004495805459401075,-0.08984554336346692,
GSE66200,0.004495805459401075,-0.08984554336346692,
GSE66216,0.004495805459401075,-0.08984554336346692,
GSE66217,0.004495805459401075,-0.08984554336346692,
GSE66228,0.004495805459401075,-0.08984554336346692,
GSE66238,0.004495805459401075,-0.08984554336346692,
GSE66250,0.004495805459401075,-0.08984554336346692,
GSE66261,0.004495805459401075,-0.08984554336346692,
GSE70833,0.004495805459401075,-0.08984554336346692,
GSE66053,0.004495805459401075,-0.08984554336346692,
GSE66086,0.004495805459401075,-0.08984554336346692,
GSE66135,0.004495805459401075,-0.08984554336346692,
GSE66148,0.004495805459401075,-0.08984554336346692,
GSE66155,0.004495805459401075,-0.08984554336346692,
GSE66158,0.004495805459401075,-0.08984554336346692,
GSE66173,0.004495805459401075,-0.08984554336346692,
GSE35296,0.004495805459401075,-0.08984554336346692,
GSE35464,0.004495805459401075,-0.08984554336346692,
GSE66036,0.004495805459401075,-0.08984554336346692,
GSE65991,0.004495805459401075,-0.08984554336346692,
GSE33092,0.004495805459401075,-0.08984554336346692,
GSE33154,0.004495805459401075,-0.08984554336346692,
GSE33281,0.004495805459401075,-0.08984554336346692,
GSE33328,0.004495805459401075,-0.08984554336346692,
GSE33480,0.004495805459401075,-0.08984554336346692,
GSE33592,0.004495805459401075,-0.08984554336346692,
GSE65761,0.004495805459401075,-0.08984554336346692,
GSE65778,0.004495805459401075,-0.08984554336346692,
GSE66506,0.004495805459401075,-0.08984554336346692,
GSE65838,0.004495805459401075,-0.08984554336346692,
GSE65885,0.004495805459401075,-0.08984554336346692,
GSE65912,0.004495805459401075,-0.08984554336346692,
GSE65943,0.004495805459401075,-0.08984554336346692,
GSE65949,0.004495805459401075,-0.08984554336346692,
GSE66304,0.004495805459401075,-0.08984554336346692,
GSE66306,0.004495805459401075,-0.08984554336346692,
GSE66357,0.004495805459401075,-0.08984554336346692,
GSE66412,0.004495805459401075,-0.08984554336346692,
GSE66478,0.004495805459401075,-0.08984554336346692,
GSE65830,0.004495805459401075,-0.08984554336346692,
GSE66755,0.004495805459401075,-0.08984554336346692,
GSE66777,0.004495805459401075,-0.08984554336346692,
GSE66789,0.004495805459401075,-0.08984554336346692,
GSE66798,0.004495805459401075,-0.08984554336346692,
GSE66550,0.004495805459401075,-0.08984554336346692,
GSE66553,0.004495805459401075,-0.08984554336346692,
GSE66590,0.004495805459401075,-0.08984554336346692,
GSE66592,0.004495805459401075,-0.08984554336346692,
GSE66593,0.004495805459401075,-0.08984554336346692,
GSE35468,0.004495805459401075,-0.08984554336346692,
GSE68109,0.004495805459401075,-0.08984554336346692,
GSE68180,0.004495805459401075,-0.08984554336346692,
GSE68219,0.004495805459401075,-0.08984554336346692,
GSE68221,0.004495805459401075,-0.08984554336346692,
GSE68228,0.004495805459401075,-0.08984554336346692,
GSE68229,0.004495805459401075,-0.08984554336346692,
GSE67915,0.004495805459401075,-0.08984554336346692,
GSE67931,0.004495805459401075,-0.08984554336346692,
GSE67945,0.004495805459401075,-0.08984554336346692,
GSE68102,0.004495805459401075,-0.08984554336346692,
GSE35469,0.004495805459401075,-0.08984554336346692,
GSE65996,0.004495805459401075,-0.08984554336346692,
GSE65999,0.004495805459401075,-0.08984554336346692,
GSE66014,0.004495805459401075,-0.08984554336346692,
GSE66962,0.004495805459401075,-0.08984554336346692,
GSE66993,0.004495805459401075,-0.08984554336346692,
GSE67041,0.004495805459401075,-0.08984554336346692,
GSE67109,0.004495805459401075,-0.08984554336346692,
GSE67122,0.004495805459401075,-0.08984554336346692,
GSE66719,0.004495805459401075,-0.08984554336346692,
GSE67174,0.004495805459401075,-0.08984554336346692,
GSE67196,0.004495805459401075,-0.08984554336346692,
GSE66809,0.004495805459401075,-0.08984554336346692,
GSE66859,0.004495805459401075,-0.08984554336346692,
GSE66879,0.004495805459401075,-0.08984554336346692,
GSE66895,0.004495805459401075,-0.08984554336346692,
GSE66917,0.004495805459401075,-0.08984554336346692,
GSE66927,0.004495805459401075,-0.08984554336346692,
GSE66928,0.004495805459401075,-0.08984554336346692,
GSE66622,0.004495805459401075,-0.08984554336346692,
GSE67128,0.004495805459401075,-0.08984554336346692,
GSE64558,0.004495805459401075,-0.08984554336346692,
GSE64113,0.004495805459401075,-0.08984554336346692,
GSE64179,0.004495805459401075,-0.08984554336346692,
GSE64182,0.004495805459401075,-0.08984554336346692,
GSE64185,0.004495805459401075,-0.08984554336346692,
GSE64233,0.004495805459401075,-0.08984554336346692,
GSE64317,0.004495805459401075,-0.08984554336346692,
GSE64332,0.004495805459401075,-0.08984554336346692,
GSE64367,0.004495805459401075,-0.08984554336346692,
GSE34448,0.004495805459401075,-0.08984554336346692,
GSE63953,0.004495805459401075,-0.08984554336346692,
GSE63966,0.004495805459401075,-0.08984554336346692,
GSE63979,0.004495805459401075,-0.08984554336346692,
GSE64017,0.004495805459401075,-0.08984554336346692,
GSE64025,0.004495805459401075,-0.08984554336346692,
GSE64032,0.004495805459401075,-0.08984554336346692,
GSE64082,0.004495805459401075,-0.08984554336346692,
GSE65518,0.004495805459401075,-0.08984554336346692,
GSE65540,0.004495805459401075,-0.08984554336346692,
GSE63950,0.004495805459401075,-0.08984554336346692,
GSE37211,0.004495805459401075,-0.08984554336346692,
GSE37376,0.004495805459401075,-0.08984554336346692,
GSE37521,0.004495805459401075,-0.08984554336346692,
GSE37524,0.004495805459401075,-0.08984554336346692,
GSE37686,0.004495805459401075,-0.08984554336346692,
GSE37703,0.004495805459401075,-0.08984554336346692,
GSE63392,0.004495805459401075,-0.08984554336346692,
GSE63397,0.004495805459401075,-0.08984554336346692,
GSE64588,0.004495805459401075,-0.08984554336346692,
GSE64553,0.004495805459401075,-0.08984554336346692,
GSE64615,0.004495805459401075,-0.08984554336346692,
GSE64642,0.004495805459401075,-0.08984554336346692,
GSE64677,0.004495805459401075,-0.08984554336346692,
GSE64693,0.004495805459401075,-0.08984554336346692,
GSE64712,0.004495805459401075,-0.08984554336346692,
GSE64741,0.004495805459401075,-0.08984554336346692,
GSE64451,0.004495805459401075,-0.08984554336346692,
GSE64471,0.004495805459401075,-0.08984554336346692,
GSE64529,0.004495805459401075,-0.08984554336346692,
GSE64550,0.004495805459401075,-0.08984554336346692,
GSE64590,0.004495805459401075,-0.08984554336346692,
GSE64912,0.004495805459401075,-0.08984554336346692,
GSE64962,0.004495805459401075,-0.08984554336346692,
GSE65030,0.004495805459401075,-0.08984554336346692,
GSE65039,0.004495805459401075,-0.08984554336346692,
GSE34491,0.004495805459401075,-0.08984554336346692,
GSE34736,0.004495805459401075,-0.08984554336346692,
GSE34740,0.004495805459401075,-0.08984554336346692,
GSE34780,0.004495805459401075,-0.08984554336346692,
GSE34914,0.004495805459401075,-0.08984554336346692,
GSE65545,0.004495805459401075,-0.08984554336346692,
GSE35178,0.004495805459401075,-0.08984554336346692,
GSE35197,0.004495805459401075,-0.08984554336346692,
GSE33600,0.004495805459401075,-0.08984554336346692,
GSE33772,0.004495805459401075,-0.08984554336346692,
GSE33776,0.004495805459401075,-0.08984554336346692,
GSE33782,0.004495805459401075,-0.08984554336346692,
GSE33816,0.004495805459401075,-0.08984554336346692,
GSE34097,0.004495805459401075,-0.08984554336346692,
GSE34329,0.004495805459401075,-0.08984554336346692,
GSE35126,0.004495805459401075,-0.08984554336346692,
GSE65634,0.004495805459401075,-0.08984554336346692,
GSE65644,0.004495805459401075,-0.08984554336346692,
GSE65655,0.004495805459401075,-0.08984554336346692,
GSE65683,0.004495805459401075,-0.08984554336346692,
GSE65688,0.004495805459401075,-0.08984554336346692,
GSE65335,0.004495805459401075,-0.08984554336346692,
GSE65354,0.004495805459401075,-0.08984554336346692,
GSE65473,0.004495805459401075,-0.08984554336346692,
GSE65481,0.004495805459401075,-0.08984554336346692,
GSE64882,0.004495805459401075,-0.08984554336346692,
GSE65099,0.004495805459401075,-0.08984554336346692,
GSE65105,0.004495805459401075,-0.08984554336346692,
GSE65107,0.004495805459401075,-0.08984554336346692,
GSE65112,0.004495805459401075,-0.08984554336346692,
GSE65131,0.004495805459401075,-0.08984554336346692,
GSE65185,0.004495805459401075,-0.08984554336346692,
GSE65193,0.004495805459401075,-0.08984554336346692,
GSE65235,0.004495805459401075,-0.08984554336346692,
GSE64752,0.004495805459401075,-0.08984554336346692,
GSE64854,0.004495805459401075,-0.08984554336346692,
GSE65515,0.004495805459401075,-0.08984554336346692,
GSE69240,0.004495805459401075,-0.08984554336346692,
GSE69284,0.004495805459401075,-0.08984554336346692,
GSE69308,0.004495805459401075,-0.08984554336346692,
GSE69312,0.004495805459401075,-0.08984554336346692,
GSE69319,0.004495805459401075,-0.08984554336346692,
GSE69333,0.004495805459401075,-0.08984554336346692,
GSE70620,0.004495805459401075,-0.08984554336346692,
GSE70668,0.004495805459401075,-0.08984554336346692,
GSE70674,0.004495805459401075,-0.08984554336346692,
GSE68005,0.004495805459401075,-0.08984554336346692,
GSE70741,0.004495805459401075,-0.08984554336346692,
GSE70767,0.004495805459401075,-0.08984554336346692,
GSE70785,0.004495805459401075,-0.08984554336346692,
GSE70803,0.004495805459401075,-0.08984554336346692,
GSE70330,0.004495805459401075,-0.08984554336346692,
GSE70373,0.004495805459401075,-0.08984554336346692,
GSE70462,0.004495805459401075,-0.08984554336346692,
GSE70513,0.004495805459401075,-0.08984554336346692,
GSE70537,0.004495805459401075,-0.08984554336346692,
GSE70694,0.004495805459401075,-0.08984554336346692,
GSE69692,0.004495805459401075,-0.08984554336346692,
GSE69735,0.004495805459401075,-0.08984554336346692,
GSE69787,0.004495805459401075,-0.08984554336346692,
GSE69822,0.004495805459401075,-0.08984554336346692,
GSE69506,0.004495805459401075,-0.08984554336346692,
GSE69511,0.004495805459401075,-0.08984554336346692,
GSE69567,0.004495805459401075,-0.08984554336346692,
GSE69596,0.004495805459401075,-0.08984554336346692,
GSE69602,0.004495805459401075,-0.08984554336346692,
GSE69239,0.004495805459401075,-0.08984554336346692,
GSE69618,0.004495805459401075,-0.08984554336346692,
GSE69622,0.004495805459401075,-0.08984554336346692,
GSE69352,0.004495805459401075,-0.08984554336346692,
GSE69360,0.004495805459401075,-0.08984554336346692,
GSE69383,0.004495805459401075,-0.08984554336346692,
GSE69420,0.004495805459401075,-0.08984554336346692,
GSE69434,0.004495805459401075,-0.08984554336346692,
GSE69471,0.004495805459401075,-0.08984554336346692,
GSE69476,0.004495805459401075,-0.08984554336346692,
GSE69233,0.004495805459401075,-0.08984554336346692,
GSE69604,0.004495805459401075,-0.08984554336346692,
GSE71334,0.004495805459401075,-0.08984554336346692,
GSE71164,0.004495805459401075,-0.08984554336346692,
GSE71203,0.004495805459401075,-0.08984554336346692,
GSE71204,0.004495805459401075,-0.08984554336346692,
GSE71208,0.004495805459401075,-0.08984554336346692,
GSE71216,0.004495805459401075,-0.08984554336346692,
GSE71247,0.004495805459401075,-0.08984554336346692,
GSE71261,0.004495805459401075,-0.08984554336346692,
GSE71275,0.004495805459401075,-0.08984554336346692,
GSE70544,0.004495805459401075,-0.08984554336346692,
GSE71012,0.004495805459401075,-0.08984554336346692,
GSE71070,0.004495805459401075,-0.08984554336346692,
GSE71074,0.004495805459401075,-0.08984554336346692,
GSE71095,0.004495805459401075,-0.08984554336346692,
GSE71100,0.004495805459401075,-0.08984554336346692,
GSE71120,0.004495805459401075,-0.08984554336346692,
GSE71139,0.004495805459401075,-0.08984554336346692,
GSE70810,0.004495805459401075,-0.08984554336346692,
GSE70831,0.004495805459401075,-0.08984554336346692,
GSE71009,0.004495805459401075,-0.08984554336346692,
GSE70602,0.004495805459401075,-0.08984554336346692,
GSE70068,0.004495805459401075,-0.08984554336346692,
GSE70073,0.004495805459401075,-0.08984554336346692,
GSE70078,0.004495805459401075,-0.08984554336346692,
GSE70084,0.004495805459401075,-0.08984554336346692,
GSE70101,0.004495805459401075,-0.08984554336346692,
GSE70106,0.004495805459401075,-0.08984554336346692,
GSE70150,0.004495805459401075,-0.08984554336346692,
GSE70230,0.004495805459401075,-0.08984554336346692,
GSE71326,0.004495805459401075,-0.08984554336346692,
GSE69876,0.004495805459401075,-0.08984554336346692,
GSE69905,0.004495805459401075,-0.08984554336346692,
GSE69906,0.004495805459401075,-0.08984554336346692,
GSE69982,0.004495805459401075,-0.08984554336346692,
GSE70000,0.004495805459401075,-0.08984554336346692,
GSE70061,0.004495805459401075,-0.08984554336346692,
GSE71284,0.004495805459401075,-0.08984554336346692,
GSE71289,0.004495805459401075,-0.08984554336346692,
GSE71318,0.004495805459401075,-0.08984554336346692,
GSE71325,0.004495805459401075,-0.08984554336346692,
GSE69842,0.004495805459401075,-0.08984554336346692,
GSE69092,0.004495805459401075,-0.08984554336346692,
GSE69110,0.004495805459401075,-0.08984554336346692,
GSE69114,0.004495805459401075,-0.08984554336346692,
GSE69121,0.004495805459401075,-0.08984554336346692,
GSE69125,0.004495805459401075,-0.08984554336346692,
GSE68800,0.004495805459401075,-0.08984554336346692,
GSE68813,0.004495805459401075,-0.08984554336346692,
GSE68815,0.004495805459401075,-0.08984554336346692,
GSE68872,0.004495805459401075,-0.08984554336346692,
GSE69687,0.004495805459401075,-0.08984554336346692,
GSE68395,0.004495805459401075,-0.08984554336346692,
GSE68401,0.004495805459401075,-0.08984554336346692,
GSE68482,0.004495805459401075,-0.08984554336346692,
GSE68538,0.004495805459401075,-0.08984554336346692,
GSE68611,0.004495805459401075,-0.08984554336346692,
GSE68631,0.004495805459401075,-0.08984554336346692,
GSE68645,0.004495805459401075,-0.08984554336346692,
GSE68671,0.004495805459401075,-0.08984554336346692,
GSE68230,0.004495805459401075,-0.08984554336346692,
GSE68938,0.004495805459401075,-0.08984554336346692,
GSE68027,0.004495805459401075,-0.08984554336346692,
GSE68039,0.004495805459401075,-0.08984554336346692,
GSE68040,0.004495805459401075,-0.08984554336346692,
GSE67617,0.004495805459401075,-0.08984554336346692,
GSE67645,0.004495805459401075,-0.08984554336346692,
GSE67713,0.004495805459401075,-0.08984554336346692,
GSE67770,0.004495805459401075,-0.08984554336346692,
GSE67848,0.004495805459401075,-0.08984554336346692,
GSE67866,0.004495805459401075,-0.08984554336346692,
GSE69047,0.004495805459401075,-0.08984554336346692,
GSE67902,0.004495805459401075,-0.08984554336346692,
GSE67237,0.004495805459401075,-0.08984554336346692,
GSE67240,0.004495805459401075,-0.08984554336346692,
GSE67295,0.004495805459401075,-0.08984554336346692,
GSE67382,0.004495805459401075,-0.08984554336346692,
GSE67447,0.004495805459401075,-0.08984554336346692,
GSE67519,0.004495805459401075,-0.08984554336346692,
GSE67540,0.004495805459401075,-0.08984554336346692,
GSE69021,0.004495805459401075,-0.08984554336346692,
GSE69036,0.004495805459401075,-0.08984554336346692,
GSE67892,0.004495805459401075,-0.08984554336346692,
GSE30290,0.004495805459401075,-0.08984554336346692,
GSE30554,0.004495805459401075,-0.08984554336346692,
GSE30557,0.004495805459401075,-0.08984554336346692,
GSE30567,0.004495805459401075,-0.08984554336346692,
GSE30573,0.004495805459401075,-0.08984554336346692,
GSE30772,0.004495805459401075,-0.08984554336346692,
GSE30995,0.004495805459401075,-0.08984554336346692,
GSE31310,0.004495805459401075,-0.08984554336346692,
GSE69175,0.004495805459401075,-0.08984554336346692,
GSE68248,0.004495805459401075,-0.08984554336346692,
GSE29160,0.004495805459401075,-0.08984554336346692,
GSE29282,0.004495805459401075,-0.08984554336346692,
GSE29660,0.004495805459401075,-0.08984554336346692,
GSE29943,0.004495805459401075,-0.08984554336346692,
GSE29968,0.004495805459401075,-0.08984554336346692,
GSE30222,0.004495805459401075,-0.08984554336346692,
GSE69626,0.004495805459401075,-0.08984554336346692,
GSE69667,0.004495805459401075,-0.08984554336346692,
GSE69678,0.004495805459401075,-0.08984554336346692,
GSE29158,0.004495805459401075,-0.08984554336346692,
GSE68297,0.004495805459401075,-0.08984554336346692,
GSE68323,0.004495805459401075,-0.08984554336346692,
GSE68327,0.004495805459401075,-0.08984554336346692,
GSE68341,0.004495805459401075,-0.08984554336346692,
GSE68358,0.004495805459401075,-0.08984554336346692,
GSE68378,0.004495805459401075,-0.08984554336346692,
GSE32340,0.004495805459401075,-0.08984554336346692,
GSE32424,0.004495805459401075,-0.08984554336346692,
GSE32689,0.004495805459401075,-0.08984554336346692,
GSE32307,0.004495805459401075,-0.08984554336346692,
GSE32991,0.004495805459401075,-0.08984554336346692,
GSE33013,0.004495805459401075,-0.08984554336346692,
GSE69206,0.004495805459401075,-0.08984554336346692,
GSE31486,0.004495805459401075,-0.08984554336346692,
GSE31528,0.004495805459401075,-0.08984554336346692,
GSE31539,0.004495805459401075,-0.08984554336346692,
GSE31614,0.004495805459401075,-0.08984554336346692,
GSE31653,0.004495805459401075,-0.08984554336346692,
GSE32162,0.004495805459401075,-0.08984554336346692,
GSE32213,0.004495805459401075,-0.08984554336346692,
GSE32726,0.004495805459401075,-0.08984554336346692,
