ID,prob,log2(prob/prior),related_words
GSE85263,0.020007087095476956,2.551411799966196,"blood,vivax,malaria,plasmodium"
GSE97158,0.014753461924112478,2.1119541896114433,"blood,falciparum,infection,malaria,plasmodium"
GSE86308,0.0127968875638517,1.906693627824917,"falciparum,infection,malaria,plasmodium"
GSE90878,0.007117862152126311,1.0604165629661781,"blood,infection,malaria"
GSE50957,0.006274956617209218,0.8785780545839725,"blood,falciparum,infection,malaria,plasmodium"
GSE100562,0.005343360764996024,0.6467199959232836,"falciparum,infection,malaria,plasmodium"
GSE54416,0.004931744277206721,0.5310705642352003,"blood,endothelial"
GSE53292,0.004864492378951046,0.5112618340513452,"infection,malaria,plasmodium"
GSE87554,0.004815981570039063,0.4968024409142288,"endothelial,infection"
GSE86497,0.004703129623110948,0.46259366466970137,endothelial
GSE45176,0.004490068648796781,0.3957100723037697,endothelial
GSE70330,0.004465828343237979,0.3879003679158954,endothelial
GSE74322,0.00430227169778889,0.3340712067190173,"blood,endothelial"
GSE93705,0.004293574831268486,0.33115190599882915,endothelial
GSE103672,0.004276482565560797,0.3253972281647004,endothelial
GSE71216,0.004242056958756698,0.3137365620487464,endothelial
GSE117469,0.004227608709335425,0.3088144225391609,"blood,endothelial"
GSE79160,0.004202973762207492,0.3003830200042028,endothelial
GSE51984,0.0041988670860783435,0.2989726905621527,blood
GSE49074,0.004168711106742406,0.28857396605819746,"blood,endothelial"
GSE61405,0.004147628744712156,0.28125933369597356,blood
GSE74369,0.004058486993992211,0.24991455995648382,"blood,endothelial"
GSE77219,0.004031360866418947,0.24023950127233373,anthrax
GSE60424,0.004029260875532217,0.2394877859323185,blood
GSE44064,0.0040227894826832394,0.23716881176656143,endothelial
GSE92724,0.0040081473533030345,0.23190811770740502,"blood,endothelial"
GSE64655,0.0040039596076284125,0.23039998994602673,"blood,pbmc"
GSE54384,0.003994074055812726,0.22683365240766487,endothelial
GSE97324,0.003992376780190559,0.2262204510719856,endothelial
GSE43984,0.003986473172396908,0.22408553005150533,endothelial
GSE97100,0.00397680469407956,0.22058228106050762,endothelial
GSE84877,0.0039725605079078815,0.21904176385725804,endothelial
GSE85799,0.0039635664884664695,0.21577174743567404,endothelial
GSE71164,0.003955005426393971,0.21265224388333548,endothelial
GSE107029,0.003953606821322091,0.21214197468333024,"blood,endothelial"
GSE96578,0.003953493857708023,0.2121007529884403,blood
GSE85783,0.003947888617071272,0.21005385695423998,endothelial
GSE85782,0.003947016247560618,0.209735027736271,endothelial
GSE84773,0.003943040866501814,0.2082812326770997,endothelial
GSE104209,0.003932996212211261,0.20460136661137332,blood
GSE39661,0.003931189044334101,0.20393831199216655,endothelial
GSE85953,0.0038927198281701117,0.18975108268190505,endothelial
GSE52642,0.003888100958675399,0.18803825030089807,endothelial
GSE58114,0.00388251333902148,0.18596345100044648,"blood,endothelial"
GSE97395,0.0038507081212690625,0.17409634260776302,blood
GSE65991,0.003832447001846504,0.16723841103706447,endothelial
GSE76743,0.0038270455656355005,0.16520364790924744,endothelial
GSE57395,0.00381545317743168,0.16082699195881037,"blood,endothelial"
GSE105064,0.003814831908962119,0.1605920594675789,blood
GSE63807,0.0038142594895665283,0.1603755653710377,"blood,endothelial"
GSE101705,0.003804171553190677,0.15655487730373197,"blood,infection"
GSE76682,0.0037939343597812817,0.15266728814127536,endothelial
GSE72502,0.003784926739031664,0.14923794546427194,"blood,pbmc"
GSE106991,0.0037817696689997175,0.1480340674975831,endothelial
GSE90982,0.0037765834780590832,0.14605424650224508,endothelial
GSE93960,0.0037607001093887555,0.1399738354716189,blood
GSE102132,0.003759550966476846,0.13953292923685012,"blood,endothelial"
GSE100745,0.003758813845069391,0.13925003756315987,"blood,pbmc"
GSE93236,0.0037516681315945205,0.1365047840530612,endothelial
GSE81252,0.003741627895681505,0.13263865967288155,endothelial
GSE73570,0.0037388133512532367,0.13155302064529048,blood
GSE76528,0.003728988686343108,0.127756989778271,"blood,endothelial"
GSE103305,0.003720627016150444,0.12451834078797064,blood
GSE79970,0.0037156113103333287,0.12257215921375075,"blood,pbmc"
GSE93511,0.003713370397800478,0.12170179672713313,endothelial
GSE93590,0.003709586994594113,0.1202311436632324,endothelial
GSE63283,0.003705181200043474,0.11851666829985422,"blood,endothelial"
GSE78275,0.003703078285531911,0.1176976191224763,endothelial
GSE42608,0.0037028360735444224,0.11760325183266564,blood
GSE107218,0.0036999064420838853,0.11646136016441469,blood
GSE100206,0.003698506965342697,0.11591556255423893,blood
GSE107574,0.0036874683131823366,0.11160322193932579,endothelial
GSE41166,0.0036818657634277853,0.1094095984123062,endothelial
GSE79362,0.0036734159364021045,0.1060948296769399,"blood,infection"
GSE78081,0.0036732525199619577,0.10603064818045944,"blood,pbmc"
GSE62982,0.0036697885148913997,0.10466949459738653,endothelial
GSE97080,0.003669416156018088,0.10452310263136132,endothelial
GSE87534,0.0036692306212569746,0.1044501545557958,endothelial
GSE45735,0.003666881683603384,0.10352628625084784,"blood,pbmc"
GSE72748,0.0036662168141474885,0.10326467681800522,blood
GSE89232,0.003662018575147101,0.10161167881038641,blood
GSE94892,0.0036595148763134177,0.1006249800386117,"blood,infection"
GSE72509,0.0036563242094415456,0.09936657084970602,blood
GSE63840,0.003655688456065852,0.09911569649086371,endothelial
GSE40291,0.0036536736760279273,0.0983203567087369,endothelial
GSE46502,0.003649819776912734,0.09679779721211984,endothelial
GSE81474,0.003647122745974983,0.09573132496734116,endothelial
GSE89950,0.0036429763445985216,0.09409019683613304,"endothelial,infection"
GSE53510,0.0036395761792006793,0.09274303123778596,endothelial
GSE92541,0.0036350277605246293,0.09093895173674581,endothelial
GSE89843,0.003631318819327551,0.08946616992600505,blood
GSE80819,0.0036311331785008195,0.08939241436789594,"blood,endothelial"
GSE76663,0.003629138597159967,0.08859972429501513,"blood,endothelial"
GSE93330,0.003628503707663599,0.08834731396896481,endothelial
GSE86884,0.003626324521812783,0.08748060820688222,blood
GSE96083,0.0036244069321090928,0.08671751354862509,blood
GSE90489,0.0036177315130425775,0.08405791327075228,endothelial
GSE118530,0.0036168523367960262,0.08370726885400726,endothelial
GSE79613,0.0036154416318922833,0.08314445517319968,endothelial
GSE84237,0.0036151782344807305,0.08303934602720092,"endothelial,infection"
GSE101872,0.003613399865852274,0.08232948480213079,endothelial
GSE105884,0.0036114113995753157,0.08153534626929282,"infection,travellers"
GSE98710,0.0036103537919943023,0.08111278885216076,endothelial
GSE118644,0.003609012578805425,0.08057674135456995,blood
GSE63703,0.003607166512171195,0.079838591371628,"blood,pbmc"
GSE109683,0.0036024895065058333,0.07796679781901923,endothelial
GSE113964,0.0035964728671060925,0.07555528977233651,"blood,globin"
GSE103501,0.0035956925982840943,0.07524225749578768,blood
GSE43788,0.0035948172113832084,0.07489098439264592,"blood,endothelial"
GSE96783,0.0035945180601445474,0.07477092210804202,blood
GSE79027,0.0035862581620883767,0.07145191623713287,blood
GSE103544,0.003585553738530456,0.07116850992613413,blood
GSE73853,0.0035834848774609993,0.07033583602160463,endothelial
GSE93237,0.003582403985617544,0.06990060814020349,endothelial
GSE85013,0.003581490372593142,0.0695326337059544,blood
GSE71645,0.003581226859725508,0.06942648161445414,blood
GSE68452,0.003579697663044052,0.06881031410831688,blood
GSE70404,0.003577861606553772,0.0680701540756445,blood
GSE74235,0.0035738846223128456,0.06646562957215121,blood
GSE79338,0.003572740700363408,0.06600378066775278,blood
GSE89225,0.00357084660264549,0.06523872934753315,blood
GSE108465,0.0035707950593427016,0.06521790464899886,endothelial
GSE61410,0.0035691021881528013,0.0645337780203824,blood
GSE69797,0.0035646279054260756,0.06272405820672662,"blood,endothelial"
GSE94064,0.0035645225171015574,0.06268140425663463,"blood,endothelial"
GSE103147,0.003560992067942381,0.06125179188266556,"blood,infection"
GSE84076,0.00356009035002499,0.0608864249627793,"blood,infection"
GSE87290,0.0035565887559051955,0.05946673670529359,"blood,pbmc"
GSE61490,0.0035543487186707546,0.05855780149724657,blood
GSE57662,0.0035504109220738257,0.05695858055483502,"blood,endothelial"
GSE75990,0.0035494872524887747,0.05658320234390099,endothelial
GSE48846,0.0035461816058133793,0.055238990683020725,blood
GSE60217,0.0035422250130406926,0.05362842919248594,endothelial
GSE55807,0.0035403346243336542,0.052858296749585726,blood
GSE74737,0.0035401964408340474,0.05280198553569347,blood
GSE53586,0.003539121449618615,0.05236384035520491,"infection,salmonelladerived"
GSE92506,0.003538892937491649,0.052270686175390976,endothelial
GSE83482,0.0035377145766222265,0.05179022561713182,"blood,infection"
GSE58663,0.003535806804226083,0.05101201807562383,endothelial
GSE87487,0.0035328826260452016,0.049818388721130674,blood
GSE98212,0.003531825263906409,0.049386537567703614,blood
GSE81074,0.0035317753557447293,0.04936615072500572,"blood,endothelial"
GSE81080,0.0035317753557447293,0.04936615072500572,"blood,endothelial"
GSE85800,0.003530654405951019,0.04890818122254869,blood
GSE115823,0.003528211480750935,0.04790960828783101,blood
GSE67488,0.003527890825530848,0.04777848555856994,blood
GSE93030,0.0035268288622386152,0.04734414110416478,endothelial
GSE94267,0.0035266055141009527,0.04725277476161096,endothelial
GSE109843,0.003526233266816826,0.04710048450573685,blood
GSE60514,0.0035256825165947917,0.046875137340479225,"blood,heme,kernicterus"
GSE85223,0.0035245768709502626,0.046422640655254435,endothelial
GSE67427,0.0035190894645601755,0.0441747614370068,infection
GSE36866,0.0035187687336470643,0.04404326776802557,blood
GSE76234,0.0035170246550387673,0.04332801833654164,blood
GSE41616,0.003515145470970253,0.04255696486300049,endothelial
GSE50792,0.003514542955093357,0.042309657552320516,blood
GSE57866,0.0035144768777397605,0.04228253301074332,blood
GSE74016,0.0035136790250018756,0.041954976761513954,infection
GSE45734,0.0035049021666419544,0.03834674418996517,blood
GSE108571,0.0035044340287439884,0.03815403543523398,endothelial
GSE76511,0.0035029462906903293,0.037541437789163086,"blood,infection"
GSE55320,0.003501142175546943,0.03679821815661116,blood
GSE56524,0.0035006916468261077,0.036612559493833935,"blood,placental"
GSE84897,0.0034982380936948694,0.035601053674735976,infection
GSE88858,0.0034977469310800663,0.035398480951294824,blood
GSE125686,0.0034969566642775694,0.03507248743741716,"blood,infection"
GSE54968,0.0034968558929661738,0.0350309128970544,endothelial
GSE74041,0.00349680696734675,0.03501072755214253,endothelial
GSE98052,0.003495159461684522,0.034330847773872644,blood
GSE98011,0.003495159461684522,0.034330847773872644,blood
GSE65507,0.003494780174265611,0.03417428102011775,endothelial
GSE95703,0.0034944999331208725,0.03405858884473725,blood
GSE101878,0.003494265734005225,0.033961897120062146,infection
GSE72712,0.0034929591682313814,0.03342234786814505,"blood,placental"
GSE106118,0.0034920552785276562,0.033048966478516344,endothelial
GSE67939,0.0034920524363055935,0.033047792252733105,blood
GSE87088,0.0034917577088128602,0.03292602436855635,blood
GSE93870,0.0034917504637613254,0.032923030916078885,infection
GSE60040,0.003491718176888906,0.032909690808713164,infection
GSE66622,0.00348975629380043,0.03209885948964552,placental
GSE77649,0.003488670823751887,0.03165004710189237,blood
GSE77108,0.0034880416173584733,0.03138982340667854,endothelial
GSE84346,0.0034868904819545694,0.030913621680257176,infection
GSE62288,0.003484563238137753,0.029950407012847725,endothelial
GSE103997,0.0034840237043417353,0.029727009431706183,endothelial
GSE70785,0.00348385344769704,0.029656506346858468,infection
GSE94019,0.0034823133431742767,0.029018594203683037,endothelial
GSE84170,0.0034822731048497787,0.0290019236858739,plague
GSE53635,0.003481213787414919,0.02856298496295133,blood
GSE104288,0.003479148154600477,0.027706685152681005,blood
GSE73313,0.0034773755979361754,0.02697147347064101,"blood,infection"
GSE87725,0.0034758883483474185,0.026354310752366543,blood
GSE92772,0.00347443474768059,0.025750856071176054,blood
GSE97949,0.003474417979226412,0.025743893262598162,infection
GSE37376,0.0034733033962059475,0.02528100670650685,endothelial
GSE54912,0.0034727949959693183,0.025069818652416857,endothelial
GSE77128,0.003471438819806545,0.024506315550019784,endothelial
GSE108444,0.0034709192898625734,0.024290387975175905,"blood,infection"
GSE93902,0.003469786731890193,0.023819561007529116,blood
GSE58150,0.0034689364911619693,0.023465997953094602,blood
GSE77085,0.0034659967596331743,0.022242875480593338,placental
GSE97575,0.0034642401964929187,0.02151153396896334,endothelial
GSE93672,0.0034631527432707463,0.02105858914618336,endothelial
GSE64179,0.00346226643519868,0.020689319868960165,infection
GSE64182,0.003461808583818415,0.020498524733170577,infection
GSE51878,0.003461540231184613,0.02038668549914258,endothelial
GSE97590,0.003461364023509702,0.020313244085116682,blood
GSE94968,0.003461127821103936,0.020214791664449224,blood
GSE77131,0.0034608480460530987,0.020098168871658877,blood
GSE89838,0.0034607407273083467,0.02005343110236027,endothelial
GSE89839,0.0034606459129717737,0.0200139048685878,endothelial
GSE72930,0.003460241375915912,0.019845249151292814,blood
GSE81608,0.003459430585246391,0.019507162695739662,blood
GSE96563,0.00345935968743711,0.019477595700981207,blood
GSE96562,0.0034593044605531523,0.0194545636387486,blood
GSE96564,0.0034588712990388133,0.01927390330539687,blood
GSE107096,0.0034587303092851046,0.019215095287810163,infection
GSE89831,0.0034569853768650176,0.018487070737116484,endothelial
GSE62408,0.003456757958045143,0.01839215948922582,blood
GSE35394,0.003455953226470409,0.018056261684046043,blood
GSE120890,0.0034559209870650845,0.018042803212799004,infection
GSE98852,0.0034558170898448277,0.017999430040155587,blood
GSE68919,0.0034548894381467156,0.017612112619814692,endothelial
GSE69906,0.0034545264162216985,0.017460513716962087,infection
GSE96568,0.0034540382472989517,0.01725662798398081,blood
GSE115259,0.003453458132269467,0.017014303114835618,blood
GSE85531,0.0034533295465887805,0.016960584966108964,blood
GSE40718,0.0034520447441735934,0.01642373409713272,infection
GSE93155,0.0034520229744684026,0.016414635969188414,blood
GSE92532,0.0034518745603685044,0.01635260831455585,"blood,pbmc"
GSE89840,0.0034517080467852245,0.016283013052340537,endothelial
GSE87273,0.003450860809914624,0.01592885376376631,blood
GSE63797,0.0034507135983047666,0.0158673079636424,infection
GSE93385,0.003450259762351426,0.015677553027349446,infection
GSE63085,0.0034499338699414623,0.015541277615636881,infection
GSE81259,0.00344874378745371,0.015043522478891444,"blood,pbmc"
GSE89476,0.003448606353403747,0.01498602926242194,infection
GSE113098,0.003447579055224022,0.014556203811814793,"blood,infection"
GSE101521,0.0034475279507179706,0.014534818148797498,endothelial
GSE75042,0.003447054998563941,0.014336887183781661,blood
GSE90749,0.0034456459851627008,0.013747052609605384,blood
GSE97987,0.003444425130468289,0.013235789082089382,infection
GSE94964,0.003444255729950347,0.013164834049577174,blood
GSE74246,0.0034441418201033055,0.013117119854728264,blood
GSE60216,0.003442824947341833,0.012565397771620966,"blood,infection"
GSE108366,0.0034425643928764848,0.012456209861789098,infection
GSE70106,0.0034422911337254405,0.0123416890499077,infection
GSE114725,0.0034415196034170924,0.012018297545721198,blood
GSE60407,0.003439797982212048,0.011296408344787578,blood
GSE70050,0.003439665205767112,0.011240719139555714,"blood,pbmc"
GSE61955,0.0034388986252525604,0.010919157273290422,infection
GSE99454,0.003438679172090432,0.010827088816008813,infection
GSE46516,0.0034382415166805936,0.010643459159998786,blood
GSE93999,0.00343645684639197,0.009894412468237383,infection
GSE87708,0.0034346252341047874,0.009125259081570863,placental
GSE79029,0.00343258805198021,0.008269298297394912,infection
GSE95573,0.003432344729878538,0.008167027932710456,"blood,infection"
GSE65354,0.0034322775050342267,0.008138771476288794,endothelial
GSE60481,0.003432104593110994,0.008066089282714729,"blood,infection,pbmc"
GSE81810,0.003431795799787843,0.007936281281208359,"blood,infection"
GSE102182,0.0034313752485285102,0.007759474608967097,globin
GSE103114,0.0034310967553209323,0.0076423795535732674,infection
GSE120891,0.00343054906509176,0.0074120703828791865,infection
GSE106170,0.003430160852749039,0.007248800975205732,blood
GSE90081,0.0034298662263803326,0.007124878431925186,blood
GSE66385,0.0034291259661144422,0.006813471219687112,"blood,pbmc"
GSE73986,0.003428470377277165,0.006537626821760497,"infection,plasmodium"
GSE119265,0.0034277960087394483,0.006253825670096391,placental
GSE53280,0.0034267930052217705,0.00583161853022908,infection
GSE66763,0.0034267604539300733,0.005817914227085891,blood
GSE92626,0.0034262688492573867,0.005610929667936543,blood
GSE70685,0.0034261179826926575,0.0055474030603049,blood
GSE59717,0.003424389375097037,0.004819324531657537,infection
GSE56192,0.0034242802757692503,0.004773360259120205,infection
GSE53439,0.003423707128852902,0.004531865593026354,blood
GSE101133,0.0034228830913843682,0.0041845876818737224,infection
GSE51827,0.0034224968766000514,0.00402179462809178,blood
GSE124282,0.003421765240867292,0.003713353125035955,placental
GSE84686,0.0034211292196145854,0.0034451669897327362,blood
GSE52687,0.0034208020292026565,0.003307183730939333,msp
GSE102860,0.0034203579582864733,0.003119888327629994,blood
GSE94724,0.0034202470981272927,0.0030731271418643234,infection
GSE64677,0.00342001442712069,0.0029749808045421073,infection
GSE87692,0.0034197545670002507,0.002865357538731657,placental
GSE98310,0.0034189685019303593,0.0025337014176367036,blood
GSE50386,0.0034183467868768255,0.00227133375162605,blood
GSE42630,0.003417433860501739,0.001885986582135113,blood
GSE40174,0.0034164831250906506,0.001484570739795937,blood
GSE92852,0.003416242974569768,0.0013831576403582839,blood
GSE53698,0.0034158013799484056,0.0011966581569970033,infection
GSE46056,0.0034156174053840624,0.0011189527198008035,blood
GSE111036,0.003415167952580738,0.0009290994899229949,infection
GSE78711,0.0034146425261341036,0.0007071225748185026,infection
GSE79608,0.0034137432687263783,0.00032713402435188875,infection
GSE89008,0.0034131102636099737,5.959251622218655e-05,infection
GSE89497,0.003412644362435978,-0.00013735371203720738,placental
GSE93526,0.0034117122074830935,-0.0005314759483101585,infection
GSE85143,0.0034117012542028715,-0.0005361077189471596,infection
GSE103547,0.00340963452537848,-0.0014103234483569345,blood
GSE103763,0.0034091413766995588,-0.00161900112451394,infection
GSE95623,0.00340895774595225,-0.0016967128631660102,infection
GSE59089,0.0034087979905726524,-0.0017643240545460398,blood
GSE109082,0.0034087222456738657,-0.0017963816901878401,placental
GSE93153,0.0034080363067673252,-0.002086725159021506,infection
GSE79782,0.003407951324238703,-0.0021227005390394905,blood
GSE40131,0.003407306010799648,-0.0023959082714429727,infection
GSE53665,0.00340730314411744,-0.0023971220602637543,blood
GSE84865,0.003406767143560617,-0.0026240892954668637,blood
GSE72437,0.0034064617018471992,-0.0027534433082331724,placental
GSE73893,0.003406385654893173,-0.0027856508589700845,blood
GSE70285,0.0034059769336696067,-0.0029587655678209477,blood
GSE97009,0.0034057226562915852,-0.0030664757531006486,infection
GSE45144,0.0034055027685181765,-0.003159625217572561,blood
GSE66767,0.003405286170289599,-0.0032513870364007124,blood
GSE71557,0.0034045101838136656,-0.0035801815516130673,globin
GSE97668,0.003403919968518176,-0.0038303128338444924,infection
GSE64813,0.0034033746584808057,-0.004061451966628225,blood
GSE77088,0.0034032323544298786,-0.004121776104105506,infection
GSE45453,0.0034031786848748337,-0.004144527830518973,infection
GSE61566,0.0034028659568121813,-0.004277107397420326,blood
GSE60873,0.003402071517322691,-0.004613961019172813,infection
GSE115941,0.003401837807761409,-0.004713072165160423,placental
GSE97036,0.003401770360439159,-0.004741676374847006,"infection,infectionmethods"
GSE84285,0.0034008233217550426,-0.005143372576549607,infection
GSE90728,0.003400574945140904,-0.005248742588887954,blood
GSE90729,0.0034005445050317258,-0.00526165687303702,blood
GSE81046,0.003400171828472754,-0.005419775105780618,infection
GSE90796,0.0033996071347145063,-0.005659394920168271,infection
GSE60630,0.0033990965196046483,-0.005876101494137635,heme
GSE80126,0.0033985515507931976,-0.006107423797163935,blood
GSE84335,0.0033973688903338323,-0.006609553982997195,infection
GSE84337,0.0033972271733924754,-0.006669735435027034,infection
GSE87110,0.0033964567574817973,-0.006996943833248289,infection
GSE96590,0.003396101234847999,-0.007147965213338696,infection
GSE86791,0.0033957189083883713,-0.0073103901528264684,infection
GSE56179,0.003395525123657847,-0.007392723306659259,infection
GSE70830,0.003395321219503007,-0.007479360965126897,blood
GSE58418,0.0033946000623074537,-0.007785818100771543,infection
GSE73502,0.0033945717626182015,-0.007797845435591149,infection
GSE84336,0.00339449271781903,-0.007831439913919167,infection
GSE80434,0.0033943458642561363,-0.00789385556996869,infection
GSE89385,0.0033933030965843905,-0.008337130043749308,blood
GSE94153,0.0033927741440400727,-0.008562036771757068,blood
GSE57803,0.003392546929811219,-0.008658657355437931,scd
GSE97672,0.003392243402014226,-0.00878773961925754,infection
GSE32340,0.0033911514795442414,-0.009252200607772399,infection
GSE72821,0.003388085307598498,-0.0105572299204114,infection
GSE102924,0.0033878988282388975,-0.010636637676391676,infection
GSE113185,0.003387497012600463,-0.010807756071011997,blood
GSE93226,0.003387258554213515,-0.010909316261355979,infection
GSE86452,0.003386710167089955,-0.011142903222833376,blood
GSE85159,0.003386225825843272,-0.011349241129055372,infection
GSE90834,0.0033857576033465117,-0.011548740221824309,blood
GSE68673,0.0033856039080368957,-0.011614232356797897,infection
GSE75746,0.003385434574242242,-0.011686391753467116,infection
GSE33601,0.00338441678608555,-0.012120185011027443,infection
GSE106885,0.0033828715675545532,-0.012779024721707891,infection
GSE59688,0.0033812534571003366,-0.013469266242652732,infection
GSE105022,0.003380021126851498,-0.013995166126276257,placental
GSE75291,0.0033798476493961667,-0.014069213440758751,infection
GSE46164,0.003379513169461941,-0.014211993965636894,globin
GSE63144,0.003379383649461963,-0.014267286379973931,infection
GSE84188,0.0033787720843817017,-0.014528393683690993,infection
GSE99179,0.003376563003104294,-0.015471953307652466,globin
GSE92341,0.003376432690550274,-0.0155276326784095,infection
GSE97919,0.0033734629792113438,-0.016797100625056575,infection
GSE71275,0.0033733970883650603,-0.01682527977690621,globin
GSE81475,0.003372922274675602,-0.01702835683845505,infection
GSE65485,0.003371694751017936,-0.01755349927613425,infection
GSE35774,0.003371613602899633,-0.01758822169477938,infection
GSE61141,0.0033710642974475536,-0.017823285645664672,infection
GSE42735,0.0033709846455772657,-0.017857374202196487,infection
GSE72460,0.0033708451240563727,-0.017917087073389064,infection
GSE58310,0.003369184173866588,-0.018628135807616623,infection
GSE81748,0.003368729366067094,-0.018822899054130603,infection
GSE81747,0.003368722135740986,-0.018825995523357227,infection
GSE97041,0.003368666436357247,-0.01884984963948625,infection
GSE84204,0.0033681678938566025,-0.019063375684334655,infection
GSE102910,0.0033678485853787647,-0.019200152296819407,infection
GSE80073,0.003367846561221507,-0.019201019391179745,infection
GSE76947,0.0033672799889729664,-0.019443744147459016,infection
GSE87750,0.0033663741346811092,-0.01983190530884791,infection
GSE55271,0.003364196756721393,-0.02076534544190436,infection
GSE95297,0.0033638175519813047,-0.02092797196839037,infection
GSE67848,0.0033634668389165468,-0.021078395815624828,infection
GSE106540,0.0033633638220445126,-0.021122583617552416,infection
GSE106542,0.0033633050462758625,-0.02114779535656254,infection
GSE57732,0.0033623491138373694,-0.021557902378093616,infection
GSE101467,0.0033622219594680886,-0.02161246198524497,infection
GSE83849,0.0033621445544407525,-0.021645676072803034,infection
GSE93783,0.0033617694205982616,-0.02180665485296033,infection
GSE79833,0.003360636739908395,-0.02229282387953475,infection
GSE113519,0.003360465343806254,-0.022366404760634426,infection
GSE89478,0.0033602490483444717,-0.02245926643336135,infection
GSE56144,0.0033593748260307404,-0.022834655362072194,infection
GSE65688,0.0033588287211297613,-0.023069201049368607,infection
GSE63311,0.0033576550048149893,-0.023573427603935573,infection
GSE62520,0.0033559008401653446,-0.024327342446374526,infection
GSE64413,0.003355816087653388,-0.024363777841378075,infection
GSE60989,0.003355311898176317,-0.024580549645207103,infection
GSE103075,0.003353892868906013,-0.025190823617382004,cytochrome
GSE93069,0.0033512908507381577,-0.02631053011684909,cytochrome
GSE59535,0.0033487935281087595,-0.027386001688864948,heme
GSE79933,0.0033487838754278684,-0.02739016017006315,cytochrome
GSE80170,0.003343901464130639,-0.02949509457479738,
GSE80176,0.003343901464130639,-0.02949509457479738,
GSE80182,0.003343901464130639,-0.02949509457479738,
GSE80137,0.003343901464130639,-0.02949509457479738,
GSE80183,0.003343901464130639,-0.02949509457479738,
GSE80136,0.003343901464130639,-0.02949509457479738,
GSE80135,0.003343901464130639,-0.02949509457479738,
GSE80207,0.003343901464130639,-0.02949509457479738,
GSE80237,0.003343901464130639,-0.02949509457479738,
GSE80239,0.003343901464130639,-0.02949509457479738,
GSE80258,0.003343901464130639,-0.02949509457479738,
GSE79861,0.003343901464130639,-0.02949509457479738,
GSE79859,0.003343901464130639,-0.02949509457479738,
GSE79842,0.003343901464130639,-0.02949509457479738,
GSE79835,0.003343901464130639,-0.02949509457479738,
GSE79820,0.003343901464130639,-0.02949509457479738,
GSE79804,0.003343901464130639,-0.02949509457479738,
GSE79779,0.003343901464130639,-0.02949509457479738,
GSE79735,0.003343901464130639,-0.02949509457479738,
GSE79724,0.003343901464130639,-0.02949509457479738,
GSE79688,0.003343901464130639,-0.02949509457479738,
GSE79684,0.003343901464130639,-0.02949509457479738,
GSE79680,0.003343901464130639,-0.02949509457479738,
GSE80249,0.003343901464130639,-0.02949509457479738,
GSE79669,0.003343901464130639,-0.02949509457479738,
GSE79668,0.003343901464130639,-0.02949509457479738,
GSE79666,0.003343901464130639,-0.02949509457479738,
GSE79664,0.003343901464130639,-0.02949509457479738,
GSE79657,0.003343901464130639,-0.02949509457479738,
GSE79636,0.003343901464130639,-0.02949509457479738,
GSE79586,0.003343901464130639,-0.02949509457479738,
GSE79577,0.003343901464130639,-0.02949509457479738,
GSE79572,0.003343901464130639,-0.02949509457479738,
GSE79564,0.003343901464130639,-0.02949509457479738,
GSE79477,0.003343901464130639,-0.02949509457479738,
GSE79463,0.003343901464130639,-0.02949509457479738,
GSE79426,0.003343901464130639,-0.02949509457479738,
GSE79671,0.003343901464130639,-0.02949509457479738,
GSE80131,0.003343901464130639,-0.02949509457479738,
GSE80106,0.003343901464130639,-0.02949509457479738,
GSE80098,0.003343901464130639,-0.02949509457479738,
GSE80095,0.003343901464130639,-0.02949509457479738,
GSE80082,0.003343901464130639,-0.02949509457479738,
GSE80072,0.003343901464130639,-0.02949509457479738,
GSE80064,0.003343901464130639,-0.02949509457479738,
GSE80062,0.003343901464130639,-0.02949509457479738,
GSE80048,0.003343901464130639,-0.02949509457479738,
GSE80045,0.003343901464130639,-0.02949509457479738,
GSE80043,0.003343901464130639,-0.02949509457479738,
GSE80016,0.003343901464130639,-0.02949509457479738,
GSE79871,0.003343901464130639,-0.02949509457479738,
GSE79988,0.003343901464130639,-0.02949509457479738,
GSE79978,0.003343901464130639,-0.02949509457479738,
GSE79968,0.003343901464130639,-0.02949509457479738,
GSE79955,0.003343901464130639,-0.02949509457479738,
GSE79953,0.003343901464130639,-0.02949509457479738,
GSE79928,0.003343901464130639,-0.02949509457479738,
GSE79923,0.003343901464130639,-0.02949509457479738,
GSE79920,0.003343901464130639,-0.02949509457479738,
GSE79917,0.003343901464130639,-0.02949509457479738,
GSE79899,0.003343901464130639,-0.02949509457479738,
GSE79888,0.003343901464130639,-0.02949509457479738,
GSE79884,0.003343901464130639,-0.02949509457479738,
GSE79872,0.003343901464130639,-0.02949509457479738,
GSE79989,0.003343901464130639,-0.02949509457479738,
GSE81781,0.003343901464130639,-0.02949509457479738,
GSE81791,0.003343901464130639,-0.02949509457479738,
GSE81796,0.003343901464130639,-0.02949509457479738,
GSE81802,0.003343901464130639,-0.02949509457479738,
GSE81812,0.003343901464130639,-0.02949509457479738,
GSE81814,0.003343901464130639,-0.02949509457479738,
GSE81817,0.003343901464130639,-0.02949509457479738,
GSE81826,0.003343901464130639,-0.02949509457479738,
GSE81827,0.003343901464130639,-0.02949509457479738,
GSE79442,0.003343901464130639,-0.02949509457479738,
GSE81955,0.003343901464130639,-0.02949509457479738,
GSE81965,0.003343901464130639,-0.02949509457479738,
GSE81975,0.003343901464130639,-0.02949509457479738,
GSE81978,0.003343901464130639,-0.02949509457479738,
GSE81995,0.003343901464130639,-0.02949509457479738,
GSE82022,0.003343901464130639,-0.02949509457479738,
GSE82032,0.003343901464130639,-0.02949509457479738,
GSE82052,0.003343901464130639,-0.02949509457479738,
GSE82061,0.003343901464130639,-0.02949509457479738,
GSE82070,0.003343901464130639,-0.02949509457479738,
GSE81928,0.003343901464130639,-0.02949509457479738,
GSE81493,0.003343901464130639,-0.02949509457479738,
GSE81497,0.003343901464130639,-0.02949509457479738,
GSE81498,0.003343901464130639,-0.02949509457479738,
GSE81507,0.003343901464130639,-0.02949509457479738,
GSE81513,0.003343901464130639,-0.02949509457479738,
GSE81518,0.003343901464130639,-0.02949509457479738,
GSE81534,0.003343901464130639,-0.02949509457479738,
GSE81547,0.003343901464130639,-0.02949509457479738,
GSE81550,0.003343901464130639,-0.02949509457479738,
GSE81579,0.003343901464130639,-0.02949509457479738,
GSE81750,0.003343901464130639,-0.02949509457479738,
GSE81601,0.003343901464130639,-0.02949509457479738,
GSE81617,0.003343901464130639,-0.02949509457479738,
GSE81620,0.003343901464130639,-0.02949509457479738,
GSE81626,0.003343901464130639,-0.02949509457479738,
GSE81662,0.003343901464130639,-0.02949509457479738,
GSE81671,0.003343901464130639,-0.02949509457479738,
GSE81673,0.003343901464130639,-0.02949509457479738,
GSE81687,0.003343901464130639,-0.02949509457479738,
GSE81698,0.003343901464130639,-0.02949509457479738,
GSE81749,0.003343901464130639,-0.02949509457479738,
GSE81593,0.003343901464130639,-0.02949509457479738,
GSE83115,0.003343901464130639,-0.02949509457479738,
GSE83126,0.003343901464130639,-0.02949509457479738,
GSE83139,0.003343901464130639,-0.02949509457479738,
GSE83142,0.003343901464130639,-0.02949509457479738,
GSE83245,0.003343901464130639,-0.02949509457479738,
GSE83254,0.003343901464130639,-0.02949509457479738,
GSE83256,0.003343901464130639,-0.02949509457479738,
GSE83266,0.003343901464130639,-0.02949509457479738,
GSE83277,0.003343901464130639,-0.02949509457479738,
GSE83299,0.003343901464130639,-0.02949509457479738,
GSE82071,0.003343901464130639,-0.02949509457479738,
GSE83321,0.003343901464130639,-0.02949509457479738,
GSE83322,0.003343901464130639,-0.02949509457479738,
GSE83381,0.003343901464130639,-0.02949509457479738,
GSE83392,0.003343901464130639,-0.02949509457479738,
GSE83402,0.003343901464130639,-0.02949509457479738,
GSE83403,0.003343901464130639,-0.02949509457479738,
GSE83415,0.003343901464130639,-0.02949509457479738,
GSE83479,0.003343901464130639,-0.02949509457479738,
GSE83480,0.003343901464130639,-0.02949509457479738,
GSE83484,0.003343901464130639,-0.02949509457479738,
GSE83314,0.003343901464130639,-0.02949509457479738,
GSE82102,0.003343901464130639,-0.02949509457479738,
GSE82104,0.003343901464130639,-0.02949509457479738,
GSE82110,0.003343901464130639,-0.02949509457479738,
GSE82115,0.003343901464130639,-0.02949509457479738,
GSE82117,0.003343901464130639,-0.02949509457479738,
GSE82143,0.003343901464130639,-0.02949509457479738,
GSE82147,0.003343901464130639,-0.02949509457479738,
GSE82177,0.003343901464130639,-0.02949509457479738,
GSE82184,0.003343901464130639,-0.02949509457479738,
GSE82204,0.003343901464130639,-0.02949509457479738,
GSE83100,0.003343901464130639,-0.02949509457479738,
GSE82227,0.003343901464130639,-0.02949509457479738,
GSE82236,0.003343901464130639,-0.02949509457479738,
GSE82237,0.003343901464130639,-0.02949509457479738,
GSE82260,0.003343901464130639,-0.02949509457479738,
GSE82289,0.003343901464130639,-0.02949509457479738,
GSE82320,0.003343901464130639,-0.02949509457479738,
GSE82329,0.003343901464130639,-0.02949509457479738,
GSE82333,0.003343901464130639,-0.02949509457479738,
GSE82336,0.003343901464130639,-0.02949509457479738,
GSE83083,0.003343901464130639,-0.02949509457479738,
GSE82207,0.003343901464130639,-0.02949509457479738,
GSE80525,0.003343901464130639,-0.02949509457479738,
GSE80538,0.003343901464130639,-0.02949509457479738,
GSE80551,0.003343901464130639,-0.02949509457479738,
GSE80563,0.003343901464130639,-0.02949509457479738,
GSE80589,0.003343901464130639,-0.02949509457479738,
GSE80591,0.003343901464130639,-0.02949509457479738,
GSE80609,0.003343901464130639,-0.02949509457479738,
GSE80611,0.003343901464130639,-0.02949509457479738,
GSE80619,0.003343901464130639,-0.02949509457479738,
GSE81485,0.003343901464130639,-0.02949509457479738,
GSE80651,0.003343901464130639,-0.02949509457479738,
GSE80688,0.003343901464130639,-0.02949509457479738,
GSE80714,0.003343901464130639,-0.02949509457479738,
GSE80715,0.003343901464130639,-0.02949509457479738,
GSE80716,0.003343901464130639,-0.02949509457479738,
GSE80722,0.003343901464130639,-0.02949509457479738,
GSE80727,0.003343901464130639,-0.02949509457479738,
GSE80746,0.003343901464130639,-0.02949509457479738,
GSE80753,0.003343901464130639,-0.02949509457479738,
GSE80774,0.003343901464130639,-0.02949509457479738,
GSE80635,0.003343901464130639,-0.02949509457479738,
GSE80264,0.003343901464130639,-0.02949509457479738,
GSE80282,0.003343901464130639,-0.02949509457479738,
GSE80297,0.003343901464130639,-0.02949509457479738,
GSE80306,0.003343901464130639,-0.02949509457479738,
GSE80333,0.003343901464130639,-0.02949509457479738,
GSE80336,0.003343901464130639,-0.02949509457479738,
GSE80338,0.003343901464130639,-0.02949509457479738,
GSE80351,0.003343901464130639,-0.02949509457479738,
GSE80358,0.003343901464130639,-0.02949509457479738,
GSE80361,0.003343901464130639,-0.02949509457479738,
GSE80492,0.003343901464130639,-0.02949509457479738,
GSE80386,0.003343901464130639,-0.02949509457479738,
GSE80388,0.003343901464130639,-0.02949509457479738,
GSE80389,0.003343901464130639,-0.02949509457479738,
GSE80397,0.003343901464130639,-0.02949509457479738,
GSE80409,0.003343901464130639,-0.02949509457479738,
GSE80411,0.003343901464130639,-0.02949509457479738,
GSE80442,0.003343901464130639,-0.02949509457479738,
GSE80450,0.003343901464130639,-0.02949509457479738,
GSE80463,0.003343901464130639,-0.02949509457479738,
GSE80467,0.003343901464130639,-0.02949509457479738,
GSE80372,0.003343901464130639,-0.02949509457479738,
GSE81214,0.003343901464130639,-0.02949509457479738,
GSE81236,0.003343901464130639,-0.02949509457479738,
GSE81239,0.003343901464130639,-0.02949509457479738,
GSE81266,0.003343901464130639,-0.02949509457479738,
GSE81268,0.003343901464130639,-0.02949509457479738,
GSE81301,0.003343901464130639,-0.02949509457479738,
GSE81322,0.003343901464130639,-0.02949509457479738,
GSE81328,0.003343901464130639,-0.02949509457479738,
GSE81345,0.003343901464130639,-0.02949509457479738,
GSE81383,0.003343901464130639,-0.02949509457479738,
GSE80780,0.003343901464130639,-0.02949509457479738,
GSE81402,0.003343901464130639,-0.02949509457479738,
GSE81405,0.003343901464130639,-0.02949509457479738,
GSE81412,0.003343901464130639,-0.02949509457479738,
GSE81417,0.003343901464130639,-0.02949509457479738,
GSE81429,0.003343901464130639,-0.02949509457479738,
GSE81439,0.003343901464130639,-0.02949509457479738,
GSE81443,0.003343901464130639,-0.02949509457479738,
GSE81460,0.003343901464130639,-0.02949509457479738,
GSE81469,0.003343901464130639,-0.02949509457479738,
GSE81478,0.003343901464130639,-0.02949509457479738,
GSE81396,0.003343901464130639,-0.02949509457479738,
GSE80802,0.003343901464130639,-0.02949509457479738,
GSE80829,0.003343901464130639,-0.02949509457479738,
GSE80963,0.003343901464130639,-0.02949509457479738,
GSE80979,0.003343901464130639,-0.02949509457479738,
GSE80988,0.003343901464130639,-0.02949509457479738,
GSE81032,0.003343901464130639,-0.02949509457479738,
GSE81043,0.003343901464130639,-0.02949509457479738,
GSE81062,0.003343901464130639,-0.02949509457479738,
GSE81063,0.003343901464130639,-0.02949509457479738,
GSE81076,0.003343901464130639,-0.02949509457479738,
GSE81201,0.003343901464130639,-0.02949509457479738,
GSE81087,0.003343901464130639,-0.02949509457479738,
GSE81089,0.003343901464130639,-0.02949509457479738,
GSE81144,0.003343901464130639,-0.02949509457479738,
GSE81147,0.003343901464130639,-0.02949509457479738,
GSE81148,0.003343901464130639,-0.02949509457479738,
GSE81157,0.003343901464130639,-0.02949509457479738,
GSE81162,0.003343901464130639,-0.02949509457479738,
GSE81167,0.003343901464130639,-0.02949509457479738,
GSE81194,0.003343901464130639,-0.02949509457479738,
GSE81198,0.003343901464130639,-0.02949509457479738,
GSE81084,0.003343901464130639,-0.02949509457479738,
GSE74928,0.003343901464130639,-0.02949509457479738,
GSE74935,0.003343901464130639,-0.02949509457479738,
GSE74941,0.003343901464130639,-0.02949509457479738,
GSE74953,0.003343901464130639,-0.02949509457479738,
GSE74958,0.003343901464130639,-0.02949509457479738,
GSE74974,0.003343901464130639,-0.02949509457479738,
GSE74978,0.003343901464130639,-0.02949509457479738,
GSE74981,0.003343901464130639,-0.02949509457479738,
GSE74999,0.003343901464130639,-0.02949509457479738,
GSE75011,0.003343901464130639,-0.02949509457479738,
GSE75035,0.003343901464130639,-0.02949509457479738,
GSE77913,0.003343901464130639,-0.02949509457479738,
GSE75061,0.003343901464130639,-0.02949509457479738,
GSE75070,0.003343901464130639,-0.02949509457479738,
GSE75130,0.003343901464130639,-0.02949509457479738,
GSE75140,0.003343901464130639,-0.02949509457479738,
GSE75146,0.003343901464130639,-0.02949509457479738,
GSE75147,0.003343901464130639,-0.02949509457479738,
GSE75168,0.003343901464130639,-0.02949509457479738,
GSE75184,0.003343901464130639,-0.02949509457479738,
GSE75189,0.003343901464130639,-0.02949509457479738,
GSE75215,0.003343901464130639,-0.02949509457479738,
GSE75217,0.003343901464130639,-0.02949509457479738,
GSE75059,0.003343901464130639,-0.02949509457479738,
GSE74550,0.003343901464130639,-0.02949509457479738,
GSE74557,0.003343901464130639,-0.02949509457479738,
GSE74620,0.003343901464130639,-0.02949509457479738,
GSE74639,0.003343901464130639,-0.02949509457479738,
GSE74658,0.003343901464130639,-0.02949509457479738,
GSE74665,0.003343901464130639,-0.02949509457479738,
GSE74697,0.003343901464130639,-0.02949509457479738,
GSE74698,0.003343901464130639,-0.02949509457479738,
GSE74716,0.003343901464130639,-0.02949509457479738,
GSE74718,0.003343901464130639,-0.02949509457479738,
GSE74729,0.003343901464130639,-0.02949509457479738,
GSE74927,0.003343901464130639,-0.02949509457479738,
GSE74760,0.003343901464130639,-0.02949509457479738,
GSE74791,0.003343901464130639,-0.02949509457479738,
GSE74792,0.003343901464130639,-0.02949509457479738,
GSE74798,0.003343901464130639,-0.02949509457479738,
GSE74850,0.003343901464130639,-0.02949509457479738,
GSE74863,0.003343901464130639,-0.02949509457479738,
GSE74866,0.003343901464130639,-0.02949509457479738,
GSE74881,0.003343901464130639,-0.02949509457479738,
GSE74886,0.003343901464130639,-0.02949509457479738,
GSE74896,0.003343901464130639,-0.02949509457479738,
GSE74924,0.003343901464130639,-0.02949509457479738,
GSE74734,0.003343901464130639,-0.02949509457479738,
GSE75664,0.003343901464130639,-0.02949509457479738,
GSE75665,0.003343901464130639,-0.02949509457479738,
GSE75688,0.003343901464130639,-0.02949509457479738,
GSE75699,0.003343901464130639,-0.02949509457479738,
GSE75719,0.003343901464130639,-0.02949509457479738,
GSE75733,0.003343901464130639,-0.02949509457479738,
GSE75741,0.003343901464130639,-0.02949509457479738,
GSE75742,0.003343901464130639,-0.02949509457479738,
GSE75747,0.003343901464130639,-0.02949509457479738,
GSE75748,0.003343901464130639,-0.02949509457479738,
GSE75792,0.003343901464130639,-0.02949509457479738,
GSE75220,0.003343901464130639,-0.02949509457479738,
GSE75823,0.003343901464130639,-0.02949509457479738,
GSE75839,0.003343901464130639,-0.02949509457479738,
GSE75844,0.003343901464130639,-0.02949509457479738,
GSE75852,0.003343901464130639,-0.02949509457479738,
GSE75853,0.003343901464130639,-0.02949509457479738,
GSE75859,0.003343901464130639,-0.02949509457479738,
GSE75885,0.003343901464130639,-0.02949509457479738,
GSE75906,0.003343901464130639,-0.02949509457479738,
GSE75935,0.003343901464130639,-0.02949509457479738,
GSE75949,0.003343901464130639,-0.02949509457479738,
GSE75956,0.003343901464130639,-0.02949509457479738,
GSE75797,0.003343901464130639,-0.02949509457479738,
GSE75234,0.003343901464130639,-0.02949509457479738,
GSE75247,0.003343901464130639,-0.02949509457479738,
GSE75297,0.003343901464130639,-0.02949509457479738,
GSE75299,0.003343901464130639,-0.02949509457479738,
GSE75327,0.003343901464130639,-0.02949509457479738,
GSE75354,0.003343901464130639,-0.02949509457479738,
GSE75364,0.003343901464130639,-0.02949509457479738,
GSE75367,0.003343901464130639,-0.02949509457479738,
GSE75369,0.003343901464130639,-0.02949509457479738,
GSE75428,0.003343901464130639,-0.02949509457479738,
GSE75432,0.003343901464130639,-0.02949509457479738,
GSE75652,0.003343901464130639,-0.02949509457479738,
GSE75452,0.003343901464130639,-0.02949509457479738,
GSE75478,0.003343901464130639,-0.02949509457479738,
GSE75487,0.003343901464130639,-0.02949509457479738,
GSE75489,0.003343901464130639,-0.02949509457479738,
GSE75491,0.003343901464130639,-0.02949509457479738,
GSE75515,0.003343901464130639,-0.02949509457479738,
GSE75524,0.003343901464130639,-0.02949509457479738,
GSE75530,0.003343901464130639,-0.02949509457479738,
GSE75591,0.003343901464130639,-0.02949509457479738,
GSE75602,0.003343901464130639,-0.02949509457479738,
GSE75627,0.003343901464130639,-0.02949509457479738,
GSE75440,0.003343901464130639,-0.02949509457479738,
GSE73318,0.003343901464130639,-0.02949509457479738,
GSE73362,0.003343901464130639,-0.02949509457479738,
GSE73370,0.003343901464130639,-0.02949509457479738,
GSE73376,0.003343901464130639,-0.02949509457479738,
GSE73398,0.003343901464130639,-0.02949509457479738,
GSE73433,0.003343901464130639,-0.02949509457479738,
GSE73458,0.003343901464130639,-0.02949509457479738,
GSE73470,0.003343901464130639,-0.02949509457479738,
GSE73471,0.003343901464130639,-0.02949509457479738,
GSE73526,0.003343901464130639,-0.02949509457479738,
GSE73527,0.003343901464130639,-0.02949509457479738,
GSE74516,0.003343901464130639,-0.02949509457479738,
GSE73565,0.003343901464130639,-0.02949509457479738,
GSE73573,0.003343901464130639,-0.02949509457479738,
GSE73579,0.003343901464130639,-0.02949509457479738,
GSE73583,0.003343901464130639,-0.02949509457479738,
GSE73588,0.003343901464130639,-0.02949509457479738,
GSE73610,0.003343901464130639,-0.02949509457479738,
GSE73628,0.003343901464130639,-0.02949509457479738,
GSE73632,0.003343901464130639,-0.02949509457479738,
GSE73663,0.003343901464130639,-0.02949509457479738,
GSE73678,0.003343901464130639,-0.02949509457479738,
GSE73696,0.003343901464130639,-0.02949509457479738,
GSE73555,0.003343901464130639,-0.02949509457479738,
GSE72631,0.003343901464130639,-0.02949509457479738,
GSE72713,0.003343901464130639,-0.02949509457479738,
GSE72815,0.003343901464130639,-0.02949509457479738,
GSE72819,0.003343901464130639,-0.02949509457479738,
GSE72820,0.003343901464130639,-0.02949509457479738,
GSE72842,0.003343901464130639,-0.02949509457479738,
GSE72915,0.003343901464130639,-0.02949509457479738,
GSE72932,0.003343901464130639,-0.02949509457479738,
GSE72955,0.003343901464130639,-0.02949509457479738,
GSE72956,0.003343901464130639,-0.02949509457479738,
GSE72983,0.003343901464130639,-0.02949509457479738,
GSE73317,0.003343901464130639,-0.02949509457479738,
GSE72994,0.003343901464130639,-0.02949509457479738,
GSE73016,0.003343901464130639,-0.02949509457479738,
GSE73060,0.003343901464130639,-0.02949509457479738,
GSE73109,0.003343901464130639,-0.02949509457479738,
GSE73114,0.003343901464130639,-0.02949509457479738,
GSE73189,0.003343901464130639,-0.02949509457479738,
GSE73211,0.003343901464130639,-0.02949509457479738,
GSE73213,0.003343901464130639,-0.02949509457479738,
GSE73268,0.003343901464130639,-0.02949509457479738,
GSE73277,0.003343901464130639,-0.02949509457479738,
GSE73305,0.003343901464130639,-0.02949509457479738,
GSE72986,0.003343901464130639,-0.02949509457479738,
GSE74230,0.003343901464130639,-0.02949509457479738,
GSE74232,0.003343901464130639,-0.02949509457479738,
GSE74251,0.003343901464130639,-0.02949509457479738,
GSE74263,0.003343901464130639,-0.02949509457479738,
GSE74270,0.003343901464130639,-0.02949509457479738,
GSE74279,0.003343901464130639,-0.02949509457479738,
GSE74289,0.003343901464130639,-0.02949509457479738,
GSE74308,0.003343901464130639,-0.02949509457479738,
GSE74324,0.003343901464130639,-0.02949509457479738,
GSE74339,0.003343901464130639,-0.02949509457479738,
GSE74345,0.003343901464130639,-0.02949509457479738,
GSE73708,0.003343901464130639,-0.02949509457479738,
GSE74377,0.003343901464130639,-0.02949509457479738,
GSE74383,0.003343901464130639,-0.02949509457479738,
GSE74417,0.003343901464130639,-0.02949509457479738,
GSE74439,0.003343901464130639,-0.02949509457479738,
GSE74442,0.003343901464130639,-0.02949509457479738,
GSE74450,0.003343901464130639,-0.02949509457479738,
GSE74457,0.003343901464130639,-0.02949509457479738,
GSE74461,0.003343901464130639,-0.02949509457479738,
GSE74484,0.003343901464130639,-0.02949509457479738,
GSE74493,0.003343901464130639,-0.02949509457479738,
GSE74508,0.003343901464130639,-0.02949509457479738,
GSE74365,0.003343901464130639,-0.02949509457479738,
GSE73718,0.003343901464130639,-0.02949509457479738,
GSE73719,0.003343901464130639,-0.02949509457479738,
GSE73727,0.003343901464130639,-0.02949509457479738,
GSE73737,0.003343901464130639,-0.02949509457479738,
GSE73742,0.003343901464130639,-0.02949509457479738,
GSE73784,0.003343901464130639,-0.02949509457479738,
GSE73857,0.003343901464130639,-0.02949509457479738,
GSE73887,0.003343901464130639,-0.02949509457479738,
GSE73929,0.003343901464130639,-0.02949509457479738,
GSE73934,0.003343901464130639,-0.02949509457479738,
GSE73941,0.003343901464130639,-0.02949509457479738,
GSE74220,0.003343901464130639,-0.02949509457479738,
GSE73982,0.003343901464130639,-0.02949509457479738,
GSE74009,0.003343901464130639,-0.02949509457479738,
GSE74029,0.003343901464130639,-0.02949509457479738,
GSE74031,0.003343901464130639,-0.02949509457479738,
GSE74053,0.003343901464130639,-0.02949509457479738,
GSE74085,0.003343901464130639,-0.02949509457479738,
GSE74102,0.003343901464130639,-0.02949509457479738,
GSE74118,0.003343901464130639,-0.02949509457479738,
GSE74142,0.003343901464130639,-0.02949509457479738,
GSE74201,0.003343901464130639,-0.02949509457479738,
GSE74207,0.003343901464130639,-0.02949509457479738,
GSE73942,0.003343901464130639,-0.02949509457479738,
GSE77946,0.003343901464130639,-0.02949509457479738,
GSE77950,0.003343901464130639,-0.02949509457479738,
GSE77958,0.003343901464130639,-0.02949509457479738,
GSE77992,0.003343901464130639,-0.02949509457479738,
GSE78003,0.003343901464130639,-0.02949509457479738,
GSE78011,0.003343901464130639,-0.02949509457479738,
GSE78023,0.003343901464130639,-0.02949509457479738,
GSE78102,0.003343901464130639,-0.02949509457479738,
GSE78138,0.003343901464130639,-0.02949509457479738,
GSE78158,0.003343901464130639,-0.02949509457479738,
GSE78167,0.003343901464130639,-0.02949509457479738,
GSE75962,0.003343901464130639,-0.02949509457479738,
GSE78195,0.003343901464130639,-0.02949509457479738,
GSE78199,0.003343901464130639,-0.02949509457479738,
GSE78213,0.003343901464130639,-0.02949509457479738,
GSE78220,0.003343901464130639,-0.02949509457479738,
GSE78236,0.003343901464130639,-0.02949509457479738,
GSE78271,0.003343901464130639,-0.02949509457479738,
GSE78276,0.003343901464130639,-0.02949509457479738,
GSE78285,0.003343901464130639,-0.02949509457479738,
GSE78502,0.003343901464130639,-0.02949509457479738,
GSE78506,0.003343901464130639,-0.02949509457479738,
GSE78508,0.003343901464130639,-0.02949509457479738,
GSE78172,0.003343901464130639,-0.02949509457479738,
GSE77538,0.003343901464130639,-0.02949509457479738,
GSE77564,0.003343901464130639,-0.02949509457479738,
GSE77568,0.003343901464130639,-0.02949509457479738,
GSE77597,0.003343901464130639,-0.02949509457479738,
GSE77598,0.003343901464130639,-0.02949509457479738,
GSE77624,0.003343901464130639,-0.02949509457479738,
GSE77635,0.003343901464130639,-0.02949509457479738,
GSE77638,0.003343901464130639,-0.02949509457479738,
GSE77639,0.003343901464130639,-0.02949509457479738,
GSE77661,0.003343901464130639,-0.02949509457479738,
GSE77675,0.003343901464130639,-0.02949509457479738,
GSE77938,0.003343901464130639,-0.02949509457479738,
GSE77702,0.003343901464130639,-0.02949509457479738,
GSE77704,0.003343901464130639,-0.02949509457479738,
GSE77737,0.003343901464130639,-0.02949509457479738,
GSE77742,0.003343901464130639,-0.02949509457479738,
GSE77808,0.003343901464130639,-0.02949509457479738,
GSE77829,0.003343901464130639,-0.02949509457479738,
GSE77841,0.003343901464130639,-0.02949509457479738,
GSE77901,0.003343901464130639,-0.02949509457479738,
GSE77902,0.003343901464130639,-0.02949509457479738,
GSE83492,0.003343901464130639,-0.02949509457479738,
GSE77926,0.003343901464130639,-0.02949509457479738,
GSE77682,0.003343901464130639,-0.02949509457479738,
GSE79120,0.003343901464130639,-0.02949509457479738,
GSE79123,0.003343901464130639,-0.02949509457479738,
GSE79130,0.003343901464130639,-0.02949509457479738,
GSE79133,0.003343901464130639,-0.02949509457479738,
GSE79134,0.003343901464130639,-0.02949509457479738,
GSE79147,0.003343901464130639,-0.02949509457479738,
GSE79157,0.003343901464130639,-0.02949509457479738,
GSE79183,0.003343901464130639,-0.02949509457479738,
GSE79209,0.003343901464130639,-0.02949509457479738,
GSE79210,0.003343901464130639,-0.02949509457479738,
GSE79249,0.003343901464130639,-0.02949509457479738,
GSE78512,0.003343901464130639,-0.02949509457479738,
GSE79256,0.003343901464130639,-0.02949509457479738,
GSE79271,0.003343901464130639,-0.02949509457479738,
GSE79272,0.003343901464130639,-0.02949509457479738,
GSE79293,0.003343901464130639,-0.02949509457479738,
GSE79301,0.003343901464130639,-0.02949509457479738,
GSE79304,0.003343901464130639,-0.02949509457479738,
GSE79309,0.003343901464130639,-0.02949509457479738,
GSE79343,0.003343901464130639,-0.02949509457479738,
GSE79373,0.003343901464130639,-0.02949509457479738,
GSE79395,0.003343901464130639,-0.02949509457479738,
GSE79400,0.003343901464130639,-0.02949509457479738,
GSE79253,0.003343901464130639,-0.02949509457479738,
GSE78519,0.003343901464130639,-0.02949509457479738,
GSE78522,0.003343901464130639,-0.02949509457479738,
GSE78527,0.003343901464130639,-0.02949509457479738,
GSE78705,0.003343901464130639,-0.02949509457479738,
GSE78725,0.003343901464130639,-0.02949509457479738,
GSE78740,0.003343901464130639,-0.02949509457479738,
GSE78785,0.003343901464130639,-0.02949509457479738,
GSE78801,0.003343901464130639,-0.02949509457479738,
GSE78853,0.003343901464130639,-0.02949509457479738,
GSE78913,0.003343901464130639,-0.02949509457479738,
GSE78918,0.003343901464130639,-0.02949509457479738,
GSE79112,0.003343901464130639,-0.02949509457479738,
GSE78925,0.003343901464130639,-0.02949509457479738,
GSE78930,0.003343901464130639,-0.02949509457479738,
GSE78936,0.003343901464130639,-0.02949509457479738,
GSE78957,0.003343901464130639,-0.02949509457479738,
GSE78959,0.003343901464130639,-0.02949509457479738,
GSE78960,0.003343901464130639,-0.02949509457479738,
GSE78968,0.003343901464130639,-0.02949509457479738,
GSE79044,0.003343901464130639,-0.02949509457479738,
GSE79051,0.003343901464130639,-0.02949509457479738,
GSE79102,0.003343901464130639,-0.02949509457479738,
GSE79111,0.003343901464130639,-0.02949509457479738,
GSE78922,0.003343901464130639,-0.02949509457479738,
GSE76433,0.003343901464130639,-0.02949509457479738,
GSE76445,0.003343901464130639,-0.02949509457479738,
GSE76453,0.003343901464130639,-0.02949509457479738,
GSE76464,0.003343901464130639,-0.02949509457479738,
GSE76476,0.003343901464130639,-0.02949509457479738,
GSE76487,0.003343901464130639,-0.02949509457479738,
GSE76490,0.003343901464130639,-0.02949509457479738,
GSE76495,0.003343901464130639,-0.02949509457479738,
GSE76507,0.003343901464130639,-0.02949509457479738,
GSE76523,0.003343901464130639,-0.02949509457479738,
GSE76572,0.003343901464130639,-0.02949509457479738,
GSE77530,0.003343901464130639,-0.02949509457479738,
GSE76608,0.003343901464130639,-0.02949509457479738,
GSE76626,0.003343901464130639,-0.02949509457479738,
GSE76627,0.003343901464130639,-0.02949509457479738,
GSE76647,0.003343901464130639,-0.02949509457479738,
GSE76656,0.003343901464130639,-0.02949509457479738,
GSE76661,0.003343901464130639,-0.02949509457479738,
GSE76683,0.003343901464130639,-0.02949509457479738,
GSE76684,0.003343901464130639,-0.02949509457479738,
GSE76688,0.003343901464130639,-0.02949509457479738,
GSE76712,0.003343901464130639,-0.02949509457479738,
GSE76717,0.003343901464130639,-0.02949509457479738,
GSE76586,0.003343901464130639,-0.02949509457479738,
GSE76011,0.003343901464130639,-0.02949509457479738,
GSE76023,0.003343901464130639,-0.02949509457479738,
GSE76025,0.003343901464130639,-0.02949509457479738,
GSE76098,0.003343901464130639,-0.02949509457479738,
GSE76122,0.003343901464130639,-0.02949509457479738,
GSE76125,0.003343901464130639,-0.02949509457479738,
GSE76151,0.003343901464130639,-0.02949509457479738,
GSE76199,0.003343901464130639,-0.02949509457479738,
GSE76203,0.003343901464130639,-0.02949509457479738,
GSE76220,0.003343901464130639,-0.02949509457479738,
GSE76240,0.003343901464130639,-0.02949509457479738,
GSE76421,0.003343901464130639,-0.02949509457479738,
GSE76271,0.003343901464130639,-0.02949509457479738,
GSE76284,0.003343901464130639,-0.02949509457479738,
GSE76307,0.003343901464130639,-0.02949509457479738,
GSE76308,0.003343901464130639,-0.02949509457479738,
GSE76312,0.003343901464130639,-0.02949509457479738,
GSE76314,0.003343901464130639,-0.02949509457479738,
GSE76326,0.003343901464130639,-0.02949509457479738,
GSE76367,0.003343901464130639,-0.02949509457479738,
GSE76371,0.003343901464130639,-0.02949509457479738,
GSE76377,0.003343901464130639,-0.02949509457479738,
GSE76389,0.003343901464130639,-0.02949509457479738,
GSE76268,0.003343901464130639,-0.02949509457479738,
GSE77282,0.003343901464130639,-0.02949509457479738,
GSE77284,0.003343901464130639,-0.02949509457479738,
GSE77288,0.003343901464130639,-0.02949509457479738,
GSE77308,0.003343901464130639,-0.02949509457479738,
GSE77312,0.003343901464130639,-0.02949509457479738,
GSE77314,0.003343901464130639,-0.02949509457479738,
GSE77315,0.003343901464130639,-0.02949509457479738,
GSE77317,0.003343901464130639,-0.02949509457479738,
GSE77347,0.003343901464130639,-0.02949509457479738,
GSE77352,0.003343901464130639,-0.02949509457479738,
GSE77356,0.003343901464130639,-0.02949509457479738,
GSE76747,0.003343901464130639,-0.02949509457479738,
GSE77381,0.003343901464130639,-0.02949509457479738,
GSE77382,0.003343901464130639,-0.02949509457479738,
GSE77383,0.003343901464130639,-0.02949509457479738,
GSE77408,0.003343901464130639,-0.02949509457479738,
GSE77415,0.003343901464130639,-0.02949509457479738,
GSE77422,0.003343901464130639,-0.02949509457479738,
GSE77460,0.003343901464130639,-0.02949509457479738,
GSE77466,0.003343901464130639,-0.02949509457479738,
GSE77509,0.003343901464130639,-0.02949509457479738,
GSE77513,0.003343901464130639,-0.02949509457479738,
GSE77523,0.003343901464130639,-0.02949509457479738,
GSE77370,0.003343901464130639,-0.02949509457479738,
GSE76801,0.003343901464130639,-0.02949509457479738,
GSE76860,0.003343901464130639,-0.02949509457479738,
GSE76877,0.003343901464130639,-0.02949509457479738,
GSE76878,0.003343901464130639,-0.02949509457479738,
GSE76883,0.003343901464130639,-0.02949509457479738,
GSE76922,0.003343901464130639,-0.02949509457479738,
GSE76931,0.003343901464130639,-0.02949509457479738,
GSE76970,0.003343901464130639,-0.02949509457479738,
GSE76978,0.003343901464130639,-0.02949509457479738,
GSE76980,0.003343901464130639,-0.02949509457479738,
GSE76987,0.003343901464130639,-0.02949509457479738,
GSE77261,0.003343901464130639,-0.02949509457479738,
GSE77032,0.003343901464130639,-0.02949509457479738,
GSE77034,0.003343901464130639,-0.02949509457479738,
GSE77039,0.003343901464130639,-0.02949509457479738,
GSE77057,0.003343901464130639,-0.02949509457479738,
GSE77120,0.003343901464130639,-0.02949509457479738,
GSE77140,0.003343901464130639,-0.02949509457479738,
GSE77179,0.003343901464130639,-0.02949509457479738,
GSE77229,0.003343901464130639,-0.02949509457479738,
GSE77250,0.003343901464130639,-0.02949509457479738,
GSE77251,0.003343901464130639,-0.02949509457479738,
GSE77260,0.003343901464130639,-0.02949509457479738,
GSE76998,0.003343901464130639,-0.02949509457479738,
GSE94270,0.003343901464130639,-0.02949509457479738,
GSE94277,0.003343901464130639,-0.02949509457479738,
GSE94280,0.003343901464130639,-0.02949509457479738,
GSE94296,0.003343901464130639,-0.02949509457479738,
GSE94304,0.003343901464130639,-0.02949509457479738,
GSE94330,0.003343901464130639,-0.02949509457479738,
GSE94344,0.003343901464130639,-0.02949509457479738,
GSE94372,0.003343901464130639,-0.02949509457479738,
GSE94374,0.003343901464130639,-0.02949509457479738,
GSE94384,0.003343901464130639,-0.02949509457479738,
GSE94395,0.003343901464130639,-0.02949509457479738,
GSE72696,0.003343901464130639,-0.02949509457479738,
GSE94408,0.003343901464130639,-0.02949509457479738,
GSE94427,0.003343901464130639,-0.02949509457479738,
GSE94437,0.003343901464130639,-0.02949509457479738,
GSE94454,0.003343901464130639,-0.02949509457479738,
GSE94461,0.003343901464130639,-0.02949509457479738,
GSE94464,0.003343901464130639,-0.02949509457479738,
GSE94479,0.003343901464130639,-0.02949509457479738,
GSE94488,0.003343901464130639,-0.02949509457479738,
GSE94493,0.003343901464130639,-0.02949509457479738,
GSE94494,0.003343901464130639,-0.02949509457479738,
GSE94502,0.003343901464130639,-0.02949509457479738,
GSE94405,0.003343901464130639,-0.02949509457479738,
GSE93807,0.003343901464130639,-0.02949509457479738,
GSE93811,0.003343901464130639,-0.02949509457479738,
GSE93813,0.003343901464130639,-0.02949509457479738,
GSE93814,0.003343901464130639,-0.02949509457479738,
GSE93831,0.003343901464130639,-0.02949509457479738,
GSE93841,0.003343901464130639,-0.02949509457479738,
GSE93871,0.003343901464130639,-0.02949509457479738,
GSE93877,0.003343901464130639,-0.02949509457479738,
GSE93895,0.003343901464130639,-0.02949509457479738,
GSE93904,0.003343901464130639,-0.02949509457479738,
GSE93925,0.003343901464130639,-0.02949509457479738,
GSE94259,0.003343901464130639,-0.02949509457479738,
GSE94036,0.003343901464130639,-0.02949509457479738,
GSE94043,0.003343901464130639,-0.02949509457479738,
GSE94053,0.003343901464130639,-0.02949509457479738,
GSE94055,0.003343901464130639,-0.02949509457479738,
GSE94099,0.003343901464130639,-0.02949509457479738,
GSE94116,0.003343901464130639,-0.02949509457479738,
GSE94120,0.003343901464130639,-0.02949509457479738,
GSE94126,0.003343901464130639,-0.02949509457479738,
GSE94147,0.003343901464130639,-0.02949509457479738,
GSE94149,0.003343901464130639,-0.02949509457479738,
GSE94150,0.003343901464130639,-0.02949509457479738,
GSE93988,0.003343901464130639,-0.02949509457479738,
GSE94969,0.003343901464130639,-0.02949509457479738,
GSE94989,0.003343901464130639,-0.02949509457479738,
GSE94993,0.003343901464130639,-0.02949509457479738,
GSE94999,0.003343901464130639,-0.02949509457479738,
GSE95059,0.003343901464130639,-0.02949509457479738,
GSE95089,0.003343901464130639,-0.02949509457479738,
GSE95097,0.003343901464130639,-0.02949509457479738,
GSE95106,0.003343901464130639,-0.02949509457479738,
GSE95131,0.003343901464130639,-0.02949509457479738,
GSE95132,0.003343901464130639,-0.02949509457479738,
GSE95176,0.003343901464130639,-0.02949509457479738,
GSE94518,0.003343901464130639,-0.02949509457479738,
GSE95277,0.003343901464130639,-0.02949509457479738,
GSE95293,0.003343901464130639,-0.02949509457479738,
GSE95299,0.003343901464130639,-0.02949509457479738,
GSE95304,0.003343901464130639,-0.02949509457479738,
GSE95351,0.003343901464130639,-0.02949509457479738,
GSE95352,0.003343901464130639,-0.02949509457479738,
GSE95375,0.003343901464130639,-0.02949509457479738,
GSE95389,0.003343901464130639,-0.02949509457479738,
GSE95392,0.003343901464130639,-0.02949509457479738,
GSE95397,0.003343901464130639,-0.02949509457479738,
GSE95412,0.003343901464130639,-0.02949509457479738,
GSE95245,0.003343901464130639,-0.02949509457479738,
GSE94528,0.003343901464130639,-0.02949509457479738,
GSE94555,0.003343901464130639,-0.02949509457479738,
GSE94587,0.003343901464130639,-0.02949509457479738,
GSE94588,0.003343901464130639,-0.02949509457479738,
GSE94631,0.003343901464130639,-0.02949509457479738,
GSE94655,0.003343901464130639,-0.02949509457479738,
GSE94687,0.003343901464130639,-0.02949509457479738,
GSE94690,0.003343901464130639,-0.02949509457479738,
GSE94696,0.003343901464130639,-0.02949509457479738,
GSE94728,0.003343901464130639,-0.02949509457479738,
GSE94730,0.003343901464130639,-0.02949509457479738,
GSE94963,0.003343901464130639,-0.02949509457479738,
GSE94783,0.003343901464130639,-0.02949509457479738,
GSE94827,0.003343901464130639,-0.02949509457479738,
GSE94849,0.003343901464130639,-0.02949509457479738,
GSE94853,0.003343901464130639,-0.02949509457479738,
GSE94869,0.003343901464130639,-0.02949509457479738,
GSE94888,0.003343901464130639,-0.02949509457479738,
GSE94897,0.003343901464130639,-0.02949509457479738,
GSE94937,0.003343901464130639,-0.02949509457479738,
GSE94947,0.003343901464130639,-0.02949509457479738,
GSE94948,0.003343901464130639,-0.02949509457479738,
GSE94950,0.003343901464130639,-0.02949509457479738,
GSE94736,0.003343901464130639,-0.02949509457479738,
GSE92293,0.003343901464130639,-0.02949509457479738,
GSE92316,0.003343901464130639,-0.02949509457479738,
GSE92322,0.003343901464130639,-0.02949509457479738,
GSE92340,0.003343901464130639,-0.02949509457479738,
GSE92447,0.003343901464130639,-0.02949509457479738,
GSE92456,0.003343901464130639,-0.02949509457479738,
GSE92472,0.003343901464130639,-0.02949509457479738,
GSE92478,0.003343901464130639,-0.02949509457479738,
GSE92494,0.003343901464130639,-0.02949509457479738,
GSE92496,0.003343901464130639,-0.02949509457479738,
GSE92547,0.003343901464130639,-0.02949509457479738,
GSE93801,0.003343901464130639,-0.02949509457479738,
GSE92581,0.003343901464130639,-0.02949509457479738,
GSE92583,0.003343901464130639,-0.02949509457479738,
GSE92592,0.003343901464130639,-0.02949509457479738,
GSE92625,0.003343901464130639,-0.02949509457479738,
GSE92628,0.003343901464130639,-0.02949509457479738,
GSE92651,0.003343901464130639,-0.02949509457479738,
GSE92652,0.003343901464130639,-0.02949509457479738,
GSE92653,0.003343901464130639,-0.02949509457479738,
GSE92659,0.003343901464130639,-0.02949509457479738,
GSE92661,0.003343901464130639,-0.02949509457479738,
GSE92723,0.003343901464130639,-0.02949509457479738,
GSE92574,0.003343901464130639,-0.02949509457479738,
GSE90772,0.003343901464130639,-0.02949509457479738,
GSE90781,0.003343901464130639,-0.02949509457479738,
GSE90813,0.003343901464130639,-0.02949509457479738,
GSE90830,0.003343901464130639,-0.02949509457479738,
GSE90874,0.003343901464130639,-0.02949509457479738,
GSE90876,0.003343901464130639,-0.02949509457479738,
GSE90884,0.003343901464130639,-0.02949509457479738,
GSE90889,0.003343901464130639,-0.02949509457479738,
GSE90897,0.003343901464130639,-0.02949509457479738,
GSE90926,0.003343901464130639,-0.02949509457479738,
GSE90944,0.003343901464130639,-0.02949509457479738,
GSE92277,0.003343901464130639,-0.02949509457479738,
GSE91010,0.003343901464130639,-0.02949509457479738,
GSE91011,0.003343901464130639,-0.02949509457479738,
GSE91016,0.003343901464130639,-0.02949509457479738,
GSE91061,0.003343901464130639,-0.02949509457479738,
GSE91063,0.003343901464130639,-0.02949509457479738,
GSE91087,0.003343901464130639,-0.02949509457479738,
GSE91377,0.003343901464130639,-0.02949509457479738,
GSE91383,0.003343901464130639,-0.02949509457479738,
GSE92239,0.003343901464130639,-0.02949509457479738,
GSE92262,0.003343901464130639,-0.02949509457479738,
GSE92276,0.003343901464130639,-0.02949509457479738,
GSE91000,0.003343901464130639,-0.02949509457479738,
GSE93326,0.003343901464130639,-0.02949509457479738,
GSE93365,0.003343901464130639,-0.02949509457479738,
GSE93395,0.003343901464130639,-0.02949509457479738,
GSE93424,0.003343901464130639,-0.02949509457479738,
GSE93528,0.003343901464130639,-0.02949509457479738,
GSE93530,0.003343901464130639,-0.02949509457479738,
GSE93562,0.003343901464130639,-0.02949509457479738,
GSE93578,0.003343901464130639,-0.02949509457479738,
GSE93593,0.003343901464130639,-0.02949509457479738,
GSE93594,0.003343901464130639,-0.02949509457479738,
GSE93610,0.003343901464130639,-0.02949509457479738,
GSE92725,0.003343901464130639,-0.02949509457479738,
GSE93620,0.003343901464130639,-0.02949509457479738,
GSE93624,0.003343901464130639,-0.02949509457479738,
GSE93627,0.003343901464130639,-0.02949509457479738,
GSE93629,0.003343901464130639,-0.02949509457479738,
GSE93636,0.003343901464130639,-0.02949509457479738,
GSE93650,0.003343901464130639,-0.02949509457479738,
GSE93656,0.003343901464130639,-0.02949509457479738,
GSE93657,0.003343901464130639,-0.02949509457479738,
GSE93681,0.003343901464130639,-0.02949509457479738,
GSE93709,0.003343901464130639,-0.02949509457479738,
GSE93748,0.003343901464130639,-0.02949509457479738,
GSE93619,0.003343901464130639,-0.02949509457479738,
GSE92744,0.003343901464130639,-0.02949509457479738,
GSE92839,0.003343901464130639,-0.02949509457479738,
GSE92874,0.003343901464130639,-0.02949509457479738,
GSE92882,0.003343901464130639,-0.02949509457479738,
GSE92910,0.003343901464130639,-0.02949509457479738,
GSE92939,0.003343901464130639,-0.02949509457479738,
GSE92943,0.003343901464130639,-0.02949509457479738,
GSE92971,0.003343901464130639,-0.02949509457479738,
GSE92979,0.003343901464130639,-0.02949509457479738,
GSE93057,0.003343901464130639,-0.02949509457479738,
GSE93070,0.003343901464130639,-0.02949509457479738,
GSE93321,0.003343901464130639,-0.02949509457479738,
GSE93072,0.003343901464130639,-0.02949509457479738,
GSE93073,0.003343901464130639,-0.02949509457479738,
GSE93124,0.003343901464130639,-0.02949509457479738,
GSE93156,0.003343901464130639,-0.02949509457479738,
GSE93206,0.003343901464130639,-0.02949509457479738,
GSE93241,0.003343901464130639,-0.02949509457479738,
GSE93256,0.003343901464130639,-0.02949509457479738,
GSE93263,0.003343901464130639,-0.02949509457479738,
GSE93280,0.003343901464130639,-0.02949509457479738,
GSE93292,0.003343901464130639,-0.02949509457479738,
GSE93315,0.003343901464130639,-0.02949509457479738,
GSE93071,0.003343901464130639,-0.02949509457479738,
GSE98541,0.003343901464130639,-0.02949509457479738,
GSE98623,0.003343901464130639,-0.02949509457479738,
GSE98624,0.003343901464130639,-0.02949509457479738,
GSE98644,0.003343901464130639,-0.02949509457479738,
GSE98670,0.003343901464130639,-0.02949509457479738,
GSE98720,0.003343901464130639,-0.02949509457479738,
GSE98734,0.003343901464130639,-0.02949509457479738,
GSE98752,0.003343901464130639,-0.02949509457479738,
GSE98834,0.003343901464130639,-0.02949509457479738,
GSE98856,0.003343901464130639,-0.02949509457479738,
GSE98871,0.003343901464130639,-0.02949509457479738,
GSE95413,0.003343901464130639,-0.02949509457479738,
GSE99479,0.003343901464130639,-0.02949509457479738,
GSE99503,0.003343901464130639,-0.02949509457479738,
GSE99552,0.003343901464130639,-0.02949509457479738,
GSE99596,0.003343901464130639,-0.02949509457479738,
GSE99621,0.003343901464130639,-0.02949509457479738,
GSE99987,0.003343901464130639,-0.02949509457479738,
GSE99641,0.003343901464130639,-0.02949509457479738,
GSE99651,0.003343901464130639,-0.02949509457479738,
GSE99668,0.003343901464130639,-0.02949509457479738,
GSE99671,0.003343901464130639,-0.02949509457479738,
GSE99687,0.003343901464130639,-0.02949509457479738,
GSE99466,0.003343901464130639,-0.02949509457479738,
GSE97881,0.003343901464130639,-0.02949509457479738,
GSE97904,0.003343901464130639,-0.02949509457479738,
GSE97929,0.003343901464130639,-0.02949509457479738,
GSE97930,0.003343901464130639,-0.02949509457479738,
GSE97979,0.003343901464130639,-0.02949509457479738,
GSE98030,0.003343901464130639,-0.02949509457479738,
GSE98050,0.003343901464130639,-0.02949509457479738,
GSE98088,0.003343901464130639,-0.02949509457479738,
GSE98091,0.003343901464130639,-0.02949509457479738,
GSE98136,0.003343901464130639,-0.02949509457479738,
GSE98177,0.003343901464130639,-0.02949509457479738,
GSE98476,0.003343901464130639,-0.02949509457479738,
GSE98273,0.003343901464130639,-0.02949509457479738,
GSE98274,0.003343901464130639,-0.02949509457479738,
GSE98288,0.003343901464130639,-0.02949509457479738,
GSE98323,0.003343901464130639,-0.02949509457479738,
GSE98368,0.003343901464130639,-0.02949509457479738,
GSE98386,0.003343901464130639,-0.02949509457479738,
GSE98393,0.003343901464130639,-0.02949509457479738,
GSE98394,0.003343901464130639,-0.02949509457479738,
GSE98428,0.003343901464130639,-0.02949509457479738,
GSE98431,0.003343901464130639,-0.02949509457479738,
GSE98454,0.003343901464130639,-0.02949509457479738,
GSE98183,0.003343901464130639,-0.02949509457479738,
GSE100040,0.003343901464130639,-0.02949509457479738,
GSE100258,0.003343901464130639,-0.02949509457479738,
GSE100266,0.003343901464130639,-0.02949509457479738,
GSE100268,0.003343901464130639,-0.02949509457479738,
GSE100291,0.003343901464130639,-0.02949509457479738,
GSE100327,0.003343901464130639,-0.02949509457479738,
GSE100338,0.003343901464130639,-0.02949509457479738,
GSE100359,0.003343901464130639,-0.02949509457479738,
GSE100382,0.003343901464130639,-0.02949509457479738,
GSE100392,0.003343901464130639,-0.02949509457479738,
GSE100408,0.003343901464130639,-0.02949509457479738,
GSE99733,0.003343901464130639,-0.02949509457479738,
GSE100427,0.003343901464130639,-0.02949509457479738,
GSE100501,0.003343901464130639,-0.02949509457479738,
GSE100520,0.003343901464130639,-0.02949509457479738,
GSE100530,0.003343901464130639,-0.02949509457479738,
GSE100568,0.003343901464130639,-0.02949509457479738,
GSE100574,0.003343901464130639,-0.02949509457479738,
GSE100618,0.003343901464130639,-0.02949509457479738,
GSE100624,0.003343901464130639,-0.02949509457479738,
GSE100669,0.003343901464130639,-0.02949509457479738,
GSE100684,0.003343901464130639,-0.02949509457479738,
GSE100688,0.003343901464130639,-0.02949509457479738,
GSE100417,0.003343901464130639,-0.02949509457479738,
GSE99770,0.003343901464130639,-0.02949509457479738,
GSE99778,0.003343901464130639,-0.02949509457479738,
GSE99794,0.003343901464130639,-0.02949509457479738,
GSE99812,0.003343901464130639,-0.02949509457479738,
GSE99819,0.003343901464130639,-0.02949509457479738,
GSE99820,0.003343901464130639,-0.02949509457479738,
GSE99821,0.003343901464130639,-0.02949509457479738,
GSE99824,0.003343901464130639,-0.02949509457479738,
GSE99825,0.003343901464130639,-0.02949509457479738,
GSE99843,0.003343901464130639,-0.02949509457479738,
GSE99857,0.003343901464130639,-0.02949509457479738,
GSE100210,0.003343901464130639,-0.02949509457479738,
GSE99909,0.003343901464130639,-0.02949509457479738,
GSE99923,0.003343901464130639,-0.02949509457479738,
GSE99937,0.003343901464130639,-0.02949509457479738,
GSE99944,0.003343901464130639,-0.02949509457479738,
GSE99951,0.003343901464130639,-0.02949509457479738,
GSE100075,0.003343901464130639,-0.02949509457479738,
GSE100081,0.003343901464130639,-0.02949509457479738,
GSE100092,0.003343901464130639,-0.02949509457479738,
GSE100099,0.003343901464130639,-0.02949509457479738,
GSE100118,0.003343901464130639,-0.02949509457479738,
GSE100183,0.003343901464130639,-0.02949509457479738,
GSE99867,0.003343901464130639,-0.02949509457479738,
GSE96544,0.003343901464130639,-0.02949509457479738,
GSE96560,0.003343901464130639,-0.02949509457479738,
GSE96601,0.003343901464130639,-0.02949509457479738,
GSE96619,0.003343901464130639,-0.02949509457479738,
GSE96634,0.003343901464130639,-0.02949509457479738,
GSE96637,0.003343901464130639,-0.02949509457479738,
GSE96642,0.003343901464130639,-0.02949509457479738,
GSE96643,0.003343901464130639,-0.02949509457479738,
GSE96649,0.003343901464130639,-0.02949509457479738,
GSE96682,0.003343901464130639,-0.02949509457479738,
GSE96713,0.003343901464130639,-0.02949509457479738,
GSE97862,0.003343901464130639,-0.02949509457479738,
GSE96715,0.003343901464130639,-0.02949509457479738,
GSE96716,0.003343901464130639,-0.02949509457479738,
GSE96774,0.003343901464130639,-0.02949509457479738,
GSE96775,0.003343901464130639,-0.02949509457479738,
GSE96777,0.003343901464130639,-0.02949509457479738,
GSE96788,0.003343901464130639,-0.02949509457479738,
GSE96800,0.003343901464130639,-0.02949509457479738,
GSE96817,0.003343901464130639,-0.02949509457479738,
GSE96827,0.003343901464130639,-0.02949509457479738,
GSE96860,0.003343901464130639,-0.02949509457479738,
GSE96914,0.003343901464130639,-0.02949509457479738,
GSE96714,0.003343901464130639,-0.02949509457479738,
GSE95437,0.003343901464130639,-0.02949509457479738,
GSE95452,0.003343901464130639,-0.02949509457479738,
GSE95453,0.003343901464130639,-0.02949509457479738,
GSE95455,0.003343901464130639,-0.02949509457479738,
GSE95499,0.003343901464130639,-0.02949509457479738,
GSE95513,0.003343901464130639,-0.02949509457479738,
GSE95516,0.003343901464130639,-0.02949509457479738,
GSE95540,0.003343901464130639,-0.02949509457479738,
GSE95542,0.003343901464130639,-0.02949509457479738,
GSE95558,0.003343901464130639,-0.02949509457479738,
GSE95561,0.003343901464130639,-0.02949509457479738,
GSE96106,0.003343901464130639,-0.02949509457479738,
GSE95605,0.003343901464130639,-0.02949509457479738,
GSE95743,0.003343901464130639,-0.02949509457479738,
GSE95750,0.003343901464130639,-0.02949509457479738,
GSE95778,0.003343901464130639,-0.02949509457479738,
GSE95820,0.003343901464130639,-0.02949509457479738,
GSE95837,0.003343901464130639,-0.02949509457479738,
GSE95860,0.003343901464130639,-0.02949509457479738,
GSE96048,0.003343901464130639,-0.02949509457479738,
GSE96049,0.003343901464130639,-0.02949509457479738,
GSE96056,0.003343901464130639,-0.02949509457479738,
GSE96075,0.003343901464130639,-0.02949509457479738,
GSE95587,0.003343901464130639,-0.02949509457479738,
GSE97388,0.003343901464130639,-0.02949509457479738,
GSE97398,0.003343901464130639,-0.02949509457479738,
GSE97404,0.003343901464130639,-0.02949509457479738,
GSE97443,0.003343901464130639,-0.02949509457479738,
GSE97460,0.003343901464130639,-0.02949509457479738,
GSE97513,0.003343901464130639,-0.02949509457479738,
GSE97527,0.003343901464130639,-0.02949509457479738,
GSE97577,0.003343901464130639,-0.02949509457479738,
GSE97589,0.003343901464130639,-0.02949509457479738,
GSE97591,0.003343901464130639,-0.02949509457479738,
GSE97619,0.003343901464130639,-0.02949509457479738,
GSE96917,0.003343901464130639,-0.02949509457479738,
GSE97647,0.003343901464130639,-0.02949509457479738,
GSE97679,0.003343901464130639,-0.02949509457479738,
GSE97681,0.003343901464130639,-0.02949509457479738,
GSE97710,0.003343901464130639,-0.02949509457479738,
GSE97725,0.003343901464130639,-0.02949509457479738,
GSE97726,0.003343901464130639,-0.02949509457479738,
GSE97744,0.003343901464130639,-0.02949509457479738,
GSE97768,0.003343901464130639,-0.02949509457479738,
GSE97774,0.003343901464130639,-0.02949509457479738,
GSE97815,0.003343901464130639,-0.02949509457479738,
GSE97861,0.003343901464130639,-0.02949509457479738,
GSE97632,0.003343901464130639,-0.02949509457479738,
GSE96975,0.003343901464130639,-0.02949509457479738,
GSE96987,0.003343901464130639,-0.02949509457479738,
GSE96999,0.003343901464130639,-0.02949509457479738,
GSE97003,0.003343901464130639,-0.02949509457479738,
GSE97033,0.003343901464130639,-0.02949509457479738,
GSE97038,0.003343901464130639,-0.02949509457479738,
GSE97053,0.003343901464130639,-0.02949509457479738,
GSE97084,0.003343901464130639,-0.02949509457479738,
GSE97140,0.003343901464130639,-0.02949509457479738,
GSE97142,0.003343901464130639,-0.02949509457479738,
GSE97156,0.003343901464130639,-0.02949509457479738,
GSE97384,0.003343901464130639,-0.02949509457479738,
GSE97168,0.003343901464130639,-0.02949509457479738,
GSE97204,0.003343901464130639,-0.02949509457479738,
GSE97214,0.003343901464130639,-0.02949509457479738,
GSE97215,0.003343901464130639,-0.02949509457479738,
GSE97239,0.003343901464130639,-0.02949509457479738,
GSE97259,0.003343901464130639,-0.02949509457479738,
GSE97262,0.003343901464130639,-0.02949509457479738,
GSE97266,0.003343901464130639,-0.02949509457479738,
GSE97273,0.003343901464130639,-0.02949509457479738,
GSE97317,0.003343901464130639,-0.02949509457479738,
GSE97323,0.003343901464130639,-0.02949509457479738,
GSE97358,0.003343901464130639,-0.02949509457479738,
GSE97165,0.003343901464130639,-0.02949509457479738,
GSE85201,0.003343901464130639,-0.02949509457479738,
GSE85227,0.003343901464130639,-0.02949509457479738,
GSE85241,0.003343901464130639,-0.02949509457479738,
GSE85243,0.003343901464130639,-0.02949509457479738,
GSE85271,0.003343901464130639,-0.02949509457479738,
GSE85294,0.003343901464130639,-0.02949509457479738,
GSE85297,0.003343901464130639,-0.02949509457479738,
GSE85306,0.003343901464130639,-0.02949509457479738,
GSE85324,0.003343901464130639,-0.02949509457479738,
GSE85331,0.003343901464130639,-0.02949509457479738,
GSE85361,0.003343901464130639,-0.02949509457479738,
GSE90748,0.003343901464130639,-0.02949509457479738,
GSE85402,0.003343901464130639,-0.02949509457479738,
GSE85417,0.003343901464130639,-0.02949509457479738,
GSE85431,0.003343901464130639,-0.02949509457479738,
GSE85447,0.003343901464130639,-0.02949509457479738,
GSE85455,0.003343901464130639,-0.02949509457479738,
GSE85465,0.003343901464130639,-0.02949509457479738,
GSE85510,0.003343901464130639,-0.02949509457479738,
GSE85527,0.003343901464130639,-0.02949509457479738,
GSE85530,0.003343901464130639,-0.02949509457479738,
GSE85541,0.003343901464130639,-0.02949509457479738,
GSE85556,0.003343901464130639,-0.02949509457479738,
GSE85378,0.003343901464130639,-0.02949509457479738,
GSE84884,0.003343901464130639,-0.02949509457479738,
GSE84896,0.003343901464130639,-0.02949509457479738,
GSE84902,0.003343901464130639,-0.02949509457479738,
GSE84913,0.003343901464130639,-0.02949509457479738,
GSE84930,0.003343901464130639,-0.02949509457479738,
GSE84944,0.003343901464130639,-0.02949509457479738,
GSE84986,0.003343901464130639,-0.02949509457479738,
GSE85001,0.003343901464130639,-0.02949509457479738,
GSE85008,0.003343901464130639,-0.02949509457479738,
GSE85011,0.003343901464130639,-0.02949509457479738,
GSE85020,0.003343901464130639,-0.02949509457479738,
GSE85187,0.003343901464130639,-0.02949509457479738,
GSE85050,0.003343901464130639,-0.02949509457479738,
GSE85082,0.003343901464130639,-0.02949509457479738,
GSE85083,0.003343901464130639,-0.02949509457479738,
GSE85088,0.003343901464130639,-0.02949509457479738,
GSE85089,0.003343901464130639,-0.02949509457479738,
GSE85107,0.003343901464130639,-0.02949509457479738,
GSE85111,0.003343901464130639,-0.02949509457479738,
GSE85118,0.003343901464130639,-0.02949509457479738,
GSE85133,0.003343901464130639,-0.02949509457479738,
GSE85161,0.003343901464130639,-0.02949509457479738,
GSE85183,0.003343901464130639,-0.02949509457479738,
GSE85037,0.003343901464130639,-0.02949509457479738,
GSE86053,0.003343901464130639,-0.02949509457479738,
GSE86101,0.003343901464130639,-0.02949509457479738,
GSE86102,0.003343901464130639,-0.02949509457479738,
GSE86103,0.003343901464130639,-0.02949509457479738,
GSE86104,0.003343901464130639,-0.02949509457479738,
GSE86146,0.003343901464130639,-0.02949509457479738,
GSE86148,0.003343901464130639,-0.02949509457479738,
GSE86151,0.003343901464130639,-0.02949509457479738,
GSE86153,0.003343901464130639,-0.02949509457479738,
GSE86159,0.003343901464130639,-0.02949509457479738,
GSE86165,0.003343901464130639,-0.02949509457479738,
GSE85557,0.003343901464130639,-0.02949509457479738,
GSE86202,0.003343901464130639,-0.02949509457479738,
GSE86219,0.003343901464130639,-0.02949509457479738,
GSE86221,0.003343901464130639,-0.02949509457479738,
GSE86237,0.003343901464130639,-0.02949509457479738,
GSE86239,0.003343901464130639,-0.02949509457479738,
GSE86244,0.003343901464130639,-0.02949509457479738,
GSE86316,0.003343901464130639,-0.02949509457479738,
GSE86333,0.003343901464130639,-0.02949509457479738,
GSE86337,0.003343901464130639,-0.02949509457479738,
GSE86344,0.003343901464130639,-0.02949509457479738,
GSE86348,0.003343901464130639,-0.02949509457479738,
GSE86190,0.003343901464130639,-0.02949509457479738,
GSE85565,0.003343901464130639,-0.02949509457479738,
GSE85567,0.003343901464130639,-0.02949509457479738,
GSE85579,0.003343901464130639,-0.02949509457479738,
GSE85623,0.003343901464130639,-0.02949509457479738,
GSE85671,0.003343901464130639,-0.02949509457479738,
GSE85685,0.003343901464130639,-0.02949509457479738,
GSE85689,0.003343901464130639,-0.02949509457479738,
GSE85761,0.003343901464130639,-0.02949509457479738,
GSE85791,0.003343901464130639,-0.02949509457479738,
GSE85839,0.003343901464130639,-0.02949509457479738,
GSE85840,0.003343901464130639,-0.02949509457479738,
GSE86007,0.003343901464130639,-0.02949509457479738,
GSE85857,0.003343901464130639,-0.02949509457479738,
GSE85861,0.003343901464130639,-0.02949509457479738,
GSE85870,0.003343901464130639,-0.02949509457479738,
GSE85897,0.003343901464130639,-0.02949509457479738,
GSE85908,0.003343901464130639,-0.02949509457479738,
GSE85910,0.003343901464130639,-0.02949509457479738,
GSE85917,0.003343901464130639,-0.02949509457479738,
GSE85935,0.003343901464130639,-0.02949509457479738,
GSE85941,0.003343901464130639,-0.02949509457479738,
GSE85969,0.003343901464130639,-0.02949509457479738,
GSE85988,0.003343901464130639,-0.02949509457479738,
GSE85854,0.003343901464130639,-0.02949509457479738,
GSE83687,0.003343901464130639,-0.02949509457479738,
GSE83712,0.003343901464130639,-0.02949509457479738,
GSE83717,0.003343901464130639,-0.02949509457479738,
GSE83719,0.003343901464130639,-0.02949509457479738,
GSE83724,0.003343901464130639,-0.02949509457479738,
GSE83763,0.003343901464130639,-0.02949509457479738,
GSE83765,0.003343901464130639,-0.02949509457479738,
GSE83772,0.003343901464130639,-0.02949509457479738,
GSE83786,0.003343901464130639,-0.02949509457479738,
GSE83808,0.003343901464130639,-0.02949509457479738,
GSE83816,0.003343901464130639,-0.02949509457479738,
GSE84868,0.003343901464130639,-0.02949509457479738,
GSE83888,0.003343901464130639,-0.02949509457479738,
GSE83919,0.003343901464130639,-0.02949509457479738,
GSE83923,0.003343901464130639,-0.02949509457479738,
GSE83930,0.003343901464130639,-0.02949509457479738,
GSE83939,0.003343901464130639,-0.02949509457479738,
GSE84013,0.003343901464130639,-0.02949509457479738,
GSE84022,0.003343901464130639,-0.02949509457479738,
GSE84023,0.003343901464130639,-0.02949509457479738,
GSE84054,0.003343901464130639,-0.02949509457479738,
GSE84068,0.003343901464130639,-0.02949509457479738,
GSE84070,0.003343901464130639,-0.02949509457479738,
GSE83886,0.003343901464130639,-0.02949509457479738,
GSE83493,0.003343901464130639,-0.02949509457479738,
GSE83501,0.003343901464130639,-0.02949509457479738,
GSE83518,0.003343901464130639,-0.02949509457479738,
GSE83520,0.003343901464130639,-0.02949509457479738,
GSE83525,0.003343901464130639,-0.02949509457479738,
GSE83547,0.003343901464130639,-0.02949509457479738,
GSE83549,0.003343901464130639,-0.02949509457479738,
GSE83551,0.003343901464130639,-0.02949509457479738,
GSE83559,0.003343901464130639,-0.02949509457479738,
GSE83560,0.003343901464130639,-0.02949509457479738,
GSE83577,0.003343901464130639,-0.02949509457479738,
GSE83671,0.003343901464130639,-0.02949509457479738,
GSE83592,0.003343901464130639,-0.02949509457479738,
GSE83601,0.003343901464130639,-0.02949509457479738,
GSE83611,0.003343901464130639,-0.02949509457479738,
GSE83635,0.003343901464130639,-0.02949509457479738,
GSE83637,0.003343901464130639,-0.02949509457479738,
GSE83645,0.003343901464130639,-0.02949509457479738,
GSE83647,0.003343901464130639,-0.02949509457479738,
GSE83649,0.003343901464130639,-0.02949509457479738,
GSE83652,0.003343901464130639,-0.02949509457479738,
GSE83660,0.003343901464130639,-0.02949509457479738,
GSE83668,0.003343901464130639,-0.02949509457479738,
GSE83584,0.003343901464130639,-0.02949509457479738,
GSE84629,0.003343901464130639,-0.02949509457479738,
GSE84631,0.003343901464130639,-0.02949509457479738,
GSE84636,0.003343901464130639,-0.02949509457479738,
GSE84639,0.003343901464130639,-0.02949509457479738,
GSE84661,0.003343901464130639,-0.02949509457479738,
GSE84666,0.003343901464130639,-0.02949509457479738,
GSE84675,0.003343901464130639,-0.02949509457479738,
GSE84684,0.003343901464130639,-0.02949509457479738,
GSE84691,0.003343901464130639,-0.02949509457479738,
GSE84694,0.003343901464130639,-0.02949509457479738,
GSE84697,0.003343901464130639,-0.02949509457479738,
GSE84073,0.003343901464130639,-0.02949509457479738,
GSE84712,0.003343901464130639,-0.02949509457479738,
GSE84714,0.003343901464130639,-0.02949509457479738,
GSE84722,0.003343901464130639,-0.02949509457479738,
GSE84776,0.003343901464130639,-0.02949509457479738,
GSE84789,0.003343901464130639,-0.02949509457479738,
GSE84814,0.003343901464130639,-0.02949509457479738,
GSE84815,0.003343901464130639,-0.02949509457479738,
GSE84826,0.003343901464130639,-0.02949509457479738,
GSE84829,0.003343901464130639,-0.02949509457479738,
GSE84852,0.003343901464130639,-0.02949509457479738,
GSE84863,0.003343901464130639,-0.02949509457479738,
GSE84706,0.003343901464130639,-0.02949509457479738,
GSE84085,0.003343901464130639,-0.02949509457479738,
GSE84166,0.003343901464130639,-0.02949509457479738,
GSE84197,0.003343901464130639,-0.02949509457479738,
GSE84231,0.003343901464130639,-0.02949509457479738,
GSE84259,0.003343901464130639,-0.02949509457479738,
GSE84275,0.003343901464130639,-0.02949509457479738,
GSE84293,0.003343901464130639,-0.02949509457479738,
GSE84320,0.003343901464130639,-0.02949509457479738,
GSE84322,0.003343901464130639,-0.02949509457479738,
GSE84323,0.003343901464130639,-0.02949509457479738,
GSE84325,0.003343901464130639,-0.02949509457479738,
GSE84582,0.003343901464130639,-0.02949509457479738,
GSE84358,0.003343901464130639,-0.02949509457479738,
GSE84359,0.003343901464130639,-0.02949509457479738,
GSE84389,0.003343901464130639,-0.02949509457479738,
GSE84405,0.003343901464130639,-0.02949509457479738,
GSE84425,0.003343901464130639,-0.02949509457479738,
GSE84432,0.003343901464130639,-0.02949509457479738,
GSE84461,0.003343901464130639,-0.02949509457479738,
GSE84465,0.003343901464130639,-0.02949509457479738,
GSE84471,0.003343901464130639,-0.02949509457479738,
GSE84504,0.003343901464130639,-0.02949509457479738,
GSE84531,0.003343901464130639,-0.02949509457479738,
GSE84577,0.003343901464130639,-0.02949509457479738,
GSE84339,0.003343901464130639,-0.02949509457479738,
GSE89179,0.003343901464130639,-0.02949509457479738,
GSE89182,0.003343901464130639,-0.02949509457479738,
GSE89189,0.003343901464130639,-0.02949509457479738,
GSE89205,0.003343901464130639,-0.02949509457479738,
GSE89223,0.003343901464130639,-0.02949509457479738,
GSE89226,0.003343901464130639,-0.02949509457479738,
GSE89234,0.003343901464130639,-0.02949509457479738,
GSE89235,0.003343901464130639,-0.02949509457479738,
GSE89339,0.003343901464130639,-0.02949509457479738,
GSE89365,0.003343901464130639,-0.02949509457479738,
GSE89367,0.003343901464130639,-0.02949509457479738,
GSE86356,0.003343901464130639,-0.02949509457479738,
GSE89404,0.003343901464130639,-0.02949509457479738,
GSE89413,0.003343901464130639,-0.02949509457479738,
GSE89442,0.003343901464130639,-0.02949509457479738,
GSE89446,0.003343901464130639,-0.02949509457479738,
GSE89448,0.003343901464130639,-0.02949509457479738,
GSE89479,0.003343901464130639,-0.02949509457479738,
GSE89503,0.003343901464130639,-0.02949509457479738,
GSE89511,0.003343901464130639,-0.02949509457479738,
GSE89542,0.003343901464130639,-0.02949509457479738,
GSE89569,0.003343901464130639,-0.02949509457479738,
GSE89623,0.003343901464130639,-0.02949509457479738,
GSE89368,0.003343901464130639,-0.02949509457479738,
GSE88802,0.003343901464130639,-0.02949509457479738,
GSE88848,0.003343901464130639,-0.02949509457479738,
GSE88850,0.003343901464130639,-0.02949509457479738,
GSE88931,0.003343901464130639,-0.02949509457479738,
GSE88943,0.003343901464130639,-0.02949509457479738,
GSE88944,0.003343901464130639,-0.02949509457479738,
GSE88945,0.003343901464130639,-0.02949509457479738,
GSE88946,0.003343901464130639,-0.02949509457479738,
GSE88956,0.003343901464130639,-0.02949509457479738,
GSE88977,0.003343901464130639,-0.02949509457479738,
GSE88997,0.003343901464130639,-0.02949509457479738,
GSE89154,0.003343901464130639,-0.02949509457479738,
GSE89057,0.003343901464130639,-0.02949509457479738,
GSE89062,0.003343901464130639,-0.02949509457479738,
GSE89063,0.003343901464130639,-0.02949509457479738,
GSE89110,0.003343901464130639,-0.02949509457479738,
GSE89115,0.003343901464130639,-0.02949509457479738,
GSE89122,0.003343901464130639,-0.02949509457479738,
GSE89124,0.003343901464130639,-0.02949509457479738,
GSE89127,0.003343901464130639,-0.02949509457479738,
GSE89134,0.003343901464130639,-0.02949509457479738,
GSE89140,0.003343901464130639,-0.02949509457479738,
GSE89152,0.003343901464130639,-0.02949509457479738,
GSE89049,0.003343901464130639,-0.02949509457479738,
GSE89972,0.003343901464130639,-0.02949509457479738,
GSE89980,0.003343901464130639,-0.02949509457479738,
GSE89991,0.003343901464130639,-0.02949509457479738,
GSE90013,0.003343901464130639,-0.02949509457479738,
GSE90068,0.003343901464130639,-0.02949509457479738,
GSE90087,0.003343901464130639,-0.02949509457479738,
GSE90111,0.003343901464130639,-0.02949509457479738,
GSE90444,0.003343901464130639,-0.02949509457479738,
GSE90463,0.003343901464130639,-0.02949509457479738,
GSE90491,0.003343901464130639,-0.02949509457479738,
GSE90519,0.003343901464130639,-0.02949509457479738,
GSE89647,0.003343901464130639,-0.02949509457479738,
GSE90552,0.003343901464130639,-0.02949509457479738,
GSE90566,0.003343901464130639,-0.02949509457479738,
GSE90599,0.003343901464130639,-0.02949509457479738,
GSE90634,0.003343901464130639,-0.02949509457479738,
GSE90657,0.003343901464130639,-0.02949509457479738,
GSE90659,0.003343901464130639,-0.02949509457479738,
GSE90682,0.003343901464130639,-0.02949509457479738,
GSE90683,0.003343901464130639,-0.02949509457479738,
GSE90711,0.003343901464130639,-0.02949509457479738,
GSE90718,0.003343901464130639,-0.02949509457479738,
GSE90734,0.003343901464130639,-0.02949509457479738,
GSE90523,0.003343901464130639,-0.02949509457479738,
GSE89672,0.003343901464130639,-0.02949509457479738,
GSE89701,0.003343901464130639,-0.02949509457479738,
GSE89714,0.003343901464130639,-0.02949509457479738,
GSE89725,0.003343901464130639,-0.02949509457479738,
GSE89726,0.003343901464130639,-0.02949509457479738,
GSE89729,0.003343901464130639,-0.02949509457479738,
GSE89745,0.003343901464130639,-0.02949509457479738,
GSE89774,0.003343901464130639,-0.02949509457479738,
GSE89775,0.003343901464130639,-0.02949509457479738,
GSE89777,0.003343901464130639,-0.02949509457479738,
GSE89779,0.003343901464130639,-0.02949509457479738,
GSE89970,0.003343901464130639,-0.02949509457479738,
GSE89799,0.003343901464130639,-0.02949509457479738,
GSE89807,0.003343901464130639,-0.02949509457479738,
GSE89872,0.003343901464130639,-0.02949509457479738,
GSE89879,0.003343901464130639,-0.02949509457479738,
GSE89888,0.003343901464130639,-0.02949509457479738,
GSE89895,0.003343901464130639,-0.02949509457479738,
GSE89917,0.003343901464130639,-0.02949509457479738,
GSE89926,0.003343901464130639,-0.02949509457479738,
GSE89930,0.003343901464130639,-0.02949509457479738,
GSE89940,0.003343901464130639,-0.02949509457479738,
GSE89942,0.003343901464130639,-0.02949509457479738,
GSE89790,0.003343901464130639,-0.02949509457479738,
GSE86846,0.003343901464130639,-0.02949509457479738,
GSE86855,0.003343901464130639,-0.02949509457479738,
GSE86857,0.003343901464130639,-0.02949509457479738,
GSE86867,0.003343901464130639,-0.02949509457479738,
GSE86874,0.003343901464130639,-0.02949509457479738,
GSE86896,0.003343901464130639,-0.02949509457479738,
GSE86906,0.003343901464130639,-0.02949509457479738,
GSE86910,0.003343901464130639,-0.02949509457479738,
GSE86931,0.003343901464130639,-0.02949509457479738,
GSE86940,0.003343901464130639,-0.02949509457479738,
GSE86956,0.003343901464130639,-0.02949509457479738,
GSE88750,0.003343901464130639,-0.02949509457479738,
GSE86977,0.003343901464130639,-0.02949509457479738,
GSE86982,0.003343901464130639,-0.02949509457479738,
GSE86985,0.003343901464130639,-0.02949509457479738,
GSE86986,0.003343901464130639,-0.02949509457479738,
GSE87040,0.003343901464130639,-0.02949509457479738,
GSE87042,0.003343901464130639,-0.02949509457479738,
GSE87055,0.003343901464130639,-0.02949509457479738,
GSE87087,0.003343901464130639,-0.02949509457479738,
GSE87167,0.003343901464130639,-0.02949509457479738,
GSE87169,0.003343901464130639,-0.02949509457479738,
GSE87186,0.003343901464130639,-0.02949509457479738,
GSE86958,0.003343901464130639,-0.02949509457479738,
GSE86387,0.003343901464130639,-0.02949509457479738,
GSE86394,0.003343901464130639,-0.02949509457479738,
GSE86422,0.003343901464130639,-0.02949509457479738,
GSE86451,0.003343901464130639,-0.02949509457479738,
GSE86473,0.003343901464130639,-0.02949509457479738,
GSE86480,0.003343901464130639,-0.02949509457479738,
GSE86491,0.003343901464130639,-0.02949509457479738,
GSE86503,0.003343901464130639,-0.02949509457479738,
GSE86504,0.003343901464130639,-0.02949509457479738,
GSE86506,0.003343901464130639,-0.02949509457479738,
GSE86518,0.003343901464130639,-0.02949509457479738,
GSE86821,0.003343901464130639,-0.02949509457479738,
GSE86550,0.003343901464130639,-0.02949509457479738,
GSE86562,0.003343901464130639,-0.02949509457479738,
GSE86563,0.003343901464130639,-0.02949509457479738,
GSE86564,0.003343901464130639,-0.02949509457479738,
GSE86577,0.003343901464130639,-0.02949509457479738,
GSE86602,0.003343901464130639,-0.02949509457479738,
GSE86610,0.003343901464130639,-0.02949509457479738,
GSE86611,0.003343901464130639,-0.02949509457479738,
GSE86618,0.003343901464130639,-0.02949509457479738,
GSE86654,0.003343901464130639,-0.02949509457479738,
GSE86813,0.003343901464130639,-0.02949509457479738,
GSE86538,0.003343901464130639,-0.02949509457479738,
GSE87532,0.003343901464130639,-0.02949509457479738,
GSE87535,0.003343901464130639,-0.02949509457479738,
GSE87540,0.003343901464130639,-0.02949509457479738,
GSE87541,0.003343901464130639,-0.02949509457479738,
GSE87563,0.003343901464130639,-0.02949509457479738,
GSE87581,0.003343901464130639,-0.02949509457479738,
GSE87585,0.003343901464130639,-0.02949509457479738,
GSE87615,0.003343901464130639,-0.02949509457479738,
GSE87617,0.003343901464130639,-0.02949509457479738,
GSE87626,0.003343901464130639,-0.02949509457479738,
GSE87641,0.003343901464130639,-0.02949509457479738,
GSE87187,0.003343901464130639,-0.02949509457479738,
GSE87668,0.003343901464130639,-0.02949509457479738,
GSE87679,0.003343901464130639,-0.02949509457479738,
GSE87701,0.003343901464130639,-0.02949509457479738,
GSE87720,0.003343901464130639,-0.02949509457479738,
GSE87748,0.003343901464130639,-0.02949509457479738,
GSE87809,0.003343901464130639,-0.02949509457479738,
GSE87831,0.003343901464130639,-0.02949509457479738,
GSE87849,0.003343901464130639,-0.02949509457479738,
GSE87891,0.003343901464130639,-0.02949509457479738,
GSE88710,0.003343901464130639,-0.02949509457479738,
GSE88741,0.003343901464130639,-0.02949509457479738,
GSE87660,0.003343901464130639,-0.02949509457479738,
GSE87189,0.003343901464130639,-0.02949509457479738,
GSE87194,0.003343901464130639,-0.02949509457479738,
GSE87198,0.003343901464130639,-0.02949509457479738,
GSE87231,0.003343901464130639,-0.02949509457479738,
GSE87237,0.003343901464130639,-0.02949509457479738,
GSE87240,0.003343901464130639,-0.02949509457479738,
GSE87257,0.003343901464130639,-0.02949509457479738,
GSE87285,0.003343901464130639,-0.02949509457479738,
GSE87307,0.003343901464130639,-0.02949509457479738,
GSE87320,0.003343901464130639,-0.02949509457479738,
GSE87326,0.003343901464130639,-0.02949509457479738,
GSE87517,0.003343901464130639,-0.02949509457479738,
GSE87340,0.003343901464130639,-0.02949509457479738,
GSE87360,0.003343901464130639,-0.02949509457479738,
GSE87365,0.003343901464130639,-0.02949509457479738,
GSE87392,0.003343901464130639,-0.02949509457479738,
GSE87399,0.003343901464130639,-0.02949509457479738,
GSE87400,0.003343901464130639,-0.02949509457479738,
GSE87426,0.003343901464130639,-0.02949509457479738,
GSE87456,0.003343901464130639,-0.02949509457479738,
GSE87476,0.003343901464130639,-0.02949509457479738,
GSE87495,0.003343901464130639,-0.02949509457479738,
GSE87497,0.003343901464130639,-0.02949509457479738,
GSE87515,0.003343901464130639,-0.02949509457479738,
GSE87328,0.003343901464130639,-0.02949509457479738,
GSE40632,0.003343901464130639,-0.02949509457479738,
GSE40665,0.003343901464130639,-0.02949509457479738,
GSE40705,0.003343901464130639,-0.02949509457479738,
GSE40740,0.003343901464130639,-0.02949509457479738,
GSE40783,0.003343901464130639,-0.02949509457479738,
GSE40859,0.003343901464130639,-0.02949509457479738,
GSE40953,0.003343901464130639,-0.02949509457479738,
GSE40996,0.003343901464130639,-0.02949509457479738,
GSE41009,0.003343901464130639,-0.02949509457479738,
GSE41074,0.003343901464130639,-0.02949509457479738,
GSE41180,0.003343901464130639,-0.02949509457479738,
GSE71012,0.003343901464130639,-0.02949509457479738,
GSE41264,0.003343901464130639,-0.02949509457479738,
GSE41279,0.003343901464130639,-0.02949509457479738,
GSE41357,0.003343901464130639,-0.02949509457479738,
GSE41359,0.003343901464130639,-0.02949509457479738,
GSE41476,0.003343901464130639,-0.02949509457479738,
GSE41586,0.003343901464130639,-0.02949509457479738,
GSE41716,0.003343901464130639,-0.02949509457479738,
GSE41745,0.003343901464130639,-0.02949509457479738,
GSE41761,0.003343901464130639,-0.02949509457479738,
GSE41795,0.003343901464130639,-0.02949509457479738,
GSE42006,0.003343901464130639,-0.02949509457479738,
GSE41245,0.003343901464130639,-0.02949509457479738,
GSE39068,0.003343901464130639,-0.02949509457479738,
GSE39121,0.003343901464130639,-0.02949509457479738,
GSE39167,0.003343901464130639,-0.02949509457479738,
GSE39170,0.003343901464130639,-0.02949509457479738,
GSE39305,0.003343901464130639,-0.02949509457479738,
GSE39527,0.003343901464130639,-0.02949509457479738,
GSE39561,0.003343901464130639,-0.02949509457479738,
GSE39682,0.003343901464130639,-0.02949509457479738,
GSE39757,0.003343901464130639,-0.02949509457479738,
GSE39776,0.003343901464130639,-0.02949509457479738,
GSE39821,0.003343901464130639,-0.02949509457479738,
GSE40591,0.003343901464130639,-0.02949509457479738,
GSE39957,0.003343901464130639,-0.02949509457479738,
GSE40049,0.003343901464130639,-0.02949509457479738,
GSE40050,0.003343901464130639,-0.02949509457479738,
GSE40069,0.003343901464130639,-0.02949509457479738,
GSE40111,0.003343901464130639,-0.02949509457479738,
GSE40114,0.003343901464130639,-0.02949509457479738,
GSE40137,0.003343901464130639,-0.02949509457479738,
GSE40228,0.003343901464130639,-0.02949509457479738,
GSE40243,0.003343901464130639,-0.02949509457479738,
GSE40310,0.003343901464130639,-0.02949509457479738,
GSE40524,0.003343901464130639,-0.02949509457479738,
GSE40548,0.003343901464130639,-0.02949509457479738,
GSE39872,0.003343901464130639,-0.02949509457479738,
GSE43785,0.003343901464130639,-0.02949509457479738,
GSE43801,0.003343901464130639,-0.02949509457479738,
GSE43834,0.003343901464130639,-0.02949509457479738,
GSE43835,0.003343901464130639,-0.02949509457479738,
GSE43925,0.003343901464130639,-0.02949509457479738,
GSE44052,0.003343901464130639,-0.02949509457479738,
GSE44256,0.003343901464130639,-0.02949509457479738,
GSE44267,0.003343901464130639,-0.02949509457479738,
GSE44376,0.003343901464130639,-0.02949509457479738,
GSE44377,0.003343901464130639,-0.02949509457479738,
GSE44378,0.003343901464130639,-0.02949509457479738,
GSE42142,0.003343901464130639,-0.02949509457479738,
GSE44384,0.003343901464130639,-0.02949509457479738,
GSE44385,0.003343901464130639,-0.02949509457479738,
GSE44457,0.003343901464130639,-0.02949509457479738,
GSE44461,0.003343901464130639,-0.02949509457479738,
GSE44568,0.003343901464130639,-0.02949509457479738,
GSE44585,0.003343901464130639,-0.02949509457479738,
GSE44615,0.003343901464130639,-0.02949509457479738,
GSE44618,0.003343901464130639,-0.02949509457479738,
GSE44646,0.003343901464130639,-0.02949509457479738,
GSE44718,0.003343901464130639,-0.02949509457479738,
GSE44769,0.003343901464130639,-0.02949509457479738,
GSE44801,0.003343901464130639,-0.02949509457479738,
GSE44379,0.003343901464130639,-0.02949509457479738,
GSE42146,0.003343901464130639,-0.02949509457479738,
GSE42212,0.003343901464130639,-0.02949509457479738,
GSE42326,0.003343901464130639,-0.02949509457479738,
GSE42420,0.003343901464130639,-0.02949509457479738,
GSE42485,0.003343901464130639,-0.02949509457479738,
GSE42509,0.003343901464130639,-0.02949509457479738,
GSE42563,0.003343901464130639,-0.02949509457479738,
GSE42701,0.003343901464130639,-0.02949509457479738,
GSE42948,0.003343901464130639,-0.02949509457479738,
GSE42951,0.003343901464130639,-0.02949509457479738,
GSE42960,0.003343901464130639,-0.02949509457479738,
GSE43726,0.003343901464130639,-0.02949509457479738,
GSE43093,0.003343901464130639,-0.02949509457479738,
GSE43126,0.003343901464130639,-0.02949509457479738,
GSE43143,0.003343901464130639,-0.02949509457479738,
GSE43296,0.003343901464130639,-0.02949509457479738,
GSE43306,0.003343901464130639,-0.02949509457479738,
GSE43335,0.003343901464130639,-0.02949509457479738,
GSE43362,0.003343901464130639,-0.02949509457479738,
GSE43472,0.003343901464130639,-0.02949509457479738,
GSE43550,0.003343901464130639,-0.02949509457479738,
GSE43586,0.003343901464130639,-0.02949509457479738,
GSE43603,0.003343901464130639,-0.02949509457479738,
GSE43666,0.003343901464130639,-0.02949509457479738,
GSE43070,0.003343901464130639,-0.02949509457479738,
GSE33592,0.003343901464130639,-0.02949509457479738,
GSE33600,0.003343901464130639,-0.02949509457479738,
GSE33772,0.003343901464130639,-0.02949509457479738,
GSE33776,0.003343901464130639,-0.02949509457479738,
GSE33782,0.003343901464130639,-0.02949509457479738,
GSE33816,0.003343901464130639,-0.02949509457479738,
GSE34097,0.003343901464130639,-0.02949509457479738,
GSE34329,0.003343901464130639,-0.02949509457479738,
GSE34448,0.003343901464130639,-0.02949509457479738,
GSE34491,0.003343901464130639,-0.02949509457479738,
GSE34736,0.003343901464130639,-0.02949509457479738,
GSE38994,0.003343901464130639,-0.02949509457479738,
GSE34780,0.003343901464130639,-0.02949509457479738,
GSE34914,0.003343901464130639,-0.02949509457479738,
GSE34993,0.003343901464130639,-0.02949509457479738,
GSE34995,0.003343901464130639,-0.02949509457479738,
GSE35126,0.003343901464130639,-0.02949509457479738,
GSE35178,0.003343901464130639,-0.02949509457479738,
GSE35197,0.003343901464130639,-0.02949509457479738,
GSE35296,0.003343901464130639,-0.02949509457479738,
GSE35420,0.003343901464130639,-0.02949509457479738,
GSE35464,0.003343901464130639,-0.02949509457479738,
GSE35468,0.003343901464130639,-0.02949509457479738,
GSE35469,0.003343901464130639,-0.02949509457479738,
GSE34740,0.003343901464130639,-0.02949509457479738,
GSE30573,0.003343901464130639,-0.02949509457479738,
GSE30772,0.003343901464130639,-0.02949509457479738,
GSE30786,0.003343901464130639,-0.02949509457479738,
GSE30995,0.003343901464130639,-0.02949509457479738,
GSE31310,0.003343901464130639,-0.02949509457479738,
GSE31486,0.003343901464130639,-0.02949509457479738,
GSE31528,0.003343901464130639,-0.02949509457479738,
GSE31539,0.003343901464130639,-0.02949509457479738,
GSE31614,0.003343901464130639,-0.02949509457479738,
GSE31653,0.003343901464130639,-0.02949509457479738,
GSE32162,0.003343901464130639,-0.02949509457479738,
GSE33480,0.003343901464130639,-0.02949509457479738,
GSE32307,0.003343901464130639,-0.02949509457479738,
GSE32424,0.003343901464130639,-0.02949509457479738,
GSE32625,0.003343901464130639,-0.02949509457479738,
GSE32689,0.003343901464130639,-0.02949509457479738,
GSE32726,0.003343901464130639,-0.02949509457479738,
GSE32991,0.003343901464130639,-0.02949509457479738,
GSE33013,0.003343901464130639,-0.02949509457479738,
GSE33092,0.003343901464130639,-0.02949509457479738,
GSE33154,0.003343901464130639,-0.02949509457479738,
GSE33281,0.003343901464130639,-0.02949509457479738,
GSE33294,0.003343901464130639,-0.02949509457479738,
GSE33328,0.003343901464130639,-0.02949509457479738,
GSE32213,0.003343901464130639,-0.02949509457479738,
GSE37524,0.003343901464130639,-0.02949509457479738,
GSE37686,0.003343901464130639,-0.02949509457479738,
GSE37703,0.003343901464130639,-0.02949509457479738,
GSE37752,0.003343901464130639,-0.02949509457479738,
GSE37764,0.003343901464130639,-0.02949509457479738,
GSE37918,0.003343901464130639,-0.02949509457479738,
GSE38003,0.003343901464130639,-0.02949509457479738,
GSE38100,0.003343901464130639,-0.02949509457479738,
GSE38201,0.003343901464130639,-0.02949509457479738,
GSE38233,0.003343901464130639,-0.02949509457479738,
GSE38234,0.003343901464130639,-0.02949509457479738,
GSE35584,0.003343901464130639,-0.02949509457479738,
GSE38355,0.003343901464130639,-0.02949509457479738,
GSE38356,0.003343901464130639,-0.02949509457479738,
GSE38393,0.003343901464130639,-0.02949509457479738,
GSE38447,0.003343901464130639,-0.02949509457479738,
GSE38541,0.003343901464130639,-0.02949509457479738,
GSE38676,0.003343901464130639,-0.02949509457479738,
GSE38677,0.003343901464130639,-0.02949509457479738,
GSE38770,0.003343901464130639,-0.02949509457479738,
GSE38790,0.003343901464130639,-0.02949509457479738,
GSE38886,0.003343901464130639,-0.02949509457479738,
GSE38945,0.003343901464130639,-0.02949509457479738,
GSE38993,0.003343901464130639,-0.02949509457479738,
GSE38265,0.003343901464130639,-0.02949509457479738,
GSE35587,0.003343901464130639,-0.02949509457479738,
GSE35704,0.003343901464130639,-0.02949509457479738,
GSE35871,0.003343901464130639,-0.02949509457479738,
GSE36062,0.003343901464130639,-0.02949509457479738,
GSE36070,0.003343901464130639,-0.02949509457479738,
GSE36147,0.003343901464130639,-0.02949509457479738,
GSE36242,0.003343901464130639,-0.02949509457479738,
GSE36266,0.003343901464130639,-0.02949509457479738,
GSE36349,0.003343901464130639,-0.02949509457479738,
GSE36350,0.003343901464130639,-0.02949509457479738,
GSE36552,0.003343901464130639,-0.02949509457479738,
GSE37521,0.003343901464130639,-0.02949509457479738,
GSE36695,0.003343901464130639,-0.02949509457479738,
GSE36710,0.003343901464130639,-0.02949509457479738,
GSE36761,0.003343901464130639,-0.02949509457479738,
GSE36863,0.003343901464130639,-0.02949509457479738,
GSE36952,0.003343901464130639,-0.02949509457479738,
GSE36968,0.003343901464130639,-0.02949509457479738,
GSE37001,0.003343901464130639,-0.02949509457479738,
GSE37002,0.003343901464130639,-0.02949509457479738,
GSE37003,0.003343901464130639,-0.02949509457479738,
GSE37037,0.003343901464130639,-0.02949509457479738,
GSE37061,0.003343901464130639,-0.02949509457479738,
GSE37211,0.003343901464130639,-0.02949509457479738,
GSE36597,0.003343901464130639,-0.02949509457479738,
GSE51261,0.003343901464130639,-0.02949509457479738,
GSE51310,0.003343901464130639,-0.02949509457479738,
GSE51403,0.003343901464130639,-0.02949509457479738,
GSE51415,0.003343901464130639,-0.02949509457479738,
GSE51428,0.003343901464130639,-0.02949509457479738,
GSE51443,0.003343901464130639,-0.02949509457479738,
GSE51518,0.003343901464130639,-0.02949509457479738,
GSE51584,0.003343901464130639,-0.02949509457479738,
GSE51607,0.003343901464130639,-0.02949509457479738,
GSE51633,0.003343901464130639,-0.02949509457479738,
GSE51684,0.003343901464130639,-0.02949509457479738,
GSE44866,0.003343901464130639,-0.02949509457479738,
GSE51975,0.003343901464130639,-0.02949509457479738,
GSE52036,0.003343901464130639,-0.02949509457479738,
GSE52077,0.003343901464130639,-0.02949509457479738,
GSE52082,0.003343901464130639,-0.02949509457479738,
GSE52090,0.003343901464130639,-0.02949509457479738,
GSE52133,0.003343901464130639,-0.02949509457479738,
GSE52148,0.003343901464130639,-0.02949509457479738,
GSE52194,0.003343901464130639,-0.02949509457479738,
GSE52201,0.003343901464130639,-0.02949509457479738,
GSE52202,0.003343901464130639,-0.02949509457479738,
GSE52248,0.003343901464130639,-0.02949509457479738,
GSE52249,0.003343901464130639,-0.02949509457479738,
GSE51924,0.003343901464130639,-0.02949509457479738,
GSE49834,0.003343901464130639,-0.02949509457479738,
GSE49890,0.003343901464130639,-0.02949509457479738,
GSE49994,0.003343901464130639,-0.02949509457479738,
GSE50064,0.003343901464130639,-0.02949509457479738,
GSE50174,0.003343901464130639,-0.02949509457479738,
GSE50177,0.003343901464130639,-0.02949509457479738,
GSE50243,0.003343901464130639,-0.02949509457479738,
GSE50244,0.003343901464130639,-0.02949509457479738,
GSE50491,0.003343901464130639,-0.02949509457479738,
GSE50499,0.003343901464130639,-0.02949509457479738,
GSE50514,0.003343901464130639,-0.02949509457479738,
GSE51254,0.003343901464130639,-0.02949509457479738,
GSE50580,0.003343901464130639,-0.02949509457479738,
GSE50582,0.003343901464130639,-0.02949509457479738,
GSE50599,0.003343901464130639,-0.02949509457479738,
GSE50630,0.003343901464130639,-0.02949509457479738,
GSE50676,0.003343901464130639,-0.02949509457479738,
GSE50721,0.003343901464130639,-0.02949509457479738,
GSE50760,0.003343901464130639,-0.02949509457479738,
GSE50893,0.003343901464130639,-0.02949509457479738,
GSE50958,0.003343901464130639,-0.02949509457479738,
GSE51005,0.003343901464130639,-0.02949509457479738,
GSE51124,0.003343901464130639,-0.02949509457479738,
GSE51217,0.003343901464130639,-0.02949509457479738,
GSE50535,0.003343901464130639,-0.02949509457479738,
GSE52975,0.003343901464130639,-0.02949509457479738,
GSE53024,0.003343901464130639,-0.02949509457479738,
GSE53066,0.003343901464130639,-0.02949509457479738,
GSE53080,0.003343901464130639,-0.02949509457479738,
GSE53094,0.003343901464130639,-0.02949509457479738,
GSE53172,0.003343901464130639,-0.02949509457479738,
GSE53220,0.003343901464130639,-0.02949509457479738,
GSE53239,0.003343901464130639,-0.02949509457479738,
GSE53279,0.003343901464130639,-0.02949509457479738,
GSE53300,0.003343901464130639,-0.02949509457479738,
GSE53327,0.003343901464130639,-0.02949509457479738,
GSE52285,0.003343901464130639,-0.02949509457479738,
GSE53350,0.003343901464130639,-0.02949509457479738,
GSE53356,0.003343901464130639,-0.02949509457479738,
GSE53370,0.003343901464130639,-0.02949509457479738,
GSE53391,0.003343901464130639,-0.02949509457479738,
GSE53419,0.003343901464130639,-0.02949509457479738,
GSE53450,0.003343901464130639,-0.02949509457479738,
GSE53463,0.003343901464130639,-0.02949509457479738,
GSE53470,0.003343901464130639,-0.02949509457479738,
GSE53481,0.003343901464130639,-0.02949509457479738,
GSE53499,0.003343901464130639,-0.02949509457479738,
GSE53532,0.003343901464130639,-0.02949509457479738,
GSE53554,0.003343901464130639,-0.02949509457479738,
GSE53330,0.003343901464130639,-0.02949509457479738,
GSE52367,0.003343901464130639,-0.02949509457479738,
GSE52385,0.003343901464130639,-0.02949509457479738,
GSE52429,0.003343901464130639,-0.02949509457479738,
GSE52431,0.003343901464130639,-0.02949509457479738,
GSE52447,0.003343901464130639,-0.02949509457479738,
GSE52463,0.003343901464130639,-0.02949509457479738,
GSE52490,0.003343901464130639,-0.02949509457479738,
GSE52530,0.003343901464130639,-0.02949509457479738,
GSE52643,0.003343901464130639,-0.02949509457479738,
GSE52656,0.003343901464130639,-0.02949509457479738,
GSE52657,0.003343901464130639,-0.02949509457479738,
GSE52973,0.003343901464130639,-0.02949509457479738,
GSE52666,0.003343901464130639,-0.02949509457479738,
GSE52695,0.003343901464130639,-0.02949509457479738,
GSE52716,0.003343901464130639,-0.02949509457479738,
GSE52734,0.003343901464130639,-0.02949509457479738,
GSE52742,0.003343901464130639,-0.02949509457479738,
GSE52745,0.003343901464130639,-0.02949509457479738,
GSE52778,0.003343901464130639,-0.02949509457479738,
GSE52834,0.003343901464130639,-0.02949509457479738,
GSE52848,0.003343901464130639,-0.02949509457479738,
GSE52912,0.003343901464130639,-0.02949509457479738,
GSE52934,0.003343901464130639,-0.02949509457479738,
GSE52946,0.003343901464130639,-0.02949509457479738,
GSE52665,0.003343901464130639,-0.02949509457479738,
GSE46322,0.003343901464130639,-0.02949509457479738,
GSE46323,0.003343901464130639,-0.02949509457479738,
GSE46486,0.003343901464130639,-0.02949509457479738,
GSE46490,0.003343901464130639,-0.02949509457479738,
GSE46513,0.003343901464130639,-0.02949509457479738,
GSE46514,0.003343901464130639,-0.02949509457479738,
GSE46523,0.003343901464130639,-0.02949509457479738,
GSE46561,0.003343901464130639,-0.02949509457479738,
GSE46562,0.003343901464130639,-0.02949509457479738,
GSE46597,0.003343901464130639,-0.02949509457479738,
GSE46611,0.003343901464130639,-0.02949509457479738,
GSE49833,0.003343901464130639,-0.02949509457479738,
GSE46622,0.003343901464130639,-0.02949509457479738,
GSE46665,0.003343901464130639,-0.02949509457479738,
GSE46718,0.003343901464130639,-0.02949509457479738,
GSE46805,0.003343901464130639,-0.02949509457479738,
GSE46817,0.003343901464130639,-0.02949509457479738,
GSE46831,0.003343901464130639,-0.02949509457479738,
GSE46959,0.003343901464130639,-0.02949509457479738,
GSE46989,0.003343901464130639,-0.02949509457479738,
GSE47042,0.003343901464130639,-0.02949509457479738,
GSE47058,0.003343901464130639,-0.02949509457479738,
GSE47095,0.003343901464130639,-0.02949509457479738,
GSE47114,0.003343901464130639,-0.02949509457479738,
GSE46613,0.003343901464130639,-0.02949509457479738,
GSE44875,0.003343901464130639,-0.02949509457479738,
GSE44953,0.003343901464130639,-0.02949509457479738,
GSE44976,0.003343901464130639,-0.02949509457479738,
GSE45133,0.003343901464130639,-0.02949509457479738,
GSE45162,0.003343901464130639,-0.02949509457479738,
GSE45202,0.003343901464130639,-0.02949509457479738,
GSE45258,0.003343901464130639,-0.02949509457479738,
GSE45326,0.003343901464130639,-0.02949509457479738,
GSE45332,0.003343901464130639,-0.02949509457479738,
GSE45335,0.003343901464130639,-0.02949509457479738,
GSE45419,0.003343901464130639,-0.02949509457479738,
GSE46228,0.003343901464130639,-0.02949509457479738,
GSE45442,0.003343901464130639,-0.02949509457479738,
GSE45510,0.003343901464130639,-0.02949509457479738,
GSE45669,0.003343901464130639,-0.02949509457479738,
GSE45732,0.003343901464130639,-0.02949509457479738,
GSE45785,0.003343901464130639,-0.02949509457479738,
GSE45822,0.003343901464130639,-0.02949509457479738,
GSE45883,0.003343901464130639,-0.02949509457479738,
GSE45910,0.003343901464130639,-0.02949509457479738,
GSE46030,0.003343901464130639,-0.02949509457479738,
GSE46044,0.003343901464130639,-0.02949509457479738,
GSE46217,0.003343901464130639,-0.02949509457479738,
GSE46224,0.003343901464130639,-0.02949509457479738,
GSE45428,0.003343901464130639,-0.02949509457479738,
GSE48423,0.003343901464130639,-0.02949509457479738,
GSE48599,0.003343901464130639,-0.02949509457479738,
GSE48603,0.003343901464130639,-0.02949509457479738,
GSE48678,0.003343901464130639,-0.02949509457479738,
GSE48785,0.003343901464130639,-0.02949509457479738,
GSE48812,0.003343901464130639,-0.02949509457479738,
GSE48843,0.003343901464130639,-0.02949509457479738,
GSE48850,0.003343901464130639,-0.02949509457479738,
GSE48889,0.003343901464130639,-0.02949509457479738,
GSE48918,0.003343901464130639,-0.02949509457479738,
GSE48933,0.003343901464130639,-0.02949509457479738,
GSE47117,0.003343901464130639,-0.02949509457479738,
GSE49110,0.003343901464130639,-0.02949509457479738,
GSE49133,0.003343901464130639,-0.02949509457479738,
GSE49155,0.003343901464130639,-0.02949509457479738,
GSE49159,0.003343901464130639,-0.02949509457479738,
GSE49247,0.003343901464130639,-0.02949509457479738,
GSE49295,0.003343901464130639,-0.02949509457479738,
GSE49339,0.003343901464130639,-0.02949509457479738,
GSE49601,0.003343901464130639,-0.02949509457479738,
GSE49608,0.003343901464130639,-0.02949509457479738,
GSE49642,0.003343901464130639,-0.02949509457479738,
GSE49712,0.003343901464130639,-0.02949509457479738,
GSE49831,0.003343901464130639,-0.02949509457479738,
GSE48953,0.003343901464130639,-0.02949509457479738,
GSE47157,0.003343901464130639,-0.02949509457479738,
GSE47226,0.003343901464130639,-0.02949509457479738,
GSE47399,0.003343901464130639,-0.02949509457479738,
GSE47428,0.003343901464130639,-0.02949509457479738,
GSE47462,0.003343901464130639,-0.02949509457479738,
GSE47488,0.003343901464130639,-0.02949509457479738,
GSE47636,0.003343901464130639,-0.02949509457479738,
GSE47702,0.003343901464130639,-0.02949509457479738,
GSE47718,0.003343901464130639,-0.02949509457479738,
GSE47805,0.003343901464130639,-0.02949509457479738,
GSE47806,0.003343901464130639,-0.02949509457479738,
GSE48403,0.003343901464130639,-0.02949509457479738,
GSE47944,0.003343901464130639,-0.02949509457479738,
GSE47997,0.003343901464130639,-0.02949509457479738,
GSE48032,0.003343901464130639,-0.02949509457479738,
GSE48034,0.003343901464130639,-0.02949509457479738,
GSE48035,0.003343901464130639,-0.02949509457479738,
GSE48159,0.003343901464130639,-0.02949509457479738,
GSE48166,0.003343901464130639,-0.02949509457479738,
GSE48213,0.003343901464130639,-0.02949509457479738,
GSE48230,0.003343901464130639,-0.02949509457479738,
GSE48240,0.003343901464130639,-0.02949509457479738,
GSE48263,0.003343901464130639,-0.02949509457479738,
GSE48286,0.003343901464130639,-0.02949509457479738,
GSE47933,0.003343901464130639,-0.02949509457479738,
GSE102902,0.003343901464130639,-0.02949509457479738,
GSE102923,0.003343901464130639,-0.02949509457479738,
GSE102943,0.003343901464130639,-0.02949509457479738,
GSE103001,0.003343901464130639,-0.02949509457479738,
GSE103016,0.003343901464130639,-0.02949509457479738,
GSE103021,0.003343901464130639,-0.02949509457479738,
GSE103029,0.003343901464130639,-0.02949509457479738,
GSE103071,0.003343901464130639,-0.02949509457479738,
GSE103122,0.003343901464130639,-0.02949509457479738,
GSE103152,0.003343901464130639,-0.02949509457479738,
GSE103175,0.003343901464130639,-0.02949509457479738,
GSE30567,0.003343901464130639,-0.02949509457479738,
GSE103252,0.003343901464130639,-0.02949509457479738,
GSE103270,0.003343901464130639,-0.02949509457479738,
GSE103299,0.003343901464130639,-0.02949509457479738,
GSE103307,0.003343901464130639,-0.02949509457479738,
GSE103405,0.003343901464130639,-0.02949509457479738,
GSE103449,0.003343901464130639,-0.02949509457479738,
GSE103461,0.003343901464130639,-0.02949509457479738,
GSE103559,0.003343901464130639,-0.02949509457479738,
GSE103567,0.003343901464130639,-0.02949509457479738,
GSE103630,0.003343901464130639,-0.02949509457479738,
GSE103650,0.003343901464130639,-0.02949509457479738,
GSE103242,0.003343901464130639,-0.02949509457479738,
GSE102392,0.003343901464130639,-0.02949509457479738,
GSE102460,0.003343901464130639,-0.02949509457479738,
GSE102467,0.003343901464130639,-0.02949509457479738,
GSE102476,0.003343901464130639,-0.02949509457479738,
GSE102492,0.003343901464130639,-0.02949509457479738,
GSE102560,0.003343901464130639,-0.02949509457479738,
GSE102616,0.003343901464130639,-0.02949509457479738,
GSE102628,0.003343901464130639,-0.02949509457479738,
GSE102639,0.003343901464130639,-0.02949509457479738,
GSE102652,0.003343901464130639,-0.02949509457479738,
GSE102676,0.003343901464130639,-0.02949509457479738,
GSE102893,0.003343901464130639,-0.02949509457479738,
GSE102718,0.003343901464130639,-0.02949509457479738,
GSE102728,0.003343901464130639,-0.02949509457479738,
GSE102737,0.003343901464130639,-0.02949509457479738,
GSE102741,0.003343901464130639,-0.02949509457479738,
GSE102762,0.003343901464130639,-0.02949509457479738,
GSE102796,0.003343901464130639,-0.02949509457479738,
GSE102798,0.003343901464130639,-0.02949509457479738,
GSE102812,0.003343901464130639,-0.02949509457479738,
GSE102838,0.003343901464130639,-0.02949509457479738,
GSE102864,0.003343901464130639,-0.02949509457479738,
GSE102870,0.003343901464130639,-0.02949509457479738,
GSE102875,0.003343901464130639,-0.02949509457479738,
GSE102702,0.003343901464130639,-0.02949509457479738,
GSE104522,0.003343901464130639,-0.02949509457479738,
GSE104527,0.003343901464130639,-0.02949509457479738,
GSE104537,0.003343901464130639,-0.02949509457479738,
GSE104552,0.003343901464130639,-0.02949509457479738,
GSE104583,0.003343901464130639,-0.02949509457479738,
GSE104589,0.003343901464130639,-0.02949509457479738,
GSE104600,0.003343901464130639,-0.02949509457479738,
GSE104674,0.003343901464130639,-0.02949509457479738,
GSE104690,0.003343901464130639,-0.02949509457479738,
GSE104704,0.003343901464130639,-0.02949509457479738,
GSE104714,0.003343901464130639,-0.02949509457479738,
GSE103658,0.003343901464130639,-0.02949509457479738,
GSE104766,0.003343901464130639,-0.02949509457479738,
GSE104784,0.003343901464130639,-0.02949509457479738,
GSE104827,0.003343901464130639,-0.02949509457479738,
GSE104836,0.003343901464130639,-0.02949509457479738,
GSE104854,0.003343901464130639,-0.02949509457479738,
GSE104873,0.003343901464130639,-0.02949509457479738,
GSE104969,0.003343901464130639,-0.02949509457479738,
GSE105019,0.003343901464130639,-0.02949509457479738,
GSE105039,0.003343901464130639,-0.02949509457479738,
GSE105083,0.003343901464130639,-0.02949509457479738,
GSE105137,0.003343901464130639,-0.02949509457479738,
GSE105142,0.003343901464130639,-0.02949509457479738,
GSE104736,0.003343901464130639,-0.02949509457479738,
GSE103687,0.003343901464130639,-0.02949509457479738,
GSE103688,0.003343901464130639,-0.02949509457479738,
GSE103711,0.003343901464130639,-0.02949509457479738,
GSE103715,0.003343901464130639,-0.02949509457479738,
GSE103719,0.003343901464130639,-0.02949509457479738,
GSE103790,0.003343901464130639,-0.02949509457479738,
GSE103826,0.003343901464130639,-0.02949509457479738,
GSE103837,0.003343901464130639,-0.02949509457479738,
GSE103844,0.003343901464130639,-0.02949509457479738,
GSE103850,0.003343901464130639,-0.02949509457479738,
GSE103868,0.003343901464130639,-0.02949509457479738,
GSE104465,0.003343901464130639,-0.02949509457479738,
GSE103930,0.003343901464130639,-0.02949509457479738,
GSE103934,0.003343901464130639,-0.02949509457479738,
GSE104001,0.003343901464130639,-0.02949509457479738,
GSE104018,0.003343901464130639,-0.02949509457479738,
GSE104149,0.003343901464130639,-0.02949509457479738,
GSE104177,0.003343901464130639,-0.02949509457479738,
GSE104193,0.003343901464130639,-0.02949509457479738,
GSE104227,0.003343901464130639,-0.02949509457479738,
GSE104280,0.003343901464130639,-0.02949509457479738,
GSE104282,0.003343901464130639,-0.02949509457479738,
GSE104310,0.003343901464130639,-0.02949509457479738,
GSE104348,0.003343901464130639,-0.02949509457479738,
GSE103907,0.003343901464130639,-0.02949509457479738,
GSE99321,0.003343901464130639,-0.02949509457479738,
GSE99349,0.003343901464130639,-0.02949509457479738,
GSE99356,0.003343901464130639,-0.02949509457479738,
GSE99381,0.003343901464130639,-0.02949509457479738,
GSE99385,0.003343901464130639,-0.02949509457479738,
GSE99389,0.003343901464130639,-0.02949509457479738,
GSE99392,0.003343901464130639,-0.02949509457479738,
GSE99400,0.003343901464130639,-0.02949509457479738,
GSE100027,0.003343901464130639,-0.02949509457479738,
GSE100751,0.003343901464130639,-0.02949509457479738,
GSE100791,0.003343901464130639,-0.02949509457479738,
GSE102349,0.003343901464130639,-0.02949509457479738,
GSE100862,0.003343901464130639,-0.02949509457479738,
GSE100891,0.003343901464130639,-0.02949509457479738,
GSE100925,0.003343901464130639,-0.02949509457479738,
GSE100982,0.003343901464130639,-0.02949509457479738,
GSE101157,0.003343901464130639,-0.02949509457479738,
GSE101167,0.003343901464130639,-0.02949509457479738,
GSE101168,0.003343901464130639,-0.02949509457479738,
GSE101209,0.003343901464130639,-0.02949509457479738,
GSE101232,0.003343901464130639,-0.02949509457479738,
GSE101234,0.003343901464130639,-0.02949509457479738,
GSE101343,0.003343901464130639,-0.02949509457479738,
GSE101396,0.003343901464130639,-0.02949509457479738,
GSE100813,0.003343901464130639,-0.02949509457479738,
GSE99626,0.003343901464130639,-0.02949509457479738,
GSE99407,0.003343901464130639,-0.02949509457479738,
GSE100223,0.003343901464130639,-0.02949509457479738,
GSE98884,0.003343901464130639,-0.02949509457479738,
GSE98894,0.003343901464130639,-0.02949509457479738,
GSE98898,0.003343901464130639,-0.02949509457479738,
GSE98976,0.003343901464130639,-0.02949509457479738,
GSE99015,0.003343901464130639,-0.02949509457479738,
GSE99028,0.003343901464130639,-0.02949509457479738,
GSE99059,0.003343901464130639,-0.02949509457479738,
GSE99060,0.003343901464130639,-0.02949509457479738,
GSE99317,0.003343901464130639,-0.02949509457479738,
GSE99065,0.003343901464130639,-0.02949509457479738,
GSE99088,0.003343901464130639,-0.02949509457479738,
GSE99095,0.003343901464130639,-0.02949509457479738,
GSE99149,0.003343901464130639,-0.02949509457479738,
GSE99180,0.003343901464130639,-0.02949509457479738,
GSE99202,0.003343901464130639,-0.02949509457479738,
GSE99209,0.003343901464130639,-0.02949509457479738,
GSE99215,0.003343901464130639,-0.02949509457479738,
GSE99246,0.003343901464130639,-0.02949509457479738,
GSE99293,0.003343901464130639,-0.02949509457479738,
GSE99298,0.003343901464130639,-0.02949509457479738,
GSE99313,0.003343901464130639,-0.02949509457479738,
GSE99062,0.003343901464130639,-0.02949509457479738,
GSE101923,0.003343901464130639,-0.02949509457479738,
GSE101927,0.003343901464130639,-0.02949509457479738,
GSE101966,0.003343901464130639,-0.02949509457479738,
GSE101968,0.003343901464130639,-0.02949509457479738,
GSE101972,0.003343901464130639,-0.02949509457479738,
GSE101974,0.003343901464130639,-0.02949509457479738,
GSE102000,0.003343901464130639,-0.02949509457479738,
GSE102004,0.003343901464130639,-0.02949509457479738,
GSE102025,0.003343901464130639,-0.02949509457479738,
GSE102033,0.003343901464130639,-0.02949509457479738,
GSE102040,0.003343901464130639,-0.02949509457479738,
GSE101419,0.003343901464130639,-0.02949509457479738,
GSE102097,0.003343901464130639,-0.02949509457479738,
GSE102101,0.003343901464130639,-0.02949509457479738,
GSE102138,0.003343901464130639,-0.02949509457479738,
GSE102170,0.003343901464130639,-0.02949509457479738,
GSE102183,0.003343901464130639,-0.02949509457479738,
GSE102185,0.003343901464130639,-0.02949509457479738,
GSE102188,0.003343901464130639,-0.02949509457479738,
GSE102215,0.003343901464130639,-0.02949509457479738,
GSE102244,0.003343901464130639,-0.02949509457479738,
GSE102246,0.003343901464130639,-0.02949509457479738,
GSE102283,0.003343901464130639,-0.02949509457479738,
GSE102305,0.003343901464130639,-0.02949509457479738,
GSE102073,0.003343901464130639,-0.02949509457479738,
GSE101451,0.003343901464130639,-0.02949509457479738,
GSE101480,0.003343901464130639,-0.02949509457479738,
GSE101497,0.003343901464130639,-0.02949509457479738,
GSE101518,0.003343901464130639,-0.02949509457479738,
GSE101519,0.003343901464130639,-0.02949509457479738,
GSE101526,0.003343901464130639,-0.02949509457479738,
GSE101528,0.003343901464130639,-0.02949509457479738,
GSE101547,0.003343901464130639,-0.02949509457479738,
GSE101558,0.003343901464130639,-0.02949509457479738,
GSE101565,0.003343901464130639,-0.02949509457479738,
GSE101628,0.003343901464130639,-0.02949509457479738,
GSE101871,0.003343901464130639,-0.02949509457479738,
GSE101638,0.003343901464130639,-0.02949509457479738,
GSE101655,0.003343901464130639,-0.02949509457479738,
GSE101661,0.003343901464130639,-0.02949509457479738,
GSE101665,0.003343901464130639,-0.02949509457479738,
GSE101668,0.003343901464130639,-0.02949509457479738,
GSE101691,0.003343901464130639,-0.02949509457479738,
GSE101708,0.003343901464130639,-0.02949509457479738,
GSE101738,0.003343901464130639,-0.02949509457479738,
GSE101754,0.003343901464130639,-0.02949509457479738,
GSE101756,0.003343901464130639,-0.02949509457479738,
GSE101770,0.003343901464130639,-0.02949509457479738,
GSE101799,0.003343901464130639,-0.02949509457479738,
GSE101629,0.003343901464130639,-0.02949509457479738,
GSE122953,0.003343901464130639,-0.02949509457479738,
GSE123029,0.003343901464130639,-0.02949509457479738,
GSE123649,0.003343901464130639,-0.02949509457479738,
GSE124586,0.003343901464130639,-0.02949509457479738,
GSE125506,0.003343901464130639,-0.02949509457479738,
GSE125522,0.003343901464130639,-0.02949509457479738,
GSE125577,0.003343901464130639,-0.02949509457479738,
GSE125629,0.003343901464130639,-0.02949509457479738,
GSE125642,0.003343901464130639,-0.02949509457479738,
GSE125778,0.003343901464130639,-0.02949509457479738,
GSE125802,0.003343901464130639,-0.02949509457479738,
GSE105216,0.003343901464130639,-0.02949509457479738,
GSE125892,0.003343901464130639,-0.02949509457479738,
GSE125966,0.003343901464130639,-0.02949509457479738,
GSE126007,0.003343901464130639,-0.02949509457479738,
GSE126250,0.003343901464130639,-0.02949509457479738,
GSE15780,0.003343901464130639,-0.02949509457479738,
GSE16642,0.003343901464130639,-0.02949509457479738,
GSE16921,0.003343901464130639,-0.02949509457479738,
GSE17403,0.003343901464130639,-0.02949509457479738,
GSE18156,0.003343901464130639,-0.02949509457479738,
GSE19166,0.003343901464130639,-0.02949509457479738,
GSE19323,0.003343901464130639,-0.02949509457479738,
GSE19373,0.003343901464130639,-0.02949509457479738,
GSE125862,0.003343901464130639,-0.02949509457479738,
GSE114976,0.003343901464130639,-0.02949509457479738,
GSE115390,0.003343901464130639,-0.02949509457479738,
GSE115575,0.003343901464130639,-0.02949509457479738,
GSE115650,0.003343901464130639,-0.02949509457479738,
GSE115770,0.003343901464130639,-0.02949509457479738,
GSE115795,0.003343901464130639,-0.02949509457479738,
GSE115831,0.003343901464130639,-0.02949509457479738,
GSE115938,0.003343901464130639,-0.02949509457479738,
GSE116346,0.003343901464130639,-0.02949509457479738,
GSE117123,0.003343901464130639,-0.02949509457479738,
GSE117588,0.003343901464130639,-0.02949509457479738,
GSE122818,0.003343901464130639,-0.02949509457479738,
GSE117632,0.003343901464130639,-0.02949509457479738,
GSE118158,0.003343901464130639,-0.02949509457479738,
GSE118808,0.003343901464130639,-0.02949509457479738,
GSE119587,0.003343901464130639,-0.02949509457479738,
GSE119669,0.003343901464130639,-0.02949509457479738,
GSE119794,0.003343901464130639,-0.02949509457479738,
GSE120297,0.003343901464130639,-0.02949509457479738,
GSE120306,0.003343901464130639,-0.02949509457479738,
GSE121425,0.003343901464130639,-0.02949509457479738,
GSE122093,0.003343901464130639,-0.02949509457479738,
GSE122383,0.003343901464130639,-0.02949509457479738,
GSE122550,0.003343901464130639,-0.02949509457479738,
GSE117622,0.003343901464130639,-0.02949509457479738,
GSE27315,0.003343901464130639,-0.02949509457479738,
GSE27823,0.003343901464130639,-0.02949509457479738,
GSE28040,0.003343901464130639,-0.02949509457479738,
GSE28115,0.003343901464130639,-0.02949509457479738,
GSE28859,0.003343901464130639,-0.02949509457479738,
GSE28864,0.003343901464130639,-0.02949509457479738,
GSE28866,0.003343901464130639,-0.02949509457479738,
GSE29006,0.003343901464130639,-0.02949509457479738,
GSE29038,0.003343901464130639,-0.02949509457479738,
GSE29040,0.003343901464130639,-0.02949509457479738,
GSE29098,0.003343901464130639,-0.02949509457479738,
GSE19466,0.003343901464130639,-0.02949509457479738,
GSE29155,0.003343901464130639,-0.02949509457479738,
GSE29158,0.003343901464130639,-0.02949509457479738,
GSE29160,0.003343901464130639,-0.02949509457479738,
GSE29282,0.003343901464130639,-0.02949509457479738,
GSE29580,0.003343901464130639,-0.02949509457479738,
GSE29660,0.003343901464130639,-0.02949509457479738,
GSE29943,0.003343901464130639,-0.02949509457479738,
GSE29968,0.003343901464130639,-0.02949509457479738,
GSE30222,0.003343901464130639,-0.02949509457479738,
GSE30290,0.003343901464130639,-0.02949509457479738,
GSE30554,0.003343901464130639,-0.02949509457479738,
GSE30557,0.003343901464130639,-0.02949509457479738,
GSE29119,0.003343901464130639,-0.02949509457479738,
GSE19480,0.003343901464130639,-0.02949509457479738,
GSE19481,0.003343901464130639,-0.02949509457479738,
GSE20116,0.003343901464130639,-0.02949509457479738,
GSE20301,0.003343901464130639,-0.02949509457479738,
GSE21918,0.003343901464130639,-0.02949509457479738,
GSE22260,0.003343901464130639,-0.02949509457479738,
GSE22666,0.003343901464130639,-0.02949509457479738,
GSE22917,0.003343901464130639,-0.02949509457479738,
GSE22932,0.003343901464130639,-0.02949509457479738,
GSE23109,0.003343901464130639,-0.02949509457479738,
GSE24283,0.003343901464130639,-0.02949509457479738,
GSE26880,0.003343901464130639,-0.02949509457479738,
GSE24455,0.003343901464130639,-0.02949509457479738,
GSE24491,0.003343901464130639,-0.02949509457479738,
GSE25133,0.003343901464130639,-0.02949509457479738,
GSE25183,0.003343901464130639,-0.02949509457479738,
GSE25291,0.003343901464130639,-0.02949509457479738,
GSE25842,0.003343901464130639,-0.02949509457479738,
GSE25882,0.003343901464130639,-0.02949509457479738,
GSE25932,0.003343901464130639,-0.02949509457479738,
GSE26140,0.003343901464130639,-0.02949509457479738,
GSE26463,0.003343901464130639,-0.02949509457479738,
GSE26501,0.003343901464130639,-0.02949509457479738,
GSE26811,0.003343901464130639,-0.02949509457479738,
GSE24355,0.003343901464130639,-0.02949509457479738,
GSE106989,0.003343901464130639,-0.02949509457479738,
GSE107006,0.003343901464130639,-0.02949509457479738,
GSE107030,0.003343901464130639,-0.02949509457479738,
GSE107149,0.003343901464130639,-0.02949509457479738,
GSE107173,0.003343901464130639,-0.02949509457479738,
GSE107181,0.003343901464130639,-0.02949509457479738,
GSE107196,0.003343901464130639,-0.02949509457479738,
GSE107245,0.003343901464130639,-0.02949509457479738,
GSE107307,0.003343901464130639,-0.02949509457479738,
GSE107363,0.003343901464130639,-0.02949509457479738,
GSE107542,0.003343901464130639,-0.02949509457479738,
GSE114885,0.003343901464130639,-0.02949509457479738,
GSE107590,0.003343901464130639,-0.02949509457479738,
GSE107601,0.003343901464130639,-0.02949509457479738,
GSE107649,0.003343901464130639,-0.02949509457479738,
GSE107654,0.003343901464130639,-0.02949509457479738,
GSE107680,0.003343901464130639,-0.02949509457479738,
GSE107735,0.003343901464130639,-0.02949509457479738,
GSE107746,0.003343901464130639,-0.02949509457479738,
GSE107762,0.003343901464130639,-0.02949509457479738,
GSE107821,0.003343901464130639,-0.02949509457479738,
GSE107848,0.003343901464130639,-0.02949509457479738,
GSE107871,0.003343901464130639,-0.02949509457479738,
GSE107894,0.003343901464130639,-0.02949509457479738,
GSE107581,0.003343901464130639,-0.02949509457479738,
GSE105248,0.003343901464130639,-0.02949509457479738,
GSE105783,0.003343901464130639,-0.02949509457479738,
GSE106092,0.003343901464130639,-0.02949509457479738,
GSE106148,0.003343901464130639,-0.02949509457479738,
GSE106261,0.003343901464130639,-0.02949509457479738,
GSE106289,0.003343901464130639,-0.02949509457479738,
GSE106292,0.003343901464130639,-0.02949509457479738,
GSE106336,0.003343901464130639,-0.02949509457479738,
GSE106338,0.003343901464130639,-0.02949509457479738,
GSE106387,0.003343901464130639,-0.02949509457479738,
GSE106391,0.003343901464130639,-0.02949509457479738,
GSE106984,0.003343901464130639,-0.02949509457479738,
GSE106394,0.003343901464130639,-0.02949509457479738,
GSE106520,0.003343901464130639,-0.02949509457479738,
GSE106545,0.003343901464130639,-0.02949509457479738,
GSE106605,0.003343901464130639,-0.02949509457479738,
GSE106681,0.003343901464130639,-0.02949509457479738,
GSE106688,0.003343901464130639,-0.02949509457479738,
GSE106694,0.003343901464130639,-0.02949509457479738,
GSE106696,0.003343901464130639,-0.02949509457479738,
GSE106804,0.003343901464130639,-0.02949509457479738,
GSE106844,0.003343901464130639,-0.02949509457479738,
GSE106847,0.003343901464130639,-0.02949509457479738,
GSE106917,0.003343901464130639,-0.02949509457479738,
GSE106393,0.003343901464130639,-0.02949509457479738,
GSE109313,0.003343901464130639,-0.02949509457479738,
GSE109373,0.003343901464130639,-0.02949509457479738,
GSE109419,0.003343901464130639,-0.02949509457479738,
GSE109463,0.003343901464130639,-0.02949509457479738,
GSE109483,0.003343901464130639,-0.02949509457479738,
GSE109484,0.003343901464130639,-0.02949509457479738,
GSE109620,0.003343901464130639,-0.02949509457479738,
GSE109673,0.003343901464130639,-0.02949509457479738,
GSE109686,0.003343901464130639,-0.02949509457479738,
GSE109702,0.003343901464130639,-0.02949509457479738,
GSE109708,0.003343901464130639,-0.02949509457479738,
GSE107898,0.003343901464130639,-0.02949509457479738,
GSE110278,0.003343901464130639,-0.02949509457479738,
GSE110999,0.003343901464130639,-0.02949509457479738,
GSE111049,0.003343901464130639,-0.02949509457479738,
GSE111203,0.003343901464130639,-0.02949509457479738,
GSE111520,0.003343901464130639,-0.02949509457479738,
GSE112295,0.003343901464130639,-0.02949509457479738,
GSE112557,0.003343901464130639,-0.02949509457479738,
GSE113215,0.003343901464130639,-0.02949509457479738,
GSE113386,0.003343901464130639,-0.02949509457479738,
GSE113695,0.003343901464130639,-0.02949509457479738,
GSE113907,0.003343901464130639,-0.02949509457479738,
GSE114069,0.003343901464130639,-0.02949509457479738,
GSE109795,0.003343901464130639,-0.02949509457479738,
GSE107923,0.003343901464130639,-0.02949509457479738,
GSE108003,0.003343901464130639,-0.02949509457479738,
GSE108013,0.003343901464130639,-0.02949509457479738,
GSE108023,0.003343901464130639,-0.02949509457479738,
GSE108072,0.003343901464130639,-0.02949509457479738,
GSE108094,0.003343901464130639,-0.02949509457479738,
GSE108111,0.003343901464130639,-0.02949509457479738,
GSE108140,0.003343901464130639,-0.02949509457479738,
GSE108308,0.003343901464130639,-0.02949509457479738,
GSE108313,0.003343901464130639,-0.02949509457479738,
GSE108391,0.003343901464130639,-0.02949509457479738,
GSE109185,0.003343901464130639,-0.02949509457479738,
GSE108526,0.003343901464130639,-0.02949509457479738,
GSE108643,0.003343901464130639,-0.02949509457479738,
GSE108763,0.003343901464130639,-0.02949509457479738,
GSE108883,0.003343901464130639,-0.02949509457479738,
GSE108905,0.003343901464130639,-0.02949509457479738,
GSE108923,0.003343901464130639,-0.02949509457479738,
GSE108971,0.003343901464130639,-0.02949509457479738,
GSE109028,0.003343901464130639,-0.02949509457479738,
GSE109072,0.003343901464130639,-0.02949509457479738,
GSE109108,0.003343901464130639,-0.02949509457479738,
GSE109140,0.003343901464130639,-0.02949509457479738,
GSE109142,0.003343901464130639,-0.02949509457479738,
GSE108495,0.003343901464130639,-0.02949509457479738,
GSE66876,0.003343901464130639,-0.02949509457479738,
GSE66879,0.003343901464130639,-0.02949509457479738,
GSE66895,0.003343901464130639,-0.02949509457479738,
GSE66917,0.003343901464130639,-0.02949509457479738,
GSE66927,0.003343901464130639,-0.02949509457479738,
GSE66928,0.003343901464130639,-0.02949509457479738,
GSE66962,0.003343901464130639,-0.02949509457479738,
GSE66993,0.003343901464130639,-0.02949509457479738,
GSE67041,0.003343901464130639,-0.02949509457479738,
GSE67070,0.003343901464130639,-0.02949509457479738,
GSE67073,0.003343901464130639,-0.02949509457479738,
GSE53567,0.003343901464130639,-0.02949509457479738,
GSE67122,0.003343901464130639,-0.02949509457479738,
GSE67124,0.003343901464130639,-0.02949509457479738,
GSE67128,0.003343901464130639,-0.02949509457479738,
GSE67141,0.003343901464130639,-0.02949509457479738,
GSE67174,0.003343901464130639,-0.02949509457479738,
GSE67196,0.003343901464130639,-0.02949509457479738,
GSE67237,0.003343901464130639,-0.02949509457479738,
GSE67240,0.003343901464130639,-0.02949509457479738,
GSE67250,0.003343901464130639,-0.02949509457479738,
GSE67295,0.003343901464130639,-0.02949509457479738,
GSE67333,0.003343901464130639,-0.02949509457479738,
GSE67109,0.003343901464130639,-0.02949509457479738,
GSE66446,0.003343901464130639,-0.02949509457479738,
GSE66478,0.003343901464130639,-0.02949509457479738,
GSE66506,0.003343901464130639,-0.02949509457479738,
GSE66507,0.003343901464130639,-0.02949509457479738,
GSE66511,0.003343901464130639,-0.02949509457479738,
GSE66539,0.003343901464130639,-0.02949509457479738,
GSE66550,0.003343901464130639,-0.02949509457479738,
GSE66553,0.003343901464130639,-0.02949509457479738,
GSE66556,0.003343901464130639,-0.02949509457479738,
GSE66573,0.003343901464130639,-0.02949509457479738,
GSE66590,0.003343901464130639,-0.02949509457479738,
GSE66859,0.003343901464130639,-0.02949509457479738,
GSE66593,0.003343901464130639,-0.02949509457479738,
GSE66627,0.003343901464130639,-0.02949509457479738,
GSE66719,0.003343901464130639,-0.02949509457479738,
GSE66727,0.003343901464130639,-0.02949509457479738,
GSE66741,0.003343901464130639,-0.02949509457479738,
GSE66742,0.003343901464130639,-0.02949509457479738,
GSE66755,0.003343901464130639,-0.02949509457479738,
GSE66769,0.003343901464130639,-0.02949509457479738,
GSE66777,0.003343901464130639,-0.02949509457479738,
GSE66789,0.003343901464130639,-0.02949509457479738,
GSE66798,0.003343901464130639,-0.02949509457479738,
GSE66809,0.003343901464130639,-0.02949509457479738,
GSE66592,0.003343901464130639,-0.02949509457479738,
GSE68102,0.003343901464130639,-0.02949509457479738,
GSE68108,0.003343901464130639,-0.02949509457479738,
GSE68109,0.003343901464130639,-0.02949509457479738,
GSE68180,0.003343901464130639,-0.02949509457479738,
GSE68219,0.003343901464130639,-0.02949509457479738,
GSE68221,0.003343901464130639,-0.02949509457479738,
GSE68228,0.003343901464130639,-0.02949509457479738,
GSE68229,0.003343901464130639,-0.02949509457479738,
GSE68230,0.003343901464130639,-0.02949509457479738,
GSE68248,0.003343901464130639,-0.02949509457479738,
GSE68279,0.003343901464130639,-0.02949509457479738,
GSE67382,0.003343901464130639,-0.02949509457479738,
GSE68323,0.003343901464130639,-0.02949509457479738,
GSE68327,0.003343901464130639,-0.02949509457479738,
GSE68341,0.003343901464130639,-0.02949509457479738,
GSE68358,0.003343901464130639,-0.02949509457479738,
GSE68378,0.003343901464130639,-0.02949509457479738,
GSE68395,0.003343901464130639,-0.02949509457479738,
GSE68401,0.003343901464130639,-0.02949509457479738,
GSE68482,0.003343901464130639,-0.02949509457479738,
GSE68538,0.003343901464130639,-0.02949509457479738,
GSE68611,0.003343901464130639,-0.02949509457479738,
GSE68631,0.003343901464130639,-0.02949509457479738,
GSE68645,0.003343901464130639,-0.02949509457479738,
GSE68297,0.003343901464130639,-0.02949509457479738,
GSE67447,0.003343901464130639,-0.02949509457479738,
GSE67519,0.003343901464130639,-0.02949509457479738,
GSE67528,0.003343901464130639,-0.02949509457479738,
GSE67540,0.003343901464130639,-0.02949509457479738,
GSE67543,0.003343901464130639,-0.02949509457479738,
GSE67617,0.003343901464130639,-0.02949509457479738,
GSE67645,0.003343901464130639,-0.02949509457479738,
GSE67713,0.003343901464130639,-0.02949509457479738,
GSE67770,0.003343901464130639,-0.02949509457479738,
GSE67785,0.003343901464130639,-0.02949509457479738,
GSE67812,0.003343901464130639,-0.02949509457479738,
GSE68042,0.003343901464130639,-0.02949509457479738,
GSE67866,0.003343901464130639,-0.02949509457479738,
GSE67892,0.003343901464130639,-0.02949509457479738,
GSE67898,0.003343901464130639,-0.02949509457479738,
GSE67902,0.003343901464130639,-0.02949509457479738,
GSE67915,0.003343901464130639,-0.02949509457479738,
GSE67931,0.003343901464130639,-0.02949509457479738,
GSE67945,0.003343901464130639,-0.02949509457479738,
GSE67994,0.003343901464130639,-0.02949509457479738,
GSE68005,0.003343901464130639,-0.02949509457479738,
GSE68027,0.003343901464130639,-0.02949509457479738,
GSE68039,0.003343901464130639,-0.02949509457479738,
GSE68040,0.003343901464130639,-0.02949509457479738,
GSE67844,0.003343901464130639,-0.02949509457479738,
GSE64741,0.003343901464130639,-0.02949509457479738,
GSE64752,0.003343901464130639,-0.02949509457479738,
GSE64795,0.003343901464130639,-0.02949509457479738,
GSE64801,0.003343901464130639,-0.02949509457479738,
GSE64810,0.003343901464130639,-0.02949509457479738,
GSE64850,0.003343901464130639,-0.02949509457479738,
GSE64854,0.003343901464130639,-0.02949509457479738,
GSE64882,0.003343901464130639,-0.02949509457479738,
GSE64912,0.003343901464130639,-0.02949509457479738,
GSE64962,0.003343901464130639,-0.02949509457479738,
GSE65030,0.003343901464130639,-0.02949509457479738,
GSE66430,0.003343901464130639,-0.02949509457479738,
GSE65099,0.003343901464130639,-0.02949509457479738,
GSE65105,0.003343901464130639,-0.02949509457479738,
GSE65107,0.003343901464130639,-0.02949509457479738,
GSE65112,0.003343901464130639,-0.02949509457479738,
GSE65131,0.003343901464130639,-0.02949509457479738,
GSE65185,0.003343901464130639,-0.02949509457479738,
GSE65193,0.003343901464130639,-0.02949509457479738,
GSE65235,0.003343901464130639,-0.02949509457479738,
GSE65335,0.003343901464130639,-0.02949509457479738,
GSE65420,0.003343901464130639,-0.02949509457479738,
GSE65446,0.003343901464130639,-0.02949509457479738,
GSE65469,0.003343901464130639,-0.02949509457479738,
GSE65039,0.003343901464130639,-0.02949509457479738,
GSE64098,0.003343901464130639,-0.02949509457479738,
GSE64113,0.003343901464130639,-0.02949509457479738,
GSE64185,0.003343901464130639,-0.02949509457479738,
GSE64233,0.003343901464130639,-0.02949509457479738,
GSE64283,0.003343901464130639,-0.02949509457479738,
GSE64317,0.003343901464130639,-0.02949509457479738,
GSE64332,0.003343901464130639,-0.02949509457479738,
GSE64367,0.003343901464130639,-0.02949509457479738,
GSE64399,0.003343901464130639,-0.02949509457479738,
GSE64417,0.003343901464130639,-0.02949509457479738,
GSE64451,0.003343901464130639,-0.02949509457479738,
GSE64713,0.003343901464130639,-0.02949509457479738,
GSE64486,0.003343901464130639,-0.02949509457479738,
GSE64513,0.003343901464130639,-0.02949509457479738,
GSE64529,0.003343901464130639,-0.02949509457479738,
GSE64550,0.003343901464130639,-0.02949509457479738,
GSE64553,0.003343901464130639,-0.02949509457479738,
GSE64558,0.003343901464130639,-0.02949509457479738,
GSE64588,0.003343901464130639,-0.02949509457479738,
GSE64590,0.003343901464130639,-0.02949509457479738,
GSE64615,0.003343901464130639,-0.02949509457479738,
GSE64642,0.003343901464130639,-0.02949509457479738,
GSE64693,0.003343901464130639,-0.02949509457479738,
GSE64712,0.003343901464130639,-0.02949509457479738,
GSE64471,0.003343901464130639,-0.02949509457479738,
GSE66053,0.003343901464130639,-0.02949509457479738,
GSE66086,0.003343901464130639,-0.02949509457479738,
GSE66117,0.003343901464130639,-0.02949509457479738,
GSE66135,0.003343901464130639,-0.02949509457479738,
GSE66148,0.003343901464130639,-0.02949509457479738,
GSE66155,0.003343901464130639,-0.02949509457479738,
GSE66158,0.003343901464130639,-0.02949509457479738,
GSE66173,0.003343901464130639,-0.02949509457479738,
GSE66182,0.003343901464130639,-0.02949509457479738,
GSE66200,0.003343901464130639,-0.02949509457479738,
GSE66207,0.003343901464130639,-0.02949509457479738,
GSE65473,0.003343901464130639,-0.02949509457479738,
GSE66217,0.003343901464130639,-0.02949509457479738,
GSE66228,0.003343901464130639,-0.02949509457479738,
GSE66238,0.003343901464130639,-0.02949509457479738,
GSE66249,0.003343901464130639,-0.02949509457479738,
GSE66250,0.003343901464130639,-0.02949509457479738,
GSE66261,0.003343901464130639,-0.02949509457479738,
GSE66301,0.003343901464130639,-0.02949509457479738,
GSE66304,0.003343901464130639,-0.02949509457479738,
GSE66306,0.003343901464130639,-0.02949509457479738,
GSE66357,0.003343901464130639,-0.02949509457479738,
GSE66388,0.003343901464130639,-0.02949509457479738,
GSE66412,0.003343901464130639,-0.02949509457479738,
GSE66216,0.003343901464130639,-0.02949509457479738,
GSE65481,0.003343901464130639,-0.02949509457479738,
GSE65508,0.003343901464130639,-0.02949509457479738,
GSE65515,0.003343901464130639,-0.02949509457479738,
GSE65518,0.003343901464130639,-0.02949509457479738,
GSE65540,0.003343901464130639,-0.02949509457479738,
GSE65545,0.003343901464130639,-0.02949509457479738,
GSE65634,0.003343901464130639,-0.02949509457479738,
GSE65644,0.003343901464130639,-0.02949509457479738,
GSE65655,0.003343901464130639,-0.02949509457479738,
GSE65683,0.003343901464130639,-0.02949509457479738,
GSE65705,0.003343901464130639,-0.02949509457479738,
GSE66036,0.003343901464130639,-0.02949509457479738,
GSE65778,0.003343901464130639,-0.02949509457479738,
GSE65830,0.003343901464130639,-0.02949509457479738,
GSE65832,0.003343901464130639,-0.02949509457479738,
GSE65838,0.003343901464130639,-0.02949509457479738,
GSE65885,0.003343901464130639,-0.02949509457479738,
GSE65912,0.003343901464130639,-0.02949509457479738,
GSE65943,0.003343901464130639,-0.02949509457479738,
GSE65949,0.003343901464130639,-0.02949509457479738,
GSE65952,0.003343901464130639,-0.02949509457479738,
GSE65996,0.003343901464130639,-0.02949509457479738,
GSE65999,0.003343901464130639,-0.02949509457479738,
GSE66014,0.003343901464130639,-0.02949509457479738,
GSE65761,0.003343901464130639,-0.02949509457479738,
GSE71325,0.003343901464130639,-0.02949509457479738,
GSE71326,0.003343901464130639,-0.02949509457479738,
GSE71334,0.003343901464130639,-0.02949509457479738,
GSE71340,0.003343901464130639,-0.02949509457479738,
GSE71359,0.003343901464130639,-0.02949509457479738,
GSE71382,0.003343901464130639,-0.02949509457479738,
GSE71401,0.003343901464130639,-0.02949509457479738,
GSE71414,0.003343901464130639,-0.02949509457479738,
GSE71421,0.003343901464130639,-0.02949509457479738,
GSE71446,0.003343901464130639,-0.02949509457479738,
GSE71456,0.003343901464130639,-0.02949509457479738,
GSE68671,0.003343901464130639,-0.02949509457479738,
GSE71505,0.003343901464130639,-0.02949509457479738,
GSE71511,0.003343901464130639,-0.02949509457479738,
GSE71519,0.003343901464130639,-0.02949509457479738,
GSE71520,0.003343901464130639,-0.02949509457479738,
GSE71536,0.003343901464130639,-0.02949509457479738,
GSE71541,0.003343901464130639,-0.02949509457479738,
GSE71551,0.003343901464130639,-0.02949509457479738,
GSE71560,0.003343901464130639,-0.02949509457479738,
GSE71569,0.003343901464130639,-0.02949509457479738,
GSE71577,0.003343901464130639,-0.02949509457479738,
GSE71594,0.003343901464130639,-0.02949509457479738,
GSE71595,0.003343901464130639,-0.02949509457479738,
GSE71503,0.003343901464130639,-0.02949509457479738,
GSE70874,0.003343901464130639,-0.02949509457479738,
GSE70909,0.003343901464130639,-0.02949509457479738,
GSE70926,0.003343901464130639,-0.02949509457479738,
GSE70935,0.003343901464130639,-0.02949509457479738,
GSE70959,0.003343901464130639,-0.02949509457479738,
GSE70968,0.003343901464130639,-0.02949509457479738,
GSE71009,0.003343901464130639,-0.02949509457479738,
GSE100709,0.003343901464130639,-0.02949509457479738,
GSE71058,0.003343901464130639,-0.02949509457479738,
GSE71070,0.003343901464130639,-0.02949509457479738,
GSE71074,0.003343901464130639,-0.02949509457479738,
GSE71318,0.003343901464130639,-0.02949509457479738,
GSE71100,0.003343901464130639,-0.02949509457479738,
GSE71120,0.003343901464130639,-0.02949509457479738,
GSE71139,0.003343901464130639,-0.02949509457479738,
GSE71191,0.003343901464130639,-0.02949509457479738,
GSE71203,0.003343901464130639,-0.02949509457479738,
GSE71204,0.003343901464130639,-0.02949509457479738,
GSE71208,0.003343901464130639,-0.02949509457479738,
GSE71247,0.003343901464130639,-0.02949509457479738,
GSE71261,0.003343901464130639,-0.02949509457479738,
GSE71284,0.003343901464130639,-0.02949509457479738,
GSE71289,0.003343901464130639,-0.02949509457479738,
GSE71299,0.003343901464130639,-0.02949509457479738,
GSE71095,0.003343901464130639,-0.02949509457479738,
GSE72131,0.003343901464130639,-0.02949509457479738,
GSE72141,0.003343901464130639,-0.02949509457479738,
GSE72156,0.003343901464130639,-0.02949509457479738,
GSE72202,0.003343901464130639,-0.02949509457479738,
GSE72259,0.003343901464130639,-0.02949509457479738,
GSE72268,0.003343901464130639,-0.02949509457479738,
GSE72273,0.003343901464130639,-0.02949509457479738,
GSE72299,0.003343901464130639,-0.02949509457479738,
GSE72379,0.003343901464130639,-0.02949509457479738,
GSE72400,0.003343901464130639,-0.02949509457479738,
GSE72404,0.003343901464130639,-0.02949509457479738,
GSE71613,0.003343901464130639,-0.02949509457479738,
GSE72419,0.003343901464130639,-0.02949509457479738,
GSE72468,0.003343901464130639,-0.02949509457479738,
GSE72475,0.003343901464130639,-0.02949509457479738,
GSE72482,0.003343901464130639,-0.02949509457479738,
GSE72483,0.003343901464130639,-0.02949509457479738,
GSE72501,0.003343901464130639,-0.02949509457479738,
GSE72524,0.003343901464130639,-0.02949509457479738,
GSE72534,0.003343901464130639,-0.02949509457479738,
GSE72536,0.003343901464130639,-0.02949509457479738,
GSE72577,0.003343901464130639,-0.02949509457479738,
GSE72589,0.003343901464130639,-0.02949509457479738,
GSE72627,0.003343901464130639,-0.02949509457479738,
GSE72407,0.003343901464130639,-0.02949509457479738,
GSE71686,0.003343901464130639,-0.02949509457479738,
GSE71689,0.003343901464130639,-0.02949509457479738,
GSE71709,0.003343901464130639,-0.02949509457479738,
GSE71710,0.003343901464130639,-0.02949509457479738,
GSE71740,0.003343901464130639,-0.02949509457479738,
GSE71747,0.003343901464130639,-0.02949509457479738,
GSE71756,0.003343901464130639,-0.02949509457479738,
GSE71777,0.003343901464130639,-0.02949509457479738,
GSE71797,0.003343901464130639,-0.02949509457479738,
GSE71800,0.003343901464130639,-0.02949509457479738,
GSE71812,0.003343901464130639,-0.02949509457479738,
GSE72061,0.003343901464130639,-0.02949509457479738,
GSE71854,0.003343901464130639,-0.02949509457479738,
GSE71858,0.003343901464130639,-0.02949509457479738,
GSE71862,0.003343901464130639,-0.02949509457479738,
GSE71878,0.003343901464130639,-0.02949509457479738,
GSE71890,0.003343901464130639,-0.02949509457479738,
GSE71900,0.003343901464130639,-0.02949509457479738,
GSE71960,0.003343901464130639,-0.02949509457479738,
GSE71972,0.003343901464130639,-0.02949509457479738,
GSE71993,0.003343901464130639,-0.02949509457479738,
GSE72001,0.003343901464130639,-0.02949509457479738,
GSE72041,0.003343901464130639,-0.02949509457479738,
GSE72055,0.003343901464130639,-0.02949509457479738,
GSE71840,0.003343901464130639,-0.02949509457479738,
GSE69240,0.003343901464130639,-0.02949509457479738,
GSE69284,0.003343901464130639,-0.02949509457479738,
GSE69292,0.003343901464130639,-0.02949509457479738,
GSE69308,0.003343901464130639,-0.02949509457479738,
GSE69312,0.003343901464130639,-0.02949509457479738,
GSE69319,0.003343901464130639,-0.02949509457479738,
GSE69333,0.003343901464130639,-0.02949509457479738,
GSE69352,0.003343901464130639,-0.02949509457479738,
GSE69360,0.003343901464130639,-0.02949509457479738,
GSE69383,0.003343901464130639,-0.02949509457479738,
GSE69415,0.003343901464130639,-0.02949509457479738,
GSE70871,0.003343901464130639,-0.02949509457479738,
GSE69434,0.003343901464130639,-0.02949509457479738,
GSE69446,0.003343901464130639,-0.02949509457479738,
GSE69471,0.003343901464130639,-0.02949509457479738,
GSE69476,0.003343901464130639,-0.02949509457479738,
GSE69506,0.003343901464130639,-0.02949509457479738,
GSE69511,0.003343901464130639,-0.02949509457479738,
GSE69549,0.003343901464130639,-0.02949509457479738,
GSE69567,0.003343901464130639,-0.02949509457479738,
GSE69596,0.003343901464130639,-0.02949509457479738,
GSE69599,0.003343901464130639,-0.02949509457479738,
GSE69602,0.003343901464130639,-0.02949509457479738,
GSE69604,0.003343901464130639,-0.02949509457479738,
GSE69420,0.003343901464130639,-0.02949509457479738,
GSE68719,0.003343901464130639,-0.02949509457479738,
GSE68795,0.003343901464130639,-0.02949509457479738,
GSE68799,0.003343901464130639,-0.02949509457479738,
GSE68800,0.003343901464130639,-0.02949509457479738,
GSE68813,0.003343901464130639,-0.02949509457479738,
GSE68815,0.003343901464130639,-0.02949509457479738,
GSE68872,0.003343901464130639,-0.02949509457479738,
GSE68873,0.003343901464130639,-0.02949509457479738,
GSE68925,0.003343901464130639,-0.02949509457479738,
GSE68938,0.003343901464130639,-0.02949509457479738,
GSE68987,0.003343901464130639,-0.02949509457479738,
GSE69239,0.003343901464130639,-0.02949509457479738,
GSE69036,0.003343901464130639,-0.02949509457479738,
GSE69047,0.003343901464130639,-0.02949509457479738,
GSE69092,0.003343901464130639,-0.02949509457479738,
GSE69110,0.003343901464130639,-0.02949509457479738,
GSE69114,0.003343901464130639,-0.02949509457479738,
GSE69121,0.003343901464130639,-0.02949509457479738,
GSE69125,0.003343901464130639,-0.02949509457479738,
GSE69164,0.003343901464130639,-0.02949509457479738,
GSE69175,0.003343901464130639,-0.02949509457479738,
GSE69197,0.003343901464130639,-0.02949509457479738,
GSE69206,0.003343901464130639,-0.02949509457479738,
GSE69233,0.003343901464130639,-0.02949509457479738,
GSE69021,0.003343901464130639,-0.02949509457479738,
GSE70089,0.003343901464130639,-0.02949509457479738,
GSE70101,0.003343901464130639,-0.02949509457479738,
GSE70150,0.003343901464130639,-0.02949509457479738,
GSE70230,0.003343901464130639,-0.02949509457479738,
GSE70373,0.003343901464130639,-0.02949509457479738,
GSE70380,0.003343901464130639,-0.02949509457479738,
GSE70390,0.003343901464130639,-0.02949509457479738,
GSE70462,0.003343901464130639,-0.02949509457479738,
GSE70503,0.003343901464130639,-0.02949509457479738,
GSE70513,0.003343901464130639,-0.02949509457479738,
GSE70537,0.003343901464130639,-0.02949509457479738,
GSE69618,0.003343901464130639,-0.02949509457479738,
GSE70602,0.003343901464130639,-0.02949509457479738,
GSE70620,0.003343901464130639,-0.02949509457479738,
GSE70665,0.003343901464130639,-0.02949509457479738,
GSE70668,0.003343901464130639,-0.02949509457479738,
GSE70674,0.003343901464130639,-0.02949509457479738,
GSE70694,0.003343901464130639,-0.02949509457479738,
GSE70741,0.003343901464130639,-0.02949509457479738,
GSE70767,0.003343901464130639,-0.02949509457479738,
GSE70803,0.003343901464130639,-0.02949509457479738,
GSE70810,0.003343901464130639,-0.02949509457479738,
GSE70831,0.003343901464130639,-0.02949509457479738,
GSE70833,0.003343901464130639,-0.02949509457479738,
GSE70544,0.003343901464130639,-0.02949509457479738,
GSE69622,0.003343901464130639,-0.02949509457479738,
GSE69626,0.003343901464130639,-0.02949509457479738,
GSE69637,0.003343901464130639,-0.02949509457479738,
GSE69667,0.003343901464130639,-0.02949509457479738,
GSE69678,0.003343901464130639,-0.02949509457479738,
GSE69687,0.003343901464130639,-0.02949509457479738,
GSE69692,0.003343901464130639,-0.02949509457479738,
GSE69735,0.003343901464130639,-0.02949509457479738,
GSE69737,0.003343901464130639,-0.02949509457479738,
GSE69787,0.003343901464130639,-0.02949509457479738,
GSE69790,0.003343901464130639,-0.02949509457479738,
GSE70084,0.003343901464130639,-0.02949509457479738,
GSE69827,0.003343901464130639,-0.02949509457479738,
GSE69842,0.003343901464130639,-0.02949509457479738,
GSE69876,0.003343901464130639,-0.02949509457479738,
GSE69896,0.003343901464130639,-0.02949509457479738,
GSE69905,0.003343901464130639,-0.02949509457479738,
GSE69982,0.003343901464130639,-0.02949509457479738,
GSE70000,0.003343901464130639,-0.02949509457479738,
GSE70061,0.003343901464130639,-0.02949509457479738,
GSE70068,0.003343901464130639,-0.02949509457479738,
GSE70072,0.003343901464130639,-0.02949509457479738,
GSE70073,0.003343901464130639,-0.02949509457479738,
GSE70078,0.003343901464130639,-0.02949509457479738,
GSE69822,0.003343901464130639,-0.02949509457479738,
GSE57353,0.003343901464130639,-0.02949509457479738,
GSE57397,0.003343901464130639,-0.02949509457479738,
GSE57430,0.003343901464130639,-0.02949509457479738,
GSE57433,0.003343901464130639,-0.02949509457479738,
GSE57478,0.003343901464130639,-0.02949509457479738,
GSE57480,0.003343901464130639,-0.02949509457479738,
GSE57488,0.003343901464130639,-0.02949509457479738,
GSE57494,0.003343901464130639,-0.02949509457479738,
GSE57501,0.003343901464130639,-0.02949509457479738,
GSE57503,0.003343901464130639,-0.02949509457479738,
GSE57530,0.003343901464130639,-0.02949509457479738,
GSE64082,0.003343901464130639,-0.02949509457479738,
GSE57637,0.003343901464130639,-0.02949509457479738,
GSE57681,0.003343901464130639,-0.02949509457479738,
GSE57723,0.003343901464130639,-0.02949509457479738,
GSE57821,0.003343901464130639,-0.02949509457479738,
GSE57826,0.003343901464130639,-0.02949509457479738,
GSE57862,0.003343901464130639,-0.02949509457479738,
GSE57871,0.003343901464130639,-0.02949509457479738,
GSE57872,0.003343901464130639,-0.02949509457479738,
GSE57892,0.003343901464130639,-0.02949509457479738,
GSE57896,0.003343901464130639,-0.02949509457479738,
GSE57914,0.003343901464130639,-0.02949509457479738,
GSE57925,0.003343901464130639,-0.02949509457479738,
GSE57561,0.003343901464130639,-0.02949509457479738,
GSE56788,0.003343901464130639,-0.02949509457479738,
GSE56796,0.003343901464130639,-0.02949509457479738,
GSE56826,0.003343901464130639,-0.02949509457479738,
GSE56862,0.003343901464130639,-0.02949509457479738,
GSE56882,0.003343901464130639,-0.02949509457479738,
GSE56887,0.003343901464130639,-0.02949509457479738,
GSE56900,0.003343901464130639,-0.02949509457479738,
GSE56930,0.003343901464130639,-0.02949509457479738,
GSE56961,0.003343901464130639,-0.02949509457479738,
GSE57009,0.003343901464130639,-0.02949509457479738,
GSE57027,0.003343901464130639,-0.02949509457479738,
GSE57344,0.003343901464130639,-0.02949509457479738,
GSE57078,0.003343901464130639,-0.02949509457479738,
GSE57096,0.003343901464130639,-0.02949509457479738,
GSE57116,0.003343901464130639,-0.02949509457479738,
GSE57148,0.003343901464130639,-0.02949509457479738,
GSE57152,0.003343901464130639,-0.02949509457479738,
GSE57182,0.003343901464130639,-0.02949509457479738,
GSE57227,0.003343901464130639,-0.02949509457479738,
GSE57243,0.003343901464130639,-0.02949509457479738,
GSE57253,0.003343901464130639,-0.02949509457479738,
GSE57254,0.003343901464130639,-0.02949509457479738,
GSE57299,0.003343901464130639,-0.02949509457479738,
GSE57325,0.003343901464130639,-0.02949509457479738,
GSE57049,0.003343901464130639,-0.02949509457479738,
GSE58596,0.003343901464130639,-0.02949509457479738,
GSE58604,0.003343901464130639,-0.02949509457479738,
GSE58626,0.003343901464130639,-0.02949509457479738,
GSE58640,0.003343901464130639,-0.02949509457479738,
GSE58708,0.003343901464130639,-0.02949509457479738,
GSE58740,0.003343901464130639,-0.02949509457479738,
GSE58838,0.003343901464130639,-0.02949509457479738,
GSE58871,0.003343901464130639,-0.02949509457479738,
GSE58910,0.003343901464130639,-0.02949509457479738,
GSE58933,0.003343901464130639,-0.02949509457479738,
GSE58963,0.003343901464130639,-0.02949509457479738,
GSE57931,0.003343901464130639,-0.02949509457479738,
GSE58989,0.003343901464130639,-0.02949509457479738,
GSE58991,0.003343901464130639,-0.02949509457479738,
GSE59020,0.003343901464130639,-0.02949509457479738,
GSE59066,0.003343901464130639,-0.02949509457479738,
GSE59093,0.003343901464130639,-0.02949509457479738,
GSE59100,0.003343901464130639,-0.02949509457479738,
GSE59223,0.003343901464130639,-0.02949509457479738,
GSE59233,0.003343901464130639,-0.02949509457479738,
GSE59251,0.003343901464130639,-0.02949509457479738,
GSE59275,0.003343901464130639,-0.02949509457479738,
GSE59290,0.003343901464130639,-0.02949509457479738,
GSE59317,0.003343901464130639,-0.02949509457479738,
GSE58966,0.003343901464130639,-0.02949509457479738,
GSE57961,0.003343901464130639,-0.02949509457479738,
GSE57973,0.003343901464130639,-0.02949509457479738,
GSE57982,0.003343901464130639,-0.02949509457479738,
GSE57989,0.003343901464130639,-0.02949509457479738,
GSE58008,0.003343901464130639,-0.02949509457479738,
GSE58107,0.003343901464130639,-0.02949509457479738,
GSE58111,0.003343901464130639,-0.02949509457479738,
GSE58122,0.003343901464130639,-0.02949509457479738,
GSE58123,0.003343901464130639,-0.02949509457479738,
GSE58135,0.003343901464130639,-0.02949509457479738,
GSE58168,0.003343901464130639,-0.02949509457479738,
GSE58594,0.003343901464130639,-0.02949509457479738,
GSE58326,0.003343901464130639,-0.02949509457479738,
GSE58345,0.003343901464130639,-0.02949509457479738,
GSE58365,0.003343901464130639,-0.02949509457479738,
GSE58375,0.003343901464130639,-0.02949509457479738,
GSE58379,0.003343901464130639,-0.02949509457479738,
GSE58434,0.003343901464130639,-0.02949509457479738,
GSE58441,0.003343901464130639,-0.02949509457479738,
GSE58464,0.003343901464130639,-0.02949509457479738,
GSE58492,0.003343901464130639,-0.02949509457479738,
GSE58507,0.003343901464130639,-0.02949509457479738,
GSE58557,0.003343901464130639,-0.02949509457479738,
GSE58586,0.003343901464130639,-0.02949509457479738,
GSE58207,0.003343901464130639,-0.02949509457479738,
GSE54505,0.003343901464130639,-0.02949509457479738,
GSE54511,0.003343901464130639,-0.02949509457479738,
GSE54602,0.003343901464130639,-0.02949509457479738,
GSE54641,0.003343901464130639,-0.02949509457479738,
GSE54733,0.003343901464130639,-0.02949509457479738,
GSE54734,0.003343901464130639,-0.02949509457479738,
GSE54760,0.003343901464130639,-0.02949509457479738,
GSE54846,0.003343901464130639,-0.02949509457479738,
GSE54878,0.003343901464130639,-0.02949509457479738,
GSE54879,0.003343901464130639,-0.02949509457479738,
GSE54922,0.003343901464130639,-0.02949509457479738,
GSE56787,0.003343901464130639,-0.02949509457479738,
GSE55008,0.003343901464130639,-0.02949509457479738,
GSE55030,0.003343901464130639,-0.02949509457479738,
GSE55048,0.003343901464130639,-0.02949509457479738,
GSE55123,0.003343901464130639,-0.02949509457479738,
GSE55169,0.003343901464130639,-0.02949509457479738,
GSE55193,0.003343901464130639,-0.02949509457479738,
GSE55195,0.003343901464130639,-0.02949509457479738,
GSE55215,0.003343901464130639,-0.02949509457479738,
GSE55259,0.003343901464130639,-0.02949509457479738,
GSE55275,0.003343901464130639,-0.02949509457479738,
GSE55282,0.003343901464130639,-0.02949509457479738,
GSE55296,0.003343901464130639,-0.02949509457479738,
GSE55005,0.003343901464130639,-0.02949509457479738,
GSE53638,0.003343901464130639,-0.02949509457479738,
GSE53667,0.003343901464130639,-0.02949509457479738,
GSE53695,0.003343901464130639,-0.02949509457479738,
GSE53696,0.003343901464130639,-0.02949509457479738,
GSE53697,0.003343901464130639,-0.02949509457479738,
GSE53837,0.003343901464130639,-0.02949509457479738,
GSE53844,0.003343901464130639,-0.02949509457479738,
GSE53949,0.003343901464130639,-0.02949509457479738,
GSE54066,0.003343901464130639,-0.02949509457479738,
GSE54074,0.003343901464130639,-0.02949509457479738,
GSE54112,0.003343901464130639,-0.02949509457479738,
GSE54478,0.003343901464130639,-0.02949509457479738,
GSE54122,0.003343901464130639,-0.02949509457479738,
GSE54136,0.003343901464130639,-0.02949509457479738,
GSE54159,0.003343901464130639,-0.02949509457479738,
GSE54178,0.003343901464130639,-0.02949509457479738,
GSE54201,0.003343901464130639,-0.02949509457479738,
GSE54308,0.003343901464130639,-0.02949509457479738,
GSE54322,0.003343901464130639,-0.02949509457479738,
GSE54333,0.003343901464130639,-0.02949509457479738,
GSE54392,0.003343901464130639,-0.02949509457479738,
GSE54401,0.003343901464130639,-0.02949509457479738,
GSE54409,0.003343901464130639,-0.02949509457479738,
GSE54460,0.003343901464130639,-0.02949509457479738,
GSE54114,0.003343901464130639,-0.02949509457479738,
GSE56152,0.003343901464130639,-0.02949509457479738,
GSE56231,0.003343901464130639,-0.02949509457479738,
GSE56235,0.003343901464130639,-0.02949509457479738,
GSE56267,0.003343901464130639,-0.02949509457479738,
GSE56293,0.003343901464130639,-0.02949509457479738,
GSE56331,0.003343901464130639,-0.02949509457479738,
GSE56343,0.003343901464130639,-0.02949509457479738,
GSE56356,0.003343901464130639,-0.02949509457479738,
GSE56361,0.003343901464130639,-0.02949509457479738,
GSE56398,0.003343901464130639,-0.02949509457479738,
GSE56512,0.003343901464130639,-0.02949509457479738,
GSE55326,0.003343901464130639,-0.02949509457479738,
GSE56568,0.003343901464130639,-0.02949509457479738,
GSE56623,0.003343901464130639,-0.02949509457479738,
GSE56625,0.003343901464130639,-0.02949509457479738,
GSE56648,0.003343901464130639,-0.02949509457479738,
GSE56657,0.003343901464130639,-0.02949509457479738,
GSE56660,0.003343901464130639,-0.02949509457479738,
GSE56689,0.003343901464130639,-0.02949509457479738,
GSE56691,0.003343901464130639,-0.02949509457479738,
GSE56701,0.003343901464130639,-0.02949509457479738,
GSE56742,0.003343901464130639,-0.02949509457479738,
GSE56748,0.003343901464130639,-0.02949509457479738,
GSE56785,0.003343901464130639,-0.02949509457479738,
GSE56545,0.003343901464130639,-0.02949509457479738,
GSE55361,0.003343901464130639,-0.02949509457479738,
GSE55362,0.003343901464130639,-0.02949509457479738,
GSE55370,0.003343901464130639,-0.02949509457479738,
GSE55391,0.003343901464130639,-0.02949509457479738,
GSE55405,0.003343901464130639,-0.02949509457479738,
GSE55458,0.003343901464130639,-0.02949509457479738,
GSE55492,0.003343901464130639,-0.02949509457479738,
GSE55502,0.003343901464130639,-0.02949509457479738,
GSE55534,0.003343901464130639,-0.02949509457479738,
GSE55536,0.003343901464130639,-0.02949509457479738,
GSE55689,0.003343901464130639,-0.02949509457479738,
GSE56148,0.003343901464130639,-0.02949509457479738,
GSE55758,0.003343901464130639,-0.02949509457479738,
GSE55769,0.003343901464130639,-0.02949509457479738,
GSE55903,0.003343901464130639,-0.02949509457479738,
GSE55922,0.003343901464130639,-0.02949509457479738,
GSE55939,0.003343901464130639,-0.02949509457479738,
GSE55949,0.003343901464130639,-0.02949509457479738,
GSE56010,0.003343901464130639,-0.02949509457479738,
GSE56022,0.003343901464130639,-0.02949509457479738,
GSE56052,0.003343901464130639,-0.02949509457479738,
GSE56066,0.003343901464130639,-0.02949509457479738,
GSE56076,0.003343901464130639,-0.02949509457479738,
GSE56087,0.003343901464130639,-0.02949509457479738,
GSE55716,0.003343901464130639,-0.02949509457479738,
GSE62852,0.003343901464130639,-0.02949509457479738,
GSE62854,0.003343901464130639,-0.02949509457479738,
GSE62889,0.003343901464130639,-0.02949509457479738,
GSE62905,0.003343901464130639,-0.02949509457479738,
GSE62909,0.003343901464130639,-0.02949509457479738,
GSE62913,0.003343901464130639,-0.02949509457479738,
GSE62920,0.003343901464130639,-0.02949509457479738,
GSE62930,0.003343901464130639,-0.02949509457479738,
GSE62936,0.003343901464130639,-0.02949509457479738,
GSE62966,0.003343901464130639,-0.02949509457479738,
GSE62968,0.003343901464130639,-0.02949509457479738,
GSE59335,0.003343901464130639,-0.02949509457479738,
GSE63018,0.003343901464130639,-0.02949509457479738,
GSE63034,0.003343901464130639,-0.02949509457479738,
GSE63055,0.003343901464130639,-0.02949509457479738,
GSE63079,0.003343901464130639,-0.02949509457479738,
GSE63086,0.003343901464130639,-0.02949509457479738,
GSE63091,0.003343901464130639,-0.02949509457479738,
GSE63122,0.003343901464130639,-0.02949509457479738,
GSE63124,0.003343901464130639,-0.02949509457479738,
GSE63161,0.003343901464130639,-0.02949509457479738,
GSE63183,0.003343901464130639,-0.02949509457479738,
GSE63189,0.003343901464130639,-0.02949509457479738,
GSE63190,0.003343901464130639,-0.02949509457479738,
GSE63015,0.003343901464130639,-0.02949509457479738,
GSE62121,0.003343901464130639,-0.02949509457479738,
GSE62171,0.003343901464130639,-0.02949509457479738,
GSE62190,0.003343901464130639,-0.02949509457479738,
GSE62193,0.003343901464130639,-0.02949509457479738,
GSE62212,0.003343901464130639,-0.02949509457479738,
GSE62228,0.003343901464130639,-0.02949509457479738,
GSE62241,0.003343901464130639,-0.02949509457479738,
GSE62247,0.003343901464130639,-0.02949509457479738,
GSE62276,0.003343901464130639,-0.02949509457479738,
GSE62448,0.003343901464130639,-0.02949509457479738,
GSE62483,0.003343901464130639,-0.02949509457479738,
GSE62820,0.003343901464130639,-0.02949509457479738,
GSE62526,0.003343901464130639,-0.02949509457479738,
GSE62540,0.003343901464130639,-0.02949509457479738,
GSE62544,0.003343901464130639,-0.02949509457479738,
GSE62563,0.003343901464130639,-0.02949509457479738,
GSE62591,0.003343901464130639,-0.02949509457479738,
GSE62613,0.003343901464130639,-0.02949509457479738,
GSE62642,0.003343901464130639,-0.02949509457479738,
GSE62678,0.003343901464130639,-0.02949509457479738,
GSE62679,0.003343901464130639,-0.02949509457479738,
GSE62731,0.003343901464130639,-0.02949509457479738,
GSE62772,0.003343901464130639,-0.02949509457479738,
GSE62789,0.003343901464130639,-0.02949509457479738,
GSE62518,0.003343901464130639,-0.02949509457479738,
GSE63602,0.003343901464130639,-0.02949509457479738,
GSE63608,0.003343901464130639,-0.02949509457479738,
GSE63609,0.003343901464130639,-0.02949509457479738,
GSE63634,0.003343901464130639,-0.02949509457479738,
GSE63646,0.003343901464130639,-0.02949509457479738,
GSE63700,0.003343901464130639,-0.02949509457479738,
GSE63721,0.003343901464130639,-0.02949509457479738,
GSE63733,0.003343901464130639,-0.02949509457479738,
GSE63734,0.003343901464130639,-0.02949509457479738,
GSE63738,0.003343901464130639,-0.02949509457479738,
GSE63744,0.003343901464130639,-0.02949509457479738,
GSE63234,0.003343901464130639,-0.02949509457479738,
GSE63764,0.003343901464130639,-0.02949509457479738,
GSE63776,0.003343901464130639,-0.02949509457479738,
GSE63816,0.003343901464130639,-0.02949509457479738,
GSE63863,0.003343901464130639,-0.02949509457479738,
GSE63887,0.003343901464130639,-0.02949509457479738,
GSE63950,0.003343901464130639,-0.02949509457479738,
GSE63953,0.003343901464130639,-0.02949509457479738,
GSE63966,0.003343901464130639,-0.02949509457479738,
GSE63979,0.003343901464130639,-0.02949509457479738,
GSE64017,0.003343901464130639,-0.02949509457479738,
GSE64025,0.003343901464130639,-0.02949509457479738,
GSE64032,0.003343901464130639,-0.02949509457479738,
GSE63755,0.003343901464130639,-0.02949509457479738,
GSE63265,0.003343901464130639,-0.02949509457479738,
GSE63288,0.003343901464130639,-0.02949509457479738,
GSE63314,0.003343901464130639,-0.02949509457479738,
GSE63344,0.003343901464130639,-0.02949509457479738,
GSE63346,0.003343901464130639,-0.02949509457479738,
GSE63356,0.003343901464130639,-0.02949509457479738,
GSE63375,0.003343901464130639,-0.02949509457479738,
GSE63381,0.003343901464130639,-0.02949509457479738,
GSE63392,0.003343901464130639,-0.02949509457479738,
GSE63397,0.003343901464130639,-0.02949509457479738,
GSE63420,0.003343901464130639,-0.02949509457479738,
GSE63582,0.003343901464130639,-0.02949509457479738,
GSE63475,0.003343901464130639,-0.02949509457479738,
GSE63485,0.003343901464130639,-0.02949509457479738,
GSE63487,0.003343901464130639,-0.02949509457479738,
GSE63496,0.003343901464130639,-0.02949509457479738,
GSE63511,0.003343901464130639,-0.02949509457479738,
GSE63513,0.003343901464130639,-0.02949509457479738,
GSE63537,0.003343901464130639,-0.02949509457479738,
GSE63546,0.003343901464130639,-0.02949509457479738,
GSE63555,0.003343901464130639,-0.02949509457479738,
GSE63569,0.003343901464130639,-0.02949509457479738,
GSE63570,0.003343901464130639,-0.02949509457479738,
GSE63577,0.003343901464130639,-0.02949509457479738,
GSE63452,0.003343901464130639,-0.02949509457479738,
GSE60052,0.003343901464130639,-0.02949509457479738,
GSE60065,0.003343901464130639,-0.02949509457479738,
GSE60106,0.003343901464130639,-0.02949509457479738,
GSE60119,0.003343901464130639,-0.02949509457479738,
GSE60138,0.003343901464130639,-0.02949509457479738,
GSE60171,0.003343901464130639,-0.02949509457479738,
GSE60182,0.003343901464130639,-0.02949509457479738,
GSE60191,0.003343901464130639,-0.02949509457479738,
GSE60196,0.003343901464130639,-0.02949509457479738,
GSE60237,0.003343901464130639,-0.02949509457479738,
GSE60271,0.003343901464130639,-0.02949509457479738,
GSE62118,0.003343901464130639,-0.02949509457479738,
GSE60340,0.003343901464130639,-0.02949509457479738,
GSE60391,0.003343901464130639,-0.02949509457479738,
GSE60462,0.003343901464130639,-0.02949509457479738,
GSE60477,0.003343901464130639,-0.02949509457479738,
GSE60530,0.003343901464130639,-0.02949509457479738,
GSE60548,0.003343901464130639,-0.02949509457479738,
GSE60559,0.003343901464130639,-0.02949509457479738,
GSE60560,0.003343901464130639,-0.02949509457479738,
GSE60570,0.003343901464130639,-0.02949509457479738,
GSE60585,0.003343901464130639,-0.02949509457479738,
GSE60590,0.003343901464130639,-0.02949509457479738,
GSE60664,0.003343901464130639,-0.02949509457479738,
GSE60296,0.003343901464130639,-0.02949509457479738,
GSE59364,0.003343901464130639,-0.02949509457479738,
GSE59376,0.003343901464130639,-0.02949509457479738,
GSE59386,0.003343901464130639,-0.02949509457479738,
GSE59483,0.003343901464130639,-0.02949509457479738,
GSE59528,0.003343901464130639,-0.02949509457479738,
GSE59531,0.003343901464130639,-0.02949509457479738,
GSE59536,0.003343901464130639,-0.02949509457479738,
GSE59598,0.003343901464130639,-0.02949509457479738,
GSE59599,0.003343901464130639,-0.02949509457479738,
GSE59612,0.003343901464130639,-0.02949509457479738,
GSE59621,0.003343901464130639,-0.02949509457479738,
GSE59987,0.003343901464130639,-0.02949509457479738,
GSE59703,0.003343901464130639,-0.02949509457479738,
GSE59765,0.003343901464130639,-0.02949509457479738,
GSE59781,0.003343901464130639,-0.02949509457479738,
GSE59810,0.003343901464130639,-0.02949509457479738,
GSE59819,0.003343901464130639,-0.02949509457479738,
GSE59822,0.003343901464130639,-0.02949509457479738,
GSE59841,0.003343901464130639,-0.02949509457479738,
GSE59846,0.003343901464130639,-0.02949509457479738,
GSE59855,0.003343901464130639,-0.02949509457479738,
GSE59884,0.003343901464130639,-0.02949509457479738,
GSE59966,0.003343901464130639,-0.02949509457479738,
GSE59980,0.003343901464130639,-0.02949509457479738,
GSE59626,0.003343901464130639,-0.02949509457479738,
GSE61549,0.003343901464130639,-0.02949509457479738,
GSE61586,0.003343901464130639,-0.02949509457479738,
GSE61600,0.003343901464130639,-0.02949509457479738,
GSE61603,0.003343901464130639,-0.02949509457479738,
GSE61626,0.003343901464130639,-0.02949509457479738,
GSE61656,0.003343901464130639,-0.02949509457479738,
GSE61674,0.003343901464130639,-0.02949509457479738,
GSE61727,0.003343901464130639,-0.02949509457479738,
GSE61742,0.003343901464130639,-0.02949509457479738,
GSE61794,0.003343901464130639,-0.02949509457479738,
GSE61797,0.003343901464130639,-0.02949509457479738,
GSE60833,0.003343901464130639,-0.02949509457479738,
GSE61917,0.003343901464130639,-0.02949509457479738,
GSE61945,0.003343901464130639,-0.02949509457479738,
GSE61946,0.003343901464130639,-0.02949509457479738,
GSE61950,0.003343901464130639,-0.02949509457479738,
GSE61966,0.003343901464130639,-0.02949509457479738,
GSE61999,0.003343901464130639,-0.02949509457479738,
GSE62000,0.003343901464130639,-0.02949509457479738,
GSE62056,0.003343901464130639,-0.02949509457479738,
GSE62074,0.003343901464130639,-0.02949509457479738,
GSE62077,0.003343901464130639,-0.02949509457479738,
GSE62093,0.003343901464130639,-0.02949509457479738,
GSE62098,0.003343901464130639,-0.02949509457479738,
GSE61910,0.003343901464130639,-0.02949509457479738,
GSE60883,0.003343901464130639,-0.02949509457479738,
GSE60889,0.003343901464130639,-0.02949509457479738,
GSE60890,0.003343901464130639,-0.02949509457479738,
GSE60902,0.003343901464130639,-0.02949509457479738,
GSE60939,0.003343901464130639,-0.02949509457479738,
GSE60942,0.003343901464130639,-0.02949509457479738,
GSE60949,0.003343901464130639,-0.02949509457479738,
GSE60988,0.003343901464130639,-0.02949509457479738,
GSE60997,0.003343901464130639,-0.02949509457479738,
GSE61045,0.003343901464130639,-0.02949509457479738,
GSE61071,0.003343901464130639,-0.02949509457479738,
GSE61544,0.003343901464130639,-0.02949509457479738,
GSE61162,0.003343901464130639,-0.02949509457479738,
GSE61220,0.003343901464130639,-0.02949509457479738,
GSE61255,0.003343901464130639,-0.02949509457479738,
GSE61290,0.003343901464130639,-0.02949509457479738,
GSE61332,0.003343901464130639,-0.02949509457479738,
GSE61375,0.003343901464130639,-0.02949509457479738,
GSE61390,0.003343901464130639,-0.02949509457479738,
GSE61398,0.003343901464130639,-0.02949509457479738,
GSE61474,0.003343901464130639,-0.02949509457479738,
GSE61476,0.003343901464130639,-0.02949509457479738,
GSE61491,0.003343901464130639,-0.02949509457479738,
GSE61515,0.003343901464130639,-0.02949509457479738,
GSE61130,0.003343901464130639,-0.02949509457479738,
