ID,prob,log2(prob/prior),related_words
GSE115650,0.0027182434799144927,0.6741070961694496,"fshd,muscle,muscles,muscular"
GSE56787,0.002668019784634016,0.6472017732791399,"fshd,muscle"
GSE102812,0.0022877143303564186,0.42533932074394315,fshd
GSE87495,0.002190915055690143,0.3629659589056167,"fshd,muscle,muscular,stem"
GSE68323,0.002007747302963688,0.23701011015576826,muscle
GSE86356,0.00200539817405472,0.23532112228634375,"muscle,muscular"
GSE103270,0.0019541184536409593,0.19795033087235508,muscular
GSE45883,0.0019501127920006434,0.1949899784505451,"fshd,muscle,muscular"
GSE125892,0.0019462239849662012,0.1921101634819672,muscle
GSE86931,0.0019375049311894316,0.18563239067663934,muscle
GSE75432,0.0019265028501466704,0.17741672882872703,muscle
GSE85910,0.0019142569971703175,0.1682169392402402,muscle
GSE106292,0.0019089653696559258,0.16422333964511882,muscle
GSE102283,0.0019075956120572135,0.16318777774046256,"muscle,muscular,stem"
GSE87365,0.0018996878102069221,0.1571947577028141,"muscle,muscular,stem"
GSE77120,0.0018977217945222611,0.15570091762379945,muscle
GSE69637,0.0018907228742677505,0.15037032952602913,muscle
GSE102138,0.0018862228776143342,0.14693256454114564,muscle
GSE62540,0.0018786901963705224,0.14115958855879016,muscular
GSE87748,0.0018780944884343388,0.1407020564058138,muscle
GSE98136,0.0018749296012729323,0.1382688356292134,"muscle,muscles"
GSE75990,0.0018722519063621849,0.13620696709232763,"muscle,muscles"
GSE56148,0.0018718759492927144,0.13591723798987942,"muscle,muscular"
GSE108643,0.0018651670272450728,0.13073723924393912,muscle
GSE71972,0.0018500878036680427,0.11902614995197906,muscle
GSE60590,0.0018440908106249956,0.11434211020898062,muscle
GSE52778,0.0018351484773286662,0.10732920112954156,muscle
GSE65508,0.001829423428456697,0.1028214405788362,"muscular,stem"
GSE69175,0.001826750083129296,0.1007116814432081,"muscular,stem"
GSE109683,0.0018229615828911675,0.09771656677707026,"muscle,stem"
GSE107894,0.0018165242023242215,0.09261299596878787,muscle
GSE95397,0.0018161463968044032,0.09231290922161163,muscle
GSE63744,0.0018088918429819867,0.08653855755785331,muscle
GSE60833,0.0018053928366472299,0.08374519670684709,muscle
GSE76523,0.0017951745395804375,0.07555652834336178,muscle
GSE78271,0.001793148256786169,0.07392718303897015,muscle
GSE81965,0.0017913779469370971,0.07250215931053844,muscle
GSE54511,0.0017908130268323695,0.07204712637325862,muscle
GSE90876,0.0017886358544513805,0.07029210972754923,"muscles,stem"
GSE38003,0.001787212480039227,0.06914357370358465,muscle
GSE62544,0.0017862307724058296,0.06835089019365782,muscle
GSE78158,0.0017845373237620591,0.06698248424976251,"fshd,muscular"
GSE84629,0.001781415382102824,0.06445636499245756,muscle
GSE41795,0.0017793305506017783,0.06276695694807821,"muscles,stem"
GSE100081,0.00177593442711703,0.060010722444798034,muscle
GSE84815,0.0017720990528921308,0.05689165518646453,"muscle,stem"
GSE97084,0.001771820267421453,0.056664673485982024,muscle
GSE119669,0.0017712495028779135,0.056199856681918174,stem
GSE58434,0.0017705614695838142,0.05563933990585792,muscle
GSE95389,0.001769074312823856,0.0544270604846124,"muscle,stem"
GSE78081,0.001765694376542583,0.05166805743453264,muscular
GSE97987,0.001764961735767334,0.05106931476758702,stem
GSE63283,0.0017643218721997557,0.050546189902347494,"muscle,muscles"
GSE95542,0.0017633103139858793,0.04971879635239338,stem
GSE72268,0.0017578597464377992,0.045252375862974446,"muscle,stem"
GSE40996,0.0017576987916672635,0.04512027244503693,muscle
GSE108094,0.0017576827229177847,0.04510708337574792,muscular
GSE52912,0.0017573953673715424,0.04487120444969819,stem
GSE100574,0.0017525824774997714,0.040914748307256645,muscle
GSE62905,0.0017500827073475013,0.038855512597299344,stem
GSE107149,0.001748806169720677,0.03780280435182665,stem
GSE104784,0.001748696936061077,0.03771268814361291,stem
GSE99770,0.0017464042026037107,0.0358199156416183,muscle
GSE75147,0.00174634875402098,0.03577410914094123,stem
GSE55689,0.0017460819237958428,0.03555365829806041,stem
GSE94296,0.001745473297598016,0.035050695033511034,stem
GSE95499,0.001745314201791508,0.03491919076332868,stem
GSE79928,0.0017450363920213559,0.03468953201256255,stem
GSE56930,0.0017447309124937174,0.03443695712014925,stem
GSE82071,0.0017433621003656015,0.0333046601525908,stem
GSE93385,0.0017432791072315495,0.033235978704848804,stem
GSE44461,0.0017431806183650085,0.03315446943150996,muscle
GSE60548,0.0017428962106827725,0.03291906810573079,stem
GSE45510,0.001742450761735324,0.03255029736580862,muscle
GSE69618,0.0017417036495072848,0.03193157902231487,stem
GSE106984,0.0017409711040243315,0.03132466633258048,stem
GSE76626,0.0017405041655743558,0.03093767533706658,stem
GSE72696,0.0017403495448343768,0.03080950529977589,muscle
GSE76312,0.0017401801315839317,0.030669060207106864,stem
GSE81673,0.0017399015235030353,0.03043806189306917,stem
GSE84694,0.0017398988170084326,0.03043581771469125,stem
GSE64486,0.0017398592634117517,0.030403020160111708,muscular
GSE63887,0.0017384485214683265,0.02923275539734419,muscle
GSE64642,0.0017383280406407442,0.029132767900627,stem
GSE92971,0.0017380170798633587,0.028874668340836167,stem
GSE93263,0.0017361306578396944,0.02730793475809452,muscle
GSE89725,0.0017352671529698319,0.026590198395324633,stem
GSE62678,0.001734913353879036,0.026296021078309993,muscle
GSE62679,0.0017348918092291428,0.026278105167705124,muscle
GSE65838,0.0017344792562536298,0.02593499506305047,stem
GSE85565,0.0017332858412531895,0.02494200163793799,muscle
GSE99944,0.0017332538972364754,0.02491541289066992,stem
GSE70101,0.0017331928848587637,0.0248646275993904,stem
GSE51878,0.0017312947048929953,0.023283732863064784,muscle
GSE97388,0.001731046740258614,0.0230770881085732,stem
GSE103305,0.001730549656063485,0.022662746963020838,muscle
GSE75184,0.001730012208198687,0.02221462702994181,stem
GSE40243,0.001729746252300707,0.021992823536867247,stem
GSE109673,0.0017292623997759587,0.021589209835519776,stem
GSE66250,0.0017292581896037856,0.021585697354180484,stem
GSE56660,0.0017292416879732511,0.021571930217340232,stem
GSE81475,0.0017287888965480942,0.02119411982417123,stem
GSE103826,0.001728507904174925,0.020959609264298743,stem
GSE89503,0.001728396612202885,0.02086671669208692,stem
GSE66200,0.0017283815519903386,0.020854145857093536,stem
GSE97744,0.0017282318663736352,0.02072919656661248,stem
GSE94461,0.0017276955949249585,0.02028145790632524,muscle
GSE97619,0.0017274452924551115,0.020072430173811717,stem
GSE88944,0.00172720913029694,0.019875183252251946,stem
GSE85839,0.0017269938741232757,0.019695373892888304,stem
GSE71756,0.0017269338714066588,0.01964524799096463,stem
GSE86244,0.0017262290890941,0.019056346758683663,stem
GSE97038,0.00172615897526352,0.01899774797210233,muscle
GSE52133,0.0017259024500934257,0.018783332557173113,stem
GSE74557,0.0017257921321048202,0.018691113960570372,stem
GSE86506,0.001725426629077861,0.01838553529814161,stem
GSE46030,0.00172527554044618,0.018259198796704356,stem
GSE102004,0.0017252610933600964,0.018247117928328973,stem
GSE26811,0.0017252130992649669,0.018206983825493208,stem
GSE36552,0.001725138392014051,0.018144509158373595,stem
GSE66506,0.001725034319553835,0.018057473038825916,stem
GSE94853,0.0017246575355885844,0.017742323522207483,stem
GSE96682,0.0017243056152338194,0.01744790822684633,stem
GSE57395,0.0017241279853423414,0.01729928088269061,stem
GSE94267,0.001724049560358342,0.0172336558770072,stem
GSE61674,0.0017239618968434359,0.017160296655427208,stem
GSE69036,0.00172363043466714,0.016882886339197694,stem
GSE75478,0.0017234541127976995,0.016735295711024112,stem
GSE77513,0.0017230098250076015,0.016363336621000358,stem
GSE62193,0.001722773201352271,0.0161651954310141,stem
GSE46486,0.0017225028928189077,0.015938814281443236,stem
GSE69476,0.001722352269326396,0.01581265294484247,stem
GSE81478,0.0017219401124666915,0.015467376415157866,stem
GSE101655,0.0017218152749087874,0.015362779830601293,stem
GSE65354,0.001721707931435857,0.01527283480230394,muscle
GSE87360,0.0017212034824670513,0.014850072817812336,muscle
GSE102737,0.0017210417752000953,0.014714525083806393,stem
GSE88945,0.001720898450529088,0.014594375529393272,stem
GSE53481,0.001720862016704192,0.01456383133609434,stem
GSE102924,0.0017205873894495418,0.014333577549123403,stem
GSE86348,0.0017202093135065344,0.014016529878284369,stem
GSE96788,0.0017199029884996757,0.013759600144214049,stem
GSE67128,0.0017196634346909152,0.013558642785080973,stem
GSE92541,0.001719549719468736,0.013463239342596967,stem
GSE104969,0.0017194658185948676,0.013392845142082069,stem
GSE61656,0.0017194541842409218,0.013383083458339872,stem
GSE100223,0.001719390751932809,0.013329860077783,stem
GSE77284,0.001719283112936901,0.013239540232542655,stem
GSE104583,0.0017190520772496372,0.013045659169558101,stem
GSE86518,0.0017189837692825108,0.0129883313406239,stem
GSE92625,0.0017189448014552232,0.012955626361432172,stem
GSE92494,0.001718718023502093,0.012765281091696458,stem
GSE53094,0.00171860520644647,0.012670579141460749,stem
GSE92628,0.0017184915087738936,0.0125751316856355,stem
GSE83719,0.0017184787999314872,0.012564462414580953,stem
GSE94696,0.001718265301525978,0.012385215381826012,stem
GSE59290,0.0017181361136956177,0.012276742232288727,stem
GSE85111,0.0017179885500664077,0.012152829780302778,stem
GSE95293,0.0017176214739901456,0.01184454168406435,stem
GSE67848,0.0017176006747438336,0.011827071507051201,stem
GSE78502,0.0017175116073224013,0.011752257575695804,stem
GSE30995,0.001717395504015757,0.011654728495950083,stem
GSE70741,0.0017171196594685967,0.011422987162948608,stem
GSE74792,0.001716774301580047,0.011132794093229925,stem
GSE70537,0.0017165265106789279,0.010924547438252243,stem
GSE98720,0.0017161563630134018,0.010613414587843437,stem
GSE74201,0.001716096263007921,0.010562890346581894,stem
GSE73610,0.0017160708220096122,0.010541502342334677,stem
GSE53844,0.0017159339193950783,0.010426404177816036,muscle
GSE49074,0.001715606190136289,0.010150834979872713,stem
GSE69471,0.0017155700706748976,0.010120460925105415,stem
GSE22666,0.0017155322049683481,0.010088617708161001,stem
GSE93241,0.001715260467562073,0.009860079147719207,stem
GSE87615,0.0017151227669714225,0.009744255377729948,stem
GSE95392,0.0017149696981969887,0.009615494089700976,stem
GSE46989,0.0017146385941339238,0.009336930387627788,stem
GSE89479,0.0017144670621177284,0.009192596316804365,stem
GSE115941,0.0017143802804285302,0.009119569144600399,stem
GSE85783,0.0017141484652783458,0.00892447755115669,stem
GSE103175,0.001714141723103733,0.008918803059591177,stem
GSE85782,0.00171412018776227,0.008900677880628547,stem
GSE54112,0.0017140845451942906,0.00887067888110793,stem
GSE102718,0.0017139674797855093,0.008772144971153754,stem
GSE83584,0.001713730721876846,0.008572845358896502,stem
GSE84166,0.0017136115891756422,0.008472550645555757,stem
GSE79442,0.0017133606415904044,0.008261261604960437,stem
GSE74665,0.0017133536226842801,0.008255351487992788,stem
GSE92341,0.0017133429295679704,0.008246347535856272,stem
GSE83765,0.0017132830656074595,0.008195939093798323,stem
GSE61794,0.0017130901425101513,0.008033476233422139,stem
GSE115390,0.0017130551943333927,0.008004043996115975,stem
GSE80282,0.0017130531390389945,0.008002313074179417,stem
GSE85223,0.0017130018983699971,0.007959158683340656,stem
GSE98976,0.001712988284038948,0.007947692609683647,stem
GSE118808,0.0017126447723926667,0.007658354818931056,stem
GSE85689,0.0017124739695042995,0.007514466972237006,stem
GSE107762,0.0017124471962288162,0.007491911316267152,stem
GSE52285,0.001712417178800105,0.007466622142273515,stem
GSE56796,0.0017123723782422099,0.007428877608408424,stem
GSE87273,0.0017123160946789554,0.0073814572265311,stem
GSE37521,0.001712290772924619,0.007360122474356244,stem
GSE87617,0.00171227579470646,0.007347502482522227,stem
GSE20301,0.0017122380143333015,0.00731566990129152,stem
GSE78959,0.001712220615767997,0.007301010168705881,stem
GSE78960,0.00171221871416219,0.007299407899252216,stem
GSE44646,0.0017121812023396606,0.007267800539329435,stem
GSE102798,0.0017121618187493247,0.007251467707320486,stem
GSE60065,0.0017120806825381702,0.00718309941304979,stem
GSE107006,0.001712019105681714,0.007131210373041088,stem
GSE24355,0.0017117586204935852,0.006911686373576685,stem
GSE67073,0.001711683532768442,0.006848399959573927,stem
GSE61917,0.0017116736805679804,0.006840095993693399,stem
GSE86977,0.0017116529663308122,0.0068226367615947855,stem
GSE90749,0.0017113541598404057,0.006570760778226967,stem
GSE92276,0.001711343099947823,0.006561437106881961,stem
GSE92277,0.0017113098006467072,0.006533364884555182,stem
GSE74246,0.0017111162977044509,0.006370225796980699,stem
GSE52249,0.001711073445759274,0.006334095545044566,stem
GSE104827,0.0017109916866998075,0.006265158581487787,stem
GSE108571,0.0017109095125576424,0.006195868312417857,stem
GSE84639,0.0017108740483922106,0.006165963454504988,stem
GSE42563,0.0017108253175435002,0.006124870566872903,stem
GSE39068,0.001710799124771037,0.006102782705637654,stem
GSE51607,0.0017107400620608418,0.0060529750170765645,stem
GSE100862,0.0017106966492372812,0.0060163638092419845,stem
GSE69626,0.0017106658563236735,0.005990394749438641,stem
GSE90552,0.0017103661711505788,0.005737632243454914,stem
GSE73016,0.0017103435633047484,0.005718562383924419,stem
GSE67070,0.0017102962005919157,0.005678610821849945,stem
GSE36695,0.0017102575929430857,0.005646043543641971,stem
GSE95540,0.0017102311264748228,0.0056237174694194845,stem
GSE84712,0.00171021157846096,0.005607227310049834,stem
GSE43143,0.0017101968724915141,0.00559482164008657,stem
GSE79636,0.0017101633427010587,0.005566536161733317,stem
GSE53665,0.0017100740540852534,0.005491210254016572,stem
GSE62247,0.0017097217960643177,0.005193999002829188,stem
GSE99651,0.0017096640741001016,0.005145291313966387,stem
GSE41009,0.0017095567750513053,0.005054744483287075,stem
GSE81474,0.0017094319530531928,0.0049494033476053,stem
GSE75797,0.0017094160112339698,0.004935949000540895,stem
GSE37686,0.0017092334222547163,0.0047818412335615505,stem
GSE74953,0.0017091880004456756,0.004743502005858296,stem
GSE71456,0.0017091880004456756,0.004743502005858296,stem
GSE61946,0.0017090422493775514,0.004620470888615659,stem
GSE76271,0.0017089601706243086,0.00455118210777944,stem
GSE30557,0.001708958928595244,0.004550133593101377,stem
GSE106170,0.0017088004203280934,0.0044163154580156485,stem
GSE96642,0.0017086925390080985,0.004325231235010664,stem
GSE76025,0.0017086777232240974,0.004312721816091879,stem
GSE62288,0.001708667809165857,0.004304351013360465,stem
GSE77260,0.0017085727374855154,0.004224076043003069,stem
GSE104690,0.001708520927542732,0.00418032778506497,stem
GSE64032,0.0017085006218229394,0.004163181296040411,stem
GSE85297,0.0017083964528344826,0.004075216057507269,stem
GSE73211,0.0017083931035789298,0.004072387698138372,stem
GSE39661,0.0017083827799124465,0.004063669594904549,stem
GSE66148,0.0017083340255368653,0.004022496913712343,stem
GSE61945,0.0017083002930518717,0.003994009411521262,stem
GSE84504,0.0017082394223934278,0.003942601961647224,stem
GSE119265,0.0017080455460984575,0.003778854281240372,stem
GSE69982,0.0017079779021566398,0.003721717917338061,stem
GSE69790,0.0017079260390162284,0.003677909486673228,stem
GSE62212,0.001707923932159425,0.003676129811401947,stem
GSE70685,0.001707828737565993,0.0035957160454308506,stem
GSE76098,0.001707785560712658,0.003559241767745282,stem
GSE67124,0.0017077734684724881,0.0035490265058935612,stem
GSE102702,0.0017076465383599648,0.003441794339076769,stem
GSE55275,0.0017076253985953908,0.003423934423919215,stem
GSE102244,0.0017075824529153474,0.003387651115656118,stem
GSE71560,0.0017075457172560048,0.003356613713299135,stem
GSE69622,0.0017075352377729355,0.0033477596343157584,stem
GSE97142,0.001707517627895216,0.0033328809871871405,stem
GSE85953,0.0017074873768608606,0.003307321424500213,stem
GSE85331,0.0017074827136390565,0.00330338135662662,stem
GSE84085,0.0017072823066312049,0.0031340425031462595,stem
GSE107923,0.0017072553942114007,0.0031113006751200285,stem
GSE77128,0.0017072164337641666,0.0030783772557162943,stem
GSE76011,0.001707131435003999,0.0030065466780983866,stem
GSE106847,0.0017071261793142137,0.0030021050931646953,stem
GSE53667,0.0017071245864159622,0.003000758931698515,stem
GSE49247,0.0017070831207995597,0.002965715815236749,stem
GSE60902,0.0017070503404772747,0.00293801214815006,stem
GSE80264,0.001706935083959275,0.0028406010661802886,stem
GSE60171,0.0017068980183009414,0.0028092729725884107,stem
GSE84070,0.001706841221182782,0.002761266423192178,stem
GSE46044,0.0017067881323003873,0.0027163927363140815,stem
GSE66507,0.0017066781710643858,0.0026234429217707146,stem
GSE61476,0.0017065990621386545,0.0025565687436329425,stem
GSE81928,0.0017065961660691423,0.002554120512668164,stem
GSE93705,0.0017065906842114696,0.0025494863398401414,stem
GSE76586,0.0017064723051686318,0.0024494091606921354,stem
GSE98288,0.00170646909536853,0.0024466955115868966,stem
GSE84684,0.0017064649651797222,0.0024432037342448335,stem
GSE105022,0.001706387850432912,0.002378007214598755,stem
GSE86237,0.00170634013376191,0.002337663767980227,stem
GSE93672,0.001706275325204708,0.0022828676825625916,stem
GSE95703,0.0017062590040984496,0.002269067745747793,stem
GSE109686,0.0017062316457874514,0.002245935257688864,stem
GSE99843,0.0017062314067134792,0.0022457331099565198,stem
GSE109185,0.0017062304369549535,0.002244913135474519,stem
GSE73853,0.001706185834120077,0.002207198927372427,stem
GSE64882,0.0017061655744273253,0.0021900678908736565,stem
GSE98323,0.0017061638778343997,0.0021886332895349574,stem
GSE76314,0.0017061576907840157,0.002183401644903992,stem
GSE98644,0.0017060667513770077,0.002106502933364499,stem
GSE103715,0.0017060598335807591,0.002100653050545972,stem
GSE92581,0.001706016704375993,0.0020641812486127636,stem
GSE75748,0.0017059981730831032,0.0020485101537824394,stem
GSE89179,0.001705928844454686,0.001989880489133274,stem
GSE56625,0.0017058872318372453,0.001954688488462189,stem
GSE117469,0.00170585631415645,0.0019285406938469069,stem
GSE81074,0.0017057156386424898,0.0018095621881679225,stem
GSE81080,0.0017057156386424898,0.0018095621881679225,stem
GSE90813,0.0017056910723077035,0.0017887838217211704,stem
GSE77308,0.0017056543883596166,0.0017577557416878539,stem
GSE94655,0.0017056310150710338,0.0017379857585055134,stem
GSE78508,0.0017056093995934255,0.0017197023550734182,stem
GSE55939,0.0017055825047257525,0.0016969530678413234,stem
GSE36710,0.0017055115538797151,0.0016369368783246856,stem
GSE92652,0.0017055007623589312,0.0016278082841858972,stem
GSE84582,0.0017054816686949228,0.0016116567296504507,stem
GSE47058,0.0017054566125968135,0.001590461207769899,stem
GSE68631,0.0017053968639115854,0.0015399171826569003,stem
GSE87231,0.0017053354952715548,0.0014880009234349409,stem
GSE87237,0.0017053159908042238,0.001471500264596684,stem
GSE52657,0.0017052626957968409,0.0014264120552768367,stem
GSE84666,0.0017052581664698818,0.0014225801258994225,stem
GSE76970,0.0017050413933447875,0.0012391724765082094,stem
GSE56568,0.0017049846926723892,0.001191195260599371,stem
GSE73114,0.001704976692736701,0.001184425994769052,stem
GSE73579,0.0017049642525736291,0.0011738995006976417,stem
GSE101668,0.001704892373411895,0.0011130759989693348,stem
GSE81084,0.001704886863187409,0.001108413190623926,stem
GSE58123,0.0017048667902537275,0.0010914271412946633,stem
GSE75839,0.0017047772242899583,0.0010156325004225522,stem
GSE73362,0.0017047312213886094,0.0009767012827974555,stem
GSE59089,0.001704669103941908,0.0009241310218912334,stem
GSE73583,0.0017045570234689878,0.0008292719914379591,stem
GSE72915,0.0017045185151156972,0.0007966791024282583,stem
GSE41716,0.0017044070524629641,0.0007023346450841188,stem
GSE102902,0.0017042962486415604,0.0006085417217426803,stem
GSE109795,0.001704218847090779,0.0005430194457064226,stem
GSE63392,0.001704142564018425,0.0004784410768461571,stem
GSE59822,0.0017041072132467975,0.00044851346810076176,stem
GSE45144,0.0017041057525718911,0.0004472768620175036,stem
GSE93902,0.0017040732017483988,0.00041971908863735184,stem
GSE54409,0.0017039665641459408,0.0003294352006216115,stem
GSE67528,0.001703966011317556,0.0003289671380932038,stem
GSE39872,0.0017039451992006283,0.00031134605818369316,stem
GSE66767,0.0017038485258083762,0.00022949238106582885,stem
GSE85861,0.001703736417413091,0.0001345640205563604,stem
GSE86985,0.0017036792168807964,8.612676890168434e-05,stem
GSE86982,0.0017036761421947025,8.352308721168254e-05,stem
GSE66993,0.0017035547818518443,-1.925008477413317e-05,stem
GSE101232,0.0017035277983587273,-4.2101865316626874e-05,stem
GSE64693,0.001703452242080907,-0.0001060908914003972,stem
GSE69687,0.0017033913482690174,-0.00015766426018789937,stem
GSE85011,0.0017033699298516706,-0.00017580480011282848,stem
GSE89623,0.0017033176354797378,-0.0002200969928150311,stem
GSE79735,0.001703317166481596,-0.00022049423016655414,stem
GSE94968,0.0017032711469001812,-0.00025947294774998766,stem
GSE100791,0.001703218114720543,-0.00030439266227237974,stem
GSE75297,0.0017032131105549847,-0.00030863140032821043,stem
GSE83142,0.0017031736706143892,-0.0003420391196320575,stem
GSE120306,0.0017030761448814848,-0.00042465190429544485,stem
GSE71191,0.0017028886168775443,-0.0005835177414430789,stem
GSE54178,0.0017028631621673056,-0.000605083249801808,stem
GSE93511,0.0017027542321137934,-0.0006973736217756914,stem
GSE98454,0.0017027299056751209,-0.0007179848658842205,stem
GSE47117,0.0017024993319990145,-0.0009133593774772869,stem
GSE76663,0.0017024189214794978,-0.0009815007242748185,stem
GSE66216,0.0017023654394772191,-0.0010268241346824637,stem
GSE43306,0.0017022724054731226,-0.0011056693467078361,stem
GSE82052,0.0017022396988079006,-0.001133388880242179,stem
GSE61549,0.0017021484472338332,-0.0012107291762157163,stem
GSE87497,0.001702016708238753,-0.0013223919107238989,stem
GSE77288,0.001702008382395937,-0.0013294492336414123,stem
GSE97919,0.0017019860345777462,-0.0013483923237464677,stem
GSE106688,0.0017019656947443826,-0.001365633565138848,stem
GSE74457,0.0017019482532285935,-0.001380418185854486,stem
GSE65761,0.0017019334071125118,-0.0013930028877830107,stem
GSE76371,0.0017018511703499523,-0.0014627150372133486,stem
GSE76308,0.0017017388181117415,-0.0015579615372370934,stem
GSE70874,0.001701724816817069,-0.0015698315617513623,stem
GSE86654,0.0017017081101072281,-0.0015839953122673454,stem
GSE46217,0.0017016457950296275,-0.0016368265228571752,stem
GSE99937,0.0017015839104705442,-0.0016892946512133602,stem
GSE32625,0.0017013741387002024,-0.001867161488712453,stem
GSE85761,0.0017013619646350452,-0.0018774846303821324,stem
GSE74041,0.0017013602105923956,-0.001878971997555794,stem
GSE54968,0.001701358918637736,-0.0018800675311625905,stem
GSE54879,0.001701335100392719,-0.0019002647418298582,stem
GSE67645,0.0017013194863818748,-0.0019135051430748755,stem
GSE74289,0.0017012928990149839,-0.0019360510331264194,stem
GSE102943,0.0017012539252025942,-0.001969101173957104,stem
GSE81617,0.0017012213435955229,-0.001996731248672611,stem
GSE81826,0.0017012188307005537,-0.0019988622728344192,stem
GSE65507,0.0017011843526195452,-0.0020281012276626028,stem
GSE58586,0.0017011007545692414,-0.0020989985739024056,stem
GSE57989,0.001701076469183014,-0.0021195950355049507,stem
GSE89726,0.0017010753588618077,-0.002120536707117017,stem
GSE61390,0.0017010679920890345,-0.00212678453705878,stem
GSE25842,0.0017010417181367726,-0.0021490679458033533,stem
GSE101661,0.0017010313003111665,-0.002157903585283983,stem
GSE69692,0.0017009525595494783,-0.0022246875037876227,stem
GSE97904,0.0017009408307299752,-0.0022346355578805837,stem
GSE67915,0.0017009307630816044,-0.0022431747081556853,stem
GSE100118,0.0017009253046281446,-0.002247804465312168,stem
GSE71594,0.001700876175353769,-0.0022894756568418015,stem
GSE26501,0.0017008480557351101,-0.002313327110772774,stem
GSE39821,0.001700840474843555,-0.002319757396528621,stem
GSE93656,0.0017008339039959377,-0.0023253309630821323,stem
GSE77057,0.0017007864908565003,-0.0023655486788786155,stem
GSE56152,0.0017007812753922682,-0.002369972712089626,stem
GSE101234,0.0017006990442690435,-0.00243972730277205,stem
GSE72712,0.0017006736621229493,-0.0024612590192045346,stem
GSE72994,0.0017006447364685995,-0.002485797091325829,stem
GSE74450,0.0017006187752331623,-0.0025078207572326134,stem
GSE52431,0.0017006149428558858,-0.002511071902052256,stem
GSE93841,0.001700594132121454,-0.002528726531744675,stem
GSE32991,0.001700527476728752,-0.0025852745859288036,stem
GSE96106,0.0017004989067278939,-0.0026095130327444416,stem
GSE104537,0.001700482408666211,-0.0026235099763127993,stem
GSE71204,0.0017004803782805526,-0.0026252325634178206,stem
GSE54322,0.0017004387682699664,-0.002660535111546764,stem
GSE76234,0.0017004152465219025,-0.002680491692533703,stem
GSE85556,0.0017003950186951398,-0.002697653829249901,stem
GSE81791,0.0017003742337270307,-0.00271528888072838,stem
GSE93593,0.001700365384960759,-0.002722796701173253,stem
GSE114976,0.0017003601789087374,-0.0027272138440992974,stem
GSE93801,0.001700346725004126,-0.0027386290480624926,stem
GSE71858,0.0017003217705495119,-0.002759802336765993,stem
GSE84826,0.0017003164145194935,-0.002764346847252422,stem
GSE43093,0.0017001948798267706,-0.002867471044400934,stem
GSE40953,0.00170018938626317,-0.00287213259812131,stem
GSE63569,0.0017001469526308603,-0.0029081400896174936,stem
GSE67543,0.0017001146043603794,-0.002935590148163535,stem
GSE69797,0.0017000661718995886,-0.002976689887032354,stem
GSE74798,0.001700059678394592,-0.002982200358037903,stem
GSE78711,0.0017000143683203366,-0.0030206516497077148,stem
GSE107654,0.0017000137072255286,-0.003021212679310834,stem
GSE69905,0.0017000100340480028,-0.003024329878133073,stem
GSE59100,0.0016999756885500168,-0.003053477106189604,stem
GSE57821,0.001699973466201491,-0.0030553631174511007,stem
GSE79253,0.001699970342093913,-0.0030580144168632977,stem
GSE95561,0.0016999542352052013,-0.003071683736838106,stem
GSE75140,0.001699941784064419,-0.0030822506476837408,stem
GSE79271,0.0016999368816998353,-0.003086411159142475,stem
GSE44568,0.0016998915340397758,-0.003124897127425369,stem
GSE60138,0.0016998373251405857,-0.003170904861147421,stem
GSE57096,0.0016998336071537747,-0.003174060414282426,stem
GSE82022,0.0016997915146899903,-0.0032097858761126166,stem
GSE44615,0.0016997855305682505,-0.003214864897792821,stem
GSE99385,0.0016997793120414912,-0.0032201428896138392,stem
GSE97033,0.001699772148743695,-0.0032262227824032845,stem
GSE63055,0.0016997648413704003,-0.0032324249865534112,stem
GSE60560,0.0016997349529207315,-0.003257793376450438,stem
GSE80819,0.0016997319569694528,-0.0032603362716555006,stem
GSE83126,0.0016997236225289624,-0.0032674103784840268,stem
GSE87750,0.00169970775209551,-0.003280880981720696,stem
GSE62591,0.001699692883353318,-0.003293501477463914,stem
GSE88931,0.0016996736306989458,-0.003309843174584464,stem
GSE97575,0.0016996593991693925,-0.0033219230484483027,stem
GSE64752,0.001699600348563501,-0.003372046912237361,stem
GSE90657,0.0016995933479049333,-0.0033779893893660356,stem
GSE53220,0.0016995291284917014,-0.0034325028878663204,stem
GSE89777,0.0016995100046214584,-0.003448736836157012,stem
GSE122383,0.0016995018072738601,-0.0034556954896615226,stem
GSE81214,0.0016994616379766877,-0.0034897953243687167,stem
GSE41761,0.0016994391729217467,-0.0035088663271195396,stem
GSE50243,0.0016993940770253385,-0.0035471498328592506,stem
GSE94888,0.0016993390976732584,-0.0035938251289340368,stem
GSE46562,0.001699317964565109,-0.003611766703954777,stem
GSE83484,0.0016992901750840532,-0.0036353597425527705,stem
GSE60477,0.0016992890037773702,-0.003636354180671684,stem
GSE86821,0.0016992702206782592,-0.0036523011053245656,stem
GSE83660,0.001699263956594601,-0.0036576193760601153,stem
GSE59223,0.0016992442196720225,-0.0036743763522685026,stem
GSE101770,0.0016991964162889918,-0.003714963027763529,stem
GSE72932,0.0016991765072801744,-0.003731866780786687,stem
GSE97881,0.001699158116712042,-0.003747481477030306,stem
GSE69599,0.0016991532505811464,-0.003751613142526816,stem
GSE63734,0.0016991183524653545,-0.0037812442871040398,stem
GSE93530,0.00169910261775008,-0.003794604451669917,stem
GSE96049,0.001699091105863217,-0.0038043791398949967,stem
GSE99317,0.001699049069998297,-0.0038400721547348746,stem
GSE70935,0.0016990314704431189,-0.003855016350833643,stem
GSE60237,0.0016990294414124059,-0.003856739258470227,stem
GSE40228,0.0016990103291440514,-0.0038729681296061315,stem
GSE76023,0.001698997560939909,-0.003883810143746972,stem
GSE85417,0.0016989696743245541,-0.003907490114090948,stem
GSE90897,0.0016988854120983533,-0.00397904389893887,stem
GSE81383,0.0016988574747153508,-0.004002768545127043,stem
GSE107218,0.0016988314748718125,-0.004024848168008207,stem
GSE101133,0.0016987348436623834,-0.004106912418478137,stem
GSE76490,0.0016987104257841633,-0.00412765008988936,stem
GSE53172,0.0016986683395938925,-0.0041633938454078735,stem
GSE71878,0.0016986454621903404,-0.004182823970841794,stem
GSE97080,0.001698634623325154,-0.004192029674616425,stem
GSE103547,0.0016985573676192584,-0.004257646468775992,stem
GSE63015,0.0016984189467936619,-0.0043752210529183905,stem
GSE63738,0.0016984138599689777,-0.004379541981950352,stem
GSE52202,0.0016984075527830798,-0.0043848995469861485,stem
GSE40291,0.0016983767151367637,-0.004411094510166086,stem
GSE99821,0.0016983545291662302,-0.004429940622716325,stem
GSE33281,0.001698342871974388,-0.004439843049029466,stem
GSE84320,0.0016982993288798427,-0.004476832171141369,stem
GSE58933,0.0016981584096939964,-0.004596547136762411,stem
GSE83256,0.0016981554946503788,-0.004599023656359415,stem
GSE117588,0.0016981286534240652,-0.004621827227796104,stem
GSE122550,0.0016979842081637512,-0.004744550158012947,stem
GSE74760,0.0016979638967896198,-0.004761807853258965,stem
GSE36597,0.0016978919015557532,-0.004822980749312516,stem
GSE57662,0.0016978527017749963,-0.00485628910191895,stem
GSE81975,0.0016978414074416866,-0.004865886125756718,stem
GSE109483,0.0016978279888099977,-0.004877288291947869,stem
GSE71709,0.0016976591849089096,-0.005020733128416772,stem
GSE77704,0.0016976559254978266,-0.005023503025202705,stem
GSE77702,0.0016976559254978266,-0.005023503025202705,stem
GSE54392,0.0016974851049310986,-0.0051686763670459905,stem
GSE92744,0.001697459092941483,-0.005190784163955527,stem
GSE67892,0.001697429097881029,-0.005216277625027941,stem
GSE41616,0.0016974177124152868,-0.005225954500529251,stem
GSE67122,0.0016974125150145854,-0.0052303719610296805,stem
GSE56398,0.0016974000128175465,-0.0052409980898780375,stem
GSE68378,0.0016973999998834424,-0.005241009083142737,stem
GSE95106,0.0016970747536338528,-0.005517476688212132,stem
GSE70674,0.0016970691926666342,-0.005522204112832751,stem
GSE61220,0.001697038268462845,-0.005548493319030441,stem
GSE38993,0.0016968984704161855,-0.005667344060380699,stem
GSE86874,0.00169684206106249,-0.005715303822824962,stem
GSE40665,0.0016955678165484233,-0.006799103477997783,stem
GSE97726,0.0016944553559054942,-0.007745965153392633,stem
GSE79920,0.0016925920071113618,-0.009333332584563868,
GSE79923,0.0016925920071113618,-0.009333332584563868,
GSE97929,0.0016925920071113618,-0.009333332584563868,
GSE79782,0.0016925920071113618,-0.009333332584563868,
GSE97930,0.0016925920071113618,-0.009333332584563868,
GSE80016,0.0016925920071113618,-0.009333332584563868,
GSE79779,0.0016925920071113618,-0.009333332584563868,
GSE79933,0.0016925920071113618,-0.009333332584563868,
GSE79953,0.0016925920071113618,-0.009333332584563868,
GSE98011,0.0016925920071113618,-0.009333332584563868,
GSE79968,0.0016925920071113618,-0.009333332584563868,
GSE79955,0.0016925920071113618,-0.009333332584563868,
GSE79917,0.0016925920071113618,-0.009333332584563868,
GSE79842,0.0016925920071113618,-0.009333332584563868,
GSE79859,0.0016925920071113618,-0.009333332584563868,
GSE97979,0.0016925920071113618,-0.009333332584563868,
GSE79978,0.0016925920071113618,-0.009333332584563868,
GSE79861,0.0016925920071113618,-0.009333332584563868,
GSE79835,0.0016925920071113618,-0.009333332584563868,
GSE79871,0.0016925920071113618,-0.009333332584563868,
GSE79970,0.0016925920071113618,-0.009333332584563868,
GSE79804,0.0016925920071113618,-0.009333332584563868,
GSE79988,0.0016925920071113618,-0.009333332584563868,
GSE79884,0.0016925920071113618,-0.009333332584563868,
GSE79989,0.0016925920071113618,-0.009333332584563868,
GSE79833,0.0016925920071113618,-0.009333332584563868,
GSE79820,0.0016925920071113618,-0.009333332584563868,
GSE79888,0.0016925920071113618,-0.009333332584563868,
GSE79899,0.0016925920071113618,-0.009333332584563868,
GSE97949,0.0016925920071113618,-0.009333332584563868,
GSE79872,0.0016925920071113618,-0.009333332584563868,
GSE78968,0.0016925920071113618,-0.009333332584563868,
GSE79027,0.0016925920071113618,-0.009333332584563868,
GSE79029,0.0016925920071113618,-0.009333332584563868,
GSE79044,0.0016925920071113618,-0.009333332584563868,
GSE79051,0.0016925920071113618,-0.009333332584563868,
GSE79102,0.0016925920071113618,-0.009333332584563868,
GSE79111,0.0016925920071113618,-0.009333332584563868,
GSE79112,0.0016925920071113618,-0.009333332584563868,
GSE79120,0.0016925920071113618,-0.009333332584563868,
GSE79426,0.0016925920071113618,-0.009333332584563868,
GSE98212,0.0016925920071113618,-0.009333332584563868,
GSE79130,0.0016925920071113618,-0.009333332584563868,
GSE79133,0.0016925920071113618,-0.009333332584563868,
GSE79134,0.0016925920071113618,-0.009333332584563868,
GSE79147,0.0016925920071113618,-0.009333332584563868,
GSE79157,0.0016925920071113618,-0.009333332584563868,
GSE79160,0.0016925920071113618,-0.009333332584563868,
GSE98183,0.0016925920071113618,-0.009333332584563868,
GSE79183,0.0016925920071113618,-0.009333332584563868,
GSE79123,0.0016925920071113618,-0.009333332584563868,
GSE78519,0.0016925920071113618,-0.009333332584563868,
GSE78522,0.0016925920071113618,-0.009333332584563868,
GSE98368,0.0016925920071113618,-0.009333332584563868,
GSE78527,0.0016925920071113618,-0.009333332584563868,
GSE78705,0.0016925920071113618,-0.009333332584563868,
GSE78725,0.0016925920071113618,-0.009333332584563868,
GSE78740,0.0016925920071113618,-0.009333332584563868,
GSE78785,0.0016925920071113618,-0.009333332584563868,
GSE78801,0.0016925920071113618,-0.009333332584563868,
GSE98273,0.0016925920071113618,-0.009333332584563868,
GSE78913,0.0016925920071113618,-0.009333332584563868,
GSE78918,0.0016925920071113618,-0.009333332584563868,
GSE78922,0.0016925920071113618,-0.009333332584563868,
GSE78925,0.0016925920071113618,-0.009333332584563868,
GSE78930,0.0016925920071113618,-0.009333332584563868,
GSE78936,0.0016925920071113618,-0.009333332584563868,
GSE98310,0.0016925920071113618,-0.009333332584563868,
GSE78957,0.0016925920071113618,-0.009333332584563868,
GSE98274,0.0016925920071113618,-0.009333332584563868,
GSE78853,0.0016925920071113618,-0.009333332584563868,
GSE79564,0.0016925920071113618,-0.009333332584563868,
GSE79572,0.0016925920071113618,-0.009333332584563868,
GSE98052,0.0016925920071113618,-0.009333332584563868,
GSE79577,0.0016925920071113618,-0.009333332584563868,
GSE79586,0.0016925920071113618,-0.009333332584563868,
GSE79608,0.0016925920071113618,-0.009333332584563868,
GSE79613,0.0016925920071113618,-0.009333332584563868,
GSE98050,0.0016925920071113618,-0.009333332584563868,
GSE79657,0.0016925920071113618,-0.009333332584563868,
GSE79209,0.0016925920071113618,-0.009333332584563868,
GSE79666,0.0016925920071113618,-0.009333332584563868,
GSE98030,0.0016925920071113618,-0.009333332584563868,
GSE79668,0.0016925920071113618,-0.009333332584563868,
GSE79669,0.0016925920071113618,-0.009333332584563868,
GSE79671,0.0016925920071113618,-0.009333332584563868,
GSE79680,0.0016925920071113618,-0.009333332584563868,
GSE79684,0.0016925920071113618,-0.009333332584563868,
GSE79688,0.0016925920071113618,-0.009333332584563868,
GSE79724,0.0016925920071113618,-0.009333332584563868,
GSE79664,0.0016925920071113618,-0.009333332584563868,
GSE79210,0.0016925920071113618,-0.009333332584563868,
GSE79249,0.0016925920071113618,-0.009333332584563868,
GSE79256,0.0016925920071113618,-0.009333332584563868,
GSE79272,0.0016925920071113618,-0.009333332584563868,
GSE79293,0.0016925920071113618,-0.009333332584563868,
GSE79301,0.0016925920071113618,-0.009333332584563868,
GSE79304,0.0016925920071113618,-0.009333332584563868,
GSE79309,0.0016925920071113618,-0.009333332584563868,
GSE79338,0.0016925920071113618,-0.009333332584563868,
GSE98088,0.0016925920071113618,-0.009333332584563868,
GSE79343,0.0016925920071113618,-0.009333332584563868,
GSE79362,0.0016925920071113618,-0.009333332584563868,
GSE79373,0.0016925920071113618,-0.009333332584563868,
GSE79395,0.0016925920071113618,-0.009333332584563868,
GSE79400,0.0016925920071113618,-0.009333332584563868,
GSE80043,0.0016925920071113618,-0.009333332584563868,
GSE98091,0.0016925920071113618,-0.009333332584563868,
GSE79463,0.0016925920071113618,-0.009333332584563868,
GSE79477,0.0016925920071113618,-0.009333332584563868,
GSE98177,0.0016925920071113618,-0.009333332584563868,
GSE81167,0.0016925920071113618,-0.009333332584563868,
GSE81194,0.0016925920071113618,-0.009333332584563868,
GSE81198,0.0016925920071113618,-0.009333332584563868,
GSE81201,0.0016925920071113618,-0.009333332584563868,
GSE81236,0.0016925920071113618,-0.009333332584563868,
GSE81239,0.0016925920071113618,-0.009333332584563868,
GSE81252,0.0016925920071113618,-0.009333332584563868,
GSE81259,0.0016925920071113618,-0.009333332584563868,
GSE81266,0.0016925920071113618,-0.009333332584563868,
GSE80336,0.0016925920071113618,-0.009333332584563868,
GSE81301,0.0016925920071113618,-0.009333332584563868,
GSE81322,0.0016925920071113618,-0.009333332584563868,
GSE81328,0.0016925920071113618,-0.009333332584563868,
GSE81345,0.0016925920071113618,-0.009333332584563868,
GSE81396,0.0016925920071113618,-0.009333332584563868,
GSE81402,0.0016925920071113618,-0.009333332584563868,
GSE81405,0.0016925920071113618,-0.009333332584563868,
GSE81412,0.0016925920071113618,-0.009333332584563868,
GSE81417,0.0016925920071113618,-0.009333332584563868,
GSE81268,0.0016925920071113618,-0.009333332584563868,
GSE81046,0.0016925920071113618,-0.009333332584563868,
GSE81062,0.0016925920071113618,-0.009333332584563868,
GSE81063,0.0016925920071113618,-0.009333332584563868,
GSE97679,0.0016925920071113618,-0.009333332584563868,
GSE81076,0.0016925920071113618,-0.009333332584563868,
GSE97672,0.0016925920071113618,-0.009333332584563868,
GSE97668,0.0016925920071113618,-0.009333332584563868,
GSE97647,0.0016925920071113618,-0.009333332584563868,
GSE97632,0.0016925920071113618,-0.009333332584563868,
GSE81162,0.0016925920071113618,-0.009333332584563868,
GSE81087,0.0016925920071113618,-0.009333332584563868,
GSE97590,0.0016925920071113618,-0.009333332584563868,
GSE81089,0.0016925920071113618,-0.009333332584563868,
GSE81144,0.0016925920071113618,-0.009333332584563868,
GSE97589,0.0016925920071113618,-0.009333332584563868,
GSE97577,0.0016925920071113618,-0.009333332584563868,
GSE81147,0.0016925920071113618,-0.009333332584563868,
GSE81148,0.0016925920071113618,-0.009333332584563868,
GSE81157,0.0016925920071113618,-0.009333332584563868,
GSE97591,0.0016925920071113618,-0.009333332584563868,
GSE81579,0.0016925920071113618,-0.009333332584563868,
GSE81593,0.0016925920071113618,-0.009333332584563868,
GSE81601,0.0016925920071113618,-0.009333332584563868,
GSE81608,0.0016925920071113618,-0.009333332584563868,
GSE81620,0.0016925920071113618,-0.009333332584563868,
GSE81626,0.0016925920071113618,-0.009333332584563868,
GSE81662,0.0016925920071113618,-0.009333332584563868,
GSE81671,0.0016925920071113618,-0.009333332584563868,
GSE97384,0.0016925920071113618,-0.009333332584563868,
GSE81429,0.0016925920071113618,-0.009333332584563868,
GSE97358,0.0016925920071113618,-0.009333332584563868,
GSE81698,0.0016925920071113618,-0.009333332584563868,
GSE81747,0.0016925920071113618,-0.009333332584563868,
GSE81748,0.0016925920071113618,-0.009333332584563868,
GSE81749,0.0016925920071113618,-0.009333332584563868,
GSE81750,0.0016925920071113618,-0.009333332584563868,
GSE81781,0.0016925920071113618,-0.009333332584563868,
GSE81796,0.0016925920071113618,-0.009333332584563868,
GSE81802,0.0016925920071113618,-0.009333332584563868,
GSE81687,0.0016925920071113618,-0.009333332584563868,
GSE81439,0.0016925920071113618,-0.009333332584563868,
GSE81443,0.0016925920071113618,-0.009333332584563868,
GSE97527,0.0016925920071113618,-0.009333332584563868,
GSE81460,0.0016925920071113618,-0.009333332584563868,
GSE81469,0.0016925920071113618,-0.009333332584563868,
GSE97513,0.0016925920071113618,-0.009333332584563868,
GSE97460,0.0016925920071113618,-0.009333332584563868,
GSE97443,0.0016925920071113618,-0.009333332584563868,
GSE97404,0.0016925920071113618,-0.009333332584563868,
GSE81550,0.0016925920071113618,-0.009333332584563868,
GSE97398,0.0016925920071113618,-0.009333332584563868,
GSE81493,0.0016925920071113618,-0.009333332584563868,
GSE81497,0.0016925920071113618,-0.009333332584563868,
GSE81498,0.0016925920071113618,-0.009333332584563868,
GSE97395,0.0016925920071113618,-0.009333332584563868,
GSE81507,0.0016925920071113618,-0.009333332584563868,
GSE81513,0.0016925920071113618,-0.009333332584563868,
GSE81518,0.0016925920071113618,-0.009333332584563868,
GSE81534,0.0016925920071113618,-0.009333332584563868,
GSE81547,0.0016925920071113618,-0.009333332584563868,
GSE81485,0.0016925920071113618,-0.009333332584563868,
GSE80237,0.0016925920071113618,-0.009333332584563868,
GSE80239,0.0016925920071113618,-0.009333332584563868,
GSE80249,0.0016925920071113618,-0.009333332584563868,
GSE80258,0.0016925920071113618,-0.009333332584563868,
GSE97862,0.0016925920071113618,-0.009333332584563868,
GSE80297,0.0016925920071113618,-0.009333332584563868,
GSE80306,0.0016925920071113618,-0.009333332584563868,
GSE80333,0.0016925920071113618,-0.009333332584563868,
GSE78512,0.0016925920071113618,-0.009333332584563868,
GSE81043,0.0016925920071113618,-0.009333332584563868,
GSE80351,0.0016925920071113618,-0.009333332584563868,
GSE80358,0.0016925920071113618,-0.009333332584563868,
GSE80361,0.0016925920071113618,-0.009333332584563868,
GSE80372,0.0016925920071113618,-0.009333332584563868,
GSE80386,0.0016925920071113618,-0.009333332584563868,
GSE80388,0.0016925920071113618,-0.009333332584563868,
GSE80389,0.0016925920071113618,-0.009333332584563868,
GSE80397,0.0016925920071113618,-0.009333332584563868,
GSE80409,0.0016925920071113618,-0.009333332584563868,
GSE80338,0.0016925920071113618,-0.009333332584563868,
GSE80045,0.0016925920071113618,-0.009333332584563868,
GSE80048,0.0016925920071113618,-0.009333332584563868,
GSE80062,0.0016925920071113618,-0.009333332584563868,
GSE80064,0.0016925920071113618,-0.009333332584563868,
GSE80072,0.0016925920071113618,-0.009333332584563868,
GSE80073,0.0016925920071113618,-0.009333332584563868,
GSE80082,0.0016925920071113618,-0.009333332584563868,
GSE80095,0.0016925920071113618,-0.009333332584563868,
GSE80098,0.0016925920071113618,-0.009333332584563868,
GSE80207,0.0016925920071113618,-0.009333332584563868,
GSE80126,0.0016925920071113618,-0.009333332584563868,
GSE80131,0.0016925920071113618,-0.009333332584563868,
GSE80135,0.0016925920071113618,-0.009333332584563868,
GSE80136,0.0016925920071113618,-0.009333332584563868,
GSE80137,0.0016925920071113618,-0.009333332584563868,
GSE80170,0.0016925920071113618,-0.009333332584563868,
GSE80176,0.0016925920071113618,-0.009333332584563868,
GSE80182,0.0016925920071113618,-0.009333332584563868,
GSE80183,0.0016925920071113618,-0.009333332584563868,
GSE80106,0.0016925920071113618,-0.009333332584563868,
GSE97768,0.0016925920071113618,-0.009333332584563868,
GSE80714,0.0016925920071113618,-0.009333332584563868,
GSE80715,0.0016925920071113618,-0.009333332584563868,
GSE80716,0.0016925920071113618,-0.009333332584563868,
GSE80722,0.0016925920071113618,-0.009333332584563868,
GSE80727,0.0016925920071113618,-0.009333332584563868,
GSE80746,0.0016925920071113618,-0.009333332584563868,
GSE97725,0.0016925920071113618,-0.009333332584563868,
GSE80753,0.0016925920071113618,-0.009333332584563868,
GSE80411,0.0016925920071113618,-0.009333332584563868,
GSE80774,0.0016925920071113618,-0.009333332584563868,
GSE80780,0.0016925920071113618,-0.009333332584563868,
GSE97681,0.0016925920071113618,-0.009333332584563868,
GSE80802,0.0016925920071113618,-0.009333332584563868,
GSE80829,0.0016925920071113618,-0.009333332584563868,
GSE80963,0.0016925920071113618,-0.009333332584563868,
GSE80979,0.0016925920071113618,-0.009333332584563868,
GSE80988,0.0016925920071113618,-0.009333332584563868,
GSE81032,0.0016925920071113618,-0.009333332584563868,
GSE97710,0.0016925920071113618,-0.009333332584563868,
GSE80434,0.0016925920071113618,-0.009333332584563868,
GSE80442,0.0016925920071113618,-0.009333332584563868,
GSE80450,0.0016925920071113618,-0.009333332584563868,
GSE80463,0.0016925920071113618,-0.009333332584563868,
GSE80467,0.0016925920071113618,-0.009333332584563868,
GSE80492,0.0016925920071113618,-0.009333332584563868,
GSE80525,0.0016925920071113618,-0.009333332584563868,
GSE80538,0.0016925920071113618,-0.009333332584563868,
GSE97861,0.0016925920071113618,-0.009333332584563868,
GSE80688,0.0016925920071113618,-0.009333332584563868,
GSE80563,0.0016925920071113618,-0.009333332584563868,
GSE80589,0.0016925920071113618,-0.009333332584563868,
GSE80591,0.0016925920071113618,-0.009333332584563868,
GSE80609,0.0016925920071113618,-0.009333332584563868,
GSE80611,0.0016925920071113618,-0.009333332584563868,
GSE80619,0.0016925920071113618,-0.009333332584563868,
GSE97815,0.0016925920071113618,-0.009333332584563868,
GSE97774,0.0016925920071113618,-0.009333332584563868,
GSE80635,0.0016925920071113618,-0.009333332584563868,
GSE80651,0.0016925920071113618,-0.009333332584563868,
GSE80551,0.0016925920071113618,-0.009333332584563868,
GSE75035,0.0016925920071113618,-0.009333332584563868,
GSE75042,0.0016925920071113618,-0.009333332584563868,
GSE75059,0.0016925920071113618,-0.009333332584563868,
GSE75061,0.0016925920071113618,-0.009333332584563868,
GSE75070,0.0016925920071113618,-0.009333332584563868,
GSE75130,0.0016925920071113618,-0.009333332584563868,
GSE75146,0.0016925920071113618,-0.009333332584563868,
GSE100258,0.0016925920071113618,-0.009333332584563868,
GSE75168,0.0016925920071113618,-0.009333332584563868,
GSE77682,0.0016925920071113618,-0.009333332584563868,
GSE75215,0.0016925920071113618,-0.009333332584563868,
GSE75217,0.0016925920071113618,-0.009333332584563868,
GSE75220,0.0016925920071113618,-0.009333332584563868,
GSE100040,0.0016925920071113618,-0.009333332584563868,
GSE75234,0.0016925920071113618,-0.009333332584563868,
GSE75247,0.0016925920071113618,-0.009333332584563868,
GSE75291,0.0016925920071113618,-0.009333332584563868,
GSE100210,0.0016925920071113618,-0.009333332584563868,
GSE75299,0.0016925920071113618,-0.009333332584563868,
GSE75327,0.0016925920071113618,-0.009333332584563868,
GSE75189,0.0016925920071113618,-0.009333332584563868,
GSE100327,0.0016925920071113618,-0.009333332584563868,
GSE74850,0.0016925920071113618,-0.009333332584563868,
GSE74863,0.0016925920071113618,-0.009333332584563868,
GSE74866,0.0016925920071113618,-0.009333332584563868,
GSE74881,0.0016925920071113618,-0.009333332584563868,
GSE100291,0.0016925920071113618,-0.009333332584563868,
GSE74886,0.0016925920071113618,-0.009333332584563868,
GSE74896,0.0016925920071113618,-0.009333332584563868,
GSE74924,0.0016925920071113618,-0.009333332584563868,
GSE75011,0.0016925920071113618,-0.009333332584563868,
GSE74928,0.0016925920071113618,-0.009333332584563868,
GSE74935,0.0016925920071113618,-0.009333332584563868,
GSE74941,0.0016925920071113618,-0.009333332584563868,
GSE100268,0.0016925920071113618,-0.009333332584563868,
GSE74958,0.0016925920071113618,-0.009333332584563868,
GSE100266,0.0016925920071113618,-0.009333332584563868,
GSE74974,0.0016925920071113618,-0.009333332584563868,
GSE74978,0.0016925920071113618,-0.009333332584563868,
GSE74981,0.0016925920071113618,-0.009333332584563868,
GSE74999,0.0016925920071113618,-0.009333332584563868,
GSE74927,0.0016925920071113618,-0.009333332584563868,
GSE75699,0.0016925920071113618,-0.009333332584563868,
GSE75719,0.0016925920071113618,-0.009333332584563868,
GSE75733,0.0016925920071113618,-0.009333332584563868,
GSE75741,0.0016925920071113618,-0.009333332584563868,
GSE75742,0.0016925920071113618,-0.009333332584563868,
GSE75746,0.0016925920071113618,-0.009333332584563868,
GSE75747,0.0016925920071113618,-0.009333332584563868,
GSE100092,0.0016925920071113618,-0.009333332584563868,
GSE75792,0.0016925920071113618,-0.009333332584563868,
GSE75354,0.0016925920071113618,-0.009333332584563868,
GSE75823,0.0016925920071113618,-0.009333332584563868,
GSE99951,0.0016925920071113618,-0.009333332584563868,
GSE75844,0.0016925920071113618,-0.009333332584563868,
GSE75852,0.0016925920071113618,-0.009333332584563868,
GSE75853,0.0016925920071113618,-0.009333332584563868,
GSE75859,0.0016925920071113618,-0.009333332584563868,
GSE75885,0.0016925920071113618,-0.009333332584563868,
GSE75906,0.0016925920071113618,-0.009333332584563868,
GSE75935,0.0016925920071113618,-0.009333332584563868,
GSE75949,0.0016925920071113618,-0.009333332584563868,
GSE100075,0.0016925920071113618,-0.009333332584563868,
GSE75364,0.0016925920071113618,-0.009333332584563868,
GSE75367,0.0016925920071113618,-0.009333332584563868,
GSE75369,0.0016925920071113618,-0.009333332584563868,
GSE75428,0.0016925920071113618,-0.009333332584563868,
GSE100206,0.0016925920071113618,-0.009333332584563868,
GSE75440,0.0016925920071113618,-0.009333332584563868,
GSE75452,0.0016925920071113618,-0.009333332584563868,
GSE100183,0.0016925920071113618,-0.009333332584563868,
GSE75487,0.0016925920071113618,-0.009333332584563868,
GSE75489,0.0016925920071113618,-0.009333332584563868,
GSE100099,0.0016925920071113618,-0.009333332584563868,
GSE75515,0.0016925920071113618,-0.009333332584563868,
GSE75524,0.0016925920071113618,-0.009333332584563868,
GSE75530,0.0016925920071113618,-0.009333332584563868,
GSE75591,0.0016925920071113618,-0.009333332584563868,
GSE75602,0.0016925920071113618,-0.009333332584563868,
GSE75627,0.0016925920071113618,-0.009333332584563868,
GSE75652,0.0016925920071113618,-0.009333332584563868,
GSE75664,0.0016925920071113618,-0.009333332584563868,
GSE75665,0.0016925920071113618,-0.009333332584563868,
GSE75688,0.0016925920071113618,-0.009333332584563868,
GSE75491,0.0016925920071113618,-0.009333332584563868,
GSE73929,0.0016925920071113618,-0.009333332584563868,
GSE100562,0.0016925920071113618,-0.009333332584563868,
GSE73934,0.0016925920071113618,-0.009333332584563868,
GSE73941,0.0016925920071113618,-0.009333332584563868,
GSE100530,0.0016925920071113618,-0.009333332584563868,
GSE73942,0.0016925920071113618,-0.009333332584563868,
GSE73982,0.0016925920071113618,-0.009333332584563868,
GSE73986,0.0016925920071113618,-0.009333332584563868,
GSE74009,0.0016925920071113618,-0.009333332584563868,
GSE74791,0.0016925920071113618,-0.009333332584563868,
GSE100520,0.0016925920071113618,-0.009333332584563868,
GSE74029,0.0016925920071113618,-0.009333332584563868,
GSE74031,0.0016925920071113618,-0.009333332584563868,
GSE74053,0.0016925920071113618,-0.009333332584563868,
GSE74085,0.0016925920071113618,-0.009333332584563868,
GSE74102,0.0016925920071113618,-0.009333332584563868,
GSE74118,0.0016925920071113618,-0.009333332584563868,
GSE100501,0.0016925920071113618,-0.009333332584563868,
GSE74142,0.0016925920071113618,-0.009333332584563868,
GSE100427,0.0016925920071113618,-0.009333332584563868,
GSE74016,0.0016925920071113618,-0.009333332584563868,
GSE100688,0.0016925920071113618,-0.009333332584563868,
GSE100684,0.0016925920071113618,-0.009333332584563868,
GSE73588,0.0016925920071113618,-0.009333332584563868,
GSE100669,0.0016925920071113618,-0.009333332584563868,
GSE73628,0.0016925920071113618,-0.009333332584563868,
GSE73632,0.0016925920071113618,-0.009333332584563868,
GSE73663,0.0016925920071113618,-0.009333332584563868,
GSE73678,0.0016925920071113618,-0.009333332584563868,
GSE73696,0.0016925920071113618,-0.009333332584563868,
GSE73708,0.0016925920071113618,-0.009333332584563868,
GSE100568,0.0016925920071113618,-0.009333332584563868,
GSE73719,0.0016925920071113618,-0.009333332584563868,
GSE73727,0.0016925920071113618,-0.009333332584563868,
GSE100624,0.0016925920071113618,-0.009333332584563868,
GSE73737,0.0016925920071113618,-0.009333332584563868,
GSE73742,0.0016925920071113618,-0.009333332584563868,
GSE73784,0.0016925920071113618,-0.009333332584563868,
GSE100618,0.0016925920071113618,-0.009333332584563868,
GSE73857,0.0016925920071113618,-0.009333332584563868,
GSE73887,0.0016925920071113618,-0.009333332584563868,
GSE73893,0.0016925920071113618,-0.009333332584563868,
GSE73718,0.0016925920071113618,-0.009333332584563868,
GSE74461,0.0016925920071113618,-0.009333332584563868,
GSE74484,0.0016925920071113618,-0.009333332584563868,
GSE74493,0.0016925920071113618,-0.009333332584563868,
GSE74508,0.0016925920071113618,-0.009333332584563868,
GSE74516,0.0016925920071113618,-0.009333332584563868,
GSE74550,0.0016925920071113618,-0.009333332584563868,
GSE100392,0.0016925920071113618,-0.009333332584563868,
GSE100382,0.0016925920071113618,-0.009333332584563868,
GSE74620,0.0016925920071113618,-0.009333332584563868,
GSE74207,0.0016925920071113618,-0.009333332584563868,
GSE74658,0.0016925920071113618,-0.009333332584563868,
GSE100359,0.0016925920071113618,-0.009333332584563868,
GSE74697,0.0016925920071113618,-0.009333332584563868,
GSE74698,0.0016925920071113618,-0.009333332584563868,
GSE74716,0.0016925920071113618,-0.009333332584563868,
GSE74718,0.0016925920071113618,-0.009333332584563868,
GSE74729,0.0016925920071113618,-0.009333332584563868,
GSE100338,0.0016925920071113618,-0.009333332584563868,
GSE74734,0.0016925920071113618,-0.009333332584563868,
GSE74737,0.0016925920071113618,-0.009333332584563868,
GSE74639,0.0016925920071113618,-0.009333332584563868,
GSE74220,0.0016925920071113618,-0.009333332584563868,
GSE74230,0.0016925920071113618,-0.009333332584563868,
GSE74232,0.0016925920071113618,-0.009333332584563868,
GSE74235,0.0016925920071113618,-0.009333332584563868,
GSE100417,0.0016925920071113618,-0.009333332584563868,
GSE74251,0.0016925920071113618,-0.009333332584563868,
GSE74263,0.0016925920071113618,-0.009333332584563868,
GSE74270,0.0016925920071113618,-0.009333332584563868,
GSE74279,0.0016925920071113618,-0.009333332584563868,
GSE74308,0.0016925920071113618,-0.009333332584563868,
GSE74442,0.0016925920071113618,-0.009333332584563868,
GSE74324,0.0016925920071113618,-0.009333332584563868,
GSE74339,0.0016925920071113618,-0.009333332584563868,
GSE74345,0.0016925920071113618,-0.009333332584563868,
GSE74365,0.0016925920071113618,-0.009333332584563868,
GSE74369,0.0016925920071113618,-0.009333332584563868,
GSE74377,0.0016925920071113618,-0.009333332584563868,
GSE74383,0.0016925920071113618,-0.009333332584563868,
GSE74417,0.0016925920071113618,-0.009333332584563868,
GSE100408,0.0016925920071113618,-0.009333332584563868,
GSE74439,0.0016925920071113618,-0.009333332584563868,
GSE74322,0.0016925920071113618,-0.009333332584563868,
GSE77422,0.0016925920071113618,-0.009333332584563868,
GSE77460,0.0016925920071113618,-0.009333332584563868,
GSE77466,0.0016925920071113618,-0.009333332584563868,
GSE77509,0.0016925920071113618,-0.009333332584563868,
GSE77523,0.0016925920071113618,-0.009333332584563868,
GSE77530,0.0016925920071113618,-0.009333332584563868,
GSE77538,0.0016925920071113618,-0.009333332584563868,
GSE98834,0.0016925920071113618,-0.009333332584563868,
GSE98752,0.0016925920071113618,-0.009333332584563868,
GSE75956,0.0016925920071113618,-0.009333332584563868,
GSE98734,0.0016925920071113618,-0.009333332584563868,
GSE98710,0.0016925920071113618,-0.009333332584563868,
GSE77568,0.0016925920071113618,-0.009333332584563868,
GSE98670,0.0016925920071113618,-0.009333332584563868,
GSE77597,0.0016925920071113618,-0.009333332584563868,
GSE77598,0.0016925920071113618,-0.009333332584563868,
GSE77624,0.0016925920071113618,-0.009333332584563868,
GSE77635,0.0016925920071113618,-0.009333332584563868,
GSE77638,0.0016925920071113618,-0.009333332584563868,
GSE77639,0.0016925920071113618,-0.009333332584563868,
GSE77564,0.0016925920071113618,-0.009333332584563868,
GSE77251,0.0016925920071113618,-0.009333332584563868,
GSE99466,0.0016925920071113618,-0.009333332584563868,
GSE77261,0.0016925920071113618,-0.009333332584563868,
GSE77282,0.0016925920071113618,-0.009333332584563868,
GSE99454,0.0016925920071113618,-0.009333332584563868,
GSE98871,0.0016925920071113618,-0.009333332584563868,
GSE77312,0.0016925920071113618,-0.009333332584563868,
GSE98856,0.0016925920071113618,-0.009333332584563868,
GSE77314,0.0016925920071113618,-0.009333332584563868,
GSE77415,0.0016925920071113618,-0.009333332584563868,
GSE77317,0.0016925920071113618,-0.009333332584563868,
GSE77347,0.0016925920071113618,-0.009333332584563868,
GSE77352,0.0016925920071113618,-0.009333332584563868,
GSE77356,0.0016925920071113618,-0.009333332584563868,
GSE77370,0.0016925920071113618,-0.009333332584563868,
GSE98852,0.0016925920071113618,-0.009333332584563868,
GSE77381,0.0016925920071113618,-0.009333332584563868,
GSE77382,0.0016925920071113618,-0.009333332584563868,
GSE77383,0.0016925920071113618,-0.009333332584563868,
GSE77408,0.0016925920071113618,-0.009333332584563868,
GSE77315,0.0016925920071113618,-0.009333332584563868,
GSE98541,0.0016925920071113618,-0.009333332584563868,
GSE98476,0.0016925920071113618,-0.009333332584563868,
GSE78102,0.0016925920071113618,-0.009333332584563868,
GSE78138,0.0016925920071113618,-0.009333332584563868,
GSE78167,0.0016925920071113618,-0.009333332584563868,
GSE78172,0.0016925920071113618,-0.009333332584563868,
GSE78195,0.0016925920071113618,-0.009333332584563868,
GSE78199,0.0016925920071113618,-0.009333332584563868,
GSE78213,0.0016925920071113618,-0.009333332584563868,
GSE77649,0.0016925920071113618,-0.009333332584563868,
GSE78236,0.0016925920071113618,-0.009333332584563868,
GSE98431,0.0016925920071113618,-0.009333332584563868,
GSE98428,0.0016925920071113618,-0.009333332584563868,
GSE78275,0.0016925920071113618,-0.009333332584563868,
GSE78276,0.0016925920071113618,-0.009333332584563868,
GSE78285,0.0016925920071113618,-0.009333332584563868,
GSE98394,0.0016925920071113618,-0.009333332584563868,
GSE78506,0.0016925920071113618,-0.009333332584563868,
GSE98393,0.0016925920071113618,-0.009333332584563868,
GSE98386,0.0016925920071113618,-0.009333332584563868,
GSE78220,0.0016925920071113618,-0.009333332584563868,
GSE77661,0.0016925920071113618,-0.009333332584563868,
GSE77675,0.0016925920071113618,-0.009333332584563868,
GSE97324,0.0016925920071113618,-0.009333332584563868,
GSE77737,0.0016925920071113618,-0.009333332584563868,
GSE98624,0.0016925920071113618,-0.009333332584563868,
GSE77742,0.0016925920071113618,-0.009333332584563868,
GSE77808,0.0016925920071113618,-0.009333332584563868,
GSE77829,0.0016925920071113618,-0.009333332584563868,
GSE77841,0.0016925920071113618,-0.009333332584563868,
GSE77901,0.0016925920071113618,-0.009333332584563868,
GSE98623,0.0016925920071113618,-0.009333332584563868,
GSE77913,0.0016925920071113618,-0.009333332584563868,
GSE77926,0.0016925920071113618,-0.009333332584563868,
GSE77938,0.0016925920071113618,-0.009333332584563868,
GSE77946,0.0016925920071113618,-0.009333332584563868,
GSE77950,0.0016925920071113618,-0.009333332584563868,
GSE77958,0.0016925920071113618,-0.009333332584563868,
GSE77992,0.0016925920071113618,-0.009333332584563868,
GSE78003,0.0016925920071113618,-0.009333332584563868,
GSE78011,0.0016925920071113618,-0.009333332584563868,
GSE78023,0.0016925920071113618,-0.009333332584563868,
GSE77902,0.0016925920071113618,-0.009333332584563868,
GSE99733,0.0016925920071113618,-0.009333332584563868,
GSE99687,0.0016925920071113618,-0.009333332584563868,
GSE76326,0.0016925920071113618,-0.009333332584563868,
GSE76367,0.0016925920071113618,-0.009333332584563868,
GSE76377,0.0016925920071113618,-0.009333332584563868,
GSE76389,0.0016925920071113618,-0.009333332584563868,
GSE76421,0.0016925920071113618,-0.009333332584563868,
GSE76433,0.0016925920071113618,-0.009333332584563868,
GSE76445,0.0016925920071113618,-0.009333332584563868,
GSE77250,0.0016925920071113618,-0.009333332584563868,
GSE76464,0.0016925920071113618,-0.009333332584563868,
GSE76476,0.0016925920071113618,-0.009333332584563868,
GSE76487,0.0016925920071113618,-0.009333332584563868,
GSE76495,0.0016925920071113618,-0.009333332584563868,
GSE76507,0.0016925920071113618,-0.009333332584563868,
GSE99671,0.0016925920071113618,-0.009333332584563868,
GSE76511,0.0016925920071113618,-0.009333332584563868,
GSE99668,0.0016925920071113618,-0.009333332584563868,
GSE76528,0.0016925920071113618,-0.009333332584563868,
GSE76572,0.0016925920071113618,-0.009333332584563868,
GSE76453,0.0016925920071113618,-0.009333332584563868,
GSE99923,0.0016925920071113618,-0.009333332584563868,
GSE75962,0.0016925920071113618,-0.009333332584563868,
GSE99909,0.0016925920071113618,-0.009333332584563868,
GSE99867,0.0016925920071113618,-0.009333332584563868,
GSE99857,0.0016925920071113618,-0.009333332584563868,
GSE99825,0.0016925920071113618,-0.009333332584563868,
GSE76122,0.0016925920071113618,-0.009333332584563868,
GSE76125,0.0016925920071113618,-0.009333332584563868,
GSE76151,0.0016925920071113618,-0.009333332584563868,
GSE76199,0.0016925920071113618,-0.009333332584563868,
GSE99778,0.0016925920071113618,-0.009333332584563868,
GSE99824,0.0016925920071113618,-0.009333332584563868,
GSE99820,0.0016925920071113618,-0.009333332584563868,
GSE99819,0.0016925920071113618,-0.009333332584563868,
GSE76220,0.0016925920071113618,-0.009333332584563868,
GSE76240,0.0016925920071113618,-0.009333332584563868,
GSE76268,0.0016925920071113618,-0.009333332584563868,
GSE99812,0.0016925920071113618,-0.009333332584563868,
GSE76284,0.0016925920071113618,-0.009333332584563868,
GSE76307,0.0016925920071113618,-0.009333332584563868,
GSE99794,0.0016925920071113618,-0.009333332584563868,
GSE76203,0.0016925920071113618,-0.009333332584563868,
GSE76931,0.0016925920071113618,-0.009333332584563868,
GSE76947,0.0016925920071113618,-0.009333332584563868,
GSE99552,0.0016925920071113618,-0.009333332584563868,
GSE76978,0.0016925920071113618,-0.009333332584563868,
GSE76980,0.0016925920071113618,-0.009333332584563868,
GSE76987,0.0016925920071113618,-0.009333332584563868,
GSE76998,0.0016925920071113618,-0.009333332584563868,
GSE77032,0.0016925920071113618,-0.009333332584563868,
GSE77034,0.0016925920071113618,-0.009333332584563868,
GSE99641,0.0016925920071113618,-0.009333332584563868,
GSE77085,0.0016925920071113618,-0.009333332584563868,
GSE77088,0.0016925920071113618,-0.009333332584563868,
GSE77108,0.0016925920071113618,-0.009333332584563868,
GSE99503,0.0016925920071113618,-0.009333332584563868,
GSE99479,0.0016925920071113618,-0.009333332584563868,
GSE77131,0.0016925920071113618,-0.009333332584563868,
GSE77140,0.0016925920071113618,-0.009333332584563868,
GSE77179,0.0016925920071113618,-0.009333332584563868,
GSE77219,0.0016925920071113618,-0.009333332584563868,
GSE77229,0.0016925920071113618,-0.009333332584563868,
GSE77039,0.0016925920071113618,-0.009333332584563868,
GSE76608,0.0016925920071113618,-0.009333332584563868,
GSE99987,0.0016925920071113618,-0.009333332584563868,
GSE99621,0.0016925920071113618,-0.009333332584563868,
GSE76627,0.0016925920071113618,-0.009333332584563868,
GSE76647,0.0016925920071113618,-0.009333332584563868,
GSE76656,0.0016925920071113618,-0.009333332584563868,
GSE76661,0.0016925920071113618,-0.009333332584563868,
GSE76682,0.0016925920071113618,-0.009333332584563868,
GSE76683,0.0016925920071113618,-0.009333332584563868,
GSE76684,0.0016925920071113618,-0.009333332584563868,
GSE76922,0.0016925920071113618,-0.009333332584563868,
GSE76712,0.0016925920071113618,-0.009333332584563868,
GSE76717,0.0016925920071113618,-0.009333332584563868,
GSE76743,0.0016925920071113618,-0.009333332584563868,
GSE76747,0.0016925920071113618,-0.009333332584563868,
GSE76801,0.0016925920071113618,-0.009333332584563868,
GSE76860,0.0016925920071113618,-0.009333332584563868,
GSE76877,0.0016925920071113618,-0.009333332584563868,
GSE99596,0.0016925920071113618,-0.009333332584563868,
GSE76878,0.0016925920071113618,-0.009333332584563868,
GSE76883,0.0016925920071113618,-0.009333332584563868,
GSE76688,0.0016925920071113618,-0.009333332584563868,
GSE89476,0.0016925920071113618,-0.009333332584563868,
GSE89478,0.0016925920071113618,-0.009333332584563868,
GSE95059,0.0016925920071113618,-0.009333332584563868,
GSE89497,0.0016925920071113618,-0.009333332584563868,
GSE94999,0.0016925920071113618,-0.009333332584563868,
GSE94993,0.0016925920071113618,-0.009333332584563868,
GSE89511,0.0016925920071113618,-0.009333332584563868,
GSE89542,0.0016925920071113618,-0.009333332584563868,
GSE89569,0.0016925920071113618,-0.009333332584563868,
GSE83083,0.0016925920071113618,-0.009333332584563868,
GSE89647,0.0016925920071113618,-0.009333332584563868,
GSE89672,0.0016925920071113618,-0.009333332584563868,
GSE89701,0.0016925920071113618,-0.009333332584563868,
GSE89714,0.0016925920071113618,-0.009333332584563868,
GSE94969,0.0016925920071113618,-0.009333332584563868,
GSE94964,0.0016925920071113618,-0.009333332584563868,
GSE94963,0.0016925920071113618,-0.009333332584563868,
GSE89729,0.0016925920071113618,-0.009333332584563868,
GSE89745,0.0016925920071113618,-0.009333332584563868,
GSE89774,0.0016925920071113618,-0.009333332584563868,
GSE94989,0.0016925920071113618,-0.009333332584563868,
GSE89154,0.0016925920071113618,-0.009333332584563868,
GSE95097,0.0016925920071113618,-0.009333332584563868,
GSE89182,0.0016925920071113618,-0.009333332584563868,
GSE89189,0.0016925920071113618,-0.009333332584563868,
GSE89205,0.0016925920071113618,-0.009333332584563868,
GSE89223,0.0016925920071113618,-0.009333332584563868,
GSE89225,0.0016925920071113618,-0.009333332584563868,
GSE89226,0.0016925920071113618,-0.009333332584563868,
GSE89232,0.0016925920071113618,-0.009333332584563868,
GSE89234,0.0016925920071113618,-0.009333332584563868,
GSE89448,0.0016925920071113618,-0.009333332584563868,
GSE89339,0.0016925920071113618,-0.009333332584563868,
GSE89365,0.0016925920071113618,-0.009333332584563868,
GSE89367,0.0016925920071113618,-0.009333332584563868,
GSE89368,0.0016925920071113618,-0.009333332584563868,
GSE89385,0.0016925920071113618,-0.009333332584563868,
GSE89404,0.0016925920071113618,-0.009333332584563868,
GSE95089,0.0016925920071113618,-0.009333332584563868,
GSE89413,0.0016925920071113618,-0.009333332584563868,
GSE89442,0.0016925920071113618,-0.009333332584563868,
GSE89446,0.0016925920071113618,-0.009333332584563868,
GSE89235,0.0016925920071113618,-0.009333332584563868,
GSE89970,0.0016925920071113618,-0.009333332584563868,
GSE89972,0.0016925920071113618,-0.009333332584563868,
GSE89980,0.0016925920071113618,-0.009333332584563868,
GSE89991,0.0016925920071113618,-0.009333332584563868,
GSE94937,0.0016925920071113618,-0.009333332584563868,
GSE90013,0.0016925920071113618,-0.009333332584563868,
GSE90068,0.0016925920071113618,-0.009333332584563868,
GSE90081,0.0016925920071113618,-0.009333332584563868,
GSE94897,0.0016925920071113618,-0.009333332584563868,
GSE90087,0.0016925920071113618,-0.009333332584563868,
GSE89775,0.0016925920071113618,-0.009333332584563868,
GSE90444,0.0016925920071113618,-0.009333332584563868,
GSE90463,0.0016925920071113618,-0.009333332584563868,
GSE90489,0.0016925920071113618,-0.009333332584563868,
GSE90491,0.0016925920071113618,-0.009333332584563868,
GSE94892,0.0016925920071113618,-0.009333332584563868,
GSE90519,0.0016925920071113618,-0.009333332584563868,
GSE90523,0.0016925920071113618,-0.009333332584563868,
GSE90566,0.0016925920071113618,-0.009333332584563868,
GSE90599,0.0016925920071113618,-0.009333332584563868,
GSE90634,0.0016925920071113618,-0.009333332584563868,
GSE90111,0.0016925920071113618,-0.009333332584563868,
GSE89779,0.0016925920071113618,-0.009333332584563868,
GSE89790,0.0016925920071113618,-0.009333332584563868,
GSE89799,0.0016925920071113618,-0.009333332584563868,
GSE89807,0.0016925920071113618,-0.009333332584563868,
GSE94950,0.0016925920071113618,-0.009333332584563868,
GSE94948,0.0016925920071113618,-0.009333332584563868,
GSE89831,0.0016925920071113618,-0.009333332584563868,
GSE89838,0.0016925920071113618,-0.009333332584563868,
GSE89839,0.0016925920071113618,-0.009333332584563868,
GSE89840,0.0016925920071113618,-0.009333332584563868,
GSE89950,0.0016925920071113618,-0.009333332584563868,
GSE89872,0.0016925920071113618,-0.009333332584563868,
GSE89879,0.0016925920071113618,-0.009333332584563868,
GSE89888,0.0016925920071113618,-0.009333332584563868,
GSE89895,0.0016925920071113618,-0.009333332584563868,
GSE89917,0.0016925920071113618,-0.009333332584563868,
GSE94947,0.0016925920071113618,-0.009333332584563868,
GSE89926,0.0016925920071113618,-0.009333332584563868,
GSE89930,0.0016925920071113618,-0.009333332584563868,
GSE89940,0.0016925920071113618,-0.009333332584563868,
GSE89942,0.0016925920071113618,-0.009333332584563868,
GSE89843,0.0016925920071113618,-0.009333332584563868,
GSE95413,0.0016925920071113618,-0.009333332584563868,
GSE87476,0.0016925920071113618,-0.009333332584563868,
GSE87487,0.0016925920071113618,-0.009333332584563868,
GSE95412,0.0016925920071113618,-0.009333332584563868,
GSE87515,0.0016925920071113618,-0.009333332584563868,
GSE87517,0.0016925920071113618,-0.009333332584563868,
GSE87532,0.0016925920071113618,-0.009333332584563868,
GSE87534,0.0016925920071113618,-0.009333332584563868,
GSE87535,0.0016925920071113618,-0.009333332584563868,
GSE89152,0.0016925920071113618,-0.009333332584563868,
GSE87541,0.0016925920071113618,-0.009333332584563868,
GSE87554,0.0016925920071113618,-0.009333332584563868,
GSE87563,0.0016925920071113618,-0.009333332584563868,
GSE87581,0.0016925920071113618,-0.009333332584563868,
GSE87585,0.0016925920071113618,-0.009333332584563868,
GSE95375,0.0016925920071113618,-0.009333332584563868,
GSE95352,0.0016925920071113618,-0.009333332584563868,
GSE87626,0.0016925920071113618,-0.009333332584563868,
GSE87641,0.0016925920071113618,-0.009333332584563868,
GSE87660,0.0016925920071113618,-0.009333332584563868,
GSE87540,0.0016925920071113618,-0.009333332584563868,
GSE87189,0.0016925920071113618,-0.009333332584563868,
GSE87194,0.0016925920071113618,-0.009333332584563868,
GSE87198,0.0016925920071113618,-0.009333332584563868,
GSE95513,0.0016925920071113618,-0.009333332584563868,
GSE87240,0.0016925920071113618,-0.009333332584563868,
GSE87257,0.0016925920071113618,-0.009333332584563868,
GSE95455,0.0016925920071113618,-0.009333332584563868,
GSE87285,0.0016925920071113618,-0.009333332584563868,
GSE87290,0.0016925920071113618,-0.009333332584563868,
GSE87307,0.0016925920071113618,-0.009333332584563868,
GSE87456,0.0016925920071113618,-0.009333332584563868,
GSE87326,0.0016925920071113618,-0.009333332584563868,
GSE87328,0.0016925920071113618,-0.009333332584563868,
GSE87340,0.0016925920071113618,-0.009333332584563868,
GSE95453,0.0016925920071113618,-0.009333332584563868,
GSE95452,0.0016925920071113618,-0.009333332584563868,
GSE87392,0.0016925920071113618,-0.009333332584563868,
GSE87399,0.0016925920071113618,-0.009333332584563868,
GSE87400,0.0016925920071113618,-0.009333332584563868,
GSE87426,0.0016925920071113618,-0.009333332584563868,
GSE95437,0.0016925920071113618,-0.009333332584563868,
GSE87320,0.0016925920071113618,-0.009333332584563868,
GSE95245,0.0016925920071113618,-0.009333332584563868,
GSE88943,0.0016925920071113618,-0.009333332584563868,
GSE95176,0.0016925920071113618,-0.009333332584563868,
GSE95132,0.0016925920071113618,-0.009333332584563868,
GSE88946,0.0016925920071113618,-0.009333332584563868,
GSE88956,0.0016925920071113618,-0.009333332584563868,
GSE88977,0.0016925920071113618,-0.009333332584563868,
GSE88997,0.0016925920071113618,-0.009333332584563868,
GSE89008,0.0016925920071113618,-0.009333332584563868,
GSE95131,0.0016925920071113618,-0.009333332584563868,
GSE87668,0.0016925920071113618,-0.009333332584563868,
GSE89057,0.0016925920071113618,-0.009333332584563868,
GSE89062,0.0016925920071113618,-0.009333332584563868,
GSE89063,0.0016925920071113618,-0.009333332584563868,
GSE89110,0.0016925920071113618,-0.009333332584563868,
GSE89115,0.0016925920071113618,-0.009333332584563868,
GSE89122,0.0016925920071113618,-0.009333332584563868,
GSE89124,0.0016925920071113618,-0.009333332584563868,
GSE89127,0.0016925920071113618,-0.009333332584563868,
GSE89134,0.0016925920071113618,-0.009333332584563868,
GSE89140,0.0016925920071113618,-0.009333332584563868,
GSE89049,0.0016925920071113618,-0.009333332584563868,
GSE87679,0.0016925920071113618,-0.009333332584563868,
GSE87692,0.0016925920071113618,-0.009333332584563868,
GSE95351,0.0016925920071113618,-0.009333332584563868,
GSE95304,0.0016925920071113618,-0.009333332584563868,
GSE87701,0.0016925920071113618,-0.009333332584563868,
GSE95299,0.0016925920071113618,-0.009333332584563868,
GSE87708,0.0016925920071113618,-0.009333332584563868,
GSE87720,0.0016925920071113618,-0.009333332584563868,
GSE87725,0.0016925920071113618,-0.009333332584563868,
GSE95297,0.0016925920071113618,-0.009333332584563868,
GSE88858,0.0016925920071113618,-0.009333332584563868,
GSE95277,0.0016925920071113618,-0.009333332584563868,
GSE87831,0.0016925920071113618,-0.009333332584563868,
GSE87849,0.0016925920071113618,-0.009333332584563868,
GSE87891,0.0016925920071113618,-0.009333332584563868,
GSE88710,0.0016925920071113618,-0.009333332584563868,
GSE88741,0.0016925920071113618,-0.009333332584563868,
GSE88750,0.0016925920071113618,-0.009333332584563868,
GSE88802,0.0016925920071113618,-0.009333332584563868,
GSE88848,0.0016925920071113618,-0.009333332584563868,
GSE88850,0.0016925920071113618,-0.009333332584563868,
GSE87809,0.0016925920071113618,-0.009333332584563868,
GSE93395,0.0016925920071113618,-0.009333332584563868,
GSE93424,0.0016925920071113618,-0.009333332584563868,
GSE93526,0.0016925920071113618,-0.009333332584563868,
GSE93528,0.0016925920071113618,-0.009333332584563868,
GSE93562,0.0016925920071113618,-0.009333332584563868,
GSE94437,0.0016925920071113618,-0.009333332584563868,
GSE93578,0.0016925920071113618,-0.009333332584563868,
GSE93590,0.0016925920071113618,-0.009333332584563868,
GSE93594,0.0016925920071113618,-0.009333332584563868,
GSE90659,0.0016925920071113618,-0.009333332584563868,
GSE93619,0.0016925920071113618,-0.009333332584563868,
GSE93620,0.0016925920071113618,-0.009333332584563868,
GSE93624,0.0016925920071113618,-0.009333332584563868,
GSE93627,0.0016925920071113618,-0.009333332584563868,
GSE94427,0.0016925920071113618,-0.009333332584563868,
GSE93629,0.0016925920071113618,-0.009333332584563868,
GSE93636,0.0016925920071113618,-0.009333332584563868,
GSE93650,0.0016925920071113618,-0.009333332584563868,
GSE93657,0.0016925920071113618,-0.009333332584563868,
GSE94408,0.0016925920071113618,-0.009333332584563868,
GSE93610,0.0016925920071113618,-0.009333332584563868,
GSE93072,0.0016925920071113618,-0.009333332584563868,
GSE93073,0.0016925920071113618,-0.009333332584563868,
GSE93124,0.0016925920071113618,-0.009333332584563868,
GSE93153,0.0016925920071113618,-0.009333332584563868,
GSE94488,0.0016925920071113618,-0.009333332584563868,
GSE93155,0.0016925920071113618,-0.009333332584563868,
GSE93156,0.0016925920071113618,-0.009333332584563868,
GSE93206,0.0016925920071113618,-0.009333332584563868,
GSE93226,0.0016925920071113618,-0.009333332584563868,
GSE93236,0.0016925920071113618,-0.009333332584563868,
GSE94454,0.0016925920071113618,-0.009333332584563868,
GSE94479,0.0016925920071113618,-0.009333332584563868,
GSE93256,0.0016925920071113618,-0.009333332584563868,
GSE94464,0.0016925920071113618,-0.009333332584563868,
GSE93280,0.0016925920071113618,-0.009333332584563868,
GSE93292,0.0016925920071113618,-0.009333332584563868,
GSE93315,0.0016925920071113618,-0.009333332584563868,
GSE93321,0.0016925920071113618,-0.009333332584563868,
GSE93326,0.0016925920071113618,-0.009333332584563868,
GSE93330,0.0016925920071113618,-0.009333332584563868,
GSE93365,0.0016925920071113618,-0.009333332584563868,
GSE93237,0.0016925920071113618,-0.009333332584563868,
GSE94036,0.0016925920071113618,-0.009333332584563868,
GSE94043,0.0016925920071113618,-0.009333332584563868,
GSE94053,0.0016925920071113618,-0.009333332584563868,
GSE94055,0.0016925920071113618,-0.009333332584563868,
GSE94064,0.0016925920071113618,-0.009333332584563868,
GSE94099,0.0016925920071113618,-0.009333332584563868,
GSE94116,0.0016925920071113618,-0.009333332584563868,
GSE94120,0.0016925920071113618,-0.009333332584563868,
GSE94126,0.0016925920071113618,-0.009333332584563868,
GSE94147,0.0016925920071113618,-0.009333332584563868,
GSE94405,0.0016925920071113618,-0.009333332584563868,
GSE94372,0.0016925920071113618,-0.009333332584563868,
GSE94150,0.0016925920071113618,-0.009333332584563868,
GSE94153,0.0016925920071113618,-0.009333332584563868,
GSE94344,0.0016925920071113618,-0.009333332584563868,
GSE94259,0.0016925920071113618,-0.009333332584563868,
GSE94330,0.0016925920071113618,-0.009333332584563868,
GSE94304,0.0016925920071113618,-0.009333332584563868,
GSE94270,0.0016925920071113618,-0.009333332584563868,
GSE94277,0.0016925920071113618,-0.009333332584563868,
GSE94280,0.0016925920071113618,-0.009333332584563868,
GSE94149,0.0016925920071113618,-0.009333332584563868,
GSE93681,0.0016925920071113618,-0.009333332584563868,
GSE94395,0.0016925920071113618,-0.009333332584563868,
GSE93709,0.0016925920071113618,-0.009333332584563868,
GSE93748,0.0016925920071113618,-0.009333332584563868,
GSE93783,0.0016925920071113618,-0.009333332584563868,
GSE93807,0.0016925920071113618,-0.009333332584563868,
GSE93811,0.0016925920071113618,-0.009333332584563868,
GSE93813,0.0016925920071113618,-0.009333332584563868,
GSE93814,0.0016925920071113618,-0.009333332584563868,
GSE93831,0.0016925920071113618,-0.009333332584563868,
GSE94019,0.0016925920071113618,-0.009333332584563868,
GSE93871,0.0016925920071113618,-0.009333332584563868,
GSE93877,0.0016925920071113618,-0.009333332584563868,
GSE94384,0.0016925920071113618,-0.009333332584563868,
GSE93895,0.0016925920071113618,-0.009333332584563868,
GSE94374,0.0016925920071113618,-0.009333332584563868,
GSE93904,0.0016925920071113618,-0.009333332584563868,
GSE93925,0.0016925920071113618,-0.009333332584563868,
GSE93960,0.0016925920071113618,-0.009333332584563868,
GSE93988,0.0016925920071113618,-0.009333332584563868,
GSE93999,0.0016925920071113618,-0.009333332584563868,
GSE93870,0.0016925920071113618,-0.009333332584563868,
GSE90926,0.0016925920071113618,-0.009333332584563868,
GSE90944,0.0016925920071113618,-0.009333332584563868,
GSE90982,0.0016925920071113618,-0.009333332584563868,
GSE91000,0.0016925920071113618,-0.009333332584563868,
GSE91010,0.0016925920071113618,-0.009333332584563868,
GSE94730,0.0016925920071113618,-0.009333332584563868,
GSE94728,0.0016925920071113618,-0.009333332584563868,
GSE94724,0.0016925920071113618,-0.009333332584563868,
GSE91011,0.0016925920071113618,-0.009333332584563868,
GSE94493,0.0016925920071113618,-0.009333332584563868,
GSE91061,0.0016925920071113618,-0.009333332584563868,
GSE91063,0.0016925920071113618,-0.009333332584563868,
GSE91087,0.0016925920071113618,-0.009333332584563868,
GSE91377,0.0016925920071113618,-0.009333332584563868,
GSE91383,0.0016925920071113618,-0.009333332584563868,
GSE92239,0.0016925920071113618,-0.009333332584563868,
GSE92262,0.0016925920071113618,-0.009333332584563868,
GSE94690,0.0016925920071113618,-0.009333332584563868,
GSE94687,0.0016925920071113618,-0.009333332584563868,
GSE92293,0.0016925920071113618,-0.009333332584563868,
GSE91016,0.0016925920071113618,-0.009333332584563868,
GSE90682,0.0016925920071113618,-0.009333332584563868,
GSE90683,0.0016925920071113618,-0.009333332584563868,
GSE90711,0.0016925920071113618,-0.009333332584563868,
GSE90718,0.0016925920071113618,-0.009333332584563868,
GSE90728,0.0016925920071113618,-0.009333332584563868,
GSE90729,0.0016925920071113618,-0.009333332584563868,
GSE90734,0.0016925920071113618,-0.009333332584563868,
GSE90748,0.0016925920071113618,-0.009333332584563868,
GSE94869,0.0016925920071113618,-0.009333332584563868,
GSE94849,0.0016925920071113618,-0.009333332584563868,
GSE90889,0.0016925920071113618,-0.009333332584563868,
GSE90781,0.0016925920071113618,-0.009333332584563868,
GSE90796,0.0016925920071113618,-0.009333332584563868,
GSE94827,0.0016925920071113618,-0.009333332584563868,
GSE94783,0.0016925920071113618,-0.009333332584563868,
GSE90830,0.0016925920071113618,-0.009333332584563868,
GSE90834,0.0016925920071113618,-0.009333332584563868,
GSE90874,0.0016925920071113618,-0.009333332584563868,
GSE94736,0.0016925920071113618,-0.009333332584563868,
GSE90878,0.0016925920071113618,-0.009333332584563868,
GSE90884,0.0016925920071113618,-0.009333332584563868,
GSE90772,0.0016925920071113618,-0.009333332584563868,
GSE92653,0.0016925920071113618,-0.009333332584563868,
GSE92659,0.0016925920071113618,-0.009333332584563868,
GSE92661,0.0016925920071113618,-0.009333332584563868,
GSE92723,0.0016925920071113618,-0.009333332584563868,
GSE92724,0.0016925920071113618,-0.009333332584563868,
GSE92725,0.0016925920071113618,-0.009333332584563868,
GSE92772,0.0016925920071113618,-0.009333332584563868,
GSE92839,0.0016925920071113618,-0.009333332584563868,
GSE92852,0.0016925920071113618,-0.009333332584563868,
GSE92874,0.0016925920071113618,-0.009333332584563868,
GSE92316,0.0016925920071113618,-0.009333332584563868,
GSE92910,0.0016925920071113618,-0.009333332584563868,
GSE92939,0.0016925920071113618,-0.009333332584563868,
GSE92943,0.0016925920071113618,-0.009333332584563868,
GSE94494,0.0016925920071113618,-0.009333332584563868,
GSE92979,0.0016925920071113618,-0.009333332584563868,
GSE93030,0.0016925920071113618,-0.009333332584563868,
GSE93057,0.0016925920071113618,-0.009333332584563868,
GSE93069,0.0016925920071113618,-0.009333332584563868,
GSE93070,0.0016925920071113618,-0.009333332584563868,
GSE93071,0.0016925920071113618,-0.009333332584563868,
GSE92882,0.0016925920071113618,-0.009333332584563868,
GSE92322,0.0016925920071113618,-0.009333332584563868,
GSE92340,0.0016925920071113618,-0.009333332584563868,
GSE94631,0.0016925920071113618,-0.009333332584563868,
GSE92447,0.0016925920071113618,-0.009333332584563868,
GSE92456,0.0016925920071113618,-0.009333332584563868,
GSE92472,0.0016925920071113618,-0.009333332584563868,
GSE92478,0.0016925920071113618,-0.009333332584563868,
GSE94588,0.0016925920071113618,-0.009333332584563868,
GSE92496,0.0016925920071113618,-0.009333332584563868,
GSE92506,0.0016925920071113618,-0.009333332584563868,
GSE94502,0.0016925920071113618,-0.009333332584563868,
GSE94587,0.0016925920071113618,-0.009333332584563868,
GSE92547,0.0016925920071113618,-0.009333332584563868,
GSE92574,0.0016925920071113618,-0.009333332584563868,
GSE94555,0.0016925920071113618,-0.009333332584563868,
GSE92583,0.0016925920071113618,-0.009333332584563868,
GSE92592,0.0016925920071113618,-0.009333332584563868,
GSE94528,0.0016925920071113618,-0.009333332584563868,
GSE92626,0.0016925920071113618,-0.009333332584563868,
GSE94518,0.0016925920071113618,-0.009333332584563868,
GSE92651,0.0016925920071113618,-0.009333332584563868,
GSE92532,0.0016925920071113618,-0.009333332584563868,
GSE84076,0.0016925920071113618,-0.009333332584563868,
GSE97140,0.0016925920071113618,-0.009333332584563868,
GSE97100,0.0016925920071113618,-0.009333332584563868,
GSE84170,0.0016925920071113618,-0.009333332584563868,
GSE97053,0.0016925920071113618,-0.009333332584563868,
GSE84188,0.0016925920071113618,-0.009333332584563868,
GSE84197,0.0016925920071113618,-0.009333332584563868,
GSE84204,0.0016925920071113618,-0.009333332584563868,
GSE84231,0.0016925920071113618,-0.009333332584563868,
GSE87187,0.0016925920071113618,-0.009333332584563868,
GSE84259,0.0016925920071113618,-0.009333332584563868,
GSE97041,0.0016925920071113618,-0.009333332584563868,
GSE84275,0.0016925920071113618,-0.009333332584563868,
GSE84285,0.0016925920071113618,-0.009333332584563868,
GSE97036,0.0016925920071113618,-0.009333332584563868,
GSE84293,0.0016925920071113618,-0.009333332584563868,
GSE84322,0.0016925920071113618,-0.009333332584563868,
GSE84323,0.0016925920071113618,-0.009333332584563868,
GSE84325,0.0016925920071113618,-0.009333332584563868,
GSE84335,0.0016925920071113618,-0.009333332584563868,
GSE84237,0.0016925920071113618,-0.009333332584563868,
GSE83763,0.0016925920071113618,-0.009333332584563868,
GSE97168,0.0016925920071113618,-0.009333332584563868,
GSE97165,0.0016925920071113618,-0.009333332584563868,
GSE83772,0.0016925920071113618,-0.009333332584563868,
GSE83786,0.0016925920071113618,-0.009333332584563868,
GSE83808,0.0016925920071113618,-0.009333332584563868,
GSE83816,0.0016925920071113618,-0.009333332584563868,
GSE83849,0.0016925920071113618,-0.009333332584563868,
GSE83886,0.0016925920071113618,-0.009333332584563868,
GSE83888,0.0016925920071113618,-0.009333332584563868,
GSE84073,0.0016925920071113618,-0.009333332584563868,
GSE83923,0.0016925920071113618,-0.009333332584563868,
GSE83930,0.0016925920071113618,-0.009333332584563868,
GSE83939,0.0016925920071113618,-0.009333332584563868,
GSE84013,0.0016925920071113618,-0.009333332584563868,
GSE84022,0.0016925920071113618,-0.009333332584563868,
GSE84023,0.0016925920071113618,-0.009333332584563868,
GSE84054,0.0016925920071113618,-0.009333332584563868,
GSE84068,0.0016925920071113618,-0.009333332584563868,
GSE97158,0.0016925920071113618,-0.009333332584563868,
GSE97156,0.0016925920071113618,-0.009333332584563868,
GSE83919,0.0016925920071113618,-0.009333332584563868,
GSE84661,0.0016925920071113618,-0.009333332584563868,
GSE96914,0.0016925920071113618,-0.009333332584563868,
GSE84675,0.0016925920071113618,-0.009333332584563868,
GSE96860,0.0016925920071113618,-0.009333332584563868,
GSE84686,0.0016925920071113618,-0.009333332584563868,
GSE84691,0.0016925920071113618,-0.009333332584563868,
GSE96827,0.0016925920071113618,-0.009333332584563868,
GSE84697,0.0016925920071113618,-0.009333332584563868,
GSE84706,0.0016925920071113618,-0.009333332584563868,
GSE96817,0.0016925920071113618,-0.009333332584563868,
GSE84336,0.0016925920071113618,-0.009333332584563868,
GSE84722,0.0016925920071113618,-0.009333332584563868,
GSE84773,0.0016925920071113618,-0.009333332584563868,
GSE84776,0.0016925920071113618,-0.009333332584563868,
GSE84789,0.0016925920071113618,-0.009333332584563868,
GSE96800,0.0016925920071113618,-0.009333332584563868,
GSE84814,0.0016925920071113618,-0.009333332584563868,
GSE96783,0.0016925920071113618,-0.009333332584563868,
GSE84829,0.0016925920071113618,-0.009333332584563868,
GSE84852,0.0016925920071113618,-0.009333332584563868,
GSE84863,0.0016925920071113618,-0.009333332584563868,
GSE84714,0.0016925920071113618,-0.009333332584563868,
GSE84337,0.0016925920071113618,-0.009333332584563868,
GSE84339,0.0016925920071113618,-0.009333332584563868,
GSE84346,0.0016925920071113618,-0.009333332584563868,
GSE84358,0.0016925920071113618,-0.009333332584563868,
GSE84359,0.0016925920071113618,-0.009333332584563868,
GSE84389,0.0016925920071113618,-0.009333332584563868,
GSE84405,0.0016925920071113618,-0.009333332584563868,
GSE97009,0.0016925920071113618,-0.009333332584563868,
GSE84425,0.0016925920071113618,-0.009333332584563868,
GSE84432,0.0016925920071113618,-0.009333332584563868,
GSE96917,0.0016925920071113618,-0.009333332584563868,
GSE84465,0.0016925920071113618,-0.009333332584563868,
GSE84471,0.0016925920071113618,-0.009333332584563868,
GSE97003,0.0016925920071113618,-0.009333332584563868,
GSE84531,0.0016925920071113618,-0.009333332584563868,
GSE84577,0.0016925920071113618,-0.009333332584563868,
GSE96999,0.0016925920071113618,-0.009333332584563868,
GSE96987,0.0016925920071113618,-0.009333332584563868,
GSE96975,0.0016925920071113618,-0.009333332584563868,
GSE84631,0.0016925920071113618,-0.009333332584563868,
GSE84636,0.0016925920071113618,-0.009333332584563868,
GSE84461,0.0016925920071113618,-0.009333332584563868,
GSE82177,0.0016925920071113618,-0.009333332584563868,
GSE97262,0.0016925920071113618,-0.009333332584563868,
GSE82184,0.0016925920071113618,-0.009333332584563868,
GSE82204,0.0016925920071113618,-0.009333332584563868,
GSE82207,0.0016925920071113618,-0.009333332584563868,
GSE82227,0.0016925920071113618,-0.009333332584563868,
GSE82236,0.0016925920071113618,-0.009333332584563868,
GSE82237,0.0016925920071113618,-0.009333332584563868,
GSE82260,0.0016925920071113618,-0.009333332584563868,
GSE83724,0.0016925920071113618,-0.009333332584563868,
GSE82320,0.0016925920071113618,-0.009333332584563868,
GSE82329,0.0016925920071113618,-0.009333332584563868,
GSE82333,0.0016925920071113618,-0.009333332584563868,
GSE82336,0.0016925920071113618,-0.009333332584563868,
GSE83100,0.0016925920071113618,-0.009333332584563868,
GSE83115,0.0016925920071113618,-0.009333332584563868,
GSE83139,0.0016925920071113618,-0.009333332584563868,
GSE97259,0.0016925920071113618,-0.009333332584563868,
GSE83245,0.0016925920071113618,-0.009333332584563868,
GSE83254,0.0016925920071113618,-0.009333332584563868,
GSE82289,0.0016925920071113618,-0.009333332584563868,
GSE81810,0.0016925920071113618,-0.009333332584563868,
GSE81812,0.0016925920071113618,-0.009333332584563868,
GSE81814,0.0016925920071113618,-0.009333332584563868,
GSE81817,0.0016925920071113618,-0.009333332584563868,
GSE81827,0.0016925920071113618,-0.009333332584563868,
GSE97323,0.0016925920071113618,-0.009333332584563868,
GSE81955,0.0016925920071113618,-0.009333332584563868,
GSE97317,0.0016925920071113618,-0.009333332584563868,
GSE81978,0.0016925920071113618,-0.009333332584563868,
GSE81995,0.0016925920071113618,-0.009333332584563868,
GSE82147,0.0016925920071113618,-0.009333332584563868,
GSE82061,0.0016925920071113618,-0.009333332584563868,
GSE82070,0.0016925920071113618,-0.009333332584563868,
GSE97273,0.0016925920071113618,-0.009333332584563868,
GSE82102,0.0016925920071113618,-0.009333332584563868,
GSE82104,0.0016925920071113618,-0.009333332584563868,
GSE82110,0.0016925920071113618,-0.009333332584563868,
GSE82115,0.0016925920071113618,-0.009333332584563868,
GSE97266,0.0016925920071113618,-0.009333332584563868,
GSE82117,0.0016925920071113618,-0.009333332584563868,
GSE82143,0.0016925920071113618,-0.009333332584563868,
GSE82032,0.0016925920071113618,-0.009333332584563868,
GSE83549,0.0016925920071113618,-0.009333332584563868,
GSE83551,0.0016925920071113618,-0.009333332584563868,
GSE83559,0.0016925920071113618,-0.009333332584563868,
GSE83560,0.0016925920071113618,-0.009333332584563868,
GSE83577,0.0016925920071113618,-0.009333332584563868,
GSE97214,0.0016925920071113618,-0.009333332584563868,
GSE83592,0.0016925920071113618,-0.009333332584563868,
GSE83601,0.0016925920071113618,-0.009333332584563868,
GSE83611,0.0016925920071113618,-0.009333332584563868,
GSE83635,0.0016925920071113618,-0.009333332584563868,
GSE83266,0.0016925920071113618,-0.009333332584563868,
GSE83645,0.0016925920071113618,-0.009333332584563868,
GSE83647,0.0016925920071113618,-0.009333332584563868,
GSE83649,0.0016925920071113618,-0.009333332584563868,
GSE83652,0.0016925920071113618,-0.009333332584563868,
GSE83668,0.0016925920071113618,-0.009333332584563868,
GSE83671,0.0016925920071113618,-0.009333332584563868,
GSE83687,0.0016925920071113618,-0.009333332584563868,
GSE83712,0.0016925920071113618,-0.009333332584563868,
GSE83717,0.0016925920071113618,-0.009333332584563868,
GSE97204,0.0016925920071113618,-0.009333332584563868,
GSE83637,0.0016925920071113618,-0.009333332584563868,
GSE97239,0.0016925920071113618,-0.009333332584563868,
GSE83277,0.0016925920071113618,-0.009333332584563868,
GSE83299,0.0016925920071113618,-0.009333332584563868,
GSE83314,0.0016925920071113618,-0.009333332584563868,
GSE83321,0.0016925920071113618,-0.009333332584563868,
GSE83322,0.0016925920071113618,-0.009333332584563868,
GSE83381,0.0016925920071113618,-0.009333332584563868,
GSE83392,0.0016925920071113618,-0.009333332584563868,
GSE83402,0.0016925920071113618,-0.009333332584563868,
GSE83403,0.0016925920071113618,-0.009333332584563868,
GSE83547,0.0016925920071113618,-0.009333332584563868,
GSE83479,0.0016925920071113618,-0.009333332584563868,
GSE97215,0.0016925920071113618,-0.009333332584563868,
GSE83480,0.0016925920071113618,-0.009333332584563868,
GSE83482,0.0016925920071113618,-0.009333332584563868,
GSE83492,0.0016925920071113618,-0.009333332584563868,
GSE83493,0.0016925920071113618,-0.009333332584563868,
GSE83501,0.0016925920071113618,-0.009333332584563868,
GSE83518,0.0016925920071113618,-0.009333332584563868,
GSE83520,0.0016925920071113618,-0.009333332584563868,
GSE83525,0.0016925920071113618,-0.009333332584563868,
GSE83415,0.0016925920071113618,-0.009333332584563868,
GSE86202,0.0016925920071113618,-0.009333332584563868,
GSE95837,0.0016925920071113618,-0.009333332584563868,
GSE86219,0.0016925920071113618,-0.009333332584563868,
GSE86221,0.0016925920071113618,-0.009333332584563868,
GSE95820,0.0016925920071113618,-0.009333332584563868,
GSE86239,0.0016925920071113618,-0.009333332584563868,
GSE86308,0.0016925920071113618,-0.009333332584563868,
GSE86316,0.0016925920071113618,-0.009333332584563868,
GSE86333,0.0016925920071113618,-0.009333332584563868,
GSE84865,0.0016925920071113618,-0.009333332584563868,
GSE86344,0.0016925920071113618,-0.009333332584563868,
GSE95778,0.0016925920071113618,-0.009333332584563868,
GSE95750,0.0016925920071113618,-0.009333332584563868,
GSE86387,0.0016925920071113618,-0.009333332584563868,
GSE86394,0.0016925920071113618,-0.009333332584563868,
GSE86422,0.0016925920071113618,-0.009333332584563868,
GSE86451,0.0016925920071113618,-0.009333332584563868,
GSE86452,0.0016925920071113618,-0.009333332584563868,
GSE86473,0.0016925920071113618,-0.009333332584563868,
GSE86480,0.0016925920071113618,-0.009333332584563868,
GSE86337,0.0016925920071113618,-0.009333332584563868,
GSE85917,0.0016925920071113618,-0.009333332584563868,
GSE85935,0.0016925920071113618,-0.009333332584563868,
GSE85941,0.0016925920071113618,-0.009333332584563868,
GSE96075,0.0016925920071113618,-0.009333332584563868,
GSE85969,0.0016925920071113618,-0.009333332584563868,
GSE85988,0.0016925920071113618,-0.009333332584563868,
GSE96056,0.0016925920071113618,-0.009333332584563868,
GSE86007,0.0016925920071113618,-0.009333332584563868,
GSE86053,0.0016925920071113618,-0.009333332584563868,
GSE86101,0.0016925920071113618,-0.009333332584563868,
GSE86190,0.0016925920071113618,-0.009333332584563868,
GSE96048,0.0016925920071113618,-0.009333332584563868,
GSE86103,0.0016925920071113618,-0.009333332584563868,
GSE86104,0.0016925920071113618,-0.009333332584563868,
GSE86146,0.0016925920071113618,-0.009333332584563868,
GSE86148,0.0016925920071113618,-0.009333332584563868,
GSE86151,0.0016925920071113618,-0.009333332584563868,
GSE86153,0.0016925920071113618,-0.009333332584563868,
GSE86159,0.0016925920071113618,-0.009333332584563868,
GSE95860,0.0016925920071113618,-0.009333332584563868,
GSE86165,0.0016925920071113618,-0.009333332584563868,
GSE86102,0.0016925920071113618,-0.009333332584563868,
GSE86884,0.0016925920071113618,-0.009333332584563868,
GSE86896,0.0016925920071113618,-0.009333332584563868,
GSE86906,0.0016925920071113618,-0.009333332584563868,
GSE95587,0.0016925920071113618,-0.009333332584563868,
GSE86910,0.0016925920071113618,-0.009333332584563868,
GSE95573,0.0016925920071113618,-0.009333332584563868,
GSE86940,0.0016925920071113618,-0.009333332584563868,
GSE86956,0.0016925920071113618,-0.009333332584563868,
GSE86958,0.0016925920071113618,-0.009333332584563868,
GSE95558,0.0016925920071113618,-0.009333332584563868,
GSE86491,0.0016925920071113618,-0.009333332584563868,
GSE86986,0.0016925920071113618,-0.009333332584563868,
GSE87040,0.0016925920071113618,-0.009333332584563868,
GSE87042,0.0016925920071113618,-0.009333332584563868,
GSE87055,0.0016925920071113618,-0.009333332584563868,
GSE87087,0.0016925920071113618,-0.009333332584563868,
GSE87088,0.0016925920071113618,-0.009333332584563868,
GSE87110,0.0016925920071113618,-0.009333332584563868,
GSE87167,0.0016925920071113618,-0.009333332584563868,
GSE87169,0.0016925920071113618,-0.009333332584563868,
GSE87186,0.0016925920071113618,-0.009333332584563868,
GSE95516,0.0016925920071113618,-0.009333332584563868,
GSE86497,0.0016925920071113618,-0.009333332584563868,
GSE86503,0.0016925920071113618,-0.009333332584563868,
GSE86504,0.0016925920071113618,-0.009333332584563868,
GSE95743,0.0016925920071113618,-0.009333332584563868,
GSE95623,0.0016925920071113618,-0.009333332584563868,
GSE86538,0.0016925920071113618,-0.009333332584563868,
GSE86550,0.0016925920071113618,-0.009333332584563868,
GSE86562,0.0016925920071113618,-0.009333332584563868,
GSE86563,0.0016925920071113618,-0.009333332584563868,
GSE86564,0.0016925920071113618,-0.009333332584563868,
GSE95605,0.0016925920071113618,-0.009333332584563868,
GSE86602,0.0016925920071113618,-0.009333332584563868,
GSE86610,0.0016925920071113618,-0.009333332584563868,
GSE86611,0.0016925920071113618,-0.009333332584563868,
GSE86618,0.0016925920071113618,-0.009333332584563868,
GSE86791,0.0016925920071113618,-0.009333332584563868,
GSE86813,0.0016925920071113618,-0.009333332584563868,
GSE86846,0.0016925920071113618,-0.009333332584563868,
GSE86855,0.0016925920071113618,-0.009333332584563868,
GSE86857,0.0016925920071113618,-0.009333332584563868,
GSE86867,0.0016925920071113618,-0.009333332584563868,
GSE86577,0.0016925920071113618,-0.009333332584563868,
GSE85089,0.0016925920071113618,-0.009333332584563868,
GSE85107,0.0016925920071113618,-0.009333332584563868,
GSE73573,0.0016925920071113618,-0.009333332584563868,
GSE96716,0.0016925920071113618,-0.009333332584563868,
GSE85118,0.0016925920071113618,-0.009333332584563868,
GSE85133,0.0016925920071113618,-0.009333332584563868,
GSE85143,0.0016925920071113618,-0.009333332584563868,
GSE96715,0.0016925920071113618,-0.009333332584563868,
GSE85159,0.0016925920071113618,-0.009333332584563868,
GSE96083,0.0016925920071113618,-0.009333332584563868,
GSE85183,0.0016925920071113618,-0.009333332584563868,
GSE96714,0.0016925920071113618,-0.009333332584563868,
GSE85187,0.0016925920071113618,-0.009333332584563868,
GSE85201,0.0016925920071113618,-0.009333332584563868,
GSE96713,0.0016925920071113618,-0.009333332584563868,
GSE85227,0.0016925920071113618,-0.009333332584563868,
GSE85241,0.0016925920071113618,-0.009333332584563868,
GSE96649,0.0016925920071113618,-0.009333332584563868,
GSE96643,0.0016925920071113618,-0.009333332584563868,
GSE85243,0.0016925920071113618,-0.009333332584563868,
GSE85161,0.0016925920071113618,-0.009333332584563868,
GSE84868,0.0016925920071113618,-0.009333332584563868,
GSE84877,0.0016925920071113618,-0.009333332584563868,
GSE84884,0.0016925920071113618,-0.009333332584563868,
GSE84896,0.0016925920071113618,-0.009333332584563868,
GSE84897,0.0016925920071113618,-0.009333332584563868,
GSE84902,0.0016925920071113618,-0.009333332584563868,
GSE84913,0.0016925920071113618,-0.009333332584563868,
GSE84930,0.0016925920071113618,-0.009333332584563868,
GSE84944,0.0016925920071113618,-0.009333332584563868,
GSE84986,0.0016925920071113618,-0.009333332584563868,
GSE85088,0.0016925920071113618,-0.009333332584563868,
GSE85008,0.0016925920071113618,-0.009333332584563868,
GSE96777,0.0016925920071113618,-0.009333332584563868,
GSE96775,0.0016925920071113618,-0.009333332584563868,
GSE85013,0.0016925920071113618,-0.009333332584563868,
GSE85020,0.0016925920071113618,-0.009333332584563868,
GSE85037,0.0016925920071113618,-0.009333332584563868,
GSE85050,0.0016925920071113618,-0.009333332584563868,
GSE96774,0.0016925920071113618,-0.009333332584563868,
GSE85082,0.0016925920071113618,-0.009333332584563868,
GSE85083,0.0016925920071113618,-0.009333332584563868,
GSE85001,0.0016925920071113618,-0.009333332584563868,
GSE85567,0.0016925920071113618,-0.009333332584563868,
GSE85579,0.0016925920071113618,-0.009333332584563868,
GSE85623,0.0016925920071113618,-0.009333332584563868,
GSE85671,0.0016925920071113618,-0.009333332584563868,
GSE85685,0.0016925920071113618,-0.009333332584563868,
GSE96578,0.0016925920071113618,-0.009333332584563868,
GSE96568,0.0016925920071113618,-0.009333332584563868,
GSE96564,0.0016925920071113618,-0.009333332584563868,
GSE96563,0.0016925920071113618,-0.009333332584563868,
GSE96562,0.0016925920071113618,-0.009333332584563868,
GSE85263,0.0016925920071113618,-0.009333332584563868,
GSE85799,0.0016925920071113618,-0.009333332584563868,
GSE85800,0.0016925920071113618,-0.009333332584563868,
GSE96560,0.0016925920071113618,-0.009333332584563868,
GSE85840,0.0016925920071113618,-0.009333332584563868,
GSE85854,0.0016925920071113618,-0.009333332584563868,
GSE85857,0.0016925920071113618,-0.009333332584563868,
GSE96544,0.0016925920071113618,-0.009333332584563868,
GSE85870,0.0016925920071113618,-0.009333332584563868,
GSE85897,0.0016925920071113618,-0.009333332584563868,
GSE85908,0.0016925920071113618,-0.009333332584563868,
GSE85791,0.0016925920071113618,-0.009333332584563868,
GSE85271,0.0016925920071113618,-0.009333332584563868,
GSE85294,0.0016925920071113618,-0.009333332584563868,
GSE96637,0.0016925920071113618,-0.009333332584563868,
GSE85306,0.0016925920071113618,-0.009333332584563868,
GSE85324,0.0016925920071113618,-0.009333332584563868,
GSE96634,0.0016925920071113618,-0.009333332584563868,
GSE96619,0.0016925920071113618,-0.009333332584563868,
GSE85361,0.0016925920071113618,-0.009333332584563868,
GSE85378,0.0016925920071113618,-0.009333332584563868,
GSE85402,0.0016925920071113618,-0.009333332584563868,
GSE96590,0.0016925920071113618,-0.009333332584563868,
GSE85447,0.0016925920071113618,-0.009333332584563868,
GSE85455,0.0016925920071113618,-0.009333332584563868,
GSE85465,0.0016925920071113618,-0.009333332584563868,
GSE85510,0.0016925920071113618,-0.009333332584563868,
GSE85527,0.0016925920071113618,-0.009333332584563868,
GSE85530,0.0016925920071113618,-0.009333332584563868,
GSE85531,0.0016925920071113618,-0.009333332584563868,
GSE85541,0.0016925920071113618,-0.009333332584563868,
GSE85557,0.0016925920071113618,-0.009333332584563868,
GSE96601,0.0016925920071113618,-0.009333332584563868,
GSE85431,0.0016925920071113618,-0.009333332584563868,
GSE41279,0.0016925920071113618,-0.009333332584563868,
GSE41357,0.0016925920071113618,-0.009333332584563868,
GSE41359,0.0016925920071113618,-0.009333332584563868,
GSE41476,0.0016925920071113618,-0.009333332584563868,
GSE41586,0.0016925920071113618,-0.009333332584563868,
GSE41745,0.0016925920071113618,-0.009333332584563868,
GSE42006,0.0016925920071113618,-0.009333332584563868,
GSE42142,0.0016925920071113618,-0.009333332584563868,
GSE42146,0.0016925920071113618,-0.009333332584563868,
GSE42212,0.0016925920071113618,-0.009333332584563868,
GSE42326,0.0016925920071113618,-0.009333332584563868,
GSE71012,0.0016925920071113618,-0.009333332584563868,
GSE42485,0.0016925920071113618,-0.009333332584563868,
GSE42509,0.0016925920071113618,-0.009333332584563868,
GSE42608,0.0016925920071113618,-0.009333332584563868,
GSE42630,0.0016925920071113618,-0.009333332584563868,
GSE42701,0.0016925920071113618,-0.009333332584563868,
GSE42735,0.0016925920071113618,-0.009333332584563868,
GSE42948,0.0016925920071113618,-0.009333332584563868,
GSE42951,0.0016925920071113618,-0.009333332584563868,
GSE42960,0.0016925920071113618,-0.009333332584563868,
GSE43070,0.0016925920071113618,-0.009333332584563868,
GSE43126,0.0016925920071113618,-0.009333332584563868,
GSE42420,0.0016925920071113618,-0.009333332584563868,
GSE39957,0.0016925920071113618,-0.009333332584563868,
GSE40049,0.0016925920071113618,-0.009333332584563868,
GSE40050,0.0016925920071113618,-0.009333332584563868,
GSE40069,0.0016925920071113618,-0.009333332584563868,
GSE40111,0.0016925920071113618,-0.009333332584563868,
GSE40114,0.0016925920071113618,-0.009333332584563868,
GSE40131,0.0016925920071113618,-0.009333332584563868,
GSE40137,0.0016925920071113618,-0.009333332584563868,
GSE40174,0.0016925920071113618,-0.009333332584563868,
GSE40310,0.0016925920071113618,-0.009333332584563868,
GSE40524,0.0016925920071113618,-0.009333332584563868,
GSE41264,0.0016925920071113618,-0.009333332584563868,
GSE40591,0.0016925920071113618,-0.009333332584563868,
GSE40632,0.0016925920071113618,-0.009333332584563868,
GSE40705,0.0016925920071113618,-0.009333332584563868,
GSE40718,0.0016925920071113618,-0.009333332584563868,
GSE40740,0.0016925920071113618,-0.009333332584563868,
GSE40783,0.0016925920071113618,-0.009333332584563868,
GSE40859,0.0016925920071113618,-0.009333332584563868,
GSE41074,0.0016925920071113618,-0.009333332584563868,
GSE41166,0.0016925920071113618,-0.009333332584563868,
GSE41180,0.0016925920071113618,-0.009333332584563868,
GSE41245,0.0016925920071113618,-0.009333332584563868,
GSE40548,0.0016925920071113618,-0.009333332584563868,
GSE44385,0.0016925920071113618,-0.009333332584563868,
GSE44457,0.0016925920071113618,-0.009333332584563868,
GSE44585,0.0016925920071113618,-0.009333332584563868,
GSE44618,0.0016925920071113618,-0.009333332584563868,
GSE44718,0.0016925920071113618,-0.009333332584563868,
GSE44769,0.0016925920071113618,-0.009333332584563868,
GSE44801,0.0016925920071113618,-0.009333332584563868,
GSE44866,0.0016925920071113618,-0.009333332584563868,
GSE44875,0.0016925920071113618,-0.009333332584563868,
GSE44953,0.0016925920071113618,-0.009333332584563868,
GSE44976,0.0016925920071113618,-0.009333332584563868,
GSE43296,0.0016925920071113618,-0.009333332584563868,
GSE45162,0.0016925920071113618,-0.009333332584563868,
GSE45176,0.0016925920071113618,-0.009333332584563868,
GSE45202,0.0016925920071113618,-0.009333332584563868,
GSE45258,0.0016925920071113618,-0.009333332584563868,
GSE45326,0.0016925920071113618,-0.009333332584563868,
GSE45332,0.0016925920071113618,-0.009333332584563868,
GSE45335,0.0016925920071113618,-0.009333332584563868,
GSE45419,0.0016925920071113618,-0.009333332584563868,
GSE45428,0.0016925920071113618,-0.009333332584563868,
GSE45442,0.0016925920071113618,-0.009333332584563868,
GSE45453,0.0016925920071113618,-0.009333332584563868,
GSE45133,0.0016925920071113618,-0.009333332584563868,
GSE43335,0.0016925920071113618,-0.009333332584563868,
GSE43362,0.0016925920071113618,-0.009333332584563868,
GSE43472,0.0016925920071113618,-0.009333332584563868,
GSE43550,0.0016925920071113618,-0.009333332584563868,
GSE43586,0.0016925920071113618,-0.009333332584563868,
GSE43603,0.0016925920071113618,-0.009333332584563868,
GSE43666,0.0016925920071113618,-0.009333332584563868,
GSE43726,0.0016925920071113618,-0.009333332584563868,
GSE43785,0.0016925920071113618,-0.009333332584563868,
GSE43788,0.0016925920071113618,-0.009333332584563868,
GSE43801,0.0016925920071113618,-0.009333332584563868,
GSE44384,0.0016925920071113618,-0.009333332584563868,
GSE43835,0.0016925920071113618,-0.009333332584563868,
GSE43925,0.0016925920071113618,-0.009333332584563868,
GSE43984,0.0016925920071113618,-0.009333332584563868,
GSE44052,0.0016925920071113618,-0.009333332584563868,
GSE44064,0.0016925920071113618,-0.009333332584563868,
GSE44256,0.0016925920071113618,-0.009333332584563868,
GSE44267,0.0016925920071113618,-0.009333332584563868,
GSE44376,0.0016925920071113618,-0.009333332584563868,
GSE44377,0.0016925920071113618,-0.009333332584563868,
GSE44378,0.0016925920071113618,-0.009333332584563868,
GSE44379,0.0016925920071113618,-0.009333332584563868,
GSE43834,0.0016925920071113618,-0.009333332584563868,
GSE34329,0.0016925920071113618,-0.009333332584563868,
GSE34448,0.0016925920071113618,-0.009333332584563868,
GSE34491,0.0016925920071113618,-0.009333332584563868,
GSE34736,0.0016925920071113618,-0.009333332584563868,
GSE34740,0.0016925920071113618,-0.009333332584563868,
GSE34780,0.0016925920071113618,-0.009333332584563868,
GSE34914,0.0016925920071113618,-0.009333332584563868,
GSE34993,0.0016925920071113618,-0.009333332584563868,
GSE34995,0.0016925920071113618,-0.009333332584563868,
GSE35126,0.0016925920071113618,-0.009333332584563868,
GSE35178,0.0016925920071113618,-0.009333332584563868,
GSE39776,0.0016925920071113618,-0.009333332584563868,
GSE35296,0.0016925920071113618,-0.009333332584563868,
GSE35394,0.0016925920071113618,-0.009333332584563868,
GSE35420,0.0016925920071113618,-0.009333332584563868,
GSE35464,0.0016925920071113618,-0.009333332584563868,
GSE35468,0.0016925920071113618,-0.009333332584563868,
GSE35469,0.0016925920071113618,-0.009333332584563868,
GSE35584,0.0016925920071113618,-0.009333332584563868,
GSE35587,0.0016925920071113618,-0.009333332584563868,
GSE35704,0.0016925920071113618,-0.009333332584563868,
GSE35774,0.0016925920071113618,-0.009333332584563868,
GSE35871,0.0016925920071113618,-0.009333332584563868,
GSE35197,0.0016925920071113618,-0.009333332584563868,
GSE31539,0.0016925920071113618,-0.009333332584563868,
GSE31614,0.0016925920071113618,-0.009333332584563868,
GSE31653,0.0016925920071113618,-0.009333332584563868,
GSE32162,0.0016925920071113618,-0.009333332584563868,
GSE32213,0.0016925920071113618,-0.009333332584563868,
GSE32307,0.0016925920071113618,-0.009333332584563868,
GSE32340,0.0016925920071113618,-0.009333332584563868,
GSE32424,0.0016925920071113618,-0.009333332584563868,
GSE32689,0.0016925920071113618,-0.009333332584563868,
GSE32726,0.0016925920071113618,-0.009333332584563868,
GSE33013,0.0016925920071113618,-0.009333332584563868,
GSE34097,0.0016925920071113618,-0.009333332584563868,
GSE33154,0.0016925920071113618,-0.009333332584563868,
GSE33294,0.0016925920071113618,-0.009333332584563868,
GSE33328,0.0016925920071113618,-0.009333332584563868,
GSE33480,0.0016925920071113618,-0.009333332584563868,
GSE33592,0.0016925920071113618,-0.009333332584563868,
GSE33600,0.0016925920071113618,-0.009333332584563868,
GSE33601,0.0016925920071113618,-0.009333332584563868,
GSE33772,0.0016925920071113618,-0.009333332584563868,
GSE33776,0.0016925920071113618,-0.009333332584563868,
GSE33782,0.0016925920071113618,-0.009333332584563868,
GSE33816,0.0016925920071113618,-0.009333332584563868,
GSE33092,0.0016925920071113618,-0.009333332584563868,
GSE38233,0.0016925920071113618,-0.009333332584563868,
GSE38234,0.0016925920071113618,-0.009333332584563868,
GSE38265,0.0016925920071113618,-0.009333332584563868,
GSE38355,0.0016925920071113618,-0.009333332584563868,
GSE38356,0.0016925920071113618,-0.009333332584563868,
GSE38393,0.0016925920071113618,-0.009333332584563868,
GSE38447,0.0016925920071113618,-0.009333332584563868,
GSE38541,0.0016925920071113618,-0.009333332584563868,
GSE38676,0.0016925920071113618,-0.009333332584563868,
GSE38677,0.0016925920071113618,-0.009333332584563868,
GSE38770,0.0016925920071113618,-0.009333332584563868,
GSE36062,0.0016925920071113618,-0.009333332584563868,
GSE38886,0.0016925920071113618,-0.009333332584563868,
GSE38945,0.0016925920071113618,-0.009333332584563868,
GSE38994,0.0016925920071113618,-0.009333332584563868,
GSE39121,0.0016925920071113618,-0.009333332584563868,
GSE39167,0.0016925920071113618,-0.009333332584563868,
GSE39170,0.0016925920071113618,-0.009333332584563868,
GSE39305,0.0016925920071113618,-0.009333332584563868,
GSE39527,0.0016925920071113618,-0.009333332584563868,
GSE39561,0.0016925920071113618,-0.009333332584563868,
GSE39682,0.0016925920071113618,-0.009333332584563868,
GSE39757,0.0016925920071113618,-0.009333332584563868,
GSE38790,0.0016925920071113618,-0.009333332584563868,
GSE36070,0.0016925920071113618,-0.009333332584563868,
GSE36147,0.0016925920071113618,-0.009333332584563868,
GSE36242,0.0016925920071113618,-0.009333332584563868,
GSE36266,0.0016925920071113618,-0.009333332584563868,
GSE36349,0.0016925920071113618,-0.009333332584563868,
GSE36350,0.0016925920071113618,-0.009333332584563868,
GSE36761,0.0016925920071113618,-0.009333332584563868,
GSE36863,0.0016925920071113618,-0.009333332584563868,
GSE36866,0.0016925920071113618,-0.009333332584563868,
GSE36952,0.0016925920071113618,-0.009333332584563868,
GSE36968,0.0016925920071113618,-0.009333332584563868,
GSE38201,0.0016925920071113618,-0.009333332584563868,
GSE37002,0.0016925920071113618,-0.009333332584563868,
GSE37003,0.0016925920071113618,-0.009333332584563868,
GSE37037,0.0016925920071113618,-0.009333332584563868,
GSE37061,0.0016925920071113618,-0.009333332584563868,
GSE37211,0.0016925920071113618,-0.009333332584563868,
GSE37376,0.0016925920071113618,-0.009333332584563868,
GSE37524,0.0016925920071113618,-0.009333332584563868,
GSE37703,0.0016925920071113618,-0.009333332584563868,
GSE37752,0.0016925920071113618,-0.009333332584563868,
GSE37764,0.0016925920071113618,-0.009333332584563868,
GSE37918,0.0016925920071113618,-0.009333332584563868,
GSE38100,0.0016925920071113618,-0.009333332584563868,
GSE37001,0.0016925920071113618,-0.009333332584563868,
GSE51975,0.0016925920071113618,-0.009333332584563868,
GSE51984,0.0016925920071113618,-0.009333332584563868,
GSE52036,0.0016925920071113618,-0.009333332584563868,
GSE52077,0.0016925920071113618,-0.009333332584563868,
GSE52082,0.0016925920071113618,-0.009333332584563868,
GSE52090,0.0016925920071113618,-0.009333332584563868,
GSE52148,0.0016925920071113618,-0.009333332584563868,
GSE52194,0.0016925920071113618,-0.009333332584563868,
GSE52201,0.0016925920071113618,-0.009333332584563868,
GSE52248,0.0016925920071113618,-0.009333332584563868,
GSE52367,0.0016925920071113618,-0.009333332584563868,
GSE45669,0.0016925920071113618,-0.009333332584563868,
GSE52429,0.0016925920071113618,-0.009333332584563868,
GSE52447,0.0016925920071113618,-0.009333332584563868,
GSE52463,0.0016925920071113618,-0.009333332584563868,
GSE52490,0.0016925920071113618,-0.009333332584563868,
GSE52530,0.0016925920071113618,-0.009333332584563868,
GSE52642,0.0016925920071113618,-0.009333332584563868,
GSE52643,0.0016925920071113618,-0.009333332584563868,
GSE52656,0.0016925920071113618,-0.009333332584563868,
GSE52665,0.0016925920071113618,-0.009333332584563868,
GSE52666,0.0016925920071113618,-0.009333332584563868,
GSE52687,0.0016925920071113618,-0.009333332584563868,
GSE52385,0.0016925920071113618,-0.009333332584563868,
GSE50630,0.0016925920071113618,-0.009333332584563868,
GSE50676,0.0016925920071113618,-0.009333332584563868,
GSE50721,0.0016925920071113618,-0.009333332584563868,
GSE50760,0.0016925920071113618,-0.009333332584563868,
GSE50792,0.0016925920071113618,-0.009333332584563868,
GSE50893,0.0016925920071113618,-0.009333332584563868,
GSE50957,0.0016925920071113618,-0.009333332584563868,
GSE50958,0.0016925920071113618,-0.009333332584563868,
GSE51005,0.0016925920071113618,-0.009333332584563868,
GSE51124,0.0016925920071113618,-0.009333332584563868,
GSE51217,0.0016925920071113618,-0.009333332584563868,
GSE51924,0.0016925920071113618,-0.009333332584563868,
GSE51261,0.0016925920071113618,-0.009333332584563868,
GSE51310,0.0016925920071113618,-0.009333332584563868,
GSE51403,0.0016925920071113618,-0.009333332584563868,
GSE51415,0.0016925920071113618,-0.009333332584563868,
GSE51428,0.0016925920071113618,-0.009333332584563868,
GSE51443,0.0016925920071113618,-0.009333332584563868,
GSE51518,0.0016925920071113618,-0.009333332584563868,
GSE51584,0.0016925920071113618,-0.009333332584563868,
GSE51633,0.0016925920071113618,-0.009333332584563868,
GSE51684,0.0016925920071113618,-0.009333332584563868,
GSE51827,0.0016925920071113618,-0.009333332584563868,
GSE51254,0.0016925920071113618,-0.009333332584563868,
GSE53439,0.0016925920071113618,-0.009333332584563868,
GSE53450,0.0016925920071113618,-0.009333332584563868,
GSE53463,0.0016925920071113618,-0.009333332584563868,
GSE53470,0.0016925920071113618,-0.009333332584563868,
GSE53499,0.0016925920071113618,-0.009333332584563868,
GSE53510,0.0016925920071113618,-0.009333332584563868,
GSE53532,0.0016925920071113618,-0.009333332584563868,
GSE53554,0.0016925920071113618,-0.009333332584563868,
GSE53567,0.0016925920071113618,-0.009333332584563868,
GSE53586,0.0016925920071113618,-0.009333332584563868,
GSE53635,0.0016925920071113618,-0.009333332584563868,
GSE52695,0.0016925920071113618,-0.009333332584563868,
GSE53695,0.0016925920071113618,-0.009333332584563868,
GSE53696,0.0016925920071113618,-0.009333332584563868,
GSE53697,0.0016925920071113618,-0.009333332584563868,
GSE53698,0.0016925920071113618,-0.009333332584563868,
GSE53837,0.0016925920071113618,-0.009333332584563868,
GSE53949,0.0016925920071113618,-0.009333332584563868,
GSE54066,0.0016925920071113618,-0.009333332584563868,
GSE54074,0.0016925920071113618,-0.009333332584563868,
GSE54114,0.0016925920071113618,-0.009333332584563868,
GSE54122,0.0016925920071113618,-0.009333332584563868,
GSE54136,0.0016925920071113618,-0.009333332584563868,
GSE53638,0.0016925920071113618,-0.009333332584563868,
GSE52716,0.0016925920071113618,-0.009333332584563868,
GSE52734,0.0016925920071113618,-0.009333332584563868,
GSE52742,0.0016925920071113618,-0.009333332584563868,
GSE52745,0.0016925920071113618,-0.009333332584563868,
GSE52834,0.0016925920071113618,-0.009333332584563868,
GSE52848,0.0016925920071113618,-0.009333332584563868,
GSE52934,0.0016925920071113618,-0.009333332584563868,
GSE52946,0.0016925920071113618,-0.009333332584563868,
GSE52973,0.0016925920071113618,-0.009333332584563868,
GSE52975,0.0016925920071113618,-0.009333332584563868,
GSE53024,0.0016925920071113618,-0.009333332584563868,
GSE53419,0.0016925920071113618,-0.009333332584563868,
GSE53080,0.0016925920071113618,-0.009333332584563868,
GSE53239,0.0016925920071113618,-0.009333332584563868,
GSE53279,0.0016925920071113618,-0.009333332584563868,
GSE53280,0.0016925920071113618,-0.009333332584563868,
GSE53292,0.0016925920071113618,-0.009333332584563868,
GSE53300,0.0016925920071113618,-0.009333332584563868,
GSE53327,0.0016925920071113618,-0.009333332584563868,
GSE53330,0.0016925920071113618,-0.009333332584563868,
GSE53350,0.0016925920071113618,-0.009333332584563868,
GSE53356,0.0016925920071113618,-0.009333332584563868,
GSE53370,0.0016925920071113618,-0.009333332584563868,
GSE53391,0.0016925920071113618,-0.009333332584563868,
GSE53066,0.0016925920071113618,-0.009333332584563868,
GSE46718,0.0016925920071113618,-0.009333332584563868,
GSE46805,0.0016925920071113618,-0.009333332584563868,
GSE46817,0.0016925920071113618,-0.009333332584563868,
GSE46831,0.0016925920071113618,-0.009333332584563868,
GSE46959,0.0016925920071113618,-0.009333332584563868,
GSE47042,0.0016925920071113618,-0.009333332584563868,
GSE47095,0.0016925920071113618,-0.009333332584563868,
GSE47114,0.0016925920071113618,-0.009333332584563868,
GSE47157,0.0016925920071113618,-0.009333332584563868,
GSE47226,0.0016925920071113618,-0.009333332584563868,
GSE47399,0.0016925920071113618,-0.009333332584563868,
GSE50599,0.0016925920071113618,-0.009333332584563868,
GSE47462,0.0016925920071113618,-0.009333332584563868,
GSE47488,0.0016925920071113618,-0.009333332584563868,
GSE47636,0.0016925920071113618,-0.009333332584563868,
GSE47702,0.0016925920071113618,-0.009333332584563868,
GSE47718,0.0016925920071113618,-0.009333332584563868,
GSE47805,0.0016925920071113618,-0.009333332584563868,
GSE47806,0.0016925920071113618,-0.009333332584563868,
GSE47933,0.0016925920071113618,-0.009333332584563868,
GSE47944,0.0016925920071113618,-0.009333332584563868,
GSE47997,0.0016925920071113618,-0.009333332584563868,
GSE48032,0.0016925920071113618,-0.009333332584563868,
GSE47428,0.0016925920071113618,-0.009333332584563868,
GSE45732,0.0016925920071113618,-0.009333332584563868,
GSE45734,0.0016925920071113618,-0.009333332584563868,
GSE45735,0.0016925920071113618,-0.009333332584563868,
GSE45785,0.0016925920071113618,-0.009333332584563868,
GSE45822,0.0016925920071113618,-0.009333332584563868,
GSE45910,0.0016925920071113618,-0.009333332584563868,
GSE46056,0.0016925920071113618,-0.009333332584563868,
GSE46164,0.0016925920071113618,-0.009333332584563868,
GSE46224,0.0016925920071113618,-0.009333332584563868,
GSE46228,0.0016925920071113618,-0.009333332584563868,
GSE46322,0.0016925920071113618,-0.009333332584563868,
GSE46665,0.0016925920071113618,-0.009333332584563868,
GSE46490,0.0016925920071113618,-0.009333332584563868,
GSE46502,0.0016925920071113618,-0.009333332584563868,
GSE46513,0.0016925920071113618,-0.009333332584563868,
GSE46514,0.0016925920071113618,-0.009333332584563868,
GSE46516,0.0016925920071113618,-0.009333332584563868,
GSE46523,0.0016925920071113618,-0.009333332584563868,
GSE46561,0.0016925920071113618,-0.009333332584563868,
GSE46597,0.0016925920071113618,-0.009333332584563868,
GSE46611,0.0016925920071113618,-0.009333332584563868,
GSE46613,0.0016925920071113618,-0.009333332584563868,
GSE46622,0.0016925920071113618,-0.009333332584563868,
GSE46323,0.0016925920071113618,-0.009333332584563868,
GSE49159,0.0016925920071113618,-0.009333332584563868,
GSE49295,0.0016925920071113618,-0.009333332584563868,
GSE49339,0.0016925920071113618,-0.009333332584563868,
GSE49601,0.0016925920071113618,-0.009333332584563868,
GSE49608,0.0016925920071113618,-0.009333332584563868,
GSE49642,0.0016925920071113618,-0.009333332584563868,
GSE49712,0.0016925920071113618,-0.009333332584563868,
GSE49831,0.0016925920071113618,-0.009333332584563868,
GSE49833,0.0016925920071113618,-0.009333332584563868,
GSE49834,0.0016925920071113618,-0.009333332584563868,
GSE49890,0.0016925920071113618,-0.009333332584563868,
GSE48034,0.0016925920071113618,-0.009333332584563868,
GSE50064,0.0016925920071113618,-0.009333332584563868,
GSE50174,0.0016925920071113618,-0.009333332584563868,
GSE50177,0.0016925920071113618,-0.009333332584563868,
GSE50244,0.0016925920071113618,-0.009333332584563868,
GSE50386,0.0016925920071113618,-0.009333332584563868,
GSE50491,0.0016925920071113618,-0.009333332584563868,
GSE50499,0.0016925920071113618,-0.009333332584563868,
GSE50514,0.0016925920071113618,-0.009333332584563868,
GSE50535,0.0016925920071113618,-0.009333332584563868,
GSE50580,0.0016925920071113618,-0.009333332584563868,
GSE50582,0.0016925920071113618,-0.009333332584563868,
GSE49994,0.0016925920071113618,-0.009333332584563868,
GSE48035,0.0016925920071113618,-0.009333332584563868,
GSE48159,0.0016925920071113618,-0.009333332584563868,
GSE48166,0.0016925920071113618,-0.009333332584563868,
GSE48213,0.0016925920071113618,-0.009333332584563868,
GSE48230,0.0016925920071113618,-0.009333332584563868,
GSE48240,0.0016925920071113618,-0.009333332584563868,
GSE48263,0.0016925920071113618,-0.009333332584563868,
GSE48286,0.0016925920071113618,-0.009333332584563868,
GSE48403,0.0016925920071113618,-0.009333332584563868,
GSE48423,0.0016925920071113618,-0.009333332584563868,
GSE48599,0.0016925920071113618,-0.009333332584563868,
GSE49155,0.0016925920071113618,-0.009333332584563868,
GSE48678,0.0016925920071113618,-0.009333332584563868,
GSE48785,0.0016925920071113618,-0.009333332584563868,
GSE48812,0.0016925920071113618,-0.009333332584563868,
GSE48843,0.0016925920071113618,-0.009333332584563868,
GSE48846,0.0016925920071113618,-0.009333332584563868,
GSE48850,0.0016925920071113618,-0.009333332584563868,
GSE48889,0.0016925920071113618,-0.009333332584563868,
GSE48918,0.0016925920071113618,-0.009333332584563868,
GSE48933,0.0016925920071113618,-0.009333332584563868,
GSE48953,0.0016925920071113618,-0.009333332584563868,
GSE49110,0.0016925920071113618,-0.009333332584563868,
GSE49133,0.0016925920071113618,-0.009333332584563868,
GSE48603,0.0016925920071113618,-0.009333332584563868,
GSE103075,0.0016925920071113618,-0.009333332584563868,
GSE103114,0.0016925920071113618,-0.009333332584563868,
GSE103122,0.0016925920071113618,-0.009333332584563868,
GSE103147,0.0016925920071113618,-0.009333332584563868,
GSE103152,0.0016925920071113618,-0.009333332584563868,
GSE103242,0.0016925920071113618,-0.009333332584563868,
GSE103252,0.0016925920071113618,-0.009333332584563868,
GSE103299,0.0016925920071113618,-0.009333332584563868,
GSE103307,0.0016925920071113618,-0.009333332584563868,
GSE103405,0.0016925920071113618,-0.009333332584563868,
GSE103449,0.0016925920071113618,-0.009333332584563868,
GSE31528,0.0016925920071113618,-0.009333332584563868,
GSE103501,0.0016925920071113618,-0.009333332584563868,
GSE103544,0.0016925920071113618,-0.009333332584563868,
GSE103559,0.0016925920071113618,-0.009333332584563868,
GSE103567,0.0016925920071113618,-0.009333332584563868,
GSE103630,0.0016925920071113618,-0.009333332584563868,
GSE103650,0.0016925920071113618,-0.009333332584563868,
GSE103658,0.0016925920071113618,-0.009333332584563868,
GSE103672,0.0016925920071113618,-0.009333332584563868,
GSE103687,0.0016925920071113618,-0.009333332584563868,
GSE103688,0.0016925920071113618,-0.009333332584563868,
GSE103711,0.0016925920071113618,-0.009333332584563868,
GSE103461,0.0016925920071113618,-0.009333332584563868,
GSE102492,0.0016925920071113618,-0.009333332584563868,
GSE102560,0.0016925920071113618,-0.009333332584563868,
GSE102616,0.0016925920071113618,-0.009333332584563868,
GSE102628,0.0016925920071113618,-0.009333332584563868,
GSE102639,0.0016925920071113618,-0.009333332584563868,
GSE102652,0.0016925920071113618,-0.009333332584563868,
GSE102676,0.0016925920071113618,-0.009333332584563868,
GSE102728,0.0016925920071113618,-0.009333332584563868,
GSE102741,0.0016925920071113618,-0.009333332584563868,
GSE102762,0.0016925920071113618,-0.009333332584563868,
GSE102796,0.0016925920071113618,-0.009333332584563868,
GSE103071,0.0016925920071113618,-0.009333332584563868,
GSE102860,0.0016925920071113618,-0.009333332584563868,
GSE102864,0.0016925920071113618,-0.009333332584563868,
GSE102870,0.0016925920071113618,-0.009333332584563868,
GSE102875,0.0016925920071113618,-0.009333332584563868,
GSE102893,0.0016925920071113618,-0.009333332584563868,
GSE102910,0.0016925920071113618,-0.009333332584563868,
GSE102923,0.0016925920071113618,-0.009333332584563868,
GSE103001,0.0016925920071113618,-0.009333332584563868,
GSE103016,0.0016925920071113618,-0.009333332584563868,
GSE103021,0.0016925920071113618,-0.009333332584563868,
GSE103029,0.0016925920071113618,-0.009333332584563868,
GSE102838,0.0016925920071113618,-0.009333332584563868,
GSE104552,0.0016925920071113618,-0.009333332584563868,
GSE104589,0.0016925920071113618,-0.009333332584563868,
GSE104600,0.0016925920071113618,-0.009333332584563868,
GSE104674,0.0016925920071113618,-0.009333332584563868,
GSE104704,0.0016925920071113618,-0.009333332584563868,
GSE104714,0.0016925920071113618,-0.009333332584563868,
GSE104736,0.0016925920071113618,-0.009333332584563868,
GSE104766,0.0016925920071113618,-0.009333332584563868,
GSE104836,0.0016925920071113618,-0.009333332584563868,
GSE104854,0.0016925920071113618,-0.009333332584563868,
GSE104873,0.0016925920071113618,-0.009333332584563868,
GSE103719,0.0016925920071113618,-0.009333332584563868,
GSE105039,0.0016925920071113618,-0.009333332584563868,
GSE105064,0.0016925920071113618,-0.009333332584563868,
GSE105083,0.0016925920071113618,-0.009333332584563868,
GSE105137,0.0016925920071113618,-0.009333332584563868,
GSE105142,0.0016925920071113618,-0.009333332584563868,
GSE105216,0.0016925920071113618,-0.009333332584563868,
GSE105248,0.0016925920071113618,-0.009333332584563868,
GSE105783,0.0016925920071113618,-0.009333332584563868,
GSE105884,0.0016925920071113618,-0.009333332584563868,
GSE106092,0.0016925920071113618,-0.009333332584563868,
GSE106118,0.0016925920071113618,-0.009333332584563868,
GSE105019,0.0016925920071113618,-0.009333332584563868,
GSE103763,0.0016925920071113618,-0.009333332584563868,
GSE103790,0.0016925920071113618,-0.009333332584563868,
GSE103837,0.0016925920071113618,-0.009333332584563868,
GSE103844,0.0016925920071113618,-0.009333332584563868,
GSE103850,0.0016925920071113618,-0.009333332584563868,
GSE103868,0.0016925920071113618,-0.009333332584563868,
GSE103907,0.0016925920071113618,-0.009333332584563868,
GSE103930,0.0016925920071113618,-0.009333332584563868,
GSE103934,0.0016925920071113618,-0.009333332584563868,
GSE103997,0.0016925920071113618,-0.009333332584563868,
GSE104001,0.0016925920071113618,-0.009333332584563868,
GSE104527,0.0016925920071113618,-0.009333332584563868,
GSE104149,0.0016925920071113618,-0.009333332584563868,
GSE104177,0.0016925920071113618,-0.009333332584563868,
GSE104193,0.0016925920071113618,-0.009333332584563868,
GSE104209,0.0016925920071113618,-0.009333332584563868,
GSE104227,0.0016925920071113618,-0.009333332584563868,
GSE104280,0.0016925920071113618,-0.009333332584563868,
GSE104282,0.0016925920071113618,-0.009333332584563868,
GSE104288,0.0016925920071113618,-0.009333332584563868,
GSE104310,0.0016925920071113618,-0.009333332584563868,
GSE104348,0.0016925920071113618,-0.009333332584563868,
GSE104465,0.0016925920071113618,-0.009333332584563868,
GSE104522,0.0016925920071113618,-0.009333332584563868,
GSE104018,0.0016925920071113618,-0.009333332584563868,
GSE99349,0.0016925920071113618,-0.009333332584563868,
GSE99356,0.0016925920071113618,-0.009333332584563868,
GSE99381,0.0016925920071113618,-0.009333332584563868,
GSE99389,0.0016925920071113618,-0.009333332584563868,
GSE99392,0.0016925920071113618,-0.009333332584563868,
GSE99400,0.0016925920071113618,-0.009333332584563868,
GSE100027,0.0016925920071113618,-0.009333332584563868,
GSE100745,0.0016925920071113618,-0.009333332584563868,
GSE100751,0.0016925920071113618,-0.009333332584563868,
GSE100813,0.0016925920071113618,-0.009333332584563868,
GSE100891,0.0016925920071113618,-0.009333332584563868,
GSE102476,0.0016925920071113618,-0.009333332584563868,
GSE100982,0.0016925920071113618,-0.009333332584563868,
GSE101157,0.0016925920071113618,-0.009333332584563868,
GSE101167,0.0016925920071113618,-0.009333332584563868,
GSE101168,0.0016925920071113618,-0.009333332584563868,
GSE101209,0.0016925920071113618,-0.009333332584563868,
GSE101343,0.0016925920071113618,-0.009333332584563868,
GSE101396,0.0016925920071113618,-0.009333332584563868,
GSE101419,0.0016925920071113618,-0.009333332584563868,
GSE101451,0.0016925920071113618,-0.009333332584563868,
GSE101467,0.0016925920071113618,-0.009333332584563868,
GSE101480,0.0016925920071113618,-0.009333332584563868,
GSE100925,0.0016925920071113618,-0.009333332584563868,
GSE99626,0.0016925920071113618,-0.009333332584563868,
GSE99407,0.0016925920071113618,-0.009333332584563868,
GSE98884,0.0016925920071113618,-0.009333332584563868,
GSE98894,0.0016925920071113618,-0.009333332584563868,
GSE98898,0.0016925920071113618,-0.009333332584563868,
GSE99015,0.0016925920071113618,-0.009333332584563868,
GSE99028,0.0016925920071113618,-0.009333332584563868,
GSE99059,0.0016925920071113618,-0.009333332584563868,
GSE99060,0.0016925920071113618,-0.009333332584563868,
GSE99062,0.0016925920071113618,-0.009333332584563868,
GSE99065,0.0016925920071113618,-0.009333332584563868,
GSE99321,0.0016925920071113618,-0.009333332584563868,
GSE99095,0.0016925920071113618,-0.009333332584563868,
GSE99149,0.0016925920071113618,-0.009333332584563868,
GSE99179,0.0016925920071113618,-0.009333332584563868,
GSE99180,0.0016925920071113618,-0.009333332584563868,
GSE99202,0.0016925920071113618,-0.009333332584563868,
GSE99209,0.0016925920071113618,-0.009333332584563868,
GSE99215,0.0016925920071113618,-0.009333332584563868,
GSE99246,0.0016925920071113618,-0.009333332584563868,
GSE99293,0.0016925920071113618,-0.009333332584563868,
GSE99298,0.0016925920071113618,-0.009333332584563868,
GSE99313,0.0016925920071113618,-0.009333332584563868,
GSE99088,0.0016925920071113618,-0.009333332584563868,
GSE101968,0.0016925920071113618,-0.009333332584563868,
GSE101972,0.0016925920071113618,-0.009333332584563868,
GSE101974,0.0016925920071113618,-0.009333332584563868,
GSE102000,0.0016925920071113618,-0.009333332584563868,
GSE102025,0.0016925920071113618,-0.009333332584563868,
GSE102033,0.0016925920071113618,-0.009333332584563868,
GSE102040,0.0016925920071113618,-0.009333332584563868,
GSE102073,0.0016925920071113618,-0.009333332584563868,
GSE102097,0.0016925920071113618,-0.009333332584563868,
GSE102101,0.0016925920071113618,-0.009333332584563868,
GSE102132,0.0016925920071113618,-0.009333332584563868,
GSE101497,0.0016925920071113618,-0.009333332584563868,
GSE102182,0.0016925920071113618,-0.009333332584563868,
GSE102183,0.0016925920071113618,-0.009333332584563868,
GSE102185,0.0016925920071113618,-0.009333332584563868,
GSE102188,0.0016925920071113618,-0.009333332584563868,
GSE102215,0.0016925920071113618,-0.009333332584563868,
GSE102246,0.0016925920071113618,-0.009333332584563868,
GSE102305,0.0016925920071113618,-0.009333332584563868,
GSE102349,0.0016925920071113618,-0.009333332584563868,
GSE102392,0.0016925920071113618,-0.009333332584563868,
GSE102460,0.0016925920071113618,-0.009333332584563868,
GSE102467,0.0016925920071113618,-0.009333332584563868,
GSE102170,0.0016925920071113618,-0.009333332584563868,
GSE101518,0.0016925920071113618,-0.009333332584563868,
GSE101519,0.0016925920071113618,-0.009333332584563868,
GSE101521,0.0016925920071113618,-0.009333332584563868,
GSE101526,0.0016925920071113618,-0.009333332584563868,
GSE101528,0.0016925920071113618,-0.009333332584563868,
GSE101547,0.0016925920071113618,-0.009333332584563868,
GSE101558,0.0016925920071113618,-0.009333332584563868,
GSE101565,0.0016925920071113618,-0.009333332584563868,
GSE101628,0.0016925920071113618,-0.009333332584563868,
GSE101629,0.0016925920071113618,-0.009333332584563868,
GSE101638,0.0016925920071113618,-0.009333332584563868,
GSE101966,0.0016925920071113618,-0.009333332584563868,
GSE101691,0.0016925920071113618,-0.009333332584563868,
GSE101705,0.0016925920071113618,-0.009333332584563868,
GSE101708,0.0016925920071113618,-0.009333332584563868,
GSE101738,0.0016925920071113618,-0.009333332584563868,
GSE101754,0.0016925920071113618,-0.009333332584563868,
GSE101756,0.0016925920071113618,-0.009333332584563868,
GSE101799,0.0016925920071113618,-0.009333332584563868,
GSE101871,0.0016925920071113618,-0.009333332584563868,
GSE101872,0.0016925920071113618,-0.009333332584563868,
GSE101878,0.0016925920071113618,-0.009333332584563868,
GSE101923,0.0016925920071113618,-0.009333332584563868,
GSE101927,0.0016925920071113618,-0.009333332584563868,
GSE101665,0.0016925920071113618,-0.009333332584563868,
GSE123649,0.0016925920071113618,-0.009333332584563868,
GSE124282,0.0016925920071113618,-0.009333332584563868,
GSE124586,0.0016925920071113618,-0.009333332584563868,
GSE125506,0.0016925920071113618,-0.009333332584563868,
GSE125522,0.0016925920071113618,-0.009333332584563868,
GSE125577,0.0016925920071113618,-0.009333332584563868,
GSE125629,0.0016925920071113618,-0.009333332584563868,
GSE125642,0.0016925920071113618,-0.009333332584563868,
GSE125686,0.0016925920071113618,-0.009333332584563868,
GSE125778,0.0016925920071113618,-0.009333332584563868,
GSE125802,0.0016925920071113618,-0.009333332584563868,
GSE106148,0.0016925920071113618,-0.009333332584563868,
GSE125966,0.0016925920071113618,-0.009333332584563868,
GSE126007,0.0016925920071113618,-0.009333332584563868,
GSE126250,0.0016925920071113618,-0.009333332584563868,
GSE15780,0.0016925920071113618,-0.009333332584563868,
GSE16642,0.0016925920071113618,-0.009333332584563868,
GSE16921,0.0016925920071113618,-0.009333332584563868,
GSE17403,0.0016925920071113618,-0.009333332584563868,
GSE18156,0.0016925920071113618,-0.009333332584563868,
GSE19166,0.0016925920071113618,-0.009333332584563868,
GSE19323,0.0016925920071113618,-0.009333332584563868,
GSE19373,0.0016925920071113618,-0.009333332584563868,
GSE125862,0.0016925920071113618,-0.009333332584563868,
GSE115259,0.0016925920071113618,-0.009333332584563868,
GSE115575,0.0016925920071113618,-0.009333332584563868,
GSE115770,0.0016925920071113618,-0.009333332584563868,
GSE115795,0.0016925920071113618,-0.009333332584563868,
GSE115823,0.0016925920071113618,-0.009333332584563868,
GSE115831,0.0016925920071113618,-0.009333332584563868,
GSE115938,0.0016925920071113618,-0.009333332584563868,
GSE116346,0.0016925920071113618,-0.009333332584563868,
GSE117123,0.0016925920071113618,-0.009333332584563868,
GSE117622,0.0016925920071113618,-0.009333332584563868,
GSE117632,0.0016925920071113618,-0.009333332584563868,
GSE123029,0.0016925920071113618,-0.009333332584563868,
GSE118530,0.0016925920071113618,-0.009333332584563868,
GSE118644,0.0016925920071113618,-0.009333332584563868,
GSE119587,0.0016925920071113618,-0.009333332584563868,
GSE119794,0.0016925920071113618,-0.009333332584563868,
GSE120297,0.0016925920071113618,-0.009333332584563868,
GSE120890,0.0016925920071113618,-0.009333332584563868,
GSE120891,0.0016925920071113618,-0.009333332584563868,
GSE121425,0.0016925920071113618,-0.009333332584563868,
GSE122093,0.0016925920071113618,-0.009333332584563868,
GSE122818,0.0016925920071113618,-0.009333332584563868,
GSE122953,0.0016925920071113618,-0.009333332584563868,
GSE118158,0.0016925920071113618,-0.009333332584563868,
GSE28866,0.0016925920071113618,-0.009333332584563868,
GSE29006,0.0016925920071113618,-0.009333332584563868,
GSE29038,0.0016925920071113618,-0.009333332584563868,
GSE29040,0.0016925920071113618,-0.009333332584563868,
GSE29098,0.0016925920071113618,-0.009333332584563868,
GSE29119,0.0016925920071113618,-0.009333332584563868,
GSE29155,0.0016925920071113618,-0.009333332584563868,
GSE29158,0.0016925920071113618,-0.009333332584563868,
GSE29160,0.0016925920071113618,-0.009333332584563868,
GSE29282,0.0016925920071113618,-0.009333332584563868,
GSE29580,0.0016925920071113618,-0.009333332584563868,
GSE19466,0.0016925920071113618,-0.009333332584563868,
GSE29943,0.0016925920071113618,-0.009333332584563868,
GSE29968,0.0016925920071113618,-0.009333332584563868,
GSE30222,0.0016925920071113618,-0.009333332584563868,
GSE30290,0.0016925920071113618,-0.009333332584563868,
GSE30554,0.0016925920071113618,-0.009333332584563868,
GSE30567,0.0016925920071113618,-0.009333332584563868,
GSE30573,0.0016925920071113618,-0.009333332584563868,
GSE30772,0.0016925920071113618,-0.009333332584563868,
GSE30786,0.0016925920071113618,-0.009333332584563868,
GSE31310,0.0016925920071113618,-0.009333332584563868,
GSE31486,0.0016925920071113618,-0.009333332584563868,
GSE29660,0.0016925920071113618,-0.009333332584563868,
GSE19480,0.0016925920071113618,-0.009333332584563868,
GSE19481,0.0016925920071113618,-0.009333332584563868,
GSE20116,0.0016925920071113618,-0.009333332584563868,
GSE21918,0.0016925920071113618,-0.009333332584563868,
GSE22260,0.0016925920071113618,-0.009333332584563868,
GSE22917,0.0016925920071113618,-0.009333332584563868,
GSE22932,0.0016925920071113618,-0.009333332584563868,
GSE23109,0.0016925920071113618,-0.009333332584563868,
GSE24283,0.0016925920071113618,-0.009333332584563868,
GSE24455,0.0016925920071113618,-0.009333332584563868,
GSE24491,0.0016925920071113618,-0.009333332584563868,
GSE28864,0.0016925920071113618,-0.009333332584563868,
GSE25183,0.0016925920071113618,-0.009333332584563868,
GSE25291,0.0016925920071113618,-0.009333332584563868,
GSE25882,0.0016925920071113618,-0.009333332584563868,
GSE25932,0.0016925920071113618,-0.009333332584563868,
GSE26140,0.0016925920071113618,-0.009333332584563868,
GSE26463,0.0016925920071113618,-0.009333332584563868,
GSE26880,0.0016925920071113618,-0.009333332584563868,
GSE27315,0.0016925920071113618,-0.009333332584563868,
GSE27823,0.0016925920071113618,-0.009333332584563868,
GSE28040,0.0016925920071113618,-0.009333332584563868,
GSE28115,0.0016925920071113618,-0.009333332584563868,
GSE28859,0.0016925920071113618,-0.009333332584563868,
GSE25133,0.0016925920071113618,-0.009333332584563868,
GSE107096,0.0016925920071113618,-0.009333332584563868,
GSE107173,0.0016925920071113618,-0.009333332584563868,
GSE107181,0.0016925920071113618,-0.009333332584563868,
GSE107196,0.0016925920071113618,-0.009333332584563868,
GSE107245,0.0016925920071113618,-0.009333332584563868,
GSE107307,0.0016925920071113618,-0.009333332584563868,
GSE107363,0.0016925920071113618,-0.009333332584563868,
GSE107542,0.0016925920071113618,-0.009333332584563868,
GSE107574,0.0016925920071113618,-0.009333332584563868,
GSE107581,0.0016925920071113618,-0.009333332584563868,
GSE107590,0.0016925920071113618,-0.009333332584563868,
GSE114885,0.0016925920071113618,-0.009333332584563868,
GSE107649,0.0016925920071113618,-0.009333332584563868,
GSE107680,0.0016925920071113618,-0.009333332584563868,
GSE107735,0.0016925920071113618,-0.009333332584563868,
GSE107746,0.0016925920071113618,-0.009333332584563868,
GSE107821,0.0016925920071113618,-0.009333332584563868,
GSE107848,0.0016925920071113618,-0.009333332584563868,
GSE107871,0.0016925920071113618,-0.009333332584563868,
GSE107898,0.0016925920071113618,-0.009333332584563868,
GSE108003,0.0016925920071113618,-0.009333332584563868,
GSE108013,0.0016925920071113618,-0.009333332584563868,
GSE108023,0.0016925920071113618,-0.009333332584563868,
GSE107601,0.0016925920071113618,-0.009333332584563868,
GSE106261,0.0016925920071113618,-0.009333332584563868,
GSE106289,0.0016925920071113618,-0.009333332584563868,
GSE106336,0.0016925920071113618,-0.009333332584563868,
GSE106338,0.0016925920071113618,-0.009333332584563868,
GSE106387,0.0016925920071113618,-0.009333332584563868,
GSE106391,0.0016925920071113618,-0.009333332584563868,
GSE106393,0.0016925920071113618,-0.009333332584563868,
GSE106394,0.0016925920071113618,-0.009333332584563868,
GSE106520,0.0016925920071113618,-0.009333332584563868,
GSE106540,0.0016925920071113618,-0.009333332584563868,
GSE106542,0.0016925920071113618,-0.009333332584563868,
GSE107030,0.0016925920071113618,-0.009333332584563868,
GSE106605,0.0016925920071113618,-0.009333332584563868,
GSE106681,0.0016925920071113618,-0.009333332584563868,
GSE106694,0.0016925920071113618,-0.009333332584563868,
GSE106696,0.0016925920071113618,-0.009333332584563868,
GSE106804,0.0016925920071113618,-0.009333332584563868,
GSE106844,0.0016925920071113618,-0.009333332584563868,
GSE106885,0.0016925920071113618,-0.009333332584563868,
GSE106917,0.0016925920071113618,-0.009333332584563868,
GSE106989,0.0016925920071113618,-0.009333332584563868,
GSE106991,0.0016925920071113618,-0.009333332584563868,
GSE107029,0.0016925920071113618,-0.009333332584563868,
GSE106545,0.0016925920071113618,-0.009333332584563868,
GSE109484,0.0016925920071113618,-0.009333332584563868,
GSE109620,0.0016925920071113618,-0.009333332584563868,
GSE109702,0.0016925920071113618,-0.009333332584563868,
GSE109708,0.0016925920071113618,-0.009333332584563868,
GSE109843,0.0016925920071113618,-0.009333332584563868,
GSE110278,0.0016925920071113618,-0.009333332584563868,
GSE110999,0.0016925920071113618,-0.009333332584563868,
GSE111036,0.0016925920071113618,-0.009333332584563868,
GSE111049,0.0016925920071113618,-0.009333332584563868,
GSE111203,0.0016925920071113618,-0.009333332584563868,
GSE111520,0.0016925920071113618,-0.009333332584563868,
GSE108072,0.0016925920071113618,-0.009333332584563868,
GSE112557,0.0016925920071113618,-0.009333332584563868,
GSE113098,0.0016925920071113618,-0.009333332584563868,
GSE113185,0.0016925920071113618,-0.009333332584563868,
GSE113215,0.0016925920071113618,-0.009333332584563868,
GSE113386,0.0016925920071113618,-0.009333332584563868,
GSE113519,0.0016925920071113618,-0.009333332584563868,
GSE113695,0.0016925920071113618,-0.009333332584563868,
GSE113907,0.0016925920071113618,-0.009333332584563868,
GSE113964,0.0016925920071113618,-0.009333332584563868,
GSE114069,0.0016925920071113618,-0.009333332584563868,
GSE114725,0.0016925920071113618,-0.009333332584563868,
GSE112295,0.0016925920071113618,-0.009333332584563868,
GSE108111,0.0016925920071113618,-0.009333332584563868,
GSE108140,0.0016925920071113618,-0.009333332584563868,
GSE108308,0.0016925920071113618,-0.009333332584563868,
GSE108313,0.0016925920071113618,-0.009333332584563868,
GSE108366,0.0016925920071113618,-0.009333332584563868,
GSE108391,0.0016925920071113618,-0.009333332584563868,
GSE108444,0.0016925920071113618,-0.009333332584563868,
GSE108465,0.0016925920071113618,-0.009333332584563868,
GSE108495,0.0016925920071113618,-0.009333332584563868,
GSE108526,0.0016925920071113618,-0.009333332584563868,
GSE108763,0.0016925920071113618,-0.009333332584563868,
GSE109463,0.0016925920071113618,-0.009333332584563868,
GSE108905,0.0016925920071113618,-0.009333332584563868,
GSE108923,0.0016925920071113618,-0.009333332584563868,
GSE108971,0.0016925920071113618,-0.009333332584563868,
GSE109028,0.0016925920071113618,-0.009333332584563868,
GSE109072,0.0016925920071113618,-0.009333332584563868,
GSE109082,0.0016925920071113618,-0.009333332584563868,
GSE109108,0.0016925920071113618,-0.009333332584563868,
GSE109140,0.0016925920071113618,-0.009333332584563868,
GSE109142,0.0016925920071113618,-0.009333332584563868,
GSE109313,0.0016925920071113618,-0.009333332584563868,
GSE109373,0.0016925920071113618,-0.009333332584563868,
GSE109419,0.0016925920071113618,-0.009333332584563868,
GSE108883,0.0016925920071113618,-0.009333332584563868,
GSE67519,0.0016925920071113618,-0.009333332584563868,
GSE67540,0.0016925920071113618,-0.009333332584563868,
GSE67617,0.0016925920071113618,-0.009333332584563868,
GSE67713,0.0016925920071113618,-0.009333332584563868,
GSE67770,0.0016925920071113618,-0.009333332584563868,
GSE67785,0.0016925920071113618,-0.009333332584563868,
GSE67812,0.0016925920071113618,-0.009333332584563868,
GSE67844,0.0016925920071113618,-0.009333332584563868,
GSE67866,0.0016925920071113618,-0.009333332584563868,
GSE67898,0.0016925920071113618,-0.009333332584563868,
GSE67902,0.0016925920071113618,-0.009333332584563868,
GSE54159,0.0016925920071113618,-0.009333332584563868,
GSE67939,0.0016925920071113618,-0.009333332584563868,
GSE67945,0.0016925920071113618,-0.009333332584563868,
GSE67994,0.0016925920071113618,-0.009333332584563868,
GSE68005,0.0016925920071113618,-0.009333332584563868,
GSE68027,0.0016925920071113618,-0.009333332584563868,
GSE68039,0.0016925920071113618,-0.009333332584563868,
GSE68040,0.0016925920071113618,-0.009333332584563868,
GSE68042,0.0016925920071113618,-0.009333332584563868,
GSE68102,0.0016925920071113618,-0.009333332584563868,
GSE68108,0.0016925920071113618,-0.009333332584563868,
GSE68109,0.0016925920071113618,-0.009333332584563868,
GSE67931,0.0016925920071113618,-0.009333332584563868,
GSE66798,0.0016925920071113618,-0.009333332584563868,
GSE66809,0.0016925920071113618,-0.009333332584563868,
GSE66859,0.0016925920071113618,-0.009333332584563868,
GSE66876,0.0016925920071113618,-0.009333332584563868,
GSE66879,0.0016925920071113618,-0.009333332584563868,
GSE66895,0.0016925920071113618,-0.009333332584563868,
GSE66917,0.0016925920071113618,-0.009333332584563868,
GSE66927,0.0016925920071113618,-0.009333332584563868,
GSE66928,0.0016925920071113618,-0.009333332584563868,
GSE66962,0.0016925920071113618,-0.009333332584563868,
GSE67041,0.0016925920071113618,-0.009333332584563868,
GSE67488,0.0016925920071113618,-0.009333332584563868,
GSE67141,0.0016925920071113618,-0.009333332584563868,
GSE67174,0.0016925920071113618,-0.009333332584563868,
GSE67196,0.0016925920071113618,-0.009333332584563868,
GSE67237,0.0016925920071113618,-0.009333332584563868,
GSE67240,0.0016925920071113618,-0.009333332584563868,
GSE67250,0.0016925920071113618,-0.009333332584563868,
GSE67295,0.0016925920071113618,-0.009333332584563868,
GSE67333,0.0016925920071113618,-0.009333332584563868,
GSE67382,0.0016925920071113618,-0.009333332584563868,
GSE67427,0.0016925920071113618,-0.009333332584563868,
GSE67447,0.0016925920071113618,-0.009333332584563868,
GSE67109,0.0016925920071113618,-0.009333332584563868,
GSE68815,0.0016925920071113618,-0.009333332584563868,
GSE68872,0.0016925920071113618,-0.009333332584563868,
GSE68873,0.0016925920071113618,-0.009333332584563868,
GSE68919,0.0016925920071113618,-0.009333332584563868,
GSE68925,0.0016925920071113618,-0.009333332584563868,
GSE68938,0.0016925920071113618,-0.009333332584563868,
GSE68987,0.0016925920071113618,-0.009333332584563868,
GSE69021,0.0016925920071113618,-0.009333332584563868,
GSE69047,0.0016925920071113618,-0.009333332584563868,
GSE69092,0.0016925920071113618,-0.009333332584563868,
GSE69110,0.0016925920071113618,-0.009333332584563868,
GSE68180,0.0016925920071113618,-0.009333332584563868,
GSE69121,0.0016925920071113618,-0.009333332584563868,
GSE69125,0.0016925920071113618,-0.009333332584563868,
GSE69164,0.0016925920071113618,-0.009333332584563868,
GSE69197,0.0016925920071113618,-0.009333332584563868,
GSE69206,0.0016925920071113618,-0.009333332584563868,
GSE69233,0.0016925920071113618,-0.009333332584563868,
GSE69239,0.0016925920071113618,-0.009333332584563868,
GSE69240,0.0016925920071113618,-0.009333332584563868,
GSE69284,0.0016925920071113618,-0.009333332584563868,
GSE69292,0.0016925920071113618,-0.009333332584563868,
GSE69308,0.0016925920071113618,-0.009333332584563868,
GSE69114,0.0016925920071113618,-0.009333332584563868,
GSE68219,0.0016925920071113618,-0.009333332584563868,
GSE68221,0.0016925920071113618,-0.009333332584563868,
GSE68228,0.0016925920071113618,-0.009333332584563868,
GSE68229,0.0016925920071113618,-0.009333332584563868,
GSE68230,0.0016925920071113618,-0.009333332584563868,
GSE68248,0.0016925920071113618,-0.009333332584563868,
GSE68279,0.0016925920071113618,-0.009333332584563868,
GSE68297,0.0016925920071113618,-0.009333332584563868,
GSE68327,0.0016925920071113618,-0.009333332584563868,
GSE68341,0.0016925920071113618,-0.009333332584563868,
GSE68358,0.0016925920071113618,-0.009333332584563868,
GSE68813,0.0016925920071113618,-0.009333332584563868,
GSE68401,0.0016925920071113618,-0.009333332584563868,
GSE68452,0.0016925920071113618,-0.009333332584563868,
GSE68482,0.0016925920071113618,-0.009333332584563868,
GSE68538,0.0016925920071113618,-0.009333332584563868,
GSE68611,0.0016925920071113618,-0.009333332584563868,
GSE68645,0.0016925920071113618,-0.009333332584563868,
GSE68671,0.0016925920071113618,-0.009333332584563868,
GSE68673,0.0016925920071113618,-0.009333332584563868,
GSE68719,0.0016925920071113618,-0.009333332584563868,
GSE68795,0.0016925920071113618,-0.009333332584563868,
GSE68799,0.0016925920071113618,-0.009333332584563868,
GSE68800,0.0016925920071113618,-0.009333332584563868,
GSE68395,0.0016925920071113618,-0.009333332584563868,
GSE65420,0.0016925920071113618,-0.009333332584563868,
GSE65446,0.0016925920071113618,-0.009333332584563868,
GSE65469,0.0016925920071113618,-0.009333332584563868,
GSE65473,0.0016925920071113618,-0.009333332584563868,
GSE65481,0.0016925920071113618,-0.009333332584563868,
GSE65485,0.0016925920071113618,-0.009333332584563868,
GSE65515,0.0016925920071113618,-0.009333332584563868,
GSE65518,0.0016925920071113618,-0.009333332584563868,
GSE65540,0.0016925920071113618,-0.009333332584563868,
GSE65545,0.0016925920071113618,-0.009333332584563868,
GSE65634,0.0016925920071113618,-0.009333332584563868,
GSE66789,0.0016925920071113618,-0.009333332584563868,
GSE65655,0.0016925920071113618,-0.009333332584563868,
GSE65683,0.0016925920071113618,-0.009333332584563868,
GSE65688,0.0016925920071113618,-0.009333332584563868,
GSE65705,0.0016925920071113618,-0.009333332584563868,
GSE65778,0.0016925920071113618,-0.009333332584563868,
GSE65830,0.0016925920071113618,-0.009333332584563868,
GSE65832,0.0016925920071113618,-0.009333332584563868,
GSE65885,0.0016925920071113618,-0.009333332584563868,
GSE65912,0.0016925920071113618,-0.009333332584563868,
GSE65943,0.0016925920071113618,-0.009333332584563868,
GSE65949,0.0016925920071113618,-0.009333332584563868,
GSE65644,0.0016925920071113618,-0.009333332584563868,
GSE64655,0.0016925920071113618,-0.009333332584563868,
GSE64677,0.0016925920071113618,-0.009333332584563868,
GSE64712,0.0016925920071113618,-0.009333332584563868,
GSE64713,0.0016925920071113618,-0.009333332584563868,
GSE64741,0.0016925920071113618,-0.009333332584563868,
GSE64795,0.0016925920071113618,-0.009333332584563868,
GSE64801,0.0016925920071113618,-0.009333332584563868,
GSE64810,0.0016925920071113618,-0.009333332584563868,
GSE64813,0.0016925920071113618,-0.009333332584563868,
GSE64850,0.0016925920071113618,-0.009333332584563868,
GSE64854,0.0016925920071113618,-0.009333332584563868,
GSE65335,0.0016925920071113618,-0.009333332584563868,
GSE64962,0.0016925920071113618,-0.009333332584563868,
GSE65030,0.0016925920071113618,-0.009333332584563868,
GSE65039,0.0016925920071113618,-0.009333332584563868,
GSE65099,0.0016925920071113618,-0.009333332584563868,
GSE65105,0.0016925920071113618,-0.009333332584563868,
GSE65107,0.0016925920071113618,-0.009333332584563868,
GSE65112,0.0016925920071113618,-0.009333332584563868,
GSE65131,0.0016925920071113618,-0.009333332584563868,
GSE65185,0.0016925920071113618,-0.009333332584563868,
GSE65193,0.0016925920071113618,-0.009333332584563868,
GSE65235,0.0016925920071113618,-0.009333332584563868,
GSE64912,0.0016925920071113618,-0.009333332584563868,
GSE66412,0.0016925920071113618,-0.009333332584563868,
GSE66430,0.0016925920071113618,-0.009333332584563868,
GSE66446,0.0016925920071113618,-0.009333332584563868,
GSE66478,0.0016925920071113618,-0.009333332584563868,
GSE66511,0.0016925920071113618,-0.009333332584563868,
GSE66539,0.0016925920071113618,-0.009333332584563868,
GSE66550,0.0016925920071113618,-0.009333332584563868,
GSE66553,0.0016925920071113618,-0.009333332584563868,
GSE66556,0.0016925920071113618,-0.009333332584563868,
GSE66573,0.0016925920071113618,-0.009333332584563868,
GSE66590,0.0016925920071113618,-0.009333332584563868,
GSE65952,0.0016925920071113618,-0.009333332584563868,
GSE66593,0.0016925920071113618,-0.009333332584563868,
GSE66622,0.0016925920071113618,-0.009333332584563868,
GSE66627,0.0016925920071113618,-0.009333332584563868,
GSE66719,0.0016925920071113618,-0.009333332584563868,
GSE66727,0.0016925920071113618,-0.009333332584563868,
GSE66741,0.0016925920071113618,-0.009333332584563868,
GSE66742,0.0016925920071113618,-0.009333332584563868,
GSE66755,0.0016925920071113618,-0.009333332584563868,
GSE66763,0.0016925920071113618,-0.009333332584563868,
GSE66769,0.0016925920071113618,-0.009333332584563868,
GSE66777,0.0016925920071113618,-0.009333332584563868,
GSE66592,0.0016925920071113618,-0.009333332584563868,
GSE65991,0.0016925920071113618,-0.009333332584563868,
GSE65996,0.0016925920071113618,-0.009333332584563868,
GSE65999,0.0016925920071113618,-0.009333332584563868,
GSE66014,0.0016925920071113618,-0.009333332584563868,
GSE66036,0.0016925920071113618,-0.009333332584563868,
GSE66053,0.0016925920071113618,-0.009333332584563868,
GSE66086,0.0016925920071113618,-0.009333332584563868,
GSE66117,0.0016925920071113618,-0.009333332584563868,
GSE66135,0.0016925920071113618,-0.009333332584563868,
GSE66155,0.0016925920071113618,-0.009333332584563868,
GSE66158,0.0016925920071113618,-0.009333332584563868,
GSE66388,0.0016925920071113618,-0.009333332584563868,
GSE66182,0.0016925920071113618,-0.009333332584563868,
GSE66207,0.0016925920071113618,-0.009333332584563868,
GSE66217,0.0016925920071113618,-0.009333332584563868,
GSE66228,0.0016925920071113618,-0.009333332584563868,
GSE66238,0.0016925920071113618,-0.009333332584563868,
GSE66249,0.0016925920071113618,-0.009333332584563868,
GSE66261,0.0016925920071113618,-0.009333332584563868,
GSE66301,0.0016925920071113618,-0.009333332584563868,
GSE66304,0.0016925920071113618,-0.009333332584563868,
GSE66306,0.0016925920071113618,-0.009333332584563868,
GSE66357,0.0016925920071113618,-0.009333332584563868,
GSE66385,0.0016925920071113618,-0.009333332584563868,
GSE66173,0.0016925920071113618,-0.009333332584563868,
GSE71862,0.0016925920071113618,-0.009333332584563868,
GSE71890,0.0016925920071113618,-0.009333332584563868,
GSE71900,0.0016925920071113618,-0.009333332584563868,
GSE71960,0.0016925920071113618,-0.009333332584563868,
GSE71993,0.0016925920071113618,-0.009333332584563868,
GSE72001,0.0016925920071113618,-0.009333332584563868,
GSE72041,0.0016925920071113618,-0.009333332584563868,
GSE72055,0.0016925920071113618,-0.009333332584563868,
GSE72061,0.0016925920071113618,-0.009333332584563868,
GSE72131,0.0016925920071113618,-0.009333332584563868,
GSE72141,0.0016925920071113618,-0.009333332584563868,
GSE69312,0.0016925920071113618,-0.009333332584563868,
GSE72202,0.0016925920071113618,-0.009333332584563868,
GSE72259,0.0016925920071113618,-0.009333332584563868,
GSE72273,0.0016925920071113618,-0.009333332584563868,
GSE72299,0.0016925920071113618,-0.009333332584563868,
GSE72379,0.0016925920071113618,-0.009333332584563868,
GSE72400,0.0016925920071113618,-0.009333332584563868,
GSE72404,0.0016925920071113618,-0.009333332584563868,
GSE72407,0.0016925920071113618,-0.009333332584563868,
GSE72419,0.0016925920071113618,-0.009333332584563868,
GSE72437,0.0016925920071113618,-0.009333332584563868,
GSE72460,0.0016925920071113618,-0.009333332584563868,
GSE72156,0.0016925920071113618,-0.009333332584563868,
GSE71505,0.0016925920071113618,-0.009333332584563868,
GSE71511,0.0016925920071113618,-0.009333332584563868,
GSE71519,0.0016925920071113618,-0.009333332584563868,
GSE71520,0.0016925920071113618,-0.009333332584563868,
GSE71536,0.0016925920071113618,-0.009333332584563868,
GSE71541,0.0016925920071113618,-0.009333332584563868,
GSE71551,0.0016925920071113618,-0.009333332584563868,
GSE71557,0.0016925920071113618,-0.009333332584563868,
GSE71569,0.0016925920071113618,-0.009333332584563868,
GSE71577,0.0016925920071113618,-0.009333332584563868,
GSE71595,0.0016925920071113618,-0.009333332584563868,
GSE71854,0.0016925920071113618,-0.009333332584563868,
GSE71645,0.0016925920071113618,-0.009333332584563868,
GSE71686,0.0016925920071113618,-0.009333332584563868,
GSE71689,0.0016925920071113618,-0.009333332584563868,
GSE71710,0.0016925920071113618,-0.009333332584563868,
GSE71740,0.0016925920071113618,-0.009333332584563868,
GSE71747,0.0016925920071113618,-0.009333332584563868,
GSE71777,0.0016925920071113618,-0.009333332584563868,
GSE71797,0.0016925920071113618,-0.009333332584563868,
GSE71800,0.0016925920071113618,-0.009333332584563868,
GSE71812,0.0016925920071113618,-0.009333332584563868,
GSE71840,0.0016925920071113618,-0.009333332584563868,
GSE71613,0.0016925920071113618,-0.009333332584563868,
GSE73060,0.0016925920071113618,-0.009333332584563868,
GSE73109,0.0016925920071113618,-0.009333332584563868,
GSE73189,0.0016925920071113618,-0.009333332584563868,
GSE73213,0.0016925920071113618,-0.009333332584563868,
GSE73268,0.0016925920071113618,-0.009333332584563868,
GSE73277,0.0016925920071113618,-0.009333332584563868,
GSE73305,0.0016925920071113618,-0.009333332584563868,
GSE73313,0.0016925920071113618,-0.009333332584563868,
GSE73317,0.0016925920071113618,-0.009333332584563868,
GSE73318,0.0016925920071113618,-0.009333332584563868,
GSE73370,0.0016925920071113618,-0.009333332584563868,
GSE72468,0.0016925920071113618,-0.009333332584563868,
GSE73398,0.0016925920071113618,-0.009333332584563868,
GSE73433,0.0016925920071113618,-0.009333332584563868,
GSE73458,0.0016925920071113618,-0.009333332584563868,
GSE73470,0.0016925920071113618,-0.009333332584563868,
GSE73471,0.0016925920071113618,-0.009333332584563868,
GSE73502,0.0016925920071113618,-0.009333332584563868,
GSE73526,0.0016925920071113618,-0.009333332584563868,
GSE73527,0.0016925920071113618,-0.009333332584563868,
GSE73555,0.0016925920071113618,-0.009333332584563868,
GSE73565,0.0016925920071113618,-0.009333332584563868,
GSE73570,0.0016925920071113618,-0.009333332584563868,
GSE73376,0.0016925920071113618,-0.009333332584563868,
GSE72475,0.0016925920071113618,-0.009333332584563868,
GSE72482,0.0016925920071113618,-0.009333332584563868,
GSE72483,0.0016925920071113618,-0.009333332584563868,
GSE72501,0.0016925920071113618,-0.009333332584563868,
GSE72502,0.0016925920071113618,-0.009333332584563868,
GSE72509,0.0016925920071113618,-0.009333332584563868,
GSE72524,0.0016925920071113618,-0.009333332584563868,
GSE72534,0.0016925920071113618,-0.009333332584563868,
GSE72536,0.0016925920071113618,-0.009333332584563868,
GSE72577,0.0016925920071113618,-0.009333332584563868,
GSE72589,0.0016925920071113618,-0.009333332584563868,
GSE72986,0.0016925920071113618,-0.009333332584563868,
GSE72631,0.0016925920071113618,-0.009333332584563868,
GSE72713,0.0016925920071113618,-0.009333332584563868,
GSE72748,0.0016925920071113618,-0.009333332584563868,
GSE72815,0.0016925920071113618,-0.009333332584563868,
GSE72819,0.0016925920071113618,-0.009333332584563868,
GSE72820,0.0016925920071113618,-0.009333332584563868,
GSE72821,0.0016925920071113618,-0.009333332584563868,
GSE72842,0.0016925920071113618,-0.009333332584563868,
GSE72930,0.0016925920071113618,-0.009333332584563868,
GSE72955,0.0016925920071113618,-0.009333332584563868,
GSE72956,0.0016925920071113618,-0.009333332584563868,
GSE72983,0.0016925920071113618,-0.009333332584563868,
GSE72627,0.0016925920071113618,-0.009333332584563868,
GSE69876,0.0016925920071113618,-0.009333332584563868,
GSE69896,0.0016925920071113618,-0.009333332584563868,
GSE69906,0.0016925920071113618,-0.009333332584563868,
GSE70000,0.0016925920071113618,-0.009333332584563868,
GSE70050,0.0016925920071113618,-0.009333332584563868,
GSE70061,0.0016925920071113618,-0.009333332584563868,
GSE70068,0.0016925920071113618,-0.009333332584563868,
GSE70072,0.0016925920071113618,-0.009333332584563868,
GSE70073,0.0016925920071113618,-0.009333332584563868,
GSE70078,0.0016925920071113618,-0.009333332584563868,
GSE70084,0.0016925920071113618,-0.009333332584563868,
GSE71503,0.0016925920071113618,-0.009333332584563868,
GSE70106,0.0016925920071113618,-0.009333332584563868,
GSE70150,0.0016925920071113618,-0.009333332584563868,
GSE70230,0.0016925920071113618,-0.009333332584563868,
GSE70285,0.0016925920071113618,-0.009333332584563868,
GSE70330,0.0016925920071113618,-0.009333332584563868,
GSE70373,0.0016925920071113618,-0.009333332584563868,
GSE70380,0.0016925920071113618,-0.009333332584563868,
GSE70390,0.0016925920071113618,-0.009333332584563868,
GSE70404,0.0016925920071113618,-0.009333332584563868,
GSE70462,0.0016925920071113618,-0.009333332584563868,
GSE70503,0.0016925920071113618,-0.009333332584563868,
GSE70089,0.0016925920071113618,-0.009333332584563868,
GSE69319,0.0016925920071113618,-0.009333332584563868,
GSE69333,0.0016925920071113618,-0.009333332584563868,
GSE69352,0.0016925920071113618,-0.009333332584563868,
GSE69360,0.0016925920071113618,-0.009333332584563868,
GSE69383,0.0016925920071113618,-0.009333332584563868,
GSE69415,0.0016925920071113618,-0.009333332584563868,
GSE69420,0.0016925920071113618,-0.009333332584563868,
GSE69434,0.0016925920071113618,-0.009333332584563868,
GSE69446,0.0016925920071113618,-0.009333332584563868,
GSE69506,0.0016925920071113618,-0.009333332584563868,
GSE69511,0.0016925920071113618,-0.009333332584563868,
GSE69842,0.0016925920071113618,-0.009333332584563868,
GSE69567,0.0016925920071113618,-0.009333332584563868,
GSE69596,0.0016925920071113618,-0.009333332584563868,
GSE69602,0.0016925920071113618,-0.009333332584563868,
GSE69604,0.0016925920071113618,-0.009333332584563868,
GSE69667,0.0016925920071113618,-0.009333332584563868,
GSE69678,0.0016925920071113618,-0.009333332584563868,
GSE69735,0.0016925920071113618,-0.009333332584563868,
GSE69737,0.0016925920071113618,-0.009333332584563868,
GSE69787,0.0016925920071113618,-0.009333332584563868,
GSE69822,0.0016925920071113618,-0.009333332584563868,
GSE69827,0.0016925920071113618,-0.009333332584563868,
GSE69549,0.0016925920071113618,-0.009333332584563868,
GSE71120,0.0016925920071113618,-0.009333332584563868,
GSE71139,0.0016925920071113618,-0.009333332584563868,
GSE71164,0.0016925920071113618,-0.009333332584563868,
GSE71203,0.0016925920071113618,-0.009333332584563868,
GSE71208,0.0016925920071113618,-0.009333332584563868,
GSE71216,0.0016925920071113618,-0.009333332584563868,
GSE71247,0.0016925920071113618,-0.009333332584563868,
GSE71261,0.0016925920071113618,-0.009333332584563868,
GSE71275,0.0016925920071113618,-0.009333332584563868,
GSE71284,0.0016925920071113618,-0.009333332584563868,
GSE71289,0.0016925920071113618,-0.009333332584563868,
GSE70513,0.0016925920071113618,-0.009333332584563868,
GSE71318,0.0016925920071113618,-0.009333332584563868,
GSE71325,0.0016925920071113618,-0.009333332584563868,
GSE71326,0.0016925920071113618,-0.009333332584563868,
GSE71334,0.0016925920071113618,-0.009333332584563868,
GSE71340,0.0016925920071113618,-0.009333332584563868,
GSE71359,0.0016925920071113618,-0.009333332584563868,
GSE71382,0.0016925920071113618,-0.009333332584563868,
GSE71401,0.0016925920071113618,-0.009333332584563868,
GSE71414,0.0016925920071113618,-0.009333332584563868,
GSE71421,0.0016925920071113618,-0.009333332584563868,
GSE71446,0.0016925920071113618,-0.009333332584563868,
GSE71299,0.0016925920071113618,-0.009333332584563868,
GSE70544,0.0016925920071113618,-0.009333332584563868,
GSE70602,0.0016925920071113618,-0.009333332584563868,
GSE70620,0.0016925920071113618,-0.009333332584563868,
GSE70665,0.0016925920071113618,-0.009333332584563868,
GSE70668,0.0016925920071113618,-0.009333332584563868,
GSE70694,0.0016925920071113618,-0.009333332584563868,
GSE70767,0.0016925920071113618,-0.009333332584563868,
GSE70785,0.0016925920071113618,-0.009333332584563868,
GSE70803,0.0016925920071113618,-0.009333332584563868,
GSE70810,0.0016925920071113618,-0.009333332584563868,
GSE70830,0.0016925920071113618,-0.009333332584563868,
GSE71100,0.0016925920071113618,-0.009333332584563868,
GSE70833,0.0016925920071113618,-0.009333332584563868,
GSE70871,0.0016925920071113618,-0.009333332584563868,
GSE70909,0.0016925920071113618,-0.009333332584563868,
GSE70926,0.0016925920071113618,-0.009333332584563868,
GSE70959,0.0016925920071113618,-0.009333332584563868,
GSE70968,0.0016925920071113618,-0.009333332584563868,
GSE71009,0.0016925920071113618,-0.009333332584563868,
GSE100709,0.0016925920071113618,-0.009333332584563868,
GSE71058,0.0016925920071113618,-0.009333332584563868,
GSE71070,0.0016925920071113618,-0.009333332584563868,
GSE71074,0.0016925920071113618,-0.009333332584563868,
GSE71095,0.0016925920071113618,-0.009333332584563868,
GSE70831,0.0016925920071113618,-0.009333332584563868,
GSE57871,0.0016925920071113618,-0.009333332584563868,
GSE57872,0.0016925920071113618,-0.009333332584563868,
GSE57892,0.0016925920071113618,-0.009333332584563868,
GSE57896,0.0016925920071113618,-0.009333332584563868,
GSE57914,0.0016925920071113618,-0.009333332584563868,
GSE57925,0.0016925920071113618,-0.009333332584563868,
GSE57931,0.0016925920071113618,-0.009333332584563868,
GSE57961,0.0016925920071113618,-0.009333332584563868,
GSE57973,0.0016925920071113618,-0.009333332584563868,
GSE57982,0.0016925920071113618,-0.009333332584563868,
GSE58008,0.0016925920071113618,-0.009333332584563868,
GSE64615,0.0016925920071113618,-0.009333332584563868,
GSE58111,0.0016925920071113618,-0.009333332584563868,
GSE58114,0.0016925920071113618,-0.009333332584563868,
GSE58122,0.0016925920071113618,-0.009333332584563868,
GSE58135,0.0016925920071113618,-0.009333332584563868,
GSE58150,0.0016925920071113618,-0.009333332584563868,
GSE58168,0.0016925920071113618,-0.009333332584563868,
GSE58207,0.0016925920071113618,-0.009333332584563868,
GSE58310,0.0016925920071113618,-0.009333332584563868,
GSE58326,0.0016925920071113618,-0.009333332584563868,
GSE58345,0.0016925920071113618,-0.009333332584563868,
GSE58365,0.0016925920071113618,-0.009333332584563868,
GSE58107,0.0016925920071113618,-0.009333332584563868,
GSE57254,0.0016925920071113618,-0.009333332584563868,
GSE57299,0.0016925920071113618,-0.009333332584563868,
GSE57325,0.0016925920071113618,-0.009333332584563868,
GSE57344,0.0016925920071113618,-0.009333332584563868,
GSE57353,0.0016925920071113618,-0.009333332584563868,
GSE57397,0.0016925920071113618,-0.009333332584563868,
GSE57430,0.0016925920071113618,-0.009333332584563868,
GSE57433,0.0016925920071113618,-0.009333332584563868,
GSE57478,0.0016925920071113618,-0.009333332584563868,
GSE57480,0.0016925920071113618,-0.009333332584563868,
GSE57488,0.0016925920071113618,-0.009333332584563868,
GSE57866,0.0016925920071113618,-0.009333332584563868,
GSE57501,0.0016925920071113618,-0.009333332584563868,
GSE57503,0.0016925920071113618,-0.009333332584563868,
GSE57530,0.0016925920071113618,-0.009333332584563868,
GSE57561,0.0016925920071113618,-0.009333332584563868,
GSE57637,0.0016925920071113618,-0.009333332584563868,
GSE57681,0.0016925920071113618,-0.009333332584563868,
GSE57723,0.0016925920071113618,-0.009333332584563868,
GSE57732,0.0016925920071113618,-0.009333332584563868,
GSE57803,0.0016925920071113618,-0.009333332584563868,
GSE57826,0.0016925920071113618,-0.009333332584563868,
GSE57862,0.0016925920071113618,-0.009333332584563868,
GSE57494,0.0016925920071113618,-0.009333332584563868,
GSE59233,0.0016925920071113618,-0.009333332584563868,
GSE59251,0.0016925920071113618,-0.009333332584563868,
GSE59275,0.0016925920071113618,-0.009333332584563868,
GSE59317,0.0016925920071113618,-0.009333332584563868,
GSE59335,0.0016925920071113618,-0.009333332584563868,
GSE59364,0.0016925920071113618,-0.009333332584563868,
GSE59376,0.0016925920071113618,-0.009333332584563868,
GSE59386,0.0016925920071113618,-0.009333332584563868,
GSE59483,0.0016925920071113618,-0.009333332584563868,
GSE59528,0.0016925920071113618,-0.009333332584563868,
GSE59531,0.0016925920071113618,-0.009333332584563868,
GSE58375,0.0016925920071113618,-0.009333332584563868,
GSE59536,0.0016925920071113618,-0.009333332584563868,
GSE59598,0.0016925920071113618,-0.009333332584563868,
GSE59599,0.0016925920071113618,-0.009333332584563868,
GSE59612,0.0016925920071113618,-0.009333332584563868,
GSE59621,0.0016925920071113618,-0.009333332584563868,
GSE59626,0.0016925920071113618,-0.009333332584563868,
GSE59688,0.0016925920071113618,-0.009333332584563868,
GSE59703,0.0016925920071113618,-0.009333332584563868,
GSE59717,0.0016925920071113618,-0.009333332584563868,
GSE59765,0.0016925920071113618,-0.009333332584563868,
GSE59781,0.0016925920071113618,-0.009333332584563868,
GSE59535,0.0016925920071113618,-0.009333332584563868,
GSE58379,0.0016925920071113618,-0.009333332584563868,
GSE58418,0.0016925920071113618,-0.009333332584563868,
GSE58441,0.0016925920071113618,-0.009333332584563868,
GSE58464,0.0016925920071113618,-0.009333332584563868,
GSE58492,0.0016925920071113618,-0.009333332584563868,
GSE58507,0.0016925920071113618,-0.009333332584563868,
GSE58557,0.0016925920071113618,-0.009333332584563868,
GSE58594,0.0016925920071113618,-0.009333332584563868,
GSE58596,0.0016925920071113618,-0.009333332584563868,
GSE58604,0.0016925920071113618,-0.009333332584563868,
GSE58626,0.0016925920071113618,-0.009333332584563868,
GSE59093,0.0016925920071113618,-0.009333332584563868,
GSE58663,0.0016925920071113618,-0.009333332584563868,
GSE58708,0.0016925920071113618,-0.009333332584563868,
GSE58740,0.0016925920071113618,-0.009333332584563868,
GSE58838,0.0016925920071113618,-0.009333332584563868,
GSE58871,0.0016925920071113618,-0.009333332584563868,
GSE58910,0.0016925920071113618,-0.009333332584563868,
GSE58963,0.0016925920071113618,-0.009333332584563868,
GSE58966,0.0016925920071113618,-0.009333332584563868,
GSE58989,0.0016925920071113618,-0.009333332584563868,
GSE58991,0.0016925920071113618,-0.009333332584563868,
GSE59020,0.0016925920071113618,-0.009333332584563868,
GSE59066,0.0016925920071113618,-0.009333332584563868,
GSE58640,0.0016925920071113618,-0.009333332584563868,
GSE55193,0.0016925920071113618,-0.009333332584563868,
GSE55195,0.0016925920071113618,-0.009333332584563868,
GSE55215,0.0016925920071113618,-0.009333332584563868,
GSE55259,0.0016925920071113618,-0.009333332584563868,
GSE55271,0.0016925920071113618,-0.009333332584563868,
GSE55282,0.0016925920071113618,-0.009333332584563868,
GSE55296,0.0016925920071113618,-0.009333332584563868,
GSE55320,0.0016925920071113618,-0.009333332584563868,
GSE55326,0.0016925920071113618,-0.009333332584563868,
GSE55361,0.0016925920071113618,-0.009333332584563868,
GSE55362,0.0016925920071113618,-0.009333332584563868,
GSE57253,0.0016925920071113618,-0.009333332584563868,
GSE55391,0.0016925920071113618,-0.009333332584563868,
GSE55405,0.0016925920071113618,-0.009333332584563868,
GSE55458,0.0016925920071113618,-0.009333332584563868,
GSE55492,0.0016925920071113618,-0.009333332584563868,
GSE55502,0.0016925920071113618,-0.009333332584563868,
GSE55534,0.0016925920071113618,-0.009333332584563868,
GSE55536,0.0016925920071113618,-0.009333332584563868,
GSE55716,0.0016925920071113618,-0.009333332584563868,
GSE55758,0.0016925920071113618,-0.009333332584563868,
GSE55769,0.0016925920071113618,-0.009333332584563868,
GSE55807,0.0016925920071113618,-0.009333332584563868,
GSE55370,0.0016925920071113618,-0.009333332584563868,
GSE54201,0.0016925920071113618,-0.009333332584563868,
GSE54308,0.0016925920071113618,-0.009333332584563868,
GSE54333,0.0016925920071113618,-0.009333332584563868,
GSE54384,0.0016925920071113618,-0.009333332584563868,
GSE54401,0.0016925920071113618,-0.009333332584563868,
GSE54416,0.0016925920071113618,-0.009333332584563868,
GSE54460,0.0016925920071113618,-0.009333332584563868,
GSE54478,0.0016925920071113618,-0.009333332584563868,
GSE54505,0.0016925920071113618,-0.009333332584563868,
GSE54602,0.0016925920071113618,-0.009333332584563868,
GSE54641,0.0016925920071113618,-0.009333332584563868,
GSE55169,0.0016925920071113618,-0.009333332584563868,
GSE54734,0.0016925920071113618,-0.009333332584563868,
GSE54760,0.0016925920071113618,-0.009333332584563868,
GSE54846,0.0016925920071113618,-0.009333332584563868,
GSE54878,0.0016925920071113618,-0.009333332584563868,
GSE54912,0.0016925920071113618,-0.009333332584563868,
GSE54922,0.0016925920071113618,-0.009333332584563868,
GSE55005,0.0016925920071113618,-0.009333332584563868,
GSE55008,0.0016925920071113618,-0.009333332584563868,
GSE55030,0.0016925920071113618,-0.009333332584563868,
GSE55048,0.0016925920071113618,-0.009333332584563868,
GSE55123,0.0016925920071113618,-0.009333332584563868,
GSE54733,0.0016925920071113618,-0.009333332584563868,
GSE56689,0.0016925920071113618,-0.009333332584563868,
GSE56691,0.0016925920071113618,-0.009333332584563868,
GSE56701,0.0016925920071113618,-0.009333332584563868,
GSE56742,0.0016925920071113618,-0.009333332584563868,
GSE56748,0.0016925920071113618,-0.009333332584563868,
GSE56785,0.0016925920071113618,-0.009333332584563868,
GSE56788,0.0016925920071113618,-0.009333332584563868,
GSE56826,0.0016925920071113618,-0.009333332584563868,
GSE56862,0.0016925920071113618,-0.009333332584563868,
GSE56882,0.0016925920071113618,-0.009333332584563868,
GSE56887,0.0016925920071113618,-0.009333332584563868,
GSE55903,0.0016925920071113618,-0.009333332584563868,
GSE56961,0.0016925920071113618,-0.009333332584563868,
GSE57009,0.0016925920071113618,-0.009333332584563868,
GSE57027,0.0016925920071113618,-0.009333332584563868,
GSE57049,0.0016925920071113618,-0.009333332584563868,
GSE57078,0.0016925920071113618,-0.009333332584563868,
GSE57116,0.0016925920071113618,-0.009333332584563868,
GSE57148,0.0016925920071113618,-0.009333332584563868,
GSE57152,0.0016925920071113618,-0.009333332584563868,
GSE57182,0.0016925920071113618,-0.009333332584563868,
GSE57227,0.0016925920071113618,-0.009333332584563868,
GSE57243,0.0016925920071113618,-0.009333332584563868,
GSE56900,0.0016925920071113618,-0.009333332584563868,
GSE55922,0.0016925920071113618,-0.009333332584563868,
GSE55949,0.0016925920071113618,-0.009333332584563868,
GSE56010,0.0016925920071113618,-0.009333332584563868,
GSE56022,0.0016925920071113618,-0.009333332584563868,
GSE56052,0.0016925920071113618,-0.009333332584563868,
GSE56066,0.0016925920071113618,-0.009333332584563868,
GSE56076,0.0016925920071113618,-0.009333332584563868,
GSE56087,0.0016925920071113618,-0.009333332584563868,
GSE56144,0.0016925920071113618,-0.009333332584563868,
GSE56179,0.0016925920071113618,-0.009333332584563868,
GSE56192,0.0016925920071113618,-0.009333332584563868,
GSE56657,0.0016925920071113618,-0.009333332584563868,
GSE56235,0.0016925920071113618,-0.009333332584563868,
GSE56267,0.0016925920071113618,-0.009333332584563868,
GSE56293,0.0016925920071113618,-0.009333332584563868,
GSE56331,0.0016925920071113618,-0.009333332584563868,
GSE56343,0.0016925920071113618,-0.009333332584563868,
GSE56356,0.0016925920071113618,-0.009333332584563868,
GSE56361,0.0016925920071113618,-0.009333332584563868,
GSE56512,0.0016925920071113618,-0.009333332584563868,
GSE56524,0.0016925920071113618,-0.009333332584563868,
GSE56545,0.0016925920071113618,-0.009333332584563868,
GSE56623,0.0016925920071113618,-0.009333332584563868,
GSE56648,0.0016925920071113618,-0.009333332584563868,
GSE56231,0.0016925920071113618,-0.009333332584563868,
GSE63190,0.0016925920071113618,-0.009333332584563868,
GSE63234,0.0016925920071113618,-0.009333332584563868,
GSE63265,0.0016925920071113618,-0.009333332584563868,
GSE63288,0.0016925920071113618,-0.009333332584563868,
GSE63311,0.0016925920071113618,-0.009333332584563868,
GSE63314,0.0016925920071113618,-0.009333332584563868,
GSE63344,0.0016925920071113618,-0.009333332584563868,
GSE63346,0.0016925920071113618,-0.009333332584563868,
GSE63356,0.0016925920071113618,-0.009333332584563868,
GSE63375,0.0016925920071113618,-0.009333332584563868,
GSE63381,0.0016925920071113618,-0.009333332584563868,
GSE59810,0.0016925920071113618,-0.009333332584563868,
GSE63420,0.0016925920071113618,-0.009333332584563868,
GSE63452,0.0016925920071113618,-0.009333332584563868,
GSE63475,0.0016925920071113618,-0.009333332584563868,
GSE63485,0.0016925920071113618,-0.009333332584563868,
GSE63487,0.0016925920071113618,-0.009333332584563868,
GSE63496,0.0016925920071113618,-0.009333332584563868,
GSE63511,0.0016925920071113618,-0.009333332584563868,
GSE63513,0.0016925920071113618,-0.009333332584563868,
GSE63537,0.0016925920071113618,-0.009333332584563868,
GSE63546,0.0016925920071113618,-0.009333332584563868,
GSE63555,0.0016925920071113618,-0.009333332584563868,
GSE63397,0.0016925920071113618,-0.009333332584563868,
GSE62820,0.0016925920071113618,-0.009333332584563868,
GSE62852,0.0016925920071113618,-0.009333332584563868,
GSE62854,0.0016925920071113618,-0.009333332584563868,
GSE62889,0.0016925920071113618,-0.009333332584563868,
GSE62909,0.0016925920071113618,-0.009333332584563868,
GSE62913,0.0016925920071113618,-0.009333332584563868,
GSE62920,0.0016925920071113618,-0.009333332584563868,
GSE62930,0.0016925920071113618,-0.009333332584563868,
GSE62936,0.0016925920071113618,-0.009333332584563868,
GSE62966,0.0016925920071113618,-0.009333332584563868,
GSE62968,0.0016925920071113618,-0.009333332584563868,
GSE63189,0.0016925920071113618,-0.009333332584563868,
GSE63018,0.0016925920071113618,-0.009333332584563868,
GSE63034,0.0016925920071113618,-0.009333332584563868,
GSE63079,0.0016925920071113618,-0.009333332584563868,
GSE63085,0.0016925920071113618,-0.009333332584563868,
GSE63086,0.0016925920071113618,-0.009333332584563868,
GSE63091,0.0016925920071113618,-0.009333332584563868,
GSE63122,0.0016925920071113618,-0.009333332584563868,
GSE63124,0.0016925920071113618,-0.009333332584563868,
GSE63144,0.0016925920071113618,-0.009333332584563868,
GSE63161,0.0016925920071113618,-0.009333332584563868,
GSE63183,0.0016925920071113618,-0.009333332584563868,
GSE62982,0.0016925920071113618,-0.009333332584563868,
GSE64082,0.0016925920071113618,-0.009333332584563868,
GSE64098,0.0016925920071113618,-0.009333332584563868,
GSE64113,0.0016925920071113618,-0.009333332584563868,
GSE64179,0.0016925920071113618,-0.009333332584563868,
GSE64182,0.0016925920071113618,-0.009333332584563868,
GSE64185,0.0016925920071113618,-0.009333332584563868,
GSE64233,0.0016925920071113618,-0.009333332584563868,
GSE64283,0.0016925920071113618,-0.009333332584563868,
GSE64317,0.0016925920071113618,-0.009333332584563868,
GSE64332,0.0016925920071113618,-0.009333332584563868,
GSE64367,0.0016925920071113618,-0.009333332584563868,
GSE63570,0.0016925920071113618,-0.009333332584563868,
GSE64413,0.0016925920071113618,-0.009333332584563868,
GSE64417,0.0016925920071113618,-0.009333332584563868,
GSE64451,0.0016925920071113618,-0.009333332584563868,
GSE64471,0.0016925920071113618,-0.009333332584563868,
GSE64513,0.0016925920071113618,-0.009333332584563868,
GSE64529,0.0016925920071113618,-0.009333332584563868,
GSE64550,0.0016925920071113618,-0.009333332584563868,
GSE64553,0.0016925920071113618,-0.009333332584563868,
GSE64558,0.0016925920071113618,-0.009333332584563868,
GSE64588,0.0016925920071113618,-0.009333332584563868,
GSE64590,0.0016925920071113618,-0.009333332584563868,
GSE64399,0.0016925920071113618,-0.009333332584563868,
GSE63577,0.0016925920071113618,-0.009333332584563868,
GSE63582,0.0016925920071113618,-0.009333332584563868,
GSE63602,0.0016925920071113618,-0.009333332584563868,
GSE63608,0.0016925920071113618,-0.009333332584563868,
GSE63609,0.0016925920071113618,-0.009333332584563868,
GSE63634,0.0016925920071113618,-0.009333332584563868,
GSE63646,0.0016925920071113618,-0.009333332584563868,
GSE63700,0.0016925920071113618,-0.009333332584563868,
GSE63703,0.0016925920071113618,-0.009333332584563868,
GSE63721,0.0016925920071113618,-0.009333332584563868,
GSE63733,0.0016925920071113618,-0.009333332584563868,
GSE64025,0.0016925920071113618,-0.009333332584563868,
GSE63764,0.0016925920071113618,-0.009333332584563868,
GSE63776,0.0016925920071113618,-0.009333332584563868,
GSE63797,0.0016925920071113618,-0.009333332584563868,
GSE63807,0.0016925920071113618,-0.009333332584563868,
GSE63816,0.0016925920071113618,-0.009333332584563868,
GSE63840,0.0016925920071113618,-0.009333332584563868,
GSE63863,0.0016925920071113618,-0.009333332584563868,
GSE63950,0.0016925920071113618,-0.009333332584563868,
GSE63953,0.0016925920071113618,-0.009333332584563868,
GSE63966,0.0016925920071113618,-0.009333332584563868,
GSE63979,0.0016925920071113618,-0.009333332584563868,
GSE64017,0.0016925920071113618,-0.009333332584563868,
GSE63755,0.0016925920071113618,-0.009333332584563868,
GSE60481,0.0016925920071113618,-0.009333332584563868,
GSE60514,0.0016925920071113618,-0.009333332584563868,
GSE60530,0.0016925920071113618,-0.009333332584563868,
GSE60559,0.0016925920071113618,-0.009333332584563868,
GSE60570,0.0016925920071113618,-0.009333332584563868,
GSE60585,0.0016925920071113618,-0.009333332584563868,
GSE60630,0.0016925920071113618,-0.009333332584563868,
GSE60664,0.0016925920071113618,-0.009333332584563868,
GSE60873,0.0016925920071113618,-0.009333332584563868,
GSE60883,0.0016925920071113618,-0.009333332584563868,
GSE60889,0.0016925920071113618,-0.009333332584563868,
GSE62789,0.0016925920071113618,-0.009333332584563868,
GSE60939,0.0016925920071113618,-0.009333332584563868,
GSE60942,0.0016925920071113618,-0.009333332584563868,
GSE60949,0.0016925920071113618,-0.009333332584563868,
GSE60988,0.0016925920071113618,-0.009333332584563868,
GSE60989,0.0016925920071113618,-0.009333332584563868,
GSE60997,0.0016925920071113618,-0.009333332584563868,
GSE61045,0.0016925920071113618,-0.009333332584563868,
GSE61071,0.0016925920071113618,-0.009333332584563868,
GSE61130,0.0016925920071113618,-0.009333332584563868,
GSE61141,0.0016925920071113618,-0.009333332584563868,
GSE61162,0.0016925920071113618,-0.009333332584563868,
GSE60890,0.0016925920071113618,-0.009333332584563868,
GSE59819,0.0016925920071113618,-0.009333332584563868,
GSE59841,0.0016925920071113618,-0.009333332584563868,
GSE59846,0.0016925920071113618,-0.009333332584563868,
GSE59855,0.0016925920071113618,-0.009333332584563868,
GSE59884,0.0016925920071113618,-0.009333332584563868,
GSE59966,0.0016925920071113618,-0.009333332584563868,
GSE59980,0.0016925920071113618,-0.009333332584563868,
GSE59987,0.0016925920071113618,-0.009333332584563868,
GSE60040,0.0016925920071113618,-0.009333332584563868,
GSE60052,0.0016925920071113618,-0.009333332584563868,
GSE60106,0.0016925920071113618,-0.009333332584563868,
GSE60462,0.0016925920071113618,-0.009333332584563868,
GSE60182,0.0016925920071113618,-0.009333332584563868,
GSE60191,0.0016925920071113618,-0.009333332584563868,
GSE60196,0.0016925920071113618,-0.009333332584563868,
GSE60216,0.0016925920071113618,-0.009333332584563868,
GSE60217,0.0016925920071113618,-0.009333332584563868,
GSE60271,0.0016925920071113618,-0.009333332584563868,
GSE60296,0.0016925920071113618,-0.009333332584563868,
GSE60340,0.0016925920071113618,-0.009333332584563868,
GSE60391,0.0016925920071113618,-0.009333332584563868,
GSE60407,0.0016925920071113618,-0.009333332584563868,
GSE60424,0.0016925920071113618,-0.009333332584563868,
GSE60119,0.0016925920071113618,-0.009333332584563868,
GSE62056,0.0016925920071113618,-0.009333332584563868,
GSE62074,0.0016925920071113618,-0.009333332584563868,
GSE62077,0.0016925920071113618,-0.009333332584563868,
GSE62093,0.0016925920071113618,-0.009333332584563868,
GSE62098,0.0016925920071113618,-0.009333332584563868,
GSE62118,0.0016925920071113618,-0.009333332584563868,
GSE62121,0.0016925920071113618,-0.009333332584563868,
GSE62171,0.0016925920071113618,-0.009333332584563868,
GSE62190,0.0016925920071113618,-0.009333332584563868,
GSE62228,0.0016925920071113618,-0.009333332584563868,
GSE62241,0.0016925920071113618,-0.009333332584563868,
GSE61255,0.0016925920071113618,-0.009333332584563868,
GSE62408,0.0016925920071113618,-0.009333332584563868,
GSE62448,0.0016925920071113618,-0.009333332584563868,
GSE62483,0.0016925920071113618,-0.009333332584563868,
GSE62518,0.0016925920071113618,-0.009333332584563868,
GSE62520,0.0016925920071113618,-0.009333332584563868,
GSE62526,0.0016925920071113618,-0.009333332584563868,
GSE62563,0.0016925920071113618,-0.009333332584563868,
GSE62613,0.0016925920071113618,-0.009333332584563868,
GSE62642,0.0016925920071113618,-0.009333332584563868,
GSE62731,0.0016925920071113618,-0.009333332584563868,
GSE62772,0.0016925920071113618,-0.009333332584563868,
GSE62276,0.0016925920071113618,-0.009333332584563868,
GSE61290,0.0016925920071113618,-0.009333332584563868,
GSE61332,0.0016925920071113618,-0.009333332584563868,
GSE61375,0.0016925920071113618,-0.009333332584563868,
GSE61398,0.0016925920071113618,-0.009333332584563868,
GSE61405,0.0016925920071113618,-0.009333332584563868,
GSE61410,0.0016925920071113618,-0.009333332584563868,
GSE61474,0.0016925920071113618,-0.009333332584563868,
GSE61490,0.0016925920071113618,-0.009333332584563868,
GSE61491,0.0016925920071113618,-0.009333332584563868,
GSE61515,0.0016925920071113618,-0.009333332584563868,
GSE61544,0.0016925920071113618,-0.009333332584563868,
GSE62000,0.0016925920071113618,-0.009333332584563868,
GSE61586,0.0016925920071113618,-0.009333332584563868,
GSE61600,0.0016925920071113618,-0.009333332584563868,
GSE61603,0.0016925920071113618,-0.009333332584563868,
GSE61626,0.0016925920071113618,-0.009333332584563868,
GSE61727,0.0016925920071113618,-0.009333332584563868,
GSE61742,0.0016925920071113618,-0.009333332584563868,
GSE61797,0.0016925920071113618,-0.009333332584563868,
GSE61910,0.0016925920071113618,-0.009333332584563868,
GSE61950,0.0016925920071113618,-0.009333332584563868,
GSE61955,0.0016925920071113618,-0.009333332584563868,
GSE61966,0.0016925920071113618,-0.009333332584563868,
GSE61999,0.0016925920071113618,-0.009333332584563868,
GSE61566,0.0016925920071113618,-0.009333332584563868,
