ID,prob,log2(prob/prior),related_words
GSE122818,0.9546608224303861,3.0059875989445617,"adenocarcinoma,cell,ductal,pancreatic"
GSE79668,0.9138013868004821,2.942879976036554,"adenocarcinoma,cancer,pancreatic,rnaseq,tissues"
GSE69164,0.8076120934688125,2.764661858286445,"also,cancer,carcinoma,hcc,hepatocellular,liver,metastases,poor,prognosis,samples,splicing,tumor"
GSE81550,0.7976576132273832,2.7467689605310075,"adjacent,carcinoma,hcc,hepatocellular,illumina,liver,nontumor,pairs,rnaseq,stage,tissues"
GSE104854,0.7942442540623867,2.740582091870084,"adenocarcinoma,cancer,circrna,circular,lncrna,long,lung,mrna,noncoding,rnas,roles,sequencing"
GSE104310,0.7921407861493392,2.736756205432226,"carcinoma,hcc,hepatocellular,sequencing"
GSE70968,0.7256343376600062,2.6102420711198775,"adenocarcinoma,cells,data,lung,paired,rnaseq,tissue"
GSE73708,0.7233894560621963,2.605771913826852,"cancer,cancers,hepatocellular,liver,matched,samples"
GSE77314,0.7129334559736132,2.5847667682208355,"carcinoma,hepatocellular,illumina,paired,rnaseq,samples,sequencing,tumor"
GSE56545,0.6401271437781627,2.429357829580799,"carcinoma,hcc,hepatocellular,mrna,survival,tumor"
GSE84339,0.6253265392632251,2.3956090914901313,"carcinoma,cell,lung,novel,rnaseq,samples,sequencing"
GSE79669,0.6200922091694734,2.3834821076265476,"cancer,cell,pancreatic,rnaseq,sequencing"
GSE66879,0.6119588673412303,2.3644340298285433,"carcinoma,cell,renal,sequencing"
GSE84697,0.608872206844307,2.3571388038554164,"carcinoma,cell,cells,characterization,clear,mrna,renal,tumor"
GSE65485,0.6080694841009556,2.355235533883452,"carcinoma,hcc,hepatocellular,performed,samples,sequencing,tissues,tumorigenesis"
GSE49994,0.5682639031908073,2.2575604205990305,"carcinoma,cell,hep3b,hepatocellular,mrna,sequencing"
GSE52248,0.5664353937243891,2.252910759089585,"adenocarcinoma,also,cancer,carcinoma,cell,invasive,long,lung,noncoding,progression,rnas,rnaseq,roles,sample,samples,sequencing,situ,tissue,tissues,validated"
GSE63183,0.559164277949254,2.234271541525235,"cancer,carcinoma,ccrcc,cell,clear,matched,performed,renal,rnaseq,tissue,tissues,tumor"
GSE38945,0.5370608485510932,2.1760848976591642,"carcinoma,cell,functions,hcc,hepatocellular,lung"
GSE77509,0.5297895318636601,2.1564186817398934,"adjacent,carcinoma,hcc,hepatocellular,landscape,matched,mirna,poor,primary,progression,rnaseq,set,tissues,tumor,tumors"
GSE84023,0.5228562792844097,2.137413782551687,"cancer,cell,pancreatic,sequencing"
GSE105083,0.5213667226720196,2.1332978467958337,"adenocarcinoma,cancer,cancers,cell,ductal,growth,novel,pancreatic,pdac,rnaseq,survival"
GSE84073,0.5195580669807591,2.1282843410203456,"cancer,carcinoma,cholangiocarcinoma,hcc,hepatocellular,landscape,liver,primary,tumor,tumour,tumours"
GSE34914,0.5166181478294707,2.1200976675551204,"adenocarcinomas,cancer,cell,experiment,integrated,kras,lung,splicing,tumors"
GSE78236,0.5130875793528655,2.1102044457182085,"cancer,cell,cells,data,hcc,landscape,matched,primary"
GSE104836,0.5128395646156206,2.1095069115110974,"cancer,cells,colorectal,lncrna,lncrnas,mrna,nontumor,sequencing,tissues,tumor"
GSE97214,0.4891126621500542,2.0411661576827345,"adjacent,also,carcinoma,cell,hcc,hepatocellular,nontumor,p53,pairs,performed,sample,samples,sequencing,tissues,tumor,tumorigenesis,validated"
GSE90830,0.4878980294082818,2.037579000344552,"cancer,cell,characterization,colorectal,data,primary,rnaseq,tissues,tumors"
GSE37764,0.48610737165469337,2.032274356307213,"adenocarcinoma,adjacent,also,cancer,cell,data,lung,novel,primary,regulatory,rnaseq,sequencing,tissues,tumors,validated"
GSE77992,0.485781929779805,2.031308169323048,"also,cell,cells,facilitates,growth,hcc,huh7,knockdown,progression,regulator,sequencing,sirna,suppressive,tumor"
GSE64912,0.48333101507862786,2.0240109186932007,"also,carcinoma,carcinomas,landscape,novel,papillary,performed,thyroid,tumor"
GSE93831,0.4828248428420789,2.0224992531863775,"carcinoma,cell,hcc,hepatocellular,hepg2,mrna,rnaseq"
GSE76307,0.48080856961707474,2.0164619539599444,"apc,cancer,cell,cells,colorectal,rnaseq,sw480"
GSE119794,0.47944246929489187,2.012357053449685,"cancer,mirna,mrna,paired,pancreatic,rnaseq,samples,tumor"
GSE74639,0.4791458078290383,2.011464090225562,"cells,lung,primary,rnaseq,tumor"
GSE83560,0.47834923267037177,2.0090636280871146,"cancer,invasive,papillary,thyroid"
GSE36597,0.4744988365629668,1.9974038938962735,"a549,adenocarcinoma,cancer,carcinoma,cell,cells,immunohistochemistry,lung,regulates,rnaseq,tissues,tumorigenesis"
GSE86958,0.4683629028853976,1.9786261544064403,"adenocarcinoma,adjacent,invasive,lung,performed,rnas,rnaseq,tissues"
GSE58135,0.45698647334090253,1.9431508066157923,"breast,cancer,cell,performed,primary,rnaseq,tumors"
GSE85465,0.4492924556307818,1.9186541808403652,"adenocarcinoma,cancer,cell,gastric,heterogeneity,landscape,primary,regulatory,rnaseq,tissues,tumors"
GSE82177,0.447841347440797,1.9139870767627871,"data,hcc,liver,nonmalignant,progression,rnaseq,tissue"
GSE79572,0.43750129546420957,1.880286632876805,"cancer,carcinoma,cells,epithelial,ovarian,rnaseq,serous"
GSE94464,0.431866484187638,1.8615847018519114,"cancer,cell,data,novel,papillary,primary,rnaseq,thyroid,tumorigenesis"
GSE87517,0.4226660448002692,1.8305175610452973,"also,breast,cancer,carcinoma,carcinomas,cell,cells,dcis,ductal,her2,idc,invasive,progression,situ,tissue,tissues,tumor,tumors"
GSE100392,0.42135047361479266,1.826020090863404,"adenocarcinoma,cancer,cells,lung,papillary,ptc,thyroid"
GSE75797,0.4204352121895122,1.8228828466408535,"adenocarcinoma,cancer,cells,pancreatic,pdac"
GSE95176,0.41902368862494405,1.8180311499969284,"adenocarcinoma,cell,cells,characteristics,pancreatic"
GSE83520,0.41898680860938814,1.817904166824855,"carcinoma,characteristics,lncrnas,long,noncoding,papillary,ptc,rnas,roles,thyroid"
GSE73268,0.4091110263398455,1.783491765224353,"cell,cells,cyclin,facilitates,growth,hcc,huh7,knockdown,progression,regulator,sequencing,sirna,tumor"
GSE69415,0.4006265498481512,1.7532573769256719,"also,breast,cancer,cells,characteristics,classifier,colon,fra1,prognosis,survival,tumor,tumors"
GSE107848,0.3983695366371336,1.7451066726034863,"also,cancer,carcinoma,ccrcc,cell,clear,progression,renal,samples,sequencing,survival,tumor,vhl"
GSE86874,0.3874232547465916,1.704909897095332,"a549,adenocarcinoma,also,cancer,cell,change,egfr,epithelial,growth,invasive,kdm1a,knockdown,kras,lung,nsclc,progression,rnaseq,tissue,tumor,validated"
GSE87240,0.381759866100693,1.6836647861618608,"cancer,carcinoma,cell,cells,data,growth,hepatocellular,hepg2,liver,primary,rnaseq,treated"
GSE64558,0.37970438578207694,1.6758760069573395,"adenocarcinoma,cancer,carcinomas,cell,cells,cisregulatory,ductal,epithelial,heterogeneity,integrated,pancreatic,pdac,progression,regulatory,rnaseq,set,tumor"
GSE63863,0.3790386290404023,1.6733442295903385,"cancers,carcinoma,hcc,hepatocellular,poor,prognosis,progression,promoter,tert,tumor,tumours"
GSE63018,0.3728041830828845,1.6494173920026154,"carcinoma,hcc,hepatocellular,rnaseq,tumor"
GSE80182,0.37244015803321073,1.6480079826405645,"a549,adenocarcinoma,cancer,cell,lung,mrna,regulates"
GSE63511,0.3714532511751042,1.6441799974810771,"cancer,carcinomas,cells,integrated,mirna,modulates,mrna,novel,paired,papillary,performed,ptc,regulatory,samples,sequencing,set,thyroid,tissue,tissues,translation,tumor,tumors"
GSE97168,0.3679738307385257,1.6306025135563547,"adenocarcinoma,adjacent,cell,cells,heterogeneity,landscape,lung,paired,rnaseq,stage,tissues"
GSE86956,0.36787870958533897,1.6302295289997202,"a549,carcinoma,cells,lung,mrna,rnaseq"
GSE32726,0.36707660140378395,1.6270804995609904,"cancer,cell,cells,epithelial,growth,lung,novel,regulator,rnas,sequencing,tumors"
GSE72956,0.36554558255476627,1.6210506616315483,"adenocarcinoma,breast,cancer,cell,cells,landscape,lung"
GSE68795,0.36550308059865966,1.6208829098402855,"adjacent,cancer,cell,cells,invasive,lung,matched,mrna,novel,nsclc,prognosis,sequencing,tissue,tumor"
GSE88943,0.3633508968892877,1.6123628114810131,"a549,cancer,cell,cells,epithelial,experiment,knockdown,lung,rnaseq"
GSE70537,0.36220964121458493,1.6078242921606423,"cancer,cell,cells,emt,hcc,hep3b,huh7,huh7c,illumina,samples"
GSE39121,0.36100151462879126,1.6030042341698345,"adenocarcinoma,cancers,cell,cells,epithelial,gata6,lung,progression,survival,tumor"
GSE81167,0.3583381380170553,1.5923209421419167,"adenocarcinoma,cancer,cell,cells,experiment,functions,lung,performed,sample,sequencing"
GSE41074,0.3537985027635261,1.573927286744121,"carcinoma,cell,facilitates,hcc,hepatocellular,hepg2,mirna,panel,performed,primary,progression,sequencing,set,tumors"
GSE85897,0.34970353817851946,1.5571317368251525,"array,cancer,carcinoma,carcinomas,cell,immunohistochemistry,integrated,performed,primary,rcc,renal,sequencing,survival,tumors"
GSE85118,0.34897803923430887,1.5541355962684003,"cancer,cancers,cell,cells,growth,lung,nsclc,prognosis,progression,rnaseq,roles,swisnf,tumor,tumorigenesis"
GSE106336,0.3471062464561751,1.5463766718882446,"cancer,cells,pancreatic"
GSE72577,0.34586547703259596,1.54121036063332,"also,cancer,cell,cells,circrna,circrnas,circular,colon,colorectal,data,kras,progression,rnas,rnaseq"
GSE64451,0.34413949487318396,1.5339928152621325,"cancer,carcinoma,ccrcc,cell,cells,clear,data,novel,primary,renal,samples"
GSE64399,0.33606744556148627,1.4997501413570182,"carcinoma,cell,cells,data,rcc,regulator,renal,roles,survival"
GSE97003,0.3353714300146831,1.4967591362962605,"brd4,cancer,cell,growth,kras,novel,pancreatic,patterns,primary,promoter,regulates,regulatory,rnaseq,samples,sequencing,tissues"
GSE81089,0.3308055915703714,1.4769829644602612,"cancer,cell,data,immunohistochemistry,landscape,lung,nsclc,regulatory,rnaseq,samples,sequencing,set,tissue,tissues"
GSE72001,0.32905166936748537,1.4693134850950216,"adenocarcinoma,cells,lung,rnaseq"
GSE59066,0.32696125939587106,1.460119049513386,"carcinoma,cell,clear,rcc,renal,rnaseq"
GSE76445,0.32551827563272856,1.4537378871891913,"cancer,cell,data,sequencing,thyroid"
GSE72820,0.3252550764570683,1.4525709181823152,"adenoma,carcinoma,colon,colorectal,matched,samples"
GSE63776,0.3236262310168494,1.4453278919222423,"cancer,cell,cells,colon,pancreatic,rnaseq"
GSE73114,0.32271091527129,1.4412417199380962,"biliary,cancer,carcinoma,cells,hepatocellular,liver,mrna,performed,sequencing,stages"
GSE61290,0.321513271264508,1.435877633658966,"cancer,pancreatic"
GSE93326,0.3143917717109284,1.403562803779323,"adenocarcinoma,cancer,data,ductal,frozen,paired,pancreatic,performed,rnaseq,samples,sequencing,stroma,truseq,tumor"
GSE90944,0.3115141770112927,1.3902971658298098,"cancer,cell,cells,colorectal,ht29,performed,rnaseq,treated,tumorigenesis"
GSE95540,0.30799779951813444,1.3739193876917548,"breast,cancer,carcinoma,cell,cells,epithelial"
GSE77422,0.30658379471497893,1.367280785637942,"carcinoma,cell,cells"
GSE70073,0.30274165268547426,1.349086525930544,"cancer,cancers,cell,cells,characteristics,ovarian,primary,serous,tumor,tumors"
GSE79463,0.30095707760205015,1.340557089000959,"cancer,cell,cells,hepg2,liver"
GSE24283,0.3007034158852312,1.3393406005442225,"adenocarcinoma,adjacent,also,matched,prostate,samples,sequencing"
GSE79147,0.30012569508164444,1.3365661837258458,"adenocarcinoma,cancer,cell,ductal,igf2bp3"
GSE82110,0.29989722447589995,1.3354675142747878,"cancer,cells,emt,hepg2,liver,pancreatic"
GSE50760,0.29630429322169083,1.3180788740240705,"cancer,cancers,colon,colorectal,data,heterogeneity,liver,primary,progression,rnaseq,samples"
GSE28866,0.29556922872436026,1.3144954244831413,"adenocarcinomas,also,breast,cancer,cancers,carcinomas,cell,characterization,classification,lncrna,lncrnas,long,noncoding,novel,panel,patterns,rnas,sequencing,situ,tissue,tissues,tumor,tumors"
GSE96106,0.29433458845023314,1.308456433211193,"cell,cells,characterization,epithelial,heterogeneity,lung,performed,rnaseq"
GSE87087,0.28921681238236063,1.2831507636623203,"cancer,cell,cells,ovarian,treated"
GSE64513,0.28701450070804246,1.2721229714226876,"also,cancer,cell,cells,functions,growth,knockdown,lung,novel,poor,progression,regulator,roles,tumor"
GSE69197,0.28185495426018753,1.245952270472425,"cancer,carcinoma,cell,data,frozen,matched,papillary,rcc,renal,rnaseq,sample,samples,sequencing,tissue,tissues"
GSE83919,0.28161757060832127,1.244736693057443,"also,cancer,cell,cells,knockdown,novel,primary,sequencing,sirna,thyroid,tissues,treated"
GSE79953,0.28101277518320344,1.241635062641776,"cancer,cell,cells,pancreatic,sequencing"
GSE69240,0.2789921647238148,1.2312239496944766,"breast,cancer,carcinoma,cells,data,dcis,ductal,epithelial,gata3,integrated,invasive,lncrna,performed,progression,rnaseq,samples,situ,stage,suppressive,tumor"
GSE125506,0.27878879420409247,1.2301719178939228,"cancer,cell,ihc,pancreatic,resection,samples,sequencing,treated"
GSE87307,0.2760996967380079,1.2161886473315957,"also,cancer,cancers,cell,cells,data,mirna,mrna,papillary,regulates,regulatory,rnaseq,roles,thyroid,validated"
GSE83492,0.27602714597406286,1.2158095002955833,"cells,epithelial,lung,rnaseq"
GSE66741,0.27445518021298526,1.2075699137927323,"also,cancer,carcinoma,ccrcc,cell,cells,clear,data,epithelial,growth,knockdown,mrna,novel,poor,prognosis,progression,regulatory,renal,splicing,stages,survival,tumor"
GSE87340,0.2740721472762893,1.2055550650134883,"adenocarcinoma,adenocarcinomas,cancer,egfr,kras,lung,mrna,novel,survival,tissues,tumor"
GSE29580,0.27157587645769293,1.1923546775871403,"cancer,colorectal,data,illumina,paired,rnaseq,sequencing,stage,tissue,tissues,tumor"
GSE95558,0.271328659916124,1.1910407887565893,"cancer,cell,cells,egfr,growth,lung,mrna,nsclc,regulates,rnaseq,set"
GSE36863,0.26803363102540995,1.1734133755695204,"breast,carcinoma,cell,cells,dcis,ductal,epithelial,growth,illumina,mcf10a,novel,progression,sequencing,situ"
GSE55048,0.2672824727912213,1.16936457911853,"carcinoma,characterization,hepatocellular,tissues"
GSE52429,0.26704366096543247,1.1680749822302414,"cancer,cell,colon,colorectal"
GSE83518,0.2645889252811109,1.1547520210042017,"cancer,cancers,cell,cells,hcc,liver,sequencing,tissue,tumors"
GSE86221,0.26427280146955207,1.15302729680318,"breast,carcinoma,cell,colorectal,mrna,p53,performed,rnaseq,treated"
GSE66301,0.2633480166464948,1.1479699381904753,"adjacent,breast,carcinoma,dcis,ductal,idc,individual,invasive,sequencing,situ"
GSE102073,0.2610807675817141,1.1354955299978349,"carcinoma,carcinomas,clear,data,integrated,mirna,ovarian,rnaseq,serous,stage,tissues,tumors"
GSE64741,0.26094868453160597,1.1347654732369705,"adenocarcinoma,cancer,cell,cells,crizotinib,egfr,lung,mrna,progression,survival,treated,tumour,tumours"
GSE77624,0.26024678669630663,1.1308796945060677,"adenocarcinoma,cancer,carcinoma,cell,cells,epithelial,neuroendocrine,prostate,sequencing,tumor,tumorigenesis,tumors"
GSE59290,0.2600101593319325,1.1295673385586165,"cancer,cell,cells,colon,colorectal,ht29,mir23b,mrna,novel,regulates"
GSE74958,0.25880981252161434,1.1228916607727923,"carcinoma,ccrcc,cell,cells,clear,primary,renal,samples,tumor,tumours,vhl"
GSE71340,0.2538204893000834,1.0948078774269865,"cancer,cell,cells,data,metastases,modulates,ovarian,serous"
GSE86219,0.2534174493060205,1.0925152101052868,"breast,carcinoma,cell,colorectal,p53,performed,rnaseq,treated"
GSE82104,0.2500938801909587,1.0734690991651965,"cancer,cells,emt,liver,pancreatic,treated"
GSE68919,0.24921325028828836,1.068380120325401,"cancer,cell,cells,data,epithelial,liver,lung,metastases,patterns,tumor"
GSE70602,0.2472782533580057,1.057134712944785,"carcinoma,cell,clear,knockdown,renal,sequencing"
GSE99149,0.2472758800712364,1.0571208664158764,"a549,cancer,cells,lung,rnaseq,roles,sirna"
GSE73555,0.246482381072622,1.0524838683305509,"cell,lung,roles,sirna"
GSE40049,0.24465799902533117,1.0417657960858142,"adjacent,breast,cancer,carcinomas,ductal,her2,idc,invasive,mirna,novel,procedure,samples,sequencing,set,tissues"
GSE103016,0.24443411076562638,1.040444971242867,"cancer,cell,knockdown,lncrna,long,lung,mirna,noncoding,roles,sequencing,tissues,tumorigenesis"
GSE103152,0.24433475864295195,1.0398584575525338,"adenocarcinoma,cells,ductal,epithelial,pancreatic,papillary"
GSE108072,0.24427181013805055,1.0394867249473763,"pancreatic,rnaseq,sequencing"
GSE80136,0.2429071757603182,1.0314044535218088,"adenocarcinoma,adenocarcinomas,cancers,cell,cells,epithelial,lung,pairs,regulator,splicing,u2af1"
GSE87400,0.24122547998649652,1.0213816472409984,"cancer,colon,colorectal,data,rnaseq"
GSE74734,0.24047887790550954,1.0169095266773676,"cancer,carcinoma,cell,clear,data,integrated,progression,renal,sequencing,tumors"
GSE95778,0.24008791439965943,1.0145621267132903,"carcinoma,cells,data,hcc,hepatocellular,mrna,poor,prognosis,pxn,roles,splicing,translation,tumorigenesis"
GSE75130,0.23991180377403892,1.0135034846849245,"breast,cancer,cell,cells,characterization,growth,performed,sequencing,tumor"
GSE66036,0.23966173548988762,1.0119989300062813,"cancer,cell,cells,lncap,performed,progression,prostate"
GSE40174,0.23800702984783764,1.002003530070997,"cancer,cancers,cells,data,metastases,novel,pancreatic,primary,sequencing,tgfbeta,tumour"
GSE88997,0.234896695765339,0.9830257634828306,"adenocarcinoma,cancer,cells,ductal,epithelial,kras,pancreatic,primary,progression"
GSE48240,0.23170836073276924,0.9633094459371009,"adenocarcinoma,cancer,cell,cells,change,eac,growth,knockdown,lncrna,lncrnas,long,noncoding,performed,primary,progression,regulates,rnas,rnaseq,roles,tissues"
GSE95605,0.23150769582318545,0.9620594966577142,"carcinoma,cell,colorectal,data,ht29,knockdown,lncrna,mrna,roles,sw480"
GSE56356,0.23119152598297346,0.9600878627752744,"a549,cancer,cell,lung,tgfbeta"
GSE92979,0.2308655649090283,0.9580523459000444,"carcinoma,cell,cells,lung,mrna,sequencing,translation"
GSE48213,0.22954266226404457,0.9497616585265507,"breast,cancer,cell,panel,patterns,rnaseq"
GSE45162,0.2288920091355576,0.9456664417784744,"also,breast,cancer,cancers,cell,cells,characterization,colon,colorectal,epithelial,liver,lung,novel,progression,prostate,rnaseq,roles,sequencing,suppressive,survival,tumor"
GSE62905,0.22739808895589175,0.9362194739618889,"cancer,cell,cells,liver,rnaseq,sequencing"
GSE75059,0.22570214977455216,0.9254195040499159,"cancer,cell,cells,performed,thyroid"
GSE74550,0.22517425850214198,0.9220412546900089,"cancer,cancers,carcinomas,cell,data,ovarian,p53,serous,tumor"
GSE86337,0.22515681306996344,0.9219294771996621,"a549,adenocarcinoma,cancer,cell,cells,experiment,hiseq,illumina,lung,rnaseq,sample,treated,truseq"
GSE66876,0.224935663004542,0.9205117590847831,"cancer,cancers,cells,growth,liver,pancreatic,poor,prognosis,progression,stage,tumors"
GSE90781,0.2248255313368105,0.9198052223001261,"cancer,cell,cells,growth,atac,lung,novel,nsclc,promoter,complexdependent,regulates,survival,tumorigenesis"
GSE79395,0.22427220312319537,0.9162501641804515,"cancer,cells,colon,data,knockdown,rnaseq,sirna"
GSE79210,0.2235325531271959,0.9114842909433412,"adjacent,also,cancer,carcinoma,cell,cells,characterization,epithelial,lung,mrna,novel,progression,samples,sequencing,set,tumors"
GSE78705,0.2224977783227659,0.904790274631666,"cells,data,hcc,huh7,performed,rnas,samples,sequencing,sirna,splicing"
GSE79249,0.2222724629954182,0.903328570124438,"cancer,cell,colorectal,doxorubicin,functions,lncrnas,long,noncoding,p53,p53ko,pairs,rnas,treated"
GSE75327,0.22172974814178406,0.8998016849051503,"adenocarcinoma,adenocarcinomas,cell,ductal,growth,pancreatic,pdac,rnaseq,roles,suit2,set,survival"
GSE101972,0.22156231408151877,0.8987118557812267,"cancer,cell,change,knockdown,ovarian,rnaseq"
GSE29155,0.2209267339003304,0.8945673509159497,"adjacent,also,benign,cancer,cancers,cell,cells,data,lncap,novel,patterns,progression,promoter,prostate,rnaseq,sample,samples,sequencing,tissues"
GSE98710,0.2204271638635611,0.8913013662896646,"cells,liver,performed,rnaseq"
GSE97768,0.21817177647265,0.8764638252674637,"cancer,cell,cells,data,panel,sequencing"
GSE86165,0.21756421696094763,0.8724406384028504,"breast,carcinoma,cell,colorectal,performed,treated"
GSE56660,0.2158729685108667,0.861181945255776,"cancer,cell,cells,colorectal,tumors"
GSE85685,0.21561218721100867,0.8594380709700367,"cancer,cell,cells,colorectal,primary,progression,tumor"
GSE83100,0.21546168231513013,0.858430667408439,"benign,cancer,cell,ovarian,patterns,rnaseq,serous"
GSE31614,0.21545435173777722,0.8583815822653523,"adjacent,also,cancer,cancers,carcinomas,cell,functions,integrated,matched,mirna,mrna,p53,patterns,renal,roles,sequencing,tissues,tumor,tumors"
GSE67109,0.21531384025307718,0.8574404021451704,"cancer,cells,colorectal,p53,p53activation,rnaseq,sw480"
GSE94493,0.21466668840459435,0.8530976777413475,"breast,cancer,cell,cells,performed,rnaseq"
GSE74484,0.21397203715729057,0.8484216150003235,"cancer,cell,glucose,lung,nsclc,rnaseq,tumor,tumors"
GSE49155,0.21302374434386712,0.8420135910912271,"carcinoma,carcinomas,cell,cells,individual,lung,performed,progression,samples,sequencing,tumor"
GSE81076,0.21212580042785678,0.8359194476217958,"cell,cells,pancreatic,situ,tissue,tissues,validated"
GSE84789,0.21190599001085947,0.8344237134146267,"cancer,cell,cells,characteristics,egfr,ihc,immunohistochemistry,integrated,kras,lung,mrna,nsclc,performed,sequencing,survival,tumor,tumors"
GSE66412,0.21099940993657973,0.8282383084470775,"cancer,carcinoma,cell,rnaseq,sequencing"
GSE97215,0.21084743176309972,0.8271987929404276,"cancer,cells,individual,pancreatic,pdac,rnaseq,treated"
GSE48850,0.21083175588206282,0.8270915288567046,"cancer,cancers,novel,papillary,thyroid,tumorigenesis,tumors"
GSE61910,0.2105104245724508,0.824891022008635,"a549,adenocarcinoma,also,breast,cancer,cell,cells,emt,epithelial,gastric,growth,knockdown,lung,prognosis,roles,suppressive,tgfbeta,tumor"
GSE52695,0.2100074588277506,0.8214399129819852,"cancer,cell,cells,mirna,mrna,ovarian,rnaseq,treated"
GSE80333,0.2092871651258092,0.8164831827277504,"breast,cancer,carcinoma,cells,her2,novel,tumors"
GSE70150,0.20907665166880177,0.815031304080959,"cancer,cell,cells,lncap,performed,prostate"
GSE71511,0.20870326602469552,0.8124525216277846,"adenocarcinomas,cancer,cancers,cells,colon,colorectal,functions,invasive,swisnf,tumor,tumorigenesis,tumors"
GSE63124,0.20798932886775334,0.8075088551632637,"cancer,heterogeneity,kras,paired,pancreatic,pdac,primary,progression,rnaseq,samples,tumor,tumorigenesis,tumors"
GSE84776,0.2073367989318969,0.8029755382632277,"carcinoma,cell,illumina,lung,rnaseq,samples,tumours"
GSE50244,0.20724593812777817,0.8023431702368031,"glucose,novel,pancreatic,rnaseq,sequencing,tissue"
GSE75688,0.20695545037611096,0.8003195878968595,"breast,cancer,cell,cells,epithelial,growth,her2,matched,metastases,performed,primary,rnaseq,sequencing,surrounding,tumor,tumors"
GSE69333,0.2059678131379044,0.7934182471937479,"cancer,cell,colon,regulates"
GSE66556,0.20587695133037467,0.7927816681107266,"cancer,cell,cells,glucose,growth,lung,novel,nsclc,regulates,tissue,tumor,tumors"
GSE79209,0.20571636727683773,0.7916559266617516,"adjacent,also,cancer,carcinoma,cell,cells,characterization,epithelial,lung,mrna,novel,progression,samples,sequencing,set,tumors"
GSE76987,0.2056193009962779,0.7909750372811226,"cancer,colon,sequencing"
GSE94518,0.2050620376524238,0.7870597799737293,"lung,primary"
GSE104714,0.2049799980953654,0.7864824827535147,"a549,adenocarcinoma,cell,data,lung,novel,paired,rnaseq"
GSE84323,0.20451680197081012,0.7832187159218884,"carcinoma,cell,primary,tumor"
GSE77950,0.20427575039299278,0.7815172957066163,"cancer,carcinoma,cell,cells,growth,knockdown,linc00162,lncrnas,long,noncoding,progression,rnas"
GSE31528,0.20404208937025634,0.7798661230037844,"also,cancer,data,mrna,noncoding,patterns,prostate,rnaseq,samples,splicing"
GSE79183,0.2034903910951207,0.7759600154419145,"carcinoma,cell,cells"
GSE95304,0.20301322405207387,0.7725730500265575,"act,also,breast,cancer,cancers,classifier,data,egf,fra1,growth,individual,patterns,poor,primary,prognosis,progression,rnaseq,set,tumors,validated"
GSE37918,0.20104066011916702,0.7584866574737168,"breast,cancer,cell,mir23b,mrna,rnaseq,sequencing"
GSE89843,0.20033969868813029,0.7534476734462485,"cancer,cell,data,lung,nsclc,samples"
GSE20116,0.19905633699134118,0.7441761446251525,"carcinomas,cell,matched,patterns,rnaseq,tissue,tissues"
GSE89729,0.19893579703699493,0.7433022459482036,"adenocarcinoma,cancer,cell,cells,change,characterization,colon,colorectal,data,functions,illumina,mrna,rnaseq,sample,sequencing,validated"
GSE83501,0.19814924674167098,0.7375868269851146,"cell,cells,epithelial,lung"
GSE81429,0.19720510706087305,0.7306962579973642,"adenocarcinoma,cell,cells,colon,growth,ht29,prdx2,sw480"
GSE80802,0.19701531015020063,0.7293070905620662,"cancer,cell,cells,egfr,lung,nsclc"
GSE81513,0.19694234924720302,0.7287727167194668,"also,carcinoma,cells,colorectal,noncoding,novel,poor,splicing,tumor"
GSE29119,0.19653393834167088,0.7257778089283862,"also,breast,cancer,cancers,cell,cells,epithelial,primary,tumor,tumorigenesis"
GSE106696,0.19617911221181838,0.72317078562476,"cancer,cell,cells,colon,ht29,knockdown,rnas,rnaseq"
GSE101665,0.19492127868767528,0.7138909358136971,"also,cancer,cells,growth,novel,pancreatic"
GSE43306,0.1941292995835996,0.7080172218647687,"breast,cancer,cell,cells,patterns,situ,stroma,tumor,tumors,tumours"
GSE93069,0.19404218593169395,0.707369681072116,"carcinoma,cell,data,hepatocellular,integrated,liver,mrna,nontumor,renal,rnaseq,samples,sequencing,tissues"
GSE71070,0.19363472820112895,0.7043370658078059,"cancer,carcinoma,cells,prostate"
GSE98393,0.19314974067714663,0.7007190846387663,"breast,cancer,cell,lncrna,lncrnas,long,mcf10,mcf10a,mcf10at1,mcf10ca1a,noncoding,progression,rnas"
GSE76199,0.1928591527014339,0.6985469589811044,"carcinoma,ccrcc,cell,cells,renal,rnaseq"
GSE94937,0.19279570229137113,0.6980722360957018,"cells,epithelial,kras,lung,rnaseq"
GSE115831,0.19237177253189758,0.694896466340357,"cancer,cells,growth,pancreatic,performed,poor,rnaseq,set,treated,tumor"
GSE80297,0.19232689917208864,0.6945598986383099,"breast,cancer,cell,mrna"
GSE93057,0.19232368984248605,0.6945358244055667,"breast,cancer,primary,rnaseq,treated"
GSE77635,0.1923072953450572,0.6944128376412984,"cancer,colorectal,data,invasive,kras,novel,p53,paired,poor,progression,promoter,tissue,tumors"
GSE83314,0.19212342988365932,0.6930328136621119,"cancer,cell,data,individual,pairs,rnaseq,stroma"
GSE80361,0.19193628679279814,0.6916268321505535,"cells,hepatocellular,liver,performed,rnaseq"
GSE54159,0.19181522058770334,0.6907165471554726,"cancers,carcinoma,mirna,mrna,rnaseq,sequencing"
GSE52643,0.191726401615827,0.6900483605225994,"breast,cancer,cell,data,rnaseq"
GSE89127,0.19028118277755246,0.679132242185381,"array,cancer,cancers,cell,cells,characterization,rnaseq,survival,tumour,tumours"
GSE43550,0.18952862582384733,0.6734151091291379,"adjacent,cancer,colorectal,hiseq,illumina,resection,sequencing,stage,tissue,tissues,treated,tumor,tumors"
GSE77219,0.1892627603438788,0.6713899159146882,"a549,cell,cells,epithelial,lung,rnaseq,sequencing"
GSE90926,0.18903294323922137,0.6696370224250249,"cancer,cell,cells,knockdown,pancreatic,tumor"
GSE103071,0.18874214944113532,0.6674159821213728,"carcinoma,cells,ovarian,regulates,rnaseq,sequencing"
GSE99060,0.18837857702372207,0.6646342507059315,"breast,cancer,cell"
GSE88802,0.18789761134074948,0.6609460705604735,"adenocarcinoma,also,cancer,cell,cells,eac,novel,performed,rnaseq,samples"
GSE73318,0.18768942103089253,0.6593466800998546,"cancer,cell,colon,ht29,performed,rnaseq,sw480"
GSE98091,0.18763694376582135,0.6589432515231707,"hcc,integrated,regulatory,sequencing"
GSE33294,0.18732480577742663,0.6565412996840869,"adjacent,carcinoma,hcc,hepatocellular,matched,pairs,performed,rnaseq,samples,sequencing,tissues,tumor"
GSE29968,0.1858158603178917,0.6448729922813764,"adjacent,also,carcinoma,cell,illumina,landscape,matched,novel,pairs,performed,samples,sequencing,tissues,tumor"
GSE85001,0.18525207183202136,0.6404890215413048,"cancer,cancers,functions,kras,lung,mrna,poor,prognosis,rnaseq,tumor,tumorigenesis"
GSE74369,0.18482847954400672,0.6371864175115678,"cancer,cell,cells,characterization,colorectal,epithelial,examination,progression,tumor,tumors,vasculature"
GSE22260,0.18382195402240847,0.6293084233219569,"cancer,matched,novel,prostate,rnaseq,tissue"
GSE82071,0.18273069201827039,0.6207183179172395,"cancer,cancers,carcinoma,cell,cells,epithelial,metastases,neuroendocrine,performed,prostate,sequencing,set"
GSE84852,0.1822617349379112,0.6170110496204179,"cancer,cancers,functions,kras,lung,mrna,poor,prognosis,samples,tumor,tumorigenesis"
GSE100669,0.18207774658609358,0.6155539519476535,"breast,cancer,cell,cells,functions,heterogeneity,progression,set,tissue,tumor"
GSE83816,0.18186682328169101,0.6138817300516168,"cells,pancreatic"
GSE57681,0.18126366540137856,0.609089107508695,"cancer,cell,cells,epithelial,lung,novel,nsclc,rnaseq,roles"
GSE99596,0.18126108156092247,0.6090685423260765,"breast,cancer,cells,knockdown,lung,metastases,roles,survival,tissues"
GSE65420,0.1812137523950067,0.6086917903590562,"adenocarcinoma,cell,cells,egfr,lung,nfkb,novel,nsclc,survival,tumor"
GSE83717,0.18098522400461076,0.6068712616399856,"data,frozen,hiseq,illumina,lung,performed,rnaseq,sample,samples,sequencing,tissue,tissues"
GSE47095,0.18091419297199476,0.6063049378770115,"cancer,cells,lung,mrna,tumor,tumorigenesis"
GSE24455,0.18087619035325941,0.606001855250613,"adjacent,cancer,ccrcc,cell,change,data,mirna,novel,pairs,renal,samples,sequencing,tissue,tissues,tumors,validated"
GSE35464,0.1808209430987134,0.6055611277280284,"cells,functions,hepatocellular,hepg2,liver"
GSE75935,0.18008465971958024,0.5996746363843319,"act,cancer,data,epithelial,heterogeneity,matched,novel,ovarian,patterns,primary,sample,samples,sequencing,tumor,tumors"
GSE114725,0.1799556122819189,0.5986404403745853,"breast,cancer,carcinomas,cell,cells,data,matched,paired,progression,rnaseq,sequencing,tissue,tumor"
GSE58586,0.17966392945415427,0.5963001367338249,"also,cancer,cell,cells,characterization,composed,heterogeneity,novel,ovarian,rnaseq,treated,tumors"
GSE97239,0.17963728989510283,0.5960862061500377,"cancer,circrnas,circular,paired,pairs,regulatory,rnas,rnaseq,sequencing,tissues"
GSE94405,0.17911270777319624,0.5918670419959916,"cancer,cell,cells,egfr,growth,lung,mrna,nsclc,sequencing"
GSE58708,0.17831818641693384,0.5854531929016503,"adjacent,breast,cancer,liver,primary,tumours"
GSE85840,0.17831087057685613,0.5853940024010752,"brd4,cancer,cell,mrna,treated"
GSE42948,0.17788985971400467,0.5819836187876435,"breast,cancer,cancers,carcinomas,novel,patterns,prognosis,progression,sample,stroma,survival,tumor,tumors,validated"
GSE77661,0.17761249507269253,0.5797324231578835,"cancers,circrna,circrnas,circular,data,facilitates,novel,rnas,sequencing,tissues"
GSE79400,0.17670606959984322,0.5723509392744627,"autophagy,cancer,cell,thyroid,tumor"
GSE84902,0.17653997783195197,0.5709942657078687,"ajuba,caco2,cancer,cell,cells,colorectal,data,functions,growth,ihc,immunohistochemistry,paired,performed,progression,rnaseq,roles,samples,survival,tumor"
GSE75035,0.1760407901522406,0.5669090963702857,"autophagy,cancer,cell,cells,glucose,knockdown,novel,prostate,rnaseq,survival"
GSE36968,0.17547158537690638,0.5622367736781054,"also,cancer,gastric,progression,regulator,stages,tumor"
GSE73696,0.17544595991441422,0.5620260704618104,"brd4,cancer,cell,growth,lung,tumors"
GSE90728,0.17513064698507216,0.5594309142922306,"adjacent,also,cancer,cancers,cell,cells,heterogeneity,lung,nontumor,novel,nsclc,performed,primary,stage,tissue,tumor,tumors"
GSE67237,0.17395624995254313,0.549723857501004,"cancer,carcinoma,ccrc,cell,clear,hif2a,individual,patterns,prognosis,progression,renal,set,tumour"
GSE52194,0.1737485964886481,0.5480006680702706,"also,breast,cancer,novel,primary,promoter,samples,splicing,tissue,tumour"
GSE77250,0.17367448489316709,0.5473851624310404,"apc,cancer,colon,colonic,samples,sequencing"
GSE103850,0.17196146146407162,0.533084620675884,"adjacent,breast,cancer,cell,cells,data,patterns,set,tissue,treated,validated"
GSE48953,0.1715114616085463,0.5293043347330263,"cancers,carcinoma,data,papillary,rnaseq,sequencing,stage,thyroid,tumors,validated"
GSE32424,0.1711764308055082,0.5264834155071998,"also,carcinoma,cell,growth,illumina,immunohistochemistry,knockdown,nontumor,nontumors,novel,performed,promoter,rnaseq,samples,sequencing,tumor,tumors"
GSE33782,0.1705200974464149,0.5209411288957613,"cancer,colon,data,rnaseq,sample,tissues"
GSE59223,0.16931316554293604,0.5106935034716449,"cancer,cells,colon,colorectal,data,epithelial,growth,novel,stabilizes,tumor"
GSE63189,0.16915592279130254,0.5093530362790034,"breast,cancer,cell,cells,characterization,data,integrated,knockdown,lncrna67,lncrna152,lncrnas,long,noncoding,novel,rnas,rnaseq"
GSE83888,0.16898474430525104,0.5078923520250201,lung
GSE35469,0.16866248730219963,0.5051384794749743,"cancer,cell,growth,landscape,prostate,regulator,translation"
GSE86344,0.16863014155019734,0.5048617757930152,"cancer,cell,cells,facilitates,illumina,knockdown,liver,lung,performed,rnaseq,samples,sequencing"
GSE35126,0.1680073238700931,0.4995234691814755,"cancer,cell,cells,knockdown,prostate,rnaseq"
GSE95499,0.1679698301639235,0.49920147119125197,"also,cancer,cancers,cell,cells,change,colon,data,primary,situ,tissue,tumor,tumour"
GSE43726,0.16795494955114237,0.4990736557541356,"breast,cancer,cell,mrna,rnaseq,sequencing"
GSE67994,0.16774801664809588,0.4972950529957857,"cancer,cancers,carcinomas,cell,data,mirna,mrna,p53,promoter,rnaseq,sequencing,subsites,tumor,tumors,validated"
GSE94304,0.16739703071544643,0.494273281654928,"cancer,cell,growth,ovarian,panel,poor,progression,serous,survival,tumor,tumors"
GSE45453,0.16731910592296867,0.49360153804059187,"carcinoma,carcinomas,gastric"
GSE90729,0.16726975115018233,0.4931759178505931,"adjacent,also,cancer,cancers,cell,cells,heterogeneity,lung,nontumor,novel,performed,primary,stage,tissue,tumor,tumors"
GSE102101,0.16692345268844658,0.49018601113500126,"ccrcc,cisregulatory,landscape,pairs,tissues,tumors,vhl"
GSE74791,0.16690059264377105,0.48998842157486866,"cell,fto,glucose,hepg2,knockdown"
GSE80135,0.16685233884298042,0.4895712535860835,"cancer,carcinoma,cells,follicular,thyroid"
GSE84425,0.1659852457178295,0.48205435141109537,"cancer,cell,epithelial,ovarian,promoter,sequencing,survival"
GSE92723,0.1652789521592229,0.47590235693059785,"carcinoma,treated"
GSE67931,0.16513120936636397,0.4746121556377182,"cancer,colon,regulatory"
GSE68297,0.16509242935358115,0.47427330810638196,"carcinoma,cell,cells,colorectal,performed,rnaseq"
GSE90599,0.16468439621580325,0.47070321076085736,"adenocarcinoma,cancer,cell,cells,colon,colorectal,data,hif1alpha,novel,performed,poor,prognosis,sirna,survival,tissues,tumors"
GSE61946,0.16445611804961527,0.46870202393131294,"cell,liver,pancreatic,performed,rnaseq,samples,tissue"
GSE71900,0.16417002100039318,0.4661900454283488,"cancer,cell,cells,integrated,mrna,rnaseq,survival,translation"
GSE73526,0.1640951587295659,0.46553201993302545,"brd4,breast,cancer,cell,cells,data,landscape,novel,performed,rnaseq"
GSE55758,0.16400920565747737,0.46477613804209345,"cancers,carcinoma,hcc,hepatocellular,integrated,poor,prognosis,promoter,regulatory,samples,sequencing,tissues,validated"
GSE74798,0.16396552201264566,0.4643918268569784,"also,cancer,cell,cells,growth,lncap,progression,prostate,rnaseq,tumor"
GSE43093,0.16345211458351833,0.4598673854327213,"cancer,cancers,cell,cells,colon,gastric,progression,promoter,rnaseq,sequencing,tissues,tumor"
GSE81194,0.16342801676541976,0.459654672579318,"also,cancer,cell,cells,colorectal,data,ht29,kras,novel,samples,sequencing"
GSE60407,0.16320987360129197,0.45772768176066675,"cancer,cell,cells,ctc,epithelial,pancreatic,pdac,primary,tumor,tumors"
GSE95097,0.1631998628029968,0.4576391885115415,"cancer,cell,cells,glucose,modulates,performed,regulatory,renal,rnaseq,sequencing,tumor"
GSE92651,0.1631389990530413,0.45710104953079356,"array,cancer,carcinoma,cell,cholangiocarcinoma,data,growth,lung,novel,sirna,treated,tumors"
GSE101526,0.1624368439093818,0.45087824562116435,"carcinoma,cell,cells,colorectal,mrna,performed,rnaseq,treated"
GSE92581,0.16194079712849832,0.4464658281290525,"cell,gata6,pancreatic,performed,rnaseq,roles"
GSE85969,0.16188749806426198,0.44599092029985016,"also,cancer,carcinoma,cell,epithelial,knockdown,lats1,performed,renal,rnaseq,samples,sequencing,tissue,tumor,tumors,validated"
GSE95132,0.16172550884138567,0.44454659598004087,"adjacent,also,cancer,colonic,colorectal,data,kras,matched,noncoding,rnaseq,samples,sequencing,stages,tissues,tumors"
GSE93124,0.16145736406131975,0.4421525877225084,"cells,crizotinib,sw480,treated"
GSE40591,0.16105551506156784,0.43855740813945665,"also,breast,cancer,cells,epithelial,growth,nfkb,ovarian,performed,rnaseq,roles,sequencing,tumor,tumors"
GSE86159,0.16066456256378117,0.43505109599645964,"also,breast,cancer,carcinomas,cell,cells,epithelial,invasive,knockdown,lncrna,linc00520,lncrnas,long,mcf10a,noncoding,novel,performed,rnas,sequencing,stat3"
GSE99821,0.1606474037781284,0.43489700964060873,"also,apc,cancer,cell,cells,change,clear,colorectal,functions,novel,tumorigenesis"
GSE74493,0.16038580222421683,0.432545780291141,"breast,cancer,cell,cells,epithelial,lats1,p53,tumor"
GSE93988,0.16001583109129988,0.42921398856188525,"cancer,carcinoma,cells,growth,pancreatic,progression,promoter,regulator,regulatory,roles,survival,tumor"
GSE50386,0.15944355577748628,0.4240451334625795,"cell,cells,glucose,landscape,novel,pancreatic,promoter,sequencing"
GSE85241,0.1593798108926866,0.42346823452716914,"cell,cells,pancreatic,sequencing,tissue,tissues"
GSE48599,0.15905242731000516,0.4205017331434968,"carcinoma,cell,cells,kd,lung,performed,rnaseq,tumor"
GSE66727,0.15897963864040768,0.41984134781926236,"cancer,cancers,cell,cells,data,landscape,lung,patterns,regulates,samples,sequencing,tissue,tumor"
GSE44866,0.1587748166016834,0.41798144766312945,"cancer,cancers,cell,cells,classification,gastric,promoter,sequencing,tissue"
GSE45332,0.15863351608389142,0.41669695983614,"cancer,cells,colorectal,rnaseq"
GSE84577,0.15818983137646017,0.41265620873171754,"breast,cancer,cell,cells,growth,integrated,performed,rnaseq"
GSE89205,0.1580863463241803,0.41171211374395367,"breast,cancer,cells,emt,rnaseq,roles,tgfbeta,treated"
GSE41476,0.15749010984382217,0.4062605762789278,"cancer,gastric,performed,rnaseq"
GSE62966,0.1573513531064101,0.40498892884063104,"breast,cancer,cell,cells,long,primary,promoter,stage,tumors"
GSE103305,0.15729096106635299,0.4044351107821885,"cells,paired,performed,regulates,samples,sequencing,thyroid,tissues"
GSE94869,0.1572540142717798,0.4040961897264934,"adenocarcinomas,sequencing"
GSE94555,0.15708675782735781,0.40256091280975803,"cell,cells,characteristics,data,epithelial,individual,lung,p53,patterns,rnas,roles"
GSE86618,0.15708675782735781,0.40256091280975803,"cell,cells,characteristics,data,epithelial,individual,lung,p53,patterns,rnas,roles"
GSE93656,0.15694691168128397,0.40127598463577807,"adenocarcinoma,also,cancer,cell,cells,colon,colorectal,growth,knockdown,progression,promoter,regulates,rnaseq,treated,tumor,tumorigenesis,tumors"
GSE74866,0.15669330438945991,0.3989428778258711,"cancer,cell,characterization,h1975,lung"
GSE51827,0.1564946452793822,0.3971126378586037,"breast,cancer,cell,cells,primary,sequencing,survival,tumor,tumors,vasculature"
GSE47462,0.15648656020702897,0.3970381011542435,"also,breast,cancer,carcinoma,data,epithelial,examination,gata3,immunohistochemistry,long,matched,noncoding,patterns,rnaseq,samples,sequencing,set,stage,stages,tissue"
GSE72983,0.1563190454989985,0.3954929072239189,"cancer,cell,rnaseq"
GSE47805,0.15607020988486106,0.39319453123144765,"cancer,cell,cells,growth,lncrna,lncrnas,long,noncoding,novel,promoter,prostate,regulatory,rnas,roles,tumors"
GSE47806,0.1559224056707989,0.3918275987338782,"cancer,cell,cells,growth,lncrna,lncrnas,long,noncoding,novel,promoter,prostate,regulatory,rnas,roles,tumors"
GSE88945,0.15546706653652012,0.3876083425431595,"cancer,cells,colonic,colorectal,mrna"
GSE52716,0.15522021442620293,0.3853157968732845,"array,cancer,cell,cells,characteristics,characterization,data,emt,mcf10a,nsclc,primary,rnaseq,samples,sequencing,tumor,tumour"
GSE47702,0.15460319628410346,0.3795694900428827,"cancer,carcinoma,classification,utuc,matched,mrna,renal,roles,sequencing,set,subgroup,survival,tissues"
GSE73527,0.15435185363487325,0.37722215263119035,"breast,cancer,cell,cells,mrna,predictive,primary,promoter,regulates,sequencing,tumor,tumors"
GSE87167,0.15422992746891773,0.37608208348321087,"cells,epithelial,lncrnas,long,noncoding,rnas,roles"
GSE51584,0.15392307434354938,0.3732088638425174,"act,also,cell,characterization,circrna,circrnas,circular,data,mirna,rnas,rnaseq,roles,set,translation"
GSE70544,0.1538646995330676,0.37266162280338233,"cells,epithelial,landscape,noncoding,performed,renal,rnaseq,sequencing"
GSE86202,0.15352849701545648,0.36950580866212474,"cancer,circrna,circrnas,functions,lncrnas,matched,noncoding,performed,primary,progression,rnas,sequencing,tissue,tumor,tumorigenesis"
GSE91000,0.1534710760361164,0.3689661273701965,"cells,colon,colorectal,rnaseq"
GSE66216,0.1531564908547692,0.366005854457318,"cancer,carcinomas,cell,cells,cisregulatory,colorectal,primary,prognosis,tumor"
GSE66627,0.15288526655233708,0.3634487259017605,"adenocarcinoma,cell,cells,epithelial,lung,performed,rnaseq,roles"
GSE68873,0.152820164104478,0.36283425870113467,"autophagy,cancer,cancers,cells,data,epithelial,lung,progression,regulates,regulator,stages,survival,tumor,tumors"
GSE84714,0.15280511321366644,0.3626921641352475,"cell,cells,characteristics,novel,pancreatic,regulatory"
GSE99015,0.1526809022074205,0.3615189607572588,"cancers,carcinomas,cell,colorectal,pimasertib,growth,kras,lung,nsclc,tumor"
GSE60873,0.15259881256295554,0.36074308001509126,"cancer,cell,gastric,rnas,rnaseq"
GSE68872,0.15254641172090552,0.3602475884937378,"carcinoma,cell,data,rnaseq"
GSE101558,0.15230094772461988,0.35792426335596544,"cells,epithelial,lung"
GSE97726,0.15165023141531572,0.35174704351852126,"act,breast,cancer,cancers,carcinoma,carcinomas,cell,cells,composed,data,drosophila,emt,emttfs,epithelial,growth,heterogeneity,lung,metastases,primary,progression,regulates,regulator,sequencing,survival,tumor,tumors"
GSE60182,0.15111053291464402,0.3466035687559225,"also,breast,cancer,cell,her2,integrated,long,matched,noncoding,sequencing,set,tissue,tumorigenesis,tumors"
GSE96860,0.15101518523298563,0.3456929701289737,"act,breast,cancer,cancers,cell,growth,mrna,noncoding,patterns,rnaseq"
GSE39068,0.15076380904686765,0.34328949428829497,"cancer,cells,colon,colorectal,data,matched,samples,tissue,tissues,tumor"
GSE59810,0.1507224639789037,0.3428937991590139,"acc,also,breast,cancer,cancers,carcinoma,cell,predictive,primary,sequencing,tumor,tumors"
GSE72955,0.15065293249075049,0.3422280995956174,"breast,cancer,cancers,cell,cells,colon,mrna,panel,sequencing,tissue"
GSE48812,0.15064761664329823,0.34217719264055,"cancer,cancers,cell,cells,data,epithelial,progression,prostate,sequencing,treated"
GSE83321,0.15016358437366206,0.3375343365543639,"cell,cells,data,hepg2,long,performed,rnas,samples,sequencing,treated"
GSE78527,0.15009233306380942,0.3368496278952436,"breast,cancer,cells,performed,sequencing"
GSE53172,0.1500030576413969,0.3359912527453643,"breast,cancer,cancers,cells,colon,epithelial,growth,primary,promoter,stage,stages,tissues,tumour,tumours"
GSE106989,0.14980137771063495,0.33405023623234686,"cancer,cell,cells,emt,growth,liver,modulates,novel,prostate,tumor"
GSE50491,0.14977818227192582,0.333826830173097,"brd4,cancer,colorectal,data,integrated,performed,prostate,rnaseq"
GSE84054,0.14975376582701022,0.33359162665442404,"breast,cancer,primary,tumor"
GSE92943,0.1492832549068602,0.32905169156759084,"also,breast,cancer,cell,cells,rnaseq"
GSE58989,0.1491488206459753,0.3277519140268309,"cancer,cell,colon,growth,lncrnas,long,noncoding,rnas,tumors"
GSE64367,0.14891341853958137,0.32547310458724527,"breast,cancer,cell,growth,samples,tumor"
GSE101209,0.14843060326335944,0.3207879199810344,"breast,cancer,cancers,cell,cells,data,progression,sequencing,survival,tumor,tumors"
GSE57892,0.14840495088882127,0.32053856606700565,"also,cancer,carcinomas,cell,classification,epithelial,prognosis,sequencing,survival,tumors"
GSE79051,0.14801637017555794,0.3167560865400578,"cancer,cell,knockdown,lung,p53,sequencing"
GSE29006,0.14801126383636967,0.3167063149013437,"cancer,cell,cells,epithelial,lung,mrna"
GSE70513,0.14799228092294722,0.31652127282614806,"cancer,carcinomas,cells,gastric,performed,sequencing"
GSE102170,0.14677721684674533,0.3046273905960556,"cancer,carcinoma,cells,tissue,tumor"
GSE100530,0.14664579057545996,0.30333500357997634,"cancer,data,landscape,patterns,performed,sequencing,splicing,tumor,tumorigenesis,tumors"
GSE25183,0.14640230100440482,0.300937572662656,"cancer,cell,cells,data,noncoding,novel,patterns,progression,prostate,regulator,rnas,rnaseq,sequencing,tissues,tumor"
GSE101770,0.14636222416316985,0.3005425886021229,"cell,cells,examination,functions,growth,liver,tissue"
GSE69036,0.14635219371151958,0.30044371487417715,"cancer,cell,cells,colorectal,long,noncoding,primary,promoter,regulates,regulatory"
GSE56882,0.14630517797691422,0.2999801737212508,"breast,cancer,cells,lkb1,tumor"
GSE68358,0.14625451457290875,0.29948050241105173,"breast,cancer,cell,rnaseq"
GSE63840,0.1459636145231159,0.2966081262230098,"cells,mrna,pancreatic"
GSE95293,0.14586091153852274,0.29559265919099603,"breast,cancer,cells,rnaseq,treated"
GSE56087,0.14581418873353458,0.2951304547754217,"adjacent,also,carcinoma,endometrial,sequencing,tissues"
GSE65131,0.14569689848082717,0.29396951042387903,"carcinoma,cell,emt,progression,regulator,sequencing,snail,tumor"
GSE44052,0.14512047622800223,0.2882504393713936,"also,breast,cancer,cell,mirna,novel,progression,regulates,rnaseq,tumors"
GSE79586,0.1449216891003007,0.2862728700210336,"also,breast,cancer,cell,data,facilitates,hiseq,illumina,individual,knockdown,mrna,normalized,performed,regulatory,rnaseq,sample,sequencing,sirna"
GSE77039,0.14490899386648812,0.2861464834653482,"cancer,cell,cells,characterization,colorectal,functions,growth,ht29,liver,patterns,performed,promoter,regulatory,tumor"
GSE75168,0.14490355759012605,0.2860923595917619,"also,breast,cancer,cell,cells,data,growth,mcf10a,progression,rnaseq,roles,stage,stages,tumor"
GSE57254,0.144033296880613,0.2774017091115973,"cancer,carcinoma,cell,cells,data,growth,mrna,regulates,regulatory,roles,splicing,translation,tumor,tumorigenesis"
GSE85857,0.1440249899978818,0.27731850165622624,"breast,cancer,cell,cells,data,emt,epithelial,mcf10,mcf10a,mcf10at1,mcf10ca1a,novel,poor,prognosis,progression,stabilizes,stage,survival,tumor,tumors"
GSE73317,0.14378263459132926,0.2748887882231076,"brd4,cell,cells,ht29,knockdown,performed,rnaseq"
GSE78011,0.14361836156470517,0.273239553113686,"also,breast,cancer,cell,cells,growth,rnaseq,treated"
GSE85183,0.14307183843158644,0.2677390709276647,"cancer,cell,cells,data,individual,novel,pancreatic,procedure,rnaseq,tissues"
GSE99062,0.14291716960469214,0.26617859157338536,"carcinoma,tumors"
GSE50630,0.14271399352096806,0.26412614621240843,"also,cancer,novel,prostate,rnaseq,samples,sequencing,splicing"
GSE62518,0.1425895194663548,0.26286728955955085,"apcmin,cancer,cell,cells,colorectal,epithelial,growth,progression,regulator,stroma,tumor,tumors"
GSE89122,0.14231141019980156,0.26005068248428664,"array,cancer,carcinoma,data,kras,landscape,matched,nontumor,performed,rnaseq,samples,sequencing,tissue,tumors"
GSE81812,0.14214136556322632,0.2583258085927831,"carcinoma,cell,heterogeneity,rnaseq,sequencing"
GSE57914,0.14208688644500575,0.25777275481226697,"adjacent,breast,cancer,cancers,cell,cells,epithelial,growth,landscape,matched,poor,primary,prognosis,rnaseq,samples,sequencing,tumor,tumors"
GSE68815,0.14202760915436358,0.2571707506497741,"breast,cancer,cells,rnaseq"
GSE45133,0.14160406245830842,0.2528619993124455,"array,breast,cancer,characterization,data,novel,paired,pancreatic,rnaseq,samples,sequencing"
GSE90463,0.14159510431397784,0.2527707287726846,"cancer,prostate,rnaseq"
GSE103001,0.14137283624813618,0.25050428755216975,"act,adjacent,breast,cancer,cancers,noncoding,paired,primary,rnas,rnaseq,sequencing,tissues,tumors"
GSE70380,0.1412325838776678,0.2490723163191366,"cancer,data,performed,prostate,renal,sequencing,tissue,tissues,tumor"
GSE83551,0.14108660192095696,0.2475803350839225,"cells,hepg2,rnaseq,sirna"
GSE30290,0.14105929872057904,0.24730111648234782,"also,breast,cancer,cell,cells,emt,epithelial,modulates,mrna,primary,progression,samples,splicing,tumors"
GSE113695,0.141020478411168,0.24690402407965145,"brd4,cancer,cancers,cell,papillary,rnaseq,samples,stabilizes,thyroid,translation,tumorigenesis"
GSE81687,0.14092460712658667,0.24592288953072952,"cancers,cells,characterization,lung,nsclc,rnaseq"
GSE56231,0.1408343621847729,0.24499872420750768,"cell,epithelial,lung"
GSE78195,0.1405344461711469,0.2419231344721698,"also,cancer,cell,cells,colorectal,facilitates,growth,ht29,knockdown,progression,sequencing,sirna,tumor"
GSE105019,0.14029475608537623,0.23946042917455782,"cells,liver,primary"
GSE77675,0.14006758183195586,0.23712243154627233,"cells,lncrna,lncrnas,long,noncoding,novel,p53,regulatory,rnas,rnaseq,roles,sequencing,validated"
GSE72524,0.1399067876617825,0.23546530144655942,"breast,cancer,cell"
GSE79978,0.1397550220663444,0.2338994709627874,"thymoma,cell,panel,performed,sequencing,set,tissues,tumor,tumors"
GSE67713,0.13968286745207734,0.2331544244934391,"carcinoma,cell,cells"
GSE80239,0.13963063648483315,0.2326148633391072,"cancer,cell,cells,prostate,rnaseq"
GSE73370,0.1395433710645325,0.23171293558219014,"breast,cancer,cell,progression,rnaseq,tumor"
GSE79884,0.13951295772398073,0.23139846734593764,"4bhwe,also,cancer,carcinoma,cells,hepatocellular,huh7,modulates,novel,splicing,tumor"
GSE45326,0.13930451227511276,0.22924133371005165,"hiseq,illumina,noncoding,rnas,sequencing,set,tissues"
GSE78167,0.13927201186352012,0.2289047067599576,"also,breast,cancer,cell,cells,data,functions,growth,mirna,mrna,noncoding,paired,primary,regulator,rnaseq,sequencing,survival,tumor,tumors"
GSE80746,0.13925836177947992,0.22876330093544583,"breast,cancer,cancers,cell,cells,epithelial,lung,sequencing,tumor"
GSE46622,0.13915235788480132,0.22766469883605703,"cancer,colorectal,data,illumina,matched,mirna,mrna,sequencing,tissues,tumor"
GSE56657,0.1388924309627006,0.2249673248460491,"also,cancer,cell,data,mrna,neuroendocrine,sample,sequencing,tumor,tumorigenesis,tumors,validated"
GSE99820,0.13867316805202584,0.2226880108330518,"act,cancer,cells,data,functions,growth,prostate,sequencing,tumor,tumors"
GSE47042,0.13861663032761767,0.22209969711769875,"breast,cancer,cell,cells,data,p53,rnaseq"
GSE75591,0.13860064360101634,0.22193330076810244,"a549,cell,epithelial,mirna,mirna1343,rnaseq,tgfbeta"
GSE99479,0.13828675880440103,0.2186623665938941,"breast,cancer,cell,epithelial,functions,gata3,novel"
GSE76025,0.13821153513910875,0.217877372155018,"cell,gata6,pancreatic,performed,rnaseq"
GSE75367,0.13770375096917606,0.21256720220247546,"breast,cancer,cell,cells,growth,her2,heterogeneity,primary,progression,tumorigenesis,tumour,tumours"
GSE57148,0.1375777868303176,0.21124689679734632,"hiseq,lung,rnaseq,samples,sequencing,tissue,validated"
GSE63397,0.13739136361886967,0.20929066364587068,"act,also,calu3,cell,cells,epithelial,knockdown,lung,regulates,rnaseq"
GSE101234,0.13733289566079396,0.20867658293336663,"act,cancer,cell,cells,data,regulates,survival"
GSE59855,0.13712012211147986,0.20643964337687182,"cells,cholangiocarcinoma,experiment,icc,intrahepatic,knockdown,lkb1,rnaseq,tumor"
GSE38676,0.1367902097337361,0.20296432225076486,"cancer,cell,cells,prostate,sequencing"
GSE103907,0.13670820073670853,0.20209913274811037,"also,brd4,cancer,ibet,lncap,prostate,samples,treated,tumor"
GSE45335,0.13665092307145388,0.20149454927070712,"breast,cancer,cell,individual,mrna,rnaseq,sequencing"
GSE85223,0.13645129553223684,0.19938543632670022,"also,cell,cells,liver,primary,rnaseq,stage,tissue"
GSE68005,0.1361840275539358,0.19655684972950876,"cells,experiment,fra1,knockdown"
GSE109072,0.13600889829774537,0.19470038602095477,"carcinoma,cell,cells,hepatocellular,hepg2,liver,rnaseq,sequencing,set"
GSE79688,0.13586812241611815,0.19320635255010224,"also,cancer,cell,cells,egfr,emt,epithelial,growth,lung,mrna,novel,nsclc,tissue,tumors"
GSE85579,0.13574376118557274,0.1918852369881095,"breast,cancer,cancers,cell,cells,data,epithelial,growth,her2,novel,regulatory,rnaseq,stat3,treated,tumor,tumors"
GSE63420,0.13573252854316512,0.19176585066878843,"cancer,cholangiocarcinoma,intrahepatic,novel,prognosis,sequencing"
GSE77568,0.13572793428969573,0.19171701772546898,"brd4,cancer,cells,characteristics,epithelial,growth,ovarian,regulates,suppressive,tumor"
GSE77312,0.13546127131228894,0.18887978474466205,"apc,cell,cells,colon,colonic,epithelial,kras,matched,nonmalignant,performed,progression,stages,stroma,surrounding"
GSE102796,0.13540001302062982,0.18822722167855677,"cancer,cells,landscape,nfkb,p53,patterns"
GSE74417,0.13516575795340985,0.1857290586107758,"breast,cells,epithelial,performed,primary,rnaseq"
GSE36266,0.13505909370830993,0.18459012572217154,"also,breast,cancer,cells,data,epithelial,integrated,mirna,mrna,progression,rnaseq,sequencing,tumor,tumorigenesis"
GSE77179,0.1350063190785546,0.18402627937978916,"breast,cancer,cell,cells"
GSE71012,0.13469357957413536,0.1806804276638841,"breast,cancer,cancers,cell,cells,data,her2,hiseq,illumina,modulates,mrna,performed,regulates,rnaseq,sample,sequencing,sirna,splicing,treated,validated"
GSE102349,0.13454253327289856,0.17906167176745738,"carcinoma,integrated,performed,tumor"
GSE68108,0.13451294529940352,0.17874436603534716,"also,cell,cells,change,liver,lncrnas,long,noncoding,performed,primary,rnas,rnaseq,sequencing,tgfbeta"
GSE46597,0.13445689580685227,0.17814309173793208,"cancer,cell,gastric,integrated,performed,promoter,regulatory,rnaseq,tissues"
GSE37001,0.13438840597890475,0.17740802263601738,"cells,hepg2,kd,sirna"
GSE97317,0.13425573125232276,0.17598302086508114,"breast,cancer,cell,cells,functions,growth,performed,rnaseq,roles,splicing,survival,tumors"
GSE53350,0.1342167643783504,0.17556422700613056,"adenocarcinomas,cells,ductal,ipmn,pancreatic,papillary"
GSE125577,0.1338489815139861,0.17160550527015933,"growth,liver,performed,rnaseq,tgfbeta,treated"
GSE25932,0.1337972362791785,0.17104765995336565,"breast,cancer,cells,long,noncoding,rnas,tissues,tumorigenesis"
GSE25291,0.1337972362791785,0.17104765995336565,"breast,cancer,cells,long,noncoding,rnas,tissues,tumorigenesis"
GSE99825,0.1333546393386188,0.16626736040290882,"cancer,cell,knockdown,rnaseq"
GSE85567,0.133142989352878,0.163975809438424,"cells,data,epithelial,integrated,lung,paired,rnaseq"
GSE81032,0.13271069811406241,0.1592840183854876,"breast,cancer,cell,cells,egfr,epithelial,mrna,panel,primary"
GSE80409,0.13260322354430057,0.1581151913874244,"breast,cancer,cell,cyclin,mrna,patterns,performed,regulates,rnaseq,sequencing,sirna,splicing,treated"
GSE80126,0.13253439971886607,0.157366208329815,"adenocarcinoma,breast,carcinoma,cell,illumina,mrna,rnaseq,sample,samples,tissue,truseq,tumor"
GSE99313,0.1323118147515696,0.1549412365042399,"also,cancer,cells,data,liver,performed,rnaseq,yap"
GSE62093,0.13223733475021765,0.15412889647867395,"cell,cells,ovarian"
GSE71862,0.13178875769274162,0.14922664978798747,"breast,cancer,cell,cells,data,epithelial,mcf10a,progression,rnaseq,set"
GSE64098,0.13160006377690378,0.14715953227192138,"adenocarcinoma,cancer,cell,cells,hiseq,illumina,lung,mrna,refer,sample,samples,sequencing,treated,truseq"
GSE45258,0.13145527459372416,0.14557137474631573,"cells,data,ht29,mcf10a,rnaseq,treated"
GSE89154,0.13105943008851503,0.1412205073299344,"cells,performed,proscillaridin,rnaseq,treated,yb5"
GSE72842,0.13104177685567142,0.14102616841929322,"cancer,cells,lncap,prostate,regulatory,treated"
GSE80963,0.1310166610768789,0.1407496315528687,"cancer,cell,cells,functions,nusap1,progression,prostate,rnaseq,tumor"
GSE76433,0.13092667388197868,0.1397583936200261,"breast,cancer,data,growth,p53,performed,primary,rnaseq,tumor,tumors"
GSE30786,0.13085495051415216,0.138967849593821,"cancer,cell,cells,colon,mrna,performed,rnaseq"
GSE61917,0.1307643207694382,0.13796829716907316,"cancer,cell,cells,change,emt,epithelial,growth,kd,modulates,sequencing,sirna"
GSE102923,0.13073409595356392,0.13763479463613812,"carcinoma,cells,colon,colorectal,tumour"
GSE89110,0.13066506008187603,0.13687275918389152,"also,cancer,cell,cells,growth,p53,promoter,regulates,regulator,tumour"
GSE58507,0.13061966773825978,0.13637148756166792,"cancer,cells,colon,lncrna,p53,performed,rnaseq,sequencing,treated,tumor"
GSE81157,0.1305549950189356,0.13565700008136014,"also,cancer,novel"
GSE41245,0.13045180923502384,0.13451629704933973,"breast,cancer,cell,cells,emt,epithelial,rnaseq,tumor"
GSE81620,0.13041101604501767,0.13406508570222278,"breast,cancer,cell,cells,experiment,facilitates,mrna,sequencing"
GSE63288,0.13032717351398343,0.13313726451797422,"also,cancer,cell,cyclin,gastric,growth,matched,novel,performed,samples,tumor,tumors"
GSE90491,0.130111347972862,0.13074613967689624,"also,cell,cells,functions,performed,regulates,rnaseq,sirna,sw620,tiam1"
GSE96914,0.13003974569235827,0.12995198381806689,"cancer,cells,colorectal,novel,poor,survival,tissues,tumor"
GSE56742,0.12997800460779962,0.12926684937564464,"breast,cancer,cell,cells,lung,nsclc,rnaseq"
GSE75452,0.12979307135842305,0.12721271516650112,"a549,cancer,cell,cells,long,lung,noncoding,rnas"
GSE92910,0.12958127383972629,0.12485658933163957,"breast,cancer,cell"
GSE64017,0.12924385808848612,0.12109506661420442,"bifidobacteria,breve,caco2,cell,cells,epithelial,glucose,infantis,sequencing"
GSE22666,0.1292241406876798,0.12087495273896723,"cell,cells,characterization,long,rnas,sequencing"
GSE99621,0.12897950672508787,0.11814120119204317,"cell,epithelial,immunohistochemistry,lung,primary,ipfn,rnaseq,samples,tissue,tissues"
GSE43296,0.12891973133177273,0.11747243097234823,"breast,cancer,cells,mrna,survival"
GSE63950,0.12878025673578294,0.11591077527247062,"bifidobacteria,breve,caco2,cell,cells,epithelial,glucose,infantis,sequencing"
GSE98898,0.1287154506367574,0.11518458499449208,"also,cancer,cells,functions,long,performed,prostate,regulates,regulatory,rnaseq"
GSE60052,0.12862828109144472,0.11420722234645442,"cancer,cancers,cell,lung,mrna,poor,primary,rnaseq,sequencing,splicing,survival,tumor"
GSE89701,0.12858415382165744,0.11371220589100053,"cells,hepg2,performed,rnaseq,validated"
GSE63700,0.12835085946349856,0.11109230055560008,"cancer,cell,knockdown,prostate,tumours"
GSE107245,0.12814462616070446,0.10877232344879269,"cancer,cell,cells,growth,knockdown,novel,prostate,survival,tumour"
GSE52367,0.12813500052193597,0.10866395071934123,"carcinoma,cell,cells,mrna"
GSE71756,0.12796727525058266,0.10677426464701738,"also,cancer,cell,cells,data,mirna,novel,primary,progression,prostate,roles,samples,sequencing,suppressive,tumor,validated"
GSE63733,0.12792402997187372,0.10628663768622672,"cell,data,mrna,rnaseq,samples"
GSE71074,0.12759758222282688,0.1026003365483333,"brd4,cancer,cells,mrna,ovarian"
GSE85306,0.12740135063663113,0.10037991633732092,"cancer,cell,cells,data,mirna,noncoding,prostate,rnas,sequencing,survival,tumor,validated"
GSE125802,0.12674639587490263,0.09294406776888732,"breast,cancer,cell"
GSE76371,0.12660686919856573,0.09135502596739342,"cancer,cell,cells,mrna"
GSE101668,0.1265139201081668,0.0902954749272092,"cancer,cell,cells,colon,landscape"
GSE75741,0.12651351012871428,0.09029079973983954,"breast,cancer,cells,rnaseq"
GSE76743,0.12644434010970726,0.08950180468953546,"also,cell,cells,growth,knockdown,lncrna,lncrnas,long,noncoding,performed,rnas,sequencing,validated"
GSE69876,0.12625668992649136,0.0873591775821636,"mkl1,carcinoma,cell,cells,data,knockdown,performed,rnaseq"
GSE58966,0.12625282183740819,0.08731497748134782,"cancer,cell,novel,prostate,regulates"
GSE77229,0.12614826069039067,0.08611965886075794,"also,breast,cancer,cancers,cell,cells,primary,progression,tissues,tumor,tumors"
GSE81978,0.12599154591019918,0.08432627551222299,"breast,cancer,cell,cells,sequencing,splicing"
GSE75602,0.12591737197941757,0.08347667982429807,"cancer,cancers,cell,cells,egfr,growth,lung,tumor,tumors"
GSE54846,0.1257691565997631,0.08177750570372729,"cancer,cells,lung,primary,progression,rnaseq,set"
GSE93562,0.12547636443398213,0.07841497812459894,"breast,cancer,cell,cells"
GSE107762,0.12530040417403182,0.07639041231259622,"breast,cancer,cells,poor,prognosis,rnaseq"
GSE73398,0.12528977298733615,0.07626800080782335,"cancer,cancers,cells,cisregulatory,colorectal,frozen,matched,samples,sequencing,tissue,tissues,tumor,tumors"
GSE68228,0.1250233494736358,0.07319690310940137,"breast,cancer,cell,mcf10,splicing,tissues"
GSE95750,0.12487769367355486,0.07151514202827183,"cancer,carcinoma,cells,characterization,data,invasive,landscape,long,noncoding,novel,rnaseq,sequencing"
GSE99794,0.12478794993276439,0.07047797204769003,"cancer,cell,cells,colon,epithelial,p53"
GSE78913,0.12476759087293121,0.07024257823812902,"also,breast,cancer,cancers,cell,cells,data,gata3,knockdown,prostate,regulatory,set,tissue,tissues,tumor,tumors"
GSE70089,0.12467333917101793,0.06915232837903097,"also,cancer,liver,lung,paired,regulates,regulatory,rnaseq,sequencing,tissue,tissues,tumor,tumors"
GSE96775,0.1246420412958369,0.06879011013588322,"also,brd4,carcinoma,cell,cells,novel,regulatory"
GSE63381,0.12463851375421785,0.06874927929932122,"array,autophagy,carcinoma,integrated,landscape,sequencing"
GSE36070,0.12442940985976335,0.0663268620080087,"cells,colorectal,rnas"
GSE73727,0.12442164313243036,0.06623680798672858,"cell,cells,novel,pancreatic,rnaseq"
GSE33776,0.12436447497237683,0.0655737788508111,"breast,cancer,cell,epithelial,examination,novel,poor"
GSE123029,0.12428821188908148,0.0646888145505111,"also,cancer,cancers,cell,integrated,mrna,novel,performed,sequencing"
GSE93925,0.12418875182055072,0.0635338539203017,"breast,cancer,cell,cells,data,knockdown,rnaseq,sequencing"
GSE38677,0.12411331901752179,0.06265728826113665,"cancer,cell,cells,promoter,prostate,sequencing"
GSE62613,0.12405067687121608,0.06192895121593659,"cancer,cell,cells,doxorubicin,facilitates,glucose,poor,progression,regulator,survival,tumor,tumors"
GSE77352,0.1240455695869894,0.06186955286765474,"cancer,cells,p53,survival"
GSE55807,0.12386023595717507,0.05971244357471845,"breast,cancer,cells,ctc,performed,rnaseq,tumor"
GSE76453,0.12385830612416,0.059689965156290256,"breast,cancer,cells,growth,primary,promoter,regulatory,rnaseq,tumors"
GSE64590,0.12368628985729009,0.05768493608970266,"breast,cancer,cell,cells,functions,mrna,patterns,performed,progression,sequencing,splicing"
GSE101232,0.12358839423662579,0.05654261507650694,"also,cancer,cell,cells,mrna,rnas,survival"
GSE73857,0.12353476102338017,0.05591639798317262,"breast,cancer,cell,data,rnaseq"
GSE54384,0.12344066484441685,0.05481708134591243,"adenocarcinoma,also,cell,cells,functions,growth,linc00493,linc00657,lncrnas,long,lung,noncoding,rnas,vasculature"
GSE59483,0.12332431259117006,0.053456589813122714,"cancer,rnaseq"
GSE120297,0.12329624774133098,0.053128239088379096,"also,breast,cancer,carcinoma,cell,cells,cyclin,novel,swisnf,tumor,tumors"
GSE61945,0.12307023929120711,0.050481277112445926,"cell,liver,pancreatic,performed,rnaseq,samples,tissue"
GSE53532,0.12279057964682472,0.04719922706611472,"also,breast,cancer,cell,cells,data,epithelial,functions,growth,noncoding,novel,rnaseq,sequencing"
GSE78519,0.12275606147854239,0.04679360807412754,"also,cancer,cell,cells,colorectal,lung,pancreatic,performed,treated,validated"
GSE96817,0.12255258454982523,0.04440025400305968,"carcinoma,cell,cells,novel,primary,rnaseq,treated,tumor"
GSE70072,0.12251719996383013,0.04398364477320215,"cancer,cancers,cells,ovarian,primary,serous,survival,tumor"
GSE77737,0.12236885816180633,0.04223579510016577,"also,cancer,cell,characterization,colonic,colorectal,growth,novel,samples,set"
GSE75742,0.12227666415193017,0.04114844352400447,"breast,cancer,cells,rnaseq,treated"
GSE81608,0.12224919670095703,0.04082432929466896,"cell,cells,data,glucose,growth,pancreatic,progression,sequencing"
GSE97204,0.122106575238826,0.03914023320909488,"cancer,cell,prostate,treated"
GSE55922,0.12193302502742022,0.03708827056633925,"brd4,breast,cancer,cancers,cell,cells,endometrial,growth,mrna,novel,receptordependent,regulates,regulator,rnas,rnaseq,tumorigenesis"
GSE74230,0.12178182348702866,0.03529816428586907,"cells,lung,pairs,set,tumor,tumorigenesis"
GSE109795,0.1214990962393125,0.03194492653675335,"cell,cells,pancreatic,primary,rnaseq"
GSE80098,0.12111177138848175,0.027338437786151373,"breast,cancer,composed,listed,subseries,superseries"
GSE78275,0.12102046300355128,0.02625035332927765,"cells,experiment,hiseq,illumina,lncrnas,long,noncoding,novel,patterns,poor,rnas,rnaseq,roles,sequencing,validated"
GSE118530,0.12088967561579612,0.02469038287755366,"also,cell,cells,kiaa1656,lncrnas,long,noncoding,primary,promoter,regulates,rnas,rnaseq,roles,survival"
GSE61727,0.12085289716759164,0.024251402811819794,"also,breast,cancer,cell,cells,epithelial,growth,knockdown,panel"
GSE83254,0.12085008604741031,0.024217844358455195,"cell,hepg2,knockdown,mrna,rnaseq,sirna"
GSE81345,0.12078959353100195,0.023495510547976366,"cells,circrna,circrnas,circular,noncoding,primary,rnas,splicing"
GSE74981,0.12075842708042445,0.023123214523144746,"breast,cancer,novel,sequencing"
GSE65473,0.12074316239954122,0.022940836597701346,"breast,cancer,carcinomas,cell,cells,functions,knockdown,lung,p53,primary,rnaseq,tumors,tumour"
GSE81547,0.12064236622209369,0.021735974362367527,"adenocarcinoma,also,cancer,cell,cells,data,pancreatic,patterns,primary,rnaseq,tissue,tumor"
GSE90111,0.12044534118695352,0.019377935394203807,"cell,cells,pancreatic,rnaseq"
GSE41586,0.12027330333052685,0.0173157918068872,"also,cancer,cell,cells,colon,data,experiment,ht29,performed,rnaseq,samples,treated"
GSE31310,0.1200289711065979,0.014382011757651912,"also,cancer,cell,cells,epithelial,ihmec,novel,p53,progression,rnaseq,tumorigenesis"
GSE79301,0.11970624377372363,0.010497747994545243,"cancer,cell,cells,data,lncap,lncrnas,prostate,rnaseq"
GSE99857,0.11970225398507495,0.010449662414024364,"cancer,cell,cells,data,metastases,primary,procedure,progression,prostate,stage,tissues,tumor,tumors"
GSE60106,0.11959925606442802,0.009207759690683041,"cancer,cell,cells,colorectal"
GSE72419,0.11954920019228435,0.008603822197679615,"cell,cells,data,emt,rnas,rnaseq,splicing,tgfbeta,treated"
GSE100183,0.11953265293372285,0.008404119480029157,"mkl1,carcinoma,cell,cells,data,knockdown,performed,rnaseq"
GSE54122,0.11951806294998153,0.008228015450065684,"breast,cancer,cells,characteristics,clear,rnaseq,sequencing"
GSE89225,0.11949638980860926,0.007966376596824037,"breast,cancer,cells,regulatory"
GSE106387,0.11934056697547658,0.006083880156228899,"cancer,cells,gastric,performed,sequencing"
GSE63034,0.11924696411516,0.00495188144110136,"cancer,cell,cells,data,hiseq,illumina,lncap,performed,prostate,rnaseq,sample,sequencing,sirna,tissues,truseq,tumor"
GSE87532,0.11916832978606601,0.0040002196673551375,"cancer,cell,cells,data,functions,growth,mrna,prostate,roles,survival,tumor,tumors"
GSE97053,0.11910692027301384,0.003256582198643064,"cell,epithelial,lung,modulates,primary,rnaseq"
GSE83647,0.11907994785943932,0.0029298390177430003,"cancer,cell,cells"
GSE63122,0.11894650699523213,0.0013122499700927966,"cells,thyroid"
GSE74031,0.11888094309954242,0.0005168101709325246,"breast,cancer,cells"
GSE63487,0.11876798278443515,-0.0008546860232083393,"adjacent,cancer,cells,data,hiseq,illumina,lncap,prostate,rnas,sample,sequencing,sirna"
GSE84722,0.11861146572796762,-0.002757179396735378,"classification,functions,lncrna,lncrnas,long,noncoding,patterns,regulatory,rnas,splicing,translation"
GSE61515,0.11858966195888695,-0.003022407390554081,"carcinoma,carcinomas,cell,cells,egfr,growth,tumors"
GSE106605,0.11854995057119079,-0.003505594674368455,"breast,cancer,cancers,cells,characterization,novel,survival"
GSE51415,0.11839677487608649,-0.005370873429146007,"carcinoma,cell,cells,performed,rnaseq,sequencing"
GSE37703,0.11823075846789789,-0.0073952455274698065,"cell,cells,illumina,individual,lung,progression,rnaseq,samples,sequencing,splicing"
GSE80045,0.11793002509841173,-0.011069579333085609,"characterization,lncrna,lncrnas,long,noncoding,rnas,splicing,tissue,u2af65"
GSE77415,0.11789408780836329,-0.011509284585429354,"cells,glucose,sequencing,treated"
GSE57049,0.11787966888560097,-0.01168574280267784,"cell,cells,data,functions,lncrna,lncrnas,long,noncoding,patterns,rnas,rnaseq,set,situ,tissue"
GSE75733,0.11783339449931711,-0.012252192769521926,"cells,circular,rnas,rnaseq"
GSE80043,0.11776586565040637,-0.013079220308118427,"characterization,lncrna,lncrnas,long,noncoding,rnas,splicing,tissue,u2af65"
GSE89182,0.11774114374582216,-0.013382108696599197,"act,also,breast,cancer,cell,clear,lung,ncoa3,roles,yap"
GSE55005,0.11756507049558411,-0.015541168143288452,"also,breast,cancer,cell,cells,data,mrna,performed,rnaseq,set,treated"
GSE58557,0.11749314944850707,-0.016424014454438182,"cell,cells,epithelial,gastric,liver,pancreatic,treated"
GSE74698,0.11748024314827415,-0.016582499252697187,"also,benign,cancer,cell,cells,epithelial,novel,poor,primary,prostate,rnaseq,survival,tumor"
GSE80176,0.11732653922469634,-0.01847126854413542,"breast,cell,rnaseq,tumor,tumors"
GSE81493,0.11716251172834483,-0.020489628831674545,"cancer,prostate"
GSE92592,0.11692644281785858,-0.023399424918214,"hiseq,illumina,lung,mrna,sample,samples,sequencing,tissue,truseq"
GSE44718,0.11672614840943885,-0.025872873374389326,"act,cell,cells,epithelial,functions,lung,primary,rnaseq,roles"
GSE98894,0.11669796231089843,-0.026221285924047665,"frozen,neuroendocrine,primary,tumors,tumours"
GSE67240,0.1165323042949565,-0.028270711513198096,"cancer,cell"
GSE95542,0.11648511894399177,-0.028854994626655008,"autophagy,breast,cancer,cell,cells,characteristics,colon,epithelial,individual,novel,primary,prostate,rnaseq"
GSE62118,0.11647286778984933,-0.0290067359735868,"cancer,cell,crizotinib,egfr,lung,nsclc,performed,rnaseq,treated"
GSE62968,0.11643908010433593,-0.029425308976096697,"cancer,cells"
GSE89223,0.11636122198356805,-0.030390303676749993,"adjacent,also,benign,cancer,gata6,matched,novel,prrx2,prostate,regulatory,rnaseq,samples,tissue,tumor,validated"
GSE45732,0.11628312567747742,-0.031358899379792755,"also,breast,cancer,cell,cells,data,growth,integrated,novel,patterns,poor,roles,tumorigenesis,tumors"
GSE72273,0.1162101087228979,-0.03226508662440471,"cell,data,kras,lncrnas,long,mirna,noncoding,novel,primary,rnas,rnaseq,roles,sequencing"
GSE66135,0.11604171496467039,-0.03435713377068867,"also,cell,individual,mrna,noncoding,novel,performed,regulatory,rnas,rnaseq,sequencing,translation"
GSE93999,0.11587458500117617,-0.036436484047428254,"a549,cell,cells,data,epithelial,lung,rnaseq,sequencing"
GSE114069,0.11584681678024131,-0.03678225335937624,"array,cancer,cell,cells,data,medullary,mrna,novel,rnaseq,sequencing,thyroid,tumors"
GSE80372,0.11580416098813884,-0.03731356387677449,"cancer,cancers,cell,cells,data,growth,novel,regulates,splicing,survival,tumor,yap"
GSE77958,0.11578689296866834,-0.03752870591854675,"cells,facilitates,huh7,rnaseq,sequencing"
GSE93748,0.1157086134354125,-0.03850439223306703,"cancer,cancers,cell,cells,emt,knockdown,performed,prostate,rnaseq,tissues"
GSE60997,0.11553743562673094,-0.04064027668864182,"breast,cancer,cell,cells,noncoding,primary,stroma,tumors"
GSE100327,0.11535808299404587,-0.04288156060209118,"cancer,cell,progression"
GSE58375,0.11533850506470932,-0.04312642752335943,"carcinoma,carcinomas,cell,rnaseq,tumor"
GSE78502,0.11513710919524905,-0.045647760611128345,"cancer,cell,cells,epithelial,renal,sequencing,specifying,stages,tumor,tumorigenesis"
GSE102188,0.11506727937125318,-0.04652301016221003,"liver,performed,tissue"
GSE69125,0.11482333550259281,-0.049584785797183346,"breast,cancer,cells,knockdown,rnaseq,sequencing"
GSE57325,0.11482257400048657,-0.04959435370383306,"cancer,cells,colon,knockdown,regulator,rnaseq,splicing"
GSE81301,0.11468174288499124,-0.05136492063858023,"cancer,cell"
GSE101528,0.11465063790010177,-0.05175627407561781,"breast,cancer,cell,cells,data,ovarian,suppressive,tumor"
GSE108111,0.1146153229812184,-0.05220072434245658,"cancer,cell,circrna,circrnas,circular,landscape,patterns,rnas,sequencing,tissue,tissues"
GSE59020,0.11460562243474232,-0.052322832994245984,"cancer,cell,cells,epithelial,prostate,rnaseq"
GSE122953,0.1145478000966792,-0.05305090418100991,"breast,cancer,cancers,cell,cells,emt,knockdown,novel,prognosis,rnaseq,tissues,tumor"
GSE62077,0.11446555517174345,-0.054087126285219216,"adenocarcinoma,autophagy,cancers,cell,cells,ductal,growth,pancreatic,regulatory,rnaseq,samples,survival,tumor"
GSE57243,0.11443639115065105,-0.05445474909931962,"breast,cancer,cisregulatory,emt,novel,regulator,sequencing,splicing,tumor"
GSE75792,0.1143674053621588,-0.05532471244330504,"also,cells,long,noncoding,rnas,sequencing"
GSE80450,0.11435944049587922,-0.05542518926354369,"cancer,growth,novel,progression,prostate,rnaseq"
GSE101966,0.11435163141322635,-0.055523707666938225,"cancer,cells,colorectal,growth,knockdown,ovarian,predictive,swisnf"
GSE101974,0.11429374008630727,-0.05625426723605275,"cancer,cells,colorectal,growth,knockdown,ovarian,predictive,swisnf"
GSE91061,0.11416812681960813,-0.057840717155703256,"cancer,cell,lung,tumor"
GSE83559,0.11416593244651772,-0.057868446800467106,"also,breast,cancer,carcinoma,cells,evs,novel"
GSE71960,0.11405079603170441,-0.05932413981541221,"breast,cancer,cells,sequencing"
GSE62789,0.11400736287109241,-0.05987365583785238,"breast,cancer,cell,data,mrna,patterns,sequencing"
GSE75369,0.11396626355803582,-0.06039383684915436,"breast,cancer,cell,cells,performed,rnaseq"
GSE89152,0.11377997375490301,-0.06275400260433055,"breast,cancer,cell,cells,emt,epithelial,mcf10a,snail"
GSE99381,0.1136799647230337,-0.06402264397111221,"cancer,growth,neuroendocrine,prostate,survival,tumor,tumors"
GSE53300,0.11336869450900494,-0.06797834471836847,"breast,cancer,cell,cells,knockdown,poor,regulator,tumor"
GSE71777,0.11334263241717846,-0.06831004098876375,"brd4,cell,cells,data,facilitates,ibet,novel,poor,primary,regulates,rnaseq,treated"
GSE76268,0.11316635574538998,-0.07055554597837096,"cell,cells,cisregulatory,functions,glucose,landscape,novel,patterns,performed,regulatory,rnaseq,sequencing"
GSE74718,0.11304064197829636,-0.07215909183552373,"also,breast,cancer,cancers,noncoding,regulatory,set"
GSE98273,0.11298813472361965,-0.07282937779115083,"breast,cancer,cells,emt,rnaseq,roles"
GSE81147,0.11291588118738917,-0.07375224604154976,"brd4,cell,cells,data,facilitates,ibet,novel,poor,primary,regulates,rnaseq,treated"
GSE70503,0.11284098727265772,-0.07470946239626483,"also,cell,data,liver,rnaseq,samples,splicing,tissue,tissues"
GSE80388,0.11278799836454251,-0.07538709551285669,"cancer,gastric,rnaseq,tissues"
GSE106261,0.11277011524593746,-0.075615860385627,"a549,cell,samples,treated"
GSE74251,0.11266349304159569,-0.07698054897923018,"cells,performed,rnaseq,treated,yb5"
GSE81955,0.11244371004289565,-0.0797976951096453,"also,cell,cells,mcf10a,mrna,performed,rnaseq,tgfbeta,treated"
GSE59531,0.11242676776694852,-0.08001508725266579,"also,breast,cancer,cancers,cells,data,integrated,long,noncoding,patterns,rnas,roles,sequencing,treated"
GSE36242,0.11237794679281411,-0.08064170914998925,"cell,cells,characterization,data,hepg2,rnaseq,sequencing,splicing"
GSE82329,0.11231528823895857,-0.08144633673254292,"cancer,cancers,carcinoma,cell,cells,novel,ovarian,panel"
GSE86562,0.11208204677763957,-0.08444544918395404,"cancer,colorectal,frozen,illumina,kras,poor,predictive,rnaseq,rnaseqtrna,samples,tissues,translation,validated"
GSE86563,0.11204781633879905,-0.08488612303312325,"cancer,colorectal,frozen,illumina,kras,poor,predictive,rnaseq,rnaseqtrna,samples,tissues,translation,validated"
GSE86564,0.11204102951753203,-0.08497351081318795,"cancer,colorectal,frozen,illumina,kras,poor,predictive,rnaseq,rnaseqtrna,samples,tissues,translation,validated"
GSE102910,0.11190246862743343,-0.08675879269162232,"also,carcinoma,cell,cells,growth,hepatocellular,mrna,stabilizes,stabilizing"
GSE70462,0.11189911993020966,-0.08680196619105683,"also,carcinoma,cell,data,rnaseq,tumors"
GSE89226,0.11183776721164805,-0.08759319258347895,"cancer,cancers,cell,cells,characteristics,epithelial,prostate,rnaseq,survival,tumor,tumors"
GSE103763,0.1117773535012415,-0.08837273345037522,"cell,cells,circrnamirnagene,circrnas,circular,progression,regulatory,rnas,rnaseq,roles"
GSE95299,0.11148220784082137,-0.09218717638953054,"breast,cancer,cell,cells,novel,regulatory"
GSE73784,0.1113135322129104,-0.09437166643715235,"cancer,long,regulatory,rnaseq"
GSE59765,0.11126328222213049,-0.09502308571385117,"cells,egfr,epithelial,rnaseq"
GSE57961,0.11120240780177765,-0.09581262972436838,"cancer,cell,cells,colorectal,data,ht29,novel,predictive,tissues,tumor"
GSE102893,0.11119799768953931,-0.09586984587056015,"also,facilitates,functions,knockdown,lncrnas,long,noncoding,rnas,translation"
GSE54879,0.11117492065788216,-0.0961692808871722,"cell,cells,noncoding,novel,pancreatic,stage"
GSE54505,0.11114756750739789,-0.09652428100507425,"breast,cancer,carcinomas,cells,emt,epithelial,growth,matched,metastases,novel,primary,regulates,rnaseq,roles,stages,tumor,tumors"
GSE90444,0.11111978544345169,-0.09688493717483958,"also,autophagy,brd4,carcinoma,cell,knockdown,survival"
GSE45419,0.11103845576999484,-0.09794124659801635,"breast,cancer,her2,integrated,landscape,performed,tumors"
GSE92574,0.11097863391851175,-0.09871870648347983,"cancer,cell,cells,lncap,prostate,rnaseq,survival,tumors"
GSE102762,0.1109737679864821,-0.09878196379405034,"cancer,carcinoma,cell,cells,functions,growth,lung,novel,primary,rnaseq,tumorigenesis,tumors"
GSE75070,0.11095007530145706,-0.099090009282218,"breast,cancer,cells,functions,lncrnas,novel,performed,promoter,rnaseq,roles,tumor"
GSE80609,0.11087134064221016,-0.10011416744772812,"also,benign,cancer,data,matched,paired,pairs,performed,primary,progression,prostate,rnaseq,sample,samples,set"
GSE48230,0.11086144626785015,-0.10024292210805857,"cancer,epithelial,novel"
GSE78918,0.11077002218584618,-0.10143315992154596,"adjacent,breast,cancer,cancers,composed,data,ductal,her2,heterogeneity,individual,novel,chaos,sequencing,set,tissue,tissues,tumor,tumors"
GSE44618,0.11064571725606304,-0.10305304588854274,"cell,cells,individual,patterns,performed,rnaseq,tissues"
GSE53470,0.11049975816171088,-0.10495744381279068,"cancer,cell,cells,functions,knockdown,mrna,prostate,regulates,rnaseq,set"
GSE85011,0.11036744101165738,-0.10668602388043508,"cell,cells,data,growth,knockdown,lncrna,lncrnas,long,noncoding,rnas,roles"
GSE76860,0.11028007922531438,-0.10782844707531951,"cancer,carcinoma,cell,cells,characterization,novel,performed,rnaseq,sequencing,tissues,tumor"
GSE63452,0.11025826709894454,-0.10811382371999005,"breast,cancer,cell,cells,change,data,mcf10a,set"
GSE93636,0.11016285334484335,-0.10936282343648629,"also,breast,cancer,cell,cells,samples,tumour,tumours"
GSE80722,0.11009243730927966,-0.11028528816790058,"breast,cancer,data,her2,heterogeneity,metastases,performed,sequencing,tumor"
GSE67295,0.11007977131417482,-0.11045127794890044,"also,breast,cancer,cells"
GSE69360,0.11000698304841308,-0.1114055495876657,"cancer,cells,hiseq,rnaseq,samples,sequencing,tissue,tissues"
GSE73579,0.10997654390880056,-0.11180480126487619,"biliary,cell,cells,characteristics,illumina,liver,rnaseq,surrounding"
GSE97266,0.1098057801232679,-0.11404665685731775,"array,knockdown,lung"
GSE89569,0.10975129044689363,-0.11476275301668662,"also,cell,nsclc,rnaseq"
GSE51428,0.10971123045037703,-0.1152894430293423,"breast,cancer,cells,sequencing"
GSE104552,0.10969611275613751,-0.11548825335378092,"cancer,cells"
GSE96642,0.10969196427091339,-0.11554281419538959,"also,cell,cells,epithelial,lung,primary"
GSE71401,0.10960897009161008,-0.11663478671222274,"also,breast,cancer,cell,cells,growth,novel,regulator,rnaseq,tumor,tumors"
GSE84706,0.10951855063617971,-0.11782539669968248,"cell,kras,mrna"
GSE86316,0.10947303849729098,-0.11842505569371206,"breast,cancer,cells,mrna,performed,rnas,rnaseq"
GSE79477,0.10940709449954167,-0.11929436329239841,"cancer,carcinoma,cell,cells,growth,mrna,treated,tumor"
GSE72631,0.10938112954803234,-0.11963679037793616,"also,cancer,cells,colon,colorectal,noncoding"
GSE74450,0.10933897436995617,-0.12019290813777549,"also,cells,characterization,facilitates,novel,renal"
GSE104736,0.10932118130774515,-0.12042770137288641,"cancer,cell,cells,progression,sequencing"
GSE85870,0.10918929575120648,-0.12216922575239351,"cancer,cancers,carcinoma,cell,long,mrna,poor,renal,tumors"
GSE80389,0.10912469420911763,-0.12302304485159642,"cancer,gastric,rnaseq,tissues"
GSE57872,0.10905833497053008,-0.12390062133166813,"cell,cells,heterogeneity,individual,primary,rnaseq,tumors"
GSE53499,0.10899003884916517,-0.1248043701384229,"cancers,long,noncoding,rnas"
GSE90519,0.1089758562311903,-0.12499211687412677,"breast,cancer,cancers,cell,cells,growth,heterogeneity,knockdown,performed,poor,primary,prognosis,sirna,splicing,survival,translation"
GSE53586,0.10888014697205953,-0.12625973658961032,"cell,cells,colonic,epithelial,facilitates,ht29,noncoding,panel,primary,rnas,sequencing,validated"
GSE94479,0.10884045293958501,-0.12678579048126426,"breast,cancer,cell,cells,landscape,novel,regulator,rnas,rnaseq,stages"
GSE64471,0.10877960263723009,-0.1275925950884893,"cancer,cancers,cells,colon,epithelial,sequencing,tumor"
GSE86855,0.10851436828542112,-0.131114574759113,"breast,cancer,cancers,cell,novel,set,survival"
GSE83611,0.1084761144386845,-0.13162324808764553,"adjacent,breast,cancer,primary,tissues"
GSE93206,0.10839735266358261,-0.13267113309511064,cancer
GSE108140,0.10837614938449168,-0.13295336192292956,"cancer,cell,colorectal,data,knockdown,mrna,novel,sample,samples,sequencing,splicing,sw480,tumor,validated"
GSE45202,0.10834855163634226,-0.1333207878270609,"breast,cancer,cancers,cells,growth,regulatory,rnaseq"
GSE43785,0.10831542006428552,-0.13376201259277065,"adjacent,cancer,cell,cells,growth,nonmalignant,novel,paired,prostate,rnaseq,roles,survival,tissues,tumors"
GSE85294,0.1080938984018225,-0.1367155666982242,"adjacent,cells,lncrna,lncrnas,long,noncoding,novel,rnas"
GSE92772,0.10802896740214829,-0.13758244058220595,"cells,data,glucose,lncrnas,noncoding,rnas,sequencing"
GSE95513,0.10799127145633944,-0.13808594668811017,"cancer,cancers,cell,cells,colorectal,panel,performed,rnaseq"
GSE111520,0.10798058632111508,-0.13822870039473306,"cancer,cells,data,gastric,mrna,sequencing,treated,tumorigenesis"
GSE83322,0.10796539235336863,-0.13843171655729336,"liver,mrna,samples,sequencing,tissue,tissues"
GSE49295,0.10790198811693952,-0.13927920893802093,"also,cancer,cell,cells,growth,promoter,prostate,tumor"
GSE72932,0.10783567600332283,-0.1401661023867716,"brd4,cells,epithelial,functions,regulates,rnaseq"
GSE22917,0.10777621901548812,-0.140961775590814,"breast,cancer,cell,cells,data,invasive,primary,stat3,survival,treated,tumors"
GSE97647,0.10772427114200218,-0.14165731870405482,"breast,cancer,cell,cells,glucose,growth,knockdown,metastases,novel,survival,tissue"
GSE80551,0.10769163746178126,-0.14209443079374212,"cancer,cell,cells,data,heterogeneity,mrna,novel,performed,prostate,rnaseq,sample,sequencing,validated"
GSE78285,0.10765238658026073,-0.1426203525415054,"breast,cancer,cell,cells,growth,rnaseq"
GSE102097,0.10760675348728306,-0.14323203052093847,"ccrcc,cells,hif2a,knockdown,sirna,stabilizes,vhl"
GSE96716,0.10746831241272133,-0.14508931954209467,"cancer,cell,cells,h1933,rnaseq,translation"
GSE87581,0.10742618958468776,-0.14565490307564904,"endometrial,rnaseq,tumors"
GSE56625,0.10736180625853796,-0.14651980716649057,"cell,cells,change,egf,epithelial,heterogeneity,performed,renal,sequencing,treated"
GSE66261,0.10710938672677554,-0.14991573712587983,"also,cell,cells,functions,lncrna,lncrnas,long,noncoding,rnas,rnaseq,sequencing,sirna"
GSE102246,0.10695539533268286,-0.15199139531478975,"cells,long,lung,neuroendocrine,pancreatic,performed,progression,sequencing,treated,tumor,tumors"
GSE44875,0.1066287311859915,-0.15640443030590226,"also,cell,data,facilitates,lncrna,lncrnas,long,noncoding,novel,pancreatic,patterns,promoter,rnas,set"
GSE75962,0.10638011552211034,-0.15977214722266683,"cancer,cell,colorectal,performed,rnaseq,treated"
GSE100751,0.10616420613064805,-0.16270322073304005,"cancer,cell,rnaseq"
GSE61220,0.10587756991246847,-0.16660366818362904,"a549,also,cancer,cell,cells,change,data,emt,epithelial,experiment,growth,lung,performed,primary,rnaseq,sequencing"
GSE79577,0.10587519985163499,-0.166635963156819,"cell,cells,characterization,fto,mrna,performed,rnas,rnaseq"
GSE66158,0.10575561005317462,-0.1682664594689746,"autophagy,breast,cancer,cells,growth,tumor,tumors"
GSE68248,0.10575051254616608,-0.1683360002273523,"cancer,cell,p53,performed,rnaseq,sirna,tumor,tumors"
GSE109028,0.10574684456759305,-0.168386041273445,"cancer,cell,cells,characterization,gastric,hiseq,illumina,knockdown,performed,rnaseq,sequencing,set,sirna,yap"
GSE70767,0.10560664485820385,-0.17030004284196928,"ccrcc,cells,tumor,vhl"
GSE46490,0.10546715054163304,-0.17220693789416455,"cell,cells,mrna,ovarian,sequencing"
GSE83547,0.10541561454869822,-0.1729120758686468,"cancer,cell,cells,growth,neuroendocrine,novel,prostate,survival,tumor,tumors"
GSE73471,0.10539619659306164,-0.17317785024085666,"brd4,cells,data,noncoding,regulates,regulator,rnaseq,splicing,tumor"
GSE70620,0.10539581372592087,-0.17318309105168692,"cell,cells,regulatory,rnaseq,sequencing"
GSE102185,0.10508958082850042,-0.17738101647184584,"cell,nsclc"
GSE55193,0.10488618255198633,-0.18017602263741356,"also,cancer,cells,epithelial,glucose,invasive,tumor"
GSE81417,0.10484462416439345,-0.18074776582966057,"cell,mrna,nsclc"
GSE109708,0.1048205029653614,-0.18107971931046857,"cancer,data,prostate,rnaseq,sequencing,tumors"
GSE81698,0.10469496214139265,-0.18280863364862857,"cancer,cells,data,novel,ovarian,tumor"
GSE74941,0.10448981970471552,-0.1856382665534206,"breast,cancer,cancers,cell,growth,knockdown,novel,performed,rnaseq,treated,tumors"
GSE97979,0.1044852723614175,-0.18570105326700884,"cancer,cell,survival,tumor"
GSE63496,0.10410300871731086,-0.19098889089823187,"cell,cells,data,rnas,rnaseq"
GSE76877,0.10402373130842436,-0.19208796284038085,"cells,data,epithelial,illumina,kras,long,normalized,pairs,rnaseq,samples,validated"
GSE48286,0.1039727759710514,-0.19279483061395064,"cells,mrna,rnaseq,samples,sequencing"
GSE58111,0.10393774008424696,-0.19328105999362202,"breast,cancer,cell,cells,knockdown,mrna,rnaseq,translation"
GSE28040,0.1038057717716495,-0.19511399382676878,"breast,cancer,cell,cells,characterization,data,primary,rnaseq,samples,sequencing,set,stage"
GSE63356,0.10379653289627154,-0.19524240164691609,"cancer,cell,cells,illumina,lung,mrna,rnaseq,samples,sequencing"
GSE80386,0.10364113138122355,-0.19740398631215755,"cells,epithelial,knockdown,lung,mrna,regulates,regulator,rnaseq,translation"
GSE93813,0.103586895014486,-0.19815915963958475,"cancer,cell,mrna,progression,regulates,regulatory,splicing,tumor,tumors"
GSE66173,0.1034490517027199,-0.20008023561544733,"cancer,cells,growth,knockdown,ovarian,performed,sequencing"
GSE95375,0.10341877241124384,-0.20050257083508063,"brd4,breast,cancer,cell,cells,growth,performed,rnaseq,set,treated"
GSE75489,0.10340685655724415,-0.2006688069401326,"cells,emt,epithelial,kd,knockdown,performed,regulatory,rnaseq,splicing,triplicates"
GSE51005,0.10336265013912056,-0.20128569075625274,"cancer,prostate,rnaseq,sequencing,survival,treated"
GSE71139,0.1032067989524279,-0.20346264168302355,"breast,cancer,cells,illumina,knockdown,mrna,performed,rnaseq,sample,sequencing,sirna"
GSE78213,0.10313402780571793,-0.2044802452128772,"brd4,cancer,cancers,cells,prostate,tumorigenesis,tumors"
GSE56512,0.10310337913915185,-0.20490903919594017,"also,cancer,cancers,cell,data,novel,performed,prostate,rnaseq,sequencing"
GSE87701,0.10299189266948273,-0.20646988036609362,"breast,cancer,cells,illumina,sequencing"
GSE86518,0.10294823703701016,-0.20708153158247594,"cancer,cell,cells,data,egfr,growth,mrna,novel,regulatory,tumour"
GSE58379,0.10289657896805345,-0.2078056386347366,"breast,cancer,cells,data,splicing"
GSE50177,0.10289405312349148,-0.20784105349679083,"also,cancer,lncrnas,long,noncoding,rnas,rnaseq"
GSE52530,0.10276688876241985,-0.20962514934691792,"cell,huh7,mirna,rnaseq"
GSE101419,0.10271566786573406,-0.21034439419554732,"cancer,cancers,cell,growth,performed,predictive,survival,tumor,tumors"
GSE69599,0.10269174677229118,-0.21068041753822492,"also,cancer,cell,cells,change,lung,nsclc,progression,tissues,treated,tumor"
GSE72141,0.10261894612417365,-0.2117035414382303,"breast,cancer,cancers,cell,cells,data,epithelial,gata3,poor,prognosis,regulates"
GSE73570,0.1025320058475391,-0.21292633189820578,"characterization,circrna,circrnas,circular,mrna,rnas,samples,tissue"
GSE66755,0.10249667714552403,-0.21342351641852325,"also,array,functions,long,noncoding,rnas,rnaseq"
GSE84896,0.10234871047832009,-0.2155077304356946,"breast,cancer,cell,cells,data,her2,rnaseq,stages,tumor"
GSE74516,0.10227468636653136,-0.21655154287639453,"cancer,cancers,cell,cells,knockdown,novel,performed,poor,prognosis,rnaseq,survival,tumor,tumors"
GSE63582,0.10225229467553551,-0.216867436471668,"brd4,breast,cancer,cell,cells,epithelial,rnaseq,tumor"
GSE44801,0.10224506080799207,-0.21696950395132847,"cells,data,egfr,knockdown,mirna,mrna,novel,performed,primary,procedure,rnas,sequencing"
GSE61474,0.1020881785744244,-0.2191848387204416,"long,noncoding,rnas,rnaseq,sequencing,tissues"
GSE83277,0.10205428925995971,-0.21966383700908906,"breast,cancer,cells,knockdown,sequencing"
GSE75487,0.10200063899495417,-0.22042246581272848,"also,cancer,emt,epithelial,regulatory,splicing"
GSE89926,0.10195288175177514,-0.22109810150568346,"also,cell,cells,characterization,evs,landscape,novel,rnas,sequencing"
GSE81162,0.1017784341311692,-0.22356875534267998,"also,array,breast,cancer,cancers,cell,cells,functions,poor,predictive,regulator,samples,survival,translation,treated,tumor,tumors"
GSE69114,0.10176802288679018,-0.22371634082137842,"also,breast,cancer,cancers,cell,cells,heterogeneity,integrated,performed,rnaseq,tumors"
GSE103449,0.1017619724872955,-0.22380211571006653,"cancer,cancers,data,prostate,tumors"
GSE57931,0.10168753550366441,-0.22485780636270714,"breast,cancer,cells,mcf10a"
GSE42326,0.10166141273734047,-0.2252284715268316,"characteristics,functions,rnas"
GSE55259,0.1015700818786463,-0.22652514639543103,"long,noncoding,paired,rnas,rnaseq,samples"
GSE93594,0.10156298753975065,-0.2266259174572438,"cell,cells,mrna,regulator,rnaseq,splicing"
GSE43666,0.10152816212187799,-0.22712069488341868,"data,functions,long,rnas,sequencing"
GSE63609,0.10151797393397749,-0.22726547427649207,"cancer,cells,rnaseq,samples,treated"
GSE62820,0.10140697510862304,-0.22884376685815933,"also,cells,data,epithelial,her2,illumina,long,normalized,pairs,rnaseq,samples,validated"
GSE93807,0.10129442187698053,-0.2304459265692399,"cancer,cells,nfkb,ovarian,rnaseq,treated"
GSE90772,0.10129436132677591,-0.23044678896130866,"cancer,cell,primary,promoter,prostate,rnaseq,tissue"
GSE100925,0.10119891420943622,-0.23180684492056566,"breast,invasive,rnaseq,tumors"
GSE71009,0.1011616474663973,-0.23233821867773335,"breast,cancer,cell,cells,data,modulates,mrna,normalized,splicing"
GSE97388,0.10100019448618254,-0.23464258493364304,"cell,cells,ovarian"
GSE78512,0.10095545241101854,-0.23528182599479644,"also,breast,cancer,cell,cells,data,illumina,integrated,lncrna,lncrnas,long,noncoding,novel,p53,primary,rnas,rnaseq,sequencing,treated,tumours"
GSE84814,0.10090849126348633,-0.23595307628990256,"glucose,stages"
GSE78725,0.10079348312869046,-0.23759829254733467,"cell,epithelial,rnaseq"
GSE66357,0.10074341875554482,-0.2383150607785901,"cell,cells,heterogeneity,individual,rnaseq,sequencing"
GSE94783,0.10060116661784793,-0.24035362056779297,"cancer,cell,cells,characterization,data,modulates,prostate"
GSE48403,0.10050227724680696,-0.2417724646607118,"cancer,cell,growth,pairs,performed,poor,prognosis,progression,prostate,tumours"
GSE60939,0.10033415183796193,-0.2441879004594109,"cancer,colorectal,growth,predictive,progression,set,treated,tumor,tumorigenesis,tumors"
GSE113185,0.10025939720675749,-0.2452631906791455,"cell,cells,data,epithelial,immunohistochemistry,lung,novel,performed,primary,rnaseq,sequencing"
GSE36866,0.10016613601833664,-0.2466058086738472,"data,paired,primary,rnaseq,sample,samples,sequencing,stage,stages,tissues,tumor"
GSE86602,0.1001206903695755,-0.24726051187530387,"cells,experiment,huh7,knockdown"
GSE42006,0.09984913136818607,-0.25117887377653975,"a549,cells,performed,sequencing,translation"
GSE81814,0.09984273627627425,-0.2512712778138117,"also,breast,cancer,cell,cells,panel"
GSE53292,0.09980132332279688,-0.2518698056496741,"cell,cells,growth,liver,mrna,samples,sequencing,stage"
GSE87626,0.09968286275985089,-0.2535832496087985,"also,autophagy,cancer,cell,cells,sequencing"
GSE29098,0.09966877757677091,-0.25378711674306437,"cancer,data,sequencing"
GSE81601,0.09966251599357391,-0.2538777553464426,"cancer,cell,cells,lncrna,lncrnas,long,noncoding,novel,progression,regulates,regulator,rnas,rnaseq"
GSE85083,0.09964153438478078,-0.2541815129771588,"cells,noncoding,novel,rnas,rnaseq,sirna"
GSE43925,0.09959355664006399,-0.2548763429426821,"glucose,novel,rnaseq,treated"
GSE78853,0.09953051924094826,-0.2557897809157701,"also,cell,cells,change,liver,primary,sequencing"
GSE64025,0.09943114272831872,-0.2572309632265217,"cancer,cell,knockdown,prostate,rnaseq"
GSE85082,0.09935415659832582,-0.25834842527112123,"cells,noncoding,novel,rnas,rnaseq"
GSE71577,0.09931838839816588,-0.25886789921806946,"brd4,cells,novel,rnaseq"
GSE79724,0.0993035251012025,-0.25908381904768507,"cell,illumina,knockdown,pancreatic,regulator,rnaseq,truseq"
GSE99867,0.09927231793684917,-0.2595372722062829,"cancer,cell,functions,lncrnas,long,modulates,modulatory,noncoding,regulatory,rnas,samples"
GSE81148,0.09915541494704612,-0.2612371896595119,"brd4,cell,cells,data,facilitates,novel,poor,primary,regulates,rnaseq"
GSE82289,0.09913995931069357,-0.26146208416396766,brd4
GSE82207,0.09911366475016443,-0.26184477610697626,"colon,sequencing"
GSE38790,0.0991083052866165,-0.26192279038039773,"also,breast,cancer,cancers,cell,cells,heterogeneity,integrated,performed,tumors"
GSE84863,0.09910703022105082,-0.26194135131327156,"also,breast,cancer,cell,cells,doxorubicin,mrna,performed,sequencing,treated"
GSE38541,0.09902888708427054,-0.26307932491534075,"cells,lncrnas,long,noncoding,patterns,rnas,splicing,tissues,treated"
GSE69667,0.09899285679770377,-0.26360432500175857,"emt,sequencing,tgfbeta"
GSE109463,0.09887067330878942,-0.26538609383855355,"also,carcinoma,cell,hepatocellular,hepg2,sequencing"
GSE100408,0.09885883279398436,-0.26555887788427274,"ml792,cancer,cell,cells,functions,novel,progression,roles,tumors"
GSE62408,0.09882456441368513,-0.26605905972564664,"biliary,cell,cells,lncrna,lncrnas,long,noncoding,primary,rnas"
GSE102860,0.09872775782367116,-0.26747298791374213,"hiseq,illumina,lung,mrna,primary,rnaseq,sample,sequencing,treated,truseq"
GSE89930,0.09867085863124782,-0.2683046876134401,"cells,mirna,mrna,performed,rnaseq,sequencing"
GSE40050,0.09855331539504238,-0.2700243456105301,"act,cancer,data,growth,progression,prostate,set,tissues,tumor"
GSE56331,0.09840585575609885,-0.27218458347445107,"cancer,cells,experiment,knockdown,prostate,regulatory,tumor"
GSE85402,0.09834814695732752,-0.27303088087163035,"act,cell,cells,epithelial,lung,rnaseq,roles"
GSE83724,0.09829306442670341,-0.27383912747762074,"brd4,cancer,cell,cells,cisregulatory,growth,landscape,primary,promoter,rnaseq,tumors"
GSE97679,0.09825125239758983,-0.2744529534985032,"also,cancer,cancers,cell,cells,clear,rnaseq"
GSE64550,0.09822369478004905,-0.27485765892274816,"cells,data,knockdown,novel,survival,tumor,yap"
GSE44384,0.09819252864048773,-0.27531549519088416,"noncoding,novel,rnas,rnaseq,sequencing"
GSE101927,0.09817949132317558,-0.2755070588674595,"also,breast,cancer,change,her2,panel,performed,rnaseq,set,tumors"
GSE102560,0.0981558851420514,-0.2758539807642612,"cells,hepg2,rnaseq,swisnf"
GSE38447,0.09802634246006106,-0.2777592564290135,"also,cancer,cell,cells,gata3,hepg2,novel,patterns,performed,regulatory,rnaseq,tissues"
GSE54074,0.09799044467510852,-0.27828767603700555,"caco2,cell,cells,epithelial,sequencing"
GSE93672,0.09796747967243714,-0.27862582511395645,"cell,cells,functions,individual,mirna,mrna,noncoding,rnas,sequencing,splicing,translation"
GSE82236,0.09794389838337013,-0.2789731312203875,"cancer,cells,change,colon,kras,novel,rnaseq"
GSE46613,0.09792978412474769,-0.27918104655331966,"cancer,cell,cells,individual,lung,mrna,rnaseq,translation"
GSE51975,0.09786030814465478,-0.28020492528983987,"cancer,cell,novel,progression,roles,stat3"
GSE46514,0.09772015795974597,-0.28227255520588934,"carcinomas,cells,functions,noncoding,rnas,translation"
GSE66430,0.09761246142682284,-0.28386341361142187,"liver,patterns,performed,sample,samples,sequencing,tissues"
GSE40665,0.09760198830818557,-0.28401821277055805,"also,breast,cancer,cell,cells,characteristics,data,growth,hiseq,illumina,mrna,performed,procedure,promoter,sequencing"
GSE86239,0.09758777289569742,-0.28422835191935997,"act,carcinomas,cell,data,functions,novel,roles,suppressive,tumor,tumors"
GSE83139,0.09752265031592092,-0.2851914170886712,"also,cell,cells,pancreatic,rnaseq"
GSE70390,0.09749252811649026,-0.2856370967371398,"also,cell,data,lncrna,lncrnas,long,mrna,noncoding,primary,rnas,rnaseq,splicing,tissues"
GSE92316,0.09745783206195159,-0.28615062055216656,"breast,cancer,cells,hiseq,illumina,sample,sequencing,truseq"
GSE37752,0.097405872864459,-0.286919991927467,"cancer,data,performed,prostate"
GSE57344,0.097402684120309,-0.28696722173547423,"novel,patterns,rnaseq,samples,sequencing,set"
GSE66182,0.09737466368066776,-0.2873823105540582,"also,breast,cancer,cancers,cell,cells,data,splicing,survival,tumors,u2af1"
GSE75042,0.09732134670525924,-0.2881724668370493,"cancer,cell,cells,novel,progression,regulatory,suppressive,tumor,tumors"
GSE74029,0.09731503468169524,-0.28826603952918506,"cancer,cells,rnaseq"
GSE72483,0.09728293025396968,-0.28874206608070374,"also,cancer,cell,growth,ncoa1,ncoa3,prostate,tumor,tumors"
GSE103242,0.09726371149442561,-0.2890271063047578,"breast,cancer,cells,hiseq,illumina,sample,sequencing,truseq"
GSE51403,0.09723074286271471,-0.2895162069537915,"also,cell,experiment,primary,rnaseq,sequencing"
GSE54968,0.09721413747869989,-0.28976261616946664,"cells,characterization,functions,lncrna,lncrnas,long,noncoding,novel,rnas,rnaseq"
GSE90874,0.09716186651613379,-0.2905385459009619,"cells,circrnas,kd,rnas"
GSE106092,0.09710078561540256,-0.29144578272198784,"cell,cells,change,data,mrna,performed,rnas,rnaseq,sequencing"
GSE102639,0.09687021530386615,-0.2948756026448104,"a549,cell,cells,performed,sequencing,treated"
GSE42485,0.09671218630481448,-0.2972310616328007,"cells,knockdown,patterns,performed,rnaseq,sequencing,splicing"
GSE59535,0.09651907023754472,-0.3001147326320996,"also,breast,cancer,cell,cells,functions,long,modulates,survival,translation"
GSE54392,0.09651522826903829,-0.3001721606534936,"also,breast,cancer,cell,cells,clear,emt,tumor"
GSE92939,0.09647924321848331,-0.30071016004988343,"cells,egf,knockdown,patterns,performed,sequencing,splicing"
GSE87456,0.09646172535238644,-0.30097213591536764,"cancer,cells,mrna,sequencing"
GSE93330,0.09640592876301371,-0.3018068789457788,"cells,lung,novel"
GSE84829,0.09634655096513921,-0.30269572932386984,"cancer,cells,ovarian"
GSE52463,0.09631874385291948,-0.30311217363697013,"also,data,hiseq,illumina,lung,performed,progression,rnaseq,samples,sequencing,set,splicing,tissue"
GSE93620,0.0962860614282537,-0.3036017852266007,"cells,epithelial,ht29mtx,samples,treated"
GSE47997,0.09627045206354702,-0.3038356859417177,"cell,cells,change,data,knockdown,mrna,patterns,primary,regulatory,rnaseq,splicing"
GSE82147,0.09625161239150044,-0.30411804216511745,"enteral,growth,pairs,resection,samples"
GSE57488,0.0960936933418084,-0.3064870012637038,"cell,cells,glucose"
GSE81252,0.09595873480645456,-0.30851461469829516,"cell,cells,epithelial,heterogeneity,liver,progression,regulates,rnaseq,tissues"
GSE108495,0.09595050716004144,-0.3086383188468191,"cancer,cell,cells,data,growth,progression,regulator,stat3,survival"
GSE58740,0.09585103985982817,-0.3101346675034631,"lung,p53,rnaseq"
GSE84325,0.0958417178804181,-0.31027498343021287,"cell,cells,pancreatic,rnaseq,sequencing,treated"
GSE44385,0.09583589941401963,-0.3103625708359803,"noncoding,novel,rnas,sequencing"
GSE58008,0.09572975102538478,-0.3119613936855234,"breast,cancer,set,sirna"
GSE79657,0.09572332994931304,-0.31205816574646056,"cancer,carcinoma,cell,cells,characterization,integrated,rnaseq,tumor,tumorigenesis,validated"
GSE75146,0.0957203721111353,-0.3121027455203074,"breast,cancer,cell,cells,modulates,mrna"
GSE86538,0.09564324891126524,-0.3132656129809001,"also,breast,cancer,cell,cells,patterns,performed,rnaseq"
GSE92661,0.09551944095787274,-0.31513435782309207,"also,cell,cells,change,data,epithelial,lung,mrna,rnaseq,translation"
GSE53370,0.09551300268132447,-0.315231602767193,"breast,cancer,mcf10a"
GSE95860,0.09548725748418911,-0.3156205286087249,"cells,data,epithelial,individual,lung,sequencing"
GSE84293,0.09536854527503914,-0.31741523995670823,"cancers,carcinoma,cell,data,integrated,matched,performed,rnaseq,samples,stage"
GSE80716,0.09534165102078727,-0.317822142243512,"cancer,cell,cells,growth,p53,regulator,sequencing,sirna,tumor"
GSE93280,0.09520766938061036,-0.319850957453149,"act,cells,functions,knockdown,lncrnas,long,noncoding,performed,primary,rnas,rnaseq"
GSE55030,0.09513266762441311,-0.32098791737479826,"also,cancer,cells,cyclin,knockdown,mrna,noncoding,promoter,prostate,rnas,rnaseq,survival,tissues"
GSE71520,0.09505418024580506,-0.3221786764581574,"cells,tpa,novel,p53,patterns,promoter,rnaseq,tumor"
GSE71519,0.09505195887387503,-0.3222123919634261,"cells,tpa,novel,p53,patterns,promoter,rnaseq,tumor"
GSE84405,0.09501396919256658,-0.32278911316870573,"cancers,cells,growth,novel,ovarian,p53,regulator,survival,swisnf,tumors"
GSE63764,0.09496508889563497,-0.32353150408532755,"cancer,gastric,lncrna,novel,performed,rnaseq,tumorigenesis"
GSE67770,0.09483699160108662,-0.32547885217731365,"cell,splicing,tumor"
GSE101167,0.09481906931915957,-0.32575151825725945,"cancer,cell,cells,mrna,survival"
GSE102616,0.09477959473766553,-0.326352258606025,"also,breast,cancer,cell,cells,knockdown,performed,promoter,prostate,rnaseq,sequencing,sirna,tumors"
GSE83635,0.09467896678973975,-0.32788478850521224,"cells,p53,p53set,rnaseq,sample,set,sirna"
GSE59822,0.09466808017869748,-0.32805068557127726,"cells,clear,data,epithelial,noncoding,patterns,regulates,regulatory,rnas,rnaseq,tissues"
GSE99209,0.09455237887922559,-0.3298149949129505,"a549,cell,cells,epithelial,lung"
GSE30554,0.09454740728481956,-0.3298908542752696,"cell,classification,data,individual,integrated,noncoding,pairs,rnas,rnaseq,sequencing,tissue,tissues"
GSE81593,0.09441481900407958,-0.33191543336975055,"also,cell,cells,emt,epithelial,invasive,mcf10a,p53,p53del,rnaseq,sequencing"
GSE74220,0.09435606059568895,-0.33281356413349095,"cells,change,hiseq,illumina,lncrnas,long,noncoding,primary,rnas,sequencing"
GSE68799,0.09430455319994961,-0.33360132226438544,"carcinoma,rnaseq"
GSE61626,0.09427720870373227,-0.33401970598258396,"cells,epithelial,primary,rnaseq"
GSE64082,0.09424597312831992,-0.33449777355731036,"cancer,cells,knockdown,prostate"
GSE100075,0.09422871051558884,-0.33476204974940216,"breast,cancer,cell,rnaseq"
GSE102305,0.09417580019224632,-0.33557236435193516,"cancer,cells,lncap,lncrna,lncrnas,love,prostate,rnaseq,treated"
GSE104873,0.0940608119009048,-0.3373349657552338,"frozen,liver,performed,samples,sequencing"
GSE89950,0.09392169440405655,-0.339470315085229,"cells,lncrnas,long,noncoding,performed,regulatory,rnas,roles"
GSE77308,0.09385185614747789,-0.3405434727347518,"breast,cancer,cell,cells,functions,growth,novel,regulator,tumor,tumorigenesis,tumors"
GSE54641,0.0938317603713215,-0.3408524190056323,"cells,data,paired,rnaseq,samples,sequencing"
GSE87169,0.09381921825034858,-0.34104527124535633,"breast,cancer,cells,sequencing"
GSE52834,0.09379785574167739,-0.34137380835339565,"cell,hiseq,illumina,knockdown,long,performed,rnas,rnaseq,sirna,splicing"
GSE24491,0.0937829412656373,-0.34160322459438747,"breast,cancer,cell,cells,data,epithelial,samples,sequencing,tissue,tissues"
GSE59317,0.0937730613430419,-0.3417552188270186,"also,breast,cell,cells,emt,epithelial,growth,mcf10a,nonmalignant,performed,rnaseq,roles,tissue,tumours"
GSE62930,0.09372640825914375,-0.3424731533823944,"cell,cells,characterization,knockdown,novel,pairs,progression,regulatory,rnas"
GSE58326,0.0936805466808847,-0.3431792560226472,"breast,cancer,cell,cells,cisregulatory,data,functions,gata3,regulatory,survival,tumorigenesis,tumors"
GSE90718,0.09364950934941221,-0.3436573149690478,"cell,cells,hiseq,atac,illumina,landscape,patterns,performed,rnaseq,sample,sequencing"
GSE76151,0.09358668984154825,-0.34462539054693975,"a549,cells,illumina,rnaseq"
GSE101157,0.09353456435890042,-0.3454291600341255,"cancer,cell,cells,survival"
GSE89049,0.09345940345144668,-0.34658892230412214,"also,cell,cells,clear,epithelial,growth,lung,novel,tissue,tissues"
GSE57078,0.09339635588111089,-0.34756249058845273,"cancer,cell,cells,knockdown,novel,prostate,pxn,regulates,rnaseq"
GSE100258,0.09335947991772008,-0.3481322266823829,"cell,performed,rnaseq"
GSE81485,0.09335662718321872,-0.3481763109982172,"cancers,cell,functions,progression,sequencing,splicing,translation"
GSE99909,0.09333858892865854,-0.3484550937225228,"also,cells,experiment,frozen,mrna,p53,patterns,primary,sample,samples,sequencing,tissue,tissues,translation"
GSE100092,0.09331393459647429,-0.34883621563090916,"breast,cancer,cells,emt,novel,regulator"
GSE76487,0.09328694405677808,-0.34925356755682957,"breast,cancer,cells"
GSE106338,0.09326829455177908,-0.3495420134741609,"cancers,cell,cells,gastric,rnaseq,samples,set,surrounding,tissues"
GSE55215,0.09325876218197504,-0.34968946985820526,"cells,knockdown,patterns,performed,sequencing,splicing"
GSE85227,0.09311308009087643,-0.3519449057718907,"cell,rnaseq"
GSE59621,0.09299086386353117,-0.3538397691123204,"cells,rnas,roles"
GSE57530,0.09294107436885554,-0.3546124288227148,"cell,illumina,rnaseq,tissue"
GSE82032,0.09292494800189101,-0.3548627750603854,"breast,cancer,cell,experiment,samples,treated"
GSE55903,0.09284642341551076,-0.35608241441860644,"cancer,cell,cells,growth,performed,prostate,regulatory"
GSE35178,0.0928165755693706,-0.3565462800268756,"cancer,data,pairs,rnaseq,sample,tissues"
GSE59251,0.09279962230329247,-0.35680981729621,"breast,cancer,cells,data,experiment,novel,sequencing,treated"
GSE53419,0.09253705717921096,-0.3608975311464985,"also,noncoding,rnas,rnaseq,sequencing,splicing"
GSE60391,0.09253296979518424,-0.3609612567401336,"cells,knockdown,mrna,rnaseq,samples"
GSE77639,0.09253024420401151,-0.3610037524558805,"cells,performed,rnas,rnaseq,sample"
GSE73678,0.09248106727953329,-0.361770703472798,"cells,mirna,noncoding,primary,rnas,rnaseq,splicing"
GSE80358,0.09247096910081107,-0.3619282426128276,"breast,cancer,cells,poor,survival,translation,treated,tumors"
GSE77638,0.09238722998660182,-0.36323529865532894,"cells,performed,rnas,rnaseq,sample"
GSE69896,0.09238475378381214,-0.3632739669145772,"cancer,cell,growth,progression,prostate,tumors"
GSE104193,0.09235044344029295,-0.36380986222591233,"breast,cancer,cells,epithelial,hiseq,long,mcf10a,mrna,nonmalignant,performed,rnaseq,sample,treated,truseq"
GSE68378,0.09220955739757411,-0.3660124590369077,"cancer,cell,cells,epithelial,lung,primary,tissues"
GSE63570,0.09213277962617751,-0.367214211366162,"cells,data,rnaseq,sequencing"
GSE56066,0.09209762197392493,-0.36776484547138344,"breast,cancer,cells,data,knockdown,rnaseq,sirna,treated"
GSE84465,0.09206553862024722,-0.3682675138179176,"cells,heterogeneity,rnaseq,tumor,tumors"
GSE81201,0.0920184257958508,-0.3690059750936575,"sequencing,tumor"
GSE104766,0.09199120162873271,-0.36943286766150724,"also,cell,cells,growth,immunohistochemistry,liver,matched,performed,prognosis,samples,sequencing,stage,subgroup,survival,tumor,tumors"
GSE65885,0.09197401708955985,-0.3697023974094616,"cell,cells,epithelial,mcf10a,primary,sequencing"
GSE87720,0.09191861180755347,-0.3705717408789389,"cell,cells,growth,paired,pairs,performed,rnaseq,suppressive,tissue"
GSE78138,0.09181618849740074,-0.3721802071759028,"also,array,cancer,cell,cells,data,growth,progression,rnaseq,tumor"
GSE49834,0.09175761229912571,-0.3731009005784138,"cell,cells,sequencing,tissues"
GSE75061,0.09175151778501921,-0.3731967271487569,"regulator,renal,rnaseq"
GSE101756,0.0917484115931241,-0.3732455695396914,"cell,cells,performed,poor,rnaseq"
GSE75859,0.0916985935102608,-0.37402914518672675,"cancer,cell,cells,heterogeneity,progression,promoter,sequencing,survival,tumor,tumors"
GSE100338,0.09164815025742751,-0.3748229878375381,"integrated,linc00473,linc00890,lncrnaatb,lncrnas,matched,paired,pairs,samples,sequencing"
GSE103559,0.09164637661448712,-0.37485090821157385,"also,cell,cells,data,growth,primary,rnaseq,splicing,tumor"
GSE99385,0.0915192798046245,-0.3768530517390768,"cancer,cell,cells,change,functions,growth,progression,surrounding"
GSE74324,0.0914844013788539,-0.3774029743655193,"adjacent,also,brd4,cells,landscape,rnaseq,tumor"
GSE62920,0.09143992318681841,-0.3781045592257531,"also,cancer,cell,cells,data,knockdown,mrna,primary,regulates,rnaseq,roles,set,sirna,splicing,u2af1,u2af2"
GSE41279,0.09141684167302686,-0.3784687741968063,"cells,noncoding,rnaseq"
GSE80411,0.09130458652378617,-0.38024141760373203,"cancer,tumors"
GSE99987,0.09129997388472429,-0.380314303313558,"facilitates,performed,sequencing"
GSE71797,0.09121239819904021,-0.3816988123820991,"benign,cancer,cell,cells,data,lncap,prostate,rnaseq,tumor"
GSE97323,0.09117476432054959,-0.38229418554201167,"cells,ilf2,performed,rnaseq,sequencing,splicing"
GSE81796,0.09114861267967568,-0.3827080528527142,"cancer,cells,prostate,treated"
GSE107542,0.09100331394841149,-0.3850096678549042,"breast,cancer,data,emt,progression,regulates,splicing,survival,tumor"
GSE79968,0.09088222182637473,-0.38693064556233947,"cancer,carcinoma,cell,cells,growth,knockdown,performed,tumor"
GSE85271,0.09086402311752179,-0.3872195669329964,"cell,cells,growth,hiseq,illumina,mrna,samples,sequencing,treated,tumors"
GSE115575,0.09086218257491933,-0.3872487904748084,"cell,characterization,data,functions,novel,paired,performed,rnas,rnaseq,sample"
GSE108883,0.09081745904580815,-0.38795907825815595,"breast,cancer,cells,rnaseq,treated"
GSE109373,0.09080823731989725,-0.38810557887472885,"breast,cancers,cells,novel,p53,prognosis,survival,tumor,tumors"
GSE96649,0.09079138255016733,-0.3883733800165142,"a549,cell,epithelial,integrated,lung,performed,rnaseq"
GSE83652,0.0907634309374296,-0.3888176056762535,"also,cancer,cancers,cells,data,landscape,primary,prostate,rnaseq,tissue,tumour,tumours"
GSE83649,0.09075396994294271,-0.3889679970962965,"also,cancer,cancers,cells,data,landscape,primary,prostate,rnaseq,tissue,tumour,tumours"
GSE63608,0.09068646464206577,-0.3900415126831091,"breast,cancer,cells,invasive,rnaseq,sirna"
GSE92456,0.09067922785132196,-0.3901566445140531,"brd4,cells,treated"
GSE94395,0.09064281870288629,-0.39073602578175126,"cell,cells,liver,p53,renal,tissue"
GSE87831,0.0906154668826489,-0.39117143027195483,"cell,functions,nucleoporinmediated,regulatory,specifying"
GSE99819,0.0905850349699464,-0.39165602020967105,"act,characterization,functions,lncrna,lncrnas,long,noncoding,novel,promoter,rnas,rnaseq,roles"
GSE72536,0.0905082771826178,-0.3928790149679408,"cancer,cancers,carcinoma,cell,cells,individual,performed,prognosis,rnaseq,tumour,tumours"
GSE85088,0.09048594148603707,-0.3932350882071019,"breast,cancer,cells,data,modulates,rnaseq,sequencing,treated"
GSE63979,0.09046546726122162,-0.3935615632861062,"data,lncrnas,long,noncoding,patterns,rnas,rnaseq"
GSE84085,0.09033802099073235,-0.3955954414445943,"cell,cells,data,epithelial,facilitates,performed,primary,rnaseq,sample,samples,sequencing,set"
GSE62074,0.09029489365582606,-0.3962843479320975,"breast,cancer,cell,cells,her2,treated"
GSE51124,0.09024595221355093,-0.39706652636328665,"array,breast,characteristics,data,matched,pairs,panel,performed,rnas,rnaseq,samples,sequencing,set,tumor,tumors"
GSE52077,0.09017482946671292,-0.3982039611811279,"also,breast,cancer,cell,data,emt,epithelial,invasive,mirna,ovarian,roles,survival,tumour"
GSE89134,0.09016788513333093,-0.39831506692066,"cell,cells,mrna,rnaseq,treated"
GSE43335,0.09013498369079595,-0.3988415893084592,"classification,data,long,noncoding,rnas,rnaseq,sequencing,tissue"
GSE58963,0.09009278464160857,-0.3995171828717455,"adenocarcinoma,change,immunohistochemistry,matched,mrna,novel,performed,progression,samples,sequencing,tissue,validated"
GSE84432,0.09008077173325768,-0.39970956363703497,"also,cancer,cells,data,egf,integrated,novel,prostate,sequencing"
GSE77460,0.09007535515745299,-0.3997963158023846,"cancer,cell,cells,epithelial,prostate"
GSE100574,0.09007238260614467,-0.39984392655881057,"also,cell,cells,epithelial,lung,rnaseq,roles"
GSE85671,0.09005692341024796,-0.4000915587271048,"also,change,data,epithelial,landscape,samples,sequencing,tumors"
GSE87554,0.09004972917998298,-0.40020681355176047,"cell,cells,functions,performed,regulates,sirna,yap"
GSE35704,0.09004500754334764,-0.4002824613123136,"also,cancer,cancers,cell,functions,patterns,progression,rnaseq,sequencing,stage,stages,tert,tumorigenesis,tumors"
GSE89888,0.08988012702128742,-0.402926587478191,"cell,cells,performed,rnaseq,sequencing"
GSE94384,0.0898762417645314,-0.40298895234117993,"cell,cells,data,mrna,primary,regulatory,rnas,rnaseq,sequencing,translation"
GSE96048,0.08985585079033681,-0.4033163057598987,"cell,cells,ruxolitinib,data,knockdown,primary,stat3,survival,treated,tumor,tumors"
GSE71284,0.08984514308886674,-0.40348823522444976,"cell,cells,data,functions,knockdown,lncrna,lncrnas,long,noncoding,regulator,rnas,rnaseq"
GSE80563,0.08977507433740695,-0.4046138083567886,"cell,change,data,mrna,performed,rnaseq,sequencing"
GSE103021,0.08975878010275715,-0.4048756822152003,"a549,also,cancers,cells,data,kras,rnaseq,treated"
GSE80306,0.08963424818410687,-0.406878676557222,"cell,cells,rnaseq,stage"
GSE85541,0.08951996029840378,-0.4087193543699367,"cancer,cell,cells,prostate,tumor,tumors"
GSE84930,0.08947372657673472,-0.4094646450404812,"rnaseq,tissue"
GSE75491,0.08944857500813808,-0.40987025175582686,"cells,emt,kd,knockdown,performed,regulatory,rnaseq,splicing,triplicates"
GSE66719,0.08940885455095908,-0.41051103595671024,"cell,knockdown,rnaseq,splicing"
GSE48603,0.08933806167811942,-0.4116537972873193,"caco2,cells,experiment,mrna,performed,rnaseq"
GSE64795,0.08932677709347737,-0.41183604035691435,"also,cell,cells,huh7,lncrnas,long,noncoding,regulates,rnas,rnaseq,treated"
GSE54401,0.08930412292125292,-0.4122019687835885,"lncrnas,noncoding,rnas,rnaseq"
GSE67543,0.08928029495873023,-0.4125869573954514,"cell,cells,clear,mrna,novel,pancreatic,patterns,sequencing"
GSE73060,0.08927746157396509,-0.4126327432546526,"act,also,cell,cells,clear,epithelial,mrna,patterns,performed,rnaseq,splicing"
GSE72468,0.08925348758375344,-0.41302020724517896,"cell,cells,data,egfr,growth,integrated,landscape,regulatory,samples,tumor,tumorigenesis"
GSE94849,0.08919879437784117,-0.4139045402281281,"cell,paired,performed,sequencing"
GSE62520,0.08907056046173967,-0.41598007886356614,"autophagy,caco2,cell,cells,colon,colonic,epithelial,ht29,regulates,survival,tissues"
GSE75652,0.08906357199500944,-0.4160932770043293,"cell,cells,epithelial,growth,regulates,sequencing"
GSE54460,0.0890629059711497,-0.41610406562296187,"cancer,cell,composed,panel,performed,prostate,rnaseq,samples,set,tissues,tumors,validated"
GSE74270,0.08905853726459739,-0.4161748343205974,"data,rnaseq,sequencing"
GSE89367,0.08903363126019122,-0.4165783531229909,"breast,carcinoma,cells,regulates,regulator,regulatory,rnaseq1,splicing,survival"
GSE89368,0.08903363126019122,-0.4165783531229909,"breast,carcinoma,cells,regulates,regulator,regulatory,rnaseq2,splicing,survival"
GSE47933,0.08899733317650364,-0.4171666447858617,"cell,clear,data,epithelial,illumina,noncoding,novel,rnas,rnaseq,samples,sequencing"
GSE94043,0.08898713330322695,-0.41733199973959595,"cell,performed,rnaseq"
GSE75664,0.08898450199894288,-0.4173746601291071,"breast,cancer,cancers,cell,cells,rnaseq,treated"
GSE65235,0.08898377353598816,-0.4173864706598222,"cell,lncrnas,long,noncoding,rnas"
GSE33281,0.0889269851623736,-0.4183074751946319,"brd4,cells,primary,regulates,sequencing"
GSE93705,0.08890875161515682,-0.4186033150378075,"cell,cells,data,facilitates,performed,primary,rnaseq,sample,samples,sequencing,set,vasculature"
GSE82333,0.08888835729379979,-0.41893428539602856,"benign,cancer,cell,cells,facilitates,growth,novel,rnaseq,swisnf,tumor,tumorigenesis"
GSE53554,0.08885438142106798,-0.41948583336981893,"cell,cells,experiment,rnas"
GSE47058,0.08884394554527017,-0.419655286695972,"carcinoma,carcinomas,cell,cells,characterization,novel,survival"
GSE43984,0.08876626580001556,-0.42091724330931235,"cells,liver,primary,rnaseq"
GSE85324,0.08875239721273605,-0.4211426634628155,"circrnas,patterns,performed"
GSE89779,0.08867800286270307,-0.42235247154651046,"cell,cells,characteristics,data,growth,invasive,regulatory,resection,tissue,tumor"
GSE92322,0.08866824038449167,-0.4225113052343148,"circrna,samples,sequencing"
GSE69506,0.08866359592417848,-0.42258687587072674,"cells,rnaseq,sequencing"
GSE71710,0.08864021258877061,-0.4229674094025319,"cells,characteristics,mirna,mrna,novel,rnas,sequencing"
GSE52036,0.08862423278908081,-0.42322751771449674,"also,breast,cancer,cells,knockdown,novel,rnaseq,tumor"
GSE97404,0.08861402839340317,-0.42339364246608774,"cell,experiment,promoter"
GSE90813,0.08848411823325011,-0.42551021772111497,"cell,cells,heterogeneity,lung,rnaseq"
GSE85008,0.08845176687652363,-0.42603778896429695,"cells,fto,knockdown,mrna,performed,rnaseq,sequencing"
GSE78522,0.08844281798283463,-0.42618375753159765,"cell,cells,follicular,sequencing"
GSE66993,0.08842107815900609,-0.42653842501172634,"also,cell,cells,functions,growth,lncrnas,long,mrna,noncoding,regulatory,rnas,roles,sequencing,tumor"
GSE57433,0.08841735898338192,-0.4265991090611523,"also,data,individual,noncoding,primary,ptc,rnas,samples,sequencing"
GSE56022,0.08835254068056561,-0.42765712910190373,"breast,cancer,cells,data,poor,prognosis,regulates,tumors"
GSE56076,0.08834326845591521,-0.42780854177658806,"noncoding,rnas,sequencing"
GSE59598,0.08832743066181224,-0.4280672050092155,"cell,cells,data,kd,knockdown,mrna,performed,rnaseq,sequencing,validated"
GSE72202,0.08824289723882532,-0.4294485918016648,"cancer,cells,progression,regulatory,rnaseq,sequencing,tumor,tumors"
GSE56361,0.08822920557180663,-0.4296724560820173,"cancer,cells,sample,thyroid"
GSE79872,0.08818176795932056,-0.43044834897082057,"cell,lncrtn4r1,lncrnas,long,noncoding,novel,primary,rnas,roles,samples,sequencing,treated,tumorigenesis"
GSE49159,0.08811159631019096,-0.4315968470549796,"cell,cells,mrna,performed,sequencing,tgfbeta,treated"
GSE51878,0.08810854227932736,-0.43164685308967377,"cell,cells,characterization,knockdown,lncrna,lncrnas,long,mrna,noncoding,novel,rnaseq,sequencing,situ,validated"
GSE83577,0.08808432633459376,-0.43204342105377397,"cell,cells,performed,rnaseq,sequencing"
GSE52687,0.088079689762707,-0.43211936345583185,"also,breast,cancer,cancers,knockdown,novel,poor,rnaseq,set,tumor"
GSE60171,0.08805763320636456,-0.43248068250036226,"also,brd4,cell,integrated,performed,regulates,rnaseq"
GSE77408,0.08801664106006511,-0.43315243500363354,"also,cancer,cancers,cell,cells,emt,invasive,knockdown,panel,regulator,regulatory"
GSE79804,0.08797702324863478,-0.4338019631701317,"cell,cells,functions,lncrna,lncrnas,long,modulates,mrna,noncoding"
GSE63721,0.08795244211608609,-0.43420511426463065,"breast,cancers,cell,treated"
GSE34329,0.08792852789768159,-0.4345974355545214,"cancer,cell,nfkb,regulates,rnaseq"
GSE94687,0.08792569811577884,-0.4346438661966595,"cells,data,facilitates,patterns,regulatory,sample,sequencing"
GSE101968,0.08792009647220338,-0.4347357815413376,"enteric,samples"
GSE52745,0.08789908344717726,-0.43508062886866,"cell,cells,data,hiseq,illumina,paired,splicing"
GSE59536,0.08787040278282289,-0.4355514438376078,"breast,cancer,cell,cells,functions,growth,mrna,patterns,rnaseq"
GSE63091,0.08785244314339029,-0.43584634325946975,"kd,knockdown,splicing,y14"
GSE48423,0.08780481115782512,-0.43662875821090696,"breast,cancer,cell,functions,growth,prognosis,regulates,tumor,tumour"
GSE39305,0.08778944954693893,-0.4368811824053331,"carcinoma,cell,cells,egfr,growth,knockdown,sequencing,survival,treated,validated"
GSE74729,0.08777715223763943,-0.43708328539065416,"mrna,normalized,novel,rnas,rnaseq,sample,samples,sequencing,tissue,tumor,tumors"
GSE83592,0.08777114764761758,-0.4371819795079557,"cell,growth,sequencing,survival,tissues,tumor"
GSE100027,0.08771493771111387,-0.4381061986476119,"breast,cancer,cell,cells,clear,primary,promoter,regulator,rnaseq,tissue"
GSE89442,0.08769432640447285,-0.43844524379627087,"also,cancer,cell,cells,composed,novel,rnaseq,sequencing,set"
GSE108308,0.08767368338609846,-0.4387848904674149,"breast,cancer,cell,cells,poor,rnaseq"
GSE100206,0.08763527835480271,-0.4394169944800302,"cells,circrna,hiseq,illumina,lncrna,mrna,rnas,rnaseq,sequencing,treated"
GSE75189,0.0876231310880079,-0.43961698261924714,"cancer,cell,cells,data,kras"
GSE71812,0.08761925992555812,-0.43968072184167345,"cells,mrna,performed,rnaseq,sequencing"
GSE57503,0.08760173681998563,-0.4399692774150833,"rnaseq,sequencing"
GSE43126,0.08757875024375686,-0.4403478883012437,"cells,facilitates,rnaseq,sequencing,treated"
GSE96637,0.08756619515048913,-0.44055472465367723,"cell,cells,knockdown,rnaseq"
GSE85297,0.08752346565580377,-0.44125888537935587,"cancer,cells,primary"
GSE99317,0.08749129310076376,-0.4417892999165247,"cell,cells,enteric,novel,neurondependent"
GSE98734,0.08744402482610264,-0.4425689447351095,"cell,cells,samples,sequencing,tissue"
GSE76367,0.08741573610103606,-0.44303574171008275,"cancer,cells,mrna,translation"
GSE26140,0.0873644801872978,-0.44388190904248004,"cell,cells,characterization,epithelial,patterns,primary,sequencing"
GSE94724,0.08734743224207453,-0.44416345808818647,"sequencing,tissue,tissues"
GSE56887,0.0872193285787259,-0.446280866375298,"cancer,cancers,translation"
GSE117632,0.0870594097445525,-0.4489285120488889,"cancer,cell,functions,novel,regulator,rnaseq,survival,tissues,tumor"
GSE96682,0.08702004989225602,-0.4495809068208438,"cell,cells,characterization,egf,egfr,progression,sequencing,tissues,tumor"
GSE38770,0.08701535432001872,-0.44965875625398855,"cells,facilitates,mrna,patterns,rnaseq,splicing"
GSE77538,0.08699893116720948,-0.4499310741400479,"cancer,cells"
GSE94528,0.08698455144075845,-0.4501695514917657,"cancer,cancers,cells,data,epithelial,modulates,novel,splicing,u2af1"
GSE56235,0.08697948642110308,-0.4502535605643382,"cancer,cell,cells,novel,regulates,sequencing,survival,tumor"
GSE94999,0.08694681206773157,-0.45079561922409744,"cancer,cancers,cells,data,epithelial,modulates,novel,splicing,u2af1"
GSE95131,0.08694283185350529,-0.45086166381648896,"cells,long,noncoding,rnas,stat3"
GSE87585,0.08694089062635436,-0.45089387613336424,"cancer,cells,data"
GSE90566,0.08692533821444696,-0.45115197556695874,"a549,cells,emt,rnaseq"
GSE71261,0.08687905364673877,-0.4519203625699076,"cells,facilitates,rnaseq,sequencing"
GSE93650,0.08685346888531452,-0.4523452802325073,"also,drosha,functions,mirna,novel,primary,rnas,rnaseq,sequencing"
GSE100501,0.0868413155338765,-0.4525471697703775,"cell,cells,characterization,individual,mrna,samples,sequencing"
GSE89124,0.08683958572301938,-0.4525759074096604,"cells,colon,regulates,rnaseq,set,treated"
GSE70285,0.0868394624775304,-0.4525779549295842,"cancer,cell,cells,characteristics,data,pairs,prostate,rnaseq,samples,sequencing,tissues"
GSE89365,0.08683835526904092,-0.45259634949738486,"breast,carcinoma,cells,regulates,regulator,regulatory,splicing,survival"
GSE53450,0.08683471223658686,-0.45265687453942544,"data,performed,prostate,samples,sequencing,tissue"
GSE39776,0.08682901307104456,-0.4527515651013545,"also,cancers,cell,cells,clear,examination,performed,rnaseq,sequencing,set,tissues"
GSE73887,0.08680288067439434,-0.4531858295504165,"also,carcinoma,cell,cells,egfr,growth,rnaseq,survival"
GSE74377,0.08674364066043047,-0.4541707559785578,"cancer,cells,data,emt,functions,mcf10a,performed,regulates,rnaseq,treated"
GSE67070,0.08673884644020399,-0.4542504942606521,"benign,cancer,cancers,cell,cells,epithelial,prostate,sequencing"
GSE102138,0.08665088347053113,-0.4557142920424608,"also,lncrnas,long,noncoding,novel,rnas,sequencing,translation"
GSE89623,0.08663139113207044,-0.4560388665001272,"cancer,cell,cells,data,examination,growth,individual,knockdown,nontumor,patterns,progression,roles,sequencing,set,survival,tumor"
GSE76883,0.08663048985063462,-0.45605387585187296,"regulates,rnaseq"
GSE58596,0.08653410624083789,-0.45765988739666885,"cell,cells,data,follicular,landscape,primary,rnaseq"
GSE66238,0.0864940994661983,-0.45832703384446555,"pairs,rnaseq,tissues"
GSE45785,0.08648658436103916,-0.45845238893859247,"cells,p53,primary,rnaseq,treated"
GSE34491,0.08645423153693316,-0.45899217197591236,"noncoding,regulates,regulator,regulatory,rnas,rnaseq,splicing"
GSE33772,0.08638792725365592,-0.4600990415734148,"cell,cells,circular,rnas,sequencing,splicing"
GSE102467,0.08637996756989941,-0.4602319759510942,"cell,pazopanib,illumina,mrna,tumors"
GSE30567,0.0863761418288791,-0.46029587386611265,"also,cell,cells,data,illumina,long,primary,refer,rnas,rnaseq"
GSE85447,0.08637559379687769,-0.4603050273839956,"cells,lung,samples,treated"
GSE38886,0.08637320097732226,-0.4603449941914178,"array,cell,data,illumina,long,primary,refer,rnas,rnaseq"
GSE96075,0.08627433086008252,-0.46199737163242455,"cancer,cells,regulatory,rnaseq,suppressive,treated"
GSE94270,0.08625111189243122,-0.46238569568658033,"cancer,carcinoma,cell,cells,invasive,knockdown,progression,rnaseq"
GSE83712,0.08624983183296282,-0.46240710699491594,"cells,ilf2,performed,poor,prognosis,regulates,rnaseq,sequencing,splicing,treated"
GSE69420,0.08618658482790778,-0.46346542340397506,"a549,cell,cells,performed,sequencing,treated"
GSE65107,0.08617610233220337,-0.463640902735804,"colon,epithelial,illumina,paired,regulatory,samples,sequencing"
GSE49712,0.08612602932463452,-0.46447943074519077,"array,data,rnaseq,samples,sequencing,set"
GSE77261,0.0861131402550315,-0.4646953513964344,"also,breast,cancer,cell,cells,change,knockdown,progression"
GSE66895,0.08609319658694702,-0.46502951600035,"adjacent,cells,mrna,noncoding,rnaseq"
GSE23109,0.08600358605824256,-0.46653193429161716,"rnas,sequencing"
GSE101547,0.08599807962994933,-0.4666243066156009,"adjacent,cell,data,primary,sequencing,tissue,tumors"
GSE57397,0.08598095639973051,-0.4669115927868999,"cancer,cell,cells,colon,modulates,sequencing"
GSE35871,0.08595402635475216,-0.4673635292344625,"also,cell,cells,change,data,functions,primary,regulatory,rnaseq,splicing"
GSE70330,0.08593591482090807,-0.4676675542399718,"cells,noncoding,rnaseq"
GSE73565,0.08591761075806363,-0.467974876195744,"cell,cells,mrna,novel,regulatory,sequencing"
GSE103997,0.08590053000954974,-0.46826171798260946,"cells,patterns,rnas,splicing"
GSE89672,0.08589012256054393,-0.4684365211498683,"autophagy,cancer,cell,change,data,kdm1alsd1,sirna"
GSE80619,0.08588126359687619,-0.468585332698149,"breast,cancer,poor,survival,translation,treated,tumors"
GSE65335,0.08574554905383638,-0.47086696615629764,"epithelial,sequencing"
GSE76688,0.08573555659802784,-0.4710351020731126,"cancer,landscape,regulatory,sequencing"
GSE53949,0.08570331819367139,-0.47157768830620544,"autophagy,cell,data,functions,gata6,novel,pancreatic,splicing"
GSE107746,0.08568922177269125,-0.47181500128017934,"cell,cells,follicular,landscape,ovarian,patterns,rnaseq,stage,stages,surrounding"
GSE70061,0.08565958159565441,-0.47231412045706334,"performed,rnas,rnaseq"
GSE97033,0.08565895273881591,-0.47232471182297553,"cell,cells,promoter,regulatory,roles"
GSE86387,0.08565674839487826,-0.4723618385550427,"cancer,prostate,rnaseq,survival,tissue,treated,tumor"
GSE94277,0.08562759519439844,-0.472852942146685,"cancer,cells,regulatory,rnaseq,survival,tumor,tumors"
GSE109140,0.08557892044827024,-0.47367327093480505,"cells,glucose,hepg2,novel,patterns,sequencing"
GSE92496,0.08553989965488049,-0.4743312360383137,"data,mrna,noncoding,pairs,performed,predictive,primary,regulatory,rnas,sequencing"
GSE71334,0.08548640067428352,-0.47523381904886564,"also,cells,lncap,mrna,novel,progression,tumor"
GSE67939,0.08547830599329301,-0.4753704338667299,"breast,cancer,cancers,cells,characterization,ctc,prostate,samples,sequencing,tumor"
GSE81781,0.08545400703494771,-0.47578060776912,"also,cancer,cancers,cell,cells,cyclin,novel,patterns,poor,prognosis,promoter,regulates,regulatory,rnaseq"
GSE98183,0.08544271145611272,-0.47597132033208583,"cancer,metastases,nfkb,primary,tumor,tumors"
GSE62678,0.08541863752792798,-0.47637786443633395,"also,cell,cells,functions,mirna,mrna,noncoding,rnas"
GSE71208,0.0854142125396396,-0.4764526030906213,"cancer,cells,prostate,rnaseq"
GSE62679,0.08540759813819128,-0.4765643284509233,"also,cell,cells,functions,mirna,mrna,noncoding,rnas"
GSE41745,0.0853959845478838,-0.4767605171831016,"clear,examination,rnaseq,set,tumor"
GSE65039,0.08536384493326006,-0.4773035917846886,"change,data,functions,illumina,lung,rnaseq,sample,sequencing"
GSE62909,0.085307539553175,-0.47825549705944265,"adenocarcinomas,cells"
GSE94427,0.08526828866509721,-0.4789194488417235,"functions,individual,rnas,set,splicing"
GSE53481,0.08526437610374633,-0.4789856488611358,"cell,cells,data,heterogeneity"
GSE104177,0.08521875619335323,-0.47975775598016923,"breast,cancer,data"
GSE86611,0.085179275530377,-0.4804262913749722,"also,cell,pancreatic,predictive"
GSE68042,0.08516372710413439,-0.4806896616003319,"also,breast,cancer,cancers,cell,cells,novel,survival,tumors"
GSE38100,0.08512732439215773,-0.4813064645665729,"cells,change,examination,knockdown,regulates,rnaseq,roles,set,splicing,u2b,usp49"
GSE87487,0.08512662862956322,-0.48131825604896655,"illumina,liver,mrna,rnaseq"
GSE70810,0.08508848678469566,-0.48196481497797655,"cancer,data,emt,growth,novel,pancreatic,rnaseq,set,stat3"
GSE55405,0.08504243745608492,-0.4827458033837217,"cell,cells,data,rnaseq,tumor"
GSE46513,0.08497320931452283,-0.48392069644725405,"colon,novel,rnas"
GSE73610,0.08495661994224558,-0.48420238219126466,"cell,cells,novel,rnaseq"
GSE94461,0.08495118642236829,-0.48429465472837685,"benign,cell,cells,growth,regulator,renal,tumor"
GSE56343,0.08494949558470985,-0.4843233698939199,"also,cell,cells,epithelial,facilitates,functions,growth,novel,rnaseq,roles,sequencing,tumor"
GSE71382,0.08492640963506681,-0.4847154912512856,"cell,cells,mrna"
GSE61549,0.0849231743926329,-0.4847704512706788,"also,cells,individual,knockdown,lncrna,lncrnas,long,noncoding,performed,regulator,rnas"
GSE78740,0.08488908486387003,-0.48534968854092575,"cell,cells,emt,epithelial,tgfbeta"
GSE51310,0.08486905738506327,-0.48569009689020765,"also,cell,data,integrated,pancreatic,performed,regulatory,rnaseq,tissue"
GSE85917,0.08484023532162373,-0.48618012837556723,"cell,data,rnaseq"
GSE92653,0.08483193044136993,-0.48632135848850927,"egfr,rnaseq"
GSE85761,0.08476090069448419,-0.4875298325601212,"cell,cells,characterization,evs,functions,mrna,sequencing,surrounding,survival,translation"
GSE46228,0.08474784616015685,-0.48775204778289744,"mrna,refer,regulatory,rnas,rnaseq"
GSE41180,0.08474561134658098,-0.4877900923718842,"mrna,performed,rnaseq,sequencing,splicing"
GSE50064,0.08474069914963184,-0.4878737192106493,"cell,mcf10a,noncoding,p53,rnaseq"
GSE55169,0.08473080443114936,-0.48804218483466605,"cells,lncrna,lncrnas,long,promoter,rnas,rnaseq,sequencing,translation,treated"
GSE63703,0.08472938569141283,-0.4880663416443658,"long,novel,rnas,rnaseq,sequencing"
GSE76656,0.08472931836618068,-0.4880674879977396,"cell,cells,classifier,data,p53,regulatory,rnaseq,set"
GSE125966,0.0847253088669746,-0.4881357597790016,"data,rnaseq,samples"
GSE95412,0.0846790023167359,-0.4889244791638524,"cells,knockdown,rnas,rnaseq"
GSE86348,0.08465452047362686,-0.48934164208953107,"also,cell,cells,characteristics,lncrna,lncrnas,long,noncoding,rnas,sirna,tumor"
GSE82143,0.08464676026402802,-0.48947389880801007,"tissues,treated,tumors"
GSE71446,0.08464301203770506,-0.48953778391406955,"cell,cells,functions,growth,liver,modulates,novel,rnaseq,treated,tumorigenesis"
GSE60296,0.08459580137066486,-0.4903426890727741,"cell,cells,mrna,performed"
GSE65193,0.08457561770637637,-0.49068694193384266,"cell,cells,data,growth,primary,regulates,regulator,rnaseq"
GSE87668,0.08455843630220579,-0.4909800529436031,"also,cell,cells,functions,p53,progression,tumor"
GSE52734,0.08454719928621894,-0.4911717862020018,"cells,epithelial,glucose,mrna,performed"
GSE78102,0.08451663234828002,-0.49169346809970627,"cells,performed,rnaseq,treated"
GSE77808,0.08447375767760255,-0.49242552246189636,"also,cancer,cell,cells,functions,mrna,poor,translation"
GSE79920,0.08446224078856474,-0.4926222284201045,"cell,cells,data,mirna,mrna,rnaseq,sequencing"
GSE76647,0.08437738342046046,-0.49407240121015217,"knockdown,primary,rnaseq,sample,stage"
GSE65518,0.08432729311146062,-0.49492910588485084,"cell,heterogeneity,rnaseq"
GSE68102,0.08430089103809318,-0.49538087070482706,"cell,cells,characterization,data,individual,rnaseq"
GSE41359,0.08429493349694947,-0.4954828295177599,"cancer,cells,egf,functions,heterogeneity,mirna,procedure,rnaseq,sequencing,set"
GSE87392,0.08425484620962903,-0.4961690805684709,"cells,liver,performed,rnaseq"
GSE76476,0.08424484975138707,-0.4963402599960275,"cells,integrated,rnaseq,splicing"
GSE84275,0.08423440676060033,-0.49651910754499334,"breast,cancers,cell,epithelial,individual,sequencing"
GSE74102,0.08422365297173608,-0.49670330102212285,"also,cell,cells,follicular,novel,performed,regulatory,rnaseq,suppressive,tumor"
GSE62889,0.08421706971630552,-0.49681607220733087,"cancer,cell,cells,colon,growth,illumina,rnaseq,samples,sequencing,truseq"
GSE80137,0.08420245936048407,-0.49706637914094665,"cancer,cell,cells,patterns,poor,tissues,treated,tumor,tumors"
GSE103299,0.08420108790914131,-0.4970898772926558,"cells,clear,ht29,novel,sequencing"
GSE60560,0.08419880795028692,-0.49712894246328526,"array,cells,change,classification,egfr,normalized,progression,rnaseq,sequencing,tumor"
GSE69284,0.08419743780042802,-0.49715241933354387,"cells,rnaseq,treated"
GSE51254,0.08417289127786652,-0.4975730771396465,"cells,individual,performed,rnaseq,sample,sequencing"
GSE74927,0.08417223367409199,-0.49758434829115356,"also,cancer,cancers,characteristics,characterization,heterogeneity,primary,rnaseq,samples,subgroup,tumor,tumors"
GSE87849,0.08415942461818551,-0.49780390962213417,"cell,cells,heterogeneity,rnaseq,sequencing"
GSE107096,0.08415909621664078,-0.4978095392257885,"cancer,cells,gastric,rnaseq"
GSE63546,0.08413497630199473,-0.4982230734752604,"act,also,array,cell,cells,data,epithelial,landscape,predictive,primary,sequencing,set,tissue"
GSE68482,0.08412603699549417,-0.4983763673716506,"lung,mrna,novel,performed,rnaseq,treated"
GSE80207,0.08408550657614187,-0.4990715995167785,"cell,performed"
GSE104018,0.08405298198514885,-0.4996297473521653,"cell,knockdown,lncrna,long,novel,rnaseq"
GSE35584,0.08405258922215124,-0.49963648879713746,"cell,data,growth,illumina,mrna,refer,rnaseq,sequencing"
GSE59781,0.08404106869612399,-0.4998342429063621,"cell,cells,epithelial,novel,paired,performed,primary,regulator,regulatory,rnaseq,sirna"
GSE100982,0.08403934148818894,-0.4998638934089976,"cells,performed,rnas,rnaseq"
GSE38234,0.08401774199593134,-0.5002347374090396,"breast,cancer,cell,cells,change,endometrial,integrated,performed,rnaseq"
GSE46516,0.08395191130821814,-0.5013655799117968,"cell,cells,data,heterogeneity,illumina,progression,promoter,rnaseq,sequencing,splicing,validated"
GSE74881,0.08391343772417607,-0.502026891495093,"cells,epithelial,rnaseq"
GSE101691,0.08382685526436497,-0.5035162426136044,"also,breast,cancer,cell,cells,growth,mrna,promoter,rnaseq,tumor"
GSE107181,0.08381180927268608,-0.5037752136296121,"also,cell,landscape,lncrna,lncrnas,long,noncoding,novel,rnas,tissue,tissues"
GSE86504,0.0838017747477772,-0.5039479533204386,"cancer,cells,knockdown,performed,progression,regulator,rnaseq,tumorigenesis"
GSE56862,0.08377790758663008,-0.5043588985469747,"adjacent,also,cell,data,mirna,primary,regulatory,rnaseq,sequencing"
GSE87809,0.08372506468267422,-0.5052691653557311,"also,cells,classification,data,endometrial,growth,illumina,mrna,patterns,rnaseq,sequencing,stroma,tissue,tumors,validated"
GSE57862,0.08370353548993781,-0.5056401898967514,"long,patterns,sequencing,splicing"
GSE65545,0.0836902142110309,-0.5058698106931334,"cancer,cells,knockdown,progression,rnaseq,set,tumors"
GSE50174,0.08366661543605296,-0.5062766759035845,"cell,cells,change,characterization,follicular,hiseq,illumina,long,mrna,noncoding,performed,procedure,rnas,sample,sequencing,tissue,validated"
GSE47399,0.0836658318295664,-0.506290187989383,"cells,knockdown,mrna,regulatory,sequencing"
GSE81928,0.08363841987176136,-0.5067629446054057,"cell,liver,samples,tumor"
GSE66809,0.08359163208298634,-0.5075702219076863,"autophagy,cell,integrated,modulates,mrna,regulates,regulator,rnaseq,translation"
GSE80589,0.08358222457279765,-0.5077325938070032,"cells,novel,performed,rnaseq"
GSE89895,0.08357522228406578,-0.5078534638899607,"cells,composed,listed,regulatory,subseries,superseries"
GSE27823,0.08355537636012836,-0.5081960895541203,"cancer,cell,cells,noncoding,progression,prostate,rnas,tumors"
GSE107029,0.08353202727022963,-0.5085992990803149,"cells,gata6,growth,long,noncoding,regulator,regulatory,rnas,sequencing,set"
GSE45428,0.08352945638454935,-0.5086437019425519,"cell,cells,data,illumina,novel,rnaseq,sequencing"
GSE73663,0.08351469791710904,-0.508898628167677,"also,breast,cancer,cells,novel,tissue,tissues,vasculature"
GSE48889,0.08350268789545263,-0.5091061131385406,"experiment,mrna,rnaseq,sample,set,splicing"
GSE74232,0.08343975632366385,-0.5101938062205519,"cell,mcf10a,sequencing"
GSE50499,0.0834310825731403,-0.5103437854135641,"also,facilitates,novel,regulates,rnas,translation"
GSE69637,0.08340897501457258,-0.5107261212357838,"cell,cells,data,lncrnas,novel,primary,rnaseq,tissue,treated"
GSE68180,0.08340028656039185,-0.5108764101304473,"cell,lung,novel,patterns,performed,splicing,tissues"
GSE69842,0.08335047497041864,-0.5117383304636551,"cells,illumina,long,noncoding,rnaseq"
GSE79871,0.0833366848943567,-0.5119770396048942,"cell,lncrtn4r1,lncrnas,long,noncoding,novel,primary,rnas,roles,samples,sequencing,tumorigenesis"
GSE115795,0.08332286489340655,-0.5122163063844689,"cell,cells,data,follicular,novel,patterns,stage"
GSE48035,0.0832471298532179,-0.513528218227861,"also,characteristics,data,hiseq,hiseqs,illumina,novel,rnaseq,samples,sequencing,set"
GSE33092,0.08324526967505036,-0.51356045597355,"cancer,cell,knockdown,lncrna,lncrnas,noncoding,novel,performed,regulates,rnaseq"
GSE69604,0.08323759202438329,-0.513693520824044,"also,cells,characterization,illumina,mrna,rnas,rnaseq,samples,sequencing,sirna,validated"
GSE96975,0.08319042421833141,-0.5145112769114971,"data,integrated,liver,lung,novel,primary,tissues,translation"
GSE74365,0.0831769482727342,-0.514744996776586,"cells,data,epithelial,performed,set"
GSE107898,0.08314149205391212,-0.5153601121148219,"cells,epithelial,primary,rnaseq"
GSE101871,0.08314059683673876,-0.5153756462638713,"functions,mrna,regulates,regulatory,roles,splicing"
GSE82204,0.08311103986633007,-0.5158886240116661,"also,cancer,cell,lncap,prostate,regulatory"
GSE74886,0.08306153001171843,-0.5167483040887008,"cells,performed,rnaseq"
GSE79123,0.08306112637659509,-0.5167553148409176,"cell,cells,rnaseq"
GSE96917,0.08305690916244045,-0.516828565814887,"act,adjacent,also,integrated,rnaseq,splicing,surrounding"
GSE41009,0.08302572134188028,-0.5173703986898908,"cell,cells,individual,lncrna,lncrnas,long,noncoding,pairs,roles"
GSE69239,0.08301637536808945,-0.5175328079863492,"cell,cells,landscape,lncrna,lncrnas,long,noncoding,patterns,regulates,sequencing,stage,stages"
GSE31486,0.08301019212347668,-0.5176402671295253,"rnaseq,splicing"
GSE30772,0.08295610358649518,-0.5185806178977462,"cell,individual,integrated,novel,regulatory,rnas,sequencing,tissues"
GSE83923,0.08293770546132385,-0.518900616386026,"also,novel,patterns,regulatory,splicing,u2af2"
GSE69471,0.0829376414155835,-0.5189017304572094,"cells,illumina,mrna,sample,samples,sequencing,tissues,tumor"
GSE98323,0.08292818610757081,-0.5190662143198406,"cell,cells,imelc"
GSE68230,0.08290591698763711,-0.5194536804499886,"cancer,novel,progression,regulatory,tumor,tumorigenesis"
GSE74457,0.08290335945304737,-0.5194981863129778,"cancer,cell,cells,novel,p53,validated"
GSE70404,0.08288764541961494,-0.5197716698857524,"breast,cancer"
GSE65655,0.08287185821275765,-0.5200464791680228,"cell,cells,tumor"
GSE86333,0.08286481287797766,-0.520169134817949,"cells,performed,rnaseq"
GSE42563,0.08283709747849086,-0.5206517468733287,"cell,cells,mrna,regulates,rnas,rnaseq"
GSE89872,0.08282341597169263,-0.520890044360684,sequencing
GSE96777,0.0827813224573726,-0.5216234546030114,"cancer,cells,regulator,rnaseq,set"
GSE84868,0.08276403510262029,-0.5219247663574396,"cancer,cells,data,prostate,set,sirna,treated"
GSE83479,0.08275208691706672,-0.5221330552886366,"act,cancer,cancers,cell,cells,data,growth,swisnf,treated,tumor"
GSE58123,0.08274837388598398,-0.5221977895075584,"also,cancer,cell,cells,p53,poor,survival,tumor,tumorigenesis,tumors"
GSE79044,0.08272039967980165,-0.5226855945241407,"cell,data,regulatory,rnaseq"
GSE64413,0.08270766520428764,-0.5229077087672293,"cells,data,examination,mrna,primary,regulator,rnas,sequencing,stabilizing"
GSE38393,0.0827060795695958,-0.5229353677421201,"cells,facilitates,hiseq,lncap,sequencing"
GSE98030,0.0826111177009025,-0.5245928000524628,"cell,cells,egfr,performed,sequencing"
GSE93895,0.08260626980812072,-0.5246774646387087,"cell,cells,data,experiment,functions,growth,knockdown,primary,sequencing,sirna,survival,validated"
GSE85050,0.0825836235562879,-0.525073029219001,"cells,mrna,sequencing"
GSE75949,0.08257069814502402,-0.525298847430451,"cell,cells,data,rnaseq,samples,tissue"
GSE85910,0.08252602155049174,-0.5260796588610803,"cell,tgfbeta,treated"
GSE63475,0.08249365144322596,-0.5266456543327372,"also,cells,functions,mirna,novel,promoter,rnas,rnaseq"
GSE86896,0.08249218059731923,-0.526671377536595,"breast,cancer,cells"
GSE48034,0.08248883334190925,-0.5267299184397684,"also,characteristics,data,hiseqs,novel,rnaseq,samples,sequencing,set"
GSE85854,0.08248417432146252,-0.5268114050513164,"cells,rnaseq,splicing"
GSE58207,0.08247325765628676,-0.5270023563597392,"data,mrna,sequencing,translation"
GSE58594,0.08241534563214926,-0.5280157604616621,"progression,splicing,tumor"
GSE77251,0.08235256603721233,-0.5291151470321394,"cells,epithelial,rnas"
GSE71325,0.08234162648151395,-0.5293068045828693,"also,breast,cancer,cell,functions,growth,rnaseq,tumor,tumorigenesis"
GSE71326,0.08232257132517323,-0.5296407056985338,"also,breast,cancer,cell,functions,growth,rnaseq,tumor,tumorigenesis"
GSE71613,0.0822705127639778,-0.5305533154961144,"data,novel,progression,rnaseq,samples,sequencing,splicing,stage,tissue,tissues,validated"
GSE91016,0.08225605763415017,-0.5308068228064647,"cell,cells,experiment,knockdown,lkb1,rnaseq,tumor"
GSE73628,0.08223731930783904,-0.531135513128995,"cells,data,epithelial,illumina,long,normalized,pairs,rnaseq,samples,validated"
GSE48032,0.08221241014861612,-0.5315725624434234,"also,characteristics,data,hiseqs,novel,rnaseq,samples,sequencing,set"
GSE108313,0.08219559697336652,-0.5318676366927054,"cell,cells,refer,sample,samples,set"
GSE73376,0.08218239335428627,-0.5320994048968534,"also,data,drosha,mirna,novel,regulates,rnas"
GSE95351,0.0821817911404639,-0.5321099766755869,"cell,cells,illumina,mrna,noncoding,performed,rnas,rnaseq,sequencing,translation,truseq"
GSE40310,0.08215141911360242,-0.532643253825908,"cell,data,sequencing,tumour"
GSE35296,0.08214630146357647,-0.5327331297936316,"mrna,pancreatic,regulator,rnaseq,splicing"
GSE73277,0.082123564224959,-0.533132507993266,"cell,mrna"
GSE86394,0.08208651636948086,-0.53378348822648,"breast,cancer,cells,knockdown,stages"
GSE43835,0.08206492975640405,-0.534162929292033,"breast,cancer,cells,data,primary,sequencing"
GSE89917,0.08204204479946539,-0.534565301149655,"cancer,growth,primary,progression,prostate,rnaseq,tumors"
GSE72627,0.08203724144222975,-0.5346497698211636,"cancers,carcinoma,cell,paired,patterns,prognosis,samples,sequencing,tissues"
GSE81469,0.08200771199431357,-0.5351691638974401,"cancer,cancers,cell,growth,modulates,performed,translation,tumor,tumorigenesis"
GSE102183,0.08199765368016286,-0.5353461224975865,"cancer,growth,primary,progression,prostate,rnaseq,tumors"
GSE39872,0.08199023536419858,-0.5354766488153905,"act,also,cells,functions,mirna,mrna,regulates,regulatory,rnas,roles,sequencing,splicing"
GSE72821,0.08198449810874638,-0.5355776047348457,"cell,cells,lung,mirna,patterns,primary,rnaseq"
GSE60530,0.08194263584652764,-0.5363144501607251,"cell,change,growth,nfkb,patterns,regulatory,rnaseq,suppressive,tumor"
GSE60191,0.08193958474815088,-0.5363681692826889,"cells,experiment,mrna,rnas,sequencing"
GSE93629,0.08193842209072226,-0.5363886401211976,"cell,growth,knockdown,liver,promoter,rnaseq"
GSE72156,0.08193522997513208,-0.5364448449994611,"cells,rnaseq,splicing,treated"
GSE56623,0.08192314535658597,-0.5366576436341822,"cell,cells,hiseq,illumina,individual,rnaseq,sequencing,treated"
GSE117622,0.08191882261740466,-0.5367337705808799,"also,data,functions,glucose,regulatory"
GSE56192,0.08190111631284704,-0.5370456349124629,"cell,cells,lung,novel,performed"
GSE17403,0.08185966646838384,-0.5377759622266597,"cancer,cell,cells,data,egf,functions,growth,illumina,long,mrna,procedure,regulatory,sequencing,set,survival,treated,validated"
GSE92583,0.08185356643229728,-0.5378834732892596,"adjacent,also,cell,cells,knockdown,landscape,primary,regulatory,rnaseq,tumor,tumors"
GSE53024,0.08183930500639879,-0.5381348573390473,"breast,cancer,cells,emt,epithelial,mrna,rnaseq"
GSE86846,0.08180611259434527,-0.5387201047553639,"splicing,u2af65"
GSE85791,0.08177959244073257,-0.5391878778340402,cancer
GSE67844,0.08175726552672262,-0.5395818065021213,"adjacent,knockdown,lncrna,mirna,noncoding,novel,regulates,rnaseq,roles,sequencing,sirna,treated"
GSE65481,0.08175715339596579,-0.5395837851714993,"cell,performed,rnaseq,stage"
GSE38265,0.08173536948705885,-0.5399682374630539,"cell,cells,mrna,performed,rnaseq,sequencing"
GSE101754,0.08168186601599715,-0.5409129260069703,"cells,knockdown,mrna,performed,rnaseq,sample,samples,sequencing"
GSE79861,0.08168103786983899,-0.5409275531019484,"growth,rnaseq,tumor,usp22,usp51"
GSE103650,0.08166364042533929,-0.5412348689846662,"also,cells,performed,rnas,rnaseq,treated,triplicates"
GSE81063,0.08166215584000219,-0.5412610963651858,"cell,cells,data,epithelial,growth,heterogeneity,novel,roles,tissues"
GSE60890,0.0816519680581925,-0.5414410913584264,"also,cell,cells,data,facilitates,knockdown,long,noncoding,novel,performed,primary,sequencing,tumor"
GSE86857,0.08165043826327262,-0.541468121303597,"rnaseq,splicing"
GSE69822,0.08163878712644956,-0.5416740018484247,"also,breast,cell,cells,change,clear,egf,growth,landscape,mcf10a,mrna,regulates"
GSE89879,0.08161412505911236,-0.5421098880086137,"cell,hiseq,illumina,performed,rnaseq,sample,sequencing,truseq"
GSE79735,0.08156054147696434,-0.5430573974800011,"also,cancer,cell,cells,growth,progression,promoter,regulator,regulatory,rnaseq,tumor"
GSE62731,0.08154597817953124,-0.5433150254042045,"cancer,cancers,individual,pairs,performed,sample,samples,sequencing,tumor,tumors"
GSE67041,0.08153773810459722,-0.5434608145182235,"breast,cancer,cells,change,emt,epithelial,performed,regulator,rnas,sequencing,snail"
GSE89774,0.08153393720334196,-0.5435280676617569,"also,cells,data,landscape,modulates,mrna,roles,splicing,translation"
GSE25842,0.08152309998668865,-0.5437198385784278,"cell,cells,long,rnas,sequencing,translation"
GSE40243,0.08151974077255629,-0.5437792870221394,"cell,cells,performed,regulatory,rnaseq,sequencing,stages"
GSE77085,0.0815160523244964,-0.5438445647826164,"hiseq,illumina,performed,rnas,rnaseq,sample,samples,sequencing,truseq"
GSE112295,0.08150988741087833,-0.5439536773609334,"cells,novel,rnas,rnaseq,translation"
GSE72501,0.08150097723413469,-0.5441113928339762,"cell,cells,rnaseq"
GSE59987,0.0814896608626499,-0.5443117242547109,"emt,knockdown,regulates,rnaseq,sequencing,set"
GSE97949,0.08146599173704135,-0.5447308239279411,"a549,cell,cells"
GSE60119,0.08144271667261818,-0.5451430648765798,"data,facilitates,rnaseq,sequencing"
GSE106292,0.08142247820397663,-0.5455016183233952,"cell,cells,data,performed,samples,sequencing,tissue,tissues"
GSE83083,0.08141723345246794,-0.545594551145714,"cells,data,epithelial,illumina,long,normalized,pairs,rnaseq,samples,validated"
GSE56961,0.08139604133906604,-0.545970119503057,"also,data,noncoding,predictive,regulatory,sample,sequencing,splicing"
GSE90884,0.08135514700222521,-0.546695128749424,"cells,data,mrna,rnas,translation"
GSE96999,0.08133411846053122,-0.5470680823416812,"experiment,sample,sequencing"
GSE89478,0.0813112023758014,-0.5474746224357346,"also,brd4,cancer,cell,cells,growth,primary,tumor"
GSE107654,0.08130636366395125,-0.5475604776820351,"cell,cells,panel,regulatory,rnaseq,sequencing"
GSE80016,0.08130418142001877,-0.5475991998017838,"also,cell,cells,splicing,tissues"
GSE74978,0.08130280253819844,-0.5476236674589016,"cell,mrna,rnaseq,splicing"
GSE87563,0.08128679608873239,-0.5479077253019189,"cancer,cells,data,illumina,performed,prostate,regulator,rnaseq,sample,sequencing,treated"
GSE33600,0.08128608781549514,-0.5479202959380846,"cell,composed,data,illumina,mrna,paired,refer,sequencing"
GSE79782,0.08126714702210755,-0.5482565031977156,"also,cell,patterns,performed,rnaseq,samples,tissue,tissues"
GSE74383,0.081258285791058,-0.5484138207803577,"cell,cells,rnaseq"
GSE103934,0.08124164888556114,-0.5487092298977544,"cell,panel,rnaseq"
GSE58871,0.08122914806518634,-0.5489312374453978,"cell,sequencing,splicing,u2af1"
GSE79928,0.0812191983499841,-0.5491079632184236,"cells,characterization,enteric,mrna,samples,stage"
GSE58168,0.081168996178013,-0.5499999791320485,"also,cancer,cell,cells,growth,kd,novel,treated"
GSE101497,0.0811602084413834,-0.5501561805265945,"cells,mrna,patterns,sequencing"
GSE62212,0.0811535413654429,-0.5502746986116421,"cancer,cell,cells,functions,regulates,regulator,rnaseq"
GSE97358,0.08114727403789355,-0.5503861193997275,"data,integrated,liver,lung,novel,primary,tissues,translation"
GSE70909,0.08113747109720001,-0.5505604137110027,"cell,cells,epithelial,lung,rnaseq,samples,treated"
GSE52975,0.0811167190412382,-0.5509294505705384,"modulates,mrna,rnaseq,roles,translation"
GSE52973,0.0811167190412382,-0.5509294505705384,"modulates,mrna,rnaseq,roles,translation"
GSE49890,0.08111176999353793,-0.551017474155286,"also,data,rnaseq,sample,splicing"
GSE33816,0.08111110536459003,-0.5510292956309573,"cell,cells,change,data,growth,mrna,refer,rnaseq"
GSE35587,0.08105151776661935,-0.5520895490272087,"cell,cells,data,illumina,long,refer,rnaseq,sequencing,treated"
GSE52148,0.08104665838474673,-0.5521760473000207,"cancer,cell,individual,modulates,mrna,novel,regulates,rnaseq,sequencing,survival,tgfbeta,tissue,treated"
GSE106393,0.08101041276529156,-0.5528213924977683,"mrna,translation"
GSE19373,0.08098182639146496,-0.5533305702262743,"regulator,set,splicing"
GSE72986,0.08097441734601091,-0.5534625687574216,"also,cancer,cell,cells,data,epithelial,frozen,illumina,primary,rnaseq,sample,samples,tissue,tissues,truseq"
GSE43586,0.0809651994221767,-0.5536268108778203,"rnas,rnaseq"
GSE85908,0.08095788732358715,-0.5537571088926716,"cell,cells,characterization,cisregulatory,heterogeneity,rnaseq,splicing"
GSE93783,0.08095746057134132,-0.553764713772095,"cell,cells,change,integrated,primary,rnaseq,samples,stages,survival,triplicates"
GSE40705,0.08093188494566698,-0.5542205538833403,"cell,performed,rnaseq,sample,samples,sequencing,set"
GSE42735,0.08092342287563643,-0.5543714069711283,"cancer,cell,cells,colon,knockdown,mrna,performed,sequencing,tumor"
GSE81534,0.08088267392351292,-0.5550980583588795,"noncoding,rnas,rnaseq,tumor"
GSE94372,0.08084311942853886,-0.5558037599504315,"cell,cells,rnaseq,sirna"
GSE98856,0.08084071824322898,-0.5558466112111258,"cell,data,mrna,novel,regulates,splicing"
GSE87320,0.08082821843683419,-0.5560697017949338,"cancer,cell,cells,cisregulatory,regulatory,rnaseq"
GSE94099,0.08081601073506679,-0.5562876123374157,"cell,experiment,rnaseq"
GSE78968,0.08081471594233473,-0.5563107266436117,"cell,cells,characterization,performed,rnaseq,samples"
GSE107649,0.08079854749043197,-0.5565993928701496,"functions,growth,lncrna,lncrnas,regulator,regulatory,set,tissue"
GSE34995,0.08076906511613074,-0.5571259102207979,"act,cancer,cells,rnaseq,sequencing,splicing"
GSE33013,0.08075421809022854,-0.5573911318071376,"rnaseq,splicing"
GSE16642,0.08071814562584059,-0.5580357197125005,"adjacent,also,cells,illumina,knockdown,patterns,regulatory,splicing"
GSE100099,0.08071405720143505,-0.5581087949665438,"data,p53,patterns,rnaseq"
GSE89339,0.08069307341338615,-0.5584839110721639,"cell,growth,mrna,samples,set,survival,treated"
GSE76023,0.08064520829893218,-0.5593399356256351,"cells,functions,lncrna,lncrnas,novel,p53,regulatory,rnaseq,set"
GSE83493,0.08064479047204487,-0.5593474103206921,"cells,hiseq,illumina,knockdown,mrna,normalized,performed,quantile,regulator,rnaseq,sequencing,set,translation"
GSE71120,0.08060018027978982,-0.5601456851999819,"performed,rnaseq,validated"
GSE93071,0.08059551687307931,-0.5602291598070043,"rnaseq,tumor"
GSE32307,0.0805909757803353,-0.5603104496455743,rnaseq
GSE77317,0.08057884273237678,-0.5605276651058291,cell
GSE89063,0.08057883484782163,-0.5605278062720307,"also,cells,data,glucose,liver,novel,primary"
GSE31539,0.08052158222030979,-0.5615532298776269,"cell,cells,mrna,novel,translation"
GSE65446,0.08050511162216975,-0.5618483616942589,"facilitates,primary,samples,sequencing,set"
GSE96714,0.08049387338029407,-0.5620497711111995,"cells,p53,rnaseq,translation"
GSE71505,0.08049229108482289,-0.5620781309374882,"cancers,cell,novel,suppressive,survival,swisnf,tumor,tumors"
GSE77938,0.08048923187086209,-0.5621329634764004,"functions,lncrnas,long,noncoding,rnas,samples,sequencing,set"
GSE78930,0.08047666591189043,-0.5623582142528565,"cancer,cell,novel,rnaseq,survival,tumors"
GSE77347,0.08046585318635592,-0.562552065643005,cell
GSE79157,0.08046215416394488,-0.5626183879864844,"knockdown,regulator,splicing"
GSE58626,0.08043220748729107,-0.5631554350520876,"breast,cancer,cancers,cells,novel,progression,regulates,rnaseq"
GSE60949,0.08042922079558681,-0.563209007687329,"cells,hiseq,illumina,knockdown,sample,samples,sequencing,treated"
GSE68645,0.0804274415082249,-0.5632409239165569,"autophagy,cancer,cells,kd,knockdown,prostate,regulatory,rnaseq,sequencing"
GSE72713,0.08041582430558572,-0.5634493265572381,"data,functions,lncrna,lncrnas,long,noncoding,novel,performed,rnas,rnaseq,roles,sample,sequencing"
GSE67902,0.0804113124013623,-0.5635302743622301,"apc,mrna,translation"
GSE70959,0.08039351706664005,-0.5638495836932309,"cells,rnaseq,splicing"
GSE51443,0.0803683222155706,-0.5643017866184241,rnas
GSE68813,0.08035315765551859,-0.564574031942033,"cancer,cell,cells,data,drosha,mrna,novel,regulatory,rnas"
GSE93156,0.08033673638701921,-0.5648688965675005,"cell,cells,rnaseq"
GSE47718,0.08032620461689437,-0.5650580395329874,"cell,cells,lung,nfkbib,sequencing"
GSE34097,0.08029067469709054,-0.5656963141671253,"cancer,cancers,cells,regulates,regulator,stage"
GSE83525,0.08025580421302206,-0.5663230171078762,"cell,rnaseq,treated"
GSE93073,0.08025462148270987,-0.5663442782708037,"rnaseq,tumor"
GSE106545,0.08022294343800883,-0.5669138502058145,"cells,facilitates,performed,rnaseq,sequencing"
GSE97513,0.08020605870098547,-0.5672175300409499,"cells,knockdown,rnaseq,samples"
GSE49339,0.08020485883850563,-0.5672391125576016,"mrna,sequencing"
GSE80082,0.08018860891564902,-0.5675314397144181,"also,carcinomas,cell,cells,epithelial,growth,invasive,regulates,tumour,tumours,yap"
GSE60889,0.08017943776207702,-0.5676964498653315,"also,cell,cells,data,facilitates,knockdown,long,noncoding,novel,performed,primary,sequencing,tumor"
GSE71503,0.08017860050869687,-0.5677115149199127,"cancers,novel,primary,suppressive,survival,swisnf,tumor,tumors"
GSE98050,0.08014579233612523,-0.5683019701549589,"cancer,cell,cells,data,illumina,mrna,rnaseq,sample"
GSE93395,0.08012598770742413,-0.568658515015837,"cancer,cell,cells,growth,knockdown,novel,roles,survival"
GSE77841,0.08011449787549765,-0.5688654080929402,"cells,doxorubicin,mrna,treated"
GSE38356,0.08007513904255924,-0.5695743527579077,"cell,cisregulatory,functions,mrna,novel,rnaseq,sequencing,splicing,translation"
GSE64529,0.08006949213725953,-0.5696760953166887,"cells,lncap,rnaseq"
GSE64032,0.08002881843196918,-0.5704091418300565,"cells,data,hiseq,illumina,sample,sequencing,stages"
GSE97929,0.08000775890978506,-0.5707888358837353,"endometrial,novel,rnaseq"
GSE60340,0.07991679193086172,-0.5724300801184868,"cell,cells,performed,rnaseq"
GSE62540,0.07991465667016114,-0.5724686273512234,"characterization,rnaseq,splicing"
GSE88848,0.079885903501581,-0.5729878001766939,"cell,cells,change,data,epithelial,functions,glucose,primary,rnaseq"
GSE44976,0.07988575643255559,-0.5729904561640413,"data,splicing"
GSE105783,0.07983948614317049,-0.573826315516354,"cell,cells,change"
GSE88750,0.07983158539680485,-0.5739690886248502,"also,brd4,cells,data,heterogeneity,novel,regulatory,rnaseq,tissue,tumour"
GSE84884,0.07982651606827938,-0.5740607030817386,"also,cell,cells,clear,data,functions,knockdown,noncoding,progression,regulatory,rnaseq,set,sirna,tissues"
GSE95820,0.07981332140837967,-0.5742991882963038,"cell,cells,novel,regulatory,sequencing"
GSE84986,0.07980452860476601,-0.5744581346068913,"cell,data,p53,regulator,tumor,usp28"
GSE29038,0.07980380471190283,-0.5744712210995844,"illumina,noncoding,novel,p53,patterns,sequencing,splicing"
GSE54114,0.07979730678143802,-0.5745886956205962,"cells,change,individual,mirna,mrna"
GSE75220,0.07976769122278447,-0.575124229360798,"act,cell,data,noncoding,performed,sample,stage"
GSE29040,0.07971025201141979,-0.5761634610851494,"noncoding,novel,p53,patterns,sequencing,splicing"
GSE90659,0.07965739610975903,-0.5771204300923808,"cells,performed,rnaseq,tumor"
GSE89179,0.07964560795881673,-0.5773339440438119,"cell,cells,landscape,mrna,novel,regulates"
GSE33480,0.07961876487895346,-0.5778202596946709,"data,illumina,novel,pairs,performed,refer,rnaseq,sample,sequencing"
GSE93610,0.07960858939966867,-0.5780046515485623,"cells,data,mrna"
GSE79664,0.0795858509831111,-0.5784167840445146,"also,cell,cells,data,mrna,regulatory,translation"
GSE99028,0.0795776117956283,-0.5785661479088775,"cells,data,knockdown,rnaseq"
GSE59819,0.07955701221713805,-0.5789396544299462,"cells,performed,sequencing"
GSE107735,0.0795424880573302,-0.5792030610823858,"cancer,cancers,growth,regulates,tumor"
GSE54922,0.07952755998237793,-0.5794738431690489,"cells,mrna,novel,rnas,rnaseq,sequencing"
GSE67333,0.07950285177147098,-0.5799221399852164,"data,noncoding,novel,rnas"
GSE93578,0.07944241754730723,-0.5810192240327784,"array,brd4,cells,ruxolitinib,mrna,novel,rnaseq,survival"
GSE61141,0.07942433087043176,-0.5813477202021406,"cell,cells,data,epithelial,novel,rnaseq,sequencing"
GSE106844,0.07941805746639137,-0.5814616773013511,"cell,stat3,survival"
GSE99626,0.07939305743884797,-0.5819158950817426,"breast,cancer,cancers,cell,cells,functions,individual,survival,translation"
GSE72482,0.07936710548491184,-0.5823875594450062,"cancer,cisregulatory,data,noncoding,regulatory"
GSE95743,0.07936489350574526,-0.5824277682421571,"mrna,performed,rnaseq,splicing"
GSE100266,0.07934377083226986,-0.5828117873072826,"brd4,cells,data,functions,invasive,long,novel,promoter,swisnf"
GSE107196,0.07932352273158941,-0.583180002254945,"cell,data,performed,regulatory,sequencing"
GSE55502,0.07931552285559353,-0.5833255071827396,"cell,cells,landscape,novel,patterns"
GSE53330,0.0792878812121789,-0.5838283773766606,rnaseq
GSE86148,0.0792815983629333,-0.5839427024722378,"cells,kd,performed,rnaseq"
GSE80338,0.07924554997952198,-0.5845988276270742,"cell,clear,nontumor,sample,samples,sequencing"
GSE66086,0.07923132963947827,-0.5848577374966427,"cell,cells,characterization,individual,rnas,sequencing"
GSE113215,0.07917700871584032,-0.5858471870550997,"also,cell,cells,growth,landscape,novel,progression,rnaseq,tumor"
GSE97460,0.0791649577828011,-0.5860667854566075,"characterization,data,integrated,mrna,regulatory,rnaseq,sequencing"
GSE94153,0.07914276995953282,-0.5864711910186527,"cancers,cell,cells,data,heterogeneity,mrna,sequencing,splicing,u2af1"
GSE98644,0.0790629489740092,-0.5879269835212441,"also,cancer,cell,cells,data,heterogeneity,long,rnaseq,stabilizing"
GSE101133,0.07905780002964301,-0.5880209415444936,"cells,change,liver,stage,stages"
GSE76608,0.07905294767487334,-0.5881094929967721,"also,breast,cancer,cells,knockdown,mrna"
GSE36147,0.07904200636760972,-0.5883091827319805,"mirna,sequencing,tissue"
GSE76377,0.07899213520403796,-0.5892197313266216,"cells,cisregulatory,functions,liver,performed,regulates,rnaseq,sirna,tissues"
GSE34993,0.07898489614834753,-0.5893519499113515,"act,cancer,cells,sequencing,splicing"
GSE63392,0.07898137170584534,-0.5894163268924592,"cell,cells,performed,rnaseq,samples"
GSE86480,0.07895075830827573,-0.5899756278707673,"also,cell,cells,performed,sequencing,stage"
GSE54322,0.07894803059614905,-0.5900254731771922,"cell,cells,data,epithelial,hiseq,illumina,knockdown,mrna,performed,rnaseq,sequencing"
GSE76421,0.07894304784368594,-0.5901165307890842,"cell,cells,data,individual,knockdown,novel,regulates"
GSE56826,0.07893195688099287,-0.5903192338950025,"cell,cells,data,individual,long,mirna,rnas,rnaseq,roles,sequencing,splicing"
GSE77902,0.07892702851242839,-0.5904093159751863,"cells,knockdown,lncrna,long,noncoding,rnaseq,sirna"
GSE81460,0.07890164650290246,-0.590873344448884,"also,cell,cells,functions,progression,regulates,regulator,rnaseq,splicing"
GSE86473,0.07889972648763362,-0.5909084518304542,"cell,composed,listed,subseries,superseries"
GSE60570,0.07887561349963938,-0.5913494293428326,"cancer,cells,tumorigenesis"
GSE53080,0.07885428082483421,-0.5917396729864969,"mirna,mrna,rnas,rnaseq,tissues"
GSE31653,0.07883262130772326,-0.5921360036607375,"also,characteristics,long,primary,rnas,rnaseq,splicing"
GSE76661,0.07883183746357804,-0.5921503486573201,"cells,data,functions,novel,promoter,regulates,regulator,regulatory,rnas"
GSE106917,0.07882825848005222,-0.5922158488303868,"cells,knockdown,lncrna,sequencing"
GSE88977,0.07882639699680943,-0.5922499176326694,rnaseq
GSE96713,0.078817865088887,-0.5924060786130716,"cells,ncor2,performed,rnaseq,rnaseqkd"
GSE79133,0.07878981730187518,-0.5929195612434006,"cell,cells,illumina,rnaseq"
GSE91063,0.0787837459885495,-0.5930307353953086,"cell,data,immunohistochemistry,individual,rnaseq"
GSE96643,0.07877058272246117,-0.5932718024469992,"cells,rnaseq,translation"
GSE76572,0.07874054191677772,-0.593822109252421,"cells,composed,functions,lncrna,novel,p53,primary,tumor"
GSE68219,0.07873373439462722,-0.5939468430017474,"also,cell,functions,hiseq,illumina,knockdown,mrna,regulator,sample,sequencing,sirna,truseq"
GSE78276,0.07872684387675177,-0.5940731084592166,"cell,cells,follicular,performed,regulates,regulator,rnaseq"
GSE82061,0.07865411535648376,-0.5954064982606523,"cell,individual"
GSE66789,0.07861259409812506,-0.5961682934953226,"also,cells,rnaseq"
GSE94736,0.07861046432815458,-0.5962073794742571,"cell,cells,characterization,functions,mrna,patterns,rnaseq,sequencing,tissue"
GSE83939,0.07859631811144493,-0.5964670206479104,"cells,colon"
GSE88850,0.07855847073529829,-0.5971619052687831,"cell,characteristics,experiment,sequencing"
GSE89775,0.07854749463355336,-0.597363491090738,"cell,characterization,mrna,noncoding,primary,sequencing"
GSE64283,0.07851731274269597,-0.5979179534878587,"circular,rnas,roles,splicing,tissue,tissues"
GSE62241,0.07851271691689155,-0.5980024007125471,"also,cell,cells,follicular,regulatory,rnaseq"
GSE81579,0.0784895322409431,-0.5984284890958406,"cells,follicular,sequencing"
GSE80492,0.0784702355025507,-0.5987832208761503,"landscape,mirna,mrna,regulatory,rnaseq,tissue"
GSE84877,0.07846173369751465,-0.5989395371708942,"cell,cells,growth,p53,primary"
GSE93365,0.07845901516148676,-0.5989895244220999,"cell,cells,cdk,growth,hiseq,illumina,mrna,sequencing,treated"
GSE60989,0.0784411269349364,-0.5993184885071733,"cell,cells,data,epithelial,functions,immunohistochemistry,lung,novel,primary,regulator,rnaseq,samples,sequencing"
GSE68631,0.0784284656620435,-0.5995513743756349,"also,composed,ribozyme,rnas,sirna"
GSE70668,0.07840171384513417,-0.6000435591590162,"cell,cells,primary,survival,tumor"
GSE95106,0.07838378509794722,-0.6003735095044637,"cancer,cells,characterization,growth,knockdown,performed,prognosis,progression,survival,tumor,tumors"
GSE54178,0.07837170776514286,-0.6005958163322532,"cells,data,rnaseq,samples,stage"
GSE42420,0.07837005491771667,-0.6006262428726262,"cells,data,knockdown,novel,progression,rnaseq,sirna,treated,tumor,tumour"
GSE80651,0.07835866193114664,-0.6008359888028542,"also,cell,characterization,data,sequencing"
GSE49831,0.0783543732301573,-0.6009149520830223,"cells,mrna,sequencing,splicing,translation"
GSE66155,0.07834466938097388,-0.6010936346694511,"data,mrna,regulatory,set,translation"
GSE81405,0.07833811146787976,-0.6012144018482533,"cancer,cancers,cell,cells,epithelial,functions,noncoding,regulator,rnas,rnaseq,roles,set"
GSE93526,0.0783162867054112,-0.6016163883504243,"cell,cells,data,epithelial,performed,primary,rnaseq,sequencing"
GSE109483,0.07829060691722853,-0.6020895233770794,"cell,cells,data,emt,lncrna,regulates,rnaseq,set,treated"
GSE59626,0.07828961486627167,-0.6021078044470575,"also,cells,mrna,rnas,rnaseq"
GSE53638,0.07828796091417052,-0.6021382832494323,"cell,cells,characterization,data,mrna,rnaseq"
GSE87660,0.07828776912047614,-0.6021418176389792,"also,rnaseq,sequencing"
GSE99824,0.07821761955367719,-0.6034351205696479,"cell,characterization,performed,progression,prostate,set,tissue"
GSE76271,0.07821722096493242,-0.6034424724102422,"breast,cancer,cell,cells,functions,poor,set,survival,swisnf"
GSE53463,0.07819183451804436,-0.6039107944167872,"breast,cancer,cell,cells,regulatory"
GSE63646,0.07816805623000342,-0.604349587490098,"lncrna,lncrnas,long,noncoding,rnas,roles"
GSE71100,0.07816385540943577,-0.6044271212826363,"also,cancers,cell,cells,growth,modulates,novel,regulates,sequencing,set,tumor"
GSE83392,0.07815151398980638,-0.6046549287593068,"cells,egf,epithelial,sequencing"
GSE81412,0.07809119279941876,-0.6057689018636504,"cell,cells,change,rnaseq,sequencing"
GSE53066,0.07809006609763826,-0.6057897172557506,"cell,cells,rnaseq"
GSE93811,0.07808667750237341,-0.6058523220901484,"cell,cells"
GSE69233,0.07805022558322584,-0.6065259489253328,"cells,lncrna,rnaseq"
GSE108013,0.07804564127621012,-0.6066106886065615,"cell,change,heterogeneity,landscape,poor,primary,prognosis,stages,tumor,tumors"
GSE98088,0.0780148774704825,-0.6071794780850722,"heterogeneity,noncoding,regulatory"
GSE42509,0.0779910998347025,-0.6076192545357192,"cells,p53,primary,rnaseq"
GSE63634,0.07795632285896975,-0.6082627094949847,"data,landscape,liver,rnaseq"
GSE104465,0.0779072462458881,-0.6091712295431653,"cells,facilitates,sequencing"
GSE44256,0.07788227334752881,-0.6096337545836453,"cell,cells,mrna,novel,sirna"
GSE68027,0.07783297652801445,-0.6105472204063933,"also,cancer,cells,long,noncoding"
GSE71318,0.07783068582481749,-0.6105896810050031,"circular,individual,rnas"
GSE61742,0.07778204742018378,-0.6114915402035866,"cell,mrna,panel,regulatory,sequencing,translation"
GSE74863,0.07777920951727664,-0.6115441783543926,"cells,data,knockdown,treated"
GSE76683,0.07774358125323384,-0.6122051839921457,"data,knockdown,regulates,rnaseq"
GSE38201,0.0777301231035895,-0.6124549497757588,"cell,cisregulatory,functions,mrna,novel,sequencing,splicing,translation"
GSE84358,0.07772619705218688,-0.6125278203400993,"cells,kd,rnaseq"
GSE42960,0.07771093342644991,-0.6128111600692834,"performed,primary,samples,sequencing,treated"
GSE89799,0.07766185003192362,-0.6137226758528398,"cancer,cell,cells,progression,set"
GSE87641,0.07765156705816596,-0.6139137114445536,"also,cancer,cells,performed,rnaseq,sequencing,tumor"
GSE91383,0.07763994278448809,-0.61412969597632,"breast,cancer,egfr,her2,performed,sequencing,treated"
GSE97681,0.0776047972889071,-0.614782912736212,"also,cancer,cancers,cell,cells,clear"
GSE70874,0.07759463165095583,-0.6149719071878142,"cell,cells,knockdown,rnaseq,sequencing,survival"
GSE61045,0.0775288670570816,-0.6161951681369663,cell
GSE67447,0.0775272463569647,-0.6162253272318903,"also,cancer,cell,cells,change,data,follicular,functions,novel,regulatory,rnaseq,validated"
GSE70078,0.07748219373469638,-0.6170639496605286,"prostate,rnaseq,tissue,tumorigenesis"
GSE55123,0.07746006635420143,-0.6174760136423838,"azacytidine,cells,data,treated"
GSE101565,0.07743989868496914,-0.6178516857291367,"composed,listed,subseries,superseries"
GSE85201,0.0774361144830582,-0.6179221866313752,"cell,cells,hiseq,samples"
GSE37211,0.07743027690071937,-0.6180309494303241,"adenoma,cells"
GSE89235,0.07741755720597011,-0.6182679645708137,"cells,rnaseq"
GSE89234,0.07741755720597011,-0.6182679645708137,"cells,rnaseq"
GSE108366,0.07740743254666001,-0.6184566524024296,"also,cell,cells,data,facilitates,illumina,knockdown,mrna,novel,rnaseq,sample,sequencing"
GSE87198,0.07739081334089687,-0.6187664291145965,"cells,rnaseq,sequencing"
GSE79304,0.07738720043276237,-0.6188337813763639,"data,illumina,rnaseq"
GSE54308,0.07738253139961655,-0.6189208267034768,"panel,regulatory,sequencing,splicing"
GSE63375,0.0773461875678966,-0.6195985685875102,"cell,splicing"
GSE80237,0.07734192540354509,-0.61967807053833,"cells,knockdown,rnaseq,sequencing"
GSE34448,0.07732365226034016,-0.620018968281759,"cell,data,experiment,listed,long,refer"
GSE79130,0.07732275620723292,-0.6200356868255262,"cells,rnaseq"
GSE66200,0.07730174235179955,-0.6204278185445337,"cell,cells,characteristics,experiment,illumina,lncrna,long,noncoding,performed,rnaseq,tumor"
GSE83786,0.07728693464609294,-0.6207042036468592,"also,cells,long,mcf10a,performed,rnaseq"
GSE68229,0.07726885103015044,-0.6210418052843067,"dmpa,cells,epithelial,functions,illumina,sequencing,tissue"
GSE57299,0.07726609171200435,-0.6210933257305613,"cell,data,mrna,treated"
GSE64693,0.07725544802724794,-0.6212920759017679,"cancer,cell,cells,emt,growth,knockdown,metastases,novel,regulatory,roles,sequencing,tissues,tumor"
GSE63086,0.0772521933904346,-0.6213528553991199,"act,also,cells,data,functions,knockdown,mrna,regulator,sirna,splicing"
GSE51633,0.07724609027409945,-0.6214668364151731,"brd4,functions,regulatory,roles"
GSE78508,0.07720372889273425,-0.622258220395846,"cell,cells,mrna,rnaseq,roles,set,survival"
GSE98541,0.07717738711190866,-0.6227505494826875,"cells,knockdown,rnaseq,sirna"
GSE38355,0.07715778442637922,-0.6231170336362558,"cell,cisregulatory,functions,mrna,novel,sequencing,splicing,translation"
GSE84944,0.07715035869625973,-0.6232558865031214,"cells,fto,knockdown,mrna,rnas,sequencing"
GSE87055,0.07711621071788732,-0.6238945876818147,"cell,data,regulatory"
GSE19480,0.07711527510498373,-0.6239120912945048,"act,cell,cells,data,landscape,mrna,novel,sequencing,splicing"
GSE34740,0.07711006772286998,-0.6240095158061527,"cells,rnaseq"
GSE103837,0.07710709130592473,-0.6240652043170045,"also,cell,cells,cyclin,splicing,survival,tumor"
GSE76507,0.07707868189397228,-0.6245968502315605,"also,breast,cancer,cells,data,functions"
GSE59846,0.07707830846610274,-0.6246038397626128,"cell,cells,landscape,novel,promoter,regulates,rnaseq,sequencing"
GSE124586,0.07706219566917341,-0.6249054587619781,"cell,cells,egf,sequencing,treated"
GSE74461,0.0770563750729885,-0.6250144312915642,"cell,roles,sequencing"
GSE67892,0.07705265506878908,-0.6250840810921849,"cell,cells,data,mrna,performed,primary,regulatory,rnaseq,roles,sequencing,insulator"
GSE75748,0.07702449848375584,-0.6256113671318271,"also,cell,cells,heterogeneity,novel,primary,rnaseq,sample"
GSE71216,0.07702239022936368,-0.6256508559937197,"cells,growth,regulatory,sequencing,splicing"
GSE114976,0.07701216777566318,-0.6258423439750155,"cell,cells,tissue,tissues"
GSE73573,0.07700397719385021,-0.6259957890800989,"cell,cells,data,growth,knockdown,primary,progression,survival,tumor"
GSE61950,0.07699776876437546,-0.6261121107537793,"cell,regulatory,rnaseq"
GSE63144,0.07698384253969019,-0.6263730678275022,"cell,cells,rnaseq,tissue"
GSE102476,0.0769803160427465,-0.6264391567107868,"lncrna,mrna,sequencing,validated"
GSE29943,0.0769711070824237,-0.626611752989997,"cells,mirna,mrna,regulator,rnaseq,splicing"
GSE83115,0.07696759909430416,-0.6266775058755467,"characteristics,data,functions,noncoding,rnaseq,samples,set,tissue,tissues"
GSE66250,0.07693130486309657,-0.6273579721686826,"also,cell,cells,change,data,epithelial,rnaseq,translation,tumors"
GSE94690,0.07692849988988468,-0.6274105748734574,"cell,data,mirna,mrna,regulatory,translation"
GSE85187,0.07690109066434667,-0.6279246912282406,"cells,knockdown,sequencing,sirna"
GSE73941,0.07689743267413011,-0.6279933182115365,"mrna,noncoding"
GSE64615,0.07689501092597069,-0.628038754046723,"mirna,rnaseq,samples,sequencing"
GSE42951,0.07687878590779934,-0.6283431980264254,"also,cancer,cancers,cell,cells,novel,survival,tumorigenesis"
GSE43070,0.07687597945038789,-0.6283958645201236,"cell,cells,change,cisregulatory,clear,data,landscape,pairs,regulatory"
GSE84461,0.07687528052152819,-0.6284089810461283,"functions,long,noncoding,regulates,rnas,roles,surrounding,translation,tumor"
GSE57982,0.07687489956071951,-0.6284161304396335,"characterization,long,noncoding,novel,rnas"
GSE106681,0.07687069036220186,-0.6284951257439163,"breast,cancer,cancers,cell,data,examination,integrated,modulates,patterns,rnaseq,samples,set,sirna,tumors"
GSE106694,0.07687069036220186,-0.6284951257439163,"breast,cancer,cancers,cell,data,examination,integrated,modulates,patterns,rnaseq,samples,set,sirna,tumors"
GSE100417,0.0768702926960813,-0.6285025890881548,"mrna,performed,rnaseq"
GSE45669,0.07684806782353237,-0.6289197638944142,"cell,data,mrna,alactalbumin,sequencing,set,stage,stages"
GSE58838,0.07684549482036228,-0.6289680685709429,"cells,characterization,drosha,lncrna,long,mirna,noncoding,novel,primary"
GSE68279,0.076817997291154,-0.6294843987532628,"lncrnas,samples,sequencing"
GSE50599,0.07681153731931518,-0.6296057265873315,"performed,rnaseq,sample,tissue"
GSE99088,0.07680823374856038,-0.6296677764799044,"cell,cells,rnaseq"
GSE51261,0.07680362296388886,-0.6297543838072887,"also,cells,knockdown,novel,regulates,rnaseq,splicing,tumor"
GSE46323,0.07680086079689216,-0.6298062698529446,"cell,data,individual,novel,rnaseq,sequencing,splicing,tissue"
GSE55362,0.07678691020743335,-0.6300683538216543,"also,cells,landscape,mirna,mrna,primary,regulatory,rnaseq,roles,splicing"
GSE59884,0.07677483038957117,-0.6302953308446133,"cells,long,mrna,rnaseq"
GSE102798,0.07676220576047967,-0.6305325829146173,"cell,knockdown,rnaseq"
GSE56900,0.07674085843743786,-0.6309338475727286,"cell,cells,facilitates,growth,tumor"
GSE65644,0.07673489099315779,-0.63104603731353,"also,long,rnaseq,splicing"
GSE94730,0.07672989726063721,-0.6311399276870483,"cells,knockdown,regulates,rnaseq,splicing"
GSE72131,0.07672505038679729,-0.6312310627199968,"cells,mrna,performed,rnaseq"
GSE62276,0.07669764293357711,-0.631746509247613,"cell,data,epithelial,ovarian,sequencing"
GSE65112,0.0766859878429544,-0.6319657600423653,"cells,mrna,sequencing,treated"
GSE70833,0.07667276744187786,-0.632214497156637,"cells,mrna,rnaseq"
GSE81198,0.07665984644175639,-0.632457642595439,"cells,data,epithelial,mrna,primary,tissue,tissues"
GSE44064,0.07658638280428387,-0.6338408496617073,"also,cell,cells,invasive,panel,performed,stroma,tissue"
GSE83763,0.07658137279180523,-0.6339352287969526,"cancer,cells,data,landscape,novel,mutagenic,samples"
GSE79820,0.07655826161528853,-0.6343706794904582,"cells,mrna,performed,regulates,rnaseq,sirna"
GSE75234,0.07654256989034124,-0.6346664110501249,"benign,cancer,tumor,tumorigenesis"
GSE26463,0.07653304430461105,-0.6348459630366974,"also,cells,mrna,splicing"
GSE68800,0.07652453399608633,-0.6350063965160978,"cells,regulator,rnaseq,set,tumors"
GSE74760,0.07650201530331013,-0.6354309974337656,"cell,change,characteristics,data,hiseq,illumina,mrna,novel,patterns,performed,rnaseq,samples,sequencing"
GSE119587,0.07647202018017271,-0.6359967642427412,"performed,tumor"
GSE55008,0.07646818194843866,-0.6360691768303094,"change,functions,progression,rnaseq,splicing,tissue,tissues"
GSE66478,0.07644124292825777,-0.6365775142497302,rnaseq
GSE85020,0.07643872766059755,-0.6366249863177357,"also,cell,cells,data,growth,novel,p53,primary,prognosis,progression,tumor"
GSE59966,0.07642844934324795,-0.6368189910450018,"cell,cells,primary,rnaseq"
GSE66053,0.07641985547251252,-0.6369812216267547,"cell,cells,performed,sequencing"
GSE84629,0.07641753819418948,-0.6370249691137416,"cell,regulatory"
GSE67848,0.07641265670515375,-0.6371171302214472,"also,cell,cells,characterization,functions,liver,long,novel,sequencing,stage,survival"
GSE94374,0.07640889370004067,-0.63718817869337,"cell,data,growth,nfkb,p53,regulatory,rnaseq"
GSE76980,0.07640287432346134,-0.6373018364941672,"cell,rnaseq"
GSE90982,0.07638453799526722,-0.6376481180297899,"also,cells,data,liver,regulates,regulatory"
GSE58640,0.07636924233149399,-0.6379370402194638,sequencing
GSE56748,0.07636325856324686,-0.6380500843028097,"act,functions,knockdown,mrna"
GSE36552,0.07632546539560069,-0.638764269545078,"cell,cells,individual,rnaseq"
GSE44953,0.0763131013630844,-0.6389979919759736,"cells,mirna,novel,performed,primary,rnaseq,sequencing,treated"
GSE27315,0.07629819649595544,-0.6392797952010573,"also,facilitates,rnas"
GSE87692,0.07628122020723857,-0.6396008294293273,"cell,cells,endometrial,growth,pairs,suppressive"
GSE101168,0.07627348975432406,-0.6397470417107565,"cancers,mirna,regulates,rnaseq"
GSE106885,0.07626579428871569,-0.6398926069682519,"cells,epithelial,rnaseq"
GSE75428,0.07625871417152844,-0.6400265454423426,"cells,her2,modulates"
GSE82336,0.07625667351997176,-0.6400651518797092,"cells,mrna,noncoding,novel,regulates,rnas"
GSE99202,0.07624307995530918,-0.6403223505693035,"cells,regulator,stabilizes,treated,yap"
GSE79253,0.07621260945859962,-0.6408990379366382,"brd4,cancer,cell,cells,growth,performed,regulatory,rnaseq,survival"
GSE61603,0.07621006215746512,-0.6409472588302331,"also,regulatory,splicing,u2af,u2af35,u2af65,u2afrna"
GSE87541,0.07620396757605317,-0.6410626369538792,"cell,facilitates,knockdown,novel"
GSE84631,0.07619374992121507,-0.6412560907697056,"cells,rnaseq"
GSE70674,0.07619197617539857,-0.6412896762551568,"cell,cells,characteristics,novel,performed,regulatory,rnaseq"
GSE96544,0.07618632015154436,-0.641396777040059,"cell,cells,paired,samples,treated"
GSE83402,0.07618621886931394,-0.6413986949627044,"data,individual,performed,rnaseq,samples,sequencing,set,validated"
GSE89385,0.0761719947868214,-0.641668073460133,"cancer,cancers,cells,composed,cdk,cyclin,data,long,regulator,rnaseq"
GSE100684,0.07615675168595729,-0.641956806172862,"cancer,cells,functions,glucose,growth,individual,poor,prognosis,progression,rnaseq,stages,tissues,tumor,tumorigenesis"
GSE70926,0.07610861794182842,-0.6428689284293805,"cell,nfkb,rnaseq"
GSE40114,0.07610233097566678,-0.6429881074368474,"cancer,cell,cells,functions,regulates"
GSE62228,0.07609226428177573,-0.6431789574384702,"breast,cancer,cells,functions"
GSE76663,0.07608814186975808,-0.6432571197134467,"cell,cells,mrna,performed,samples,sequencing"
GSE79120,0.0760827383026675,-0.6433595795196743,"data,individual,rnas"
GSE93070,0.07607580750392799,-0.6434910086014233,tumor
GSE100618,0.07607336035829117,-0.6435374168062721,"cell,cells,performed,sequencing"
GSE85133,0.07603549553355585,-0.644255683940396,"also,cell,cells,rnaseq,tumorigenesis,tumors"
GSE102741,0.07602799321843491,-0.6443980396487621,"data,hiseq,illumina,individual,normalized,performed,rnaseq,sample,samples,sequencing,set,tissue,truseq"
GSE36349,0.076027345869602,-0.6444103236889881,"also,integrated,mrna,primary,regulatory,rnaseq"
GSE68109,0.0760006409041345,-0.6449171661784658,"cell,performed,rnaseq"
GSE68611,0.07599349826076279,-0.6450527589879701,"also,knockdown,modulates,mrna,nfkb,regulates,rnaseq"
GSE47488,0.07599184764804821,-0.645084095308766,"also,data,modulates,promoter,rnaseq,splicing"
GSE74085,0.0759911003677257,-0.6450982823952718,"cells,facilitates,mrna,splicing"
GSE55370,0.07593575670901276,-0.6461493674639404,"experiment,sequencing"
GSE64113,0.0759242066112444,-0.6463688231840656,"rnaseq,samples"
GSE97080,0.0759042318258651,-0.6467484295907763,"cell,cells,data,novel,regulates,regulator,rnaseq"
GSE59093,0.07587817103194784,-0.6472438464218137,"also,cell,cells,data,drosophila,mrna,regulates,regulator,rnaseq,sequencing,translation,tumor,tumors"
GSE57732,0.07587380207346918,-0.6473269171668428,"cell,cells,data,patterns,performed,primary,promoter,regulates,rnaseq,sequencing"
GSE71247,0.07581777868270505,-0.648392561961381,"cell,cells,data,novel,regulatory"
GSE59335,0.07580903987908039,-0.6485588574595803,"cells,mrna,rnaseq,splicing"
GSE102702,0.07580459390853236,-0.6486434696346621,"cancer,cells,functions,stage"
GSE77282,0.07580399396516187,-0.6486548876596905,"also,change,data,long,noncoding,novel,rnas,roles,sequencing,stabilizing"
GSE56293,0.07578176705659619,-0.6490779702866558,"mrna,rnaseq,sequencing"
GSE68327,0.07576408469733013,-0.6494146373988846,"cell,cells,regulatory,rnaseq"
GSE92239,0.07573370806041167,-0.6499931834388065,"long,mrna,noncoding,rnaseq"
GSE48785,0.07569738489026301,-0.6506852904219468,"also,cancer,cell,cells,data,examination,integrated,regulator,translation"
GSE44376,0.07569668199094155,-0.6506986868434342,"cells,data,mirna,mrna,patterns,rnaseq,translation"
GSE44377,0.07569668199094155,-0.6506986868434342,"cells,data,mirna,mrna,patterns,rnaseq,translation"
GSE44378,0.07569668199094155,-0.6506986868434342,"cells,data,mirna,mrna,patterns,rnaseq,translation"
GSE44379,0.07569668199094155,-0.6506986868434342,"cells,data,mirna,mrna,patterns,rnaseq,translation"
GSE98670,0.07566520652421375,-0.6512986991828396,"also,cell,cells,data,mrna,performed,rnaseq,sequencing,treated"
GSE65996,0.0756602721866889,-0.6513927843870013,"cell,cells,mrna,patterns,samples,sequencing"
GSE46805,0.07565649981232707,-0.6514647180624746,"benign,cell,cells,cyclin,data,nonmalignant,set,suppressive,tumor"
GSE86104,0.07564570449818622,-0.6516705887736547,"cell,cells,cdk,cyclin,knockdown,p53,progression,regulator,rnaseq,tumorigenesis"
GSE69692,0.0756434390887598,-0.6517137947151762,"cell,cells,data,landscape,regulatory,rnaseq,roles,stages"
GSE69110,0.07562994159586836,-0.6519712460396916,"cell,data,regulatory,rnaseq"
GSE37376,0.07561411105008654,-0.6522732565925412,"also,cells,mrna,primary,rnaseq,sequencing"
GSE90634,0.07561298246830393,-0.6522947897623345,"composed,listed,subseries,superseries"
GSE96827,0.07559692537088485,-0.6526011915746983,"cell,cells,change,sequencing"
GSE108391,0.07558355389339295,-0.6528563960086451,"cancers,data,rnaseq"
GSE54912,0.07558183417873879,-0.6528892212980193,"also,cells,mrna,primary,rnaseq,sequencing"
GSE84322,0.07555782870784222,-0.653347507011332,"cells,performed,sequencing"
GSE39167,0.0755519280049363,-0.6534601789527028,"data,individual,pairs,rnaseq,sequencing"
GSE58114,0.0755274713837558,-0.6539272637643313,"cells,change,primary,rnaseq,sequencing"
GSE106391,0.07551655020603537,-0.6541358907434008,"cell,cells,landscape,sequencing"
GSE80979,0.075508410027771,-0.6542914119871364,"also,benign,cells,epithelial,functions,prostate,tissue"
GSE96634,0.07549679120839808,-0.6545134230567703,"cell,cells,illumina,mrna,poor,rnaseq,sample,sequencing,set,splicing"
GSE81750,0.07543952039525302,-0.6556082467105274,"cell,cells,change,sequencing"
GSE77597,0.07541884321396766,-0.6560037284905635,"rnaseq,treated"
GSE86103,0.07541638600845071,-0.6560507334009195,"cell,cells,cdk,cyclin,knockdown,p53,progression,regulator,rnaseq,tumorigenesis"
GSE125629,0.07538380848129171,-0.6566740673132782,"cell,data,modulates,prognosis,regulatory,rnaseq,survival"
GSE39757,0.07535738617975377,-0.6571798258602206,"cell,cells,data,rnaseq"
GSE85089,0.07535506482439204,-0.6572242682118172,"egf,sequencing,treated"
GSE84897,0.07532064405608976,-0.6578834145727812,"cancer,cell,cells,epithelial,gastric,promoter"
GSE86102,0.0753111662181789,-0.6580649649338303,"cell,cells,cdk,cyclin,knockdown,p53,progression,regulator,rnaseq,sirna,tumorigenesis"
GSE101638,0.07528905928187966,-0.6584885176541709,"performed,rnaseq,samples,tumors"
GSE102460,0.07522695412392298,-0.6596790728177727,"cell,cells,data,sirna"
GSE46817,0.07522197321446253,-0.6597745993663159,"benign,cell,cells,cyclin,data,nonmalignant,set,suppressive,tumor"
GSE87679,0.0752012609305769,-0.6601718984884356,"cell,cells,knockdown,sirna"
GSE99778,0.07519990457737927,-0.6601979196170003,"also,cell,cells,data,heterogeneity,individual,roles,set"
GSE99246,0.0751809559639081,-0.660561490762063,"cell,cells,characteristics,functions"
GSE94827,0.0751521798805532,-0.6611137989810879,"cancer,cells,growth,survival,translation"
GSE50582,0.07512326477241027,-0.661668988602862,"cells,illumina,sample,samples,sequencing,truseq"
GSE52934,0.07511800169603065,-0.6617700662145499,"cell,cells,hiseq,illumina,mrna,nfkb,performed,sequencing"
GSE81749,0.07508222379409428,-0.6624573701450842,"cell,cells,change,sequencing"
GSE92852,0.07507007375561818,-0.6626908504258444,"apc,cell,cells,characterization,set"
GSE81402,0.07506801318587217,-0.6627304509537946,"cells,data,matched,patterns,rnaseq,samples"
GSE69476,0.07506536092141086,-0.6627814244140076,"also,cell,mrna,regulates,sequencing"
GSE74279,0.0750590195627912,-0.6629033053051596,"individual,pairs,performed,splicing,translation"
GSE76682,0.07503562485094137,-0.6633530406727861,"data,rnaseq"
GSE65991,0.07502551783099382,-0.6635473794245504,"also,cell,cells,characterization,primary,rnaseq,sequencing,tissue"
GSE71551,0.07499035475518524,-0.6642237024715177,"characterization,novel,tcf12"
GSE75530,0.07498940657731194,-0.6642419440196247,"cell,cells,data,hiseq,illumina,mrna,sequencing,set"
GSE79923,0.07498129348987653,-0.6643980373233906,"also,caco2,cells,epithelial,knockdown,mrna,performed"
GSE36710,0.07495960369098568,-0.6648154253223194,"cell,cells,primary,regulates,sequencing,set,splicing"
GSE36062,0.07494254506548728,-0.6651437781140749,"cells,landscape,rnas,sequencing"
GSE50580,0.07493610077073563,-0.6652678405118113,"cells,illumina,sample,samples,sequencing,truseq"
GSE104209,0.074923097342026,-0.6655182086226417,"cells,characterization,ctc,data,prostate,sample,sequencing,tumor"
GSE84170,0.0749051688868788,-0.6658634744941109,"cells,data,sequencing"
GSE85243,0.0748953540648742,-0.6660525231672996,"cells,data,integrated,rnaseq"
GSE103719,0.07488378914789012,-0.6662753131773971,"also,cells,change,data,mrna,rnaseq,translation"
GSE72437,0.07487739075470548,-0.6663985885165571,"cells,mrna,sequencing,tissues"
GSE84320,0.0748769563809693,-0.6664069578072931,"cell,cells,mrna,poor,regulates,regulatory,rnaseq,stabilizes,surrounding,tumor,tumors"
GSE81975,0.07487387429076307,-0.6664663433377342,"cancer,cell,cells,primary"
GSE102182,0.07486429428638912,-0.6666509459003567,"cells,noncoding,patterns,regulatory,rnaseq,hemoglobinopathies,stage,stages"
GSE89404,0.07486397207135204,-0.6666571552561105,"cell,cells,performed,regulatory"
GSE64850,0.07486342598253014,-0.6666676789097031,"breast,cancer,her2,sequencing"
GSE93256,0.07486306054526125,-0.6666747212780618,"cell,cells,mrna,rnaseq"
GSE94964,0.07486269308465882,-0.666681802672892,"cell,cells,patterns,performed,regulatory,set,tissue,tissues"
GSE105039,0.07485001594691959,-0.6669261272050051,"cells,epithelial,functions,modulates,mrna,primary,regulates,rnaseq"
GSE77120,0.07484282463769769,-0.6670647426006299,"myocd,cell,cells,lncrnas,novel,performed,sequencing"
GSE70694,0.07483818723298263,-0.66715413751724,rnaseq
GSE85361,0.07483197682294285,-0.6672738638211154,"also,knockdown,mrna,sequencing"
GSE72055,0.07481601080827181,-0.6675817074565784,"cells,sequencing,sirna,splicing,treated"
GSE55361,0.07480866790486095,-0.6677233093692604,"also,cells,landscape,mirna,mrna,primary,regulatory,roles,splicing"
GSE85556,0.07480575173139514,-0.6677795492558734,"cell,cells,knockdown,lncap,performed,sirna"
GSE102875,0.0747992561378855,-0.667904827957213,"cell,cells,characteristics,data,epithelial,novel,performed,primary"
GSE40859,0.07478193068373654,-0.6682390323772306,"mrna,sequencing"
GSE66228,0.07477430535754816,-0.6683861478781001,"also,cell,cells,data,procedure,rnaseq,sequencing,tumor"
GSE89940,0.07476271780275186,-0.6686097354221182,"functions,mirna,mrna,novel,regulates,rnas,rnaseq,set"
GSE94950,0.07471006311892318,-0.6696261700386825,"cells,knockdown,samples,sequencing"
GSE61255,0.07469584819756153,-0.6699006946065026,"cells,knockdown,rnaseq,treated"
GSE63513,0.07468843677817945,-0.6700438477902393,"frozen,individual,performed,rnaseq,samples"
GSE84471,0.0746864632743536,-0.6700819688424626,"cell,cells,growth,regulator,rnaseq"
GSE69383,0.07468636997435948,-0.6700837710903801,"cancer,cancers,cell,heterogeneity"
GSE37686,0.07466804340241961,-0.670437823628756,"also,cell,cells,epithelial,landscape,mirna,mrna,rnaseq,stages,tissues"
GSE77315,0.07466191421280113,-0.6705562533345356,cell
GSE74850,0.07464827136912076,-0.6708198986163273,splicing
GSE79102,0.07462921051293862,-0.6711883266269263,"cell,cells,data,rnaseq"
GSE65912,0.07461115296038509,-0.6715374485540031,"cell,individual,integrated,regulatory,sequencing,translation"
GSE67866,0.07460425240693397,-0.6716708851013341,"cells,samples,sequencing,treated"
GSE94408,0.07458407360969503,-0.6720611549255563,"cell,data,growth,nfkb,p53,regulatory"
GSE53635,0.07458022227445106,-0.6721356540169854,"cell,cells,data,performed,rnaseq,splicing,stage,stages"
GSE86101,0.0745685231018288,-0.6723619829521257,"cell,cells,cdk,cyclin,knockdown,p53,progression,regulator,rnaseq,tumorigenesis"
GSE71164,0.07456222001670156,-0.6724839354009718,"cell,cells,data,integrated,performed,rnaseq"
GSE58991,0.07454802843739082,-0.6727585526237057,"cells,sequencing"
GSE41616,0.07454578882726837,-0.6728018954594678,"also,cell,cells,composed,immunohistochemistry,mrna,novel,panel,patterns,stages,tissues"
GSE77356,0.07454247277707761,-0.6728660728684047,"cells,promoter,tumors"
GSE63555,0.07453392346356551,-0.6730315457739949,"cell,regulates,samples,sequencing"
GSE48159,0.07452762877080833,-0.6731533923788904,"also,cell,cells,characterization,functions,novel,patterns,performed,regulates"
GSE77032,0.0745142451012153,-0.6734124947814705,"cells,sequencing"
GSE89807,0.07449861086082746,-0.6737152262607481,"also,cells,knockdown,p53,regulates,regulator,rnaseq,roles,treated"
GSE77034,0.07445987806849522,-0.6744654971459934,"cells,sequencing"
GSE62591,0.0744283802519962,-0.6750759112223276,"also,cell,cells,data,noncoding,nonmalignant,panel,promoter,rnas,rnaseq,treated"
GSE97036,0.07442738458724515,-0.6750952109867716,"cells,epithelial,illumina,mrna,primary,sample,samples,sequencing"
GSE97262,0.07441733073912926,-0.6752901072154874,"act,also,cell,cells,drosophila,functions,noncoding,performed,rnas,sequencing,set,splicing"
GSE59980,0.07441104130054695,-0.6754120428616782,"breast,cancer,cells,performed,promoter"
GSE53439,0.07440743208368075,-0.6754820207233907,"also,cancer,cells,data,mirna,noncoding,rnas,sequencing"
GSE89140,0.0744041430170255,-0.6755457942591557,splicing
GSE85953,0.07440305064841997,-0.6755669754229316,"cell,cells,primary,sequencing"
GSE92882,0.0744025480731722,-0.6755767205242431,"cell,growth,regulates,tumor,tumors"
GSE59599,0.07439922279255376,-0.6756412004807745,"cell,functions,growth,mrna,regulator,regulatory,roles,translation"
GSE104001,0.07439616323483836,-0.6757005303949848,"cell,cells,individual,patterns,promoter,regulatory"
GSE73632,0.0743901436038907,-0.6758172681769141,"cells,knockdown,performed,rnaseq"
GSE79271,0.07438014884744343,-0.676011115824122,"brd4,cancer,cell,cells,growth,performed,regulatory,survival"
GSE111203,0.07437649272937674,-0.676082032501843,"cell,cells"
GSE75291,0.07437035221448614,-0.6762011461595417,"cells,knockdown,rnaseq,set,swisnf"
GSE54734,0.07435431351168524,-0.6765123111834451,"cells,composed,ihc,novel,tissue"
GSE19323,0.07434355854185105,-0.6767210047102248,"cells,knockdown,splicing"
GSE69787,0.07432399576134448,-0.6771006857605792,"cells,performed,primary,sequencing"
GSE37521,0.074322595353905,-0.6771278691739768,"cell,cells,rnaseq,tissue,tissues"
GSE48263,0.07431459648893345,-0.677283145557973,"knockdown,splicing"
GSE61955,0.07431225069571311,-0.6773286859742614,"cells,epithelial,hiseq,illumina,primary,sequencing"
GSE77140,0.07431123825054503,-0.6773483416778587,"cell,knockdown"
GSE63953,0.07428575225089196,-0.6778432174562717,"rnaseq,sequencing,splicing,u2snrnp"
GSE75885,0.07425296534426461,-0.6784801087548018,"cells,rnaseq,tissues"
GSE84661,0.07423301762343211,-0.678867734273656,"data,performed,rnaseq,roles"
GSE93681,0.07422746517351227,-0.6789756484042981,"cell,growth,performed,roles,survival,tumor"
GSE32213,0.07420631679427454,-0.6793867497270707,"composed,data,integrated,knockdown,patterns,performed,rnaseq,set"
GSE52385,0.07420063992584114,-0.6794971217759511,"cells,change,knockdown,samples,sequencing,sirna"
GSE83849,0.07418658943761852,-0.6797703335587759,"also,cell,cells,regulator,set"
GSE77829,0.07415485258588421,-0.6803876472195377,"also,cells,knockdown,lncap,normalized,rnaseq,samples,sirna"
GSE99407,0.07414075875582354,-0.6806618710972764,"cells,rnaseq"
GSE64854,0.07414066088715705,-0.6806637755117357,"cell,cells,tissue"
GSE89942,0.0741396849692767,-0.6806827659164071,"functions,mirna,mrna,novel,regulates,rnas,rnaseq,set"
GSE66742,0.07413611846632144,-0.6807521686916225,"also,cell,individual,rnas"
GSE94019,0.07412509951551494,-0.6809666143292615,"cell,cells,change,data,growth,illumina,performed,rnaseq,sample,samples,sequencing,sirna"
GSE61398,0.07412399848347725,-0.6809880438486594,"also,cells,mrna,rnas,sequencing,validated"
GSE77901,0.07410623953332875,-0.6813337324176856,"cell,long,noncoding,rnaseq"
GSE92262,0.07407137053611206,-0.682012719347901,"cells,mrna,sequencing"
GSE64233,0.07406155367674915,-0.6822039359112134,"also,cell,cells,data,nfkb,novel,tissue,tumor"
GSE73213,0.07405765207163367,-0.6822799399152109,"cell,cells,data,patterns,promoter,rnaseq"
GSE46502,0.07403792734729953,-0.6826642425697493,"also,cell,cells,novel,rnaseq,tissues,validated"
GSE99179,0.07402316600678921,-0.6829519091314263,"cells,cisregulatory,individual,regulatory,rnas,rnaseq,situ"
GSE71569,0.07402200059728897,-0.6829746228821715,"also,mrna,splicing"
GSE56568,0.0740150959161243,-0.683109201977777,"cell,cells,lincrnaror,long,noncoding,rnas,rnaseq,roles"
GSE51217,0.07400430827426843,-0.6833194889671219,"cells,mirna,sequencing"
GSE74896,0.07399782003826053,-0.6834459810118706,"cell,cells,data,illumina,lncrnas,novel,patterns,sequencing"
GSE37524,0.07399606266898044,-0.6834802438867831,"data,procedure,rnas"
GSE66550,0.07399386843374094,-0.6835230253419163,sequencing
GSE64417,0.07398987514381039,-0.6836008865912907,"circular,tissues"
GSE86610,0.0739789369913113,-0.6838141804356888,"cell,cells"
GSE100210,0.07397692618884846,-0.6838533944915456,"cells,composed,functions,regulatory,rnas,sequencing"
GSE99180,0.07395611662465758,-0.684259278865831,"cell,cells,rnaseq"
GSE65949,0.0739558952721525,-0.6842635968946006,"act,cell,cells,classification,cyclin,illumina,modulates,p53,performed,regulates,samples,sequencing,sirna"
GSE73742,0.07395059081638815,-0.6843670773061973,"cells,data,hiseq,illumina,rnaseq,sample,truseq"
GSE77288,0.07394478239376517,-0.6844803977209739,"also,cell,data,sample,samples,sequencing"
GSE81748,0.07392248814459743,-0.6849154338563036,"cell,cells,change,sequencing"
GSE81747,0.07392021403196009,-0.6849598168522346,"cell,cells,change,sequencing"
GSE93030,0.07390902959611724,-0.6851781191280278,"brd4,cell,cells,novel,regulator,roles"
GSE84913,0.07388565618551082,-0.6856344373464176,"data,illumina,mrna,refer,sequencing,truseq"
GSE66927,0.07387189172762355,-0.6859032278816205,"also,cells,rnaseq,translation"
GSE73109,0.07386497175593043,-0.6860383791040935,"cell,primary,rnaseq"
GSE86910,0.07384562770807354,-0.6864162472080031,"cells,performed,primary,rnaseq"
GSE45144,0.07384205074995552,-0.6864861306240498,"also,cancer,cell,cells,noncoding,patterns,primary,regulates,regulatory,tissue"
GSE94126,0.07383355788640199,-0.6866520701757237,"cells,sequencing"
GSE72534,0.07383041504896316,-0.6867134819865786,"also,cell,cisregulation,cisregulatory,data,matched,novel,predictive,regulatory,rnaseq,set,sirna"
GSE53356,0.07383007674380276,-0.6867200927078527,"cells,data"
GSE86308,0.07382955356400953,-0.6867303160693987,"liver,stage"
GSE40069,0.07382809504636438,-0.6867588170809423,"cells,hepg2,promoter,situ,stat3"
GSE41357,0.07381393043563428,-0.6870356381778139,"cell,cells,performed,primary"
GSE80463,0.07379741145377001,-0.6873585382071824,"cell,functions,novel,sequencing,splicing,tissues"
GSE74620,0.07378421042060809,-0.6876166335565385,"cell,cells,rnaseq"
GSE81087,0.0737801527627597,-0.6876959747027432,"data,pairs,patterns,regulator,factories"
GSE68671,0.07377875676154655,-0.6877232723296212,"cell,cells,mirna,regulatory"
GSE81662,0.07377718754661616,-0.6877539576213436,"also,cells,functions,long,noncoding,patterns,sequencing,splicing"
GSE80591,0.07377065805773736,-0.6878816458460351,"cells,performed,rnaseq"
GSE63344,0.07375445067671293,-0.6881986401329656,"cell,cells,knockdown"
GSE99065,0.07374528255807983,-0.6883779868885593,"cell,data,examination,functions,landscape,noncoding,sequencing"
GSE71421,0.07374348472593116,-0.6884131586995809,"cells,rnaseq"
GSE63346,0.07371717149059447,-0.6889280346740534,"ac,cell"
GSE93877,0.07371148859674942,-0.6890392570478762,"cell,cells,kd,rnaseq"
GSE40632,0.07370261634091457,-0.6892129169498957,"egf,rnaseq,sequencing"
GSE93424,0.07369893360666693,-0.689285006591273,"also,cells,mrna,roles"
GSE57009,0.073698208807309,-0.6892991949862747,"cells,change,data,endometrial,mrna,promoter,rnaseq,sequencing"
GSE52657,0.07368332556182737,-0.6895905745626045,"cells,data,liver,rnaseq,stage"
GSE56701,0.07366631043055638,-0.6899237636532802,"cancer,cells,performed,prostate,rnaseq,survival,tumor,tumors"
GSE75297,0.07362406687554153,-0.690751306770694,"cells,lncrna,regulates,rnaseq,sequencing"
GSE46611,0.07360036760892054,-0.6912157787836702,"regulatory,sequencing"
GSE81144,0.07359170509852478,-0.6913855890264933,sequencing
GSE84197,0.07358691942857266,-0.6914794105624922,"cells,promoter,rnaseq"
GSE74041,0.07357392399511363,-0.69173421268265,"cell,cells,characteristics,stage,stages"
GSE91011,0.07356722167326754,-0.6918656430375322,"long,mrna,noncoding"
GSE74557,0.07356471656950177,-0.6919147703830062,"cancer,cancers,cell,cells,landscape,roles,survival,tumor"
GSE77370,0.07355443408605855,-0.6921164366899364,"also,cancer,cells,doxorubicin,functions,p53,promoter,regulator,rnaseq,tumor"
GSE45910,0.07355436890028004,-0.6921177152429187,sequencing
GSE40111,0.07354979348596163,-0.692207460188843,"cells,data,individual,novel,rnaseq"
GSE55769,0.0735452037631809,-0.6922974913988884,"patterns,rnaseq"
GSE86451,0.07353825838926178,-0.6924337413398544,"cells,fra1,mrna"
GSE71299,0.07353475758787593,-0.6925024227191802,"also,cells,functions,mrna,roles,splicing"
GSE89511,0.07353190243562417,-0.6925584396844727,"also,cell,cells,data,prognosis,regulates,survival"
GSE60559,0.07353087264682504,-0.6925786442697985,"cells,knockdown"
GSE21918,0.07351118822902294,-0.6929649094234063,"cells,data,sequencing"
GSE68401,0.07350857512439675,-0.6930161938629937,"egf,sequencing"
GSE93072,0.07350850020084616,-0.6930176643293956,"rnaseq,tumor"
GSE50958,0.07348469164504819,-0.6934850123099313,"also,cells,illumina,performed,sequencing,treated"
GSE91010,0.07348337812816019,-0.6935108002828345,"long,mrna,noncoding"
GSE73211,0.07348136932776739,-0.6935502394873402,"cell,cells,data,growth,pairs,patterns,primary,set"
GSE75699,0.07347827289325438,-0.6936110345552853,"cells,epithelial,sequencing"
GSE106688,0.07346788147570592,-0.6938150772762991,"cell,cells,integrated,rnaseq,splicing"
GSE97815,0.07346406119066017,-0.6938900984894065,"cells,rnaseq,sequencing"
GSE78172,0.07341805938240738,-0.6947937698491224,"data,sequencing,situ"
GSE63537,0.0734002020697585,-0.6951447160635016,"also,cancer,cells,poor,prognosis,rnaseq,tissue,tumorigenesis"
GSE66388,0.07336570756225927,-0.6958228715826976,"also,cancer,cells,poor,prognosis,rnaseq,tissue,tumorigenesis"
GSE63816,0.07335484742796125,-0.6960364457737822,"also,cells,data,knockdown,splicing,stages"
GSE107363,0.0733284681403577,-0.696555349613263,"novel,rnas,roles,sequencing,tissue"
GSE80467,0.07331604442230359,-0.6967997997622081,"hiseq,illumina,knockdown,mrna,translation"
GSE34780,0.07329152306581371,-0.6972824056786671,"data,examination,patterns"
GSE30222,0.0732706770291998,-0.6976928044558194,"cell,composed,listed,rnaseq,subseries,superseries"
GSE76922,0.07326983993868422,-0.697709286809787,"cell,pairs,performed,rnaseq"
GSE45822,0.07326791626997951,-0.6977471646560507,"adjacent,cells,data,functions,long,noncoding,roles,stabilizing"
GSE38993,0.07326534580513729,-0.697797779742735,"cell,cells,clear,long,noncoding,regulatory,rnas,set"
GSE107030,0.0732593158602432,-0.69791652250592,"cells,data,novel,primary,regulator,set"
GSE62483,0.0732367202332912,-0.6983615666187466,"also,cell,cells,rnaseq"
GSE88946,0.07322923417575923,-0.69850904250323,"also,cells,frozen,growth,samples"
GSE90013,0.07322302845007325,-0.6986313071854836,"cells,epithelial"
GSE90796,0.07321803332752072,-0.698729728194598,"enteric,epithelial,primary"
GSE107581,0.07320270400868911,-0.6990318101638835,cell
GSE54878,0.07319685007637222,-0.6991471853667732,"cell,mrna,rnaseq"
GSE92659,0.07313892631896017,-0.7002893028173501,"cell,data,mrna,novel,rnaseq,roles,translation"
GSE52447,0.07312422772428245,-0.7005792677078199,"also,cells,mrna,performed,sequencing,sirna,translation"
GSE93226,0.07312092143434457,-0.7006445002044241,"cell,cells,sequencing,specic,stage"
GSE53837,0.07311238893890046,-0.7008128584101733,"cell,cisregulatory,nfkb,noncoding,performed,regulatory,tissues"
GSE76684,0.07310491018770522,-0.7009604409101273,"data,regulates,rnaseq"
GSE99687,0.0731008666428238,-0.7010402407959595,cell
GSE59376,0.07310081348498615,-0.7010412899022171,"also,cells,functions,splicing"
GSE30995,0.07309908147844926,-0.7010754726523799,"also,cell,cells,functions,regulates,rnaseq,splicing"
GSE75746,0.07309014479250117,-0.7012518592828345,"cells,sample,set"
GSE79680,0.0730854546115061,-0.701344439725704,"cells,experiment"
GSE66207,0.07308425354664635,-0.7013681487463873,"colon,colonic,data,mirna,mrna,novel,rnaseq,sequencing,tissue"
GSE75299,0.07307444093069666,-0.7015618643845934,"also,cell,rnaseq,tumor,tumors"
GSE107149,0.07307292022561554,-0.7015918876934224,"cell,cells,primary,rnaseq"
GSE94989,0.07305067984413571,-0.7020310513644636,"cell,cells,data,illumina,mrna,performed,regulates,sequencing,treated"
GSE61071,0.07303930813525773,-0.7022556513971523,"cells,splicing"
GSE69827,0.07303266225805236,-0.7023869287951001,"cell,cells,ruxolitinib,novel"
GSE60585,0.0730046723033443,-0.7029399513419408,"functions,mrna,promoter,regulates,rnaseq"
GSE94280,0.07300336550908407,-0.7029657760242939,"cell,cells,mrna,tissue,tumorigenesis"
GSE73986,0.07297933507171418,-0.7034407445376742,"also,cell,cells,novel"
GSE78785,0.0729611423470988,-0.7038004330104413,"also,characterization,data,landscape,novel,performed,poor,prognosis,rnaseq,splicing,survival,tumor,u2af1"
GSE60664,0.0729463162202577,-0.7040936267916624,"cell,cells,data,heterogeneity,integrated,invasive,knockdown,landscape,primary,regulatory,tumor,tumors"
GSE96774,0.07294523642237917,-0.7041149826414881,"also,cells,functions,primary,survival"
GSE87040,0.0729411466159008,-0.704195872213266,"also,cell,cells,characterization,landscape,rnaseq,set"
GSE37037,0.07292939154124843,-0.7044283932988425,"cell,cells,knockdown,tumor"
GSE97156,0.07292299723474861,-0.7045548915257216,"cell,performed,rnaseq,tissue"
GSE74716,0.0729160998558986,-0.7046913544422916,"also,cells,epithelial,knockdown,mcf10a,novel,regulates,swisnf"
GSE66590,0.07290631330907928,-0.7048850009782173,"data,patterns,rnaseq"
GSE66592,0.07290631330907928,-0.7048850009782173,"data,patterns,rnaseq"
GSE57561,0.07289683855044687,-0.7050725029236485,"cells,data,rnaseq,treated"
GSE72259,0.07285914203988486,-0.7058187442763386,"cell,cells,integrated,promoter,rnas,treated"
GSE70830,0.07285893437320035,-0.7058228563220543,"also,cell,cells,change,data,hiseq,illumina,novel,performed,primary,rnaseq,sequencing,splicing,trueseq,validated"
GSE70000,0.07285463667867431,-0.7059079583827202,"brd4,rnaseq"
GSE101519,0.0728522782388479,-0.7059546618551534,"cell,cells,novel,samples,sequencing"
GSE101518,0.07285022948160705,-0.7059952340039489,"cell,cells,novel,samples,sequencing"
GSE95413,0.07284993566595022,-0.7060010526163112,"cancer,data,novel,prostate"
GSE54760,0.07284225411251018,-0.7061531834763304,"regulatory,rnaseq"
GSE15780,0.07283703484983522,-0.7062565585605322,"functions,mrna,roles,tumor"
GSE94631,0.07281806244980853,-0.7066323969361817,rnaseq
GSE92625,0.07280707040195451,-0.7068501913875619,"also,cancer,cell,cells,roles"
GSE84022,0.07279291998468207,-0.7071306136161009,"cell,change,promoter,regulator"
GSE50676,0.07278906714830324,-0.7072069756447813,"cells,landscape,noncoding,rnas,splicing"
GSE84285,0.0727816515752589,-0.7073539613924575,"cells,functions,modulates,mrna,novel,rnaseq,splicing"
GSE37003,0.07278078964064655,-0.7073710469645382,"landscape,novel,sequencing"
GSE102943,0.07277705294206062,-0.7074451194627938,"also,cell,cells,mirna,mrna,promoter,rnaseq,roles"
GSE37002,0.07276963153789948,-0.7075922450813162,"landscape,novel,sequencing"
GSE73929,0.07275381735652517,-0.7079058033608592,"cell,functions,growth,regulator,rnaseq,set,tissues,translation"
GSE75217,0.07274704778008578,-0.7080400490831221,"cell,cells,knockdown,regulates,regulator"
GSE62056,0.07273889621700602,-0.7082017172047269,"cell,panel,rnaseq"
GSE44568,0.07272818971187299,-0.7084140844462913,"also,cell,cells,mirna,rnaseq,roles,set"
GSE70084,0.07270934334963172,-0.7087879845382982,"mrna,sequencing"
GSE44585,0.07270177481918638,-0.7089381667456516,"cells,growth,tumor"
GSE84068,0.07270021914363671,-0.7089690379234073,mrna
GSE87399,0.07269888845109024,-0.7089954450117253,"cells,modulates"
GSE46322,0.07268837603746842,-0.7092040768623864,"cells,mir23a,rnaseq"
GSE87515,0.07268540267889453,-0.7092630923149364,"cell,cells,integrated,long,noncoding,novel,regulates,roles,tumor,tumorigenesis"
GSE79779,0.07267689655094299,-0.709431935937965,"cell,cells,cisregulatory,novel,performed,promoter,sequencing"
GSE59100,0.07266396036968199,-0.7096887524312482,"cell,novel,regulatory,survival"
GSE61566,0.072656351564275,-0.709839828157576,"cell,cells,characterization,data,primary,rnaseq,stage,validated"
GSE65943,0.07265357243249945,-0.7098950128210975,"cells,patterns,rnaseq"
GSE53327,0.07263804261013142,-0.7102034242568847,"also,array,noncoding,regulatory,sequencing,splicing"
GSE58107,0.07262582617020479,-0.7104460805690012,"cells,characterization,cdk,knockdown,performed,rnaseq"
GSE84070,0.07262039107124839,-0.7105540515780054,"cell,cells,clear,functions,panel,rnaseq,validated"
GSE74142,0.07261345490511893,-0.7106918537882005,"also,cancer,cells,functions,individual,knockdown,regulator,roles,sequencing"
GSE98177,0.07259255292407467,-0.7111071972723501,"cells,performed,rnaseq"
GSE68538,0.07259240098302541,-0.7111102169323404,"mrna,regulates"
GSE29160,0.07258517289621094,-0.7112538744509548,sequencing
GSE89446,0.07258199511018756,-0.7113170371646816,"invasive,poor,prognosis,subgroup"
GSE77946,0.07255951873172274,-0.711763863977345,"also,cell,data,knockdown,kras,landscape,performed,primary,sequencing,stage,swisnf"
GSE63265,0.07255720223082267,-0.711809923512578,"cell,mrna,survival,translation,tumor"
GSE64677,0.07254526949296412,-0.7120472082613083,"data,liver,mirna,mrna,rnaseq,sequencing"
GSE69567,0.07252953600605883,-0.7123601312880885,"also,biochemically,cell,data,individual,novel,rnaseq,swisnf"
GSE71095,0.07252583701397589,-0.7124337103279322,"cells,illumina,sample,samples,sequencing,truseq"
GSE55271,0.07252184463048811,-0.7125131296167523,"cell,cells,epithelial,primary,receptordependent"
GSE107590,0.07251886179899723,-0.7125724690436792,"mrna,translation"
GSE49133,0.07251626880281166,-0.712624055203844,"cells,kd,performed"
GSE101708,0.07250003360131857,-0.7129470870891074,"cells,roles"
GSE104280,0.07248202347633743,-0.7133055192793173,samples
GSE89725,0.0724652889531707,-0.7136386446513838,"cell,mrna,samples,sequencing"
GSE75440,0.07246118886597219,-0.7137202746690188,"cells,data,hiseq,illumina,noncoding,regulates,rnaseq,sample,truseq"
GSE105142,0.07244497735253481,-0.7140430803956391,"cell,cells,mrna,nfkb,samples,set,tumors"
GSE33592,0.07242508431554882,-0.7144392918096171,"cells,mcf10a"
GSE98720,0.07240935020825497,-0.7147527465309285,"cell,rnaseq"
GSE102718,0.07240935020825497,-0.7147527465309285,"cell,rnaseq"
GSE70803,0.07239993122797705,-0.714940423950795,"cells,rnaseq"
GSE79293,0.07239200429712751,-0.7150983905363794,"data,illumina,rnaseq"
GSE66306,0.07239112819364268,-0.7151158504452946,"rnaseq,tissue"
GSE70831,0.07238941329547328,-0.7151500273458545,"mrna,nfkb"
GSE64185,0.07237216971405833,-0.7154937266754005,"also,cells,epithelial,nfkb,novel,regulates,rnaseq"
GSE100688,0.07236745684293669,-0.7155876779444437,"cells,epithelial"
GSE86146,0.07236368319519994,-0.7156629101698744,"cell,cells,heterogeneity,individual,performed,rnaseq,stages"
GSE69352,0.07234010274001731,-0.716133103894733,"cell,cells,data,mrna,panel,regulatory,sequencing,splicing"
GSE65778,0.07232528559876762,-0.7164286357634309,"cells,integrated,mrna,translation"
GSE87328,0.07232425791431932,-0.7164491354514517,"knockdown,modulates,mrna,sequencing,translation"
GSE50721,0.07232344720898047,-0.7164653071642485,"cell,rnaseq,tumors"
GSE76747,0.07231825161924993,-0.7165689515711201,"cell,growth,mrna,rnaseq,samples"
GSE65952,0.07230934477560562,-0.7167466473842592,"cells,functions,performed,primary,sequencing,treated"
GSE66385,0.07229989836851598,-0.7169351316662527,"cells,mrna,regulatory,sequencing,suppressive"
GSE69687,0.07229414001216093,-0.7170500403063947,"cancers,cell"
GSE56788,0.07228055108271025,-0.717321245190718,"cells,knockdown,rnaseq"
GSE59841,0.0722760066881896,-0.7174119526002196,"cell,progression,treated"
GSE83299,0.07227392083286813,-0.7174535887764548,"rnaseq,sirna,treated"
GSE94947,0.07224670487484972,-0.7179969621245575,"cells,functions,rnaseq"
GSE52090,0.07222860956150483,-0.7183583528446865,"cell,cells,rnaseq,roles"
GSE41166,0.07220506427876086,-0.7188287232513763,"cell,cells,growth,regulator,sequencing"
GSE108465,0.07219592723290912,-0.7190112977699896,"cells,sequencing"
GSE81239,0.07217509252108799,-0.7194276990073374,"cell,cells,knockdown,regulatory"
GSE19481,0.07217218149247823,-0.7194858882120654,"also,cell,nfkb,regulator,rnaseq,sequencing"
GSE92341,0.07216897794126195,-0.719549927429595,"cell,cells,sequencing"
GSE97259,0.07214944963541807,-0.7199403611481846,"cells,sequencing,validated"
GSE68938,0.07214641310273733,-0.7200010807080877,"cells,characteristics,functions,ilf2,rnaseq,sequencing"
GSE93814,0.07214240304209919,-0.7200812711864956,"cell,cells,rnaseq"
GSE83549,0.07213702816836928,-0.7201887612647984,"change,characterization,lncrna,mrna,performed,rnaseq,samples,set"
GSE19466,0.07213258969992589,-0.7202775305636855,"also,cell,nfkb,regulator,rnaseq,sequencing"
GSE75184,0.07213189051558534,-0.720291514737465,"cell,cells,performed,regulatory"
GSE81802,0.07211783830404175,-0.7205725974977237,"cells,characteristics,novel,sequencing,translation"
GSE55458,0.07209102455327634,-0.7211090980280824,"cells,epithelial,rnaseq"
GSE78506,0.0720510874193638,-0.7219085466517885,"cells,data,growth,knockdown,rnaseq,roles"
GSE93619,0.07204260020060485,-0.7220784981414183,"also,cells,novel,performed,promoter,rnaseq,translation"
GSE56010,0.07203811416278375,-0.7221683364594531,"cell,knockdown"
GSE83601,0.07203568594215967,-0.7222169668398597,"performed,rnaseq,sample,set"
GSE76389,0.07203395681247497,-0.722251597408432,"autophagy,cells,epithelial,knockdown,novel,sequencing"
GSE86791,0.07201496566686522,-0.7226320019443239,"rnaseq,splicing"
GSE86940,0.07198861305233742,-0.7231600275261357,"cells,data,rnaseq"
GSE58345,0.07197456382557085,-0.7234416099458677,"cells,data,egfr,heterogeneity,primary,regulatory,tumor,tumors"
GSE84204,0.07192000656996664,-0.724535598213249,"cell,cells,functions,rnaseq"
GSE46224,0.0719085494187326,-0.7247654437427321,"noncoding,sequencing"
GSE122093,0.07190824164280173,-0.7247716186379709,"also,cells,data,mcf10a,performed,regulates,regulatory,rnaseq,treated"
GSE116346,0.07190786815267747,-0.7247791119897359,"cell,cdk,integrated,modulates,tumor"
GSE87042,0.07190204428162107,-0.7248959616526586,"cell,cells,change,data,integrated,landscape,performed,stage,tumorigenesis,tumors"
GSE81810,0.07190097117964178,-0.7249174933138541,"also,cell,cells,data,facilitates,p53,performed,sample,samples,sequencing"
GSE60196,0.07189155686281865,-0.7251064042176182,"cells,novel,rnas,splicing"
GSE59364,0.07188798992424068,-0.725177986090195,"functions,novel,primary,rnaseq"
GSE109484,0.0718805386923275,-0.7253275300194922,"individual,rnaseq,samples,sequencing,tissues"
GSE109313,0.0718805386923275,-0.7253275300194922,"individual,rnaseq,samples,sequencing,tissues"
GSE82115,0.07182862021004054,-0.72636994848129,"novel,p53"
GSE88956,0.07182726661540441,-0.7263971360099338,"cells,mrna,primary,regulator,rnaseq"
GSE65634,0.07176329104393259,-0.7276826975024469,"cell,cells,mrna,patterns,sequencing,set"
GSE46561,0.07175615064335022,-0.7278262518585332,"also,cancer,cells,integrated,promoter,regulatory,tissue"
GSE93627,0.07175386872422264,-0.727872131768854,"also,cell,rnaseq"
GSE54333,0.07175147577931519,-0.7279202455135142,"data,novel,rnaseq"
GSE74439,0.07174606061639235,-0.7280291314065312,"also,cells,drosophila,novel,regulates,tissues"
GSE100520,0.07173693366968091,-0.7282126709380601,"rnasel,translation"
GSE65999,0.07171684719084345,-0.7286166848779266,"cell,data,functions,mrna,novel,regulatory,roles,sequencing,splicing,tissues"
GSE59688,0.07171101074581152,-0.7287340987531638,"rnaseq,tumor"
GSE65830,0.07168892274531599,-0.7291785375789602,"cells,noncoding,paired,promoter,rnas,sequencing"
GSE74658,0.07168115472707408,-0.7293348725911706,"also,cells,growth,matched,rnaseq"
GSE58663,0.07167491290854615,-0.7294605043944222,cell
GSE122383,0.07166660269089038,-0.7296277847495095,"cell,cells,landscape,regulator,regulatory,rnaseq,survival,tissue"
GSE71709,0.07166528445456181,-0.7296543219430379,"cells,normalized,novel,rnas,sequencing"
GSE38233,0.07165476842167157,-0.7298660359108093,"also,functions,roles,sequencing,splicing,translation"
GSE47636,0.07164402689927339,-0.7300823216247229,"cell,cells,gata3,heterogeneity,regulatory,set"
GSE71557,0.07162415016883625,-0.7304826346768128,"cell,individual,promoter,regulatory"
GSE89062,0.0716213453629429,-0.7305391318048864,"act,also,cells,data,integrated,novel,samples,treated"
GSE71740,0.07160340783248886,-0.7309004993169926,"cell,kdm1a,rnaseq"
GSE103461,0.07159426296018943,-0.7310847657489933,"cell,cells,growth,mrna,rnaseq,sample,samples,situ"
GSE62448,0.0715920843152613,-0.7311286682619592,"cell,performed,regulator"
GSE52642,0.07159163683807872,-0.7311376856712993,"also,cells,growth,primary,regulator,sequencing"
GSE52848,0.07158940275554114,-0.7311827069926601,"cells,data"
GSE85455,0.07158469637522862,-0.7312775547560627,"cells,mrna,regulates,survival"
GSE98752,0.07157408123298799,-0.7314915047960507,"performed,promoter,rnaseq,sequencing"
GSE94502,0.0715727180519779,-0.7315189822456751,"data,novel,regulates,rnaseq"
GSE86190,0.07156542620555754,-0.7316659718651541,"cells,rnaseq"
GSE125642,0.07154773658198514,-0.7320226229493172,"cells,epithelial"
GSE95623,0.07153932103876759,-0.732192324705468,"also,cell,cells,noncoding,normalized,performed,rnas,rnaseq,samples"
GSE100040,0.07153613766199095,-0.7322565235824997,"also,cells,regulates,regulatory,roles"
GSE87189,0.07153198033997812,-0.732340368228487,"cells,mrna,rnaseq,treated"
GSE95352,0.07152948740906719,-0.7323906478617024,"cancers,cells,data,novel,primary,rnaseq,samples,splicing,u2af1"
GSE103122,0.07151531323296521,-0.7326765584791616,"cell,cells,data,rnaseq,samples"
GSE53510,0.07150694561616724,-0.7328453702343302,"also,cells,noncoding,regulatory,rnas,roles"
GSE52666,0.07149664681738173,-0.7330531695729038,"progression,tumor"
GSE78801,0.07148318983393415,-0.7333247368623508,"cells,growth,performed,tumor"
GSE76627,0.07147720739998634,-0.7334454811798118,"act,cell,rnaseq,translation"
GSE97038,0.07147194993338994,-0.7335516017212849,"cells,characteristics,data,lung,novel,tissue"
GSE101655,0.07145666576962445,-0.7338601527730699,"cell,cells,data,rnaseq,sequencing"
GSE79160,0.07144041998986635,-0.7341881889379615,"cells,knockdown,rnaseq"
GSE49833,0.07142900456840047,-0.7344187347251295,"cells,knockdown,rnaseq"
GSE87495,0.07142225561067808,-0.7345550539684083,"cell,cells,mrna,performed,sirna"
GSE80258,0.07141767938395652,-0.7346474944977279,"also,cells,drosha,mirna,primary,promoter,regulatory"
GSE90897,0.07141574426266879,-0.7346865860466694,"cell,cells,data"
GSE97725,0.07139833220102189,-0.7350383762306083,"cells,mrna,promoter,set"
GSE105248,0.07137393402093326,-0.7355314570605858,"cells,cricket,mrna,rnas,translation"
GSE52665,0.07136936899226289,-0.7356237338131544,samples
GSE79835,0.07136588166892338,-0.7356942299809278,"cells,facilitates,regulates,rnaseq"
GSE72712,0.0713653850968483,-0.7357042684551373,"also,cell,cells,data,primary,samples,tissue,tissues,treated"
GSE45442,0.0713640766987075,-0.7357307187686964,"also,cell,cells,drosophila,functions,regulates,rnaseq"
GSE40524,0.0713607651006624,-0.735797667535536,"mrna,novel,performed,rnaseq,samples,set,splicing,tissue"
GSE93292,0.07134425824424116,-0.7361314239716811,"cells,sirna,treated"
GSE97710,0.07133684269011684,-0.7362813861334556,"ascl1,cell,performed,rnaseq,sequencing"
GSE81518,0.07133670821130675,-0.7362841057953858,"cells,primary,rnaseq,samples"
GSE103075,0.07132471233938677,-0.7365267275904595,"also,cells,functions,patterns,performed,rnaseq"
GSE72379,0.07131842122747512,-0.7366539844129303,"cells,landscape,rnaseq,roles,stage"
GSE56148,0.07131720085197282,-0.7366786715094572,"cell,frozen,functions,hiseq,illumina,matched,novel,rnaseq,sample,sequencing,tissue,translation,truseq"
GSE98428,0.07131431765419226,-0.7367369976800549,"mrna,sequencing"
GSE78003,0.07128547978707771,-0.7373205083047494,"cell,functions,knockdown,novel,regulates,regulatory,rnaseq"
GSE103658,0.07126700606417016,-0.7376944330162761,"also,cell,tumor,tumors"
GSE125778,0.07126360116032347,-0.7377633619009686,"cells,sequencing,treated"
GSE71858,0.071255270238836,-0.7379320269908852,"cell,cells,characterization,data,individual,primary,tissues"
GSE57871,0.07122325863766087,-0.7385803068321716,"cells,knockdown,rnaseq"
GSE75990,0.0712209080010033,-0.7386279220055991,"cell,cells"
GSE102040,0.0712151553992976,-0.7387444549925326,"mrna,translation"
GSE121425,0.07121125836423009,-0.7388234042972143,rnaseq
GSE65683,0.07119975688966235,-0.739056435714458,sequencing
GSE98431,0.07119486270272832,-0.7391556082708636,"mrna,sequencing"
GSE110278,0.07118627302540738,-0.7393296802759141,"cells,regulatory"
GSE66446,0.07117722844263322,-0.7395129937600332,"data,glucose,long,mrna,performed,sequencing,tissue,treated"
GSE28115,0.07116894222735066,-0.7396809572767631,"also,cell,cells,data,primary,regulates,splicing"
GSE92541,0.07116743653161259,-0.739711480180232,"cell,cells,regulator,tissue"
GSE71203,0.07116111493546438,-0.7398396362715506,"breast,cell,cells,rnaseq,tissue"
GSE106394,0.07114842434303378,-0.7400969437564445,"cells,change,knockdown,sequencing,tumorigenesis"
GSE32991,0.07114623387956731,-0.7401413610356321,"also,cell,cells,growth,sequencing,stage"
GSE98386,0.07111740014229995,-0.7407261667116789,"endometrial,novel,rnaseq,tissue"
GSE62982,0.07107931117238926,-0.741499050540129,"cells,functions,sequencing,sirna"
GSE90552,0.07105251237336888,-0.7420430876732935,"also,cell,cells,data,primary,rnaseq,treated"
GSE94963,0.0710338291051823,-0.742422494423235,"cell,cells,data,rnaseq"
GSE79933,0.07103324308449106,-0.7424343965358368,"mirna,mrna,patterns,primary,regulatory,rnaseq,samples,treated"
GSE60630,0.07103073187334313,-0.7424854004848844,"cell,cells,performed,rnaseq,samples,stabilizing"
GSE65838,0.07102935522191976,-0.7425133617261056,"also,cell,cells,patterns,rnas,stroma"
GSE64712,0.07102198441943378,-0.7426630797115931,"cell,cells,characterization,nfkb,performed"
GSE108923,0.0710070846176345,-0.7429657764819182,"cells,data,novel,roles,tissue"
GSE94588,0.07099827467763792,-0.7431447846098224,"cell,cells,facilitates,nonmalignant,promoter"
GSE44615,0.0709827756804115,-0.7434597608192494,"also,cell,cells,mirna,roles,set"
GSE76528,0.0709305242384321,-0.7445221404506517,"cell,circular,long,noncoding,rnas,rnaseq,sequencing"
GSE52201,0.07092380073787617,-0.7446588999173559,"also,functions,kdm1a,regulator"
GSE89448,0.07092304540959042,-0.7446742644940341,"invasive,poor,prognosis,subgroup"
GSE77913,0.07088160411063867,-0.7455174971861922,"rnaseq,splicing"
GSE76240,0.0708738489952845,-0.7456753502525683,"also,cells,landscape,medullary,regulator,rnaseq,airedependent"
GSE62854,0.07085778744040291,-0.7460023333631645,"cell,cells,endometrial,knockdown,promoter,sequencing,sirna,surrounding"
GSE53844,0.07085288660507873,-0.7461021199299684,"data,immunohistochemistry,mrna,patterns,sequencing,tissue,tumor,validated"
GSE87497,0.07084110693511299,-0.7463419956093452,"also,cell,cells,functions,rnaseq,sequencing,sirna,treated"
GSE69797,0.07082457357109745,-0.7466787405753453,"cell,cells,experiment,rnaseq,stage"
GSE66962,0.07082348356078794,-0.7467009442327753,"cells,knockdown,rnaseq"
GSE62171,0.07081736107123608,-0.7468256665237615,"cells,regulates,regulator"
GSE77382,0.07080629287542023,-0.7470511660191159,"cell,cells,tissue,treated"
GSE79684,0.07080137277804431,-0.7471514176552833,"cell,cells,kd"
GSE77381,0.07079807242240048,-0.7472186694261449,"cell,cells,tissue,treated"
GSE95297,0.07077421430177416,-0.7477049226814225,"cell,cells,characteristics,primary,sequencing,translation"
GSE67617,0.07076801763375275,-0.7478312440218168,"also,cells,mrna,set,splicing"
GSE76801,0.07075016833538823,-0.7481951703143145,"cells,sirna"
GSE70871,0.07074135895846197,-0.7483748170347133,"cells,rnaseq"
GSE57826,0.07073714659024692,-0.7484607263777963,rnaseq
GSE66304,0.07073023913679516,-0.7486016118376744,"cell,splicing,tissue"
GSE63079,0.07072645790121757,-0.7486787403148941,"array,cell,growth,nfkb,rnaseq"
GSE61966,0.07071801125251817,-0.7488510473450402,"cell,novel,regulator,regulatory,rnaseq,set"
GSE75627,0.07071557785751813,-0.7489006910954606,rnaseq
GSE68395,0.07069762980196248,-0.7492669025874609,"patterns,rnaseq"
GSE105216,0.07069598165054257,-0.7493005360714045,cell
GSE33154,0.07069294208218252,-0.7493625659685759,"cells,regulatory,rnaseq,set"
GSE100223,0.07069117738329676,-0.7493985802301619,"also,cell,cells,rnaseq,tumor,tumors"
GSE18156,0.07068716781421899,-0.7494804115094582,"cisregulatory,data,mrna,sequencing"
GSE97140,0.07068421098102497,-0.7495407604799886,"also,cells,data,modulates,mrna,novel,set,translation"
GSE66798,0.07067615882980996,-0.749705117699123,"cell,cells,regulates,set,stages"
GSE83266,0.07067252089685587,-0.7497793798407045,cell
GSE94055,0.07067028320687949,-0.7498250603301033,"cell,cells"
GSE81214,0.07066298078716918,-0.7499741429227529,"cell,cells,regulates,rnaseq,samples,specifying"
GSE94993,0.07064991812662597,-0.7502408621788866,"also,data,rnaseq"
GSE81673,0.07064894092910004,-0.7502608170183533,"cell,cells,rnaseq"
GSE67945,0.07064456484927428,-0.7503501820409054,"cells,colon,tumors"
GSE93236,0.07064436938920202,-0.7503541737091627,"cells,characterization,knockdown,novel,regulates,regulatory,roles,sequencing"
GSE104527,0.07063963943417345,-0.7504507717986806,"cells,change,individual,ccd011,matched,mrna,rnaseq,samples"
GSE55534,0.0706290690904649,-0.750666669326683,"cells,individual,roles,splicing"
GSE66553,0.07062490464374757,-0.7507517363371189,u2af1
GSE93871,0.07062369497648513,-0.7507764471089831,"cells,regulates,regulatory,set"
GSE100813,0.07059912753172355,-0.7512783961630084,"cells,functions,rnaseq,sirna"
GSE81817,0.07059703647536508,-0.7513211275879026,"mrna,tumors,tumours"
GSE87476,0.07058563842580196,-0.7515540727368419,"cell,cells,patterns"
GSE61586,0.07058113158522554,-0.7516461906843076,"also,cancer,cells,landscape,samples,survival,tumorigenesis"
GSE49608,0.0705785872496971,-0.7516981984423272,"cells,performed"
GSE74999,0.07055447515526433,-0.7521911573395448,"cells,knockdown,regulatory,rnaseq"
GSE103868,0.07055331317156356,-0.7522149177306985,"cell,cells,treated"
GSE56648,0.07054942196820431,-0.7522944884035894,"cell,mirna,noncoding"
GSE69596,0.07054760035805394,-0.7523317397627916,"cell,cells,gata3,ilc3,rnaseq,tissue"
GSE87110,0.07054358677690281,-0.7524138196395305,"cell,cells,data,epithelial,rnaseq"
GSE92547,0.07052659528580071,-0.752761356442991,"also,cells,novel"
GSE59386,0.07050470645640419,-0.7532091847688265,"cell,cells,characterization,rnaseq,tissue"
GSE73502,0.07049818768336318,-0.7533425806342521,"long,mrna,roles"
GSE68341,0.07049465929464264,-0.7534147883954205,"cell,cells,characterization,promoter,rnaseq,sequencing"
GSE72460,0.07048853144259597,-0.7535402022368631,"change,primary,rnaseq,sequencing"
GSE58464,0.07047335056482769,-0.7538509440749462,"cell,evs"
GSE85159,0.07046667039797129,-0.7539877035778526,"cell,cells"
GSE99937,0.07045602621995042,-0.7542056429622497,"also,cell,cells,cisregulatory,data,knockdown,regulatory,rnaseq,roles,specifying"
GSE101872,0.07042427356632742,-0.7548559737290377,"data,rnaseq,splicing"
GSE86986,0.07042155835506685,-0.7549115979781567,set
GSE94147,0.07042015155715779,-0.7549404187070197,"cell,cells,rnaseq"
GSE89980,0.07040824750611502,-0.7551843171758094,"primary,rnaseq"
GSE49601,0.07039372635170303,-0.7554818925145412,sequencing
GSE89970,0.07038472549341139,-0.7556663737823572,"also,landscape,sirna"
GSE89790,0.0703742534285214,-0.7558810385409149,"cells,drosha"
GSE79272,0.07033598274964355,-0.7566658132877933,"cells,experiment"
GSE56796,0.07032641914561906,-0.7568619902893875,"cells,change,data,long,noncoding,patterns,rnas,rnaseq"
GSE90889,0.0703199180255084,-0.7569953621771905,"data,rnaseq,treated"
GSE40137,0.07031946284917531,-0.7570047006801675,"cells,mrna,regulator,regulatory"
GSE101467,0.0703188829972444,-0.7570165971441103,"cell,cells,novel,regulates"
GSE41264,0.07031411857928498,-0.7571143494794563,"cells,translation"
GSE67382,0.07030723553174655,-0.7572555817783573,"also,data,epithelial,functions,pairs,tissue"
GSE39682,0.0703032913119894,-0.7573365189089267,"also,cell,follicular,mrna,novel,ovarian"
GSE61332,0.07029328765202904,-0.7575418187924124,"cells,data,promoter,sequencing"
GSE101628,0.0702908423635413,-0.7575920066133959,"cells,treated"
GSE81826,0.070287726152474,-0.7576559671772478,"cell,cells,primary,stage"
GSE101629,0.07028610403981264,-0.7576892623345216,"cells,treated"
GSE77926,0.07027850210212411,-0.75784530841349,"cells,data,mrna,splicing"
GSE35774,0.07026807943066071,-0.7580592835425415,"cell,cells,data,novel"
GSE101923,0.07026433817281656,-0.7581360984758041,"cell,cells,data,growth,novel,treated,tumor"
GSE95437,0.07025561931903189,-0.7583151285204759,"colon,landscape,noncoding,promoter,regulatory"
GSE76495,0.07024835981358292,-0.758464209743435,"cell,rnaseq"
GSE74053,0.07024755995319236,-0.7584806366207535,"cells,primary,regulatory,rnaseq,translation"
GSE99298,0.07024529289472961,-0.7585271966262711,"a549,cell,cells"
GSE97589,0.07021757758110078,-0.7590965249606906,"cell,landscape"
GSE81043,0.07021645626889092,-0.7591195637002345,"also,cancers,cell,cells,growth,knockdown,novel,regulator,tumor,tumors"
GSE61130,0.07019383419661229,-0.7595844406215086,"cells,rnaseq"
GSE86244,0.07019093603571336,-0.7596440078003454,"cell,cells,data,functions,primary,rnaseq,tissue,translation"
GSE113964,0.07017879232849439,-0.7598936295162336,"illumina,rnaseq,sequencing"
GSE64588,0.07017864143460906,-0.7598967315088282,"primary,treated"
GSE69737,0.07017371862411391,-0.759997935568219,"cell,sequencing,tumor"
GSE67645,0.07016159430594313,-0.7602472198485253,"cell,promoter,tissue"
GSE78220,0.07016145324916165,-0.7602501203259974,"also,cancer,cancers,cell,mrna,patterns,survival,tumors"
GSE63234,0.07015522057705666,-0.7603782853529765,"cells,data,epithelial,promoter"
GSE100081,0.07015092929557408,-0.7604665353765357,"cells,functions,lncrna,lncrnas,long,noncoding,performed,regulates,rnas,rnaseq"
GSE69905,0.07014874269559994,-0.7605115047894301,"cell,cells"
GSE92478,0.07014266228121213,-0.7606365613984332,"cells,sequencing"
GSE84815,0.07012042255077336,-0.7610940609482546,"cell,rnaseq,stage,stages"
GSE86577,0.07012018329600422,-0.7610989835121136,"cell,characterization"
GSE79426,0.07011233430632814,-0.7612604824096176,"a549,cells,data,regulates"
GSE28864,0.070108496491517,-0.7613394549326837,"data,procedure,set"
GSE111049,0.07010012582363179,-0.7615117171068905,"data,functions,modulates,set"
GSE92472,0.0700599614570286,-0.7623385564051411,"also,change,lncrna,lncrnas,long,noncoding,novel,performed,rnas,rnaseq"
GSE52490,0.07005970403502763,-0.7623438573233657,"cells,rnaseq"
GSE93590,0.07005532807226791,-0.7624339715627828,cells
GSE28859,0.07003592021076563,-0.76283370567988,"data,procedure,set"
GSE71541,0.07001688495593894,-0.7632258730181484,"cell,cells,performed,sequencing"
GSE80525,0.07000702574663094,-0.7634290359255101,"cells,mrna"
GSE72407,0.07000434697562369,-0.7634842407217085,"cells,treated"
GSE77128,0.07000036836427227,-0.7635662368581092,"cell,cells,sequencing"
GSE57501,0.06998800844066237,-0.7638209951594922,"cells,rnaseq,survival"
GSE73588,0.06998305510149253,-0.7639231042337296,"cells,treated"
GSE79989,0.06996380559793595,-0.7643199857837264,"characterization,long,tumors"
GSE48918,0.06996186293019437,-0.7643600452974174,"also,landscape,novel,sequencing"
GSE66014,0.06995508236988332,-0.7644998751189143,cell
GSE81626,0.06988994827856827,-0.7658437718150246,"cell,cells,change,functions,illumina,mrna,p53,performed,rnaseq,sample,samples,sequencing,sirna,treated,truseq,tumor"
GSE95516,0.06988768340478968,-0.7658905249632865,"cells,landscape,rnaseq,roles,stage"
GSE108526,0.06986899326662117,-0.7662763980457352,"cells,regulatory"
GSE44646,0.06984867195254235,-0.766696065225352,"cells,data,rnaseq"
GSE71275,0.06982887310792102,-0.7671050600302003,"patterns,insulator"
GSE103672,0.0698277465515713,-0.7671283353645599,"cell,cells,data,functions,hiseq,illumina,integrated,novel,rnaseq,sequencing"
GSE65540,0.06981450596510526,-0.7674019220211198,"cells,functions,rnaseq,tissue"
GSE82320,0.0698111301869375,-0.7674716831130928,regulates
GSE75364,0.06978281068519343,-0.7680570438390938,"also,cell,cells"
GSE26501,0.06977081717991644,-0.7683050197734107,"cells,facilitates,gata1bound,landscape,surrounding"
GSE80064,0.06976107136816172,-0.7685065541245494,"also,cell,functions"
GSE107680,0.06975056895464994,-0.7687237658193495,"cell,cells,data,knockdown,mirna"
GSE68925,0.06974486608909404,-0.7688417266093691,"also,cancer,cell,cells,growth,heterogeneity,knockdown,novel,primary"
GSE94969,0.06970575699273651,-0.7696509377781827,"mirna,primary"
GSE36952,0.06968478282817045,-0.770085103876879,"illumina,performed,rnaseq,sequencing"
GSE102870,0.06967475631474275,-0.7702926992996749,"cells,rnaseq,treated"
GSE92506,0.06966485425232634,-0.7704977473302907,"cells,performed,rnaseq"
GSE76308,0.06965910057624702,-0.770616905589349,"also,cell,cells,glucose"
GSE29282,0.06965173303787339,-0.7707695012031912,"cells,promoter"
GSE89840,0.06965167290969233,-0.770770746637616,"also,cells,promoter,rnaseq"
GSE100359,0.06965077956002054,-0.7707892507072637,"cells,integrated,treated"
GSE60271,0.06964730848407513,-0.7708611498140544,"functions,refer,situ"
GSE84335,0.06963222952844147,-0.7711735335986346,"caco2,cells,epithelial"
GSE84337,0.06963004620411743,-0.7712187701303319,"caco2,cells,epithelial"
GSE97632,0.06962830355607318,-0.7712548772606537,"cells,rnaseq"
GSE37061,0.06961377187972659,-0.7715560043073675,"cell,cells"
GSE65354,0.06960267751589119,-0.7717859452919351,"cell,cells,novel,sequencing,survival"
GSE58492,0.06958839733708808,-0.7720819692034727,cells
GSE84336,0.06958791903194815,-0.7720918853798943,"caco2,cells,epithelial"
GSE56144,0.0695838406269994,-0.7721764412497115,"also,cells,data,novel,regulatory,rnaseq"
GSE73458,0.0695774305767952,-0.7723093481650909,"performed,rnaseq"
GSE48843,0.06957236844854126,-0.7724143157235449,"cells,primary,rnaseq,sequencing,treated"
GSE76947,0.06957118895329908,-0.7724387746631961,"change,novel,primary,regulatory,splicing"
GSE83480,0.06955746296127417,-0.7727234381083941,"cells,growth"
GSE99059,0.06955229521164245,-0.7728306266603344,"also,cells,promoter,rnaseq"
GSE99923,0.06955196846873374,-0.7728374041718438,"data,glucose,matched,progression,tumor,tumors"
GSE99293,0.06954577804441728,-0.772965815949779,"also,cell,cells,ruxolitinib,novel,rnaseq,tumor,validated"
GSE66928,0.06954450393154536,-0.7729922470748838,cells
GSE36761,0.06953822234868418,-0.7731225638826041,"illumina,mrna,performed,samples,sequencing"
GSE47157,0.06953667651340374,-0.7731546353622377,rnaseq
GSE108444,0.0695246656501654,-0.7734038493077419,"cell,cells,rnaseq"
GSE39821,0.0695223288499762,-0.7734523406837251,"cell,cells,rnaseq,samples,sequencing,stages"
GSE47117,0.06951383435334321,-0.7736286252977443,"cell,cells,data,rnaseq"
GSE58365,0.06950876234510821,-0.7737338939562933,data
GSE85143,0.06949859503105657,-0.7739449379451081,"hiseq,illumina,mrna,rnaseq,sequencing"
GSE55536,0.06949755178748773,-0.7739665944062067,"change,characterization,novel,regulatory,rnaseq"
GSE98623,0.06949520477816917,-0.7740153166387719,"cells,rnaseq"
GSE126250,0.06949319405668443,-0.7740570590854677,"cell,cells,characteristics,heterogeneity,sequencing,tissue"
GSE55195,0.06948242302793044,-0.7742806855046303,"cells,data,individual,regulatory,translation"
GSE16921,0.06948165308317343,-0.7742966723051586,"cell,characteristics,sample,sequencing"
GSE49110,0.06947216470672805,-0.7744936994021157,cells
GSE85510,0.06946538807237627,-0.7746344333733916,"cells,roles,splicing"
GSE75515,0.06946357956772774,-0.774671993872578,"cells,change,doxorubicin,rnaseq"
GSE50243,0.0694334545289866,-0.7752977990953108,"also,cell,novel,regulatory,tumorigenesis"
GSE80611,0.0694061557893284,-0.7758651264847298,rnaseq
GSE94330,0.06939803603772786,-0.7760339157010571,"composed,functions,rnas,splicing"
GSE82184,0.06939243434143323,-0.7761503723921704,cells
GSE95837,0.06938608257531705,-0.7762824340640587,"cell,cells,experiment"
GSE93321,0.06938608257531705,-0.7762824340640587,"cell,cells,experiment"
GSE96788,0.06936805442735718,-0.7766573291175154,"also,cell,cells,samples,treated"
GSE63966,0.06936568485871852,-0.7767066115046543,"cell,cells"
GSE87617,0.06935737155442341,-0.7768795252682986,"ascl1,cell,data,primary,rnaseq"
GSE93511,0.06934652450263273,-0.7771051712422539,"cell,cells,knockdown,primary,tissue,vasculature"
GSE102000,0.06933707355799153,-0.7773018034493404,"cells,novel,rnaseq"
GSE79564,0.06933322799680089,-0.7773818201796479,"data,novel,rnaseq,sequencing,treated"
GSE95587,0.06933315700160587,-0.7773832974578763,"heterogeneity,sample,tissue"
GSE43362,0.06932874173079571,-0.7774751740203983,cells
GSE97273,0.06931209471315551,-0.7778216313922166,"cells,characterization,functions,novel"
GSE40291,0.06928826187964814,-0.7783177846763141,"cell,cells,functionalizes,vasculature"
GSE86422,0.06926107968416163,-0.778883873532304,"cells,change,epithelial,mrna,samples,sequencing,treated"
GSE93593,0.06924960130868557,-0.7791229857118988,"also,cell,cells,characterization,data,rnaseq,samples"
GSE124282,0.06924354789288209,-0.7792491036176008,"characterization,primary,rnaseq"
GSE75823,0.06922091490393788,-0.7797207408960991,"data,sequencing,truseq"
GSE105884,0.0692175272959883,-0.7797913467930254,"cells,characterization,performed,sequencing"
GSE108763,0.0692136358313434,-0.7798724585401151,"cell,functions,individual,translation"
GSE64179,0.06920701293111786,-0.7800105134532285,"cells,data,integrated,landscape,patterns,performed,predictive,promoter,rnas"
GSE64182,0.0692054226034119,-0.7800436659353159,"cells,data,integrated,landscape,patterns,performed,predictive,promoter,rnas"
GSE64332,0.06919576958084317,-0.78024491229154,"cells,novel,promoter,rnas"
GSE80048,0.06919281755794973,-0.7803064617137528,"caco2,cells"
GSE113098,0.06917264289220577,-0.7807271720605686,"also,cell,cells,primary,renal"
GSE106148,0.06916984869527558,-0.7807854502368359,"cell,cells,long"
GSE103688,0.06916135016637072,-0.7809627173410355,"also,cell,tumor,tumors"
GSE103687,0.06916135016637072,-0.7809627173410355,"also,cell,tumor,tumors"
GSE103630,0.06915669634425774,-0.7810597986150337,"also,cell,tumor,tumors"
GSE94036,0.06915219741223953,-0.781153655007605,"cells,endometrial,primary,sirna,treated"
GSE26880,0.06912107329825093,-0.7818031313009051,"also,patterns"
GSE85557,0.06911377860285131,-0.7819553942178592,"cells,growth,long,performed"
GSE102812,0.06910797484462967,-0.7820765481317833,rnaseq
GSE107307,0.06910420140837348,-0.7821553243716612,"cell,cells,treated"
GSE63190,0.06909799473665156,-0.7822849074719218,"cell,cells,characterization"
GSE102132,0.06909674017750403,-0.7823111016140042,"cells,primary,regulatory"
GSE99951,0.06908937739090842,-0.7824648400054661,"rnaseq,sequencing"
GSE88931,0.0690806876764718,-0.7826463063445734,"cells,change,data,individual,rnaseq"
GSE97774,0.06907586160759925,-0.7827470984629105,"cell,cells,knockdown,performed,sequencing,tumor"
GSE101738,0.06906622909829156,-0.7829482938170711,"cell,cells,change,data,mrna,normalized,p53,rnaseq"
GSE69602,0.06904176967150463,-0.7834593068563124,"also,cell,cells,clear,translation"
GSE78199,0.06903870342484598,-0.7835233804903331,rnaseq
GSE29660,0.06903070359140884,-0.7836905619143726,cell
GSE94897,0.06900921831886148,-0.7841396594794476,"cell,cells,individual,tissue"
GSE74308,0.06900721783436446,-0.7841814818760239,"cells,regulatory,swisnf"
GSE78925,0.06898399707608122,-0.7846670268892897,"cells,tissue"
GSE43472,0.06897855912770555,-0.7847807577648854,"promoter,sequencing"
GSE84582,0.06896928177491915,-0.7849748077882874,"cells,data,growth,illumina,mrna,normalized,performed,rnaseq,samples,trueseq,truseq"
GSE56691,0.06894966958707013,-0.7853851126240197,"cell,data,integrated,knockdown,primary,roles,samples,sequencing,tumor"
GSE98136,0.06894612563408876,-0.7854592677987193,"also,cell,data,progression"
GSE75747,0.06888806807337385,-0.78667463181878,"cells,mirna,treated"
GSE83765,0.06888795915863212,-0.7866769127781157,"cells,rnaseq,set"
GSE85689,0.0688846847325203,-0.7867454895025039,"cells,rnaseq,set"
GSE103405,0.06884802871059999,-0.7875134038341061,"cell,clear"
GSE44457,0.06884116806992868,-0.7876571741881128,also
GSE51518,0.068840272533042,-0.7876759419554996,"integrated,matched,paired,pairs,primary,promoter,rnaseq,samples,set"
GSE81478,0.06883009036132484,-0.787889346908603,"cells,rnaseq,sequencing"
GSE84773,0.0688217326867569,-0.7880645363888491,"cells,set"
GSE100382,0.06880511147836009,-0.788413005253186,"functions,landscape,rnaseq"
GSE74508,0.06880334768243165,-0.7884499887301429,
GSE57116,0.06880334768243165,-0.7884499887301429,
GSE109702,0.06880334768243165,-0.7884499887301429,
GSE64962,0.06876928741927454,-0.7891643542537198,"cell,cells,translation"
GSE109843,0.06876692303333286,-0.7892139570145044,"cell,cells,novel"
GSE71993,0.0687478378745728,-0.7896144095025532,cells
GSE83772,0.06873320471058356,-0.7899215237461252,"also,cell,data,mrna"
GSE73934,0.0687322650753669,-0.7899412466200871,cells
GSE44769,0.06871184693484574,-0.790369888485641,"also,cells,individual,primary,set"
GSE89542,0.06870589658078775,-0.7904948293568376,knockdown
GSE40228,0.0686982283583604,-0.7906558566401855,"cells,functions,knockdown,mirna,mrna,novel,tumorigenesis"
GSE109419,0.06868304897859324,-0.7909746659630782,"data,performed,rnaseq"
GSE69206,0.06868196329685639,-0.7909974710082907,"rnaseq,sequencing"
GSE42212,0.06866911761148059,-0.7912673255521349,"cells,data,primary"
GSE101343,0.06866044579310593,-0.7914495265155849,"cells,primary,samples,sequencing"
GSE45883,0.06864210304245821,-0.7918349963524898,"also,cells,long,noncoding,novel,performed,rnas,rnaseq"
GSE87237,0.06863488720077203,-0.7919866642905419,"cell,cells,rnaseq"
GSE35420,0.06861060394446718,-0.7924971850154252,"functions,mrna,ptc,regulator"
GSE73942,0.06859592742302884,-0.7928058254943633,"cells,long"
GSE104522,0.06858183877352589,-0.7931021654247434,
GSE85331,0.06857642699825553,-0.7932160126114963,"cells,hiseq,illumina,rnaseq"
GSE47226,0.06855994653207324,-0.7935627665227323,"mrna,roles,translation"
GSE69021,0.06855962920813335,-0.7935694439307094,"act,functions,regulatory"
GSE94259,0.06855010268182168,-0.7937699238251621,"cell,cells,tumor"
GSE80442,0.06852893538485895,-0.794215476333125,modulates
GSE40953,0.06852830470463196,-0.794228753694252,"also,cells,integrated,sequencing"
GSE79888,0.0685250711617962,-0.7942968295980382,sirna
GSE80774,0.0685221813123696,-0.7943576724294268,"cancer,cells,growth,novel,regulates"
GSE109620,0.06851500154644051,-0.794508846183791,"cell,data,primary,rnaseq"
GSE86503,0.06850690496999391,-0.7946793428729445,"cells,performed,rnaseq"
GSE82260,0.0685067987617368,-0.7946815795269675,"also,functions,knockdown"
GSE101451,0.06848695081186983,-0.7950996210673207,
GSE101396,0.06848586064286426,-0.7951225859375223,"cells,performed,sequencing"
GSE113907,0.06846804249876125,-0.7954979844868241,"cells,sequencing"
GSE70373,0.06845294975087149,-0.7958160399181261,
GSE56052,0.06844722298683148,-0.7959367406290233,"cells,patterns,progression,mutagenic,rnaseq,insulator,treated"
GSE61375,0.06842834039190065,-0.7963347930726614,"cells,translation,treated"
GSE76326,0.06841378576456632,-0.7966416852460907,"autophagy,cells,mrna,primary,rnaseq"
GSE74246,0.06841255794074605,-0.7966675775602264,"cell,cells,data,landscape,mrna,primary,regulatory,sequencing"
GSE79899,0.06840441760686763,-0.7968392524461012,"also,promoter,regulatory,set"
GSE97527,0.06840249748043169,-0.7968797497687026,modulates
GSE89838,0.0683799991999595,-0.797354344965401,"also,cells,epas1,promoter"
GSE83930,0.06837983742157418,-0.7973577582025032,"data,panel,performed,primary,sequencing"
GSE43788,0.0683624264453486,-0.7977251461407031,"cell,regulates,rnaseq"
GSE71560,0.06836136216829032,-0.797747606419923,"regulates,splicing,treated"
GSE73362,0.06835982056467678,-0.7977801407184701,"cell,cells,facilitates"
GSE107173,0.06835781746814065,-0.7978224155482709,
GSE92652,0.0683342580616519,-0.7983197236637917,"also,cell,cells,novel,p53"
GSE89839,0.06832760112689097,-0.7984602738777539,"also,cells,epas1,promoter"
GSE35197,0.06832711113266214,-0.7984706198399575,"also,tissue"
GSE65469,0.06832150825317264,-0.7985889268743799,"also,cell,rnaseq,set,tissue"
GSE51924,0.06832068209703268,-0.7986063723114455,"cell,cells,promoter,rnas,tissues"
GSE46989,0.06830590089928783,-0.7989185335365956,"cell,cells,tissues"
GSE98368,0.06829503996059762,-0.7991479466331989,"functions,integrated,landscape,regulator,rnaseq"
GSE56179,0.06829033274018609,-0.7992473874944344,"also,cell,cells,characteristics,survival"
GSE73433,0.06828114776872227,-0.7994414413737972,"cells,rnaseq,treated"
GSE60237,0.06828042578211786,-0.7994566961261655,"cells,data,functions,patterns,promoter,rnaseq"
GSE82052,0.06828007480933927,-0.7994641118383952,"cell,cells,illumina,performed,rnaseq,treated"
GSE90523,0.06827117675822922,-0.7996521317075774,"cell,lncrna,long,noncoding,regulates,sirna"
GSE61491,0.06826331972001064,-0.7998181748743806,"also,array,cancer,cell,cells,data,functions,regulates,regulatory,rnaseq,sequencing"
GSE93237,0.06826329612643696,-0.7998186735072885,"cells,change,mrna,sequencing"
GSE48933,0.06826145347374103,-0.7998576171554467,"cells,data,rnaseq,translation"
GSE80106,0.06825008012515095,-0.800098011109197,"cells,patterns,rnaseq"
GSE79955,0.06824675908348807,-0.8001682142049807,"cells,growth,poor,primary,stat3,survival"
GSE60514,0.06824077828855496,-0.8002946501179179,"also,autophagy,cell,novel,performed,rnaseq,roles,splicing"
GSE104589,0.06822966355870906,-0.8005296484874974,"growth,regulator,tissue"
GSE60462,0.06821326743783257,-0.80087638103303,"change,data,novel,performed,rnaseq,sample"
GSE107574,0.06818934306432571,-0.8013824648277844,"cells,sequencing,situ"
GSE63283,0.06818145022374339,-0.8015494648386343,"also,cell,functions,growth,performed,rnaseq,sequencing,tissues"
GSE104969,0.06816798999813363,-0.8018343065038135,"cells,sequencing"
GSE104537,0.06816548254587478,-0.8018873747470266,"3t3l1,cell,data,integrated,novel,regulatory"
GSE103711,0.06815798560270207,-0.8020460532621038,"also,cell,cells,tumor,tumors"
GSE62121,0.06815543598442189,-0.8021000218531137,"cell,rnaseq"
GSE74009,0.06815216808485285,-0.8021691974876718,"cancer,cell,cells"
GSE86007,0.06814145487217012,-0.802396000451829,cells
GSE26811,0.06810081960191666,-0.8032565894994577,"cells,novel,performed,progression,rnaseq"
GSE85111,0.06809582702189498,-0.8033623596578321,"cell,cells,performed,primary,rnaseq"
GSE90657,0.06808993076690043,-0.8034872845836672,"also,cell,cells,performed,sequencing,set,treated,triplicates"
GSE99671,0.06808397811957673,-0.8036134152771275,"also,data,frozen,paired,pairs,performed,rnaseq,samples,tissues,tumor"
GSE83126,0.06807649412760094,-0.8037720092940577,"also,cell,cells,performed,sequencing,set,treated,triplicates"
GSE83381,0.06805924124123361,-0.8041376833570655,"mrna,rnaseq,splicing"
GSE39661,0.06803940170953864,-0.8045582958418348,"cell,cells"
GSE85799,0.06801807370053015,-0.8050106019424424,"cells,performed,treated"
GSE69308,0.06800998424808147,-0.8051821932026716,"cell,cells,experiment,integrated,rnaseq"
GSE76098,0.06798768009377222,-0.8056554085811474,"cell,cells,functions,regulator,roles,survival"
GSE46217,0.06798303038556894,-0.8057540785218341,"cancers,cell,cells,promoter"
GSE39527,0.06795853705290951,-0.8062739549747958,"rnaseq,sample"
GSE81791,0.0679442501275144,-0.8065772846845191,"cell,cells,landscape,regulator,rnaseq"
GSE81498,0.06793986278160756,-0.8066704464537525,"cancer,cell,data,growth,mirna,mrna,patterns,poor,prognosis,regulator,survival,tumor,tumors"
GSE81497,0.06793986278160756,-0.8066704464537525,"cancer,cell,data,growth,mirna,mrna,patterns,poor,prognosis,regulator,survival,tumor,tumors"
GSE80635,0.06793435034404445,-0.8067875071697914,
GSE75956,0.06793390221823242,-0.8067970238725463,cells
GSE74289,0.06793002216514514,-0.8068794259284905,"also,array,cell,cells,data,hiseq,illumina,mirna,mrna,p53,p53dd,pairs,performed,regulatory"
GSE81322,0.06792868834630264,-0.8069077537967934,"cells,functions,long"
GSE106542,0.0679212351006129,-0.8070660573178123,"cell,cells,heterogeneity,performed,rnaseq"
GSE96056,0.06791597032500735,-0.8071778892071322,"also,cell,cells,mrna"
GSE81474,0.06791236917210877,-0.8072543881976773,"cell,cells,composed,data,performed,tissue"
GSE60477,0.06789215180693893,-0.8076839393271326,"cancer,cancers,cell,cells,modulates,prostate"
GSE32162,0.06788065619793573,-0.8079282394691749,
GSE59717,0.06785875885079728,-0.8083937077252148,"cell,primary,sequencing"
GSE84531,0.06784306182559159,-0.8087274692091667,"cells,rnaseq"
GSE100745,0.06784165932065041,-0.8087572940399428,"cells,rnaseq,samples"
GSE94454,0.06783552631251041,-0.8088877221645244,translation
GSE86053,0.06783288669184757,-0.8089438615053816,"also,autophagy,cells,mrna,performed,regulatory,sequencing,survival"
GSE82237,0.0678316915929607,-0.8089692795365184,"cells,change,promoter"
GSE43801,0.06782485271334499,-0.809114741265116,"also,cells,data"
GSE99668,0.0678083960462843,-0.8094648317081544,"cells,illumina,normalized,quantile,rnaseq,samples,sequencing"
GSE96601,0.06780087311674274,-0.8096248988366139,"primary,rnaseq"
GSE57925,0.0677976984849258,-0.80969245154791,"data,rnaseq,samples,sequencing"
GSE83584,0.06776708099599396,-0.8103441208143173,"cell,cells,performed,samples"
GSE63161,0.06774808698082177,-0.8107485415457238,"growth,novel,regulates,sequencing"
GSE63602,0.06773612008364645,-0.811003399047253,"cell,characterization,data,hiseq,illumina,sample,sequencing,tumor,validated"
GSE93315,0.06772563995923499,-0.81122662992129,"cell,data,novel"
GSE57096,0.06771930962210543,-0.8113614853886788,"cells,promoter,rnaseq,stages"
GSE76712,0.06771315782228693,-0.8114925495458084,"hiseq,illumina,mrna,performed,rnaseq,sequencing"
GSE55326,0.06770467130717261,-0.811673374380538,"also,cells,data,functions,mirna,novel,rnaseq"
GSE95059,0.06769296895697387,-0.8119227572000256,"rnaseq,treated"
GSE69678,0.06769071084895106,-0.8119708835510194,"cell,cells,data,individual,novel,rnaseq,survival"
GSE76717,0.06767980051063853,-0.8122034348039312,"hiseq,illumina,mrna,performed,rnaseq,sequencing"
GSE39957,0.06767048420692437,-0.8124020392651943,"cell,mrna,patterns,sample,samples,sequencing,tissue,validated"
GSE118158,0.06766076868834917,-0.8126091832942685,"also,data,functions,noncoding,novel,regulatory,rnas,rnaseq,roles,sequencing,tissue,validated"
GSE75839,0.06765681975951453,-0.81269338668739,"also,cell,cells,data,growth"
GSE107601,0.06762660949336403,-0.8133377257926955,"cancer,cell,cells,heterogeneity,novel,progression,sequencing,survival,treated,tumor"
GSE78271,0.06762518773199239,-0.8133680568954588,"cells,rnaseq"
GSE62852,0.06762435630179273,-0.8133857944817032,lncrnas
GSE81617,0.0676186427134105,-0.8135076930744531,"cells,data"
GSE94149,0.06761395755413441,-0.8136076579652078,"cell,cells,examination,facilitates"
GSE85941,0.06761180450478214,-0.813653598821096,"landscape,rnaseq,tumorigenesis,tumors"
GSE50514,0.0676117731557703,-0.8136542677438491,"also,noncoding,primary,progression"
GSE103930,0.06760819350323673,-0.813730652128302,"cells,sequencing"
GSE71456,0.06760818042436617,-0.8137309312190829,"also,cell,cells,characteristics,novel,rnaseq"
GSE74953,0.06760818042436617,-0.8137309312190829,"also,cell,cells,characteristics,novel,rnaseq"
GSE72404,0.06760243105626852,-0.8138536225486597,cells
GSE94150,0.06759248964985314,-0.8140657964629735,"cell,cells,examination,facilitates"
GSE97084,0.06757135712241048,-0.814516919947832,"individual,promoter,translation"
GSE75215,0.06755759798479458,-0.8148107169309913,"cells,experiment,sequencing"
GSE104348,0.06754830590600985,-0.815009163270009,"performed,treated"
GSE57227,0.06754766839120312,-0.815022779359681,"also,primary,rnaseq,treated"
GSE99389,0.0675421267327727,-0.815141143935377,"cell,cells"
GSE92725,0.06753433464639301,-0.8153075919497212,cells
GSE113519,0.06752242474362435,-0.8155620384177686,"cells,mrna,regulator,sequencing"
GSE61162,0.06749913079151747,-0.8160598266322138,"also,cell,cells,classifier,primary,regulatory,rnaseq,sequencing"
GSE97398,0.0674963179810813,-0.8161199475874713,
GSE80753,0.06749482591690684,-0.8161518399549721,"cells,data,emt,poor,promoter,survival,tumor"
GSE60988,0.06747601565456413,-0.816553963436746,"cells,mirna"
GSE84359,0.06747528234899335,-0.81656964222348,"primary,rnaseq,samples"
GSE56152,0.06747279067630654,-0.8166229178834964,"cells,knockdown,mirna,mrna,regulates,rnaseq"
GSE85783,0.06746108904654124,-0.8168731424128688,"cell,cells,rnaseq"
GSE54511,0.0674553229923486,-0.8169964581410086,"heterogeneity,tissue,tumor"
GSE99641,0.06745253368708443,-0.8170561154059267,"individual,regulatory,rnaseq"
GSE74792,0.06744344819031808,-0.8172504518267187,"array,cell,cells,tissue,tissues"
GSE80727,0.06743219764087298,-0.817491134447059,rnaseq
GSE76011,0.06740171391934431,-0.8181434735228547,"cell,cells,mrna,sequencing,tissue"
GSE83886,0.06738706858900335,-0.8184569824832447,"also,cancers,cells,epithelial,individual"
GSE53567,0.06738290808601766,-0.8185460577680382,
GSE89831,0.06737525011311689,-0.8187100273515758,"also,cells,promoter"
GSE80351,0.06736347571993667,-0.8189621725101229,"cells,novel,primary"
GSE41761,0.06735891730165577,-0.8190598015278856,"cell,cells,data,functions,growth,novel"
GSE94267,0.06732524998659686,-0.8197810692234905,"cell,cells,matched,performed,rnaseq,sequencing"
GSE19166,0.06731490251409643,-0.8200028195262677,"illumina,sequencing,tissues"
GSE62288,0.06731275597253107,-0.8200488250039901,"cells,novel,tumor"
GSE97009,0.06729904096847412,-0.8203428047124085,cell
GSE70741,0.06729393247151504,-0.8204523201357541,"cells,characteristics,performed,rnaseq,stages"
GSE85161,0.06729248874401741,-0.8204832721215857,"cells,knockdown,performed,rnaseq,sequencing"
GSE25882,0.0672806773342827,-0.8207365211576384,"cells,patterns,roles"
GSE86654,0.0672747183553053,-0.8208643048021516,"cell,long,predictive,set,stage,translation"
GSE93801,0.06726177748365735,-0.8211418463167042,"also,cell,cells,characterization,data,rnaseq,samples"
GSE76464,0.06725548785599834,-0.8212767585841574,"cell,cells,knockdown,promoter,regulates,set"
GSE93153,0.06723469240839965,-0.8217229099582403,"primary,rnaseq"
GSE87708,0.06723457605981277,-0.8217254065216737,tissue
GSE113386,0.06721140034253664,-0.8222227883490693,"cell,data,novel,regulatory,samples,sequencing"
GSE100268,0.06720067793793483,-0.8224529634966625,"performed,primary,rnaseq"
GSE82102,0.06715846383484914,-0.8233595200342781,"cells,rnaseq,tumorigenesis,tumors"
GSE55949,0.06714660401854974,-0.8236143145625702,"also,novel,primary"
GSE53279,0.06713902761586987,-0.8237771084289367,"cells,mirna,treated"
GSE90682,0.0671310050337156,-0.823949509362704,"also,cells,regulator,regulatory,rnaseq,sequencing,situ"
GSE94587,0.06712567338022286,-0.8240640950972627,"cells,performed,rnaseq"
GSE74974,0.06712511095262308,-0.8240761830938149,"cell,data,knockdown,promoter,regulates"
GSE89726,0.06711785948037871,-0.8242320447083565,"cells,sequencing"
GSE46959,0.06708972498933746,-0.824836920974599,"cell,cells,integrated,long,roles,translation"
GSE84691,0.06708650404043953,-0.8249061858069242,"primary,rnaseq,treated"
GSE106289,0.06707944170425549,-0.8250580693171946,"sequencing,tissue"
GSE87231,0.06706901296759529,-0.8252823803124948,"cell,cells,rnaseq"
GSE108971,0.0670560234183254,-0.825561820436108,"novel,performed,sequencing,tissue"
GSE106847,0.06702862636682745,-0.8261513821934673,"cell,cells,novel,regulator,tissues"
GSE57637,0.06702284780261643,-0.8262757628612298,"cells,epithelial,growth,novel,tissue"
GSE57866,0.06700514860469733,-0.8266567958677431,"cell,cells,data,experiment,rnaseq,samples"
GSE47428,0.06700062952219965,-0.8267540999989884,"cells,individual,novel"
GSE56524,0.06699725116071227,-0.8268268466027463,"cell,functions,novel,rnaseq,sequencing,tissue"
GSE63314,0.06698269596566157,-0.8271403070608491,promoter
GSE66593,0.06697045211525982,-0.8274040431888648,"data,panel,rnaseq"
GSE73305,0.06695914998660711,-0.8276475371549719,"primary,rnaseq,sample,stages"
GSE77108,0.0669508784497609,-0.827825765855885,"also,cells,long,primary,sirna"
GSE80131,0.06694119799067623,-0.828034380894364,"progression,regulator,rnaseq"
GSE84237,0.06691936786563141,-0.8285049334162643,"cell,cells,data,integrated,landscape,modulates"
GSE65832,0.06688375902261962,-0.8292728183473934,"mrna,novel,rnaseq,tissue"
GSE71359,0.06687022505602655,-0.8295647780477121,"illumina,novel,performed,predictive,samples,sequencing,treated"
GSE65105,0.06685206136617593,-0.8299567047210291,"cells,regulates"
GSE99356,0.06683304206384555,-0.830367207501583,"cell,cells,growth,progression,sequencing,survival"
GSE59089,0.06682994342626059,-0.8304340979583799,"cell,cells,functions,knockdown,primary,rnaseq,roles"
GSE65030,0.06682632024974647,-0.8305123155988662,"cells,regulates"
GSE125862,0.06682044069565246,-0.8306392532587021,"also,data,illumina,normalized,performed,rnaseq,samples,truseq"
GSE84389,0.06675528819583099,-0.8320466226457611,"cancer,cell,novel,regulates,regulator,regulatory,samples"
GSE87615,0.06674664637274075,-0.8322333991950934,"ascl1,cell,data,primary,rnaseq"
GSE103790,0.06673283629311522,-0.8325319279736474,cells
GSE84686,0.06672891263074945,-0.8326167559979236,"cell,cells"
GSE60216,0.06672171006544807,-0.8327724855860236,"data,examination,mrna,rnaseq,sequencing"
GSE78158,0.06670115586269108,-0.8332169888038975,
GSE65099,0.06667885138698247,-0.8336994982512714,"characteristics,endometrial,performed,rnaseq"
GSE55716,0.06664960708183754,-0.8343323806106414,"array,cell,data,progression,set,tumor"
GSE57182,0.06663977532468733,-0.8345452141770283,"cells,endometrial,novel,sequencing,tissue"
GSE108905,0.06663388702427857,-0.8346726965565892,"cells,growth,rnaseq,sequencing,treated"
GSE87360,0.06661583419542741,-0.8350636125987171,"cells,characteristics,characterization,long,sequencing"
GSE106540,0.06661566961873919,-0.8350671768303763,"cell,cells,heterogeneity,performed,rnaseq"
GSE46486,0.06660394104367248,-0.8353212048529026,"also,cell,cells,data,integrated,patterns,promoter,regulatory,rnaseq,samples,sequencing,set"
GSE39561,0.06656503506706186,-0.8361641858947838,"cell,cells,novel,translation,validated"
GSE60138,0.06656327929905555,-0.8362022399752831,"cell,cells,characteristics,progression,regulator"
GSE59703,0.06655185961411691,-0.8364497718939575,novel
GSE86821,0.06654914204289229,-0.8365086839454187,"cells,cisregulatory,individual,integrated,promoter,regulatory"
GSE69626,0.06654689340120871,-0.8365574322675625,"also,cell,cells,integrated,mrna,performed,primary,sequencing"
GSE48166,0.06654457575517556,-0.8366076782594373,"novel,patterns,rnaseq,sequencing,splicing"
GSE63797,0.06653659317580914,-0.8367807519973937,"cells,mirna,sequencing"
GSE99770,0.06653432939478464,-0.8368298377870602,"cells,sequencing"
GSE84675,0.06649149509074836,-0.8377589331771896,"cells,performed,regulatory,rnaseq"
GSE76314,0.06649028657922366,-0.8377851550184328,"breast,cancer,cell,cells,data,doxorubicin,individual"
GSE78957,0.06647737814331385,-0.8380652672783584,"cell,cells,performed,promoter"
GSE97591,0.06646262574728116,-0.8383854599677231,cells
GSE45510,0.06645331218963861,-0.8385876422440476,"heterogeneity,novel,poor,prognosis"
GSE103844,0.0664514250176335,-0.8386286131492307,"also,cells,sequencing,treated"
GSE80062,0.06641965782704651,-0.8393184603035528,"cells,rnaseq,sequencing"
GSE72400,0.0664174251442131,-0.8393669570091397,"cell,cells,clear,data,heterogeneity,long"
GSE71058,0.0664166207431557,-0.8393844300208012,"cell,cells,data,sequencing"
GSE57662,0.06640798620318655,-0.8395720008075369,"cells,poor,primary,tissues"
GSE68323,0.06637668435828997,-0.8402521850042294,"cells,mrna,primary,treated"
GSE69982,0.06635799862864475,-0.8406583758967077,"autophagy,cell,cells,primary,progression"
GSE89972,0.0663436594017344,-0.8409701599684565,"novel,stages,validated"
GSE29158,0.06631874323053023,-0.8415120834726838,"also,data,functions,rnaseq,sample,sequencing"
GSE75852,0.06629874991335571,-0.8419470827940153,
GSE90834,0.06629766744836124,-0.8419706379836738,"cells,clear,tissue"
GSE89745,0.06627459747554769,-0.8424727480702234,"also,cancers,cells,growth,samples,tumor"
GSE64713,0.06626149773183967,-0.8427579373285375,"act,cells,regulates,survival"
GSE34736,0.066256866458759,-0.8428587764046913,"growth,sequencing"
GSE67915,0.06624919172188763,-0.8430258978931556,"cell,cells,data,rnaseq,stage,stages"
GSE32340,0.06624604596648412,-0.8430944039889298,"cell,cells,functions"
GSE102492,0.06624073340316322,-0.8432101047222113,"performed,rnaseq,samples,sequencing"
GSE80170,0.06622326534738754,-0.8435906017300825,"change,data,heterogeneity,integrated,paired,rnaseq,sequencing"
GSE35394,0.06620729378988795,-0.843938589189499,"autophagy,cells,patterns,rnaseq"
GSE76998,0.06619745143193521,-0.8441530757777469,"cells,characteristics"
GSE79970,0.06619389612069729,-0.8442305616556055,"cells,heterogeneity,sequencing"
GSE87540,0.06618471112294268,-0.8444307624434568,"cells,rnaseq"
GSE94696,0.06616888848631705,-0.844775705679904,"cell,cells,data,primary,regulates,sequencing"
GSE71536,0.06614940056990738,-0.8452006676525126,"cells,rnas,splicing"
GSE100709,0.06614307690264298,-0.8453385911925935,"cells,rnaseq"
GSE30557,0.06613214575299378,-0.8455770381989094,"also,cells,characterization,data,illumina,noncoding,sequencing,validated"
GSE93902,0.06611500454099266,-0.845951027984434,"cell,cells,knockdown,performed,rnaseq,stages"
GSE72915,0.06611096172555307,-0.8460392489285106,"cell,cells,regulates,rnaseq"
GSE84076,0.06608546751156931,-0.846595699306996,"data,hiseq,illumina,mrna,performed,rnas,rnaseq,sample,samples,sequencing,validated"
GSE83645,0.06608414024256318,-0.8466246748702239,"individual,patterns,samples"
GSE96715,0.06607414507427502,-0.8468428977340434,"cells,experiment,ncor2,rnaseq"
GSE86813,0.06605959399726456,-0.8471606480206085,"cells,experiment"
GSE93263,0.06604994432451587,-0.8473714054757074,"cells,data,primary,rnaseq"
GSE84666,0.06603672700969837,-0.8476601333906756,"cells,enteric,epithelial,functions,tissue,tissues"
GSE109673,0.066003596383173,-0.8483841151314737,"cancer,cells,characteristics,novel,rnaseq"
GSE85378,0.06600063783161127,-0.8484487840823214,"cell,cells"
GSE86237,0.06599614245691937,-0.8485470509455473,"cancers,cells,heterogeneity,rnaseq,survival"
GSE55939,0.06599392537037094,-0.848595517922216,"array,cell,cells,characteristics,data,rnaseq"
GSE79343,0.06599358362490808,-0.8486029888486435,"act,growth,noncoding,rnaseq"
GSE86452,0.06599142967490686,-0.848650077421924,"cell,cells,characteristics,clear,data,regulatory,rnaseq"
GSE25133,0.06598127109706992,-0.8488721798690372,"cells,primary"
GSE97575,0.06596071709787082,-0.8493216676077094,"cell,cells,performed,primary,sample,samples,sequencing,set"
GSE105022,0.06592719650802976,-0.8500550174416779,"also,cell,cells,characteristics,gata3"
GSE85935,0.06588020862915704,-0.8510836270654343,"performed,rnaseq"
GSE87725,0.06587972212365906,-0.8510942809731178,cell
GSE69735,0.06586770091967169,-0.8513575564289193,"novel,tumour"
GSE54602,0.06586103481063484,-0.8515035710764355,"cells,sequencing,stages"
GSE56689,0.06585308977353428,-0.8516776187068584,"cell,data,integrated,primary,roles,samples,sequencing,tumor"
GSE67898,0.06583646684492656,-0.8520418361499206,"cell,cells,epithelial,functions,rnaseq"
GSE109108,0.06583614019922869,-0.852048994056778,rnaseq
GSE84636,0.06580617721657174,-0.8527057349602273,
GSE97443,0.06580536802178998,-0.8527234753688921,"cells,knockdown,mrna,performed,rnaseq,sequencing"
GSE73893,0.06580104718624931,-0.8528182070428674,"cell,regulates,splicing,tissues"
GSE44267,0.06580070649131757,-0.8528256768352482,"also,cells"
GSE42142,0.06580012908268512,-0.8528383367027478,"performed,promoter,rnaseq,samples"
GSE56785,0.06578939918065174,-0.8530736134256208,"cells,characterization,rnaseq"
GSE65761,0.06576619630481802,-0.8535825187918008,"cells,novel,rnaseq"
GSE98884,0.065740933617862,-0.8541368059040012,"data,epithelial,samples"
GSE94728,0.06573823069440864,-0.8541961232001373,novel
GSE89232,0.06573294021487985,-0.8543122330443172,"cells,heterogeneity,individual,primary,rnaseq"
GSE99733,0.065726211892462,-0.8544599126427113,"also,cells,regulatory,sequencing"
GSE76523,0.06572619306582134,-0.8544603258888762,"cell,cells,rnaseq"
GSE79134,0.06570999972655849,-0.8548158147366863,"also,cell,cells,p53"
GSE64317,0.06564670476365969,-0.8562061561967448,"cell,rnaseq,validated"
GSE67128,0.06557853464608955,-0.8577050858210261,"cells,performed,rnaseq"
GSE90711,0.06556412836410563,-0.8580220516532334,"also,benign,cell,cells,functions,novel,performed,tissue,tumor,tumors"
GSE83671,0.06555408673015266,-0.8582430280526497,"also,cancers,poor,prognosis"
GSE95452,0.06554923190524133,-0.8583498755665047,"cells,experiment"
GSE104600,0.06552731547869739,-0.8588323222103116,"cell,cells,treated"
GSE66859,0.06552567140660198,-0.8588685197013479,"cell,cells,growth,kd,knockdown,performed,rnaseq,tumor"
GSE65185,0.06551436969329774,-0.8591173738018375,"also,cell,cells,landscape,rnaseq,tumor"
GSE102676,0.06551091431571504,-0.8591934668420749,"also,cell,cells,functions,panel,performed,progression"
GSE65688,0.06546750063915407,-0.8601498488260306,"also,cells,functions,landscape,regulatory,rnaseq,set"
GSE53391,0.0654558659356258,-0.8604062633922883,splicing
GSE80282,0.06543657314620065,-0.8608315532260691,"cell,tprx1"
GSE52742,0.06543355520102817,-0.8608980920854676,"cells,sequencing"
GSE58310,0.06540208292583172,-0.8615921674440968,"cells,data,regulatory"
GSE106170,0.0653802008297823,-0.8620749421876289,"also,cell,cells,growth,knockdown,progression,rnaseq"
GSE104690,0.06537066733380606,-0.862285325913333,cell
GSE118808,0.06536236814257486,-0.8624684961733224,"cells,performed,rnaseq"
GSE94968,0.06534134120339373,-0.8629326828638945,"cell,cells,performed"
GSE64553,0.06533349823982273,-0.8631058608790586,"cell,illumina,rnaseq,sequencing,treated"
GSE24355,0.06532562950951301,-0.863279628734473,"cells,sequencing"
GSE105137,0.06531432403389544,-0.8635293280524333,"cell,knockdown"
GSE75853,0.06531056294638038,-0.8636124072027127,
GSE100562,0.0652976430348028,-0.8638978332566495,"cell,patterns,performed"
GSE125522,0.06527691968053521,-0.8643557705464513,"cell,cells,data"
GSE81507,0.0652753781471222,-0.8643898406110526,"also,cells,regulatory"
GSE89777,0.0652726536288294,-0.864450058279246,"cells,growth,integrated,kras,patterns,rnaseq,samples"
GSE110999,0.06524383584902047,-0.8650871466481064,"cell,cells,sequencing"
GSE84865,0.06522797595451053,-0.8654378889418619,"also,cells,set"
GSE107894,0.06522794347355333,-0.865438607347222,"data,glucose,performed,predictive,regulates,tissue,tissues,treated"
GSE84346,0.06522705580330843,-0.8654582407452117,"also,cell,clear,liver"
GSE58418,0.06522694046080757,-0.8654607918982429,"cells,regulates,regulatory"
GSE80264,0.06522598414421986,-0.8654819439452792,"noncoding,rnaseq,samples"
GSE77682,0.06521315758284589,-0.8657656749833788,"illumina,rnaseq,sequencing"
GSE48678,0.065197324247888,-0.8661159945837063,"p53,regulator,set,splicing"
GSE87534,0.06519365298553415,-0.8661972350514976,"cells,landscape,performed,sirna,treated"
GSE69511,0.06516665239698353,-0.8667948650684845,"cells,knockdown,mrna"
GSE53220,0.06516164493411108,-0.866905727283445,"also,cells,mrna,regulatory,rnaseq,roles,tumor,tumorigenesis"
GSE83660,0.06515428941653223,-0.8670685894660065,"also,cell,cells,growth,promoter,sequencing"
GSE69292,0.06507894310543627,-0.8687379293017855,"cell,cells,heterogeneity,novel,stage,stages"
GSE46831,0.06507233513430048,-0.868884424784966,"growth,rnaseq,sequencing"
GSE62772,0.06506685179485565,-0.8690059990289108,"cell,cells,heterogeneity,novel,stage,stages"
GSE53094,0.06505016202910671,-0.8693761003969641,"cell,cells,matched,patterns,mutagenic,rnaseq"
GSE69047,0.0650419559258251,-0.8695581084188369,"cells,data"
GSE89479,0.0650227841840656,-0.8699834193361322,"cells,performed,set,tissues"
GSE100427,0.06501697071510368,-0.8701124116255103,"cancer,resection,samples,sequencing,tissue"
GSE22932,0.06501368012921174,-0.8701854299780004,"cancers,growth,rnaseq,tissue"
GSE95455,0.06500664466875797,-0.8703415597820554,"cells,rnaseq"
GSE102737,0.06499245476722035,-0.870656511204783,"cell,cells,long"
GSE99392,0.06498626687096001,-0.8707938759540674,"cells,regulatory"
GSE73718,0.06498154029274464,-0.8708988098004331,cells
GSE68040,0.06493266151771837,-0.8719844058119509,"also,cancer,knockdown,novel,regulator,rnaseq2,survival,tumor"
GSE68039,0.06493266151771837,-0.8719844058119509,"also,cancer,knockdown,novel,regulator,rnaseq1,survival,tumor"
GSE57027,0.06492491875648133,-0.8721564472627328,"also,cells,rnaseq,set"
GSE85623,0.06491997370553539,-0.8722663353044547,"performed,rnaseq"
GSE83403,0.06490446484586816,-0.8726110247217606,landscape
GSE32625,0.0649016783292387,-0.8726729646827666,"also,cell,cells,lncrnas,long,noncoding,novel,regulator,rnas,rnaseq,sequencing,subgroup"
GSE73016,0.06487364694959104,-0.8732962069354676,"cells,data,long,primary,set"
GSE86884,0.06486282111485389,-0.8735369777589379,"cell,cells,change,performed,rnaseq,sequencing,treated"
GSE85782,0.06485862148379323,-0.8736303900242586,"cells,rnaseq"
GSE106991,0.06485382140785818,-0.8737371653743508,"also,array,growth,rnaseq"
GSE99503,0.06484584822878137,-0.8739145423246695,"cells,long,noncoding"
GSE66506,0.06481527956371828,-0.8745947965081863,"also,cell,cells,epithelial,growth,sequencing,tissues"
GSE73583,0.06480824944023934,-0.8747512854476217,"cells,rnaseq"
GSE103029,0.06480508899261025,-0.8748216418195431,"tumour,tumours"
GSE109082,0.06477980339229213,-0.8753846613193702,"characterization,growth,long"
GSE36695,0.06477915813208102,-0.8753990318221235,"cell,cells,rnaseq"
GSE96083,0.06476766164550811,-0.8756550925149047,"also,matched,mirna,mrna,performed,sequencing"
GSE57494,0.06474591338729287,-0.8761396147676812,"cells,rnaseq,treated"
GSE101799,0.06474114144397385,-0.8762459490877235,"cell,heterogeneity"
GSE54478,0.06471974076511308,-0.876722921792041,"cells,knockdown,rnaseq"
GSE60065,0.06471427634567976,-0.8768447366131898,"cell,cells,characteristics,primary"
GSE107923,0.06469686960696006,-0.8772328425308922,cells
GSE63015,0.06469441376454983,-0.8772876071421479,"cell,cells"
GSE87088,0.06466768939886891,-0.8778836875929821,"cells,performed,rnaseq,samples"
GSE59275,0.06465175869504586,-0.8782391352516041,"cells,rnaseq"
GSE47114,0.0646280393953901,-0.8787685252549325,
GSE70106,0.06461421938114738,-0.8790770631322139,"apc,cell,cells,novel"
GSE95392,0.0645986299805644,-0.8794251825511683,"cell,cells"
GSE76931,0.0645941601541958,-0.8795250115947464,"cell,igf2bp3"
GSE97590,0.06458176871914197,-0.8798017978677376,"data,samples,sequencing"
GSE40783,0.06457175838090476,-0.8800254365973275,"cell,data,rnaseq"
GSE67174,0.0645530175461796,-0.8804442146252596,
GSE103567,0.06455025416381469,-0.880505974764747,"cell,cells"
GSE90876,0.06452407135054843,-0.8810912780808533,"cell,cells,novel,performed,stage,tissue"
GSE93155,0.06452404333967945,-0.8810919043765858,"also,rnaseq,survival,tissue"
GSE69618,0.06452231899982772,-0.8811304594587742,"cells,data,rnaseq"
GSE70230,0.06450027527767635,-0.8816234330982833,"cell,egf,normalized"
GSE56787,0.06449679864651009,-0.8817011979404026,"also,array,cell,cells,individual,mrna,rnaseq"
GSE80829,0.06448896660856393,-0.8818763993247803,"cell,classification,panel,rnaseq"
GSE90489,0.064483963859729,-0.8819883211197241,
GSE75524,0.06447034429441922,-0.8822930628485707,"cells,sequencing"
GSE54136,0.06445148695829467,-0.8827151075130147,
GSE52285,0.06444807749265102,-0.8827914276960699,"cell,data"
GSE93841,0.06443071373693049,-0.8831801744275035,"cell,data"
GSE57896,0.06441492894526865,-0.8835336615969855,"cells,novel,tissue"
GSE98871,0.06441174649355778,-0.8836049404262567,cell
GSE95561,0.06438537478134924,-0.884195735291516,"cell,cells,growth,long,rnaseq"
GSE94120,0.0643813523592899,-0.8842858692646023,
GSE74339,0.06437590339251355,-0.8844079780701218,"also,cells,primary"
GSE74665,0.0643683732534475,-0.8845767419885372,cells
GSE64486,0.06436464189646096,-0.8846603757046515,"also,cell,cells,kd,performed,sequencing,tissues,treated"
GSE40131,0.064319715025074,-0.8856677363308628,"functions,modulates"
GSE88858,0.06430345939952627,-0.8860323970631769,"illumina,rnaseq,sequencing"
GSE55320,0.06428159611199369,-0.8865229992825292,"cell,cells,novel,primary,rnaseq,roles"
GSE99215,0.06427095529310672,-0.8867618347860878,"cells,clear,regulates"
GSE76970,0.0642552203214621,-0.8871150821392452,"cells,growth,landscape,primary,stage"
GSE66217,0.06425297238148492,-0.8871655550591332,"cell,cells,heterogeneity,long,noncoding,rnas"
GSE45176,0.06424671848289011,-0.8873059829221946,"cells,illumina,individual,rnaseq,samples,truseq"
GSE93657,0.06424037379117346,-0.8874484634643413,"cells,change,data,mrna,performed,primary,rnaseq,sequencing,validated"
GSE63577,0.06423836735246109,-0.8874935242915978,"cell,illumina,rnaseq,sequencing"
GSE119265,0.06421861202090197,-0.8879372669241149,"act,cell,cells,stage"
GSE85013,0.06420646911696101,-0.8882100875786879,"array,long,noncoding,novel,rnaseq,samples,sequencing"
GSE84694,0.06418762586385028,-0.8886335504804096,"recoding,cell,cells,stabilizes"
GSE57480,0.0641850254340854,-0.8886919994894243,cell
GSE59233,0.06418155782281075,-0.8887699435378512,cells
GSE86550,0.06417510217844223,-0.8889150630217015,"array,cell,cells,integrated"
GSE94853,0.06417320653733023,-0.8889576788077471,"cells,knockdown,p53,performed,rnaseq"
GSE96800,0.06408474176604281,-0.8909478510934784,
GSE66622,0.06406913550933867,-0.891299226638938,"also,cell,individual,sequencing,stabilizing,tissue"
GSE82070,0.06406373607219615,-0.8914208151290354,"cells,splicing"
GSE92277,0.0640416023055511,-0.8919193466671762,"also,cells,regulates,sall4"
GSE92276,0.06403182769198795,-0.8921395607512654,"also,cells,regulates,sall4"
GSE73853,0.06402971769320119,-0.892187101717245,"cell,cells,primary,rnaseq,sequencing"
GSE66249,0.0640278098742173,-0.8922300886628693,"also,cell,sample,survival,tissue"
GSE89115,0.06402687562788564,-0.8922511395528762,"cell,cells,novel,p53,performed"
GSE103307,0.06402412233864276,-0.89231317978373,"cells,rnaseq"
GSE99400,0.06401129031969362,-0.8926023605623932,"cells,composed,facilitates,rnaseq,treated"
GSE53698,0.06398314217753907,-0.8932369066900483,"cells,rnaseq"
GSE109686,0.06398094549627692,-0.8932864384176017,"cell,cells,characteristics,long,primary,treated"
GSE87257,0.06398042262796244,-0.8932982285310616,"functions,noncoding,regulatory"
GSE85527,0.06394523826632606,-0.894091819198872,"also,cells,data,integrated,progression,rnaseq,treated"
GSE103175,0.0639409015841791,-0.894189664201263,"cells,regulates,tissue"
GSE85530,0.0639394360710062,-0.8942227308732121,"also,cells,data,integrated,progression,rnaseq,treated"
GSE74935,0.0639083011164423,-0.8949254143375236,"also,cells"
GSE57973,0.06390733580835324,-0.8949472058057125,"cell,cells"
GSE90734,0.06390713394299449,-0.894951762882115,"cells,novel"
GSE72696,0.0639030279083974,-0.8950444590444104,"cells,noncoding,regulatory,tissues"
GSE67785,0.06389855484251236,-0.8951454479341197,"also,data,mrna,patterns,rnaseq,samples,sequencing,translation"
GSE76234,0.06388747560377692,-0.8953956155426551,"cell,cells,liver"
GSE97384,0.06382041346266074,-0.8969107956622233,"also,cell,growth,integrated,promoter,regulator,translation"
GSE66767,0.06380415154482069,-0.8972784519727272,"cell,novel"
GSE97041,0.06379923752162693,-0.8973895687220207,"tpa,roles"
GSE85988,0.06379294258931456,-0.897531923333867,"novel,poor,prognosis,regulatory,survival"
GSE103114,0.06378957041954951,-0.8976081879015334,
GSE69175,0.06378247244847664,-0.8977687278983469,"cell,cells,rnaseq,survival"
GSE114885,0.06377782224190559,-0.8978739147039814,"cancers,cell,cells,knockdown,performed"
GSE32689,0.06376916407472719,-0.8980697812662797,
GSE76125,0.06373037429087919,-0.8989476170802535,
GSE80988,0.06365567605808752,-0.9006395885648641,"cells,data,mrna,rnaseq"
GSE33601,0.06362138084737118,-0.9014170661845878,"also,characterization,long,mrna,patterns,primary,samples,sequencing"
GSE88710,0.06361594164915164,-0.9015404121360514,"colon,data,hiseq,illumina,mrna,performed,regulator,rnaseq,sequencing"
GSE87290,0.06360222564026868,-0.9018515000646787,"also,cells,clear,long,mrna,noncoding,novel,performed,rnas,rnaseq,tissues"
GSE103544,0.06359727730346745,-0.9019637480027943,"cells,individual,performed,rnaseq"
GSE73189,0.06359508221880401,-0.9020135440403944,"rnaseq,sequencing"
GSE102244,0.0635936197029983,-0.9020467225266644,"cell,cells,wnv,tumor"
GSE99466,0.06358668596113058,-0.9022040310810832,"cell,knockdown,rnaseq,sirna"
GSE81084,0.06358197425110283,-0.90231093730598,"cells,rnaseq"
GSE77260,0.06357072665585449,-0.9025661713641369,"cells,growth,regulates,sequencing"
GSE50792,0.0635594107368474,-0.9028230014221003,"also,cell,novel,rnaseq,samples,sequencing,splicing,tissue,tissues"
GSE81671,0.06355801473717036,-0.9028546886876929,"cells,validated"
GSE70068,0.06354704398572515,-0.9031037338303988,rnaseq
GSE55275,0.06352357608025029,-0.9036366191065701,cells
GSE115941,0.06350495604158524,-0.9040595640495198,"also,cell,cells,performed"
GSE57803,0.06349137862598732,-0.9043680464994601,"glucose,growth,novel,sequencing,tissue"
GSE87426,0.06345928695826969,-0.9050974399318331,"data,novel,rnaseq,sequencing,tissue"
GSE87891,0.0634360077098656,-0.9056267717197894,"cells,data,normalized,performed,rnaseq,sample,sequencing,validated"
GSE115770,0.06342599429238807,-0.9058545201005366,
GSE103252,0.06341248500883198,-0.9061618365643322,regulates
GSE80249,0.063395542938838,-0.9065473364558411,"patterns,rnaseq,tissue"
GSE64813,0.06339152021003705,-0.9066388847692067,"functions,individual,novel,rnaseq"
GSE79256,0.06338806221344866,-0.9067175856835867,"cancer,cancers,cell,cells,composed,growth,mrna,tumour"
GSE96987,0.06338278945154026,-0.9068375973007922,
GSE77284,0.06337781917159019,-0.9069507333659683,"cells,characterization,performed,rnaseq"
GSE95397,0.06335315365268654,-0.9075123138771811,"also,data,integrated,primary"
GSE90878,0.06331681382200066,-0.9083400917001454,"cell,cells,noncoding,regulatory,rnaseq"
GSE102392,0.06331364779696806,-0.908412232456112,"primary,rnaseq"
GSE86867,0.0632998198535179,-0.9087273569984022,"cells,primary"
GSE43603,0.0632650051217212,-0.9095210537018841,"patterns,splicing"
GSE98274,0.0632637048782263,-0.9095507047564488,"cells,doxorubicin,rnaseq"
GSE89413,0.0632519177764275,-0.9098195283689637,"cell,data,experiment,performed,regulatory,rnaseq,sequencing"
GSE61656,0.06322799568402775,-0.910365263791136,"cell,cells,rnaseq"
GSE89008,0.06321152046914369,-0.9107412334510726,"cell,cells,epithelial,h5n1"
GSE71878,0.06320633638307491,-0.9108595562173876,"cells,individual,samples,set"
GSE77466,0.06320183130927189,-0.9109623889339097,"characterization,data,functions,illumina,performed,rnaseq,sample,sequencing"
GSE79666,0.06318677302425589,-0.9113061622247729,"also,data,panel,patterns,regulatory,rnaseq,sequencing,splicing,tissues"
GSE88944,0.06318602652553895,-0.9113232065571103,cell
GSE100791,0.06317416646122483,-0.911594026909888,"cell,cells,experiment,tissues"
GSE50893,0.06317178534011002,-0.9116484050925762,regulatory
GSE66777,0.06316533925727214,-0.9117956259792488,"patterns,rnaseq,roles,stage"
GSE58150,0.0631328634562894,-0.9125375633473609,"rnaseq,sequencing"
GSE84639,0.06312932006167726,-0.9126185383106279,"cells,performed,rnaseq"
GSE63055,0.06310976600226918,-0.9130654766661325,"also,cells,rnaseq"
GSE98288,0.06309352537903347,-0.9134367865816823,"ac,cell,cells,primary,survival"
GSE100118,0.06306988065050093,-0.9139775477115533,"also,cell,cells,rnaseq"
GSE99843,0.06303658881621468,-0.9147392844494981,"ac,cell,cells,primary,survival"
GSE101521,0.0629954355098719,-0.9156814524961437,"also,cell,functions,mirna,rnaseq,samples,sequencing,splicing"
GSE62913,0.06299125976354275,-0.9157770868567434,samples
GSE63744,0.0629848496266842,-0.915923906324498,"cell,cells,growth,novel,patterns,performed,primary,progression,samples,sequencing"
GSE98394,0.06296297559953747,-0.9164250273363053,"benign,cancer,cell,cells,characteristics,noncoding,poor,predictive,primary,progression,set,survival,validated"
GSE97904,0.06287895555403542,-0.9183514968346906,"also,cell,cells,novel,primary"
GSE68673,0.06279804156349937,-0.9202091833117939,"cells,sequencing,stage,treated"
GSE81074,0.06278668089088152,-0.920470202100884,"cell,cells,growth,vasculature"
GSE81080,0.06278668089088152,-0.920470202100884,"cell,cells,growth,vasculature"
GSE76586,0.0627660678434799,-0.9209439207861521,"cells,clear"
GSE76511,0.0627629992722848,-0.9210144544489663,"cell,cells"
GSE49074,0.06274207787441827,-0.9214954421176136,"also,cell,cells,novel,vasculature"
GSE39170,0.0627394201248955,-0.921556555861363,"cells,data,long,mrna,noncoding,novel,rnas,sequencing,set"
GSE85565,0.06273793277917501,-0.9215907578308095,"also,cell,cells,novel,performed,regulates,roles,set,validated"
GSE97987,0.06270429518771582,-0.9223644811349204,"also,cell,cells,performed,stages,tissues"
GSE87186,0.06268591257688472,-0.9227874886751011,data
GSE76626,0.06267035705863726,-0.9231455380844287,"cells,characterization,rnaseq"
GSE89497,0.06266568554350603,-0.9232530821168786,"cells,functions,patterns,rnaseq"
GSE63485,0.06264211379724274,-0.9237958550650779,"also,cell,functions,regulates,survival"
GSE83482,0.06263864148395606,-0.9238758272706913,"act,cell,cells,follicular,sequencing,tissue"
GSE81827,0.06262235533641927,-0.9242509790739715,"cells,poor,rnaseq"
GSE112557,0.06261875243892152,-0.9243339850844835,cells
GSE81439,0.06256632528470406,-0.9255423783082576,"cells,prostate,regulatory"
GSE98624,0.06253515935090014,-0.9262612017371681,"cell,cells,nfkb,survival,tumor"
GSE70685,0.06253119806249456,-0.9263525921199754,"cell,cells,knockdown,novel"
GSE95703,0.06252421311774822,-0.9265137550006824,"also,cells,performed,regulator,sequencing"
GSE79027,0.06250318701517629,-0.926998996702317,"cells,experiment"
GSE54733,0.06249896959325475,-0.9270963462818592,"cell,primary"
GSE53280,0.06245918287568149,-0.9280150554807678,cells
GSE89476,0.06245605793408441,-0.9280872378296451,"data,regulates,survival"
GSE98976,0.062441861861761414,-0.9284151953050324,"cells,performed"
GSE72589,0.06241869508679684,-0.9289505539892337,"data,nfkb"
GSE69434,0.06240244440690967,-0.9293262079131098,
GSE79029,0.062400757906079754,-0.9293651990021017,"also,cells,mirna,mrna,primary,sequencing"
GSE100862,0.062384656943635756,-0.9297374985825996,cells
GSE62247,0.062371007097477976,-0.9300531967208872,"cell,cells,regulator,regulatory,translation"
GSE57723,0.062360219890724204,-0.9303027356712091,"also,cell,cells,rnaseq,survival,tumor"
GSE84504,0.062345889806122774,-0.930634298288811,"cells,novel,patterns,tumor,tumors"
GSE86491,0.06232457689669363,-0.9311275671415404,"clear,lncrna,mrna,sequencing"
GSE85800,0.0623034867845359,-0.9316158456177273,"cell,cells"
GSE77131,0.062296066068578966,-0.9317876894145698,"cell,cells,data,individual,matched,pairs,primary,rnaseq,tissue"
GSE93904,0.062276731911841826,-0.9322355125785446,"cells,sequencing,tissues"
GSE96590,0.062256177636162834,-0.9327117489720901,"cells,rnaseq"
GSE98476,0.06222207010042659,-0.9335023573681723,"cells,data,growth,rnaseq,roles"
GSE50957,0.06221555809658896,-0.9336533540688888,samples
GSE77742,0.06218333871678108,-0.9344006716368003,"mrna,sequencing,splicing"
GSE46523,0.06216895095522887,-0.9347345159494098,"noncoding,rnas,rnaseq,sequencing"
GSE72299,0.062146739501611835,-0.9352500478860053,"composed,novel,primary,subgroup,tumor,tumors"
GSE81268,0.06212735912111314,-0.93570002063773,
GSE60481,0.06210929963011151,-0.9361194514008304,"cells,mrna,novel,rnaseq,validated"
GSE106118,0.06205043807871785,-0.9374873549776841,"cells,characteristics,data,proceeds"
GSE96619,0.06205027996927708,-0.9374910310838294,"promoter,regulates,tumors"
GSE36350,0.06204283410658957,-0.9376641609027933,"cancer,cancers,cell,cells,growth,primary,regulates,splicing,tumor,tumors"
GSE93870,0.06201207782195648,-0.9383795205695029,"cell,cells,landscape,novel"
GSE87535,0.062008931782308985,-0.9384527142294052,"cell,cells,integrated,invasive,novel,panel,progression,regulator,regulatory,sequencing,tumor,tumors"
GSE95389,0.06200457484155525,-0.9385540860395017,"cells,mrna,novel,treated"
GSE109185,0.06200423754108909,-0.9385619342190058,"cells,pairs"
GSE120891,0.0619951844066212,-0.9387725950756352,"cells,epithelial"
GSE74697,0.06195914461777013,-0.9396115238411651,"data,lncrna,lncrnas,long,noncoding,rnas,set"
GSE60883,0.061949242244372336,-0.939842115254486,rnaseq
GSE101661,0.06189667779138571,-0.9410667737685925,"cells,clear,patterns,samples,sequencing"
GSE66769,0.06189432461585247,-0.9411216229031264,"cell,functions,mrna,novel"
GSE46044,0.061884472110928374,-0.9413512932570193,cell
GSE66117,0.061853304089798666,-0.9420780874802516,"also,cell,cells,data,landscape,matched,novel,patterns,performed,prognosis,promoter,regulatory,rnaseq,samples,sequencing,stages,validated"
GSE52133,0.06178325933179527,-0.9437127695358939,"cells,knockdown,sirna"
GSE57395,0.06175871245807345,-0.9442860751573074,"cell,cells,data,mrna,novel"
GSE81236,0.061747640212433355,-0.9445447480688439,
GSE70785,0.06174760181604302,-0.9445456451767974,data
GSE79309,0.06173811113613273,-0.9447674061650261,rnaseq
GSE100568,0.06172304994775195,-0.9451193986735021,"cancer,growth,prognosis,progression,rnaseq,survival,treated,tumor,tumors"
GSE79671,0.061687777390572,-0.9459440839269142,"rnaseq,samples,tumor"
GSE86356,0.06167598219610362,-0.9462199650880383,"illumina,rnaseq,tissue"
GSE104784,0.061647739625432456,-0.9468807530817793,"cells,facilitates,illumina,mrna,performed,rnaseq,samples,sequencing"
GSE97142,0.06159328410915094,-0.9481556971875745,"cells,data,doxorubicin,set,tissue"
GSE75665,0.06156443671928899,-0.948831545794996,"characterization,sequencing"
GSE44461,0.06155726875522875,-0.948999528949141,"also,cells,data,functions,growth,knockdown,regulates,rnaseq,sirna,situ,tissues"
GSE98011,0.06153059886057221,-0.9496247168918591,"cells,mrna,sequencing"
GSE98052,0.06153059886057221,-0.9496247168918591,"cells,mrna,sequencing"
GSE67488,0.06145802471065145,-0.9513273520673702,"also,cell,illumina,individual,mirna,predictive,rnaseq,samples"
GSE90748,0.061450400683357505,-0.9515063332291159,"also,cell,cells,data,tumor,tumors"
GSE79842,0.061394989847675795,-0.9528078219203147,rnaseq
GSE77649,0.06139279659386428,-0.9528593611896399,"cell,cells,functions,regulatory,roles"
GSE60040,0.06138329634881689,-0.9530826287023283,"performed,primary,sequencing"
GSE75140,0.06136631244191411,-0.9534818576475169,"cell,cells,data,novel,sequencing,tissue"
GSE89647,0.061365407515131705,-0.9535031322354038,
GSE103826,0.06125393171522823,-0.956126301288782,cell
GSE102728,0.061231429721574894,-0.9566563812042623,"long,patterns,regulator,roles"
GSE84188,0.061150163840973375,-0.9585723866550291,primary
GSE99651,0.06109935908422091,-0.9597715042153458,"also,cells,characteristics,functions,growth,landscape,rnaseq,set,tumor"
GSE67250,0.06106449591695324,-0.960594937953446,"colon,novel,sequencing,tissue"
GSE54066,0.0610599487946547,-0.9607023711673113,sequencing
GSE107821,0.061035972878670935,-0.9612689738033552,"also,cells"
GSE96783,0.06103021907083625,-0.9614049818151215,"cell,cells,samples"
GSE104227,0.06102321449149504,-0.9615705727632045,"also,cells"
GSE79111,0.06098039593003184,-0.9625832334312592,"cancer,nfkb,poor,progression,stage,survival"
GSE79112,0.06098039593003184,-0.9625832334312592,"cancer,nfkb,poor,progression,stage,survival"
GSE81443,0.06095086214803653,-0.963282122991298,"cell,cells,performed"
GSE67141,0.06091803903556816,-0.9640592489400801,"also,cells,performed,sequencing,survival"
GSE61999,0.06091513217345766,-0.9641280925154472,"array,cell,data,long,noncoding,novel,primary,rnas,treated"
GSE69319,0.06088590916946014,-0.9648203671182127,
GSE46665,0.06086449117600589,-0.9653279569606004,"cell,samples,set,survival"
GSE80819,0.060847850161115366,-0.9657224594332955,"also,cells,treated"
GSE40718,0.06082982003675521,-0.9661500148121763,"wnv,knockdown,novel,primary,rnaseq,sample"
GSE80780,0.060807666077493716,-0.9666755338530089,"cell,cells"
GSE94494,0.06079101765430743,-0.967070580854875,
GSE79833,0.06076421483418066,-0.967706806799473,"cells,data,functions,liver,novel,sequencing,stage"
GSE52946,0.0607470612702939,-0.9681141329754587,"also,rnaseq,survival"
GSE83687,0.060745978296878625,-0.9681398529735961,"cancer,colon,predictive,resection,samples,tissue,tumor"
GSE111036,0.06069982181059217,-0.9692364695221726,"data,facilitates,panel"
GSE42630,0.06069839681192724,-0.9692703388578282,cells
GSE83719,0.06068617432386098,-0.969560875337302,"cells,performed,primary"
GSE92628,0.060683895185730675,-0.9696150584038814,"cells,growth"
GSE64801,0.06067418846952212,-0.9698458437120451,"cell,functions,patterns,rnaseq,sequencing"
GSE79373,0.060659590986596436,-0.9701929806169095,"cell,data,novel"
GSE102283,0.06063408150930011,-0.970799811891392,"cell,cells,mirna,sequencing,set"
GSE71645,0.06055986985954955,-0.9725666458174029,"cell,cells,rnaseq"
GSE62544,0.06055847945843587,-0.9725997692013153,rnaseq
GSE68987,0.06054031851563553,-0.9730324853430221,"cells,data,mirna,regulatory,sequencing"
GSE85417,0.06051095878468122,-0.9737323067744822,"also,cancer,cell,cells,functions,novel,rnaseq,subgroup"
GSE97672,0.060501067213976606,-0.9739681596976304,"cell,cells,h5n1"
GSE57253,0.0604672508378741,-0.9747747629497953,"cells,novel,regulatory"
GSE74442,0.06044813615213396,-0.9752308945181858,"cell,cells,sequencing"
GSE65507,0.0604375113944988,-0.9754844942713651,"cancer,cell,cells,data,stage"
GSE75478,0.06043281744556132,-0.9755965471949019,"cell,cells,data,panel,rnaseq"
GSE72475,0.06042929805031158,-0.9756805671386919,"cells,functions,regulates,rnaseq,sequencing"
GSE33328,0.06038208377826521,-0.9768082059187028,"data,illumina,matched,mrna,tissue,tissues,tumor"
GSE65515,0.06036521510424335,-0.9772113015198679,"cell,cells"
GSE81266,0.06036346963558538,-0.9772530178523612,"colonic,rnaseq,sample,samples,set,truseq"
GSE95277,0.0603530667458575,-0.9775016697422904,"cells,invasive,p53,rnaseq"
GSE61797,0.06034030761788678,-0.9778066994229178,
GSE94948,0.060332764472418886,-0.9779870620901624,"mrna,regulates"
GSE53696,0.060327819883751604,-0.9781053034129867,"cells,progression"
GSE85531,0.06022470517802143,-0.9805733248966186,"also,cells,data,integrated,progression,rnaseq,treated"
GSE67196,0.06022114756287891,-0.9806585508069875,"data,splicing"
GSE61600,0.06020783643076001,-0.9809774757657129,"cells,mrna,sequencing"
GSE117123,0.060206009936617684,-0.9810212427264245,"cell,cells,growth,progression,treated"
GSE57353,0.060159511528108,-0.9821358979181584,data
GSE57989,0.060116808761927695,-0.9831603235314559,cells
GSE94064,0.060097041419729845,-0.9836347821196193,"cells,data,novel,procedure,samples,splicing,tissue,vasculature"
GSE62000,0.06007133889288711,-0.9842519312978525,"array,cell,data,long,noncoding,novel,primary,rnas,treated"
GSE102004,0.060062781018587724,-0.9844574749492692,"cell,cells,novel"
GSE74924,0.060042367282603565,-0.9849478918276547,cell
GSE80715,0.059972660092999945,-0.9866237857596615,"sequencing,tissue"
GSE118644,0.0599705936548434,-0.986673496601879,"cells,rnaseq"
GSE93960,0.05995818917581259,-0.9869719383941491,"cell,cells,rnaseq"
GSE63807,0.059946805205125124,-0.9872458819140262,"cells,functions,performed,rnaseq,sirna"
GSE96560,0.0599367052738318,-0.9874889699044672,
GSE89057,0.05993503089751272,-0.9875292732234887,"paired,performed,primary,rnaseq,samples,set,validated"
GSE104149,0.059924055604322124,-0.9877934834984832,cells
GSE64752,0.059917345223505725,-0.9879550475835078,"also,cells,hiseq,illumina,mrna,performed,rnaseq,sequencing,stage,stages,translation,truseq"
GSE99095,0.059904248375112476,-0.9882704291059194,"cell,cells,rnaseq,samples,sequencing"
GSE72815,0.05988952320395222,-0.9886251041651669,"rnaseq,samples,sequencing"
GSE87187,0.05988541103820121,-0.988724166647249,"cells,mrna"
GSE87285,0.059791811347170404,-0.9909808339548687,"cells,knockdown,landscape,patterns,prognosis,rnaseq"
GSE108094,0.059764792143424256,-0.9916329179180943,"performed,sequencing"
GSE98212,0.059741938571217304,-0.9921846983156387,cells
GSE62526,0.05970358761149539,-0.9931111246636753,"cell,panel,rnaseq,sequencing"
GSE94437,0.059684922533409866,-0.9935622236141274,"also,performed,tissue,tissues"
GSE69312,0.05965115328546,-0.994378719841574,"cell,cells"
GSE82227,0.059613975510181924,-0.995278164537671,
GSE86151,0.05959613269201123,-0.9957100363960357,"cell,cells,hiseq,illumina,sequencing,treated"
GSE87365,0.05957535809281013,-0.9962130327309832,"cells,characterization,rnaseq,treated"
GSE97165,0.05956090498976721,-0.9965630759444977,"performed,rnaseq,samples,sequencing"
GSE97395,0.05953207563022708,-0.9972615549755279,"cells,mrna,paired,performed,sequencing,splicing"
GSE51607,0.05951442066080554,-0.9976894673931428,"also,cells,novel,regulates,regulator,regulatory,set,tissues"
GSE64655,0.05951183455109569,-0.9977521589001137,"also,cell,cells,individual,performed,rnaseq"
GSE71414,0.059439985657564344,-0.999494983092548,"also,brd4,cancers,cell,cells,rnaseq,sequencing"
GSE108023,0.05941271412262571,-1.0001570548667134,"growth,novel"
GSE68452,0.059408051349000617,-1.0002702835664687,"cells,performed"
GSE58441,0.059385331962819275,-1.0008221181091295,"growth,sequencing"
GSE66148,0.059304179164703076,-1.0027949758036148,"cells,enteric,sequencing"
GSE126007,0.05923733212720816,-1.0044220834499324,"cells,sequencing,treated"
GSE101878,0.05916162086857561,-1.0062671719324399,"cell,cells,regulator,regulatory"
GSE74207,0.0590965164276543,-1.0078556607365685,"cell,cells,growth,lncrna,lncrnas,long,mirna,noncoding,poor,rnas,rnaseq,sequencing"
GSE60217,0.05907965327841695,-1.0082673914942015,"cells,long,mrna,stabilizing"
GSE46056,0.05906154623912633,-1.008709623943186,"cell,cells,data,functions,dpf2,kd,knockdown,novel,rnaseq,samples"
GSE79608,0.059031066064541164,-1.0094543546564478,"cells,cisregulatory,landscape,rnaseq"
GSE54201,0.059021963330994014,-1.009676838884769,"characterization,data,doxorubicin"
GSE75247,0.05901828139979256,-1.0097668404583693,"cells,translation"
GSE48846,0.05900975518711048,-1.0099752777946345,"cell,cells"
GSE35468,0.05899116158955035,-1.010429933435405,"novel,tissue"
GSE69906,0.05893774160861534,-1.0117369708920527,"long,novel,translation"
GSE80714,0.058849748511609415,-1.0138925007903303,rnaseq
GSE94116,0.0588453226215137,-1.014001005074055,"cells,classifier,data,set"
GSE62190,0.05884431120999198,-1.014025801793005,sequencing
GSE49642,0.05884431120999198,-1.014025801793005,sequencing
GSE52656,0.05884431120999198,-1.014025801793005,sequencing
GSE66917,0.05884431120999198,-1.014025801793005,sequencing
GSE76203,0.058829839696667136,-1.0143806457490023,"azacytidine,cells,primary,rnaseq"
GSE94296,0.05881189769276301,-1.0148207079383442,"cell,cells,rnaseq"
GSE51684,0.05874809531693729,-1.0163866723090724,"cells,experiment,performed,rnas"
GSE46030,0.05867664030371423,-1.0181424830486572,"also,cell,cells,facilitates,primary,promoter,sequencing"
GSE81475,0.058654190330634466,-1.0186945709363917,"cell,cells,epithelial,rnaseq"
GSE95573,0.05864704502794678,-1.0188703319628534,"cells,clear,performed,sample,survival"
GSE47944,0.05864614691801569,-1.0188924252953355,"cells,data,modulates,novel,rnaseq"
GSE83245,0.05860340482407734,-1.0199442640235414,mrna
GSE64642,0.05849131275697374,-1.022706382111725,"cells,regulates"
GSE83484,0.05848981057309502,-1.022743434127824,"also,cells,rnas,sequencing,sirna"
GSE61490,0.05841412191866705,-1.0246115605342667,novel
GSE81965,0.0583989660556392,-1.0249859242110182,"cells,characterization,primary,tissues"
GSE103547,0.058359208294766686,-1.0259684391738229,"cells,epithelial,stage"
GSE81046,0.05825499296841391,-1.0285470440591875,"growth,primary,regulatory"
GSE102215,0.05824398583253595,-1.0288196634513267,"performed,primary,rnaseq"
GSE102924,0.05812824958266744,-1.0316892855427364,cells
GSE73470,0.05807481865764858,-1.0330160067241059,performed
GSE105064,0.058046365003123254,-1.033723025819267,"cells,mrna,paired,performed,sequencing,splicing"
GSE79338,0.058036637875497156,-1.0339648058985742,"cell,cells,rnaseq,sequencing,tissue,tumor"
GSE40740,0.058033560030967685,-1.0340413180631165,"also,change"
GSE53239,0.05802124441384645,-1.0343475127079307,"also,lncrnas,long,noncoding,novel,performed,rnas,rnaseq,roles,sample,sequencing"
GSE89714,0.05793014048567718,-1.0366145871811823,"change,tissue"
GSE63311,0.05792971464092116,-1.0366251924787122,"also,data,suppressive"
GSE87326,0.05792929480391138,-1.0366356482348054,"cell,progression"
GSE107871,0.05792096660235704,-1.036843072110364,"primary,rnaseq"
GSE71890,0.05792056478935235,-1.0368530805006584,"cell,cells,data,emt,growth,invasive,poor,primary,progression,regulator,samples,stages,survival,tumor"
GSE106984,0.057894427980097904,-1.0375042474149674,"cells,primary,sequencing"
GSE86931,0.05784807658497992,-1.0386597595010607,"mrna,samples"
GSE100891,0.05784030413687193,-1.0388536125446914,"cell,cells,knockdown,performed,progression,regulator,rnaseq"
GSE120890,0.05782413647567599,-1.0392569345105187,
GSE104827,0.0578040107136993,-1.0397591537018984,"data,heterogeneity,stages,surrounding"
GSE61794,0.0577392047687971,-1.0413775131139025,"cells,data"
GSE125686,0.057735652021385045,-1.0414662862237725,"cell,cells,change,hiseq,illumina,performed,sample,sequencing"
GSE94655,0.05772861023325713,-1.0416422567383776,"also,cells,rnaseq,sequencing"
GSE53665,0.05769902386588549,-1.0423818388454336,"cell,cells,data,performed,poor,primary,sequencing"
GSE70665,0.057648458652397025,-1.0436467158210139,"integrated,novel"
GSE80072,0.05764255572454098,-1.043794448492083,"also,rnaseq,tissue"
GSE78023,0.057559271519013175,-1.045880417683837,"also,gata3,nfkb,novel,pairs,performed,progression,regulatory,rnaseq,samples,sequencing"
GSE42146,0.05753396176915562,-1.046514933721853,"rnaseq,samples"
GSE63887,0.05751075108414484,-1.0470970715669485,"data,individual,performed,rnaseq,samples"
GSE77057,0.0574972388772038,-1.0474360739969806,cells
GSE115823,0.057484313279974254,-1.047760433770393,
GSE97158,0.057476990428910905,-1.0479442285011016,rnaseq
GSE75906,0.057411697952416525,-1.0495840268748862,"knockdown,rnaseq,survival,swisnf"
GSE98852,0.05740927891732539,-1.0496448159401839,"cell,cells,data,heterogeneity,illumina,paired,performed,sequencing"
GSE66507,0.05739940823217434,-1.0498928875610036,"also,cell,cells,rnaseq"
GSE92626,0.057391913485683205,-1.0500812752099833,"cell,cells,primary,regulatory,survival"
GSE100291,0.05738085744273781,-1.0503592243829358,cells
GSE75011,0.057365189067185296,-1.0507532194448386,"also,cell,cells,functions,novel,performed,survival"
GSE79442,0.05733523192322229,-1.0515068177951175,"also,cell,cells,performed,rnaseq,sequencing,tissue"
GSE77704,0.05732023176782636,-1.0518843078724165,"functions,individual,mrna,rnas,roles,splicing"
GSE84166,0.057318679131135926,-1.0519233867721751,"cells,data,primary,tumors"
GSE77702,0.057316014680855905,-1.051990451795486,"functions,individual,mrna,rnas,roles,splicing"
GSE52778,0.057314736022048146,-1.0520226371333592,"cells,hiseq,illumina,primary,rnaseq,tissues,truseq"
GSE55492,0.05729059873853044,-1.0526303355414508,"mrna,patterns,performed,sequencing,set,stage,tissue,tissues"
GSE73313,0.05726524293090778,-1.0532689882365773,invasive
GSE66573,0.05725667107672755,-1.0534849568858493,cells
GSE86506,0.05725255509078888,-1.0535886710179483,"cell,cells,performed"
GSE96564,0.05724533236179343,-1.0537706865214493,"also,cell,cells,heterogeneity,individual,progression,rnaseq,sequencing"
GSE77383,0.057189428464486054,-1.0551802631438907,"cell,cells,functions,growth,performed,rnaseq,validated"
GSE107006,0.0571843507868357,-1.0553083613919012,"also,cell,cells,tissue,tissues"
GSE96568,0.05713567025321988,-1.0565370380146204,"also,cell,cells,heterogeneity,individual,progression,rnaseq,sequencing"
GSE85037,0.057120965475252666,-1.0569083864309736,change
GSE65705,0.0570056477757315,-1.059823890976434,"cells,characterization,performed,rnaseq,samples,sequencing"
GSE72930,0.05700553833509854,-1.0598266606951574,"also,pairs,regulatory,rnaseq"
GSE67812,0.0569726304429184,-1.0606597334613301,"samples,sequencing,splicing"
GSE70050,0.05697077639717589,-1.060706683481041,"cell,cells"
GSE96562,0.056941802897587,-1.0614405782858867,"also,cell,cells,heterogeneity,individual,progression,rnaseq,sequencing"
GSE96563,0.0569379096267932,-1.0615392227651308,"also,cell,cells,heterogeneity,individual,progression,rnaseq,sequencing"
GSE69121,0.05690072965549136,-1.0624815980862514,"cell,functions,regulatory,rnaseq"
GSE55282,0.056873767755467576,-1.06316536819415,characterization
GSE76284,0.056872822693311016,-1.0631893414223805,"cell,data,stage"
GSE74322,0.05686454380295392,-1.0633993676336648,"cell,cells,performed,roles"
GSE99454,0.05685095964702201,-1.0637440487702958,
GSE80688,0.05685074499526825,-1.0637494959537244,samples
GSE92874,0.0568468501292482,-1.0638483389220055,"rnaseq,samples,treated"
GSE85839,0.056779958713481994,-1.0655469508241608,"cell,cells,characteristics,primary,samples"
GSE76220,0.05677743261234645,-1.0656111367576186,rnaseq
GSE83668,0.056733020789262394,-1.0667400674995826,
GSE58434,0.056731978731101494,-1.066766566810338,"act,cells,hiseq,illumina,rnaseq,truseq"
GSE43834,0.05655078576179659,-1.0713816805454408,"cells,functions,rnaseq"
GSE58910,0.056547758919355574,-1.0714589018853362,"cell,growth,mrna,rnaseq"
GSE80397,0.05654338272687026,-1.0715705553907793,"cell,rnaseq"
GSE79613,0.05646644007279869,-1.0735350713923835,"cells,rnaseq"
GSE75844,0.05644509601031782,-1.0740805067753134,"cell,cells,rnaseq,sequencing"
GSE103270,0.056397497442053614,-1.075297604333248,"rnaseq,samples"
GSE83415,0.05637983086414015,-1.075749600934631,"cells,sequencing"
GSE87273,0.05636452401809251,-1.0761413387035563,"cell,cells"
GSE74345,0.05634141392530142,-1.076732981297369,"cells,knockdown,rnaseq"
GSE64882,0.05623163304068169,-1.0795468056061348,"cell,cells,characteristics,tumors"
GSE62193,0.05618391853594066,-1.080771502412524,"also,cell,cells,landscape,regulatory,stages,validated"
GSE73982,0.05615784900223767,-1.0814410732852435,"cell,cells,growth,lncrna,lncrnas,long,mirna,noncoding,poor,rnas,rnaseq"
GSE106804,0.05615611590307695,-1.0814855972866326,"evs,samples,sequencing,tumor"
GSE100624,0.056154814568934744,-1.0815190299775683,"cells,data,heterogeneity,performed"
GSE108003,0.05613962939815577,-1.0819092108260142,"cell,data,rnaseq"
GSE60833,0.05611060191331016,-1.0826553617939088,samples
GSE97930,0.056058554719089285,-1.083994201037028,"also,cell,cells,characterization,data,individual,regulatory,sequencing,tissues"
GSE85263,0.05603202508567389,-1.0846771160749613,samples
GSE104704,0.05596584214952479,-1.0863821807738685,"landscape,rnaseq,roles"
GSE53667,0.05591683673076372,-1.0876460024816095,"also,cell,cells,rnaseq"
GSE40996,0.055895173669520286,-1.0882050335070874,"also,change,functions,growth,rnaseq,sample"
GSE71747,0.0558899293855128,-1.088340398637671,"also,cells,characterization,individual,landscape,patterns,rnaseq,samples,tumors"
GSE99812,0.05586939428685191,-1.0888705715908016,"cell,cells,knockdown"
GSE40548,0.05586782071069995,-1.0889112060474793,rnaseq
GSE69622,0.05585617143242775,-1.0892120609620193,"cells,landscape,performed,stages"
GSE85861,0.05584851250958484,-1.089409894922627,"cell,noncoding,novel,sequencing"
GSE88741,0.05583660379151198,-1.0897175571992341,"cell,primary"
GSE63569,0.05583126097662902,-1.0898556103904171,"cell,cells,data,sequencing,splicing"
GSE56930,0.05579630664014216,-1.0907591228583855,"cell,cells,long,novel,tissue,tissues"
GSE41716,0.05579321550005,-1.0908390510164647,"cells,performed,primary,sequencing,tissue"
GSE79636,0.05574264041106324,-1.0921474093820938,"cells,rnaseq"
GSE60548,0.05572920354672219,-1.0924952155536891,"cell,cells,mrna,regulatory,rnaseq"
GSE87748,0.055659792088559146,-1.094293231216965,"cell,promoter,rnaseq,sequencing"
GSE94888,0.055566802904303894,-1.096705515189984,"also,cell,cells,characterization,functions,p53,survival"
GSE45735,0.05553481989663921,-1.0975361372216317,"cell,cells,patterns,rnaseq"
GSE86906,0.055525981793342186,-1.0977657535692606,"also,cells,data,rnaseq"
GSE74016,0.05552080157037359,-1.0979003541721155,cells
GSE102864,0.055446113199125915,-1.0998424205854482,
GSE94344,0.05534491613915617,-1.1024779505204068,"also,cell,cells,tumor"
GSE60590,0.055318993603164376,-1.1031538405173122,"data,samples"
GSE86497,0.05526655105783521,-1.1045221677427475,cells
GSE115938,0.055246086325820315,-1.1050564843318267,"cell,cells,panel,primary"
GSE77598,0.055243717705639565,-1.10511833975132,rnaseq
GSE74118,0.05521328881015742,-1.1059132122380382,"classification,data,normalized,patterns,sample,samples,sequencing,set,truseq"
GSE97577,0.05520328044016714,-1.10617474953973,"cells,performed"
GSE63755,0.05518608344588918,-1.1066242497033387,
GSE95453,0.055136999438142605,-1.107907993003184,"cells,experiment"
GSE80095,0.05505186688487693,-1.1101372624557353,"primary,rnaseq"
GSE97861,0.05499647945609927,-1.1115894819252523,"cells,characterization,performed,sequencing"
GSE67540,0.05495790875235044,-1.1126016428077994,"cell,cells"
GSE104282,0.054938512812523335,-1.1131108937205048,"also,cells,performed"
GSE57821,0.05490089783019231,-1.1140990081008706,"cells,functions,novel"
GSE61390,0.05489134784650722,-1.1143499860101551,"cell,cells"
GSE125892,0.05486723414489438,-1.114983899416521,"cell,performed"
GSE71854,0.05477292250804697,-1.1174658908417552,"cells,illumina,mrna,regulates,rnaseq,sequencing"
GSE49247,0.05476494096464677,-1.117676136554743,"cell,cells,rnaseq,sequencing,tumorigenesis"
GSE81062,0.05471395965837695,-1.1190197832781106,"cells,hiseq,illumina,paired,samples,truseq"
GSE94053,0.05469859048506902,-1.1194250938248564,regulates
GSE91087,0.05463619081633542,-1.1210718470599714,cells
GSE98454,0.05461173160305495,-1.121717849025261,"also,cell,cells,data,panel"
GSE74235,0.05457529235062683,-1.1226807973467718,"cells,experiment"
GSE61544,0.054534073232308286,-1.1237708343037136,"cell,primary,progression"
GSE76878,0.05451338089840232,-1.124318352411437,"also,cells"
GSE54416,0.05442195322867487,-1.1267400143587443,"cells,data,functions"
GSE92447,0.05440906269262367,-1.1270817756179774,cells
GSE93241,0.054246470615473594,-1.1313994748889726,cells
GSE97862,0.05423423091993751,-1.131725028611928,"cells,characterization,performed,sequencing"
GSE79988,0.054083434444406595,-1.1357419812899523,"cell,cells,novel,performed,promoter,sequencing,survival"
GSE74263,0.054050249885297684,-1.1366274630093667,"also,characterization,mrna,novel,performed,sequencing"
GSE67519,0.05395156626320037,-1.1392639077825195,"cells,sequencing"
GSE107218,0.05391790254457741,-1.1401643753945083,"autophagy,cell,cells,stages"
GSE55689,0.053877274615456425,-1.1412518770097768,"cancer,cells"
GSE83142,0.05380868980295868,-1.1430895720665848,"cells,characteristics,data,primary,prognosis,tumor"
GSE97744,0.05372105168766078,-1.1454412024262435,"cell,cells,clear,primary"
GSE96049,0.0537177596859004,-1.1455296128350159,"cells,characterization,classification,data,heterogeneity,individual,mrna,panel,primary,splicing"
GSE98834,0.05370074030269892,-1.1459867739376535,"also,cell,cells,functions,rnaseq"
GSE104583,0.053665913984313335,-1.146922702488712,"also,cells,characteristics"
GSE85431,0.0536020251620233,-1.1486412420396466,"cells,growth,hiseq,illumina,primary,rnaseq,samples,sequencing,treated,tumor,tumors"
GSE81383,0.05352006836243786,-1.1508487920885482,"cell,cells,data,heterogeneity,metastases,patterns,progression,rnaseq,sample,samples,stroma,survival,tumor"
GSE73719,0.05327024386256618,-1.1575988655184026,
GSE66511,0.0532070104414237,-1.159312406206911,"also,landscape,performed,samples"
GSE69549,0.053059439174003416,-1.163319324162905,"also,cell,cells,data,novel,samples,sequencing"
GSE99552,0.05301259035456475,-1.1645937141066243,"cell,cells,growth,primary,progression,promoter,survival,treated,tumor,tumors"
GSE85107,0.05295600976014426,-1.1661343318112984,"cells,novel"
GSE59528,0.052809266679004034,-1.1701376428868682,rnaseq
GSE65508,0.052721653009239595,-1.1725331462388247,"cells,rnaseq,survival"
GSE90683,0.05268137033115525,-1.1736358778473437,"cell,cells,data,gata3,heterogeneity,landscape,novel,primary,regulatory,tumor,tumors,validated"
GSE99944,0.0526774788980478,-1.1737424498399136,"also,cells"
GSE90087,0.05264842848964467,-1.1745382821710324,"cells,tumor"
GSE98310,0.05243422795100061,-1.180419870881004,"cell,cells,poor,samples,sequencing"
GSE90749,0.05241475083584053,-1.180955871099616,"also,cell,cells,clear"
GSE46164,0.0523924617442373,-1.1815694999065478,"cell,cells,characteristics,data,sequencing"
GSE46718,0.05235603653485519,-1.1825728645737354,"cells,knockdown,novel,performed,regulates,rnaseq,survival,tumor"
GSE60902,0.05233922133928669,-1.1830362895646935,"cell,cells,rnaseq"
GSE71191,0.05216753797665732,-1.1877764032244718,"cell,mrna,novel,patterns,sequencing,set"
GSE92532,0.05210504186348855,-1.1895057714529718,"brd4,cells,regulates,survival"
GSE81328,0.052085164070414115,-1.1900562568576833,"novel,rnaseq"
GSE123649,0.05207163103201077,-1.190431154097625,
GSE83637,0.05193661811069213,-1.1941766758818027,"cells,rnaseq,tissue"
GSE78711,0.05188778172445656,-1.195533890901491,"cell,cells,clear,growth,progression"
GSE93530,0.051870401043375834,-1.196017226711122,"performed,tissue"
GSE80183,0.05182858730771926,-1.1971806801507616,"heterogeneity,rnaseq"
GSE97619,0.05169586685464646,-1.2008798108715824,"cells,treated"
GSE84259,0.051691215670697774,-1.2010096189647725,"act,cells,regulates,regulatory"
GSE101705,0.05160054373223629,-1.2035424829671368,
GSE57430,0.051538070024940576,-1.2052902380598465,"cell,knockdown,regulator,tumor"
GSE74928,0.05150151584509112,-1.206313855066061,"cell,cells,treated"
GSE77088,0.051461249361559304,-1.2074422680209846,"cell,cells,rnaseq,treated"
GSE102838,0.05130513035962189,-1.2118256526213376,
GSE87194,0.05126668625295494,-1.2129071022138,"rnaseq,tissue"
GSE109683,0.05124787002713059,-1.2134367065348823,cells
GSE92724,0.051155879639864364,-1.2160286841069623,"cells,glucose,performed,rnaseq,tissue"
GSE106520,0.05115400489480042,-1.2160815565233332,"paired,rnaseq"
GSE69790,0.05112678455765844,-1.2168494552957891,"also,cell,cells,data,individual,primary,rnaseq,tissue"
GSE84231,0.0510849587277257,-1.218030179131497,"cell,stage,stages"
GSE90081,0.05107547473154635,-1.2182980424095147,"cells,data,performed,rnaseq,set,treated"
GSE108643,0.051037311651360134,-1.2193764125342252,
GSE93709,0.050908397520697625,-1.223025097263589,"also,breast,cancers,noncoding,novel,prostate,regulatory"
GSE81995,0.05079168821628779,-1.2263363237466667,"cell,cells,data,sequencing,set,surrounding,tissue"
GSE71840,0.05075041991536399,-1.2275089914696866,"data,growth,heterogeneity,integrated,novel,patterns,rnaseq,samples,sequencing"
GSE72041,0.050709994281509685,-1.2286586391433,"data,growth,heterogeneity,integrated,novel,patterns,rnaseq,samples,sequencing"
GSE70101,0.050652487691909207,-1.230295625115251,"cells,rnaseq"
GSE115390,0.05055560270954578,-1.2330577664763698,"cell,cells,tissue"
GSE82117,0.050472782063141326,-1.2354231405815916,"growth,novel,performed,poor,regulator,rnaseq,validated"
GSE80336,0.050459492073155365,-1.2358030666839428,"performed,rnaseq"
GSE103501,0.05042207140287528,-1.2368733636947287,"cell,data,integrated,rnaseq"
GSE71972,0.050398493637067464,-1.2375481372672197,"performed,samples"
GSE75147,0.05038613058783077,-1.2379020823268094,"cells,knockdown,performed,sequencing,splicing"
GSE92744,0.050296773657602094,-1.2404628911338982,"also,cells,p53,poor,primary,survival"
GSE57478,0.050245460549528276,-1.2419354896605168,cells
GSE57152,0.05018342506350807,-1.2437178115269234,"cell,novel,progression,sequencing,tissues,validated"
GSE76978,0.05014125508430421,-1.2449306421756765,rnaseq
GSE86982,0.05003412420886645,-1.2480163752716216,"cell,cells,data,novel,primary,regulatory,rnaseq,tissues,validated"
GSE86985,0.05002974984626707,-1.2481425121275604,"cell,cells,data,novel,primary,regulatory,rnaseq,tissues,validated"
GSE95245,0.0500112721104797,-1.248675448268536,rnaseq
GSE101480,0.0498291542972576,-1.2539386621159232,"also,cell,data,progression,survival"
GSE42701,0.04981942830361547,-1.2542202846432797,"array,cell,cells,functions,mrna,splicing"
GSE97668,0.049810292650474604,-1.2544848635539168,"epithelial,rnaseq,samples"
GSE86977,0.04961101674432285,-1.260268226262032,"cell,cells,data,novel,primary,regulatory,rnaseq,tissues,validated"
GSE84712,0.049573832801934135,-1.2613499457392203,"cells,rnaseq,splicing"
GSE71800,0.04939804567568641,-1.26647478495358,"data,growth,heterogeneity,integrated,novel,patterns,rnaseq,samples,sequencing"
GSE45734,0.04935296292956406,-1.2677920506645348,"cell,cells,individual,set"
GSE71686,0.04925276170034406,-1.2707241292388343,"data,growth,heterogeneity,integrated,novel,patterns,rnaseq,samples,sequencing"
GSE71689,0.04925276170034406,-1.2707241292388343,"data,growth,heterogeneity,integrated,novel,patterns,rnaseq,samples,sequencing"
GSE94488,0.04921090329249649,-1.2719507527057439,"cell,landscape,survival"
GSE78936,0.04919959438104865,-1.2722823293346843,"characterization,functions,long,noncoding,novel,patterns,performed,rnas,roles,sequencing,tissues"
GSE72061,0.049102716277703996,-1.2751259167046622,"cell,data,growth,heterogeneity,integrated,novel,patterns,rnaseq,samples,sequencing"
GSE80073,0.04882985944686596,-1.2831651255667675,"also,cell,heterogeneity,tissue"
GSE89189,0.048772412006768226,-1.2848634292082126,"also,cells,novel,progression,roles"
GSE70935,0.04847609075614767,-1.2936553902089607,"cells,knockdown"
GSE76122,0.04846748892831403,-1.2939114115861603,"cells,sequencing"
GSE79362,0.04841394398571521,-1.2955061243952923,"matched,progression,sequencing,validated"
GSE115650,0.04821998040017204,-1.3012976863245753,"cells,characteristics,performed,predictive,progression"
GSE71289,0.04807113235197543,-1.305757963205521,"cells,regulator,sequencing"
GSE78959,0.04799205347107812,-1.3081332068350655,"benign,cell,cells,characteristics,growth,translation,tumor"
GSE54409,0.047927133097235404,-1.310086107376616,"cell,sequencing"
GSE83256,0.04769887890405372,-1.316973392772612,"cell,cells,patterns,stages,tissues,transmembrane"
GSE87750,0.04755042957423229,-1.3214703762947932,"also,cell,cells"
GSE75432,0.04719039427212884,-1.3324355257256426,performed
GSE67427,0.04715534084354032,-1.3335075701557557,"novel,regulatory"
GSE67122,0.04702988033219365,-1.337351089602721,"cell,cells,clear,novel,performed,rnaseq,samples"
GSE67124,0.046997967543221345,-1.3383303829758944,"also,cells,characteristics,invasive,performed,primary,rnaseq,samples,set"
GSE56267,0.04699653286512848,-1.3383744239136304,"immunohistochemistry,stages,survival"
GSE77523,0.046968422786945845,-1.3392376025597852,"cells,regulatory,rnaseq"
GSE20301,0.04684979065692218,-1.3428861494807274,"cell,cells,long,sequencing,sequencingin,splicing,stage,stages"
GSE60942,0.046833799054544385,-1.3433786798319116,"cells,heterogeneity,mrna,patterns,sequencing"
GSE78922,0.046792687195760484,-1.3446456691418114,"cell,cells,data,stat3,treated"
GSE79859,0.04673351126951878,-1.3464713143219305,"cell,treated"
GSE69446,0.04670933393647233,-1.3472178780463013,"mirna,rnaseq"
GSE55296,0.04667376527480257,-1.3483168934937853,rnaseq
GSE72268,0.046616297878624084,-1.3500943161937795,"cell,cells,epithelial"
GSE56398,0.0465917479676532,-1.350854294268835,"cell,rnaseq"
GSE60424,0.046565489954882654,-1.3516675924441721,"array,cell,cells,data,illumina,normalized,primary,procedure,rnaseq,sample,samples,sequencing,truseq"
GSE76312,0.04650982092558754,-1.3533933657198631,cells
GSE81259,0.046483644395255985,-1.3542055679829823,"cell,cells,performed,poor,predictive,samples,sequencing"
GSE102902,0.04636148206801328,-1.3580020641937431,"cells,stat3"
GSE86153,0.04635480471286551,-1.3582098677525152,"cells,individual"
GSE72502,0.046294043746212446,-1.3601021645116307,rnaseq
GSE89503,0.04617077919284031,-1.363948670881516,"cell,cells"
GSE93528,0.046019237224778894,-1.3686916799669289,"ascl1,samples"
GSE71595,0.046016179506652315,-1.3687875420803617,"cells,sequencing"
GSE68221,0.0459806197268845,-1.3699028400235187,"cell,cells,integrated,novel,promoter,regulates,rnaseq,survival"
GSE55391,0.04594667988902607,-1.3709681348422793,"cells,facilitates"
GSE79917,0.04591722071372074,-1.3718934299211887,"growth,poor,prognosis,progression,tumors"
GSE78960,0.045771872620399376,-1.3764674341230325,"benign,cells,characteristics,growth,translation,tumor"
GSE104674,0.045584571574870905,-1.3823831343351296,"data,sequencing,tissue"
GSE72819,0.04558040051761641,-1.3825151491535934,"performed,sequencing"
GSE72994,0.045576864891106496,-1.3826270619191197,"cell,cells,epithelial,sequencing"
GSE30573,0.045488404563278545,-1.3854299156783834,"also,data,heterogeneity,patterns,sequencing,set,splicing"
GSE115259,0.04540508160248801,-1.3880749821417486,"cells,characterization,illumina,long,noncoding,performed,rnas,rnaseq,tissue"
GSE50535,0.04537221355787873,-1.3891197052071342,"cells,paired,performed,rnaseq,sequencing"
GSE71594,0.04534213911098149,-1.390076295993691,"cells,functions,regulates,rnaseq"
GSE75719,0.04513853118724348,-1.3965692770186486,cells
GSE59612,0.045113278666053296,-1.3973766112560666,"also,cell,patterns,resection,rnaseq,sample,tissue,tumor"
GSE46562,0.04507527697880108,-1.3985923940922984,"cell,cells,rnaseq,samples,sequencing,survival"
GSE81396,0.04502787388367455,-1.40011039242902,"rnaseq,tissues"
GSE83808,0.045007111363703826,-1.4007757778910557,"cell,cells,rnaseq"
GSE77530,0.04500211564876641,-1.4009359235430632,
GSE92839,0.04499858046703836,-1.4010492602031208,cells
GSE97100,0.044765481283154294,-1.4085420537773363,"cells,hiseq,illumina,mrna,truseq"
GSE52249,0.04471693264880552,-1.4101075207291462,"cells,characterization,novel,rnaseq"
GSE72509,0.0446221042667264,-1.4131702017846732,rnaseq
GSE74737,0.04458713886867563,-1.4143011251549598,rnaseq
GSE92340,0.044543053416768466,-1.4157282929058115,"performed,sequencing"
GSE102652,0.044413294202792344,-1.4199371686588513,"cell,cells,growth,novel,regulator,survival"
GSE68719,0.0443292427424411,-1.422670033088068,"novel,performed,tissue"
GSE91377,0.04399969913800367,-1.4334350919617684,"cells,performed,rnaseq,set,tumor"
GSE103147,0.04396143768313074,-1.4346901829412322,"cell,cells,matched,progression"
GSE76490,0.043633809681332236,-1.445482309496293,"also,cells,integrated,patterns,performed,promoter,rnaseq,stage,stages"
GSE66539,0.043543170364104614,-1.4484822973491664,"heterogeneity,landscape,matched,metastases,pairs,patterns,progression,tumor"
GSE104288,0.043363290620261424,-1.4544545111996074,"cells,mrna,novel,patterns,progression,sequencing,tissues"
GSE77513,0.043341437751474345,-1.455181738576659,"cell,cells"
GSE80434,0.04329512986595675,-1.4567240010413407,cells
GSE119669,0.043239574583653025,-1.4585764217965997,"cell,cells,mrna"
GSE109142,0.04307786816399653,-1.4639818952493424,performed
GSE52912,0.043041278416309225,-1.4652078212555415,"cells,normalized,rnaseq"
GSE61674,0.043032251831722226,-1.465510413906965,"cell,cells"
GSE117588,0.04297672429898996,-1.4673732266234838,"cell,cells,data,knockdown,long,regulatory,rnaseq,set"
GSE52082,0.0429527220192942,-1.4681791894749012,"array,mrna,panel,performed,samples"
GSE78081,0.04293860615098044,-1.4686533908600998,"cells,data,novel,predictive"
GSE73737,0.042877333592508705,-1.470713558971888,"heterogeneity,landscape,matched,metastases,pairs,patterns,progression,samples,sequencing,tumor"
GSE97881,0.04259286586668892,-1.4803169457739438,"cells,rnaseq"
GSE74201,0.04246301645397085,-1.4847218909514845,"cell,cells,data,novel,performed,rnaseq,stage"
GSE103715,0.042431387440839304,-1.485796897557596,"also,cell,cells,data,rnaseq,stage,stages"
GSE92293,0.042384809210889496,-1.4873814578366475,"rnaseq,samples,treated"
GSE99321,0.04217335886549042,-1.4945968223014237,
GSE67073,0.04215490358528332,-1.495228291298514,"cells,sequencing"
GSE62098,0.04207527710767885,-1.4979559776845377,"frozen,matched,performed,rnaseq,samples"
GSE89991,0.042068112881517426,-1.4982016486417264,rnaseq
GSE43143,0.04185403564507938,-1.5055620139970909,"cells,rnaseq"
GSE95089,0.0418468105486758,-1.5058110822264168,"rnaseq,sequencing,stage"
GSE80538,0.04182660242871227,-1.5065079381089843,tissue
GSE38003,0.04130473285453241,-1.5246216502160768,"rnaseq,sample,sequencing,set"
GSE69092,0.04106977673200197,-1.532851646455081,"also,data,functions,knockdown,patterns,splicing"
GSE61476,0.0407547241125315,-1.5439614508093449,cells
GSE67528,0.04074207792087906,-1.5444091885775595,"cell,cells,characterization,novel,stages"
GSE62936,0.04061016755884892,-1.549087770976938,"rnaseq,samples"
GSE52431,0.04054057592689919,-1.5515621667150488,cells
GSE102033,0.040428642671165235,-1.5555509826780671,rnaseq
GSE64810,0.04040660921335629,-1.55633746036845,"cell,mrna,novel,sequencing,set,tissue"
GSE102025,0.04034716820827521,-1.55846133027229,rnaseq
GSE75354,0.04020846565652669,-1.5634294664960495,"cell,data,rnaseq"
GSE92494,0.04009094599744755,-1.5676522907214596,"cells,panel,progression,stage"
GSE58933,0.03998715390451135,-1.5713921502285897,"cell,rnaseq,roles"
GSE122550,0.0398995719547683,-1.5745554816539202,"cells,regulator"
GSE62642,0.03970940267139579,-1.581448091568736,"rnaseq,samples"
GSE41795,0.03955268515333904,-1.5871531111299197,"also,cell,cells,heterogeneity,long,novel"
GSE38994,0.03941592224259035,-1.592150220155547,"novel,rnaseq,sample,sequencing"
GSE120306,0.03938026521043828,-1.5934559236072694,"cell,cells,rnaseq"
GSE77564,0.03927208040990466,-1.597424725107817,"characteristics,functions,heterogeneity,regulatory"
GSE93624,0.03862594388846916,-1.6213585627833156,predictive
GSE84826,0.03840721095694599,-1.629551548370158,"also,cells,set"
GSE51984,0.0380152697319031,-1.6443497233128672,rnaseq
GSE92971,0.037824067918765004,-1.6516242196523936,"cells,samples"
GSE117469,0.0377360143402137,-1.6549866966327296,"also,cells,performed"
GSE62563,0.037647052514190794,-1.658391833891521,growth
GSE53695,0.03763364478061073,-1.6589057311226876,"progression,samples"
GSE97919,0.0374278736844704,-1.6668156612623704,"cells,rnaseq"
GSE102628,0.03695576651479533,-1.6851292532464008,"also,cell,novel,splicing"
GSE61410,0.03679947454149407,-1.6912435846237255,"cells,performed"
GSE71204,0.0367499817127878,-1.693185218809703,"also,cells,data,functions,mirna,patterns,regulates,set"
GSE84684,0.03658635326163195,-1.699623128390226,"also,cells,performed,rnaseq,samples,sequencing"
GSE63738,0.03601356159989036,-1.7223884673965217,"also,cells,facilitates,samples,sequencing,tissue"
GSE93385,0.0358986744507575,-1.7269981769656493,"cells,rnaseq"
GSE52202,0.03574773522567513,-1.7330769070693803,"cells,data,knockdown,noncoding"
GSE94892,0.03525806992221073,-1.7529752492527393,"cells,novel,progression"
GSE90068,0.0352379184346048,-1.7538000465980952,"also,knockdown,set"
GSE72748,0.03458170435436056,-1.7809197771058272,"cells,progression"
GSE54112,0.03380742016203478,-1.8135888222167917,"cells,change"
GSE97324,0.033155618357417496,-1.8416753891292768,"cells,rnaseq"
GSE58604,0.03310981822725051,-1.843669660489765,"rnaseq,tissue"
GSE99349,0.032892548614823,-1.8531679539483463,
GSE58122,0.03240579142575148,-1.8746770823597871,"characteristics,performed,rnaseq,set"
GSE53697,0.03227735382783952,-1.8804064428716372,"progression,rnaseq,samples"
GSE42608,0.03030335275512888,-1.9714513289212612,"data,matched,rnaseq,samples,sequencing,set,splicing"
GSE82022,0.029938476433118776,-1.9889279462382563,"also,cells,novel,regulatory,sequencing"
GSE63734,0.028646488134434916,-2.0525704656826083,"cells,facilitates,samples,sequencing,tissue"
GSE63085,0.02856640070069292,-2.056609479314569,
GSE66763,0.027625372378268724,-2.1049348393066785,"act,also,cell,cells,data,progression"
GSE108571,0.027294317231542835,-2.122328142396789,"cell,cells,sequencing,vasculature"
GSE96578,0.026033421475304637,-2.190563818636176,"cells,rnaseq"
GSE61405,0.024369535993944993,-2.285849969045422,"clear,functions,rnas,rnaseq,samples,set,tissue"
GSE84013,0.024159269669942328,-2.2983519079276604,
