ID,prob,log2(prob/prior),related_words
GSE20116,0.0017377599719036504,0.34517213495092236,oral
GSE79183,0.001632656806038891,0.2551648711666234,oral
GSE72627,0.0016123827066556544,0.23713752628763873,"cancers,oral"
GSE57254,0.001559236735378503,0.18878329707323602,oral
GSE79477,0.0015307213441923704,0.1621549867201925,oral
GSE40996,0.0015300429165794186,0.16151543131151172,oral
GSE70665,0.0014851743035858421,0.11857557037157582,oral
GSE92341,0.0014847216457298056,0.11813579250708138,oral
GSE51415,0.0014768128321437826,0.11043030513272667,oral
GSE81827,0.001447391937848845,0.0813989520442738,cardiosphere
GSE67141,0.001445637526470202,0.07964917317949848,oral
GSE86422,0.0014111512750448604,0.04481596404393687,oral
GSE67994,0.0014056662442625573,0.03919739865500617,"cancers,oral"
GSE118808,0.001405356347843387,0.03887930371674919,cpmscor
GSE65473,0.0014050543420779937,0.0385692406905213,oral
GSE94528,0.0014018956796658093,0.03532230826485803,"cancers,oral"
GSE94999,0.0014018163368041759,0.0352406539777081,"cancers,oral"
GSE119587,0.0013967237475454063,0.029990015318115328,cohsc31
GSE85541,0.0013900333453240386,0.023062803272661754,oral
GSE95106,0.001389576622531138,0.022588699551687474,oral
GSE83930,0.0013761097501797136,0.008538846538122888,protontm
GSE69687,0.00136624967205342,-0.0018355391085073769,cancers
GSE48850,0.0013657540893176699,-0.002358945974316566,cancers
GSE108391,0.0013656302986140684,-0.0024897164620628935,cancers
GSE63721,0.0013654063491541522,-0.0027263231558757235,cancers
GSE106338,0.0013653753293462296,-0.002759099209277269,cancers
GSE77229,0.0013653369033651427,-0.0027997017829904927,cancers
GSE43093,0.0013653357210775693,-0.0028009510579154497,cancers
GSE28866,0.0013653213060414345,-0.0028161829240484566,cancers
GSE31614,0.001365310087723803,-0.00282803704046346,cancers
GSE42948,0.001365260743902411,-0.002880178582154452,cancers
GSE73708,0.0013652321826635792,-0.0029103600612747126,cancers
GSE99015,0.0013652045625359437,-0.002939547641789028,cancers
GSE93748,0.0013651747215793427,-0.0029710827478130375,cancers
GSE53499,0.0013651677057113702,-0.002978497025106957,cancers
GSE22932,0.0013651655124513491,-0.002980814841360848,cancers
GSE81687,0.001365153325396989,-0.0029936940719070423,cancers
GSE39121,0.0013651332111774869,-0.0030149509505084057,cancers
GSE78213,0.0013651113080332615,-0.003038098736233949,cancers
GSE77661,0.0013650722816536279,-0.003079343702014133,cancers
GSE113695,0.0013650718569876846,-0.0030797925160101942,cancers
GSE66182,0.0013650621519981077,-0.0030900494047113136,cancers
GSE54159,0.0013650330880141377,-0.0031207666228720184,cancers
GSE78913,0.0013650105733977367,-0.0031445623781481548,cancers
GSE84405,0.0013650062694626906,-0.003149111262718921,cancers
GSE85001,0.0013649691463125193,-0.003188347795288527,cancers
GSE84852,0.001364968926184672,-0.0031885804579681563,cancers
GSE75664,0.0013649627767826523,-0.003195080043132721,cancers
GSE80372,0.0013649508719541772,-0.0032076628858255076,cancers
GSE101168,0.001364950540295245,-0.0032080134352592137,cancers
GSE50760,0.0013649235716515773,-0.003236518433573718,cancers
GSE74941,0.0013649081289642798,-0.0032528411163072436,cancers
GSE78918,0.001364883312506549,-0.003279072116930654,cancers
GSE45202,0.0013648691631514141,-0.0032940282015332598,cancers
GSE83479,0.0013648647977962413,-0.003298642479957178,cancers
GSE95352,0.0013648572464504505,-0.003306624456838243,cancers
GSE84275,0.0013648517019696912,-0.003312485151181047,cancers
GSE103001,0.0013648491171955315,-0.0033152173486701367,cancers
GSE103021,0.0013648363507253493,-0.0033287120340016086,cancers
GSE80746,0.0013648232200658202,-0.003342591814168271,cancers
GSE95513,0.0013648143000419147,-0.0033520208128235197,cancers
GSE70073,0.0013648039467431005,-0.003362964946036165,cancers
GSE48812,0.0013647993590471628,-0.003367814475756747,cancers
GSE81162,0.0013647914904112044,-0.0033761322366973254,cancers
GSE72955,0.0013647843965209371,-0.003383631072218422,cancers
GSE39776,0.001364775421829277,-0.003393118128017388,cancers
GSE45162,0.0013647628925802537,-0.0034063627748037533,cancers
GSE114885,0.0013647590918084373,-0.0034103805879464925,cancers
GSE89226,0.001364749357702009,-0.0034206706070699045,cancers
GSE62731,0.0013647439253323967,-0.0034264132500349954,cancers
GSE46217,0.0013647201470745971,-0.003451549887630726,cancers
GSE89385,0.0013647168320976696,-0.003455054273927637,cancers
GSE85870,0.001364716555540581,-0.0034553466331712526,cancers
GSE56887,0.0013647162481974903,-0.003455671537563185,cancers
GSE86855,0.001364709999923292,-0.0034622768482627155,cancers
GSE35704,0.0013647090976927074,-0.003463230636261892,cancers
GSE97681,0.001364708805256569,-0.0034635397836197722,cancers
GSE67070,0.0013647049831011155,-0.0034675803616675683,cancers
GSE63863,0.0013647009321366545,-0.003471862836697055,cancers
GSE95499,0.0013646993205473881,-0.0034735665310088237,cancers
GSE123029,0.0013646977698512802,-0.00347520585391475,cancers
GSE96860,0.0013646955181673887,-0.0034775862314134006,cancers
GSE74516,0.0013646950089948274,-0.003478124505963517,cancers
GSE58626,0.0013646941930665578,-0.0034789870694025564,cancers
GSE68042,0.001364693025307706,-0.003480221573538341,cancers
GSE97679,0.0013646929794373535,-0.0034802700657118575,cancers
GSE93709,0.0013646923839110575,-0.003480899630774912,cancers
GSE64471,0.0013646907244391985,-0.0034826539552697175,cancers
GSE81485,0.001364683466363027,-0.003490326916005106,cancers
GSE55758,0.0013646834482044057,-0.003490346112656709,cancers
GSE74550,0.0013646819905144322,-0.003491887131727458,cancers
GSE74557,0.001364679002680151,-0.003495045771212001,cancers
GSE105083,0.0013646725374967053,-0.003501880572781784,cancers
GSE71511,0.0013646718181773497,-0.0035026410180256586,cancers
GSE44866,0.0013646696183794102,-0.0035049665882425263,cancers
GSE101209,0.0013646682780690063,-0.003506383532018905,cancers
GSE75602,0.0013646646320034225,-0.003510238071505181,cancers
GSE79256,0.0013646616644000108,-0.003513375363466934,cancers
GSE42951,0.0013646595773199354,-0.0035155817875614777,cancers
GSE68873,0.0013646592719817878,-0.003515904585926608,cancers
GSE69114,0.0013646583972446908,-0.0035168293437048415,cancers
GSE81469,0.001364657569715389,-0.0035177041947183282,cancers
GSE78220,0.0013646572330149312,-0.0035180601493193906,cancers
GSE38790,0.0013646566327316946,-0.0035186947598412188,cancers
GSE34097,0.001364656464307234,-0.0035188728157295682,cancers
GSE29119,0.0013646493431697573,-0.003526401198730926,cancers
GSE74718,0.001364647887831484,-0.0035279397701154904,cancers
GSE122953,0.0013646474380690403,-0.003528415255520662,cancers
GSE99626,0.0013646455956243394,-0.0035303630755608045,cancers
GSE89127,0.0013646452775458034,-0.0035306993462976537,cancers
GSE103449,0.001364645100187298,-0.003530886848689012,cancers
GSE69383,0.0013646449286058766,-0.0035310682436035102,cancers
GSE71505,0.0013646428497355262,-0.0035332660154683434,cancers
GSE71503,0.0013646426920567634,-0.003533432712844479,cancers
GSE56512,0.001364642382366625,-0.0035337601161127266,cancers
GSE72141,0.001364635009862493,-0.0035415543221399585,cancers
GSE83671,0.0013646341290509867,-0.0035424855182423515,cancers
GSE60052,0.0013646314369801886,-0.0035453315858718516,cancers
GSE82071,0.0013646305175871428,-0.003546303573031838,cancers
GSE82329,0.0013646300828637815,-0.0035467631650820566,cancers
GSE55922,0.0013646276241978338,-0.0035493624836885427,cancers
GSE77408,0.0013646240270672933,-0.0035531654033567547,cancers
GSE84293,0.0013646217697664074,-0.003555551847844639,cancers
GSE66727,0.0013646177712315101,-0.0035597791546680474,cancers
GSE66876,0.0013646162949972824,-0.0035613398531994717,cancers
GSE52687,0.0013646146015057984,-0.0035631302416703624,cancers
GSE86237,0.001364614500228695,-0.0035632373136452243,cancers
GSE67939,0.0013646129110553317,-0.003564917417341037,cancers
GSE109373,0.0013646128550113623,-0.0035649766681056906,cancers
GSE40174,0.0013646098089937597,-0.0035681969802830046,cancers
GSE60477,0.001364608734600172,-0.0035693328528973002,cancers
GSE89745,0.0013646077146032558,-0.0035704112169772065,cancers
GSE70072,0.001364605465780802,-0.003572788726381974,cancers
GSE85118,0.0013646049613248881,-0.0035733220498942115,cancers
GSE83518,0.0013646026591378404,-0.0035757559825947693,cancers
GSE57914,0.0013646015446495778,-0.003576934250374884,cancers
GSE85579,0.0013645994262256429,-0.003579173909335958,cancers
GSE53172,0.001364596448222586,-0.0035823223460474747,cancers
GSE59810,0.001364596145443605,-0.0035826424537126673,cancers
GSE107735,0.0013645928656838956,-0.003586109925587,cancers
GSE29155,0.0013645917327507265,-0.0035873077024362625,cancers
GSE73398,0.0013645908872688046,-0.003588201576350696,cancers
GSE71100,0.0013645787810618426,-0.0036010007547609,cancers
GSE106605,0.0013645784260945312,-0.0036013760424712833,cancers
GSE95304,0.001364570228035903,-0.00361004343294851,cancers
GSE90519,0.001364568724447369,-0.0036116331062916694,cancers
GSE59531,0.0013645573573367795,-0.00362365107364499,cancers
GSE87307,0.001364556718634366,-0.0036243263497814275,cancers
GSE62077,0.001364554484836602,-0.0036266880629664353,cancers
GSE101419,0.0013645532615568943,-0.0036279813937778746,cancers
GSE71012,0.00136454825085488,-0.0036332790457080043,cancers
GSE48953,0.0013645463849955148,-0.003635251762973277,cancers
GSE90728,0.0013645442037571128,-0.0036375579244751644,cancers
GSE90729,0.0013645440649472738,-0.0036377046843060028,cancers
GSE71414,0.0013645421050948305,-0.003639776784067328,cancers
GSE72536,0.0013645402728264034,-0.0036417139953400734,cancers
GSE81043,0.0013645381343426184,-0.003643974963690018,cancers
GSE81781,0.0013645366822831327,-0.0036455101938759893,cancers
GSE83886,0.0013645323884159365,-0.003650050013682561,cancers
GSE74927,0.0013645319328965586,-0.0036505316260375753,cancers
GSE83652,0.001364529777141497,-0.003652810868844968,cancers
GSE83649,0.0013645297277923032,-0.0036528630449423243,cancers
GSE81405,0.0013645203935631713,-0.003662732007020889,cancers
GSE80136,0.0013645156698567564,-0.003667726347631321,cancers
GSE94153,0.0013645126183579623,-0.0036709526844169566,cancers
GSE36350,0.0013644966675033401,-0.003687817573064068,cancers
GSE106694,0.0013644828331847263,-0.0037024448011934996,cancers
GSE106681,0.0013644828331847263,-0.0037024448011934996,cancers
GSE97726,0.0013644727194997506,-0.0037131382426055628,cancers
GSE80131,0.001364309773242512,-0.0038854361506683306,
GSE80388,0.001364309773242512,-0.0038854361506683306,
GSE80389,0.001364309773242512,-0.0038854361506683306,
GSE80397,0.001364309773242512,-0.0038854361506683306,
GSE80409,0.001364309773242512,-0.0038854361506683306,
GSE80411,0.001364309773242512,-0.0038854361506683306,
GSE80126,0.001364309773242512,-0.0038854361506683306,
GSE80434,0.001364309773242512,-0.0038854361506683306,
GSE80442,0.001364309773242512,-0.0038854361506683306,
GSE80135,0.001364309773242512,-0.0038854361506683306,
GSE80450,0.001364309773242512,-0.0038854361506683306,
GSE80463,0.001364309773242512,-0.0038854361506683306,
GSE80467,0.001364309773242512,-0.0038854361506683306,
GSE80492,0.001364309773242512,-0.0038854361506683306,
GSE80525,0.001364309773242512,-0.0038854361506683306,
GSE80098,0.001364309773242512,-0.0038854361506683306,
GSE80095,0.001364309773242512,-0.0038854361506683306,
GSE80538,0.001364309773242512,-0.0038854361506683306,
GSE80551,0.001364309773242512,-0.0038854361506683306,
GSE80563,0.001364309773242512,-0.0038854361506683306,
GSE80106,0.001364309773242512,-0.0038854361506683306,
GSE80176,0.001364309773242512,-0.0038854361506683306,
GSE80182,0.001364309773242512,-0.0038854361506683306,
GSE80183,0.001364309773242512,-0.0038854361506683306,
GSE80170,0.001364309773242512,-0.0038854361506683306,
GSE80207,0.001364309773242512,-0.0038854361506683306,
GSE80237,0.001364309773242512,-0.0038854361506683306,
GSE80239,0.001364309773242512,-0.0038854361506683306,
GSE80249,0.001364309773242512,-0.0038854361506683306,
GSE80258,0.001364309773242512,-0.0038854361506683306,
GSE80264,0.001364309773242512,-0.0038854361506683306,
GSE80386,0.001364309773242512,-0.0038854361506683306,
GSE80297,0.001364309773242512,-0.0038854361506683306,
GSE80306,0.001364309773242512,-0.0038854361506683306,
GSE80137,0.001364309773242512,-0.0038854361506683306,
GSE80333,0.001364309773242512,-0.0038854361506683306,
GSE80336,0.001364309773242512,-0.0038854361506683306,
GSE80338,0.001364309773242512,-0.0038854361506683306,
GSE80351,0.001364309773242512,-0.0038854361506683306,
GSE80358,0.001364309773242512,-0.0038854361506683306,
GSE80361,0.001364309773242512,-0.0038854361506683306,
GSE101167,0.001364309773242512,-0.0038854361506683306,
GSE80282,0.001364309773242512,-0.0038854361506683306,
GSE81062,0.001364309773242512,-0.0038854361506683306,
GSE81063,0.001364309773242512,-0.0038854361506683306,
GSE81074,0.001364309773242512,-0.0038854361506683306,
GSE81076,0.001364309773242512,-0.0038854361506683306,
GSE81080,0.001364309773242512,-0.0038854361506683306,
GSE81084,0.001364309773242512,-0.0038854361506683306,
GSE81087,0.001364309773242512,-0.0038854361506683306,
GSE81089,0.001364309773242512,-0.0038854361506683306,
GSE81144,0.001364309773242512,-0.0038854361506683306,
GSE81147,0.001364309773242512,-0.0038854361506683306,
GSE81148,0.001364309773242512,-0.0038854361506683306,
GSE80609,0.001364309773242512,-0.0038854361506683306,
GSE101133,0.001364309773242512,-0.0038854361506683306,
GSE81167,0.001364309773242512,-0.0038854361506683306,
GSE81194,0.001364309773242512,-0.0038854361506683306,
GSE81198,0.001364309773242512,-0.0038854361506683306,
GSE81201,0.001364309773242512,-0.0038854361506683306,
GSE81214,0.001364309773242512,-0.0038854361506683306,
GSE81236,0.001364309773242512,-0.0038854361506683306,
GSE81239,0.001364309773242512,-0.0038854361506683306,
GSE81252,0.001364309773242512,-0.0038854361506683306,
GSE81259,0.001364309773242512,-0.0038854361506683306,
GSE81266,0.001364309773242512,-0.0038854361506683306,
GSE81268,0.001364309773242512,-0.0038854361506683306,
GSE81157,0.001364309773242512,-0.0038854361506683306,
GSE80589,0.001364309773242512,-0.0038854361506683306,
GSE80591,0.001364309773242512,-0.0038854361506683306,
GSE80082,0.001364309773242512,-0.0038854361506683306,
GSE80611,0.001364309773242512,-0.0038854361506683306,
GSE80619,0.001364309773242512,-0.0038854361506683306,
GSE80635,0.001364309773242512,-0.0038854361506683306,
GSE80651,0.001364309773242512,-0.0038854361506683306,
GSE80688,0.001364309773242512,-0.0038854361506683306,
GSE80714,0.001364309773242512,-0.0038854361506683306,
GSE80715,0.001364309773242512,-0.0038854361506683306,
GSE80716,0.001364309773242512,-0.0038854361506683306,
GSE81046,0.001364309773242512,-0.0038854361506683306,
GSE80727,0.001364309773242512,-0.0038854361506683306,
GSE101157,0.001364309773242512,-0.0038854361506683306,
GSE80753,0.001364309773242512,-0.0038854361506683306,
GSE80774,0.001364309773242512,-0.0038854361506683306,
GSE80780,0.001364309773242512,-0.0038854361506683306,
GSE80802,0.001364309773242512,-0.0038854361506683306,
GSE80819,0.001364309773242512,-0.0038854361506683306,
GSE80829,0.001364309773242512,-0.0038854361506683306,
GSE80963,0.001364309773242512,-0.0038854361506683306,
GSE80979,0.001364309773242512,-0.0038854361506683306,
GSE80988,0.001364309773242512,-0.0038854361506683306,
GSE81032,0.001364309773242512,-0.0038854361506683306,
GSE80722,0.001364309773242512,-0.0038854361506683306,
GSE101343,0.001364309773242512,-0.0038854361506683306,
GSE79209,0.001364309773242512,-0.0038854361506683306,
GSE79210,0.001364309773242512,-0.0038854361506683306,
GSE79249,0.001364309773242512,-0.0038854361506683306,
GSE79253,0.001364309773242512,-0.0038854361506683306,
GSE101234,0.001364309773242512,-0.0038854361506683306,
GSE79271,0.001364309773242512,-0.0038854361506683306,
GSE79272,0.001364309773242512,-0.0038854361506683306,
GSE79293,0.001364309773242512,-0.0038854361506683306,
GSE79301,0.001364309773242512,-0.0038854361506683306,
GSE79304,0.001364309773242512,-0.0038854361506683306,
GSE80048,0.001364309773242512,-0.0038854361506683306,
GSE79338,0.001364309773242512,-0.0038854361506683306,
GSE79343,0.001364309773242512,-0.0038854361506683306,
GSE79362,0.001364309773242512,-0.0038854361506683306,
GSE79373,0.001364309773242512,-0.0038854361506683306,
GSE79395,0.001364309773242512,-0.0038854361506683306,
GSE79400,0.001364309773242512,-0.0038854361506683306,
GSE79426,0.001364309773242512,-0.0038854361506683306,
GSE79442,0.001364309773242512,-0.0038854361506683306,
GSE79463,0.001364309773242512,-0.0038854361506683306,
GSE101232,0.001364309773242512,-0.0038854361506683306,
GSE79564,0.001364309773242512,-0.0038854361506683306,
GSE79572,0.001364309773242512,-0.0038854361506683306,
GSE79309,0.001364309773242512,-0.0038854361506683306,
GSE78853,0.001364309773242512,-0.0038854361506683306,
GSE101396,0.001364309773242512,-0.0038854361506683306,
GSE78922,0.001364309773242512,-0.0038854361506683306,
GSE78925,0.001364309773242512,-0.0038854361506683306,
GSE78930,0.001364309773242512,-0.0038854361506683306,
GSE78936,0.001364309773242512,-0.0038854361506683306,
GSE78957,0.001364309773242512,-0.0038854361506683306,
GSE78959,0.001364309773242512,-0.0038854361506683306,
GSE78960,0.001364309773242512,-0.0038854361506683306,
GSE78968,0.001364309773242512,-0.0038854361506683306,
GSE79027,0.001364309773242512,-0.0038854361506683306,
GSE79160,0.001364309773242512,-0.0038854361506683306,
GSE79044,0.001364309773242512,-0.0038854361506683306,
GSE79051,0.001364309773242512,-0.0038854361506683306,
GSE79102,0.001364309773242512,-0.0038854361506683306,
GSE79111,0.001364309773242512,-0.0038854361506683306,
GSE79112,0.001364309773242512,-0.0038854361506683306,
GSE79120,0.001364309773242512,-0.0038854361506683306,
GSE79123,0.001364309773242512,-0.0038854361506683306,
GSE79130,0.001364309773242512,-0.0038854361506683306,
GSE79133,0.001364309773242512,-0.0038854361506683306,
GSE79134,0.001364309773242512,-0.0038854361506683306,
GSE79147,0.001364309773242512,-0.0038854361506683306,
GSE79157,0.001364309773242512,-0.0038854361506683306,
GSE79029,0.001364309773242512,-0.0038854361506683306,
GSE79872,0.001364309773242512,-0.0038854361506683306,
GSE79884,0.001364309773242512,-0.0038854361506683306,
GSE79888,0.001364309773242512,-0.0038854361506683306,
GSE79899,0.001364309773242512,-0.0038854361506683306,
GSE79917,0.001364309773242512,-0.0038854361506683306,
GSE79920,0.001364309773242512,-0.0038854361506683306,
GSE79923,0.001364309773242512,-0.0038854361506683306,
GSE79928,0.001364309773242512,-0.0038854361506683306,
GSE79933,0.001364309773242512,-0.0038854361506683306,
GSE79953,0.001364309773242512,-0.0038854361506683306,
GSE79955,0.001364309773242512,-0.0038854361506683306,
GSE79577,0.001364309773242512,-0.0038854361506683306,
GSE79970,0.001364309773242512,-0.0038854361506683306,
GSE79978,0.001364309773242512,-0.0038854361506683306,
GSE79988,0.001364309773242512,-0.0038854361506683306,
GSE79989,0.001364309773242512,-0.0038854361506683306,
GSE80016,0.001364309773242512,-0.0038854361506683306,
GSE80043,0.001364309773242512,-0.0038854361506683306,
GSE80045,0.001364309773242512,-0.0038854361506683306,
GSE81301,0.001364309773242512,-0.0038854361506683306,
GSE80062,0.001364309773242512,-0.0038854361506683306,
GSE80064,0.001364309773242512,-0.0038854361506683306,
GSE80072,0.001364309773242512,-0.0038854361506683306,
GSE80073,0.001364309773242512,-0.0038854361506683306,
GSE79968,0.001364309773242512,-0.0038854361506683306,
GSE79586,0.001364309773242512,-0.0038854361506683306,
GSE79608,0.001364309773242512,-0.0038854361506683306,
GSE79613,0.001364309773242512,-0.0038854361506683306,
GSE79636,0.001364309773242512,-0.0038854361506683306,
GSE79657,0.001364309773242512,-0.0038854361506683306,
GSE79664,0.001364309773242512,-0.0038854361506683306,
GSE79666,0.001364309773242512,-0.0038854361506683306,
GSE79668,0.001364309773242512,-0.0038854361506683306,
GSE79669,0.001364309773242512,-0.0038854361506683306,
GSE79671,0.001364309773242512,-0.0038854361506683306,
GSE79680,0.001364309773242512,-0.0038854361506683306,
GSE79871,0.001364309773242512,-0.0038854361506683306,
GSE79688,0.001364309773242512,-0.0038854361506683306,
GSE79724,0.001364309773242512,-0.0038854361506683306,
GSE79735,0.001364309773242512,-0.0038854361506683306,
GSE79779,0.001364309773242512,-0.0038854361506683306,
GSE79782,0.001364309773242512,-0.0038854361506683306,
GSE79804,0.001364309773242512,-0.0038854361506683306,
GSE79820,0.001364309773242512,-0.0038854361506683306,
GSE79833,0.001364309773242512,-0.0038854361506683306,
GSE79835,0.001364309773242512,-0.0038854361506683306,
GSE79842,0.001364309773242512,-0.0038854361506683306,
GSE79859,0.001364309773242512,-0.0038854361506683306,
GSE79861,0.001364309773242512,-0.0038854361506683306,
GSE79684,0.001364309773242512,-0.0038854361506683306,
GSE83645,0.001364309773242512,-0.0038854361506683306,
GSE83647,0.001364309773242512,-0.0038854361506683306,
GSE83660,0.001364309773242512,-0.0038854361506683306,
GSE83668,0.001364309773242512,-0.0038854361506683306,
GSE100027,0.001364309773242512,-0.0038854361506683306,
GSE83687,0.001364309773242512,-0.0038854361506683306,
GSE83712,0.001364309773242512,-0.0038854361506683306,
GSE83717,0.001364309773242512,-0.0038854361506683306,
GSE83719,0.001364309773242512,-0.0038854361506683306,
GSE83724,0.001364309773242512,-0.0038854361506683306,
GSE83763,0.001364309773242512,-0.0038854361506683306,
GSE101451,0.001364309773242512,-0.0038854361506683306,
GSE83772,0.001364309773242512,-0.0038854361506683306,
GSE83786,0.001364309773242512,-0.0038854361506683306,
GSE83808,0.001364309773242512,-0.0038854361506683306,
GSE83816,0.001364309773242512,-0.0038854361506683306,
GSE83849,0.001364309773242512,-0.0038854361506683306,
GSE83888,0.001364309773242512,-0.0038854361506683306,
GSE83919,0.001364309773242512,-0.0038854361506683306,
GSE83923,0.001364309773242512,-0.0038854361506683306,
GSE99400,0.001364309773242512,-0.0038854361506683306,
GSE83939,0.001364309773242512,-0.0038854361506683306,
GSE84013,0.001364309773242512,-0.0038854361506683306,
GSE84022,0.001364309773242512,-0.0038854361506683306,
GSE83765,0.001364309773242512,-0.0038854361506683306,
GSE83402,0.001364309773242512,-0.0038854361506683306,
GSE83403,0.001364309773242512,-0.0038854361506683306,
GSE83415,0.001364309773242512,-0.0038854361506683306,
GSE100751,0.001364309773242512,-0.0038854361506683306,
GSE83480,0.001364309773242512,-0.0038854361506683306,
GSE83482,0.001364309773242512,-0.0038854361506683306,
GSE83484,0.001364309773242512,-0.0038854361506683306,
GSE83492,0.001364309773242512,-0.0038854361506683306,
GSE83493,0.001364309773242512,-0.0038854361506683306,
GSE83501,0.001364309773242512,-0.0038854361506683306,
GSE100745,0.001364309773242512,-0.0038854361506683306,
GSE83637,0.001364309773242512,-0.0038854361506683306,
GSE83525,0.001364309773242512,-0.0038854361506683306,
GSE83547,0.001364309773242512,-0.0038854361506683306,
GSE83549,0.001364309773242512,-0.0038854361506683306,
GSE83551,0.001364309773242512,-0.0038854361506683306,
GSE83559,0.001364309773242512,-0.0038854361506683306,
GSE83560,0.001364309773242512,-0.0038854361506683306,
GSE83577,0.001364309773242512,-0.0038854361506683306,
GSE83584,0.001364309773242512,-0.0038854361506683306,
GSE83592,0.001364309773242512,-0.0038854361506683306,
GSE83601,0.001364309773242512,-0.0038854361506683306,
GSE83611,0.001364309773242512,-0.0038854361506683306,
GSE83635,0.001364309773242512,-0.0038854361506683306,
GSE83520,0.001364309773242512,-0.0038854361506683306,
GSE84346,0.001364309773242512,-0.0038854361506683306,
GSE84358,0.001364309773242512,-0.0038854361506683306,
GSE84359,0.001364309773242512,-0.0038854361506683306,
GSE84389,0.001364309773242512,-0.0038854361506683306,
GSE99385,0.001364309773242512,-0.0038854361506683306,
GSE84425,0.001364309773242512,-0.0038854361506683306,
GSE84432,0.001364309773242512,-0.0038854361506683306,
GSE84461,0.001364309773242512,-0.0038854361506683306,
GSE84465,0.001364309773242512,-0.0038854361506683306,
GSE84471,0.001364309773242512,-0.0038854361506683306,
GSE84504,0.001364309773242512,-0.0038854361506683306,
GSE84023,0.001364309773242512,-0.0038854361506683306,
GSE84577,0.001364309773242512,-0.0038854361506683306,
GSE84582,0.001364309773242512,-0.0038854361506683306,
GSE84629,0.001364309773242512,-0.0038854361506683306,
GSE84631,0.001364309773242512,-0.0038854361506683306,
GSE84636,0.001364309773242512,-0.0038854361506683306,
GSE84639,0.001364309773242512,-0.0038854361506683306,
GSE84661,0.001364309773242512,-0.0038854361506683306,
GSE84666,0.001364309773242512,-0.0038854361506683306,
GSE84675,0.001364309773242512,-0.0038854361506683306,
GSE84684,0.001364309773242512,-0.0038854361506683306,
GSE84686,0.001364309773242512,-0.0038854361506683306,
GSE84691,0.001364309773242512,-0.0038854361506683306,
GSE84531,0.001364309773242512,-0.0038854361506683306,
GSE84054,0.001364309773242512,-0.0038854361506683306,
GSE84068,0.001364309773242512,-0.0038854361506683306,
GSE84070,0.001364309773242512,-0.0038854361506683306,
GSE84073,0.001364309773242512,-0.0038854361506683306,
GSE84076,0.001364309773242512,-0.0038854361506683306,
GSE84085,0.001364309773242512,-0.0038854361506683306,
GSE84166,0.001364309773242512,-0.0038854361506683306,
GSE84170,0.001364309773242512,-0.0038854361506683306,
GSE84188,0.001364309773242512,-0.0038854361506683306,
GSE84197,0.001364309773242512,-0.0038854361506683306,
GSE84204,0.001364309773242512,-0.0038854361506683306,
GSE84339,0.001364309773242512,-0.0038854361506683306,
GSE84237,0.001364309773242512,-0.0038854361506683306,
GSE84259,0.001364309773242512,-0.0038854361506683306,
GSE99392,0.001364309773242512,-0.0038854361506683306,
GSE84285,0.001364309773242512,-0.0038854361506683306,
GSE99389,0.001364309773242512,-0.0038854361506683306,
GSE84320,0.001364309773242512,-0.0038854361506683306,
GSE84322,0.001364309773242512,-0.0038854361506683306,
GSE84323,0.001364309773242512,-0.0038854361506683306,
GSE84325,0.001364309773242512,-0.0038854361506683306,
GSE84335,0.001364309773242512,-0.0038854361506683306,
GSE84336,0.001364309773242512,-0.0038854361506683306,
GSE84337,0.001364309773242512,-0.0038854361506683306,
GSE84231,0.001364309773242512,-0.0038854361506683306,
GSE81550,0.001364309773242512,-0.0038854361506683306,
GSE81579,0.001364309773242512,-0.0038854361506683306,
GSE81593,0.001364309773242512,-0.0038854361506683306,
GSE81601,0.001364309773242512,-0.0038854361506683306,
GSE81608,0.001364309773242512,-0.0038854361506683306,
GSE81617,0.001364309773242512,-0.0038854361506683306,
GSE81620,0.001364309773242512,-0.0038854361506683306,
GSE81626,0.001364309773242512,-0.0038854361506683306,
GSE81662,0.001364309773242512,-0.0038854361506683306,
GSE81671,0.001364309773242512,-0.0038854361506683306,
GSE81673,0.001364309773242512,-0.0038854361506683306,
GSE83392,0.001364309773242512,-0.0038854361506683306,
GSE81698,0.001364309773242512,-0.0038854361506683306,
GSE81747,0.001364309773242512,-0.0038854361506683306,
GSE81748,0.001364309773242512,-0.0038854361506683306,
GSE81749,0.001364309773242512,-0.0038854361506683306,
GSE81750,0.001364309773242512,-0.0038854361506683306,
GSE81791,0.001364309773242512,-0.0038854361506683306,
GSE81796,0.001364309773242512,-0.0038854361506683306,
GSE81802,0.001364309773242512,-0.0038854361506683306,
GSE81810,0.001364309773242512,-0.0038854361506683306,
GSE81812,0.001364309773242512,-0.0038854361506683306,
GSE81814,0.001364309773242512,-0.0038854361506683306,
GSE81817,0.001364309773242512,-0.0038854361506683306,
GSE100891,0.001364309773242512,-0.0038854361506683306,
GSE81322,0.001364309773242512,-0.0038854361506683306,
GSE81328,0.001364309773242512,-0.0038854361506683306,
GSE81345,0.001364309773242512,-0.0038854361506683306,
GSE81383,0.001364309773242512,-0.0038854361506683306,
GSE81396,0.001364309773242512,-0.0038854361506683306,
GSE81402,0.001364309773242512,-0.0038854361506683306,
GSE81412,0.001364309773242512,-0.0038854361506683306,
GSE81417,0.001364309773242512,-0.0038854361506683306,
GSE81429,0.001364309773242512,-0.0038854361506683306,
GSE81439,0.001364309773242512,-0.0038854361506683306,
GSE81443,0.001364309773242512,-0.0038854361506683306,
GSE81547,0.001364309773242512,-0.0038854361506683306,
GSE100982,0.001364309773242512,-0.0038854361506683306,
GSE81474,0.001364309773242512,-0.0038854361506683306,
GSE81475,0.001364309773242512,-0.0038854361506683306,
GSE81478,0.001364309773242512,-0.0038854361506683306,
GSE100925,0.001364309773242512,-0.0038854361506683306,
GSE81493,0.001364309773242512,-0.0038854361506683306,
GSE81497,0.001364309773242512,-0.0038854361506683306,
GSE81498,0.001364309773242512,-0.0038854361506683306,
GSE81507,0.001364309773242512,-0.0038854361506683306,
GSE81513,0.001364309773242512,-0.0038854361506683306,
GSE81518,0.001364309773242512,-0.0038854361506683306,
GSE81534,0.001364309773242512,-0.0038854361506683306,
GSE81460,0.001364309773242512,-0.0038854361506683306,
GSE82236,0.001364309773242512,-0.0038854361506683306,
GSE82237,0.001364309773242512,-0.0038854361506683306,
GSE82260,0.001364309773242512,-0.0038854361506683306,
GSE82289,0.001364309773242512,-0.0038854361506683306,
GSE82320,0.001364309773242512,-0.0038854361506683306,
GSE100791,0.001364309773242512,-0.0038854361506683306,
GSE82333,0.001364309773242512,-0.0038854361506683306,
GSE82336,0.001364309773242512,-0.0038854361506683306,
GSE83083,0.001364309773242512,-0.0038854361506683306,
GSE83100,0.001364309773242512,-0.0038854361506683306,
GSE83115,0.001364309773242512,-0.0038854361506683306,
GSE81826,0.001364309773242512,-0.0038854361506683306,
GSE83139,0.001364309773242512,-0.0038854361506683306,
GSE83142,0.001364309773242512,-0.0038854361506683306,
GSE83245,0.001364309773242512,-0.0038854361506683306,
GSE83254,0.001364309773242512,-0.0038854361506683306,
GSE83256,0.001364309773242512,-0.0038854361506683306,
GSE83266,0.001364309773242512,-0.0038854361506683306,
GSE83277,0.001364309773242512,-0.0038854361506683306,
GSE83299,0.001364309773242512,-0.0038854361506683306,
GSE83314,0.001364309773242512,-0.0038854361506683306,
GSE83321,0.001364309773242512,-0.0038854361506683306,
GSE83322,0.001364309773242512,-0.0038854361506683306,
GSE83381,0.001364309773242512,-0.0038854361506683306,
GSE83126,0.001364309773242512,-0.0038854361506683306,
GSE100862,0.001364309773242512,-0.0038854361506683306,
GSE81928,0.001364309773242512,-0.0038854361506683306,
GSE81955,0.001364309773242512,-0.0038854361506683306,
GSE81965,0.001364309773242512,-0.0038854361506683306,
GSE81975,0.001364309773242512,-0.0038854361506683306,
GSE81978,0.001364309773242512,-0.0038854361506683306,
GSE81995,0.001364309773242512,-0.0038854361506683306,
GSE82022,0.001364309773242512,-0.0038854361506683306,
GSE82032,0.001364309773242512,-0.0038854361506683306,
GSE82052,0.001364309773242512,-0.0038854361506683306,
GSE82061,0.001364309773242512,-0.0038854361506683306,
GSE82227,0.001364309773242512,-0.0038854361506683306,
GSE100813,0.001364309773242512,-0.0038854361506683306,
GSE82102,0.001364309773242512,-0.0038854361506683306,
GSE82104,0.001364309773242512,-0.0038854361506683306,
GSE82110,0.001364309773242512,-0.0038854361506683306,
GSE82115,0.001364309773242512,-0.0038854361506683306,
GSE82117,0.001364309773242512,-0.0038854361506683306,
GSE82143,0.001364309773242512,-0.0038854361506683306,
GSE82147,0.001364309773242512,-0.0038854361506683306,
GSE82177,0.001364309773242512,-0.0038854361506683306,
GSE82184,0.001364309773242512,-0.0038854361506683306,
GSE82204,0.001364309773242512,-0.0038854361506683306,
GSE82207,0.001364309773242512,-0.0038854361506683306,
GSE82070,0.001364309773242512,-0.0038854361506683306,
GSE74442,0.001364309773242512,-0.0038854361506683306,
GSE74450,0.001364309773242512,-0.0038854361506683306,
GSE74457,0.001364309773242512,-0.0038854361506683306,
GSE74461,0.001364309773242512,-0.0038854361506683306,
GSE74484,0.001364309773242512,-0.0038854361506683306,
GSE74493,0.001364309773242512,-0.0038854361506683306,
GSE74508,0.001364309773242512,-0.0038854361506683306,
GSE101628,0.001364309773242512,-0.0038854361506683306,
GSE101565,0.001364309773242512,-0.0038854361506683306,
GSE101558,0.001364309773242512,-0.0038854361506683306,
GSE74620,0.001364309773242512,-0.0038854361506683306,
GSE78711,0.001364309773242512,-0.0038854361506683306,
GSE74658,0.001364309773242512,-0.0038854361506683306,
GSE74665,0.001364309773242512,-0.0038854361506683306,
GSE74697,0.001364309773242512,-0.0038854361506683306,
GSE74698,0.001364309773242512,-0.0038854361506683306,
GSE74716,0.001364309773242512,-0.0038854361506683306,
GSE101547,0.001364309773242512,-0.0038854361506683306,
GSE74729,0.001364309773242512,-0.0038854361506683306,
GSE74734,0.001364309773242512,-0.0038854361506683306,
GSE74737,0.001364309773242512,-0.0038854361506683306,
GSE74760,0.001364309773242512,-0.0038854361506683306,
GSE74791,0.001364309773242512,-0.0038854361506683306,
GSE74792,0.001364309773242512,-0.0038854361506683306,
GSE74639,0.001364309773242512,-0.0038854361506683306,
GSE74118,0.001364309773242512,-0.0038854361506683306,
GSE74142,0.001364309773242512,-0.0038854361506683306,
GSE74201,0.001364309773242512,-0.0038854361506683306,
GSE74207,0.001364309773242512,-0.0038854361506683306,
GSE74220,0.001364309773242512,-0.0038854361506683306,
GSE74230,0.001364309773242512,-0.0038854361506683306,
GSE74232,0.001364309773242512,-0.0038854361506683306,
GSE74235,0.001364309773242512,-0.0038854361506683306,
GSE74246,0.001364309773242512,-0.0038854361506683306,
GSE74251,0.001364309773242512,-0.0038854361506683306,
GSE74263,0.001364309773242512,-0.0038854361506683306,
GSE74439,0.001364309773242512,-0.0038854361506683306,
GSE74279,0.001364309773242512,-0.0038854361506683306,
GSE74289,0.001364309773242512,-0.0038854361506683306,
GSE74308,0.001364309773242512,-0.0038854361506683306,
GSE74322,0.001364309773242512,-0.0038854361506683306,
GSE74324,0.001364309773242512,-0.0038854361506683306,
GSE74339,0.001364309773242512,-0.0038854361506683306,
GSE74345,0.001364309773242512,-0.0038854361506683306,
GSE74365,0.001364309773242512,-0.0038854361506683306,
GSE74369,0.001364309773242512,-0.0038854361506683306,
GSE74377,0.001364309773242512,-0.0038854361506683306,
GSE74383,0.001364309773242512,-0.0038854361506683306,
GSE74417,0.001364309773242512,-0.0038854361506683306,
GSE74270,0.001364309773242512,-0.0038854361506683306,
GSE75168,0.001364309773242512,-0.0038854361506683306,
GSE75184,0.001364309773242512,-0.0038854361506683306,
GSE75189,0.001364309773242512,-0.0038854361506683306,
GSE75215,0.001364309773242512,-0.0038854361506683306,
GSE75217,0.001364309773242512,-0.0038854361506683306,
GSE75220,0.001364309773242512,-0.0038854361506683306,
GSE75234,0.001364309773242512,-0.0038854361506683306,
GSE75247,0.001364309773242512,-0.0038854361506683306,
GSE75291,0.001364309773242512,-0.0038854361506683306,
GSE75297,0.001364309773242512,-0.0038854361506683306,
GSE75299,0.001364309773242512,-0.0038854361506683306,
GSE74798,0.001364309773242512,-0.0038854361506683306,
GSE75354,0.001364309773242512,-0.0038854361506683306,
GSE75364,0.001364309773242512,-0.0038854361506683306,
GSE75367,0.001364309773242512,-0.0038854361506683306,
GSE75369,0.001364309773242512,-0.0038854361506683306,
GSE75428,0.001364309773242512,-0.0038854361506683306,
GSE75432,0.001364309773242512,-0.0038854361506683306,
GSE75440,0.001364309773242512,-0.0038854361506683306,
GSE75452,0.001364309773242512,-0.0038854361506683306,
GSE75478,0.001364309773242512,-0.0038854361506683306,
GSE75487,0.001364309773242512,-0.0038854361506683306,
GSE75489,0.001364309773242512,-0.0038854361506683306,
GSE75491,0.001364309773242512,-0.0038854361506683306,
GSE75327,0.001364309773242512,-0.0038854361506683306,
GSE74850,0.001364309773242512,-0.0038854361506683306,
GSE74863,0.001364309773242512,-0.0038854361506683306,
GSE74866,0.001364309773242512,-0.0038854361506683306,
GSE74881,0.001364309773242512,-0.0038854361506683306,
GSE74886,0.001364309773242512,-0.0038854361506683306,
GSE74896,0.001364309773242512,-0.0038854361506683306,
GSE74924,0.001364309773242512,-0.0038854361506683306,
GSE74928,0.001364309773242512,-0.0038854361506683306,
GSE74935,0.001364309773242512,-0.0038854361506683306,
GSE101528,0.001364309773242512,-0.0038854361506683306,
GSE74953,0.001364309773242512,-0.0038854361506683306,
GSE74958,0.001364309773242512,-0.0038854361506683306,
GSE75147,0.001364309773242512,-0.0038854361506683306,
GSE74978,0.001364309773242512,-0.0038854361506683306,
GSE74981,0.001364309773242512,-0.0038854361506683306,
GSE74999,0.001364309773242512,-0.0038854361506683306,
GSE75011,0.001364309773242512,-0.0038854361506683306,
GSE75035,0.001364309773242512,-0.0038854361506683306,
GSE75042,0.001364309773242512,-0.0038854361506683306,
GSE75059,0.001364309773242512,-0.0038854361506683306,
GSE75061,0.001364309773242512,-0.0038854361506683306,
GSE75070,0.001364309773242512,-0.0038854361506683306,
GSE75130,0.001364309773242512,-0.0038854361506683306,
GSE75140,0.001364309773242512,-0.0038854361506683306,
GSE75146,0.001364309773242512,-0.0038854361506683306,
GSE74974,0.001364309773242512,-0.0038854361506683306,
GSE72748,0.001364309773242512,-0.0038854361506683306,
GSE72815,0.001364309773242512,-0.0038854361506683306,
GSE72819,0.001364309773242512,-0.0038854361506683306,
GSE72820,0.001364309773242512,-0.0038854361506683306,
GSE72821,0.001364309773242512,-0.0038854361506683306,
GSE72842,0.001364309773242512,-0.0038854361506683306,
GSE72915,0.001364309773242512,-0.0038854361506683306,
GSE72930,0.001364309773242512,-0.0038854361506683306,
GSE72932,0.001364309773242512,-0.0038854361506683306,
GSE101655,0.001364309773242512,-0.0038854361506683306,
GSE72956,0.001364309773242512,-0.0038854361506683306,
GSE74102,0.001364309773242512,-0.0038854361506683306,
GSE72986,0.001364309773242512,-0.0038854361506683306,
GSE72994,0.001364309773242512,-0.0038854361506683306,
GSE73016,0.001364309773242512,-0.0038854361506683306,
GSE73060,0.001364309773242512,-0.0038854361506683306,
GSE73109,0.001364309773242512,-0.0038854361506683306,
GSE73114,0.001364309773242512,-0.0038854361506683306,
GSE73189,0.001364309773242512,-0.0038854361506683306,
GSE73211,0.001364309773242512,-0.0038854361506683306,
GSE73213,0.001364309773242512,-0.0038854361506683306,
GSE73268,0.001364309773242512,-0.0038854361506683306,
GSE73277,0.001364309773242512,-0.0038854361506683306,
GSE73305,0.001364309773242512,-0.0038854361506683306,
GSE72983,0.001364309773242512,-0.0038854361506683306,
GSE72273,0.001364309773242512,-0.0038854361506683306,
GSE72299,0.001364309773242512,-0.0038854361506683306,
GSE72379,0.001364309773242512,-0.0038854361506683306,
GSE72400,0.001364309773242512,-0.0038854361506683306,
GSE72404,0.001364309773242512,-0.0038854361506683306,
GSE72407,0.001364309773242512,-0.0038854361506683306,
GSE72419,0.001364309773242512,-0.0038854361506683306,
GSE72437,0.001364309773242512,-0.0038854361506683306,
GSE72460,0.001364309773242512,-0.0038854361506683306,
GSE72468,0.001364309773242512,-0.0038854361506683306,
GSE72475,0.001364309773242512,-0.0038854361506683306,
GSE72713,0.001364309773242512,-0.0038854361506683306,
GSE72483,0.001364309773242512,-0.0038854361506683306,
GSE72501,0.001364309773242512,-0.0038854361506683306,
GSE72502,0.001364309773242512,-0.0038854361506683306,
GSE72509,0.001364309773242512,-0.0038854361506683306,
GSE72524,0.001364309773242512,-0.0038854361506683306,
GSE72534,0.001364309773242512,-0.0038854361506683306,
GSE72577,0.001364309773242512,-0.0038854361506683306,
GSE72589,0.001364309773242512,-0.0038854361506683306,
GSE101661,0.001364309773242512,-0.0038854361506683306,
GSE72631,0.001364309773242512,-0.0038854361506683306,
GSE72696,0.001364309773242512,-0.0038854361506683306,
GSE72712,0.001364309773242512,-0.0038854361506683306,
GSE72482,0.001364309773242512,-0.0038854361506683306,
GSE101629,0.001364309773242512,-0.0038854361506683306,
GSE73718,0.001364309773242512,-0.0038854361506683306,
GSE73719,0.001364309773242512,-0.0038854361506683306,
GSE73727,0.001364309773242512,-0.0038854361506683306,
GSE73737,0.001364309773242512,-0.0038854361506683306,
GSE73742,0.001364309773242512,-0.0038854361506683306,
GSE73784,0.001364309773242512,-0.0038854361506683306,
GSE73853,0.001364309773242512,-0.0038854361506683306,
GSE73857,0.001364309773242512,-0.0038854361506683306,
GSE73887,0.001364309773242512,-0.0038854361506683306,
GSE73893,0.001364309773242512,-0.0038854361506683306,
GSE73313,0.001364309773242512,-0.0038854361506683306,
GSE73934,0.001364309773242512,-0.0038854361506683306,
GSE73941,0.001364309773242512,-0.0038854361506683306,
GSE73942,0.001364309773242512,-0.0038854361506683306,
GSE73982,0.001364309773242512,-0.0038854361506683306,
GSE73986,0.001364309773242512,-0.0038854361506683306,
GSE74009,0.001364309773242512,-0.0038854361506683306,
GSE74016,0.001364309773242512,-0.0038854361506683306,
GSE74029,0.001364309773242512,-0.0038854361506683306,
GSE74031,0.001364309773242512,-0.0038854361506683306,
GSE74041,0.001364309773242512,-0.0038854361506683306,
GSE74053,0.001364309773242512,-0.0038854361506683306,
GSE74085,0.001364309773242512,-0.0038854361506683306,
GSE73929,0.001364309773242512,-0.0038854361506683306,
GSE73317,0.001364309773242512,-0.0038854361506683306,
GSE73318,0.001364309773242512,-0.0038854361506683306,
GSE73362,0.001364309773242512,-0.0038854361506683306,
GSE73370,0.001364309773242512,-0.0038854361506683306,
GSE73376,0.001364309773242512,-0.0038854361506683306,
GSE101638,0.001364309773242512,-0.0038854361506683306,
GSE73433,0.001364309773242512,-0.0038854361506683306,
GSE73458,0.001364309773242512,-0.0038854361506683306,
GSE73470,0.001364309773242512,-0.0038854361506683306,
GSE73471,0.001364309773242512,-0.0038854361506683306,
GSE73502,0.001364309773242512,-0.0038854361506683306,
GSE73526,0.001364309773242512,-0.0038854361506683306,
GSE73696,0.001364309773242512,-0.0038854361506683306,
GSE73555,0.001364309773242512,-0.0038854361506683306,
GSE73565,0.001364309773242512,-0.0038854361506683306,
GSE73570,0.001364309773242512,-0.0038854361506683306,
GSE73573,0.001364309773242512,-0.0038854361506683306,
GSE73579,0.001364309773242512,-0.0038854361506683306,
GSE73583,0.001364309773242512,-0.0038854361506683306,
GSE73588,0.001364309773242512,-0.0038854361506683306,
GSE73610,0.001364309773242512,-0.0038854361506683306,
GSE73628,0.001364309773242512,-0.0038854361506683306,
GSE73632,0.001364309773242512,-0.0038854361506683306,
GSE73663,0.001364309773242512,-0.0038854361506683306,
GSE73678,0.001364309773242512,-0.0038854361506683306,
GSE73527,0.001364309773242512,-0.0038854361506683306,
GSE77352,0.001364309773242512,-0.0038854361506683306,
GSE77356,0.001364309773242512,-0.0038854361506683306,
GSE77370,0.001364309773242512,-0.0038854361506683306,
GSE77381,0.001364309773242512,-0.0038854361506683306,
GSE77382,0.001364309773242512,-0.0038854361506683306,
GSE77383,0.001364309773242512,-0.0038854361506683306,
GSE101518,0.001364309773242512,-0.0038854361506683306,
GSE77415,0.001364309773242512,-0.0038854361506683306,
GSE77422,0.001364309773242512,-0.0038854361506683306,
GSE77460,0.001364309773242512,-0.0038854361506683306,
GSE77466,0.001364309773242512,-0.0038854361506683306,
GSE75515,0.001364309773242512,-0.0038854361506683306,
GSE77513,0.001364309773242512,-0.0038854361506683306,
GSE77523,0.001364309773242512,-0.0038854361506683306,
GSE77530,0.001364309773242512,-0.0038854361506683306,
GSE77538,0.001364309773242512,-0.0038854361506683306,
GSE77564,0.001364309773242512,-0.0038854361506683306,
GSE77568,0.001364309773242512,-0.0038854361506683306,
GSE77597,0.001364309773242512,-0.0038854361506683306,
GSE77598,0.001364309773242512,-0.0038854361506683306,
GSE77624,0.001364309773242512,-0.0038854361506683306,
GSE77635,0.001364309773242512,-0.0038854361506683306,
GSE77638,0.001364309773242512,-0.0038854361506683306,
GSE77639,0.001364309773242512,-0.0038854361506683306,
GSE77509,0.001364309773242512,-0.0038854361506683306,
GSE77039,0.001364309773242512,-0.0038854361506683306,
GSE77057,0.001364309773242512,-0.0038854361506683306,
GSE77085,0.001364309773242512,-0.0038854361506683306,
GSE77088,0.001364309773242512,-0.0038854361506683306,
GSE77108,0.001364309773242512,-0.0038854361506683306,
GSE77120,0.001364309773242512,-0.0038854361506683306,
GSE77128,0.001364309773242512,-0.0038854361506683306,
GSE77131,0.001364309773242512,-0.0038854361506683306,
GSE77140,0.001364309773242512,-0.0038854361506683306,
GSE77179,0.001364309773242512,-0.0038854361506683306,
GSE77219,0.001364309773242512,-0.0038854361506683306,
GSE77347,0.001364309773242512,-0.0038854361506683306,
GSE77250,0.001364309773242512,-0.0038854361506683306,
GSE77251,0.001364309773242512,-0.0038854361506683306,
GSE77260,0.001364309773242512,-0.0038854361506683306,
GSE77261,0.001364309773242512,-0.0038854361506683306,
GSE77282,0.001364309773242512,-0.0038854361506683306,
GSE77284,0.001364309773242512,-0.0038854361506683306,
GSE77288,0.001364309773242512,-0.0038854361506683306,
GSE77308,0.001364309773242512,-0.0038854361506683306,
GSE77312,0.001364309773242512,-0.0038854361506683306,
GSE77314,0.001364309773242512,-0.0038854361506683306,
GSE77315,0.001364309773242512,-0.0038854361506683306,
GSE77317,0.001364309773242512,-0.0038854361506683306,
GSE101519,0.001364309773242512,-0.0038854361506683306,
GSE78167,0.001364309773242512,-0.0038854361506683306,
GSE78172,0.001364309773242512,-0.0038854361506683306,
GSE78195,0.001364309773242512,-0.0038854361506683306,
GSE78199,0.001364309773242512,-0.0038854361506683306,
GSE101480,0.001364309773242512,-0.0038854361506683306,
GSE101467,0.001364309773242512,-0.0038854361506683306,
GSE78236,0.001364309773242512,-0.0038854361506683306,
GSE78271,0.001364309773242512,-0.0038854361506683306,
GSE78275,0.001364309773242512,-0.0038854361506683306,
GSE78276,0.001364309773242512,-0.0038854361506683306,
GSE78285,0.001364309773242512,-0.0038854361506683306,
GSE77649,0.001364309773242512,-0.0038854361506683306,
GSE78506,0.001364309773242512,-0.0038854361506683306,
GSE78508,0.001364309773242512,-0.0038854361506683306,
GSE78512,0.001364309773242512,-0.0038854361506683306,
GSE78519,0.001364309773242512,-0.0038854361506683306,
GSE78522,0.001364309773242512,-0.0038854361506683306,
GSE78527,0.001364309773242512,-0.0038854361506683306,
GSE78705,0.001364309773242512,-0.0038854361506683306,
GSE84694,0.001364309773242512,-0.0038854361506683306,
GSE78725,0.001364309773242512,-0.0038854361506683306,
GSE78740,0.001364309773242512,-0.0038854361506683306,
GSE78785,0.001364309773242512,-0.0038854361506683306,
GSE78801,0.001364309773242512,-0.0038854361506683306,
GSE78502,0.001364309773242512,-0.0038854361506683306,
GSE101497,0.001364309773242512,-0.0038854361506683306,
GSE77675,0.001364309773242512,-0.0038854361506683306,
GSE77682,0.001364309773242512,-0.0038854361506683306,
GSE77702,0.001364309773242512,-0.0038854361506683306,
GSE77704,0.001364309773242512,-0.0038854361506683306,
GSE77737,0.001364309773242512,-0.0038854361506683306,
GSE77742,0.001364309773242512,-0.0038854361506683306,
GSE77808,0.001364309773242512,-0.0038854361506683306,
GSE77829,0.001364309773242512,-0.0038854361506683306,
GSE77841,0.001364309773242512,-0.0038854361506683306,
GSE77901,0.001364309773242512,-0.0038854361506683306,
GSE77902,0.001364309773242512,-0.0038854361506683306,
GSE78158,0.001364309773242512,-0.0038854361506683306,
GSE77926,0.001364309773242512,-0.0038854361506683306,
GSE77938,0.001364309773242512,-0.0038854361506683306,
GSE77946,0.001364309773242512,-0.0038854361506683306,
GSE77950,0.001364309773242512,-0.0038854361506683306,
GSE77958,0.001364309773242512,-0.0038854361506683306,
GSE77992,0.001364309773242512,-0.0038854361506683306,
GSE78003,0.001364309773242512,-0.0038854361506683306,
GSE78011,0.001364309773242512,-0.0038854361506683306,
GSE78023,0.001364309773242512,-0.0038854361506683306,
GSE78081,0.001364309773242512,-0.0038854361506683306,
GSE78102,0.001364309773242512,-0.0038854361506683306,
GSE78138,0.001364309773242512,-0.0038854361506683306,
GSE77913,0.001364309773242512,-0.0038854361506683306,
GSE75885,0.001364309773242512,-0.0038854361506683306,
GSE75906,0.001364309773242512,-0.0038854361506683306,
GSE75935,0.001364309773242512,-0.0038854361506683306,
GSE75949,0.001364309773242512,-0.0038854361506683306,
GSE75956,0.001364309773242512,-0.0038854361506683306,
GSE75962,0.001364309773242512,-0.0038854361506683306,
GSE75990,0.001364309773242512,-0.0038854361506683306,
GSE76011,0.001364309773242512,-0.0038854361506683306,
GSE76023,0.001364309773242512,-0.0038854361506683306,
GSE76025,0.001364309773242512,-0.0038854361506683306,
GSE76098,0.001364309773242512,-0.0038854361506683306,
GSE77034,0.001364309773242512,-0.0038854361506683306,
GSE76125,0.001364309773242512,-0.0038854361506683306,
GSE76151,0.001364309773242512,-0.0038854361506683306,
GSE76199,0.001364309773242512,-0.0038854361506683306,
GSE76203,0.001364309773242512,-0.0038854361506683306,
GSE76220,0.001364309773242512,-0.0038854361506683306,
GSE76234,0.001364309773242512,-0.0038854361506683306,
GSE76240,0.001364309773242512,-0.0038854361506683306,
GSE76268,0.001364309773242512,-0.0038854361506683306,
GSE76271,0.001364309773242512,-0.0038854361506683306,
GSE76284,0.001364309773242512,-0.0038854361506683306,
GSE76307,0.001364309773242512,-0.0038854361506683306,
GSE76308,0.001364309773242512,-0.0038854361506683306,
GSE76122,0.001364309773242512,-0.0038854361506683306,
GSE75524,0.001364309773242512,-0.0038854361506683306,
GSE75530,0.001364309773242512,-0.0038854361506683306,
GSE75591,0.001364309773242512,-0.0038854361506683306,
GSE101526,0.001364309773242512,-0.0038854361506683306,
GSE75627,0.001364309773242512,-0.0038854361506683306,
GSE75652,0.001364309773242512,-0.0038854361506683306,
GSE101521,0.001364309773242512,-0.0038854361506683306,
GSE75665,0.001364309773242512,-0.0038854361506683306,
GSE75688,0.001364309773242512,-0.0038854361506683306,
GSE75699,0.001364309773242512,-0.0038854361506683306,
GSE75719,0.001364309773242512,-0.0038854361506683306,
GSE75859,0.001364309773242512,-0.0038854361506683306,
GSE75741,0.001364309773242512,-0.0038854361506683306,
GSE75742,0.001364309773242512,-0.0038854361506683306,
GSE75746,0.001364309773242512,-0.0038854361506683306,
GSE75747,0.001364309773242512,-0.0038854361506683306,
GSE75748,0.001364309773242512,-0.0038854361506683306,
GSE75792,0.001364309773242512,-0.0038854361506683306,
GSE75797,0.001364309773242512,-0.0038854361506683306,
GSE75823,0.001364309773242512,-0.0038854361506683306,
GSE75839,0.001364309773242512,-0.0038854361506683306,
GSE75844,0.001364309773242512,-0.0038854361506683306,
GSE75852,0.001364309773242512,-0.0038854361506683306,
GSE75853,0.001364309773242512,-0.0038854361506683306,
GSE75733,0.001364309773242512,-0.0038854361506683306,
GSE76661,0.001364309773242512,-0.0038854361506683306,
GSE76663,0.001364309773242512,-0.0038854361506683306,
GSE76682,0.001364309773242512,-0.0038854361506683306,
GSE76683,0.001364309773242512,-0.0038854361506683306,
GSE76684,0.001364309773242512,-0.0038854361506683306,
GSE76688,0.001364309773242512,-0.0038854361506683306,
GSE76712,0.001364309773242512,-0.0038854361506683306,
GSE76717,0.001364309773242512,-0.0038854361506683306,
GSE76743,0.001364309773242512,-0.0038854361506683306,
GSE76747,0.001364309773242512,-0.0038854361506683306,
GSE76801,0.001364309773242512,-0.0038854361506683306,
GSE76312,0.001364309773242512,-0.0038854361506683306,
GSE76877,0.001364309773242512,-0.0038854361506683306,
GSE76878,0.001364309773242512,-0.0038854361506683306,
GSE76883,0.001364309773242512,-0.0038854361506683306,
GSE76922,0.001364309773242512,-0.0038854361506683306,
GSE76931,0.001364309773242512,-0.0038854361506683306,
GSE76947,0.001364309773242512,-0.0038854361506683306,
GSE76970,0.001364309773242512,-0.0038854361506683306,
GSE76978,0.001364309773242512,-0.0038854361506683306,
GSE76980,0.001364309773242512,-0.0038854361506683306,
GSE76987,0.001364309773242512,-0.0038854361506683306,
GSE76998,0.001364309773242512,-0.0038854361506683306,
GSE77032,0.001364309773242512,-0.0038854361506683306,
GSE76860,0.001364309773242512,-0.0038854361506683306,
GSE76314,0.001364309773242512,-0.0038854361506683306,
GSE76326,0.001364309773242512,-0.0038854361506683306,
GSE76367,0.001364309773242512,-0.0038854361506683306,
GSE76371,0.001364309773242512,-0.0038854361506683306,
GSE76377,0.001364309773242512,-0.0038854361506683306,
GSE76389,0.001364309773242512,-0.0038854361506683306,
GSE76421,0.001364309773242512,-0.0038854361506683306,
GSE76433,0.001364309773242512,-0.0038854361506683306,
GSE76445,0.001364309773242512,-0.0038854361506683306,
GSE76453,0.001364309773242512,-0.0038854361506683306,
GSE76464,0.001364309773242512,-0.0038854361506683306,
GSE76476,0.001364309773242512,-0.0038854361506683306,
GSE76656,0.001364309773242512,-0.0038854361506683306,
GSE76490,0.001364309773242512,-0.0038854361506683306,
GSE76495,0.001364309773242512,-0.0038854361506683306,
GSE76507,0.001364309773242512,-0.0038854361506683306,
GSE76511,0.001364309773242512,-0.0038854361506683306,
GSE76523,0.001364309773242512,-0.0038854361506683306,
GSE76528,0.001364309773242512,-0.0038854361506683306,
GSE76572,0.001364309773242512,-0.0038854361506683306,
GSE76586,0.001364309773242512,-0.0038854361506683306,
GSE76608,0.001364309773242512,-0.0038854361506683306,
GSE76626,0.001364309773242512,-0.0038854361506683306,
GSE76627,0.001364309773242512,-0.0038854361506683306,
GSE76647,0.001364309773242512,-0.0038854361506683306,
GSE76487,0.001364309773242512,-0.0038854361506683306,
GSE94587,0.001364309773242512,-0.0038854361506683306,
GSE94588,0.001364309773242512,-0.0038854361506683306,
GSE94631,0.001364309773242512,-0.0038854361506683306,
GSE94655,0.001364309773242512,-0.0038854361506683306,
GSE94687,0.001364309773242512,-0.0038854361506683306,
GSE94690,0.001364309773242512,-0.0038854361506683306,
GSE94696,0.001364309773242512,-0.0038854361506683306,
GSE94724,0.001364309773242512,-0.0038854361506683306,
GSE94728,0.001364309773242512,-0.0038854361506683306,
GSE94730,0.001364309773242512,-0.0038854361506683306,
GSE94736,0.001364309773242512,-0.0038854361506683306,
GSE84714,0.001364309773242512,-0.0038854361506683306,
GSE94827,0.001364309773242512,-0.0038854361506683306,
GSE94849,0.001364309773242512,-0.0038854361506683306,
GSE94853,0.001364309773242512,-0.0038854361506683306,
GSE94869,0.001364309773242512,-0.0038854361506683306,
GSE94888,0.001364309773242512,-0.0038854361506683306,
GSE94892,0.001364309773242512,-0.0038854361506683306,
GSE94897,0.001364309773242512,-0.0038854361506683306,
GSE94937,0.001364309773242512,-0.0038854361506683306,
GSE94947,0.001364309773242512,-0.0038854361506683306,
GSE94948,0.001364309773242512,-0.0038854361506683306,
GSE94950,0.001364309773242512,-0.0038854361506683306,
GSE94963,0.001364309773242512,-0.0038854361506683306,
GSE94783,0.001364309773242512,-0.0038854361506683306,
GSE94277,0.001364309773242512,-0.0038854361506683306,
GSE94280,0.001364309773242512,-0.0038854361506683306,
GSE94296,0.001364309773242512,-0.0038854361506683306,
GSE94304,0.001364309773242512,-0.0038854361506683306,
GSE94330,0.001364309773242512,-0.0038854361506683306,
GSE94344,0.001364309773242512,-0.0038854361506683306,
GSE94372,0.001364309773242512,-0.0038854361506683306,
GSE94374,0.001364309773242512,-0.0038854361506683306,
GSE94384,0.001364309773242512,-0.0038854361506683306,
GSE94395,0.001364309773242512,-0.0038854361506683306,
GSE94405,0.001364309773242512,-0.0038854361506683306,
GSE94555,0.001364309773242512,-0.0038854361506683306,
GSE94427,0.001364309773242512,-0.0038854361506683306,
GSE94437,0.001364309773242512,-0.0038854361506683306,
GSE94454,0.001364309773242512,-0.0038854361506683306,
GSE94461,0.001364309773242512,-0.0038854361506683306,
GSE94464,0.001364309773242512,-0.0038854361506683306,
GSE94479,0.001364309773242512,-0.0038854361506683306,
GSE94488,0.001364309773242512,-0.0038854361506683306,
GSE94493,0.001364309773242512,-0.0038854361506683306,
GSE94494,0.001364309773242512,-0.0038854361506683306,
GSE94502,0.001364309773242512,-0.0038854361506683306,
GSE94518,0.001364309773242512,-0.0038854361506683306,
GSE99062,0.001364309773242512,-0.0038854361506683306,
GSE94408,0.001364309773242512,-0.0038854361506683306,
GSE95437,0.001364309773242512,-0.0038854361506683306,
GSE95452,0.001364309773242512,-0.0038854361506683306,
GSE95453,0.001364309773242512,-0.0038854361506683306,
GSE95455,0.001364309773242512,-0.0038854361506683306,
GSE98898,0.001364309773242512,-0.0038854361506683306,
GSE98894,0.001364309773242512,-0.0038854361506683306,
GSE95516,0.001364309773242512,-0.0038854361506683306,
GSE95540,0.001364309773242512,-0.0038854361506683306,
GSE95542,0.001364309773242512,-0.0038854361506683306,
GSE95558,0.001364309773242512,-0.0038854361506683306,
GSE95561,0.001364309773242512,-0.0038854361506683306,
GSE94964,0.001364309773242512,-0.0038854361506683306,
GSE95587,0.001364309773242512,-0.0038854361506683306,
GSE95605,0.001364309773242512,-0.0038854361506683306,
GSE95623,0.001364309773242512,-0.0038854361506683306,
GSE95703,0.001364309773242512,-0.0038854361506683306,
GSE95743,0.001364309773242512,-0.0038854361506683306,
GSE95750,0.001364309773242512,-0.0038854361506683306,
GSE95778,0.001364309773242512,-0.0038854361506683306,
GSE95820,0.001364309773242512,-0.0038854361506683306,
GSE95837,0.001364309773242512,-0.0038854361506683306,
GSE95860,0.001364309773242512,-0.0038854361506683306,
GSE96048,0.001364309773242512,-0.0038854361506683306,
GSE96049,0.001364309773242512,-0.0038854361506683306,
GSE95573,0.001364309773242512,-0.0038854361506683306,
GSE94968,0.001364309773242512,-0.0038854361506683306,
GSE94969,0.001364309773242512,-0.0038854361506683306,
GSE94989,0.001364309773242512,-0.0038854361506683306,
GSE94993,0.001364309773242512,-0.0038854361506683306,
GSE99060,0.001364309773242512,-0.0038854361506683306,
GSE95059,0.001364309773242512,-0.0038854361506683306,
GSE95089,0.001364309773242512,-0.0038854361506683306,
GSE95097,0.001364309773242512,-0.0038854361506683306,
GSE99059,0.001364309773242512,-0.0038854361506683306,
GSE95131,0.001364309773242512,-0.0038854361506683306,
GSE95132,0.001364309773242512,-0.0038854361506683306,
GSE95176,0.001364309773242512,-0.0038854361506683306,
GSE95413,0.001364309773242512,-0.0038854361506683306,
GSE95277,0.001364309773242512,-0.0038854361506683306,
GSE95293,0.001364309773242512,-0.0038854361506683306,
GSE95297,0.001364309773242512,-0.0038854361506683306,
GSE95299,0.001364309773242512,-0.0038854361506683306,
GSE99028,0.001364309773242512,-0.0038854361506683306,
GSE95351,0.001364309773242512,-0.0038854361506683306,
GSE98976,0.001364309773242512,-0.0038854361506683306,
GSE95375,0.001364309773242512,-0.0038854361506683306,
GSE95389,0.001364309773242512,-0.0038854361506683306,
GSE95392,0.001364309773242512,-0.0038854361506683306,
GSE95397,0.001364309773242512,-0.0038854361506683306,
GSE95412,0.001364309773242512,-0.0038854361506683306,
GSE95245,0.001364309773242512,-0.0038854361506683306,
GSE93156,0.001364309773242512,-0.0038854361506683306,
GSE93206,0.001364309773242512,-0.0038854361506683306,
GSE93226,0.001364309773242512,-0.0038854361506683306,
GSE93236,0.001364309773242512,-0.0038854361506683306,
GSE93237,0.001364309773242512,-0.0038854361506683306,
GSE93241,0.001364309773242512,-0.0038854361506683306,
GSE93256,0.001364309773242512,-0.0038854361506683306,
GSE93263,0.001364309773242512,-0.0038854361506683306,
GSE93280,0.001364309773242512,-0.0038854361506683306,
GSE93292,0.001364309773242512,-0.0038854361506683306,
GSE93315,0.001364309773242512,-0.0038854361506683306,
GSE94270,0.001364309773242512,-0.0038854361506683306,
GSE93326,0.001364309773242512,-0.0038854361506683306,
GSE93330,0.001364309773242512,-0.0038854361506683306,
GSE93365,0.001364309773242512,-0.0038854361506683306,
GSE93385,0.001364309773242512,-0.0038854361506683306,
GSE93395,0.001364309773242512,-0.0038854361506683306,
GSE93424,0.001364309773242512,-0.0038854361506683306,
GSE93511,0.001364309773242512,-0.0038854361506683306,
GSE93526,0.001364309773242512,-0.0038854361506683306,
GSE93528,0.001364309773242512,-0.0038854361506683306,
GSE93530,0.001364309773242512,-0.0038854361506683306,
GSE93562,0.001364309773242512,-0.0038854361506683306,
GSE93578,0.001364309773242512,-0.0038854361506683306,
GSE93321,0.001364309773242512,-0.0038854361506683306,
GSE92661,0.001364309773242512,-0.0038854361506683306,
GSE92723,0.001364309773242512,-0.0038854361506683306,
GSE92724,0.001364309773242512,-0.0038854361506683306,
GSE92725,0.001364309773242512,-0.0038854361506683306,
GSE92744,0.001364309773242512,-0.0038854361506683306,
GSE92772,0.001364309773242512,-0.0038854361506683306,
GSE92839,0.001364309773242512,-0.0038854361506683306,
GSE92852,0.001364309773242512,-0.0038854361506683306,
GSE92874,0.001364309773242512,-0.0038854361506683306,
GSE92882,0.001364309773242512,-0.0038854361506683306,
GSE92910,0.001364309773242512,-0.0038854361506683306,
GSE93155,0.001364309773242512,-0.0038854361506683306,
GSE92943,0.001364309773242512,-0.0038854361506683306,
GSE92971,0.001364309773242512,-0.0038854361506683306,
GSE92979,0.001364309773242512,-0.0038854361506683306,
GSE93030,0.001364309773242512,-0.0038854361506683306,
GSE93057,0.001364309773242512,-0.0038854361506683306,
GSE93069,0.001364309773242512,-0.0038854361506683306,
GSE93070,0.001364309773242512,-0.0038854361506683306,
GSE93071,0.001364309773242512,-0.0038854361506683306,
GSE93072,0.001364309773242512,-0.0038854361506683306,
GSE93073,0.001364309773242512,-0.0038854361506683306,
GSE93124,0.001364309773242512,-0.0038854361506683306,
GSE93153,0.001364309773242512,-0.0038854361506683306,
GSE92939,0.001364309773242512,-0.0038854361506683306,
GSE93871,0.001364309773242512,-0.0038854361506683306,
GSE93877,0.001364309773242512,-0.0038854361506683306,
GSE93895,0.001364309773242512,-0.0038854361506683306,
GSE93902,0.001364309773242512,-0.0038854361506683306,
GSE93904,0.001364309773242512,-0.0038854361506683306,
GSE93925,0.001364309773242512,-0.0038854361506683306,
GSE93960,0.001364309773242512,-0.0038854361506683306,
GSE93988,0.001364309773242512,-0.0038854361506683306,
GSE93999,0.001364309773242512,-0.0038854361506683306,
GSE94019,0.001364309773242512,-0.0038854361506683306,
GSE94036,0.001364309773242512,-0.0038854361506683306,
GSE93590,0.001364309773242512,-0.0038854361506683306,
GSE94053,0.001364309773242512,-0.0038854361506683306,
GSE94055,0.001364309773242512,-0.0038854361506683306,
GSE94064,0.001364309773242512,-0.0038854361506683306,
GSE94099,0.001364309773242512,-0.0038854361506683306,
GSE94116,0.001364309773242512,-0.0038854361506683306,
GSE94120,0.001364309773242512,-0.0038854361506683306,
GSE94126,0.001364309773242512,-0.0038854361506683306,
GSE94147,0.001364309773242512,-0.0038854361506683306,
GSE94149,0.001364309773242512,-0.0038854361506683306,
GSE94150,0.001364309773242512,-0.0038854361506683306,
GSE94259,0.001364309773242512,-0.0038854361506683306,
GSE94267,0.001364309773242512,-0.0038854361506683306,
GSE94043,0.001364309773242512,-0.0038854361506683306,
GSE93593,0.001364309773242512,-0.0038854361506683306,
GSE93594,0.001364309773242512,-0.0038854361506683306,
GSE93610,0.001364309773242512,-0.0038854361506683306,
GSE93619,0.001364309773242512,-0.0038854361506683306,
GSE93620,0.001364309773242512,-0.0038854361506683306,
GSE93624,0.001364309773242512,-0.0038854361506683306,
GSE93627,0.001364309773242512,-0.0038854361506683306,
GSE93629,0.001364309773242512,-0.0038854361506683306,
GSE93636,0.001364309773242512,-0.0038854361506683306,
GSE93650,0.001364309773242512,-0.0038854361506683306,
GSE93656,0.001364309773242512,-0.0038854361506683306,
GSE93657,0.001364309773242512,-0.0038854361506683306,
GSE93870,0.001364309773242512,-0.0038854361506683306,
GSE93681,0.001364309773242512,-0.0038854361506683306,
GSE93705,0.001364309773242512,-0.0038854361506683306,
GSE99088,0.001364309773242512,-0.0038854361506683306,
GSE99065,0.001364309773242512,-0.0038854361506683306,
GSE93783,0.001364309773242512,-0.0038854361506683306,
GSE93801,0.001364309773242512,-0.0038854361506683306,
GSE93807,0.001364309773242512,-0.0038854361506683306,
GSE93811,0.001364309773242512,-0.0038854361506683306,
GSE93813,0.001364309773242512,-0.0038854361506683306,
GSE93814,0.001364309773242512,-0.0038854361506683306,
GSE93831,0.001364309773242512,-0.0038854361506683306,
GSE93841,0.001364309773242512,-0.0038854361506683306,
GSE93672,0.001364309773242512,-0.0038854361506683306,
GSE98623,0.001364309773242512,-0.0038854361506683306,
GSE98624,0.001364309773242512,-0.0038854361506683306,
GSE98644,0.001364309773242512,-0.0038854361506683306,
GSE98670,0.001364309773242512,-0.0038854361506683306,
GSE98710,0.001364309773242512,-0.0038854361506683306,
GSE98720,0.001364309773242512,-0.0038854361506683306,
GSE98734,0.001364309773242512,-0.0038854361506683306,
GSE98752,0.001364309773242512,-0.0038854361506683306,
GSE98834,0.001364309773242512,-0.0038854361506683306,
GSE98852,0.001364309773242512,-0.0038854361506683306,
GSE98856,0.001364309773242512,-0.0038854361506683306,
GSE96056,0.001364309773242512,-0.0038854361506683306,
GSE99454,0.001364309773242512,-0.0038854361506683306,
GSE99466,0.001364309773242512,-0.0038854361506683306,
GSE99479,0.001364309773242512,-0.0038854361506683306,
GSE99503,0.001364309773242512,-0.0038854361506683306,
GSE99552,0.001364309773242512,-0.0038854361506683306,
GSE99596,0.001364309773242512,-0.0038854361506683306,
GSE99621,0.001364309773242512,-0.0038854361506683306,
GSE99987,0.001364309773242512,-0.0038854361506683306,
GSE99641,0.001364309773242512,-0.0038854361506683306,
GSE99651,0.001364309773242512,-0.0038854361506683306,
GSE99668,0.001364309773242512,-0.0038854361506683306,
GSE99671,0.001364309773242512,-0.0038854361506683306,
GSE98871,0.001364309773242512,-0.0038854361506683306,
GSE97987,0.001364309773242512,-0.0038854361506683306,
GSE98011,0.001364309773242512,-0.0038854361506683306,
GSE98030,0.001364309773242512,-0.0038854361506683306,
GSE98050,0.001364309773242512,-0.0038854361506683306,
GSE98052,0.001364309773242512,-0.0038854361506683306,
GSE98088,0.001364309773242512,-0.0038854361506683306,
GSE98091,0.001364309773242512,-0.0038854361506683306,
GSE98136,0.001364309773242512,-0.0038854361506683306,
GSE98177,0.001364309773242512,-0.0038854361506683306,
GSE98183,0.001364309773242512,-0.0038854361506683306,
GSE98212,0.001364309773242512,-0.0038854361506683306,
GSE98541,0.001364309773242512,-0.0038854361506683306,
GSE98274,0.001364309773242512,-0.0038854361506683306,
GSE98288,0.001364309773242512,-0.0038854361506683306,
GSE98310,0.001364309773242512,-0.0038854361506683306,
GSE98323,0.001364309773242512,-0.0038854361506683306,
GSE98368,0.001364309773242512,-0.0038854361506683306,
GSE98386,0.001364309773242512,-0.0038854361506683306,
GSE98393,0.001364309773242512,-0.0038854361506683306,
GSE98394,0.001364309773242512,-0.0038854361506683306,
GSE98428,0.001364309773242512,-0.0038854361506683306,
GSE98431,0.001364309773242512,-0.0038854361506683306,
GSE98454,0.001364309773242512,-0.0038854361506683306,
GSE98476,0.001364309773242512,-0.0038854361506683306,
GSE98273,0.001364309773242512,-0.0038854361506683306,
GSE100040,0.001364309773242512,-0.0038854361506683306,
GSE100258,0.001364309773242512,-0.0038854361506683306,
GSE100266,0.001364309773242512,-0.0038854361506683306,
GSE100268,0.001364309773242512,-0.0038854361506683306,
GSE100291,0.001364309773242512,-0.0038854361506683306,
GSE100327,0.001364309773242512,-0.0038854361506683306,
GSE100338,0.001364309773242512,-0.0038854361506683306,
GSE100359,0.001364309773242512,-0.0038854361506683306,
GSE100382,0.001364309773242512,-0.0038854361506683306,
GSE100392,0.001364309773242512,-0.0038854361506683306,
GSE100408,0.001364309773242512,-0.0038854361506683306,
GSE99687,0.001364309773242512,-0.0038854361506683306,
GSE100427,0.001364309773242512,-0.0038854361506683306,
GSE100501,0.001364309773242512,-0.0038854361506683306,
GSE100520,0.001364309773242512,-0.0038854361506683306,
GSE100530,0.001364309773242512,-0.0038854361506683306,
GSE100562,0.001364309773242512,-0.0038854361506683306,
GSE100568,0.001364309773242512,-0.0038854361506683306,
GSE100574,0.001364309773242512,-0.0038854361506683306,
GSE100618,0.001364309773242512,-0.0038854361506683306,
GSE100624,0.001364309773242512,-0.0038854361506683306,
GSE100669,0.001364309773242512,-0.0038854361506683306,
GSE100684,0.001364309773242512,-0.0038854361506683306,
GSE100688,0.001364309773242512,-0.0038854361506683306,
GSE100417,0.001364309773242512,-0.0038854361506683306,
GSE99733,0.001364309773242512,-0.0038854361506683306,
GSE99770,0.001364309773242512,-0.0038854361506683306,
GSE99778,0.001364309773242512,-0.0038854361506683306,
GSE99794,0.001364309773242512,-0.0038854361506683306,
GSE99812,0.001364309773242512,-0.0038854361506683306,
GSE99819,0.001364309773242512,-0.0038854361506683306,
GSE99820,0.001364309773242512,-0.0038854361506683306,
GSE99821,0.001364309773242512,-0.0038854361506683306,
GSE99824,0.001364309773242512,-0.0038854361506683306,
GSE99825,0.001364309773242512,-0.0038854361506683306,
GSE99843,0.001364309773242512,-0.0038854361506683306,
GSE99857,0.001364309773242512,-0.0038854361506683306,
GSE100210,0.001364309773242512,-0.0038854361506683306,
GSE99909,0.001364309773242512,-0.0038854361506683306,
GSE99923,0.001364309773242512,-0.0038854361506683306,
GSE99937,0.001364309773242512,-0.0038854361506683306,
GSE99944,0.001364309773242512,-0.0038854361506683306,
GSE99951,0.001364309773242512,-0.0038854361506683306,
GSE100075,0.001364309773242512,-0.0038854361506683306,
GSE100081,0.001364309773242512,-0.0038854361506683306,
GSE100092,0.001364309773242512,-0.0038854361506683306,
GSE100099,0.001364309773242512,-0.0038854361506683306,
GSE100118,0.001364309773242512,-0.0038854361506683306,
GSE100183,0.001364309773242512,-0.0038854361506683306,
GSE100206,0.001364309773242512,-0.0038854361506683306,
GSE99867,0.001364309773242512,-0.0038854361506683306,
GSE96777,0.001364309773242512,-0.0038854361506683306,
GSE96783,0.001364309773242512,-0.0038854361506683306,
GSE96788,0.001364309773242512,-0.0038854361506683306,
GSE96800,0.001364309773242512,-0.0038854361506683306,
GSE96817,0.001364309773242512,-0.0038854361506683306,
GSE96827,0.001364309773242512,-0.0038854361506683306,
GSE98884,0.001364309773242512,-0.0038854361506683306,
GSE96914,0.001364309773242512,-0.0038854361506683306,
GSE96917,0.001364309773242512,-0.0038854361506683306,
GSE96975,0.001364309773242512,-0.0038854361506683306,
GSE96987,0.001364309773242512,-0.0038854361506683306,
GSE97979,0.001364309773242512,-0.0038854361506683306,
GSE97003,0.001364309773242512,-0.0038854361506683306,
GSE97009,0.001364309773242512,-0.0038854361506683306,
GSE97033,0.001364309773242512,-0.0038854361506683306,
GSE97036,0.001364309773242512,-0.0038854361506683306,
GSE97038,0.001364309773242512,-0.0038854361506683306,
GSE97041,0.001364309773242512,-0.0038854361506683306,
GSE97053,0.001364309773242512,-0.0038854361506683306,
GSE97080,0.001364309773242512,-0.0038854361506683306,
GSE97084,0.001364309773242512,-0.0038854361506683306,
GSE97100,0.001364309773242512,-0.0038854361506683306,
GSE97140,0.001364309773242512,-0.0038854361506683306,
GSE97142,0.001364309773242512,-0.0038854361506683306,
GSE96999,0.001364309773242512,-0.0038854361506683306,
GSE96075,0.001364309773242512,-0.0038854361506683306,
GSE96083,0.001364309773242512,-0.0038854361506683306,
GSE96106,0.001364309773242512,-0.0038854361506683306,
GSE96544,0.001364309773242512,-0.0038854361506683306,
GSE96560,0.001364309773242512,-0.0038854361506683306,
GSE96562,0.001364309773242512,-0.0038854361506683306,
GSE96563,0.001364309773242512,-0.0038854361506683306,
GSE96564,0.001364309773242512,-0.0038854361506683306,
GSE96568,0.001364309773242512,-0.0038854361506683306,
GSE96578,0.001364309773242512,-0.0038854361506683306,
GSE96590,0.001364309773242512,-0.0038854361506683306,
GSE96775,0.001364309773242512,-0.0038854361506683306,
GSE96619,0.001364309773242512,-0.0038854361506683306,
GSE96634,0.001364309773242512,-0.0038854361506683306,
GSE96637,0.001364309773242512,-0.0038854361506683306,
GSE96642,0.001364309773242512,-0.0038854361506683306,
GSE96643,0.001364309773242512,-0.0038854361506683306,
GSE96649,0.001364309773242512,-0.0038854361506683306,
GSE96682,0.001364309773242512,-0.0038854361506683306,
GSE96713,0.001364309773242512,-0.0038854361506683306,
GSE96714,0.001364309773242512,-0.0038854361506683306,
GSE96715,0.001364309773242512,-0.0038854361506683306,
GSE96716,0.001364309773242512,-0.0038854361506683306,
GSE96774,0.001364309773242512,-0.0038854361506683306,
GSE96601,0.001364309773242512,-0.0038854361506683306,
GSE97589,0.001364309773242512,-0.0038854361506683306,
GSE97590,0.001364309773242512,-0.0038854361506683306,
GSE97591,0.001364309773242512,-0.0038854361506683306,
GSE97619,0.001364309773242512,-0.0038854361506683306,
GSE97632,0.001364309773242512,-0.0038854361506683306,
GSE97647,0.001364309773242512,-0.0038854361506683306,
GSE97668,0.001364309773242512,-0.0038854361506683306,
GSE97672,0.001364309773242512,-0.0038854361506683306,
GSE100223,0.001364309773242512,-0.0038854361506683306,
GSE99407,0.001364309773242512,-0.0038854361506683306,
GSE97710,0.001364309773242512,-0.0038854361506683306,
GSE97156,0.001364309773242512,-0.0038854361506683306,
GSE97744,0.001364309773242512,-0.0038854361506683306,
GSE97768,0.001364309773242512,-0.0038854361506683306,
GSE97774,0.001364309773242512,-0.0038854361506683306,
GSE97815,0.001364309773242512,-0.0038854361506683306,
GSE97861,0.001364309773242512,-0.0038854361506683306,
GSE97862,0.001364309773242512,-0.0038854361506683306,
GSE97881,0.001364309773242512,-0.0038854361506683306,
GSE97904,0.001364309773242512,-0.0038854361506683306,
GSE97919,0.001364309773242512,-0.0038854361506683306,
GSE97929,0.001364309773242512,-0.0038854361506683306,
GSE97930,0.001364309773242512,-0.0038854361506683306,
GSE97949,0.001364309773242512,-0.0038854361506683306,
GSE97725,0.001364309773242512,-0.0038854361506683306,
GSE97158,0.001364309773242512,-0.0038854361506683306,
GSE97165,0.001364309773242512,-0.0038854361506683306,
GSE97168,0.001364309773242512,-0.0038854361506683306,
GSE97204,0.001364309773242512,-0.0038854361506683306,
GSE97214,0.001364309773242512,-0.0038854361506683306,
GSE97215,0.001364309773242512,-0.0038854361506683306,
GSE97239,0.001364309773242512,-0.0038854361506683306,
GSE97259,0.001364309773242512,-0.0038854361506683306,
GSE97262,0.001364309773242512,-0.0038854361506683306,
GSE97266,0.001364309773242512,-0.0038854361506683306,
GSE97273,0.001364309773242512,-0.0038854361506683306,
GSE97317,0.001364309773242512,-0.0038854361506683306,
GSE97577,0.001364309773242512,-0.0038854361506683306,
GSE97324,0.001364309773242512,-0.0038854361506683306,
GSE97358,0.001364309773242512,-0.0038854361506683306,
GSE97384,0.001364309773242512,-0.0038854361506683306,
GSE97388,0.001364309773242512,-0.0038854361506683306,
GSE97395,0.001364309773242512,-0.0038854361506683306,
GSE97398,0.001364309773242512,-0.0038854361506683306,
GSE97404,0.001364309773242512,-0.0038854361506683306,
GSE97443,0.001364309773242512,-0.0038854361506683306,
GSE97460,0.001364309773242512,-0.0038854361506683306,
GSE97513,0.001364309773242512,-0.0038854361506683306,
GSE97527,0.001364309773242512,-0.0038854361506683306,
GSE97575,0.001364309773242512,-0.0038854361506683306,
GSE97323,0.001364309773242512,-0.0038854361506683306,
GSE86387,0.001364309773242512,-0.0038854361506683306,
GSE86394,0.001364309773242512,-0.0038854361506683306,
GSE99293,0.001364309773242512,-0.0038854361506683306,
GSE86451,0.001364309773242512,-0.0038854361506683306,
GSE86452,0.001364309773242512,-0.0038854361506683306,
GSE86473,0.001364309773242512,-0.0038854361506683306,
GSE86480,0.001364309773242512,-0.0038854361506683306,
GSE86491,0.001364309773242512,-0.0038854361506683306,
GSE86497,0.001364309773242512,-0.0038854361506683306,
GSE86503,0.001364309773242512,-0.0038854361506683306,
GSE86504,0.001364309773242512,-0.0038854361506683306,
GSE92659,0.001364309773242512,-0.0038854361506683306,
GSE86518,0.001364309773242512,-0.0038854361506683306,
GSE86538,0.001364309773242512,-0.0038854361506683306,
GSE86550,0.001364309773242512,-0.0038854361506683306,
GSE86562,0.001364309773242512,-0.0038854361506683306,
GSE86563,0.001364309773242512,-0.0038854361506683306,
GSE86564,0.001364309773242512,-0.0038854361506683306,
GSE86577,0.001364309773242512,-0.0038854361506683306,
GSE86602,0.001364309773242512,-0.0038854361506683306,
GSE86610,0.001364309773242512,-0.0038854361506683306,
GSE86611,0.001364309773242512,-0.0038854361506683306,
GSE86618,0.001364309773242512,-0.0038854361506683306,
GSE86654,0.001364309773242512,-0.0038854361506683306,
GSE86506,0.001364309773242512,-0.0038854361506683306,
GSE86053,0.001364309773242512,-0.0038854361506683306,
GSE86101,0.001364309773242512,-0.0038854361506683306,
GSE86102,0.001364309773242512,-0.0038854361506683306,
GSE86103,0.001364309773242512,-0.0038854361506683306,
GSE86104,0.001364309773242512,-0.0038854361506683306,
GSE86146,0.001364309773242512,-0.0038854361506683306,
GSE86148,0.001364309773242512,-0.0038854361506683306,
GSE86151,0.001364309773242512,-0.0038854361506683306,
GSE86153,0.001364309773242512,-0.0038854361506683306,
GSE86159,0.001364309773242512,-0.0038854361506683306,
GSE86165,0.001364309773242512,-0.0038854361506683306,
GSE86356,0.001364309773242512,-0.0038854361506683306,
GSE86202,0.001364309773242512,-0.0038854361506683306,
GSE86219,0.001364309773242512,-0.0038854361506683306,
GSE86221,0.001364309773242512,-0.0038854361506683306,
GSE99298,0.001364309773242512,-0.0038854361506683306,
GSE86239,0.001364309773242512,-0.0038854361506683306,
GSE86244,0.001364309773242512,-0.0038854361506683306,
GSE86308,0.001364309773242512,-0.0038854361506683306,
GSE86316,0.001364309773242512,-0.0038854361506683306,
GSE86333,0.001364309773242512,-0.0038854361506683306,
GSE86337,0.001364309773242512,-0.0038854361506683306,
GSE86344,0.001364309773242512,-0.0038854361506683306,
GSE86348,0.001364309773242512,-0.0038854361506683306,
GSE86190,0.001364309773242512,-0.0038854361506683306,
GSE87169,0.001364309773242512,-0.0038854361506683306,
GSE87186,0.001364309773242512,-0.0038854361506683306,
GSE87187,0.001364309773242512,-0.0038854361506683306,
GSE87189,0.001364309773242512,-0.0038854361506683306,
GSE87194,0.001364309773242512,-0.0038854361506683306,
GSE87198,0.001364309773242512,-0.0038854361506683306,
GSE87231,0.001364309773242512,-0.0038854361506683306,
GSE87237,0.001364309773242512,-0.0038854361506683306,
GSE87240,0.001364309773242512,-0.0038854361506683306,
GSE87257,0.001364309773242512,-0.0038854361506683306,
GSE87273,0.001364309773242512,-0.0038854361506683306,
GSE86791,0.001364309773242512,-0.0038854361506683306,
GSE87290,0.001364309773242512,-0.0038854361506683306,
GSE99215,0.001364309773242512,-0.0038854361506683306,
GSE87320,0.001364309773242512,-0.0038854361506683306,
GSE87326,0.001364309773242512,-0.0038854361506683306,
GSE87328,0.001364309773242512,-0.0038854361506683306,
GSE87340,0.001364309773242512,-0.0038854361506683306,
GSE87360,0.001364309773242512,-0.0038854361506683306,
GSE87365,0.001364309773242512,-0.0038854361506683306,
GSE87392,0.001364309773242512,-0.0038854361506683306,
GSE87399,0.001364309773242512,-0.0038854361506683306,
GSE87400,0.001364309773242512,-0.0038854361506683306,
GSE87426,0.001364309773242512,-0.0038854361506683306,
GSE87285,0.001364309773242512,-0.0038854361506683306,
GSE86813,0.001364309773242512,-0.0038854361506683306,
GSE86821,0.001364309773242512,-0.0038854361506683306,
GSE86846,0.001364309773242512,-0.0038854361506683306,
GSE99246,0.001364309773242512,-0.0038854361506683306,
GSE86857,0.001364309773242512,-0.0038854361506683306,
GSE86867,0.001364309773242512,-0.0038854361506683306,
GSE86874,0.001364309773242512,-0.0038854361506683306,
GSE86884,0.001364309773242512,-0.0038854361506683306,
GSE86896,0.001364309773242512,-0.0038854361506683306,
GSE86906,0.001364309773242512,-0.0038854361506683306,
GSE86910,0.001364309773242512,-0.0038854361506683306,
GSE86931,0.001364309773242512,-0.0038854361506683306,
GSE87167,0.001364309773242512,-0.0038854361506683306,
GSE86956,0.001364309773242512,-0.0038854361506683306,
GSE86958,0.001364309773242512,-0.0038854361506683306,
GSE86977,0.001364309773242512,-0.0038854361506683306,
GSE86982,0.001364309773242512,-0.0038854361506683306,
GSE86985,0.001364309773242512,-0.0038854361506683306,
GSE86986,0.001364309773242512,-0.0038854361506683306,
GSE87040,0.001364309773242512,-0.0038854361506683306,
GSE87042,0.001364309773242512,-0.0038854361506683306,
GSE87055,0.001364309773242512,-0.0038854361506683306,
GSE87087,0.001364309773242512,-0.0038854361506683306,
GSE87088,0.001364309773242512,-0.0038854361506683306,
GSE87110,0.001364309773242512,-0.0038854361506683306,
GSE86940,0.001364309773242512,-0.0038854361506683306,
GSE99356,0.001364309773242512,-0.0038854361506683306,
GSE85008,0.001364309773242512,-0.0038854361506683306,
GSE85011,0.001364309773242512,-0.0038854361506683306,
GSE85013,0.001364309773242512,-0.0038854361506683306,
GSE85020,0.001364309773242512,-0.0038854361506683306,
GSE85037,0.001364309773242512,-0.0038854361506683306,
GSE85050,0.001364309773242512,-0.0038854361506683306,
GSE85082,0.001364309773242512,-0.0038854361506683306,
GSE85083,0.001364309773242512,-0.0038854361506683306,
GSE85088,0.001364309773242512,-0.0038854361506683306,
GSE85089,0.001364309773242512,-0.0038854361506683306,
GSE86007,0.001364309773242512,-0.0038854361506683306,
GSE85111,0.001364309773242512,-0.0038854361506683306,
GSE99349,0.001364309773242512,-0.0038854361506683306,
GSE85133,0.001364309773242512,-0.0038854361506683306,
GSE85143,0.001364309773242512,-0.0038854361506683306,
GSE85159,0.001364309773242512,-0.0038854361506683306,
GSE85161,0.001364309773242512,-0.0038854361506683306,
GSE85183,0.001364309773242512,-0.0038854361506683306,
GSE85187,0.001364309773242512,-0.0038854361506683306,
GSE85201,0.001364309773242512,-0.0038854361506683306,
GSE85223,0.001364309773242512,-0.0038854361506683306,
GSE85227,0.001364309773242512,-0.0038854361506683306,
GSE85241,0.001364309773242512,-0.0038854361506683306,
GSE85107,0.001364309773242512,-0.0038854361506683306,
GSE84697,0.001364309773242512,-0.0038854361506683306,
GSE84706,0.001364309773242512,-0.0038854361506683306,
GSE84712,0.001364309773242512,-0.0038854361506683306,
GSE72268,0.001364309773242512,-0.0038854361506683306,
GSE84722,0.001364309773242512,-0.0038854361506683306,
GSE84773,0.001364309773242512,-0.0038854361506683306,
GSE84776,0.001364309773242512,-0.0038854361506683306,
GSE84789,0.001364309773242512,-0.0038854361506683306,
GSE84814,0.001364309773242512,-0.0038854361506683306,
GSE84815,0.001364309773242512,-0.0038854361506683306,
GSE84826,0.001364309773242512,-0.0038854361506683306,
GSE84986,0.001364309773242512,-0.0038854361506683306,
GSE99381,0.001364309773242512,-0.0038854361506683306,
GSE84863,0.001364309773242512,-0.0038854361506683306,
GSE84865,0.001364309773242512,-0.0038854361506683306,
GSE84868,0.001364309773242512,-0.0038854361506683306,
GSE84877,0.001364309773242512,-0.0038854361506683306,
GSE84884,0.001364309773242512,-0.0038854361506683306,
GSE84896,0.001364309773242512,-0.0038854361506683306,
GSE84897,0.001364309773242512,-0.0038854361506683306,
GSE84902,0.001364309773242512,-0.0038854361506683306,
GSE84913,0.001364309773242512,-0.0038854361506683306,
GSE84930,0.001364309773242512,-0.0038854361506683306,
GSE84944,0.001364309773242512,-0.0038854361506683306,
GSE84829,0.001364309773242512,-0.0038854361506683306,
GSE85671,0.001364309773242512,-0.0038854361506683306,
GSE85685,0.001364309773242512,-0.0038854361506683306,
GSE85689,0.001364309773242512,-0.0038854361506683306,
GSE85761,0.001364309773242512,-0.0038854361506683306,
GSE85782,0.001364309773242512,-0.0038854361506683306,
GSE85783,0.001364309773242512,-0.0038854361506683306,
GSE85791,0.001364309773242512,-0.0038854361506683306,
GSE85799,0.001364309773242512,-0.0038854361506683306,
GSE85800,0.001364309773242512,-0.0038854361506683306,
GSE85839,0.001364309773242512,-0.0038854361506683306,
GSE85840,0.001364309773242512,-0.0038854361506683306,
GSE85243,0.001364309773242512,-0.0038854361506683306,
GSE85857,0.001364309773242512,-0.0038854361506683306,
GSE85861,0.001364309773242512,-0.0038854361506683306,
GSE99313,0.001364309773242512,-0.0038854361506683306,
GSE85897,0.001364309773242512,-0.0038854361506683306,
GSE85908,0.001364309773242512,-0.0038854361506683306,
GSE85910,0.001364309773242512,-0.0038854361506683306,
GSE85917,0.001364309773242512,-0.0038854361506683306,
GSE85935,0.001364309773242512,-0.0038854361506683306,
GSE85941,0.001364309773242512,-0.0038854361506683306,
GSE85953,0.001364309773242512,-0.0038854361506683306,
GSE85969,0.001364309773242512,-0.0038854361506683306,
GSE85988,0.001364309773242512,-0.0038854361506683306,
GSE85854,0.001364309773242512,-0.0038854361506683306,
GSE85263,0.001364309773242512,-0.0038854361506683306,
GSE85271,0.001364309773242512,-0.0038854361506683306,
GSE85294,0.001364309773242512,-0.0038854361506683306,
GSE85297,0.001364309773242512,-0.0038854361506683306,
GSE85306,0.001364309773242512,-0.0038854361506683306,
GSE85324,0.001364309773242512,-0.0038854361506683306,
GSE85331,0.001364309773242512,-0.0038854361506683306,
GSE85361,0.001364309773242512,-0.0038854361506683306,
GSE85378,0.001364309773242512,-0.0038854361506683306,
GSE85402,0.001364309773242512,-0.0038854361506683306,
GSE85417,0.001364309773242512,-0.0038854361506683306,
GSE85431,0.001364309773242512,-0.0038854361506683306,
GSE85623,0.001364309773242512,-0.0038854361506683306,
GSE85455,0.001364309773242512,-0.0038854361506683306,
GSE85465,0.001364309773242512,-0.0038854361506683306,
GSE85510,0.001364309773242512,-0.0038854361506683306,
GSE85527,0.001364309773242512,-0.0038854361506683306,
GSE85530,0.001364309773242512,-0.0038854361506683306,
GSE85531,0.001364309773242512,-0.0038854361506683306,
GSE99321,0.001364309773242512,-0.0038854361506683306,
GSE85556,0.001364309773242512,-0.0038854361506683306,
GSE85557,0.001364309773242512,-0.0038854361506683306,
GSE85565,0.001364309773242512,-0.0038854361506683306,
GSE85567,0.001364309773242512,-0.0038854361506683306,
GSE99317,0.001364309773242512,-0.0038854361506683306,
GSE85447,0.001364309773242512,-0.0038854361506683306,
GSE90081,0.001364309773242512,-0.0038854361506683306,
GSE90087,0.001364309773242512,-0.0038854361506683306,
GSE90111,0.001364309773242512,-0.0038854361506683306,
GSE90444,0.001364309773242512,-0.0038854361506683306,
GSE90463,0.001364309773242512,-0.0038854361506683306,
GSE90489,0.001364309773242512,-0.0038854361506683306,
GSE90491,0.001364309773242512,-0.0038854361506683306,
GSE99149,0.001364309773242512,-0.0038854361506683306,
GSE90523,0.001364309773242512,-0.0038854361506683306,
GSE90552,0.001364309773242512,-0.0038854361506683306,
GSE90566,0.001364309773242512,-0.0038854361506683306,
GSE87456,0.001364309773242512,-0.0038854361506683306,
GSE90634,0.001364309773242512,-0.0038854361506683306,
GSE90657,0.001364309773242512,-0.0038854361506683306,
GSE90659,0.001364309773242512,-0.0038854361506683306,
GSE90682,0.001364309773242512,-0.0038854361506683306,
GSE90683,0.001364309773242512,-0.0038854361506683306,
GSE90711,0.001364309773242512,-0.0038854361506683306,
GSE90718,0.001364309773242512,-0.0038854361506683306,
GSE90734,0.001364309773242512,-0.0038854361506683306,
GSE90748,0.001364309773242512,-0.0038854361506683306,
GSE90749,0.001364309773242512,-0.0038854361506683306,
GSE90772,0.001364309773242512,-0.0038854361506683306,
GSE90781,0.001364309773242512,-0.0038854361506683306,
GSE90599,0.001364309773242512,-0.0038854361506683306,
GSE89779,0.001364309773242512,-0.0038854361506683306,
GSE89790,0.001364309773242512,-0.0038854361506683306,
GSE89799,0.001364309773242512,-0.0038854361506683306,
GSE89807,0.001364309773242512,-0.0038854361506683306,
GSE89831,0.001364309773242512,-0.0038854361506683306,
GSE89838,0.001364309773242512,-0.0038854361506683306,
GSE89839,0.001364309773242512,-0.0038854361506683306,
GSE89840,0.001364309773242512,-0.0038854361506683306,
GSE89843,0.001364309773242512,-0.0038854361506683306,
GSE89872,0.001364309773242512,-0.0038854361506683306,
GSE89879,0.001364309773242512,-0.0038854361506683306,
GSE90068,0.001364309773242512,-0.0038854361506683306,
GSE89895,0.001364309773242512,-0.0038854361506683306,
GSE89917,0.001364309773242512,-0.0038854361506683306,
GSE89926,0.001364309773242512,-0.0038854361506683306,
GSE89930,0.001364309773242512,-0.0038854361506683306,
GSE89940,0.001364309773242512,-0.0038854361506683306,
GSE89942,0.001364309773242512,-0.0038854361506683306,
GSE89950,0.001364309773242512,-0.0038854361506683306,
GSE89970,0.001364309773242512,-0.0038854361506683306,
GSE89972,0.001364309773242512,-0.0038854361506683306,
GSE89980,0.001364309773242512,-0.0038854361506683306,
GSE89991,0.001364309773242512,-0.0038854361506683306,
GSE90013,0.001364309773242512,-0.0038854361506683306,
GSE89888,0.001364309773242512,-0.0038854361506683306,
GSE92316,0.001364309773242512,-0.0038854361506683306,
GSE92322,0.001364309773242512,-0.0038854361506683306,
GSE92340,0.001364309773242512,-0.0038854361506683306,
GSE99095,0.001364309773242512,-0.0038854361506683306,
GSE92447,0.001364309773242512,-0.0038854361506683306,
GSE92456,0.001364309773242512,-0.0038854361506683306,
GSE92472,0.001364309773242512,-0.0038854361506683306,
GSE92478,0.001364309773242512,-0.0038854361506683306,
GSE92494,0.001364309773242512,-0.0038854361506683306,
GSE92496,0.001364309773242512,-0.0038854361506683306,
GSE92506,0.001364309773242512,-0.0038854361506683306,
GSE90796,0.001364309773242512,-0.0038854361506683306,
GSE92541,0.001364309773242512,-0.0038854361506683306,
GSE92547,0.001364309773242512,-0.0038854361506683306,
GSE92574,0.001364309773242512,-0.0038854361506683306,
GSE92581,0.001364309773242512,-0.0038854361506683306,
GSE92583,0.001364309773242512,-0.0038854361506683306,
GSE92592,0.001364309773242512,-0.0038854361506683306,
GSE92625,0.001364309773242512,-0.0038854361506683306,
GSE92626,0.001364309773242512,-0.0038854361506683306,
GSE92628,0.001364309773242512,-0.0038854361506683306,
GSE92651,0.001364309773242512,-0.0038854361506683306,
GSE92652,0.001364309773242512,-0.0038854361506683306,
GSE92653,0.001364309773242512,-0.0038854361506683306,
GSE92532,0.001364309773242512,-0.0038854361506683306,
GSE90813,0.001364309773242512,-0.0038854361506683306,
GSE90830,0.001364309773242512,-0.0038854361506683306,
GSE90834,0.001364309773242512,-0.0038854361506683306,
GSE90874,0.001364309773242512,-0.0038854361506683306,
GSE90876,0.001364309773242512,-0.0038854361506683306,
GSE90878,0.001364309773242512,-0.0038854361506683306,
GSE90884,0.001364309773242512,-0.0038854361506683306,
GSE90889,0.001364309773242512,-0.0038854361506683306,
GSE90897,0.001364309773242512,-0.0038854361506683306,
GSE90926,0.001364309773242512,-0.0038854361506683306,
GSE90944,0.001364309773242512,-0.0038854361506683306,
GSE90982,0.001364309773242512,-0.0038854361506683306,
GSE92293,0.001364309773242512,-0.0038854361506683306,
GSE91010,0.001364309773242512,-0.0038854361506683306,
GSE91011,0.001364309773242512,-0.0038854361506683306,
GSE91016,0.001364309773242512,-0.0038854361506683306,
GSE91061,0.001364309773242512,-0.0038854361506683306,
GSE91063,0.001364309773242512,-0.0038854361506683306,
GSE91087,0.001364309773242512,-0.0038854361506683306,
GSE91377,0.001364309773242512,-0.0038854361506683306,
GSE91383,0.001364309773242512,-0.0038854361506683306,
GSE92239,0.001364309773242512,-0.0038854361506683306,
GSE92262,0.001364309773242512,-0.0038854361506683306,
GSE92276,0.001364309773242512,-0.0038854361506683306,
GSE92277,0.001364309773242512,-0.0038854361506683306,
GSE91000,0.001364309773242512,-0.0038854361506683306,
GSE87725,0.001364309773242512,-0.0038854361506683306,
GSE87748,0.001364309773242512,-0.0038854361506683306,
GSE87750,0.001364309773242512,-0.0038854361506683306,
GSE87809,0.001364309773242512,-0.0038854361506683306,
GSE87831,0.001364309773242512,-0.0038854361506683306,
GSE87849,0.001364309773242512,-0.0038854361506683306,
GSE87891,0.001364309773242512,-0.0038854361506683306,
GSE88710,0.001364309773242512,-0.0038854361506683306,
GSE88741,0.001364309773242512,-0.0038854361506683306,
GSE88750,0.001364309773242512,-0.0038854361506683306,
GSE88802,0.001364309773242512,-0.0038854361506683306,
GSE89777,0.001364309773242512,-0.0038854361506683306,
GSE88850,0.001364309773242512,-0.0038854361506683306,
GSE88858,0.001364309773242512,-0.0038854361506683306,
GSE88931,0.001364309773242512,-0.0038854361506683306,
GSE88943,0.001364309773242512,-0.0038854361506683306,
GSE88944,0.001364309773242512,-0.0038854361506683306,
GSE88945,0.001364309773242512,-0.0038854361506683306,
GSE88946,0.001364309773242512,-0.0038854361506683306,
GSE88956,0.001364309773242512,-0.0038854361506683306,
GSE88977,0.001364309773242512,-0.0038854361506683306,
GSE88997,0.001364309773242512,-0.0038854361506683306,
GSE89008,0.001364309773242512,-0.0038854361506683306,
GSE89049,0.001364309773242512,-0.0038854361506683306,
GSE88848,0.001364309773242512,-0.0038854361506683306,
GSE87476,0.001364309773242512,-0.0038854361506683306,
GSE87487,0.001364309773242512,-0.0038854361506683306,
GSE87495,0.001364309773242512,-0.0038854361506683306,
GSE87497,0.001364309773242512,-0.0038854361506683306,
GSE87515,0.001364309773242512,-0.0038854361506683306,
GSE87517,0.001364309773242512,-0.0038854361506683306,
GSE87532,0.001364309773242512,-0.0038854361506683306,
GSE87534,0.001364309773242512,-0.0038854361506683306,
GSE87535,0.001364309773242512,-0.0038854361506683306,
GSE87540,0.001364309773242512,-0.0038854361506683306,
GSE87541,0.001364309773242512,-0.0038854361506683306,
GSE87554,0.001364309773242512,-0.0038854361506683306,
GSE87720,0.001364309773242512,-0.0038854361506683306,
GSE87581,0.001364309773242512,-0.0038854361506683306,
GSE87585,0.001364309773242512,-0.0038854361506683306,
GSE87615,0.001364309773242512,-0.0038854361506683306,
GSE87617,0.001364309773242512,-0.0038854361506683306,
GSE87626,0.001364309773242512,-0.0038854361506683306,
GSE87641,0.001364309773242512,-0.0038854361506683306,
GSE87660,0.001364309773242512,-0.0038854361506683306,
GSE87668,0.001364309773242512,-0.0038854361506683306,
GSE87679,0.001364309773242512,-0.0038854361506683306,
GSE87692,0.001364309773242512,-0.0038854361506683306,
GSE87701,0.001364309773242512,-0.0038854361506683306,
GSE87708,0.001364309773242512,-0.0038854361506683306,
GSE87563,0.001364309773242512,-0.0038854361506683306,
GSE89404,0.001364309773242512,-0.0038854361506683306,
GSE89413,0.001364309773242512,-0.0038854361506683306,
GSE89442,0.001364309773242512,-0.0038854361506683306,
GSE89446,0.001364309773242512,-0.0038854361506683306,
GSE89448,0.001364309773242512,-0.0038854361506683306,
GSE89476,0.001364309773242512,-0.0038854361506683306,
GSE89478,0.001364309773242512,-0.0038854361506683306,
GSE89479,0.001364309773242512,-0.0038854361506683306,
GSE89497,0.001364309773242512,-0.0038854361506683306,
GSE89503,0.001364309773242512,-0.0038854361506683306,
GSE89511,0.001364309773242512,-0.0038854361506683306,
GSE89057,0.001364309773242512,-0.0038854361506683306,
GSE89569,0.001364309773242512,-0.0038854361506683306,
GSE89623,0.001364309773242512,-0.0038854361506683306,
GSE89647,0.001364309773242512,-0.0038854361506683306,
GSE89672,0.001364309773242512,-0.0038854361506683306,
GSE89701,0.001364309773242512,-0.0038854361506683306,
GSE89714,0.001364309773242512,-0.0038854361506683306,
GSE89725,0.001364309773242512,-0.0038854361506683306,
GSE89726,0.001364309773242512,-0.0038854361506683306,
GSE89729,0.001364309773242512,-0.0038854361506683306,
GSE99179,0.001364309773242512,-0.0038854361506683306,
GSE89774,0.001364309773242512,-0.0038854361506683306,
GSE89775,0.001364309773242512,-0.0038854361506683306,
GSE89542,0.001364309773242512,-0.0038854361506683306,
GSE89062,0.001364309773242512,-0.0038854361506683306,
GSE89063,0.001364309773242512,-0.0038854361506683306,
GSE89110,0.001364309773242512,-0.0038854361506683306,
GSE89115,0.001364309773242512,-0.0038854361506683306,
GSE89122,0.001364309773242512,-0.0038854361506683306,
GSE89124,0.001364309773242512,-0.0038854361506683306,
GSE99209,0.001364309773242512,-0.0038854361506683306,
GSE89134,0.001364309773242512,-0.0038854361506683306,
GSE89140,0.001364309773242512,-0.0038854361506683306,
GSE89152,0.001364309773242512,-0.0038854361506683306,
GSE89154,0.001364309773242512,-0.0038854361506683306,
GSE89179,0.001364309773242512,-0.0038854361506683306,
GSE99180,0.001364309773242512,-0.0038854361506683306,
GSE89189,0.001364309773242512,-0.0038854361506683306,
GSE89205,0.001364309773242512,-0.0038854361506683306,
GSE89223,0.001364309773242512,-0.0038854361506683306,
GSE89225,0.001364309773242512,-0.0038854361506683306,
GSE99202,0.001364309773242512,-0.0038854361506683306,
GSE89232,0.001364309773242512,-0.0038854361506683306,
GSE89234,0.001364309773242512,-0.0038854361506683306,
GSE89235,0.001364309773242512,-0.0038854361506683306,
GSE89339,0.001364309773242512,-0.0038854361506683306,
GSE89365,0.001364309773242512,-0.0038854361506683306,
GSE89367,0.001364309773242512,-0.0038854361506683306,
GSE89368,0.001364309773242512,-0.0038854361506683306,
GSE89182,0.001364309773242512,-0.0038854361506683306,
GSE102628,0.001364309773242512,-0.0038854361506683306,
GSE45176,0.001364309773242512,-0.0038854361506683306,
GSE102616,0.001364309773242512,-0.0038854361506683306,
GSE45258,0.001364309773242512,-0.0038854361506683306,
GSE45326,0.001364309773242512,-0.0038854361506683306,
GSE45332,0.001364309773242512,-0.0038854361506683306,
GSE45335,0.001364309773242512,-0.0038854361506683306,
GSE45419,0.001364309773242512,-0.0038854361506683306,
GSE45428,0.001364309773242512,-0.0038854361506683306,
GSE45442,0.001364309773242512,-0.0038854361506683306,
GSE45453,0.001364309773242512,-0.0038854361506683306,
GSE72156,0.001364309773242512,-0.0038854361506683306,
GSE45669,0.001364309773242512,-0.0038854361506683306,
GSE45732,0.001364309773242512,-0.0038854361506683306,
GSE45734,0.001364309773242512,-0.0038854361506683306,
GSE45735,0.001364309773242512,-0.0038854361506683306,
GSE45785,0.001364309773242512,-0.0038854361506683306,
GSE45822,0.001364309773242512,-0.0038854361506683306,
GSE45883,0.001364309773242512,-0.0038854361506683306,
GSE45910,0.001364309773242512,-0.0038854361506683306,
GSE46030,0.001364309773242512,-0.0038854361506683306,
GSE46044,0.001364309773242512,-0.0038854361506683306,
GSE46056,0.001364309773242512,-0.0038854361506683306,
GSE46164,0.001364309773242512,-0.0038854361506683306,
GSE45510,0.001364309773242512,-0.0038854361506683306,
GSE44064,0.001364309773242512,-0.0038854361506683306,
GSE44256,0.001364309773242512,-0.0038854361506683306,
GSE44267,0.001364309773242512,-0.0038854361506683306,
GSE44376,0.001364309773242512,-0.0038854361506683306,
GSE44377,0.001364309773242512,-0.0038854361506683306,
GSE44378,0.001364309773242512,-0.0038854361506683306,
GSE44379,0.001364309773242512,-0.0038854361506683306,
GSE44384,0.001364309773242512,-0.0038854361506683306,
GSE44385,0.001364309773242512,-0.0038854361506683306,
GSE44457,0.001364309773242512,-0.0038854361506683306,
GSE44461,0.001364309773242512,-0.0038854361506683306,
GSE45144,0.001364309773242512,-0.0038854361506683306,
GSE44585,0.001364309773242512,-0.0038854361506683306,
GSE44615,0.001364309773242512,-0.0038854361506683306,
GSE44618,0.001364309773242512,-0.0038854361506683306,
GSE44646,0.001364309773242512,-0.0038854361506683306,
GSE44718,0.001364309773242512,-0.0038854361506683306,
GSE44769,0.001364309773242512,-0.0038854361506683306,
GSE44801,0.001364309773242512,-0.0038854361506683306,
GSE102639,0.001364309773242512,-0.0038854361506683306,
GSE44875,0.001364309773242512,-0.0038854361506683306,
GSE44953,0.001364309773242512,-0.0038854361506683306,
GSE44976,0.001364309773242512,-0.0038854361506683306,
GSE45133,0.001364309773242512,-0.0038854361506683306,
GSE44568,0.001364309773242512,-0.0038854361506683306,
GSE47095,0.001364309773242512,-0.0038854361506683306,
GSE47114,0.001364309773242512,-0.0038854361506683306,
GSE47117,0.001364309773242512,-0.0038854361506683306,
GSE47157,0.001364309773242512,-0.0038854361506683306,
GSE47226,0.001364309773242512,-0.0038854361506683306,
GSE47399,0.001364309773242512,-0.0038854361506683306,
GSE47428,0.001364309773242512,-0.0038854361506683306,
GSE47462,0.001364309773242512,-0.0038854361506683306,
GSE47488,0.001364309773242512,-0.0038854361506683306,
GSE47636,0.001364309773242512,-0.0038854361506683306,
GSE47702,0.001364309773242512,-0.0038854361506683306,
GSE102560,0.001364309773242512,-0.0038854361506683306,
GSE47805,0.001364309773242512,-0.0038854361506683306,
GSE47806,0.001364309773242512,-0.0038854361506683306,
GSE47933,0.001364309773242512,-0.0038854361506683306,
GSE47944,0.001364309773242512,-0.0038854361506683306,
GSE47997,0.001364309773242512,-0.0038854361506683306,
GSE48032,0.001364309773242512,-0.0038854361506683306,
GSE48034,0.001364309773242512,-0.0038854361506683306,
GSE48035,0.001364309773242512,-0.0038854361506683306,
GSE48159,0.001364309773242512,-0.0038854361506683306,
GSE48166,0.001364309773242512,-0.0038854361506683306,
GSE48213,0.001364309773242512,-0.0038854361506683306,
GSE48230,0.001364309773242512,-0.0038854361506683306,
GSE47718,0.001364309773242512,-0.0038854361506683306,
GSE46224,0.001364309773242512,-0.0038854361506683306,
GSE46228,0.001364309773242512,-0.0038854361506683306,
GSE46322,0.001364309773242512,-0.0038854361506683306,
GSE46323,0.001364309773242512,-0.0038854361506683306,
GSE46486,0.001364309773242512,-0.0038854361506683306,
GSE46490,0.001364309773242512,-0.0038854361506683306,
GSE46502,0.001364309773242512,-0.0038854361506683306,
GSE46513,0.001364309773242512,-0.0038854361506683306,
GSE46514,0.001364309773242512,-0.0038854361506683306,
GSE46516,0.001364309773242512,-0.0038854361506683306,
GSE46523,0.001364309773242512,-0.0038854361506683306,
GSE46561,0.001364309773242512,-0.0038854361506683306,
GSE47058,0.001364309773242512,-0.0038854361506683306,
GSE46597,0.001364309773242512,-0.0038854361506683306,
GSE46611,0.001364309773242512,-0.0038854361506683306,
GSE46613,0.001364309773242512,-0.0038854361506683306,
GSE46622,0.001364309773242512,-0.0038854361506683306,
GSE46665,0.001364309773242512,-0.0038854361506683306,
GSE46718,0.001364309773242512,-0.0038854361506683306,
GSE46805,0.001364309773242512,-0.0038854361506683306,
GSE46817,0.001364309773242512,-0.0038854361506683306,
GSE46831,0.001364309773242512,-0.0038854361506683306,
GSE46959,0.001364309773242512,-0.0038854361506683306,
GSE46989,0.001364309773242512,-0.0038854361506683306,
GSE47042,0.001364309773242512,-0.0038854361506683306,
GSE46562,0.001364309773242512,-0.0038854361506683306,
GSE40069,0.001364309773242512,-0.0038854361506683306,
GSE40111,0.001364309773242512,-0.0038854361506683306,
GSE40114,0.001364309773242512,-0.0038854361506683306,
GSE40131,0.001364309773242512,-0.0038854361506683306,
GSE40137,0.001364309773242512,-0.0038854361506683306,
GSE102728,0.001364309773242512,-0.0038854361506683306,
GSE40228,0.001364309773242512,-0.0038854361506683306,
GSE40243,0.001364309773242512,-0.0038854361506683306,
GSE40291,0.001364309773242512,-0.0038854361506683306,
GSE40310,0.001364309773242512,-0.0038854361506683306,
GSE40524,0.001364309773242512,-0.0038854361506683306,
GSE44052,0.001364309773242512,-0.0038854361506683306,
GSE40591,0.001364309773242512,-0.0038854361506683306,
GSE40632,0.001364309773242512,-0.0038854361506683306,
GSE40665,0.001364309773242512,-0.0038854361506683306,
GSE40705,0.001364309773242512,-0.0038854361506683306,
GSE40718,0.001364309773242512,-0.0038854361506683306,
GSE40740,0.001364309773242512,-0.0038854361506683306,
GSE40783,0.001364309773242512,-0.0038854361506683306,
GSE40859,0.001364309773242512,-0.0038854361506683306,
GSE40953,0.001364309773242512,-0.0038854361506683306,
GSE102718,0.001364309773242512,-0.0038854361506683306,
GSE41009,0.001364309773242512,-0.0038854361506683306,
GSE41074,0.001364309773242512,-0.0038854361506683306,
GSE40548,0.001364309773242512,-0.0038854361506683306,
GSE38541,0.001364309773242512,-0.0038854361506683306,
GSE38676,0.001364309773242512,-0.0038854361506683306,
GSE38677,0.001364309773242512,-0.0038854361506683306,
GSE38770,0.001364309773242512,-0.0038854361506683306,
GSE102762,0.001364309773242512,-0.0038854361506683306,
GSE38886,0.001364309773242512,-0.0038854361506683306,
GSE38945,0.001364309773242512,-0.0038854361506683306,
GSE38993,0.001364309773242512,-0.0038854361506683306,
GSE38994,0.001364309773242512,-0.0038854361506683306,
GSE39068,0.001364309773242512,-0.0038854361506683306,
GSE102741,0.001364309773242512,-0.0038854361506683306,
GSE40050,0.001364309773242512,-0.0038854361506683306,
GSE39170,0.001364309773242512,-0.0038854361506683306,
GSE39305,0.001364309773242512,-0.0038854361506683306,
GSE39527,0.001364309773242512,-0.0038854361506683306,
GSE39561,0.001364309773242512,-0.0038854361506683306,
GSE39661,0.001364309773242512,-0.0038854361506683306,
GSE39682,0.001364309773242512,-0.0038854361506683306,
GSE39757,0.001364309773242512,-0.0038854361506683306,
GSE102737,0.001364309773242512,-0.0038854361506683306,
GSE39821,0.001364309773242512,-0.0038854361506683306,
GSE39872,0.001364309773242512,-0.0038854361506683306,
GSE39957,0.001364309773242512,-0.0038854361506683306,
GSE40049,0.001364309773242512,-0.0038854361506683306,
GSE39167,0.001364309773242512,-0.0038854361506683306,
GSE102702,0.001364309773242512,-0.0038854361506683306,
GSE102676,0.001364309773242512,-0.0038854361506683306,
GSE42960,0.001364309773242512,-0.0038854361506683306,
GSE43070,0.001364309773242512,-0.0038854361506683306,
GSE102652,0.001364309773242512,-0.0038854361506683306,
GSE43126,0.001364309773242512,-0.0038854361506683306,
GSE43143,0.001364309773242512,-0.0038854361506683306,
GSE43296,0.001364309773242512,-0.0038854361506683306,
GSE43306,0.001364309773242512,-0.0038854361506683306,
GSE43335,0.001364309773242512,-0.0038854361506683306,
GSE43362,0.001364309773242512,-0.0038854361506683306,
GSE41166,0.001364309773242512,-0.0038854361506683306,
GSE43550,0.001364309773242512,-0.0038854361506683306,
GSE43586,0.001364309773242512,-0.0038854361506683306,
GSE43603,0.001364309773242512,-0.0038854361506683306,
GSE43666,0.001364309773242512,-0.0038854361506683306,
GSE43726,0.001364309773242512,-0.0038854361506683306,
GSE43785,0.001364309773242512,-0.0038854361506683306,
GSE43788,0.001364309773242512,-0.0038854361506683306,
GSE43801,0.001364309773242512,-0.0038854361506683306,
GSE43834,0.001364309773242512,-0.0038854361506683306,
GSE43835,0.001364309773242512,-0.0038854361506683306,
GSE43925,0.001364309773242512,-0.0038854361506683306,
GSE43984,0.001364309773242512,-0.0038854361506683306,
GSE43472,0.001364309773242512,-0.0038854361506683306,
GSE41180,0.001364309773242512,-0.0038854361506683306,
GSE41245,0.001364309773242512,-0.0038854361506683306,
GSE41264,0.001364309773242512,-0.0038854361506683306,
GSE41279,0.001364309773242512,-0.0038854361506683306,
GSE41357,0.001364309773242512,-0.0038854361506683306,
GSE41359,0.001364309773242512,-0.0038854361506683306,
GSE41476,0.001364309773242512,-0.0038854361506683306,
GSE41586,0.001364309773242512,-0.0038854361506683306,
GSE41616,0.001364309773242512,-0.0038854361506683306,
GSE41716,0.001364309773242512,-0.0038854361506683306,
GSE41745,0.001364309773242512,-0.0038854361506683306,
GSE41761,0.001364309773242512,-0.0038854361506683306,
GSE42735,0.001364309773242512,-0.0038854361506683306,
GSE42006,0.001364309773242512,-0.0038854361506683306,
GSE42142,0.001364309773242512,-0.0038854361506683306,
GSE42146,0.001364309773242512,-0.0038854361506683306,
GSE42212,0.001364309773242512,-0.0038854361506683306,
GSE42326,0.001364309773242512,-0.0038854361506683306,
GSE42420,0.001364309773242512,-0.0038854361506683306,
GSE42485,0.001364309773242512,-0.0038854361506683306,
GSE42509,0.001364309773242512,-0.0038854361506683306,
GSE42563,0.001364309773242512,-0.0038854361506683306,
GSE42608,0.001364309773242512,-0.0038854361506683306,
GSE42630,0.001364309773242512,-0.0038854361506683306,
GSE42701,0.001364309773242512,-0.0038854361506683306,
GSE41795,0.001364309773242512,-0.0038854361506683306,
GSE53356,0.001364309773242512,-0.0038854361506683306,
GSE53370,0.001364309773242512,-0.0038854361506683306,
GSE53391,0.001364309773242512,-0.0038854361506683306,
GSE53419,0.001364309773242512,-0.0038854361506683306,
GSE53439,0.001364309773242512,-0.0038854361506683306,
GSE53450,0.001364309773242512,-0.0038854361506683306,
GSE53463,0.001364309773242512,-0.0038854361506683306,
GSE53470,0.001364309773242512,-0.0038854361506683306,
GSE53481,0.001364309773242512,-0.0038854361506683306,
GSE102305,0.001364309773242512,-0.0038854361506683306,
GSE53510,0.001364309773242512,-0.0038854361506683306,
GSE48240,0.001364309773242512,-0.0038854361506683306,
GSE53554,0.001364309773242512,-0.0038854361506683306,
GSE53567,0.001364309773242512,-0.0038854361506683306,
GSE53586,0.001364309773242512,-0.0038854361506683306,
GSE53635,0.001364309773242512,-0.0038854361506683306,
GSE53638,0.001364309773242512,-0.0038854361506683306,
GSE53665,0.001364309773242512,-0.0038854361506683306,
GSE53667,0.001364309773242512,-0.0038854361506683306,
GSE53695,0.001364309773242512,-0.0038854361506683306,
GSE53696,0.001364309773242512,-0.0038854361506683306,
GSE53697,0.001364309773242512,-0.0038854361506683306,
GSE53698,0.001364309773242512,-0.0038854361506683306,
GSE53837,0.001364309773242512,-0.0038854361506683306,
GSE53532,0.001364309773242512,-0.0038854361506683306,
GSE52734,0.001364309773242512,-0.0038854361506683306,
GSE52742,0.001364309773242512,-0.0038854361506683306,
GSE52745,0.001364309773242512,-0.0038854361506683306,
GSE52778,0.001364309773242512,-0.0038854361506683306,
GSE52834,0.001364309773242512,-0.0038854361506683306,
GSE52848,0.001364309773242512,-0.0038854361506683306,
GSE52912,0.001364309773242512,-0.0038854361506683306,
GSE52934,0.001364309773242512,-0.0038854361506683306,
GSE52946,0.001364309773242512,-0.0038854361506683306,
GSE52973,0.001364309773242512,-0.0038854361506683306,
GSE52975,0.001364309773242512,-0.0038854361506683306,
GSE53350,0.001364309773242512,-0.0038854361506683306,
GSE53066,0.001364309773242512,-0.0038854361506683306,
GSE53080,0.001364309773242512,-0.0038854361506683306,
GSE53094,0.001364309773242512,-0.0038854361506683306,
GSE102349,0.001364309773242512,-0.0038854361506683306,
GSE53220,0.001364309773242512,-0.0038854361506683306,
GSE53239,0.001364309773242512,-0.0038854361506683306,
GSE53279,0.001364309773242512,-0.0038854361506683306,
GSE53280,0.001364309773242512,-0.0038854361506683306,
GSE53292,0.001364309773242512,-0.0038854361506683306,
GSE53300,0.001364309773242512,-0.0038854361506683306,
GSE53327,0.001364309773242512,-0.0038854361506683306,
GSE53330,0.001364309773242512,-0.0038854361506683306,
GSE53024,0.001364309773242512,-0.0038854361506683306,
GSE54760,0.001364309773242512,-0.0038854361506683306,
GSE54846,0.001364309773242512,-0.0038854361506683306,
GSE54878,0.001364309773242512,-0.0038854361506683306,
GSE54879,0.001364309773242512,-0.0038854361506683306,
GSE54912,0.001364309773242512,-0.0038854361506683306,
GSE54922,0.001364309773242512,-0.0038854361506683306,
GSE54968,0.001364309773242512,-0.0038854361506683306,
GSE55005,0.001364309773242512,-0.0038854361506683306,
GSE55008,0.001364309773242512,-0.0038854361506683306,
GSE55030,0.001364309773242512,-0.0038854361506683306,
GSE55048,0.001364309773242512,-0.0038854361506683306,
GSE53844,0.001364309773242512,-0.0038854361506683306,
GSE55169,0.001364309773242512,-0.0038854361506683306,
GSE55193,0.001364309773242512,-0.0038854361506683306,
GSE55195,0.001364309773242512,-0.0038854361506683306,
GSE55215,0.001364309773242512,-0.0038854361506683306,
GSE55259,0.001364309773242512,-0.0038854361506683306,
GSE55271,0.001364309773242512,-0.0038854361506683306,
GSE55275,0.001364309773242512,-0.0038854361506683306,
GSE55282,0.001364309773242512,-0.0038854361506683306,
GSE55296,0.001364309773242512,-0.0038854361506683306,
GSE55320,0.001364309773242512,-0.0038854361506683306,
GSE55326,0.001364309773242512,-0.0038854361506683306,
GSE55361,0.001364309773242512,-0.0038854361506683306,
GSE55123,0.001364309773242512,-0.0038854361506683306,
GSE53949,0.001364309773242512,-0.0038854361506683306,
GSE54066,0.001364309773242512,-0.0038854361506683306,
GSE54074,0.001364309773242512,-0.0038854361506683306,
GSE54112,0.001364309773242512,-0.0038854361506683306,
GSE54114,0.001364309773242512,-0.0038854361506683306,
GSE54122,0.001364309773242512,-0.0038854361506683306,
GSE54136,0.001364309773242512,-0.0038854361506683306,
GSE102283,0.001364309773242512,-0.0038854361506683306,
GSE54178,0.001364309773242512,-0.0038854361506683306,
GSE54201,0.001364309773242512,-0.0038854361506683306,
GSE54308,0.001364309773242512,-0.0038854361506683306,
GSE54322,0.001364309773242512,-0.0038854361506683306,
GSE54734,0.001364309773242512,-0.0038854361506683306,
GSE54384,0.001364309773242512,-0.0038854361506683306,
GSE54392,0.001364309773242512,-0.0038854361506683306,
GSE54401,0.001364309773242512,-0.0038854361506683306,
GSE54409,0.001364309773242512,-0.0038854361506683306,
GSE54416,0.001364309773242512,-0.0038854361506683306,
GSE54460,0.001364309773242512,-0.0038854361506683306,
GSE54478,0.001364309773242512,-0.0038854361506683306,
GSE54505,0.001364309773242512,-0.0038854361506683306,
GSE54511,0.001364309773242512,-0.0038854361506683306,
GSE54602,0.001364309773242512,-0.0038854361506683306,
GSE54641,0.001364309773242512,-0.0038854361506683306,
GSE54733,0.001364309773242512,-0.0038854361506683306,
GSE54333,0.001364309773242512,-0.0038854361506683306,
GSE49712,0.001364309773242512,-0.0038854361506683306,
GSE49831,0.001364309773242512,-0.0038854361506683306,
GSE49833,0.001364309773242512,-0.0038854361506683306,
GSE49834,0.001364309773242512,-0.0038854361506683306,
GSE49890,0.001364309773242512,-0.0038854361506683306,
GSE49994,0.001364309773242512,-0.0038854361506683306,
GSE50064,0.001364309773242512,-0.0038854361506683306,
GSE50174,0.001364309773242512,-0.0038854361506683306,
GSE50177,0.001364309773242512,-0.0038854361506683306,
GSE50243,0.001364309773242512,-0.0038854361506683306,
GSE50244,0.001364309773242512,-0.0038854361506683306,
GSE52716,0.001364309773242512,-0.0038854361506683306,
GSE50491,0.001364309773242512,-0.0038854361506683306,
GSE50499,0.001364309773242512,-0.0038854361506683306,
GSE50514,0.001364309773242512,-0.0038854361506683306,
GSE50535,0.001364309773242512,-0.0038854361506683306,
GSE50580,0.001364309773242512,-0.0038854361506683306,
GSE50582,0.001364309773242512,-0.0038854361506683306,
GSE50599,0.001364309773242512,-0.0038854361506683306,
GSE50630,0.001364309773242512,-0.0038854361506683306,
GSE50676,0.001364309773242512,-0.0038854361506683306,
GSE50721,0.001364309773242512,-0.0038854361506683306,
GSE102467,0.001364309773242512,-0.0038854361506683306,
GSE50792,0.001364309773242512,-0.0038854361506683306,
GSE50386,0.001364309773242512,-0.0038854361506683306,
GSE48263,0.001364309773242512,-0.0038854361506683306,
GSE48286,0.001364309773242512,-0.0038854361506683306,
GSE48403,0.001364309773242512,-0.0038854361506683306,
GSE48423,0.001364309773242512,-0.0038854361506683306,
GSE48599,0.001364309773242512,-0.0038854361506683306,
GSE48603,0.001364309773242512,-0.0038854361506683306,
GSE48678,0.001364309773242512,-0.0038854361506683306,
GSE48785,0.001364309773242512,-0.0038854361506683306,
GSE102492,0.001364309773242512,-0.0038854361506683306,
GSE48843,0.001364309773242512,-0.0038854361506683306,
GSE48846,0.001364309773242512,-0.0038854361506683306,
GSE102476,0.001364309773242512,-0.0038854361506683306,
GSE49642,0.001364309773242512,-0.0038854361506683306,
GSE48918,0.001364309773242512,-0.0038854361506683306,
GSE48933,0.001364309773242512,-0.0038854361506683306,
GSE49074,0.001364309773242512,-0.0038854361506683306,
GSE49110,0.001364309773242512,-0.0038854361506683306,
GSE49133,0.001364309773242512,-0.0038854361506683306,
GSE49155,0.001364309773242512,-0.0038854361506683306,
GSE49159,0.001364309773242512,-0.0038854361506683306,
GSE49247,0.001364309773242512,-0.0038854361506683306,
GSE49295,0.001364309773242512,-0.0038854361506683306,
GSE49339,0.001364309773242512,-0.0038854361506683306,
GSE49601,0.001364309773242512,-0.0038854361506683306,
GSE49608,0.001364309773242512,-0.0038854361506683306,
GSE48889,0.001364309773242512,-0.0038854361506683306,
GSE52133,0.001364309773242512,-0.0038854361506683306,
GSE52148,0.001364309773242512,-0.0038854361506683306,
GSE52194,0.001364309773242512,-0.0038854361506683306,
GSE52201,0.001364309773242512,-0.0038854361506683306,
GSE52202,0.001364309773242512,-0.0038854361506683306,
GSE52248,0.001364309773242512,-0.0038854361506683306,
GSE52249,0.001364309773242512,-0.0038854361506683306,
GSE52285,0.001364309773242512,-0.0038854361506683306,
GSE52367,0.001364309773242512,-0.0038854361506683306,
GSE52385,0.001364309773242512,-0.0038854361506683306,
GSE52429,0.001364309773242512,-0.0038854361506683306,
GSE50893,0.001364309773242512,-0.0038854361506683306,
GSE52447,0.001364309773242512,-0.0038854361506683306,
GSE52463,0.001364309773242512,-0.0038854361506683306,
GSE52490,0.001364309773242512,-0.0038854361506683306,
GSE52530,0.001364309773242512,-0.0038854361506683306,
GSE52642,0.001364309773242512,-0.0038854361506683306,
GSE52643,0.001364309773242512,-0.0038854361506683306,
GSE52656,0.001364309773242512,-0.0038854361506683306,
GSE52657,0.001364309773242512,-0.0038854361506683306,
GSE52665,0.001364309773242512,-0.0038854361506683306,
GSE52666,0.001364309773242512,-0.0038854361506683306,
GSE102392,0.001364309773242512,-0.0038854361506683306,
GSE52695,0.001364309773242512,-0.0038854361506683306,
GSE52431,0.001364309773242512,-0.0038854361506683306,
GSE50957,0.001364309773242512,-0.0038854361506683306,
GSE50958,0.001364309773242512,-0.0038854361506683306,
GSE51005,0.001364309773242512,-0.0038854361506683306,
GSE51124,0.001364309773242512,-0.0038854361506683306,
GSE51217,0.001364309773242512,-0.0038854361506683306,
GSE51254,0.001364309773242512,-0.0038854361506683306,
GSE51261,0.001364309773242512,-0.0038854361506683306,
GSE51310,0.001364309773242512,-0.0038854361506683306,
GSE51403,0.001364309773242512,-0.0038854361506683306,
GSE102460,0.001364309773242512,-0.0038854361506683306,
GSE51428,0.001364309773242512,-0.0038854361506683306,
GSE51443,0.001364309773242512,-0.0038854361506683306,
GSE52090,0.001364309773242512,-0.0038854361506683306,
GSE51584,0.001364309773242512,-0.0038854361506683306,
GSE51607,0.001364309773242512,-0.0038854361506683306,
GSE51633,0.001364309773242512,-0.0038854361506683306,
GSE51684,0.001364309773242512,-0.0038854361506683306,
GSE51827,0.001364309773242512,-0.0038854361506683306,
GSE51878,0.001364309773242512,-0.0038854361506683306,
GSE51924,0.001364309773242512,-0.0038854361506683306,
GSE51975,0.001364309773242512,-0.0038854361506683306,
GSE51984,0.001364309773242512,-0.0038854361506683306,
GSE52036,0.001364309773242512,-0.0038854361506683306,
GSE52077,0.001364309773242512,-0.0038854361506683306,
GSE52082,0.001364309773242512,-0.0038854361506683306,
GSE51518,0.001364309773242512,-0.0038854361506683306,
GSE107680,0.001364309773242512,-0.0038854361506683306,
GSE103071,0.001364309773242512,-0.0038854361506683306,
GSE107746,0.001364309773242512,-0.0038854361506683306,
GSE107762,0.001364309773242512,-0.0038854361506683306,
GSE107821,0.001364309773242512,-0.0038854361506683306,
GSE107848,0.001364309773242512,-0.0038854361506683306,
GSE107871,0.001364309773242512,-0.0038854361506683306,
GSE107894,0.001364309773242512,-0.0038854361506683306,
GSE107898,0.001364309773242512,-0.0038854361506683306,
GSE107923,0.001364309773242512,-0.0038854361506683306,
GSE108003,0.001364309773242512,-0.0038854361506683306,
GSE38447,0.001364309773242512,-0.0038854361506683306,
GSE108023,0.001364309773242512,-0.0038854361506683306,
GSE108072,0.001364309773242512,-0.0038854361506683306,
GSE108094,0.001364309773242512,-0.0038854361506683306,
GSE108111,0.001364309773242512,-0.0038854361506683306,
GSE108140,0.001364309773242512,-0.0038854361506683306,
GSE108308,0.001364309773242512,-0.0038854361506683306,
GSE108313,0.001364309773242512,-0.0038854361506683306,
GSE108366,0.001364309773242512,-0.0038854361506683306,
GSE103029,0.001364309773242512,-0.0038854361506683306,
GSE108444,0.001364309773242512,-0.0038854361506683306,
GSE108465,0.001364309773242512,-0.0038854361506683306,
GSE108495,0.001364309773242512,-0.0038854361506683306,
GSE108013,0.001364309773242512,-0.0038854361506683306,
GSE106847,0.001364309773242512,-0.0038854361506683306,
GSE106885,0.001364309773242512,-0.0038854361506683306,
GSE106917,0.001364309773242512,-0.0038854361506683306,
GSE106984,0.001364309773242512,-0.0038854361506683306,
GSE106989,0.001364309773242512,-0.0038854361506683306,
GSE106991,0.001364309773242512,-0.0038854361506683306,
GSE107006,0.001364309773242512,-0.0038854361506683306,
GSE107029,0.001364309773242512,-0.0038854361506683306,
GSE107030,0.001364309773242512,-0.0038854361506683306,
GSE107096,0.001364309773242512,-0.0038854361506683306,
GSE107149,0.001364309773242512,-0.0038854361506683306,
GSE107654,0.001364309773242512,-0.0038854361506683306,
GSE107181,0.001364309773242512,-0.0038854361506683306,
GSE107196,0.001364309773242512,-0.0038854361506683306,
GSE107218,0.001364309773242512,-0.0038854361506683306,
GSE107245,0.001364309773242512,-0.0038854361506683306,
GSE107307,0.001364309773242512,-0.0038854361506683306,
GSE107363,0.001364309773242512,-0.0038854361506683306,
GSE107542,0.001364309773242512,-0.0038854361506683306,
GSE107574,0.001364309773242512,-0.0038854361506683306,
GSE107581,0.001364309773242512,-0.0038854361506683306,
GSE107590,0.001364309773242512,-0.0038854361506683306,
GSE107601,0.001364309773242512,-0.0038854361506683306,
GSE107649,0.001364309773242512,-0.0038854361506683306,
GSE107173,0.001364309773242512,-0.0038854361506683306,
GSE109795,0.001364309773242512,-0.0038854361506683306,
GSE109843,0.001364309773242512,-0.0038854361506683306,
GSE110278,0.001364309773242512,-0.0038854361506683306,
GSE110999,0.001364309773242512,-0.0038854361506683306,
GSE111036,0.001364309773242512,-0.0038854361506683306,
GSE111049,0.001364309773242512,-0.0038854361506683306,
GSE111203,0.001364309773242512,-0.0038854361506683306,
GSE111520,0.001364309773242512,-0.0038854361506683306,
GSE112295,0.001364309773242512,-0.0038854361506683306,
GSE112557,0.001364309773242512,-0.0038854361506683306,
GSE113098,0.001364309773242512,-0.0038854361506683306,
GSE108526,0.001364309773242512,-0.0038854361506683306,
GSE113215,0.001364309773242512,-0.0038854361506683306,
GSE113386,0.001364309773242512,-0.0038854361506683306,
GSE113519,0.001364309773242512,-0.0038854361506683306,
GSE102943,0.001364309773242512,-0.0038854361506683306,
GSE113907,0.001364309773242512,-0.0038854361506683306,
GSE113964,0.001364309773242512,-0.0038854361506683306,
GSE114069,0.001364309773242512,-0.0038854361506683306,
GSE114725,0.001364309773242512,-0.0038854361506683306,
GSE102924,0.001364309773242512,-0.0038854361506683306,
GSE114976,0.001364309773242512,-0.0038854361506683306,
GSE115259,0.001364309773242512,-0.0038854361506683306,
GSE115390,0.001364309773242512,-0.0038854361506683306,
GSE113185,0.001364309773242512,-0.0038854361506683306,
GSE108571,0.001364309773242512,-0.0038854361506683306,
GSE108643,0.001364309773242512,-0.0038854361506683306,
GSE108763,0.001364309773242512,-0.0038854361506683306,
GSE108883,0.001364309773242512,-0.0038854361506683306,
GSE108905,0.001364309773242512,-0.0038854361506683306,
GSE108923,0.001364309773242512,-0.0038854361506683306,
GSE108971,0.001364309773242512,-0.0038854361506683306,
GSE109028,0.001364309773242512,-0.0038854361506683306,
GSE109072,0.001364309773242512,-0.0038854361506683306,
GSE109082,0.001364309773242512,-0.0038854361506683306,
GSE109108,0.001364309773242512,-0.0038854361506683306,
GSE109140,0.001364309773242512,-0.0038854361506683306,
GSE109708,0.001364309773242512,-0.0038854361506683306,
GSE109185,0.001364309773242512,-0.0038854361506683306,
GSE109313,0.001364309773242512,-0.0038854361506683306,
GSE103016,0.001364309773242512,-0.0038854361506683306,
GSE109419,0.001364309773242512,-0.0038854361506683306,
GSE109463,0.001364309773242512,-0.0038854361506683306,
GSE109483,0.001364309773242512,-0.0038854361506683306,
GSE109484,0.001364309773242512,-0.0038854361506683306,
GSE109620,0.001364309773242512,-0.0038854361506683306,
GSE109673,0.001364309773242512,-0.0038854361506683306,
GSE109683,0.001364309773242512,-0.0038854361506683306,
GSE109686,0.001364309773242512,-0.0038854361506683306,
GSE109702,0.001364309773242512,-0.0038854361506683306,
GSE109142,0.001364309773242512,-0.0038854361506683306,
GSE103763,0.001364309773242512,-0.0038854361506683306,
GSE103790,0.001364309773242512,-0.0038854361506683306,
GSE103826,0.001364309773242512,-0.0038854361506683306,
GSE103837,0.001364309773242512,-0.0038854361506683306,
GSE103844,0.001364309773242512,-0.0038854361506683306,
GSE103850,0.001364309773242512,-0.0038854361506683306,
GSE103868,0.001364309773242512,-0.0038854361506683306,
GSE103907,0.001364309773242512,-0.0038854361506683306,
GSE103930,0.001364309773242512,-0.0038854361506683306,
GSE103934,0.001364309773242512,-0.0038854361506683306,
GSE103997,0.001364309773242512,-0.0038854361506683306,
GSE106844,0.001364309773242512,-0.0038854361506683306,
GSE104018,0.001364309773242512,-0.0038854361506683306,
GSE104149,0.001364309773242512,-0.0038854361506683306,
GSE104177,0.001364309773242512,-0.0038854361506683306,
GSE104193,0.001364309773242512,-0.0038854361506683306,
GSE104209,0.001364309773242512,-0.0038854361506683306,
GSE104227,0.001364309773242512,-0.0038854361506683306,
GSE104280,0.001364309773242512,-0.0038854361506683306,
GSE104282,0.001364309773242512,-0.0038854361506683306,
GSE104288,0.001364309773242512,-0.0038854361506683306,
GSE104310,0.001364309773242512,-0.0038854361506683306,
GSE104348,0.001364309773242512,-0.0038854361506683306,
GSE104465,0.001364309773242512,-0.0038854361506683306,
GSE104001,0.001364309773242512,-0.0038854361506683306,
GSE103152,0.001364309773242512,-0.0038854361506683306,
GSE103175,0.001364309773242512,-0.0038854361506683306,
GSE103242,0.001364309773242512,-0.0038854361506683306,
GSE103252,0.001364309773242512,-0.0038854361506683306,
GSE103270,0.001364309773242512,-0.0038854361506683306,
GSE103299,0.001364309773242512,-0.0038854361506683306,
GSE103305,0.001364309773242512,-0.0038854361506683306,
GSE103307,0.001364309773242512,-0.0038854361506683306,
GSE103405,0.001364309773242512,-0.0038854361506683306,
GSE103147,0.001364309773242512,-0.0038854361506683306,
GSE103461,0.001364309773242512,-0.0038854361506683306,
GSE103719,0.001364309773242512,-0.0038854361506683306,
GSE103544,0.001364309773242512,-0.0038854361506683306,
GSE103547,0.001364309773242512,-0.0038854361506683306,
GSE103559,0.001364309773242512,-0.0038854361506683306,
GSE103567,0.001364309773242512,-0.0038854361506683306,
GSE103630,0.001364309773242512,-0.0038854361506683306,
GSE103650,0.001364309773242512,-0.0038854361506683306,
GSE103658,0.001364309773242512,-0.0038854361506683306,
GSE103672,0.001364309773242512,-0.0038854361506683306,
GSE103687,0.001364309773242512,-0.0038854361506683306,
GSE103688,0.001364309773242512,-0.0038854361506683306,
GSE103711,0.001364309773242512,-0.0038854361506683306,
GSE103715,0.001364309773242512,-0.0038854361506683306,
GSE103501,0.001364309773242512,-0.0038854361506683306,
GSE105248,0.001364309773242512,-0.0038854361506683306,
GSE105783,0.001364309773242512,-0.0038854361506683306,
GSE105884,0.001364309773242512,-0.0038854361506683306,
GSE106092,0.001364309773242512,-0.0038854361506683306,
GSE106118,0.001364309773242512,-0.0038854361506683306,
GSE106148,0.001364309773242512,-0.0038854361506683306,
GSE106170,0.001364309773242512,-0.0038854361506683306,
GSE106261,0.001364309773242512,-0.0038854361506683306,
GSE106289,0.001364309773242512,-0.0038854361506683306,
GSE106292,0.001364309773242512,-0.0038854361506683306,
GSE106336,0.001364309773242512,-0.0038854361506683306,
GSE104522,0.001364309773242512,-0.0038854361506683306,
GSE106387,0.001364309773242512,-0.0038854361506683306,
GSE106391,0.001364309773242512,-0.0038854361506683306,
GSE106393,0.001364309773242512,-0.0038854361506683306,
GSE106394,0.001364309773242512,-0.0038854361506683306,
GSE106520,0.001364309773242512,-0.0038854361506683306,
GSE106540,0.001364309773242512,-0.0038854361506683306,
GSE106542,0.001364309773242512,-0.0038854361506683306,
GSE106545,0.001364309773242512,-0.0038854361506683306,
GSE103075,0.001364309773242512,-0.0038854361506683306,
GSE106688,0.001364309773242512,-0.0038854361506683306,
GSE106696,0.001364309773242512,-0.0038854361506683306,
GSE106804,0.001364309773242512,-0.0038854361506683306,
GSE103114,0.001364309773242512,-0.0038854361506683306,
GSE104527,0.001364309773242512,-0.0038854361506683306,
GSE104537,0.001364309773242512,-0.0038854361506683306,
GSE104552,0.001364309773242512,-0.0038854361506683306,
GSE104583,0.001364309773242512,-0.0038854361506683306,
GSE104589,0.001364309773242512,-0.0038854361506683306,
GSE104600,0.001364309773242512,-0.0038854361506683306,
GSE104674,0.001364309773242512,-0.0038854361506683306,
GSE104690,0.001364309773242512,-0.0038854361506683306,
GSE104704,0.001364309773242512,-0.0038854361506683306,
GSE104714,0.001364309773242512,-0.0038854361506683306,
GSE104736,0.001364309773242512,-0.0038854361506683306,
GSE104766,0.001364309773242512,-0.0038854361506683306,
GSE105216,0.001364309773242512,-0.0038854361506683306,
GSE104827,0.001364309773242512,-0.0038854361506683306,
GSE104836,0.001364309773242512,-0.0038854361506683306,
GSE104854,0.001364309773242512,-0.0038854361506683306,
GSE104873,0.001364309773242512,-0.0038854361506683306,
GSE104969,0.001364309773242512,-0.0038854361506683306,
GSE105019,0.001364309773242512,-0.0038854361506683306,
GSE105022,0.001364309773242512,-0.0038854361506683306,
GSE105039,0.001364309773242512,-0.0038854361506683306,
GSE105064,0.001364309773242512,-0.0038854361506683306,
GSE103122,0.001364309773242512,-0.0038854361506683306,
GSE105137,0.001364309773242512,-0.0038854361506683306,
GSE105142,0.001364309773242512,-0.0038854361506683306,
GSE104784,0.001364309773242512,-0.0038854361506683306,
GSE33092,0.001364309773242512,-0.0038854361506683306,
GSE33154,0.001364309773242512,-0.0038854361506683306,
GSE33281,0.001364309773242512,-0.0038854361506683306,
GSE33294,0.001364309773242512,-0.0038854361506683306,
GSE33328,0.001364309773242512,-0.0038854361506683306,
GSE33480,0.001364309773242512,-0.0038854361506683306,
GSE33592,0.001364309773242512,-0.0038854361506683306,
GSE33600,0.001364309773242512,-0.0038854361506683306,
GSE33601,0.001364309773242512,-0.0038854361506683306,
GSE33772,0.001364309773242512,-0.0038854361506683306,
GSE33776,0.001364309773242512,-0.0038854361506683306,
GSE115575,0.001364309773242512,-0.0038854361506683306,
GSE33816,0.001364309773242512,-0.0038854361506683306,
GSE102798,0.001364309773242512,-0.0038854361506683306,
GSE34329,0.001364309773242512,-0.0038854361506683306,
GSE34448,0.001364309773242512,-0.0038854361506683306,
GSE34491,0.001364309773242512,-0.0038854361506683306,
GSE34736,0.001364309773242512,-0.0038854361506683306,
GSE34740,0.001364309773242512,-0.0038854361506683306,
GSE34780,0.001364309773242512,-0.0038854361506683306,
GSE34914,0.001364309773242512,-0.0038854361506683306,
GSE34993,0.001364309773242512,-0.0038854361506683306,
GSE34995,0.001364309773242512,-0.0038854361506683306,
GSE35126,0.001364309773242512,-0.0038854361506683306,
GSE33782,0.001364309773242512,-0.0038854361506683306,
GSE30222,0.001364309773242512,-0.0038854361506683306,
GSE30290,0.001364309773242512,-0.0038854361506683306,
GSE30554,0.001364309773242512,-0.0038854361506683306,
GSE30557,0.001364309773242512,-0.0038854361506683306,
GSE30567,0.001364309773242512,-0.0038854361506683306,
GSE30573,0.001364309773242512,-0.0038854361506683306,
GSE30772,0.001364309773242512,-0.0038854361506683306,
GSE30786,0.001364309773242512,-0.0038854361506683306,
GSE30995,0.001364309773242512,-0.0038854361506683306,
GSE31310,0.001364309773242512,-0.0038854361506683306,
GSE31486,0.001364309773242512,-0.0038854361506683306,
GSE33013,0.001364309773242512,-0.0038854361506683306,
GSE31539,0.001364309773242512,-0.0038854361506683306,
GSE102812,0.001364309773242512,-0.0038854361506683306,
GSE31653,0.001364309773242512,-0.0038854361506683306,
GSE32162,0.001364309773242512,-0.0038854361506683306,
GSE32213,0.001364309773242512,-0.0038854361506683306,
GSE32307,0.001364309773242512,-0.0038854361506683306,
GSE32340,0.001364309773242512,-0.0038854361506683306,
GSE32424,0.001364309773242512,-0.0038854361506683306,
GSE32625,0.001364309773242512,-0.0038854361506683306,
GSE32689,0.001364309773242512,-0.0038854361506683306,
GSE32726,0.001364309773242512,-0.0038854361506683306,
GSE32991,0.001364309773242512,-0.0038854361506683306,
GSE31528,0.001364309773242512,-0.0038854361506683306,
GSE36968,0.001364309773242512,-0.0038854361506683306,
GSE37001,0.001364309773242512,-0.0038854361506683306,
GSE37002,0.001364309773242512,-0.0038854361506683306,
GSE37003,0.001364309773242512,-0.0038854361506683306,
GSE37037,0.001364309773242512,-0.0038854361506683306,
GSE37061,0.001364309773242512,-0.0038854361506683306,
GSE37211,0.001364309773242512,-0.0038854361506683306,
GSE37376,0.001364309773242512,-0.0038854361506683306,
GSE37521,0.001364309773242512,-0.0038854361506683306,
GSE37524,0.001364309773242512,-0.0038854361506683306,
GSE37686,0.001364309773242512,-0.0038854361506683306,
GSE35178,0.001364309773242512,-0.0038854361506683306,
GSE37752,0.001364309773242512,-0.0038854361506683306,
GSE37764,0.001364309773242512,-0.0038854361506683306,
GSE37918,0.001364309773242512,-0.0038854361506683306,
GSE38003,0.001364309773242512,-0.0038854361506683306,
GSE38100,0.001364309773242512,-0.0038854361506683306,
GSE38201,0.001364309773242512,-0.0038854361506683306,
GSE38233,0.001364309773242512,-0.0038854361506683306,
GSE38234,0.001364309773242512,-0.0038854361506683306,
GSE38265,0.001364309773242512,-0.0038854361506683306,
GSE38355,0.001364309773242512,-0.0038854361506683306,
GSE38356,0.001364309773242512,-0.0038854361506683306,
GSE38393,0.001364309773242512,-0.0038854361506683306,
GSE37703,0.001364309773242512,-0.0038854361506683306,
GSE35197,0.001364309773242512,-0.0038854361506683306,
GSE35296,0.001364309773242512,-0.0038854361506683306,
GSE35394,0.001364309773242512,-0.0038854361506683306,
GSE35420,0.001364309773242512,-0.0038854361506683306,
GSE35464,0.001364309773242512,-0.0038854361506683306,
GSE35468,0.001364309773242512,-0.0038854361506683306,
GSE35469,0.001364309773242512,-0.0038854361506683306,
GSE35584,0.001364309773242512,-0.0038854361506683306,
GSE35587,0.001364309773242512,-0.0038854361506683306,
GSE102796,0.001364309773242512,-0.0038854361506683306,
GSE35774,0.001364309773242512,-0.0038854361506683306,
GSE35871,0.001364309773242512,-0.0038854361506683306,
GSE36952,0.001364309773242512,-0.0038854361506683306,
GSE36070,0.001364309773242512,-0.0038854361506683306,
GSE36147,0.001364309773242512,-0.0038854361506683306,
GSE36242,0.001364309773242512,-0.0038854361506683306,
GSE36266,0.001364309773242512,-0.0038854361506683306,
GSE36349,0.001364309773242512,-0.0038854361506683306,
GSE36552,0.001364309773242512,-0.0038854361506683306,
GSE36597,0.001364309773242512,-0.0038854361506683306,
GSE36695,0.001364309773242512,-0.0038854361506683306,
GSE36710,0.001364309773242512,-0.0038854361506683306,
GSE36761,0.001364309773242512,-0.0038854361506683306,
GSE36863,0.001364309773242512,-0.0038854361506683306,
GSE36866,0.001364309773242512,-0.0038854361506683306,
GSE36062,0.001364309773242512,-0.0038854361506683306,
GSE122093,0.001364309773242512,-0.0038854361506683306,
GSE122383,0.001364309773242512,-0.0038854361506683306,
GSE122550,0.001364309773242512,-0.0038854361506683306,
GSE122818,0.001364309773242512,-0.0038854361506683306,
GSE102902,0.001364309773242512,-0.0038854361506683306,
GSE102893,0.001364309773242512,-0.0038854361506683306,
GSE123649,0.001364309773242512,-0.0038854361506683306,
GSE124282,0.001364309773242512,-0.0038854361506683306,
GSE124586,0.001364309773242512,-0.0038854361506683306,
GSE125506,0.001364309773242512,-0.0038854361506683306,
GSE125522,0.001364309773242512,-0.0038854361506683306,
GSE29968,0.001364309773242512,-0.0038854361506683306,
GSE125629,0.001364309773242512,-0.0038854361506683306,
GSE125642,0.001364309773242512,-0.0038854361506683306,
GSE125686,0.001364309773242512,-0.0038854361506683306,
GSE125778,0.001364309773242512,-0.0038854361506683306,
GSE125802,0.001364309773242512,-0.0038854361506683306,
GSE125862,0.001364309773242512,-0.0038854361506683306,
GSE125892,0.001364309773242512,-0.0038854361506683306,
GSE125966,0.001364309773242512,-0.0038854361506683306,
GSE126007,0.001364309773242512,-0.0038854361506683306,
GSE126250,0.001364309773242512,-0.0038854361506683306,
GSE15780,0.001364309773242512,-0.0038854361506683306,
GSE16642,0.001364309773242512,-0.0038854361506683306,
GSE125577,0.001364309773242512,-0.0038854361506683306,
GSE115650,0.001364309773242512,-0.0038854361506683306,
GSE115770,0.001364309773242512,-0.0038854361506683306,
GSE115795,0.001364309773242512,-0.0038854361506683306,
GSE115823,0.001364309773242512,-0.0038854361506683306,
GSE115831,0.001364309773242512,-0.0038854361506683306,
GSE115938,0.001364309773242512,-0.0038854361506683306,
GSE115941,0.001364309773242512,-0.0038854361506683306,
GSE116346,0.001364309773242512,-0.0038854361506683306,
GSE117123,0.001364309773242512,-0.0038854361506683306,
GSE117469,0.001364309773242512,-0.0038854361506683306,
GSE117588,0.001364309773242512,-0.0038854361506683306,
GSE117622,0.001364309773242512,-0.0038854361506683306,
GSE121425,0.001364309773242512,-0.0038854361506683306,
GSE118158,0.001364309773242512,-0.0038854361506683306,
GSE118530,0.001364309773242512,-0.0038854361506683306,
GSE118644,0.001364309773242512,-0.0038854361506683306,
GSE102923,0.001364309773242512,-0.0038854361506683306,
GSE119265,0.001364309773242512,-0.0038854361506683306,
GSE102910,0.001364309773242512,-0.0038854361506683306,
GSE119669,0.001364309773242512,-0.0038854361506683306,
GSE119794,0.001364309773242512,-0.0038854361506683306,
GSE120297,0.001364309773242512,-0.0038854361506683306,
GSE120306,0.001364309773242512,-0.0038854361506683306,
GSE120890,0.001364309773242512,-0.0038854361506683306,
GSE120891,0.001364309773242512,-0.0038854361506683306,
GSE117632,0.001364309773242512,-0.0038854361506683306,
GSE26140,0.001364309773242512,-0.0038854361506683306,
GSE26463,0.001364309773242512,-0.0038854361506683306,
GSE26501,0.001364309773242512,-0.0038854361506683306,
GSE26811,0.001364309773242512,-0.0038854361506683306,
GSE26880,0.001364309773242512,-0.0038854361506683306,
GSE27315,0.001364309773242512,-0.0038854361506683306,
GSE27823,0.001364309773242512,-0.0038854361506683306,
GSE28040,0.001364309773242512,-0.0038854361506683306,
GSE28115,0.001364309773242512,-0.0038854361506683306,
GSE28859,0.001364309773242512,-0.0038854361506683306,
GSE28864,0.001364309773242512,-0.0038854361506683306,
GSE16921,0.001364309773242512,-0.0038854361506683306,
GSE29006,0.001364309773242512,-0.0038854361506683306,
GSE29038,0.001364309773242512,-0.0038854361506683306,
GSE29040,0.001364309773242512,-0.0038854361506683306,
GSE29098,0.001364309773242512,-0.0038854361506683306,
GSE102860,0.001364309773242512,-0.0038854361506683306,
GSE102838,0.001364309773242512,-0.0038854361506683306,
GSE29158,0.001364309773242512,-0.0038854361506683306,
GSE29160,0.001364309773242512,-0.0038854361506683306,
GSE29282,0.001364309773242512,-0.0038854361506683306,
GSE29580,0.001364309773242512,-0.0038854361506683306,
GSE29660,0.001364309773242512,-0.0038854361506683306,
GSE29943,0.001364309773242512,-0.0038854361506683306,
GSE102864,0.001364309773242512,-0.0038854361506683306,
GSE17403,0.001364309773242512,-0.0038854361506683306,
GSE18156,0.001364309773242512,-0.0038854361506683306,
GSE19166,0.001364309773242512,-0.0038854361506683306,
GSE19323,0.001364309773242512,-0.0038854361506683306,
GSE19373,0.001364309773242512,-0.0038854361506683306,
GSE19466,0.001364309773242512,-0.0038854361506683306,
GSE19480,0.001364309773242512,-0.0038854361506683306,
GSE19481,0.001364309773242512,-0.0038854361506683306,
GSE102875,0.001364309773242512,-0.0038854361506683306,
GSE20301,0.001364309773242512,-0.0038854361506683306,
GSE21918,0.001364309773242512,-0.0038854361506683306,
GSE22260,0.001364309773242512,-0.0038854361506683306,
GSE25932,0.001364309773242512,-0.0038854361506683306,
GSE22917,0.001364309773242512,-0.0038854361506683306,
GSE102870,0.001364309773242512,-0.0038854361506683306,
GSE23109,0.001364309773242512,-0.0038854361506683306,
GSE24283,0.001364309773242512,-0.0038854361506683306,
GSE24355,0.001364309773242512,-0.0038854361506683306,
GSE24455,0.001364309773242512,-0.0038854361506683306,
GSE24491,0.001364309773242512,-0.0038854361506683306,
GSE25133,0.001364309773242512,-0.0038854361506683306,
GSE25183,0.001364309773242512,-0.0038854361506683306,
GSE25291,0.001364309773242512,-0.0038854361506683306,
GSE25842,0.001364309773242512,-0.0038854361506683306,
GSE25882,0.001364309773242512,-0.0038854361506683306,
GSE22666,0.001364309773242512,-0.0038854361506683306,
GSE66789,0.001364309773242512,-0.0038854361506683306,
GSE66798,0.001364309773242512,-0.0038854361506683306,
GSE66809,0.001364309773242512,-0.0038854361506683306,
GSE66859,0.001364309773242512,-0.0038854361506683306,
GSE101972,0.001364309773242512,-0.0038854361506683306,
GSE66879,0.001364309773242512,-0.0038854361506683306,
GSE66895,0.001364309773242512,-0.0038854361506683306,
GSE66917,0.001364309773242512,-0.0038854361506683306,
GSE66927,0.001364309773242512,-0.0038854361506683306,
GSE66928,0.001364309773242512,-0.0038854361506683306,
GSE66962,0.001364309773242512,-0.0038854361506683306,
GSE55362,0.001364309773242512,-0.0038854361506683306,
GSE67041,0.001364309773242512,-0.0038854361506683306,
GSE101968,0.001364309773242512,-0.0038854361506683306,
GSE67073,0.001364309773242512,-0.0038854361506683306,
GSE67109,0.001364309773242512,-0.0038854361506683306,
GSE67122,0.001364309773242512,-0.0038854361506683306,
GSE67124,0.001364309773242512,-0.0038854361506683306,
GSE67128,0.001364309773242512,-0.0038854361506683306,
GSE101966,0.001364309773242512,-0.0038854361506683306,
GSE67174,0.001364309773242512,-0.0038854361506683306,
GSE67196,0.001364309773242512,-0.0038854361506683306,
GSE67237,0.001364309773242512,-0.0038854361506683306,
GSE67240,0.001364309773242512,-0.0038854361506683306,
GSE66993,0.001364309773242512,-0.0038854361506683306,
GSE66430,0.001364309773242512,-0.0038854361506683306,
GSE66446,0.001364309773242512,-0.0038854361506683306,
GSE66478,0.001364309773242512,-0.0038854361506683306,
GSE66506,0.001364309773242512,-0.0038854361506683306,
GSE66507,0.001364309773242512,-0.0038854361506683306,
GSE66511,0.001364309773242512,-0.0038854361506683306,
GSE66539,0.001364309773242512,-0.0038854361506683306,
GSE66550,0.001364309773242512,-0.0038854361506683306,
GSE66553,0.001364309773242512,-0.0038854361506683306,
GSE66556,0.001364309773242512,-0.0038854361506683306,
GSE66573,0.001364309773242512,-0.0038854361506683306,
GSE66777,0.001364309773242512,-0.0038854361506683306,
GSE66592,0.001364309773242512,-0.0038854361506683306,
GSE66593,0.001364309773242512,-0.0038854361506683306,
GSE66622,0.001364309773242512,-0.0038854361506683306,
GSE66627,0.001364309773242512,-0.0038854361506683306,
GSE66719,0.001364309773242512,-0.0038854361506683306,
GSE101974,0.001364309773242512,-0.0038854361506683306,
GSE66741,0.001364309773242512,-0.0038854361506683306,
GSE66742,0.001364309773242512,-0.0038854361506683306,
GSE66755,0.001364309773242512,-0.0038854361506683306,
GSE66763,0.001364309773242512,-0.0038854361506683306,
GSE66767,0.001364309773242512,-0.0038854361506683306,
GSE66769,0.001364309773242512,-0.0038854361506683306,
GSE66590,0.001364309773242512,-0.0038854361506683306,
GSE101923,0.001364309773242512,-0.0038854361506683306,
GSE68005,0.001364309773242512,-0.0038854361506683306,
GSE68027,0.001364309773242512,-0.0038854361506683306,
GSE68039,0.001364309773242512,-0.0038854361506683306,
GSE68040,0.001364309773242512,-0.0038854361506683306,
GSE101878,0.001364309773242512,-0.0038854361506683306,
GSE68102,0.001364309773242512,-0.0038854361506683306,
GSE68108,0.001364309773242512,-0.0038854361506683306,
GSE68109,0.001364309773242512,-0.0038854361506683306,
GSE68180,0.001364309773242512,-0.0038854361506683306,
GSE68219,0.001364309773242512,-0.0038854361506683306,
GSE67250,0.001364309773242512,-0.0038854361506683306,
GSE68228,0.001364309773242512,-0.0038854361506683306,
GSE68229,0.001364309773242512,-0.0038854361506683306,
GSE68230,0.001364309773242512,-0.0038854361506683306,
GSE68248,0.001364309773242512,-0.0038854361506683306,
GSE68279,0.001364309773242512,-0.0038854361506683306,
GSE68297,0.001364309773242512,-0.0038854361506683306,
GSE68323,0.001364309773242512,-0.0038854361506683306,
GSE68327,0.001364309773242512,-0.0038854361506683306,
GSE68341,0.001364309773242512,-0.0038854361506683306,
GSE68358,0.001364309773242512,-0.0038854361506683306,
GSE68378,0.001364309773242512,-0.0038854361506683306,
GSE68395,0.001364309773242512,-0.0038854361506683306,
GSE68221,0.001364309773242512,-0.0038854361506683306,
GSE67295,0.001364309773242512,-0.0038854361506683306,
GSE67333,0.001364309773242512,-0.0038854361506683306,
GSE67382,0.001364309773242512,-0.0038854361506683306,
GSE67427,0.001364309773242512,-0.0038854361506683306,
GSE67447,0.001364309773242512,-0.0038854361506683306,
GSE67488,0.001364309773242512,-0.0038854361506683306,
GSE67519,0.001364309773242512,-0.0038854361506683306,
GSE67528,0.001364309773242512,-0.0038854361506683306,
GSE67540,0.001364309773242512,-0.0038854361506683306,
GSE67543,0.001364309773242512,-0.0038854361506683306,
GSE67617,0.001364309773242512,-0.0038854361506683306,
GSE67645,0.001364309773242512,-0.0038854361506683306,
GSE67945,0.001364309773242512,-0.0038854361506683306,
GSE67770,0.001364309773242512,-0.0038854361506683306,
GSE67785,0.001364309773242512,-0.0038854361506683306,
GSE67812,0.001364309773242512,-0.0038854361506683306,
GSE67844,0.001364309773242512,-0.0038854361506683306,
GSE67848,0.001364309773242512,-0.0038854361506683306,
GSE67866,0.001364309773242512,-0.0038854361506683306,
GSE67892,0.001364309773242512,-0.0038854361506683306,
GSE67898,0.001364309773242512,-0.0038854361506683306,
GSE67902,0.001364309773242512,-0.0038854361506683306,
GSE67915,0.001364309773242512,-0.0038854361506683306,
GSE67931,0.001364309773242512,-0.0038854361506683306,
GSE101927,0.001364309773242512,-0.0038854361506683306,
GSE67713,0.001364309773242512,-0.0038854361506683306,
GSE64813,0.001364309773242512,-0.0038854361506683306,
GSE64850,0.001364309773242512,-0.0038854361506683306,
GSE64854,0.001364309773242512,-0.0038854361506683306,
GSE64882,0.001364309773242512,-0.0038854361506683306,
GSE64912,0.001364309773242512,-0.0038854361506683306,
GSE64962,0.001364309773242512,-0.0038854361506683306,
GSE65030,0.001364309773242512,-0.0038854361506683306,
GSE65039,0.001364309773242512,-0.0038854361506683306,
GSE65099,0.001364309773242512,-0.0038854361506683306,
GSE65105,0.001364309773242512,-0.0038854361506683306,
GSE65107,0.001364309773242512,-0.0038854361506683306,
GSE66412,0.001364309773242512,-0.0038854361506683306,
GSE65131,0.001364309773242512,-0.0038854361506683306,
GSE65185,0.001364309773242512,-0.0038854361506683306,
GSE65193,0.001364309773242512,-0.0038854361506683306,
GSE65235,0.001364309773242512,-0.0038854361506683306,
GSE65335,0.001364309773242512,-0.0038854361506683306,
GSE65354,0.001364309773242512,-0.0038854361506683306,
GSE65420,0.001364309773242512,-0.0038854361506683306,
GSE65446,0.001364309773242512,-0.0038854361506683306,
GSE65469,0.001364309773242512,-0.0038854361506683306,
GSE102004,0.001364309773242512,-0.0038854361506683306,
GSE65481,0.001364309773242512,-0.0038854361506683306,
GSE65485,0.001364309773242512,-0.0038854361506683306,
GSE65112,0.001364309773242512,-0.0038854361506683306,
GSE64399,0.001364309773242512,-0.0038854361506683306,
GSE64413,0.001364309773242512,-0.0038854361506683306,
GSE64417,0.001364309773242512,-0.0038854361506683306,
GSE64451,0.001364309773242512,-0.0038854361506683306,
GSE102025,0.001364309773242512,-0.0038854361506683306,
GSE64486,0.001364309773242512,-0.0038854361506683306,
GSE64513,0.001364309773242512,-0.0038854361506683306,
GSE64529,0.001364309773242512,-0.0038854361506683306,
GSE64550,0.001364309773242512,-0.0038854361506683306,
GSE64553,0.001364309773242512,-0.0038854361506683306,
GSE64558,0.001364309773242512,-0.0038854361506683306,
GSE64810,0.001364309773242512,-0.0038854361506683306,
GSE64590,0.001364309773242512,-0.0038854361506683306,
GSE64615,0.001364309773242512,-0.0038854361506683306,
GSE64642,0.001364309773242512,-0.0038854361506683306,
GSE64655,0.001364309773242512,-0.0038854361506683306,
GSE64677,0.001364309773242512,-0.0038854361506683306,
GSE64693,0.001364309773242512,-0.0038854361506683306,
GSE64712,0.001364309773242512,-0.0038854361506683306,
GSE64713,0.001364309773242512,-0.0038854361506683306,
GSE64741,0.001364309773242512,-0.0038854361506683306,
GSE64752,0.001364309773242512,-0.0038854361506683306,
GSE64795,0.001364309773242512,-0.0038854361506683306,
GSE64801,0.001364309773242512,-0.0038854361506683306,
GSE64588,0.001364309773242512,-0.0038854361506683306,
GSE66053,0.001364309773242512,-0.0038854361506683306,
GSE66086,0.001364309773242512,-0.0038854361506683306,
GSE66117,0.001364309773242512,-0.0038854361506683306,
GSE66135,0.001364309773242512,-0.0038854361506683306,
GSE66148,0.001364309773242512,-0.0038854361506683306,
GSE66155,0.001364309773242512,-0.0038854361506683306,
GSE66158,0.001364309773242512,-0.0038854361506683306,
GSE66173,0.001364309773242512,-0.0038854361506683306,
GSE102000,0.001364309773242512,-0.0038854361506683306,
GSE66200,0.001364309773242512,-0.0038854361506683306,
GSE66207,0.001364309773242512,-0.0038854361506683306,
GSE65507,0.001364309773242512,-0.0038854361506683306,
GSE66217,0.001364309773242512,-0.0038854361506683306,
GSE66228,0.001364309773242512,-0.0038854361506683306,
GSE66238,0.001364309773242512,-0.0038854361506683306,
GSE66249,0.001364309773242512,-0.0038854361506683306,
GSE66250,0.001364309773242512,-0.0038854361506683306,
GSE66261,0.001364309773242512,-0.0038854361506683306,
GSE66301,0.001364309773242512,-0.0038854361506683306,
GSE66304,0.001364309773242512,-0.0038854361506683306,
GSE66306,0.001364309773242512,-0.0038854361506683306,
GSE66357,0.001364309773242512,-0.0038854361506683306,
GSE66385,0.001364309773242512,-0.0038854361506683306,
GSE66388,0.001364309773242512,-0.0038854361506683306,
GSE66216,0.001364309773242512,-0.0038854361506683306,
GSE65508,0.001364309773242512,-0.0038854361506683306,
GSE65515,0.001364309773242512,-0.0038854361506683306,
GSE65518,0.001364309773242512,-0.0038854361506683306,
GSE65540,0.001364309773242512,-0.0038854361506683306,
GSE65545,0.001364309773242512,-0.0038854361506683306,
GSE65634,0.001364309773242512,-0.0038854361506683306,
GSE65644,0.001364309773242512,-0.0038854361506683306,
GSE65655,0.001364309773242512,-0.0038854361506683306,
GSE65683,0.001364309773242512,-0.0038854361506683306,
GSE65688,0.001364309773242512,-0.0038854361506683306,
GSE65705,0.001364309773242512,-0.0038854361506683306,
GSE65761,0.001364309773242512,-0.0038854361506683306,
GSE66036,0.001364309773242512,-0.0038854361506683306,
GSE65830,0.001364309773242512,-0.0038854361506683306,
GSE65832,0.001364309773242512,-0.0038854361506683306,
GSE65838,0.001364309773242512,-0.0038854361506683306,
GSE65885,0.001364309773242512,-0.0038854361506683306,
GSE65912,0.001364309773242512,-0.0038854361506683306,
GSE65943,0.001364309773242512,-0.0038854361506683306,
GSE65949,0.001364309773242512,-0.0038854361506683306,
GSE65952,0.001364309773242512,-0.0038854361506683306,
GSE65991,0.001364309773242512,-0.0038854361506683306,
GSE65996,0.001364309773242512,-0.0038854361506683306,
GSE65999,0.001364309773242512,-0.0038854361506683306,
GSE66014,0.001364309773242512,-0.0038854361506683306,
GSE65778,0.001364309773242512,-0.0038854361506683306,
GSE71058,0.001364309773242512,-0.0038854361506683306,
GSE71070,0.001364309773242512,-0.0038854361506683306,
GSE71074,0.001364309773242512,-0.0038854361506683306,
GSE71095,0.001364309773242512,-0.0038854361506683306,
GSE101708,0.001364309773242512,-0.0038854361506683306,
GSE71120,0.001364309773242512,-0.0038854361506683306,
GSE71139,0.001364309773242512,-0.0038854361506683306,
GSE71164,0.001364309773242512,-0.0038854361506683306,
GSE71191,0.001364309773242512,-0.0038854361506683306,
GSE71203,0.001364309773242512,-0.0038854361506683306,
GSE71204,0.001364309773242512,-0.0038854361506683306,
GSE68401,0.001364309773242512,-0.0038854361506683306,
GSE71216,0.001364309773242512,-0.0038854361506683306,
GSE71247,0.001364309773242512,-0.0038854361506683306,
GSE71261,0.001364309773242512,-0.0038854361506683306,
GSE71275,0.001364309773242512,-0.0038854361506683306,
GSE71284,0.001364309773242512,-0.0038854361506683306,
GSE71289,0.001364309773242512,-0.0038854361506683306,
GSE71299,0.001364309773242512,-0.0038854361506683306,
GSE71318,0.001364309773242512,-0.0038854361506683306,
GSE71325,0.001364309773242512,-0.0038854361506683306,
GSE71326,0.001364309773242512,-0.0038854361506683306,
GSE71334,0.001364309773242512,-0.0038854361506683306,
GSE71340,0.001364309773242512,-0.0038854361506683306,
GSE71208,0.001364309773242512,-0.0038854361506683306,
GSE70544,0.001364309773242512,-0.0038854361506683306,
GSE70602,0.001364309773242512,-0.0038854361506683306,
GSE70620,0.001364309773242512,-0.0038854361506683306,
GSE101738,0.001364309773242512,-0.0038854361506683306,
GSE70668,0.001364309773242512,-0.0038854361506683306,
GSE70674,0.001364309773242512,-0.0038854361506683306,
GSE70685,0.001364309773242512,-0.0038854361506683306,
GSE70694,0.001364309773242512,-0.0038854361506683306,
GSE70741,0.001364309773242512,-0.0038854361506683306,
GSE70767,0.001364309773242512,-0.0038854361506683306,
GSE70785,0.001364309773242512,-0.0038854361506683306,
GSE100709,0.001364309773242512,-0.0038854361506683306,
GSE70810,0.001364309773242512,-0.0038854361506683306,
GSE70830,0.001364309773242512,-0.0038854361506683306,
GSE70831,0.001364309773242512,-0.0038854361506683306,
GSE70833,0.001364309773242512,-0.0038854361506683306,
GSE70871,0.001364309773242512,-0.0038854361506683306,
GSE70874,0.001364309773242512,-0.0038854361506683306,
GSE70909,0.001364309773242512,-0.0038854361506683306,
GSE70926,0.001364309773242512,-0.0038854361506683306,
GSE70935,0.001364309773242512,-0.0038854361506683306,
GSE70959,0.001364309773242512,-0.0038854361506683306,
GSE70968,0.001364309773242512,-0.0038854361506683306,
GSE71009,0.001364309773242512,-0.0038854361506683306,
GSE70803,0.001364309773242512,-0.0038854361506683306,
GSE71747,0.001364309773242512,-0.0038854361506683306,
GSE71756,0.001364309773242512,-0.0038854361506683306,
GSE71777,0.001364309773242512,-0.0038854361506683306,
GSE71797,0.001364309773242512,-0.0038854361506683306,
GSE71800,0.001364309773242512,-0.0038854361506683306,
GSE71812,0.001364309773242512,-0.0038854361506683306,
GSE71840,0.001364309773242512,-0.0038854361506683306,
GSE71854,0.001364309773242512,-0.0038854361506683306,
GSE71858,0.001364309773242512,-0.0038854361506683306,
GSE71862,0.001364309773242512,-0.0038854361506683306,
GSE71878,0.001364309773242512,-0.0038854361506683306,
GSE71359,0.001364309773242512,-0.0038854361506683306,
GSE71900,0.001364309773242512,-0.0038854361506683306,
GSE71960,0.001364309773242512,-0.0038854361506683306,
GSE71972,0.001364309773242512,-0.0038854361506683306,
GSE71993,0.001364309773242512,-0.0038854361506683306,
GSE72001,0.001364309773242512,-0.0038854361506683306,
GSE72041,0.001364309773242512,-0.0038854361506683306,
GSE72055,0.001364309773242512,-0.0038854361506683306,
GSE72061,0.001364309773242512,-0.0038854361506683306,
GSE72131,0.001364309773242512,-0.0038854361506683306,
GSE101665,0.001364309773242512,-0.0038854361506683306,
GSE72202,0.001364309773242512,-0.0038854361506683306,
GSE72259,0.001364309773242512,-0.0038854361506683306,
GSE71890,0.001364309773242512,-0.0038854361506683306,
GSE71382,0.001364309773242512,-0.0038854361506683306,
GSE71401,0.001364309773242512,-0.0038854361506683306,
GSE71421,0.001364309773242512,-0.0038854361506683306,
GSE71446,0.001364309773242512,-0.0038854361506683306,
GSE71456,0.001364309773242512,-0.0038854361506683306,
GSE101705,0.001364309773242512,-0.0038854361506683306,
GSE101691,0.001364309773242512,-0.0038854361506683306,
GSE101668,0.001364309773242512,-0.0038854361506683306,
GSE71519,0.001364309773242512,-0.0038854361506683306,
GSE71520,0.001364309773242512,-0.0038854361506683306,
GSE71536,0.001364309773242512,-0.0038854361506683306,
GSE71541,0.001364309773242512,-0.0038854361506683306,
GSE71740,0.001364309773242512,-0.0038854361506683306,
GSE71557,0.001364309773242512,-0.0038854361506683306,
GSE71560,0.001364309773242512,-0.0038854361506683306,
GSE71569,0.001364309773242512,-0.0038854361506683306,
GSE71577,0.001364309773242512,-0.0038854361506683306,
GSE71594,0.001364309773242512,-0.0038854361506683306,
GSE71595,0.001364309773242512,-0.0038854361506683306,
GSE71613,0.001364309773242512,-0.0038854361506683306,
GSE71645,0.001364309773242512,-0.0038854361506683306,
GSE71686,0.001364309773242512,-0.0038854361506683306,
GSE71689,0.001364309773242512,-0.0038854361506683306,
GSE71709,0.001364309773242512,-0.0038854361506683306,
GSE71710,0.001364309773242512,-0.0038854361506683306,
GSE71551,0.001364309773242512,-0.0038854361506683306,
GSE69121,0.001364309773242512,-0.0038854361506683306,
GSE69125,0.001364309773242512,-0.0038854361506683306,
GSE69164,0.001364309773242512,-0.0038854361506683306,
GSE69175,0.001364309773242512,-0.0038854361506683306,
GSE69197,0.001364309773242512,-0.0038854361506683306,
GSE69206,0.001364309773242512,-0.0038854361506683306,
GSE69233,0.001364309773242512,-0.0038854361506683306,
GSE69239,0.001364309773242512,-0.0038854361506683306,
GSE69240,0.001364309773242512,-0.0038854361506683306,
GSE69284,0.001364309773242512,-0.0038854361506683306,
GSE69292,0.001364309773242512,-0.0038854361506683306,
GSE70537,0.001364309773242512,-0.0038854361506683306,
GSE69312,0.001364309773242512,-0.0038854361506683306,
GSE69319,0.001364309773242512,-0.0038854361506683306,
GSE69333,0.001364309773242512,-0.0038854361506683306,
GSE69352,0.001364309773242512,-0.0038854361506683306,
GSE69360,0.001364309773242512,-0.0038854361506683306,
GSE101799,0.001364309773242512,-0.0038854361506683306,
GSE69415,0.001364309773242512,-0.0038854361506683306,
GSE69420,0.001364309773242512,-0.0038854361506683306,
GSE69434,0.001364309773242512,-0.0038854361506683306,
GSE69446,0.001364309773242512,-0.0038854361506683306,
GSE69471,0.001364309773242512,-0.0038854361506683306,
GSE69476,0.001364309773242512,-0.0038854361506683306,
GSE69308,0.001364309773242512,-0.0038854361506683306,
GSE68452,0.001364309773242512,-0.0038854361506683306,
GSE68482,0.001364309773242512,-0.0038854361506683306,
GSE68538,0.001364309773242512,-0.0038854361506683306,
GSE68611,0.001364309773242512,-0.0038854361506683306,
GSE68631,0.001364309773242512,-0.0038854361506683306,
GSE68645,0.001364309773242512,-0.0038854361506683306,
GSE68671,0.001364309773242512,-0.0038854361506683306,
GSE68673,0.001364309773242512,-0.0038854361506683306,
GSE68719,0.001364309773242512,-0.0038854361506683306,
GSE68795,0.001364309773242512,-0.0038854361506683306,
GSE68799,0.001364309773242512,-0.0038854361506683306,
GSE68800,0.001364309773242512,-0.0038854361506683306,
GSE101871,0.001364309773242512,-0.0038854361506683306,
GSE68815,0.001364309773242512,-0.0038854361506683306,
GSE68872,0.001364309773242512,-0.0038854361506683306,
GSE101872,0.001364309773242512,-0.0038854361506683306,
GSE68919,0.001364309773242512,-0.0038854361506683306,
GSE68925,0.001364309773242512,-0.0038854361506683306,
GSE68938,0.001364309773242512,-0.0038854361506683306,
GSE68987,0.001364309773242512,-0.0038854361506683306,
GSE69021,0.001364309773242512,-0.0038854361506683306,
GSE69036,0.001364309773242512,-0.0038854361506683306,
GSE69047,0.001364309773242512,-0.0038854361506683306,
GSE69092,0.001364309773242512,-0.0038854361506683306,
GSE69110,0.001364309773242512,-0.0038854361506683306,
GSE68813,0.001364309773242512,-0.0038854361506683306,
GSE69906,0.001364309773242512,-0.0038854361506683306,
GSE69982,0.001364309773242512,-0.0038854361506683306,
GSE70000,0.001364309773242512,-0.0038854361506683306,
GSE70050,0.001364309773242512,-0.0038854361506683306,
GSE70061,0.001364309773242512,-0.0038854361506683306,
GSE70068,0.001364309773242512,-0.0038854361506683306,
GSE101756,0.001364309773242512,-0.0038854361506683306,
GSE101754,0.001364309773242512,-0.0038854361506683306,
GSE70078,0.001364309773242512,-0.0038854361506683306,
GSE70084,0.001364309773242512,-0.0038854361506683306,
GSE70089,0.001364309773242512,-0.0038854361506683306,
GSE69506,0.001364309773242512,-0.0038854361506683306,
GSE70106,0.001364309773242512,-0.0038854361506683306,
GSE70150,0.001364309773242512,-0.0038854361506683306,
GSE70230,0.001364309773242512,-0.0038854361506683306,
GSE70285,0.001364309773242512,-0.0038854361506683306,
GSE70330,0.001364309773242512,-0.0038854361506683306,
GSE70373,0.001364309773242512,-0.0038854361506683306,
GSE70380,0.001364309773242512,-0.0038854361506683306,
GSE70390,0.001364309773242512,-0.0038854361506683306,
GSE70404,0.001364309773242512,-0.0038854361506683306,
GSE70462,0.001364309773242512,-0.0038854361506683306,
GSE70503,0.001364309773242512,-0.0038854361506683306,
GSE70513,0.001364309773242512,-0.0038854361506683306,
GSE70101,0.001364309773242512,-0.0038854361506683306,
GSE69511,0.001364309773242512,-0.0038854361506683306,
GSE69549,0.001364309773242512,-0.0038854361506683306,
GSE69567,0.001364309773242512,-0.0038854361506683306,
GSE69596,0.001364309773242512,-0.0038854361506683306,
GSE69599,0.001364309773242512,-0.0038854361506683306,
GSE69602,0.001364309773242512,-0.0038854361506683306,
GSE69604,0.001364309773242512,-0.0038854361506683306,
GSE69618,0.001364309773242512,-0.0038854361506683306,
GSE69622,0.001364309773242512,-0.0038854361506683306,
GSE69626,0.001364309773242512,-0.0038854361506683306,
GSE69637,0.001364309773242512,-0.0038854361506683306,
GSE69667,0.001364309773242512,-0.0038854361506683306,
GSE69905,0.001364309773242512,-0.0038854361506683306,
GSE101770,0.001364309773242512,-0.0038854361506683306,
GSE69692,0.001364309773242512,-0.0038854361506683306,
GSE69735,0.001364309773242512,-0.0038854361506683306,
GSE69737,0.001364309773242512,-0.0038854361506683306,
GSE69787,0.001364309773242512,-0.0038854361506683306,
GSE69790,0.001364309773242512,-0.0038854361506683306,
GSE69797,0.001364309773242512,-0.0038854361506683306,
GSE69822,0.001364309773242512,-0.0038854361506683306,
GSE69827,0.001364309773242512,-0.0038854361506683306,
GSE69842,0.001364309773242512,-0.0038854361506683306,
GSE69876,0.001364309773242512,-0.0038854361506683306,
GSE69896,0.001364309773242512,-0.0038854361506683306,
GSE69678,0.001364309773242512,-0.0038854361506683306,
GSE58375,0.001364309773242512,-0.0038854361506683306,
GSE58379,0.001364309773242512,-0.0038854361506683306,
GSE58418,0.001364309773242512,-0.0038854361506683306,
GSE58434,0.001364309773242512,-0.0038854361506683306,
GSE58441,0.001364309773242512,-0.0038854361506683306,
GSE58464,0.001364309773242512,-0.0038854361506683306,
GSE58492,0.001364309773242512,-0.0038854361506683306,
GSE58507,0.001364309773242512,-0.0038854361506683306,
GSE58557,0.001364309773242512,-0.0038854361506683306,
GSE58586,0.001364309773242512,-0.0038854361506683306,
GSE58594,0.001364309773242512,-0.0038854361506683306,
GSE64367,0.001364309773242512,-0.0038854361506683306,
GSE58604,0.001364309773242512,-0.0038854361506683306,
GSE102182,0.001364309773242512,-0.0038854361506683306,
GSE58640,0.001364309773242512,-0.0038854361506683306,
GSE58663,0.001364309773242512,-0.0038854361506683306,
GSE58708,0.001364309773242512,-0.0038854361506683306,
GSE58740,0.001364309773242512,-0.0038854361506683306,
GSE58838,0.001364309773242512,-0.0038854361506683306,
GSE58871,0.001364309773242512,-0.0038854361506683306,
GSE58910,0.001364309773242512,-0.0038854361506683306,
GSE58933,0.001364309773242512,-0.0038854361506683306,
GSE58963,0.001364309773242512,-0.0038854361506683306,
GSE58966,0.001364309773242512,-0.0038854361506683306,
GSE58596,0.001364309773242512,-0.0038854361506683306,
GSE57871,0.001364309773242512,-0.0038854361506683306,
GSE57872,0.001364309773242512,-0.0038854361506683306,
GSE57892,0.001364309773242512,-0.0038854361506683306,
GSE57896,0.001364309773242512,-0.0038854361506683306,
GSE102183,0.001364309773242512,-0.0038854361506683306,
GSE57925,0.001364309773242512,-0.0038854361506683306,
GSE57931,0.001364309773242512,-0.0038854361506683306,
GSE57961,0.001364309773242512,-0.0038854361506683306,
GSE57973,0.001364309773242512,-0.0038854361506683306,
GSE57982,0.001364309773242512,-0.0038854361506683306,
GSE57989,0.001364309773242512,-0.0038854361506683306,
GSE58365,0.001364309773242512,-0.0038854361506683306,
GSE58107,0.001364309773242512,-0.0038854361506683306,
GSE58111,0.001364309773242512,-0.0038854361506683306,
GSE58114,0.001364309773242512,-0.0038854361506683306,
GSE58122,0.001364309773242512,-0.0038854361506683306,
GSE58123,0.001364309773242512,-0.0038854361506683306,
GSE58135,0.001364309773242512,-0.0038854361506683306,
GSE58150,0.001364309773242512,-0.0038854361506683306,
GSE58168,0.001364309773242512,-0.0038854361506683306,
GSE58207,0.001364309773242512,-0.0038854361506683306,
GSE58310,0.001364309773242512,-0.0038854361506683306,
GSE58326,0.001364309773242512,-0.0038854361506683306,
GSE58345,0.001364309773242512,-0.0038854361506683306,
GSE58008,0.001364309773242512,-0.0038854361506683306,
GSE59688,0.001364309773242512,-0.0038854361506683306,
GSE59703,0.001364309773242512,-0.0038854361506683306,
GSE59717,0.001364309773242512,-0.0038854361506683306,
GSE59765,0.001364309773242512,-0.0038854361506683306,
GSE59781,0.001364309773242512,-0.0038854361506683306,
GSE102138,0.001364309773242512,-0.0038854361506683306,
GSE59819,0.001364309773242512,-0.0038854361506683306,
GSE59822,0.001364309773242512,-0.0038854361506683306,
GSE59841,0.001364309773242512,-0.0038854361506683306,
GSE59846,0.001364309773242512,-0.0038854361506683306,
GSE59855,0.001364309773242512,-0.0038854361506683306,
GSE58989,0.001364309773242512,-0.0038854361506683306,
GSE59966,0.001364309773242512,-0.0038854361506683306,
GSE59980,0.001364309773242512,-0.0038854361506683306,
GSE59987,0.001364309773242512,-0.0038854361506683306,
GSE60040,0.001364309773242512,-0.0038854361506683306,
GSE102132,0.001364309773242512,-0.0038854361506683306,
GSE60065,0.001364309773242512,-0.0038854361506683306,
GSE60106,0.001364309773242512,-0.0038854361506683306,
GSE60119,0.001364309773242512,-0.0038854361506683306,
GSE60138,0.001364309773242512,-0.0038854361506683306,
GSE60171,0.001364309773242512,-0.0038854361506683306,
GSE60182,0.001364309773242512,-0.0038854361506683306,
GSE60191,0.001364309773242512,-0.0038854361506683306,
GSE59884,0.001364309773242512,-0.0038854361506683306,
GSE58991,0.001364309773242512,-0.0038854361506683306,
GSE59020,0.001364309773242512,-0.0038854361506683306,
GSE59066,0.001364309773242512,-0.0038854361506683306,
GSE59089,0.001364309773242512,-0.0038854361506683306,
GSE59093,0.001364309773242512,-0.0038854361506683306,
GSE59100,0.001364309773242512,-0.0038854361506683306,
GSE59223,0.001364309773242512,-0.0038854361506683306,
GSE59233,0.001364309773242512,-0.0038854361506683306,
GSE59251,0.001364309773242512,-0.0038854361506683306,
GSE59275,0.001364309773242512,-0.0038854361506683306,
GSE59290,0.001364309773242512,-0.0038854361506683306,
GSE59317,0.001364309773242512,-0.0038854361506683306,
GSE59626,0.001364309773242512,-0.0038854361506683306,
GSE59364,0.001364309773242512,-0.0038854361506683306,
GSE59376,0.001364309773242512,-0.0038854361506683306,
GSE59386,0.001364309773242512,-0.0038854361506683306,
GSE59483,0.001364309773242512,-0.0038854361506683306,
GSE59528,0.001364309773242512,-0.0038854361506683306,
GSE102170,0.001364309773242512,-0.0038854361506683306,
GSE59535,0.001364309773242512,-0.0038854361506683306,
GSE59536,0.001364309773242512,-0.0038854361506683306,
GSE59598,0.001364309773242512,-0.0038854361506683306,
GSE59599,0.001364309773242512,-0.0038854361506683306,
GSE59612,0.001364309773242512,-0.0038854361506683306,
GSE59621,0.001364309773242512,-0.0038854361506683306,
GSE59335,0.001364309773242512,-0.0038854361506683306,
GSE56152,0.001364309773242512,-0.0038854361506683306,
GSE56179,0.001364309773242512,-0.0038854361506683306,
GSE56192,0.001364309773242512,-0.0038854361506683306,
GSE56231,0.001364309773242512,-0.0038854361506683306,
GSE56235,0.001364309773242512,-0.0038854361506683306,
GSE56267,0.001364309773242512,-0.0038854361506683306,
GSE56293,0.001364309773242512,-0.0038854361506683306,
GSE56331,0.001364309773242512,-0.0038854361506683306,
GSE56343,0.001364309773242512,-0.0038854361506683306,
GSE56356,0.001364309773242512,-0.0038854361506683306,
GSE56361,0.001364309773242512,-0.0038854361506683306,
GSE57866,0.001364309773242512,-0.0038854361506683306,
GSE102215,0.001364309773242512,-0.0038854361506683306,
GSE56524,0.001364309773242512,-0.0038854361506683306,
GSE56545,0.001364309773242512,-0.0038854361506683306,
GSE56568,0.001364309773242512,-0.0038854361506683306,
GSE56623,0.001364309773242512,-0.0038854361506683306,
GSE56625,0.001364309773242512,-0.0038854361506683306,
GSE56648,0.001364309773242512,-0.0038854361506683306,
GSE56657,0.001364309773242512,-0.0038854361506683306,
GSE56660,0.001364309773242512,-0.0038854361506683306,
GSE56689,0.001364309773242512,-0.0038854361506683306,
GSE56691,0.001364309773242512,-0.0038854361506683306,
GSE56701,0.001364309773242512,-0.0038854361506683306,
GSE56398,0.001364309773242512,-0.0038854361506683306,
GSE55370,0.001364309773242512,-0.0038854361506683306,
GSE55391,0.001364309773242512,-0.0038854361506683306,
GSE55405,0.001364309773242512,-0.0038854361506683306,
GSE55458,0.001364309773242512,-0.0038854361506683306,
GSE55492,0.001364309773242512,-0.0038854361506683306,
GSE55502,0.001364309773242512,-0.0038854361506683306,
GSE55534,0.001364309773242512,-0.0038854361506683306,
GSE55536,0.001364309773242512,-0.0038854361506683306,
GSE55689,0.001364309773242512,-0.0038854361506683306,
GSE55716,0.001364309773242512,-0.0038854361506683306,
GSE102246,0.001364309773242512,-0.0038854361506683306,
GSE56148,0.001364309773242512,-0.0038854361506683306,
GSE55807,0.001364309773242512,-0.0038854361506683306,
GSE55903,0.001364309773242512,-0.0038854361506683306,
GSE102244,0.001364309773242512,-0.0038854361506683306,
GSE55939,0.001364309773242512,-0.0038854361506683306,
GSE55949,0.001364309773242512,-0.0038854361506683306,
GSE56010,0.001364309773242512,-0.0038854361506683306,
GSE56022,0.001364309773242512,-0.0038854361506683306,
GSE56052,0.001364309773242512,-0.0038854361506683306,
GSE56066,0.001364309773242512,-0.0038854361506683306,
GSE56076,0.001364309773242512,-0.0038854361506683306,
GSE56087,0.001364309773242512,-0.0038854361506683306,
GSE56144,0.001364309773242512,-0.0038854361506683306,
GSE55769,0.001364309773242512,-0.0038854361506683306,
GSE57325,0.001364309773242512,-0.0038854361506683306,
GSE57344,0.001364309773242512,-0.0038854361506683306,
GSE57353,0.001364309773242512,-0.0038854361506683306,
GSE57395,0.001364309773242512,-0.0038854361506683306,
GSE57397,0.001364309773242512,-0.0038854361506683306,
GSE57430,0.001364309773242512,-0.0038854361506683306,
GSE57433,0.001364309773242512,-0.0038854361506683306,
GSE57478,0.001364309773242512,-0.0038854361506683306,
GSE57480,0.001364309773242512,-0.0038854361506683306,
GSE57488,0.001364309773242512,-0.0038854361506683306,
GSE57494,0.001364309773242512,-0.0038854361506683306,
GSE56742,0.001364309773242512,-0.0038854361506683306,
GSE57503,0.001364309773242512,-0.0038854361506683306,
GSE57530,0.001364309773242512,-0.0038854361506683306,
GSE57561,0.001364309773242512,-0.0038854361506683306,
GSE57637,0.001364309773242512,-0.0038854361506683306,
GSE57662,0.001364309773242512,-0.0038854361506683306,
GSE57681,0.001364309773242512,-0.0038854361506683306,
GSE57723,0.001364309773242512,-0.0038854361506683306,
GSE57732,0.001364309773242512,-0.0038854361506683306,
GSE57803,0.001364309773242512,-0.0038854361506683306,
GSE57821,0.001364309773242512,-0.0038854361506683306,
GSE57826,0.001364309773242512,-0.0038854361506683306,
GSE57862,0.001364309773242512,-0.0038854361506683306,
GSE57501,0.001364309773242512,-0.0038854361506683306,
GSE56748,0.001364309773242512,-0.0038854361506683306,
GSE56785,0.001364309773242512,-0.0038854361506683306,
GSE56787,0.001364309773242512,-0.0038854361506683306,
GSE56788,0.001364309773242512,-0.0038854361506683306,
GSE56796,0.001364309773242512,-0.0038854361506683306,
GSE56826,0.001364309773242512,-0.0038854361506683306,
GSE56862,0.001364309773242512,-0.0038854361506683306,
GSE56882,0.001364309773242512,-0.0038854361506683306,
GSE102188,0.001364309773242512,-0.0038854361506683306,
GSE56900,0.001364309773242512,-0.0038854361506683306,
GSE56930,0.001364309773242512,-0.0038854361506683306,
GSE56961,0.001364309773242512,-0.0038854361506683306,
GSE57299,0.001364309773242512,-0.0038854361506683306,
GSE57027,0.001364309773242512,-0.0038854361506683306,
GSE57049,0.001364309773242512,-0.0038854361506683306,
GSE57078,0.001364309773242512,-0.0038854361506683306,
GSE57096,0.001364309773242512,-0.0038854361506683306,
GSE57116,0.001364309773242512,-0.0038854361506683306,
GSE57148,0.001364309773242512,-0.0038854361506683306,
GSE57152,0.001364309773242512,-0.0038854361506683306,
GSE57182,0.001364309773242512,-0.0038854361506683306,
GSE57227,0.001364309773242512,-0.0038854361506683306,
GSE57243,0.001364309773242512,-0.0038854361506683306,
GSE57253,0.001364309773242512,-0.0038854361506683306,
GSE102185,0.001364309773242512,-0.0038854361506683306,
GSE57009,0.001364309773242512,-0.0038854361506683306,
GSE63086,0.001364309773242512,-0.0038854361506683306,
GSE63091,0.001364309773242512,-0.0038854361506683306,
GSE63122,0.001364309773242512,-0.0038854361506683306,
GSE63124,0.001364309773242512,-0.0038854361506683306,
GSE63144,0.001364309773242512,-0.0038854361506683306,
GSE63161,0.001364309773242512,-0.0038854361506683306,
GSE63183,0.001364309773242512,-0.0038854361506683306,
GSE63189,0.001364309773242512,-0.0038854361506683306,
GSE63190,0.001364309773242512,-0.0038854361506683306,
GSE63234,0.001364309773242512,-0.0038854361506683306,
GSE63265,0.001364309773242512,-0.0038854361506683306,
GSE60196,0.001364309773242512,-0.0038854361506683306,
GSE63288,0.001364309773242512,-0.0038854361506683306,
GSE63311,0.001364309773242512,-0.0038854361506683306,
GSE63314,0.001364309773242512,-0.0038854361506683306,
GSE63344,0.001364309773242512,-0.0038854361506683306,
GSE63346,0.001364309773242512,-0.0038854361506683306,
GSE63356,0.001364309773242512,-0.0038854361506683306,
GSE63375,0.001364309773242512,-0.0038854361506683306,
GSE63381,0.001364309773242512,-0.0038854361506683306,
GSE63392,0.001364309773242512,-0.0038854361506683306,
GSE63397,0.001364309773242512,-0.0038854361506683306,
GSE63420,0.001364309773242512,-0.0038854361506683306,
GSE63452,0.001364309773242512,-0.0038854361506683306,
GSE63283,0.001364309773242512,-0.0038854361506683306,
GSE62642,0.001364309773242512,-0.0038854361506683306,
GSE62678,0.001364309773242512,-0.0038854361506683306,
GSE62679,0.001364309773242512,-0.0038854361506683306,
GSE102073,0.001364309773242512,-0.0038854361506683306,
GSE62772,0.001364309773242512,-0.0038854361506683306,
GSE62789,0.001364309773242512,-0.0038854361506683306,
GSE62820,0.001364309773242512,-0.0038854361506683306,
GSE62852,0.001364309773242512,-0.0038854361506683306,
GSE62854,0.001364309773242512,-0.0038854361506683306,
GSE62889,0.001364309773242512,-0.0038854361506683306,
GSE62905,0.001364309773242512,-0.0038854361506683306,
GSE63085,0.001364309773242512,-0.0038854361506683306,
GSE62913,0.001364309773242512,-0.0038854361506683306,
GSE62920,0.001364309773242512,-0.0038854361506683306,
GSE62930,0.001364309773242512,-0.0038854361506683306,
GSE62936,0.001364309773242512,-0.0038854361506683306,
GSE62966,0.001364309773242512,-0.0038854361506683306,
GSE62968,0.001364309773242512,-0.0038854361506683306,
GSE62982,0.001364309773242512,-0.0038854361506683306,
GSE63015,0.001364309773242512,-0.0038854361506683306,
GSE63018,0.001364309773242512,-0.0038854361506683306,
GSE63034,0.001364309773242512,-0.0038854361506683306,
GSE63055,0.001364309773242512,-0.0038854361506683306,
GSE63079,0.001364309773242512,-0.0038854361506683306,
GSE62909,0.001364309773242512,-0.0038854361506683306,
GSE63776,0.001364309773242512,-0.0038854361506683306,
GSE63797,0.001364309773242512,-0.0038854361506683306,
GSE63807,0.001364309773242512,-0.0038854361506683306,
GSE63816,0.001364309773242512,-0.0038854361506683306,
GSE63840,0.001364309773242512,-0.0038854361506683306,
GSE102033,0.001364309773242512,-0.0038854361506683306,
GSE63887,0.001364309773242512,-0.0038854361506683306,
GSE63950,0.001364309773242512,-0.0038854361506683306,
GSE63953,0.001364309773242512,-0.0038854361506683306,
GSE63966,0.001364309773242512,-0.0038854361506683306,
GSE63979,0.001364309773242512,-0.0038854361506683306,
GSE63475,0.001364309773242512,-0.0038854361506683306,
GSE64025,0.001364309773242512,-0.0038854361506683306,
GSE64032,0.001364309773242512,-0.0038854361506683306,
GSE64082,0.001364309773242512,-0.0038854361506683306,
GSE64098,0.001364309773242512,-0.0038854361506683306,
GSE64113,0.001364309773242512,-0.0038854361506683306,
GSE64179,0.001364309773242512,-0.0038854361506683306,
GSE64182,0.001364309773242512,-0.0038854361506683306,
GSE64185,0.001364309773242512,-0.0038854361506683306,
GSE64233,0.001364309773242512,-0.0038854361506683306,
GSE64283,0.001364309773242512,-0.0038854361506683306,
GSE64317,0.001364309773242512,-0.0038854361506683306,
GSE64332,0.001364309773242512,-0.0038854361506683306,
GSE64017,0.001364309773242512,-0.0038854361506683306,
GSE63485,0.001364309773242512,-0.0038854361506683306,
GSE63487,0.001364309773242512,-0.0038854361506683306,
GSE63496,0.001364309773242512,-0.0038854361506683306,
GSE63511,0.001364309773242512,-0.0038854361506683306,
GSE63513,0.001364309773242512,-0.0038854361506683306,
GSE63537,0.001364309773242512,-0.0038854361506683306,
GSE63546,0.001364309773242512,-0.0038854361506683306,
GSE63555,0.001364309773242512,-0.0038854361506683306,
GSE63569,0.001364309773242512,-0.0038854361506683306,
GSE63570,0.001364309773242512,-0.0038854361506683306,
GSE63577,0.001364309773242512,-0.0038854361506683306,
GSE63582,0.001364309773242512,-0.0038854361506683306,
GSE63764,0.001364309773242512,-0.0038854361506683306,
GSE63608,0.001364309773242512,-0.0038854361506683306,
GSE63609,0.001364309773242512,-0.0038854361506683306,
GSE63634,0.001364309773242512,-0.0038854361506683306,
GSE63646,0.001364309773242512,-0.0038854361506683306,
GSE63700,0.001364309773242512,-0.0038854361506683306,
GSE63703,0.001364309773242512,-0.0038854361506683306,
GSE102040,0.001364309773242512,-0.0038854361506683306,
GSE63733,0.001364309773242512,-0.0038854361506683306,
GSE63734,0.001364309773242512,-0.0038854361506683306,
GSE63738,0.001364309773242512,-0.0038854361506683306,
GSE63744,0.001364309773242512,-0.0038854361506683306,
GSE63755,0.001364309773242512,-0.0038854361506683306,
GSE63602,0.001364309773242512,-0.0038854361506683306,
GSE60890,0.001364309773242512,-0.0038854361506683306,
GSE60902,0.001364309773242512,-0.0038854361506683306,
GSE60939,0.001364309773242512,-0.0038854361506683306,
GSE60942,0.001364309773242512,-0.0038854361506683306,
GSE60949,0.001364309773242512,-0.0038854361506683306,
GSE60988,0.001364309773242512,-0.0038854361506683306,
GSE60989,0.001364309773242512,-0.0038854361506683306,
GSE60997,0.001364309773242512,-0.0038854361506683306,
GSE61045,0.001364309773242512,-0.0038854361506683306,
GSE61071,0.001364309773242512,-0.0038854361506683306,
GSE61130,0.001364309773242512,-0.0038854361506683306,
GSE62613,0.001364309773242512,-0.0038854361506683306,
GSE61162,0.001364309773242512,-0.0038854361506683306,
GSE61220,0.001364309773242512,-0.0038854361506683306,
GSE61255,0.001364309773242512,-0.0038854361506683306,
GSE61290,0.001364309773242512,-0.0038854361506683306,
GSE61332,0.001364309773242512,-0.0038854361506683306,
GSE61375,0.001364309773242512,-0.0038854361506683306,
GSE61390,0.001364309773242512,-0.0038854361506683306,
GSE61398,0.001364309773242512,-0.0038854361506683306,
GSE61405,0.001364309773242512,-0.0038854361506683306,
GSE61410,0.001364309773242512,-0.0038854361506683306,
GSE61474,0.001364309773242512,-0.0038854361506683306,
GSE61476,0.001364309773242512,-0.0038854361506683306,
GSE61141,0.001364309773242512,-0.0038854361506683306,
GSE60216,0.001364309773242512,-0.0038854361506683306,
GSE60217,0.001364309773242512,-0.0038854361506683306,
GSE60237,0.001364309773242512,-0.0038854361506683306,
GSE60271,0.001364309773242512,-0.0038854361506683306,
GSE60296,0.001364309773242512,-0.0038854361506683306,
GSE60340,0.001364309773242512,-0.0038854361506683306,
GSE60391,0.001364309773242512,-0.0038854361506683306,
GSE60407,0.001364309773242512,-0.0038854361506683306,
GSE60424,0.001364309773242512,-0.0038854361506683306,
GSE60462,0.001364309773242512,-0.0038854361506683306,
GSE102101,0.001364309773242512,-0.0038854361506683306,
GSE60481,0.001364309773242512,-0.0038854361506683306,
GSE60889,0.001364309773242512,-0.0038854361506683306,
GSE60530,0.001364309773242512,-0.0038854361506683306,
GSE60548,0.001364309773242512,-0.0038854361506683306,
GSE60559,0.001364309773242512,-0.0038854361506683306,
GSE60560,0.001364309773242512,-0.0038854361506683306,
GSE60570,0.001364309773242512,-0.0038854361506683306,
GSE60585,0.001364309773242512,-0.0038854361506683306,
GSE60590,0.001364309773242512,-0.0038854361506683306,
GSE60630,0.001364309773242512,-0.0038854361506683306,
GSE60664,0.001364309773242512,-0.0038854361506683306,
GSE60833,0.001364309773242512,-0.0038854361506683306,
GSE60873,0.001364309773242512,-0.0038854361506683306,
GSE60883,0.001364309773242512,-0.0038854361506683306,
GSE60514,0.001364309773242512,-0.0038854361506683306,
GSE102097,0.001364309773242512,-0.0038854361506683306,
GSE62093,0.001364309773242512,-0.0038854361506683306,
GSE62098,0.001364309773242512,-0.0038854361506683306,
GSE62118,0.001364309773242512,-0.0038854361506683306,
GSE62121,0.001364309773242512,-0.0038854361506683306,
GSE62171,0.001364309773242512,-0.0038854361506683306,
GSE62190,0.001364309773242512,-0.0038854361506683306,
GSE62193,0.001364309773242512,-0.0038854361506683306,
GSE62212,0.001364309773242512,-0.0038854361506683306,
GSE62228,0.001364309773242512,-0.0038854361506683306,
GSE62241,0.001364309773242512,-0.0038854361506683306,
GSE61490,0.001364309773242512,-0.0038854361506683306,
GSE62276,0.001364309773242512,-0.0038854361506683306,
GSE62288,0.001364309773242512,-0.0038854361506683306,
GSE62408,0.001364309773242512,-0.0038854361506683306,
GSE62448,0.001364309773242512,-0.0038854361506683306,
GSE62483,0.001364309773242512,-0.0038854361506683306,
GSE62518,0.001364309773242512,-0.0038854361506683306,
GSE62520,0.001364309773242512,-0.0038854361506683306,
GSE62526,0.001364309773242512,-0.0038854361506683306,
GSE62540,0.001364309773242512,-0.0038854361506683306,
GSE62544,0.001364309773242512,-0.0038854361506683306,
GSE62563,0.001364309773242512,-0.0038854361506683306,
GSE62591,0.001364309773242512,-0.0038854361506683306,
GSE62247,0.001364309773242512,-0.0038854361506683306,
GSE61491,0.001364309773242512,-0.0038854361506683306,
GSE61515,0.001364309773242512,-0.0038854361506683306,
GSE61544,0.001364309773242512,-0.0038854361506683306,
GSE61549,0.001364309773242512,-0.0038854361506683306,
GSE61566,0.001364309773242512,-0.0038854361506683306,
GSE61586,0.001364309773242512,-0.0038854361506683306,
GSE61600,0.001364309773242512,-0.0038854361506683306,
GSE61603,0.001364309773242512,-0.0038854361506683306,
GSE61626,0.001364309773242512,-0.0038854361506683306,
GSE61656,0.001364309773242512,-0.0038854361506683306,
GSE61674,0.001364309773242512,-0.0038854361506683306,
GSE61727,0.001364309773242512,-0.0038854361506683306,
GSE62074,0.001364309773242512,-0.0038854361506683306,
GSE61794,0.001364309773242512,-0.0038854361506683306,
GSE61797,0.001364309773242512,-0.0038854361506683306,
GSE61910,0.001364309773242512,-0.0038854361506683306,
GSE61917,0.001364309773242512,-0.0038854361506683306,
GSE61945,0.001364309773242512,-0.0038854361506683306,
GSE61946,0.001364309773242512,-0.0038854361506683306,
GSE61950,0.001364309773242512,-0.0038854361506683306,
GSE61955,0.001364309773242512,-0.0038854361506683306,
GSE61966,0.001364309773242512,-0.0038854361506683306,
GSE61999,0.001364309773242512,-0.0038854361506683306,
GSE62000,0.001364309773242512,-0.0038854361506683306,
GSE62056,0.001364309773242512,-0.0038854361506683306,
GSE61742,0.001364309773242512,-0.0038854361506683306,
